Time_s,Agent_ID,Radar_Type,Status,Target_ID,Target_Distance_km,SNR_dB,Doppler_Shift_m_s,Lock_Quality,Beam_Angle_deg,Side
0.0,A0100,AN/APG-68(V)9,SEARCH,B0100,89.07342742005027,0.0,0.0,0.0,0.0,Friendly
0.0,A0200,AN/APG-68(V)9,SEARCH,B0200,89.07352437845574,0.0,0.0,0.0,0.0,Friendly
0.0,B0100,N001VE,SEARCH,None,0.0,0.0,0.0,0.0,0.0,Enemy
0.0,B0200,N001VE,SEARCH,None,0.0,0.0,0.0,0.0,0.0,Enemy
0.2,A0100,AN/APG-68(V)9,SEARCH,B0100,88.92741216864722,0.0,0.0,0.0,0.0,Friendly
0.2,A0200,AN/APG-68(V)9,SEARCH,B0200,88.92783497313916,0.0,0.0,0.0,0.0,Friendly
0.2,B0100,N001VE,SEARCH,None,0.0,0.0,0.0,0.0,0.0,Enemy
0.2,B0200,N001VE,SEARCH,None,0.0,0.0,0.0,0.0,0.0,Enemy
0.4,A0100,AN/APG-68(V)9,SEARCH,B0100,88.78162371275216,0.0,0.0,0.0,0.0,Friendly
0.4,A0200,AN/APG-68(V)9,SEARCH,B0200,88.78265287306692,0.0,0.0,0.0,0.0,Friendly
0.4,B0100,N001VE,SEARCH,None,0.0,0.0,0.0,0.0,0.0,Enemy
0.4,B0200,N001VE,SEARCH,None,0.0,0.0,0.0,0.0,0.0,Enemy
0.6000000000000001,A0100,AN/APG-68(V)9,SEARCH,B0100,88.63603501594794,0.0,0.0,0.0,0.0,Friendly
0.6000000000000001,A0200,AN/APG-68(V)9,SEARCH,B0200,88.63793223688828,0.0,0.0,0.0,0.0,Friendly
0.6000000000000001,B0100,N001VE,SEARCH,None,0.0,0.0,0.0,0.0,0.0,Enemy
0.6000000000000001,B0200,N001VE,SEARCH,None,0.0,0.0,0.0,0.0,0.0,Enemy
0.8,A0100,AN/APG-68(V)9,SEARCH,B0100,88.49067300133188,0.0,0.0,0.0,0.0,Friendly
0.8,A0200,AN/APG-68(V)9,SEARCH,B0100,88.49277984276395,0.0,0.0,0.0,0.0,Friendly
0.8,B0100,N001VE,SEARCH,None,0.0,0.0,0.0,0.0,0.0,Enemy
0.8,B0200,N001VE,SEARCH,None,0.0,0.0,0.0,0.0,0.0,Enemy
1.0,A0100,AN/APG-68(V)9,SEARCH,B0100,88.34550629211492,0.0,0.0,0.0,0.0,Friendly
1.0,A0200,AN/APG-68(V)9,SEARCH,B0100,88.3481422280684,0.0,0.0,0.0,0.0,Friendly
1.0,B0100,N001VE,SEARCH,None,0.0,0.0,0.0,0.0,0.0,Enemy
1.0,B0200,N001VE,SEARCH,None,0.0,0.0,0.0,0.0,0.0,Enemy
1.2000000000000002,A0100,AN/APG-68(V)9,SEARCH,B0100,88.20055949552247,0.0,0.0,0.0,0.0,Friendly
1.2000000000000002,A0200,AN/APG-68(V)9,SEARCH,B0100,88.20411119191317,0.0,0.0,0.0,0.0,Friendly
1.2000000000000002,B0100,N001VE,SEARCH,None,0.0,0.0,0.0,0.0,0.0,Enemy
1.2000000000000002,B0200,N001VE,SEARCH,None,0.0,0.0,0.0,0.0,0.0,Enemy
1.4000000000000001,A0100,AN/APG-68(V)9,SEARCH,B0100,88.05579878818716,0.0,0.0,0.0,0.0,Friendly
1.4000000000000001,A0200,AN/APG-68(V)9,SEARCH,B0100,88.06062156684435,0.0,0.0,0.0,0.0,Friendly
1.4000000000000001,B0100,N001VE,SEARCH,None,0.0,0.0,0.0,0.0,0.0,Enemy
1.4000000000000001,B0200,N001VE,SEARCH,None,0.0,0.0,0.0,0.0,0.0,Enemy
1.6,A0100,AN/APG-68(V)9,SEARCH,B0100,87.91124627385229,0.0,0.0,0.0,0.0,Friendly
1.6,A0200,AN/APG-68(V)9,SEARCH,B0100,87.91749715618694,0.0,0.0,0.0,0.0,Friendly
1.6,B0100,N001VE,SEARCH,None,0.0,0.0,0.0,0.0,0.0,Enemy
1.6,B0200,N001VE,SEARCH,None,0.0,0.0,0.0,0.0,0.0,Enemy
1.8,A0100,AN/APG-68(V)9,SEARCH,B0100,87.76686533413235,0.0,0.0,0.0,0.0,Friendly
1.8,A0200,AN/APG-68(V)9,SEARCH,B0100,87.77452533955862,0.0,0.0,0.0,0.0,Friendly
1.8,B0100,N001VE,SEARCH,None,0.0,0.0,0.0,0.0,0.0,Enemy
1.8,B0200,N001VE,SEARCH,None,0.0,0.0,0.0,0.0,0.0,Enemy
2.0,A0100,AN/APG-68(V)9,SEARCH,B0100,87.62267488338094,0.0,0.0,0.0,0.0,Friendly
2.0,A0200,AN/APG-68(V)9,SEARCH,B0100,87.63172191458557,0.0,0.0,0.0,0.0,Friendly
2.0,B0100,N001VE,SEARCH,None,0.0,0.0,0.0,0.0,0.0,Enemy
2.0,B0200,N001VE,SEARCH,None,0.0,0.0,0.0,0.0,0.0,Enemy
2.2,A0100,AN/APG-68(V)9,SEARCH,B0100,87.47863476441776,0.0,0.0,0.0,0.0,Friendly
2.2,A0200,AN/APG-68(V)9,SEARCH,B0100,87.48909987616088,0.0,0.0,0.0,0.0,Friendly
2.2,B0100,N001VE,SEARCH,None,0.0,0.0,0.0,0.0,0.0,Enemy
2.2,B0200,N001VE,SEARCH,None,0.0,0.0,0.0,0.0,0.0,Enemy
2.4000000000000004,A0100,AN/APG-68(V)9,SEARCH,B0100,87.33475999162306,0.0,0.0,0.0,0.0,Friendly
2.4000000000000004,A0200,AN/APG-68(V)9,SEARCH,B0100,87.34665494511428,0.0,0.0,0.0,0.0,Friendly
2.4000000000000004,B0100,N001VE,SEARCH,None,0.0,0.0,0.0,0.0,0.0,Enemy
2.4000000000000004,B0200,N001VE,SEARCH,None,0.0,0.0,0.0,0.0,0.0,Enemy
2.6,A0100,AN/APG-68(V)9,SEARCH,B0100,87.19100641556453,0.0,0.0,0.0,0.0,Friendly
2.6,A0200,AN/APG-68(V)9,SEARCH,B0100,87.20435586853625,0.0,0.0,0.0,0.0,Friendly
2.6,B0100,N001VE,SEARCH,None,0.0,0.0,0.0,0.0,0.0,Enemy
2.6,B0200,N001VE,SEARCH,None,0.0,0.0,0.0,0.0,0.0,Enemy
2.8000000000000003,A0100,AN/APG-68(V)9,SEARCH,B0100,87.04738501688773,0.0,0.0,0.0,0.0,Friendly
2.8000000000000003,A0200,AN/APG-68(V)9,SEARCH,B0100,87.06215621034686,0.0,0.0,0.0,0.0,Friendly
2.8000000000000003,B0100,N001VE,SEARCH,None,0.0,0.0,0.0,0.0,0.0,Enemy
2.8000000000000003,B0200,N001VE,SEARCH,None,0.0,0.0,0.0,0.0,0.0,Enemy
3.0,A0100,AN/APG-68(V)9,SEARCH,B0100,86.90381186372439,0.0,0.0,0.0,0.0,Friendly
3.0,A0200,AN/APG-68(V)9,SEARCH,B0100,86.91999472233202,0.0,0.0,0.0,0.0,Friendly
3.0,B0100,N001VE,SEARCH,None,0.0,0.0,0.0,0.0,0.0,Enemy
3.0,B0200,N001VE,SEARCH,None,0.0,0.0,0.0,0.0,0.0,Enemy
3.2,A0100,AN/APG-68(V)9,SEARCH,B0100,86.76028479852337,0.0,0.0,0.0,0.0,Friendly
3.2,A0200,AN/APG-68(V)9,SEARCH,B0100,86.77787631198954,0.0,0.0,0.0,0.0,Friendly
3.2,B0100,N001VE,SEARCH,None,0.0,0.0,0.0,0.0,0.0,Enemy
3.2,B0200,N001VE,SEARCH,None,0.0,0.0,0.0,0.0,0.0,Enemy
3.4000000000000004,A0100,AN/APG-68(V)9,SEARCH,B0100,86.61681516638608,0.0,0.0,0.0,0.0,Friendly
3.4000000000000004,A0200,AN/APG-68(V)9,SEARCH,B0100,86.63580195093817,0.0,0.0,0.0,0.0,Friendly
3.4000000000000004,B0100,N001VE,SEARCH,None,0.0,0.0,0.0,0.0,0.0,Enemy
3.4000000000000004,B0200,N001VE,SEARCH,None,0.0,0.0,0.0,0.0,0.0,Enemy
3.6,A0100,AN/APG-68(V)9,SEARCH,B0100,86.47337252485111,0.0,0.0,0.0,0.0,Friendly
3.6,A0200,AN/APG-68(V)9,SEARCH,B0100,86.49373347686836,0.0,0.0,0.0,0.0,Friendly
3.6,B0100,N001VE,SEARCH,None,0.0,0.0,0.0,0.0,0.0,Enemy
3.6,B0200,N001VE,SEARCH,None,0.0,0.0,0.0,0.0,0.0,Enemy
3.8000000000000003,A0100,AN/APG-68(V)9,SEARCH,B0100,86.32998639209562,0.0,0.0,0.0,0.0,Friendly
3.8000000000000003,A0200,AN/APG-68(V)9,SEARCH,B0100,86.35170246075006,0.0,0.0,0.0,0.0,Friendly
3.8000000000000003,B0100,N001VE,SEARCH,None,0.0,0.0,0.0,0.0,0.0,Enemy
3.8000000000000003,B0200,N001VE,SEARCH,None,0.0,0.0,0.0,0.0,0.0,Enemy
4.0,A0100,AN/APG-68(V)9,SEARCH,B0100,86.18663048110155,0.0,0.0,0.0,0.0,Friendly
4.0,A0200,AN/APG-68(V)9,SEARCH,B0100,86.20968747482786,0.0,0.0,0.0,0.0,Friendly
4.0,B0100,N001VE,SEARCH,None,0.0,0.0,0.0,0.0,0.0,Enemy
4.0,B0200,N001VE,SEARCH,None,0.0,0.0,0.0,0.0,0.0,Enemy
4.2,A0100,AN/APG-68(V)9,SEARCH,B0100,86.04333370723192,0.0,0.0,0.0,0.0,Friendly
4.2,A0200,AN/APG-68(V)9,SEARCH,B0100,86.06771363871174,0.0,0.0,0.0,0.0,Friendly
4.2,B0100,N001VE,SEARCH,None,0.0,0.0,0.0,0.0,0.0,Enemy
4.2,B0200,N001VE,SEARCH,None,0.0,0.0,0.0,0.0,0.0,Enemy
4.4,A0100,AN/APG-68(V)9,SEARCH,B0100,85.90006764111573,0.0,0.0,0.0,0.0,Friendly
4.4,A0200,AN/APG-68(V)9,SEARCH,B0100,85.92573564191362,0.0,0.0,0.0,0.0,Friendly
4.4,B0100,N001VE,SEARCH,None,0.0,0.0,0.0,0.0,0.0,Enemy
4.4,B0200,N001VE,SEARCH,None,0.0,0.0,0.0,0.0,0.0,Enemy
4.6000000000000005,A0100,AN/APG-68(V)9,SEARCH,B0100,85.75686043894537,0.0,0.0,0.0,0.0,Friendly
4.6000000000000005,A0200,AN/APG-68(V)9,SEARCH,B0100,85.7837740679187,0.0,0.0,0.0,0.0,Friendly
4.6000000000000005,B0100,N001VE,SEARCH,None,0.0,0.0,0.0,0.0,0.0,Enemy
4.6000000000000005,B0200,N001VE,SEARCH,None,0.0,0.0,0.0,0.0,0.0,Enemy
4.800000000000001,A0100,AN/APG-68(V)9,SEARCH,B0100,85.61368312959765,0.0,0.0,0.0,0.0,Friendly
4.800000000000001,A0200,AN/APG-68(V)9,SEARCH,B0100,85.64182600043499,0.0,0.0,0.0,0.0,Friendly
4.800000000000001,B0100,N001VE,SEARCH,None,0.0,0.0,0.0,0.0,0.0,Enemy
4.800000000000001,B0200,N001VE,SEARCH,None,0.0,0.0,0.0,0.0,0.0,Enemy
5.0,A0100,AN/APG-68(V)9,SEARCH,B0100,85.4705635500633,0.0,0.0,0.0,0.0,Friendly
5.0,A0200,AN/APG-68(V)9,SEARCH,B0100,85.49992674882202,0.0,0.0,0.0,0.0,Friendly
5.0,B0100,N001VE,SEARCH,None,0.0,0.0,0.0,0.0,0.0,Enemy
5.0,B0200,N001VE,SEARCH,None,0.0,0.0,0.0,0.0,0.0,Enemy
5.2,A0100,AN/APG-68(V)9,SEARCH,B0100,85.32747265358441,0.0,0.0,0.0,0.0,Friendly
5.2,A0200,AN/APG-68(V)9,SEARCH,B0100,85.35805024527062,0.0,0.0,0.0,0.0,Friendly
5.2,B0100,N001VE,SEARCH,None,0.0,0.0,0.0,0.0,0.0,Enemy
5.2,B0200,N001VE,SEARCH,None,0.0,0.0,0.0,0.0,0.0,Enemy
5.4,A0100,AN/APG-68(V)9,SEARCH,B0100,85.18443807700963,0.0,0.0,0.0,0.0,Friendly
5.4,A0200,AN/APG-68(V)9,SEARCH,B0100,85.21622857264447,0.0,0.0,0.0,0.0,Friendly
5.4,B0100,N001VE,SEARCH,None,0.0,0.0,0.0,0.0,0.0,Enemy
5.4,B0200,N001VE,SEARCH,None,0.0,0.0,0.0,0.0,0.0,Enemy
5.6000000000000005,A0100,AN/APG-68(V)9,SEARCH,B0100,85.04139539970588,0.0,0.0,0.0,0.0,Friendly
5.6000000000000005,A0200,AN/APG-68(V)9,SEARCH,B0100,85.0744121788153,0.0,0.0,0.0,0.0,Friendly
5.6000000000000005,B0100,N001VE,SEARCH,None,0.0,0.0,0.0,0.0,0.0,Enemy
5.6000000000000005,B0200,N001VE,SEARCH,None,0.0,0.0,0.0,0.0,0.0,Enemy
5.800000000000001,A0100,AN/APG-68(V)9,SEARCH,B0100,84.89836121135656,0.0,0.0,0.0,0.0,Friendly
5.800000000000001,A0200,AN/APG-68(V)9,SEARCH,B0100,84.93262873163096,0.0,0.0,0.0,0.0,Friendly
5.800000000000001,B0100,N001VE,SEARCH,None,0.0,0.0,0.0,0.0,0.0,Enemy
5.800000000000001,B0200,N001VE,SEARCH,None,0.0,0.0,0.0,0.0,0.0,Enemy
6.0,A0100,AN/APG-68(V)9,SEARCH,B0100,84.7553672631124,0.0,0.0,0.0,0.0,Friendly
6.0,A0200,AN/APG-68(V)9,SEARCH,B0100,84.7908765993305,0.0,0.0,0.0,0.0,Friendly
6.0,B0100,N001VE,SEARCH,None,0.0,0.0,0.0,0.0,0.0,Enemy
6.0,B0200,N001VE,SEARCH,None,0.0,0.0,0.0,0.0,0.0,Enemy
6.2,A0100,AN/APG-68(V)9,SEARCH,B0100,84.61239412816496,0.0,0.0,0.0,0.0,Friendly
6.2,A0200,AN/APG-68(V)9,SEARCH,B0100,84.64916156730024,0.0,0.0,0.0,0.0,Friendly
6.2,B0100,N001VE,SEARCH,None,0.0,0.0,0.0,0.0,0.0,Enemy
6.2,B0200,N001VE,SEARCH,None,0.0,0.0,0.0,0.0,0.0,Enemy
6.4,A0100,AN/APG-68(V)9,SEARCH,B0100,84.46947180811351,0.0,0.0,0.0,0.0,Friendly
6.4,A0200,AN/APG-68(V)9,SEARCH,B0100,84.50748307297079,0.0,0.0,0.0,0.0,Friendly
6.4,B0100,N001VE,SEARCH,None,0.0,0.0,0.0,0.0,0.0,Enemy
6.4,B0200,N001VE,SEARCH,None,0.0,0.0,0.0,0.0,0.0,Enemy
6.6000000000000005,A0100,AN/APG-68(V)9,SEARCH,B0100,84.32657457277261,0.0,0.0,0.0,0.0,Friendly
6.6000000000000005,A0200,AN/APG-68(V)9,SEARCH,B0100,84.36584334119424,0.0,0.0,0.0,0.0,Friendly
6.6000000000000005,B0100,N001VE,SEARCH,None,0.0,0.0,0.0,0.0,0.0,Enemy
6.6000000000000005,B0200,N001VE,SEARCH,None,0.0,0.0,0.0,0.0,0.0,Enemy
6.800000000000001,A0100,AN/APG-68(V)9,SEARCH,B0100,84.1837311265007,0.0,0.0,0.0,0.0,Friendly
6.800000000000001,A0200,AN/APG-68(V)9,SEARCH,B0100,84.22424154576325,0.0,0.0,0.0,0.0,Friendly
6.800000000000001,B0100,N001VE,SEARCH,None,0.0,0.0,0.0,0.0,0.0,Enemy
6.800000000000001,B0200,N001VE,SEARCH,None,0.0,0.0,0.0,0.0,0.0,Enemy
7.0,A0100,AN/APG-68(V)9,SEARCH,B0100,84.04091350783175,0.0,0.0,0.0,0.0,Friendly
7.0,A0200,AN/APG-68(V)9,SEARCH,B0100,84.08267820419425,0.0,0.0,0.0,0.0,Friendly
7.0,B0100,N001VE,SEARCH,None,0.0,0.0,0.0,0.0,0.0,Enemy
7.0,B0200,N001VE,SEARCH,None,0.0,0.0,0.0,0.0,0.0,Enemy
7.2,A0100,AN/APG-68(V)9,SEARCH,B0100,83.89814961420228,0.0,0.0,0.0,0.0,Friendly
7.2,A0200,AN/APG-68(V)9,SEARCH,B0100,83.94115178185054,0.0,0.0,0.0,0.0,Friendly
7.2,B0100,N001VE,SEARCH,None,0.0,0.0,0.0,0.0,0.0,Enemy
7.2,B0200,N001VE,SEARCH,None,0.0,0.0,0.0,0.0,0.0,Enemy
7.4,A0100,AN/APG-68(V)9,SEARCH,B0100,83.7554109231753,0.0,0.0,0.0,0.0,Friendly
7.4,A0200,AN/APG-68(V)9,SEARCH,B0100,83.79966217927554,0.0,0.0,0.0,0.0,Friendly
7.4,B0100,N001VE,SEARCH,None,0.0,0.0,0.0,0.0,0.0,Enemy
7.4,B0200,N001VE,SEARCH,None,0.0,0.0,0.0,0.0,0.0,Enemy
7.6000000000000005,A0100,AN/APG-68(V)9,SEARCH,B0100,83.61272502911694,0.0,0.0,0.0,0.0,Friendly
7.6000000000000005,A0200,AN/APG-68(V)9,SEARCH,B0100,83.6582077769069,0.0,0.0,0.0,0.0,Friendly
7.6000000000000005,B0100,N001VE,SEARCH,None,0.0,0.0,0.0,0.0,0.0,Enemy
7.6000000000000005,B0200,N001VE,SEARCH,None,0.0,0.0,0.0,0.0,0.0,Enemy
7.800000000000001,A0100,AN/APG-68(V)9,SEARCH,B0100,83.47002824031334,0.0,0.0,0.0,0.0,Friendly
7.800000000000001,A0200,AN/APG-68(V)9,SEARCH,B0100,83.51677076786447,0.0,0.0,0.0,0.0,Friendly
7.800000000000001,B0100,N001VE,SEARCH,None,0.0,0.0,0.0,0.0,0.0,Enemy
7.800000000000001,B0200,N001VE,SEARCH,None,0.0,0.0,0.0,0.0,0.0,Enemy
8.0,A0100,AN/APG-68(V)9,SEARCH,B0100,83.3273360141573,0.0,0.0,0.0,0.0,Friendly
8.0,A0200,AN/APG-68(V)9,SEARCH,B0100,83.37534403273769,0.0,0.0,0.0,0.0,Friendly
8.0,B0100,N001VE,SEARCH,None,0.0,0.0,0.0,0.0,0.0,Enemy
8.0,B0200,N001VE,SEARCH,None,0.0,0.0,0.0,0.0,0.0,Enemy
8.200000000000001,A0100,AN/APG-68(V)9,SEARCH,B0100,83.18467775718347,0.0,0.0,0.0,0.0,Friendly
8.200000000000001,A0200,AN/APG-68(V)9,SEARCH,B0100,83.233955478842,0.0,0.0,0.0,0.0,Friendly
8.200000000000001,B0100,N001VE,SEARCH,None,0.0,0.0,0.0,0.0,0.0,Enemy
8.200000000000001,B0200,N001VE,SEARCH,None,0.0,0.0,0.0,0.0,0.0,Enemy
8.4,A0100,AN/APG-68(V)9,SEARCH,B0100,83.0420292121597,0.0,0.0,0.0,0.0,Friendly
8.4,A0200,AN/APG-68(V)9,SEARCH,B0100,83.0925783124344,0.0,0.0,0.0,0.0,Friendly
8.4,B0100,N001VE,SEARCH,None,0.0,0.0,0.0,0.0,0.0,Enemy
8.4,B0200,N001VE,SEARCH,None,0.0,0.0,0.0,0.0,0.0,Enemy
8.6,A0100,AN/APG-68(V)9,SEARCH,B0100,82.8994268013571,0.0,0.0,0.0,0.0,Friendly
8.6,A0200,AN/APG-68(V)9,SEARCH,B0100,82.95124370586834,0.0,0.0,0.0,0.0,Friendly
8.6,B0100,N001VE,SEARCH,None,0.0,0.0,0.0,0.0,0.0,Enemy
8.6,B0200,N001VE,SEARCH,None,0.0,0.0,0.0,0.0,0.0,Enemy
8.8,A0100,AN/APG-68(V)9,SEARCH,B0100,82.75684642532573,0.0,0.0,0.0,0.0,Friendly
8.8,A0200,AN/APG-68(V)9,SEARCH,B0100,82.80990497640927,0.0,0.0,0.0,0.0,Friendly
8.8,B0100,N001VE,SEARCH,None,0.0,0.0,0.0,0.0,0.0,Enemy
8.8,B0200,N001VE,SEARCH,None,0.0,0.0,0.0,0.0,0.0,Enemy
9.0,A0100,AN/APG-68(V)9,SEARCH,B0100,82.61431984678597,0.0,0.0,0.0,0.0,Friendly
9.0,A0200,AN/APG-68(V)9,SEARCH,B0100,82.66860036283119,0.0,0.0,0.0,0.0,Friendly
9.0,B0100,N001VE,SEARCH,None,0.0,0.0,0.0,0.0,0.0,Enemy
9.0,B0200,N001VE,SEARCH,None,0.0,0.0,0.0,0.0,0.0,Enemy
9.200000000000001,A0100,AN/APG-68(V)9,SEARCH,B0100,82.47181957881644,0.0,0.0,0.0,0.0,Friendly
9.200000000000001,A0200,AN/APG-68(V)9,SEARCH,B0100,82.52732702364332,0.0,0.0,0.0,0.0,Friendly
9.200000000000001,B0100,N001VE,SEARCH,None,0.0,0.0,0.0,0.0,0.0,Enemy
9.200000000000001,B0200,N001VE,SEARCH,None,0.0,0.0,0.0,0.0,0.0,Enemy
9.4,A0100,AN/APG-68(V)9,SEARCH,B0100,82.32937508102083,0.0,0.0,0.0,0.0,Friendly
9.4,A0200,AN/APG-68(V)9,SEARCH,B0100,82.38608157178913,0.0,0.0,0.0,0.0,Friendly
9.4,B0100,N001VE,SEARCH,None,0.0,0.0,0.0,0.0,0.0,Enemy
9.4,B0200,N001VE,SEARCH,None,0.0,0.0,0.0,0.0,0.0,Enemy
9.600000000000001,A0100,AN/APG-68(V)9,SEARCH,B0100,82.18695707049909,0.0,0.0,0.0,0.0,Friendly
9.600000000000001,A0200,AN/APG-68(V)9,SEARCH,B0100,82.2448679253149,0.0,0.0,0.0,0.0,Friendly
9.600000000000001,B0100,N001VE,SEARCH,None,0.0,0.0,0.0,0.0,0.0,Enemy
9.600000000000001,B0200,N001VE,SEARCH,None,0.0,0.0,0.0,0.0,0.0,Enemy
9.8,A0100,AN/APG-68(V)9,SEARCH,B0100,82.0445944054989,0.0,0.0,0.0,0.0,Friendly
9.8,A0200,AN/APG-68(V)9,SEARCH,B0100,82.10368757770979,0.0,0.0,0.0,0.0,Friendly
9.8,B0100,N001VE,SEARCH,None,0.0,0.0,0.0,0.0,0.0,Enemy
9.8,B0200,N001VE,SEARCH,None,0.0,0.0,0.0,0.0,0.0,Enemy
10.0,A0100,AN/APG-68(V)9,SEARCH,B0100,81.90225734834546,0.0,0.0,0.0,0.0,Friendly
10.0,A0200,AN/APG-68(V)9,SEARCH,B0100,81.96254067123598,0.0,0.0,0.0,0.0,Friendly
10.0,B0100,N001VE,SEARCH,None,0.0,0.0,0.0,0.0,0.0,Enemy
10.0,B0200,N001VE,SEARCH,None,0.0,0.0,0.0,0.0,0.0,Enemy
10.200000000000001,A0100,AN/APG-68(V)9,SEARCH,B0100,81.75997455222472,0.0,0.0,0.0,0.0,Friendly
10.200000000000001,A0200,AN/APG-68(V)9,SEARCH,B0100,81.82142684579513,0.0,0.0,0.0,0.0,Friendly
10.200000000000001,B0100,N001VE,SEARCH,None,0.0,0.0,0.0,0.0,0.0,Enemy
10.200000000000001,B0200,N001VE,SEARCH,None,0.0,0.0,0.0,0.0,0.0,Enemy
10.4,A0100,AN/APG-68(V)9,SEARCH,B0100,81.61768056659949,0.0,0.0,0.0,0.0,Friendly
10.4,A0200,AN/APG-68(V)9,SEARCH,B0100,81.6803276887912,0.0,0.0,0.0,0.0,Friendly
10.4,B0100,N001VE,SEARCH,None,0.0,0.0,0.0,0.0,0.0,Enemy
10.4,B0200,N001VE,SEARCH,None,0.0,0.0,0.0,0.0,0.0,Enemy
10.600000000000001,A0100,AN/APG-68(V)9,SEARCH,B0100,81.47538788738665,0.0,0.0,0.0,0.0,Friendly
10.600000000000001,A0200,AN/APG-68(V)9,SEARCH,B0100,81.53923484580496,0.0,0.0,0.0,0.0,Friendly
10.600000000000001,B0100,N001VE,SEARCH,None,0.0,0.0,0.0,0.0,0.0,Enemy
10.600000000000001,B0200,N001VE,SEARCH,None,0.0,0.0,0.0,0.0,0.0,Enemy
10.8,A0100,AN/APG-68(V)9,SEARCH,B0100,81.33313432366458,0.0,0.0,0.0,0.0,Friendly
10.8,A0200,AN/APG-68(V)9,SEARCH,B0100,81.39818051362687,0.0,0.0,0.0,0.0,Friendly
10.8,B0100,N001VE,SEARCH,None,0.0,0.0,0.0,0.0,0.0,Enemy
10.8,B0200,N001VE,SEARCH,None,0.0,0.0,0.0,0.0,0.0,Enemy
11.0,A0100,AN/APG-68(V)9,SEARCH,B0100,81.19089941503253,0.0,0.0,0.0,0.0,Friendly
11.0,A0200,AN/APG-68(V)9,SEARCH,B0100,81.25714004677242,0.0,0.0,0.0,0.0,Friendly
11.0,B0100,N001VE,SEARCH,None,0.0,0.0,0.0,0.0,0.0,Enemy
11.0,B0200,N001VE,SEARCH,None,0.0,0.0,0.0,0.0,0.0,Enemy
11.200000000000001,A0100,AN/APG-68(V)9,SEARCH,B0100,81.04872958190406,0.0,0.0,0.0,0.0,Friendly
11.200000000000001,A0200,AN/APG-68(V)9,SEARCH,B0100,81.11614939561707,0.0,0.0,0.0,0.0,Friendly
11.200000000000001,B0100,N001VE,SEARCH,None,0.0,0.0,0.0,0.0,0.0,Enemy
11.200000000000001,B0200,N001VE,SEARCH,None,0.0,0.0,0.0,0.0,0.0,Enemy
11.4,A0100,AN/APG-68(V)9,TRACK,B0100,80.90661386284239,0.0,0.0,0.0,0.0,Friendly
11.4,A0200,AN/APG-68(V)9,TRACK,B0100,80.97517144200904,0.0,0.0,0.0,0.0,Friendly
11.4,B0100,N001VE,SEARCH,None,0.0,0.0,0.0,0.0,0.0,Enemy
11.4,B0200,N001VE,SEARCH,None,0.0,0.0,0.0,0.0,0.0,Enemy
11.600000000000001,A0100,AN/APG-68(V)9,TRACK,B0100,80.7645947287651,0.0,0.0,0.0,0.0,Friendly
11.600000000000001,A0200,AN/APG-68(V)9,TRACK,B0100,80.83425399750666,0.0,0.0,0.0,0.0,Friendly
11.600000000000001,B0100,N001VE,SEARCH,None,0.0,0.0,0.0,0.0,0.0,Enemy
11.600000000000001,B0200,N001VE,SEARCH,None,0.0,0.0,0.0,0.0,0.0,Enemy
11.8,A0100,AN/APG-68(V)9,TRACK,B0100,80.62260396428063,0.0,0.0,0.0,0.0,Friendly
11.8,A0200,AN/APG-68(V)9,TRACK,B0100,80.69349146568283,0.0,0.0,0.0,0.0,Friendly
11.8,B0100,N001VE,SEARCH,None,0.0,0.0,0.0,0.0,0.0,Enemy
11.8,B0200,N001VE,SEARCH,None,0.0,0.0,0.0,0.0,0.0,Enemy
12.0,A0100,AN/APG-68(V)9,TRACK,B0100,80.48067163301879,0.0,0.0,0.0,0.0,Friendly
12.0,A0200,AN/APG-68(V)9,TRACK,B0100,80.55295397379393,0.0,0.0,0.0,0.0,Friendly
12.0,B0100,N001VE,SEARCH,None,0.0,0.0,0.0,0.0,0.0,Enemy
12.0,B0200,N001VE,SEARCH,None,0.0,0.0,0.0,0.0,0.0,Enemy
12.200000000000001,A0100,AN/APG-68(V)9,TRACK,B0100,80.33876825054946,0.0,0.0,0.0,0.0,Friendly
12.200000000000001,A0200,AN/APG-68(V)9,TRACK,B0100,80.41262078681281,0.0,0.0,0.0,0.0,Friendly
12.200000000000001,B0100,N001VE,SEARCH,None,0.0,0.0,0.0,0.0,0.0,Enemy
12.200000000000001,B0200,N001VE,SEARCH,None,0.0,0.0,0.0,0.0,0.0,Enemy
12.4,A0100,AN/APG-68(V)9,TRACK,B0100,80.19692601517964,0.0,0.0,0.0,0.0,Friendly
12.4,A0200,AN/APG-68(V)9,TRACK,B0100,80.2725962348813,0.0,0.0,0.0,0.0,Friendly
12.4,B0100,N001VE,SEARCH,None,0.0,0.0,0.0,0.0,0.0,Enemy
12.4,B0200,N001VE,SEARCH,None,0.0,0.0,0.0,0.0,0.0,Enemy
12.600000000000001,A0100,AN/APG-68(V)9,TRACK,B0100,80.05507567176852,0.0,0.0,0.0,0.0,Friendly
12.600000000000001,A0200,AN/APG-68(V)9,TRACK,B0100,80.13298113090485,0.0,0.0,0.0,0.0,Friendly
12.600000000000001,B0100,N001VE,SEARCH,None,0.0,0.0,0.0,0.0,0.0,Enemy
12.600000000000001,B0200,N001VE,SEARCH,None,0.0,0.0,0.0,0.0,0.0,Enemy
12.8,A0100,AN/APG-68(V)9,TRACK,B0100,79.91319810210075,0.0,0.0,0.0,0.0,Friendly
12.8,A0200,AN/APG-68(V)9,TRACK,B0100,79.99393386224335,0.0,0.0,0.0,0.0,Friendly
12.8,B0100,N001VE,SEARCH,None,0.0,0.0,0.0,0.0,0.0,Enemy
12.8,B0200,N001VE,SEARCH,None,0.0,0.0,0.0,0.0,0.0,Enemy
13.0,A0100,AN/APG-68(V)9,TRACK,B0100,79.77131930230537,0.0,0.0,0.0,0.0,Friendly
13.0,A0200,AN/APG-68(V)9,TRACK,B0100,79.85544139610671,0.0,0.0,0.0,0.0,Friendly
13.0,B0100,N001VE,SEARCH,None,0.0,0.0,0.0,0.0,0.0,Enemy
13.0,B0200,N001VE,SEARCH,None,0.0,0.0,0.0,0.0,0.0,Enemy
13.200000000000001,A0100,AN/APG-68(V)9,TRACK,B0100,79.62948744040779,0.0,0.0,0.0,0.0,Friendly
13.200000000000001,A0200,AN/APG-68(V)9,TRACK,B0100,79.71743425959498,0.0,0.0,0.0,0.0,Friendly
13.200000000000001,B0100,N001VE,SEARCH,None,0.0,0.0,0.0,0.0,0.0,Enemy
13.200000000000001,B0200,N001VE,SEARCH,None,0.0,0.0,0.0,0.0,0.0,Enemy
13.4,A0100,AN/APG-68(V)9,TRACK,B0100,79.48767015046752,0.0,0.0,0.0,0.0,Friendly
13.4,A0200,AN/APG-68(V)9,TRACK,B0100,79.57993529505595,0.0,0.0,0.0,0.0,Friendly
13.4,B0100,N001VE,SEARCH,None,0.0,0.0,0.0,0.0,0.0,Enemy
13.4,B0200,N001VE,SEARCH,None,0.0,0.0,0.0,0.0,0.0,Enemy
13.600000000000001,A0100,AN/APG-68(V)9,TRACK,B0100,79.34591493715648,0.0,0.0,0.0,0.0,Friendly
13.600000000000001,A0200,AN/APG-68(V)9,TRACK,B0100,79.44285376702848,0.0,0.0,0.0,0.0,Friendly
13.600000000000001,B0100,N001VE,SEARCH,None,0.0,0.0,0.0,0.0,0.0,Enemy
13.600000000000001,B0200,N001VE,SEARCH,None,0.0,0.0,0.0,0.0,0.0,Enemy
13.8,A0100,AN/APG-68(V)9,TRACK,B0100,79.20418755867439,0.0,0.0,0.0,0.0,Friendly
13.8,A0200,AN/APG-68(V)9,TRACK,B0100,79.30607691368108,0.0,0.0,0.0,0.0,Friendly
13.8,B0100,N001VE,SEARCH,None,0.0,0.0,0.0,0.0,0.0,Enemy
13.8,B0200,N001VE,SEARCH,None,0.0,0.0,0.0,0.0,0.0,Enemy
14.0,A0100,AN/APG-68(V)9,TRACK,B0100,79.06254380229578,0.0,0.0,0.0,0.0,Friendly
14.0,A0200,AN/APG-68(V)9,TRACK,B0100,79.1698307746199,0.0,0.0,0.0,0.0,Friendly
14.0,B0100,N001VE,SEARCH,None,0.0,0.0,0.0,0.0,0.0,Enemy
14.0,B0200,N001VE,SEARCH,None,0.0,0.0,0.0,0.0,0.0,Enemy
14.200000000000001,A0100,AN/APG-68(V)9,TRACK,B0100,78.92100617989439,0.0,0.0,0.0,0.0,Friendly
14.200000000000001,A0200,AN/APG-68(V)9,TRACK,B0100,79.03447978841581,0.0,0.0,0.0,0.0,Friendly
14.200000000000001,B0100,N001VE,SEARCH,None,0.0,0.0,0.0,0.0,0.0,Enemy
14.200000000000001,B0200,N001VE,SEARCH,None,0.0,0.0,0.0,0.0,0.0,Enemy
14.4,A0100,AN/APG-68(V)9,TRACK,B0100,78.77960161824775,0.0,0.0,0.0,0.0,Friendly
14.4,A0200,AN/APG-68(V)9,TRACK,B0100,78.90004133700808,0.0,0.0,0.0,0.0,Friendly
14.4,B0100,N001VE,SEARCH,None,0.0,0.0,0.0,0.0,0.0,Enemy
14.4,B0200,N001VE,SEARCH,None,0.0,0.0,0.0,0.0,0.0,Enemy
14.600000000000001,A0100,AN/APG-68(V)9,TRACK,B0100,78.6382260277031,0.0,0.0,0.0,0.0,Friendly
14.600000000000001,A0200,AN/APG-68(V)9,TRACK,B0100,78.76615967051221,0.0,0.0,0.0,0.0,Friendly
14.600000000000001,B0100,N001VE,SEARCH,None,0.0,0.0,0.0,0.0,0.0,Enemy
14.600000000000001,B0200,N001VE,SEARCH,None,0.0,0.0,0.0,0.0,0.0,Enemy
14.8,A0100,AN/APG-68(V)9,TRACK,B0100,78.49690285382744,0.0,0.0,0.0,0.0,Friendly
14.8,A0200,AN/APG-68(V)9,TRACK,B0100,78.63273301050477,0.0,0.0,0.0,0.0,Friendly
14.8,B0100,N001VE,SEARCH,None,0.0,0.0,0.0,0.0,0.0,Enemy
14.8,B0200,N001VE,SEARCH,None,0.0,0.0,0.0,0.0,0.0,Enemy
15.0,A0100,AN/APG-68(V)9,TRACK,B0100,78.35560683902486,0.0,0.0,0.0,0.0,Friendly
15.0,A0200,AN/APG-68(V)9,TRACK,B0100,78.49975119809056,0.0,0.0,0.0,0.0,Friendly
15.0,B0100,N001VE,SEARCH,None,0.0,0.0,0.0,0.0,0.0,Enemy
15.0,B0200,N001VE,SEARCH,None,0.0,0.0,0.0,0.0,0.0,Enemy
15.200000000000001,A0100,AN/APG-68(V)9,TRACK,B0100,78.21436976437687,0.0,0.0,0.0,0.0,Friendly
15.200000000000001,A0200,AN/APG-68(V)9,TRACK,B0100,78.3672735177058,0.0,0.0,0.0,0.0,Friendly
15.200000000000001,B0100,N001VE,SEARCH,None,0.0,0.0,0.0,0.0,0.0,Enemy
15.200000000000001,B0200,N001VE,SEARCH,None,0.0,0.0,0.0,0.0,0.0,Enemy
15.4,A0100,AN/APG-68(V)9,TRACK,B0100,78.07316062921512,0.0,0.0,0.0,0.0,Friendly
15.4,A0200,AN/APG-68(V)9,TRACK,B0100,78.2354469457528,0.0,0.0,0.0,0.0,Friendly
15.4,B0100,N001VE,SEARCH,None,0.0,0.0,0.0,0.0,0.0,Enemy
15.4,B0200,N001VE,SEARCH,None,0.0,0.0,0.0,0.0,0.0,Enemy
15.600000000000001,A0100,AN/APG-68(V)9,TRACK,B0100,77.93201024351232,0.0,0.0,0.0,0.0,Friendly
15.600000000000001,A0200,AN/APG-68(V)9,TRACK,B0100,78.10423102296416,0.0,0.0,0.0,0.0,Friendly
15.600000000000001,B0100,N001VE,SEARCH,None,0.0,0.0,0.0,0.0,0.0,Enemy
15.600000000000001,B0200,N001VE,SEARCH,None,0.0,0.0,0.0,0.0,0.0,Enemy
15.8,A0100,AN/APG-68(V)9,TRACK,B0100,77.7908867320226,0.0,0.0,0.0,0.0,Friendly
15.8,A0200,AN/APG-68(V)9,TRACK,B0100,77.97341548135189,0.0,0.0,0.0,0.0,Friendly
15.8,B0100,N001VE,SEARCH,None,0.0,0.0,0.0,0.0,0.0,Enemy
15.8,B0200,N001VE,SEARCH,None,0.0,0.0,0.0,0.0,0.0,Enemy
16.0,A0100,AN/APG-68(V)9,TRACK,B0100,77.64982069480732,0.0,0.0,0.0,0.0,Friendly
16.0,A0200,AN/APG-68(V)9,TRACK,B0100,77.84301955229732,0.0,0.0,0.0,0.0,Friendly
16.0,B0100,N001VE,SEARCH,None,0.0,0.0,0.0,0.0,0.0,Enemy
16.0,B0200,N001VE,SEARCH,None,0.0,0.0,0.0,0.0,0.0,Enemy
16.2,A0100,AN/APG-68(V)9,TRACK,B0100,77.50878013228872,0.0,0.0,0.0,0.0,Friendly
16.2,A0200,AN/APG-68(V)9,TRACK,B0100,77.71308083271475,0.0,0.0,0.0,0.0,Friendly
16.2,B0100,N001VE,SEARCH,None,0.0,0.0,0.0,0.0,0.0,Enemy
16.2,B0200,N001VE,SEARCH,None,0.0,0.0,0.0,0.0,0.0,Enemy
16.400000000000002,A0100,AN/APG-68(V)9,TRACK,B0100,77.36779557001329,0.0,0.0,0.0,0.0,Friendly
16.400000000000002,A0200,AN/APG-68(V)9,TRACK,B0100,77.5836565873225,0.0,0.0,0.0,0.0,Friendly
16.400000000000002,B0100,N001VE,SEARCH,None,0.0,0.0,0.0,0.0,0.0,Enemy
16.400000000000002,B0200,N001VE,SEARCH,None,0.0,0.0,0.0,0.0,0.0,Enemy
16.6,A0100,AN/APG-68(V)9,TRACK,B0100,77.22683504830557,0.0,0.0,0.0,0.0,Friendly
16.6,A0200,AN/APG-68(V)9,TRACK,B0100,77.45478557395269,0.0,0.0,0.0,0.0,Friendly
16.6,B0100,N001VE,SEARCH,None,0.0,0.0,0.0,0.0,0.0,Enemy
16.6,B0200,N001VE,SEARCH,None,0.0,0.0,0.0,0.0,0.0,Enemy
16.8,A0100,AN/APG-68(V)9,TRACK,B0100,77.08592904819173,0.0,0.0,0.0,0.0,Friendly
16.8,A0200,AN/APG-68(V)9,TRACK,B0100,77.32665729127527,0.0,0.0,0.0,0.0,Friendly
16.8,B0100,N001VE,SEARCH,None,0.0,0.0,0.0,0.0,0.0,Enemy
16.8,B0200,N001VE,SEARCH,None,0.0,0.0,0.0,0.0,0.0,Enemy
17.0,A0100,AN/APG-68(V)9,TRACK,B0100,76.94504567397375,0.0,0.0,0.0,0.0,Friendly
17.0,A0200,AN/APG-68(V)9,TRACK,B0100,77.19920653962015,0.0,0.0,0.0,0.0,Friendly
17.0,B0100,N001VE,SEARCH,None,0.0,0.0,0.0,0.0,0.0,Enemy
17.0,B0200,N001VE,SEARCH,None,0.0,0.0,0.0,0.0,0.0,Enemy
17.2,A0100,AN/APG-68(V)9,TRACK,B0100,76.80421537448935,0.0,0.0,0.0,0.0,Friendly
17.2,A0200,AN/APG-68(V)9,TRACK,B0100,77.07223594486423,0.0,0.0,0.0,0.0,Friendly
17.2,B0100,N001VE,SEARCH,None,0.0,0.0,0.0,0.0,0.0,Enemy
17.2,B0200,N001VE,SEARCH,None,0.0,0.0,0.0,0.0,0.0,Enemy
17.400000000000002,A0100,AN/APG-68(V)9,TRACK,B0100,76.66340631673205,0.0,0.0,0.0,0.0,Friendly
17.400000000000002,A0200,AN/APG-68(V)9,TRACK,B0100,76.9457202342276,0.0,0.0,0.0,0.0,Friendly
17.400000000000002,B0100,N001VE,SEARCH,None,0.0,0.0,0.0,0.0,0.0,Enemy
17.400000000000002,B0200,N001VE,SEARCH,None,0.0,0.0,0.0,0.0,0.0,Enemy
17.6,A0100,AN/APG-68(V)9,TRACK,B0100,76.52264892790258,0.0,0.0,0.0,0.0,Friendly
17.6,A0200,AN/APG-68(V)9,TRACK,B0100,76.81974017446184,0.0,0.0,0.0,0.0,Friendly
17.6,B0100,N001VE,SEARCH,None,0.0,0.0,0.0,0.0,0.0,Enemy
17.6,B0200,N001VE,SEARCH,None,0.0,0.0,0.0,0.0,0.0,Enemy
17.8,A0100,AN/APG-68(V)9,TRACK,B0100,76.38191143054107,0.0,0.0,0.0,0.0,Friendly
17.8,A0200,AN/APG-68(V)9,TRACK,B0100,76.69434500969028,0.0,0.0,0.0,0.0,Friendly
17.8,B0100,N001VE,SEARCH,None,0.0,0.0,0.0,0.0,0.0,Enemy
17.8,B0200,N001VE,SEARCH,None,0.0,0.0,0.0,0.0,0.0,Enemy
18.0,A0100,AN/APG-68(V)9,TRACK,B0100,76.24124969758095,0.0,0.0,0.0,0.0,Friendly
18.0,A0200,AN/APG-68(V)9,TRACK,B0100,76.56968865006019,0.0,0.0,0.0,0.0,Friendly
18.0,B0100,N001VE,SEARCH,None,0.0,0.0,0.0,0.0,0.0,Enemy
18.0,B0200,N001VE,SEARCH,None,0.0,0.0,0.0,0.0,0.0,Enemy
18.2,A0100,AN/APG-68(V)9,TRACK,B0100,76.10059887344156,0.0,0.0,0.0,0.0,Friendly
18.2,A0200,AN/APG-68(V)9,TRACK,B0100,76.44558601473331,0.0,0.0,0.0,0.0,Friendly
18.2,B0100,N001VE,SEARCH,None,0.0,0.0,0.0,0.0,0.0,Enemy
18.2,B0200,N001VE,SEARCH,None,0.0,0.0,0.0,0.0,0.0,Enemy
18.400000000000002,A0100,AN/APG-68(V)9,TRACK,B0100,75.96002741431667,0.0,0.0,0.0,0.0,Friendly
18.400000000000002,A0200,AN/APG-68(V)9,TRACK,B0100,76.32212366469699,0.0,0.0,0.0,0.0,Friendly
18.400000000000002,B0100,N001VE,SEARCH,None,0.0,0.0,0.0,0.0,0.0,Enemy
18.400000000000002,B0200,N001VE,SEARCH,None,0.0,0.0,0.0,0.0,0.0,Enemy
18.6,A0100,AN/APG-68(V)9,TRACK,B0100,75.81959779959165,0.0,0.0,0.0,0.0,Friendly
18.6,A0200,AN/APG-68(V)9,TRACK,B0100,76.19946723322406,0.0,0.0,0.0,0.0,Friendly
18.6,B0100,N001VE,SEARCH,None,0.0,0.0,0.0,0.0,0.0,Enemy
18.6,B0200,N001VE,SEARCH,None,0.0,0.0,0.0,0.0,0.0,Enemy
18.8,A0100,AN/APG-68(V)9,TRACK,B0100,75.67928609275928,0.0,0.0,0.0,0.0,Friendly
18.8,A0200,AN/APG-68(V)9,TRACK,B0100,76.0774397805465,0.0,0.0,0.0,0.0,Friendly
18.8,B0100,N001VE,SEARCH,None,0.0,0.0,0.0,0.0,0.0,Enemy
18.8,B0200,N001VE,SEARCH,None,0.0,0.0,0.0,0.0,0.0,Enemy
19.0,A0100,AN/APG-68(V)9,TRACK,B0100,75.53914071895936,0.0,0.0,0.0,0.0,Friendly
19.0,A0200,AN/APG-68(V)9,TRACK,B0100,75.95605326684168,0.0,0.0,0.0,0.0,Friendly
19.0,B0100,N001VE,SEARCH,None,0.0,0.0,0.0,0.0,0.0,Enemy
19.0,B0200,N001VE,SEARCH,None,0.0,0.0,0.0,0.0,0.0,Enemy
19.200000000000003,A0100,AN/APG-68(V)9,TRACK,B0100,75.39905787499532,0.0,0.0,0.0,0.0,Friendly
19.200000000000003,A0200,AN/APG-68(V)9,TRACK,B0100,75.83529877714489,0.0,0.0,0.0,0.0,Friendly
19.200000000000003,B0100,N001VE,SEARCH,None,0.0,0.0,0.0,0.0,0.0,Enemy
19.200000000000003,B0200,N001VE,SEARCH,None,0.0,0.0,0.0,0.0,0.0,Enemy
19.400000000000002,A0100,AN/APG-68(V)9,TRACK,B0100,75.25907051659439,0.0,0.0,0.0,0.0,Friendly
19.400000000000002,A0200,AN/APG-68(V)9,TRACK,B0100,75.7153892437123,0.0,0.0,0.0,0.0,Friendly
19.400000000000002,B0100,N001VE,SEARCH,None,0.0,0.0,0.0,0.0,0.0,Enemy
19.400000000000002,B0200,N001VE,SEARCH,None,0.0,0.0,0.0,0.0,0.0,Enemy
19.6,A0100,AN/APG-68(V)9,TRACK,B0100,75.11915052138197,0.0,0.0,0.0,0.0,Friendly
19.6,A0200,AN/APG-68(V)9,TRACK,B0100,75.59627960376326,0.0,0.0,0.0,0.0,Friendly
19.6,B0100,N001VE,SEARCH,None,0.0,0.0,0.0,0.0,0.0,Enemy
19.6,B0200,N001VE,SEARCH,None,0.0,0.0,0.0,0.0,0.0,Enemy
19.8,A0100,AN/APG-68(V)9,TRACK,B0100,74.97932241391425,0.0,0.0,0.0,0.0,Friendly
19.8,A0200,AN/APG-68(V)9,TRACK,B0100,75.4777057736785,0.0,0.0,0.0,0.0,Friendly
19.8,B0100,N001VE,SEARCH,None,0.0,0.0,0.0,0.0,0.0,Enemy
19.8,B0200,N001VE,SEARCH,None,0.0,0.0,0.0,0.0,0.0,Enemy
20.0,A0100,AN/APG-68(V)9,TRACK,B0100,74.83950234649875,0.0,0.0,0.0,0.0,Friendly
20.0,A0200,AN/APG-68(V)9,TRACK,B0100,75.35936887488178,0.0,0.0,0.0,0.0,Friendly
20.0,B0100,N001VE,SEARCH,None,0.0,0.0,0.0,0.0,0.0,Enemy
20.0,B0200,N001VE,SEARCH,None,0.0,0.0,0.0,0.0,0.0,Enemy
20.200000000000003,A0100,AN/APG-68(V)9,TRACK,B0100,74.6997427234416,0.0,0.0,0.0,0.0,Friendly
20.200000000000003,A0200,AN/APG-68(V)9,TRACK,B0100,75.24113239974058,0.0,0.0,0.0,0.0,Friendly
20.200000000000003,B0100,N001VE,SEARCH,None,0.0,0.0,0.0,0.0,0.0,Enemy
20.200000000000003,B0200,N001VE,SEARCH,None,0.0,0.0,0.0,0.0,0.0,Enemy
20.400000000000002,A0100,AN/APG-68(V)9,TRACK,B0100,74.56004519521994,0.0,0.0,0.0,0.0,Friendly
20.400000000000002,A0200,AN/APG-68(V)9,TRACK,B0100,75.12299425345573,0.0,0.0,0.0,0.0,Friendly
20.400000000000002,B0100,N001VE,SEARCH,None,0.0,0.0,0.0,0.0,0.0,Enemy
20.400000000000002,B0200,N001VE,SEARCH,None,0.0,0.0,0.0,0.0,0.0,Enemy
20.6,A0100,AN/APG-68(V)9,TRACK,B0100,74.4203944254386,0.0,0.0,0.0,0.0,Friendly
20.6,A0200,AN/APG-68(V)9,TRACK,B0100,75.00511011864148,0.0,0.0,0.0,0.0,Friendly
20.6,B0100,N001VE,SEARCH,None,0.0,0.0,0.0,0.0,0.0,Enemy
20.6,B0200,N001VE,SEARCH,None,0.0,0.0,0.0,0.0,0.0,Enemy
20.8,A0100,AN/APG-68(V)9,TRACK,B0100,74.28079911016269,0.0,0.0,0.0,0.0,Friendly
20.8,A0200,AN/APG-68(V)9,TRACK,B0100,74.88769355643008,0.0,0.0,0.0,0.0,Friendly
20.8,B0100,N001VE,SEARCH,None,0.0,0.0,0.0,0.0,0.0,Enemy
20.8,B0200,N001VE,SEARCH,None,0.0,0.0,0.0,0.0,0.0,Enemy
21.0,A0100,AN/APG-68(V)9,TRACK,B0100,74.14121531864701,0.0,0.0,0.0,0.0,Friendly
21.0,A0200,AN/APG-68(V)9,TRACK,B0100,74.7709140424149,0.0,0.0,0.0,0.0,Friendly
21.0,B0100,N001VE,SEARCH,None,0.0,0.0,0.0,0.0,0.0,Enemy
21.0,B0200,N001VE,SEARCH,None,0.0,0.0,0.0,0.0,0.0,Enemy
21.200000000000003,A0100,AN/APG-68(V)9,TRACK,B0100,74.0016760842348,0.0,0.0,0.0,0.0,Friendly
21.200000000000003,A0200,AN/APG-68(V)9,TRACK,B0100,74.65467100226137,0.0,0.0,0.0,0.0,Friendly
21.200000000000003,B0100,N001VE,SEARCH,None,0.0,0.0,0.0,0.0,0.0,Enemy
21.200000000000003,B0200,N001VE,SEARCH,None,0.0,0.0,0.0,0.0,0.0,Enemy
21.400000000000002,A0100,AN/APG-68(V)9,TRACK,B0100,73.8621485303902,0.0,0.0,0.0,0.0,Friendly
21.400000000000002,A0200,AN/APG-68(V)9,TRACK,B0100,74.53899784902549,0.0,0.0,0.0,0.0,Friendly
21.400000000000002,B0100,N001VE,SEARCH,None,0.0,0.0,0.0,0.0,0.0,Enemy
21.400000000000002,B0200,N001VE,SEARCH,None,0.0,0.0,0.0,0.0,0.0,Enemy
21.6,A0100,AN/APG-68(V)9,TRACK,B0100,73.72266576094142,0.0,0.0,0.0,0.0,Friendly
21.6,A0200,AN/APG-68(V)9,TRACK,B0100,74.42405091980436,0.0,0.0,0.0,0.0,Friendly
21.6,B0100,N001VE,SEARCH,None,0.0,0.0,0.0,0.0,0.0,Enemy
21.6,B0200,N001VE,SEARCH,None,0.0,0.0,0.0,0.0,0.0,Enemy
21.8,A0100,AN/APG-68(V)9,TRACK,B0100,73.58319481498252,0.0,0.0,0.0,0.0,Friendly
21.8,A0200,AN/APG-68(V)9,TRACK,B0100,74.30964878639429,0.0,0.0,0.0,0.0,Friendly
21.8,B0100,N001VE,SEARCH,None,0.0,0.0,0.0,0.0,0.0,Enemy
21.8,B0200,N001VE,SEARCH,None,0.0,0.0,0.0,0.0,0.0,Enemy
22.0,A0100,AN/APG-68(V)9,TRACK,B0100,73.44376849259058,0.0,0.0,0.0,0.0,Friendly
22.0,A0200,AN/APG-68(V)9,TRACK,B0100,74.19577535118329,0.0,0.0,0.0,0.0,Friendly
22.0,B0100,N001VE,SEARCH,None,0.0,0.0,0.0,0.0,0.0,Enemy
22.0,B0200,N001VE,SEARCH,None,0.0,0.0,0.0,0.0,0.0,Enemy
22.200000000000003,A0100,AN/APG-68(V)9,TRACK,B0100,73.30433591608833,0.0,0.0,0.0,0.0,Friendly
22.200000000000003,A0200,AN/APG-68(V)9,TRACK,B0100,74.08224167257953,0.0,0.0,0.0,0.0,Friendly
22.200000000000003,B0100,N001VE,SEARCH,None,0.0,0.0,0.0,0.0,0.0,Enemy
22.200000000000003,B0200,N001VE,SEARCH,None,0.0,0.0,0.0,0.0,0.0,Enemy
22.400000000000002,A0100,AN/APG-68(V)9,TRACK,B0100,73.16490560872516,0.0,0.0,0.0,0.0,Friendly
22.400000000000002,A0200,AN/APG-68(V)9,TRACK,B0100,73.96857779456734,0.0,0.0,0.0,0.0,Friendly
22.400000000000002,B0100,N001VE,SEARCH,None,0.0,0.0,0.0,0.0,0.0,Enemy
22.400000000000002,B0200,N001VE,SEARCH,None,0.0,0.0,0.0,0.0,0.0,Enemy
22.6,A0100,AN/APG-68(V)9,TRACK,B0100,73.0254696532253,0.0,0.0,0.0,0.0,Friendly
22.6,A0200,AN/APG-68(V)9,TRACK,B0100,73.85453322026862,0.0,0.0,0.0,0.0,Friendly
22.6,B0100,N001VE,SEARCH,None,0.0,0.0,0.0,0.0,0.0,Enemy
22.6,B0200,N001VE,SEARCH,None,0.0,0.0,0.0,0.0,0.0,Enemy
22.8,A0100,AN/APG-68(V)9,TRACK,B0100,72.88608074813475,0.0,0.0,0.0,0.0,Friendly
22.8,A0200,AN/APG-68(V)9,TRACK,B0100,73.73986517581655,0.0,0.0,0.0,0.0,Friendly
22.8,B0100,N001VE,SEARCH,None,0.0,0.0,0.0,0.0,0.0,Enemy
22.8,B0200,N001VE,SEARCH,None,0.0,0.0,0.0,0.0,0.0,Enemy
23.0,A0100,AN/APG-68(V)9,TRACK,B0100,72.74669902282042,0.0,0.0,0.0,0.0,Friendly
23.0,A0200,AN/APG-68(V)9,TRACK,B0100,73.62439822167308,0.0,0.0,0.0,0.0,Friendly
23.0,B0100,N001VE,SEARCH,None,0.0,0.0,0.0,0.0,0.0,Enemy
23.0,B0200,N001VE,SEARCH,None,0.0,0.0,0.0,0.0,0.0,Enemy
23.200000000000003,A0100,AN/APG-68(V)9,TRACK,B0100,72.60735818353852,0.0,0.0,0.0,0.0,Friendly
23.200000000000003,A0200,AN/APG-68(V)9,TRACK,B0100,73.50836094413133,0.0,0.0,0.0,0.0,Friendly
23.200000000000003,B0100,N001VE,SEARCH,None,0.0,0.0,0.0,0.0,0.0,Enemy
23.200000000000003,B0200,N001VE,SEARCH,None,0.0,0.0,0.0,0.0,0.0,Enemy
23.400000000000002,A0100,AN/APG-68(V)9,TRACK,B0100,72.46801419353906,0.0,0.0,0.0,0.0,Friendly
23.400000000000002,A0200,AN/APG-68(V)9,TRACK,B0100,73.39185964754589,0.0,0.0,0.0,0.0,Friendly
23.400000000000002,B0100,N001VE,SEARCH,None,0.0,0.0,0.0,0.0,0.0,Enemy
23.400000000000002,B0200,N001VE,SEARCH,None,0.0,0.0,0.0,0.0,0.0,Enemy
23.6,A0100,AN/APG-68(V)9,TRACK,B0100,72.32869225280508,0.0,0.0,0.0,0.0,Friendly
23.6,A0200,AN/APG-68(V)9,TRACK,B0100,73.27490540077284,0.0,0.0,0.0,0.0,Friendly
23.6,B0100,N001VE,SEARCH,None,0.0,0.0,0.0,0.0,0.0,Enemy
23.6,B0200,N001VE,SEARCH,None,0.0,0.0,0.0,0.0,0.0,Enemy
23.8,A0100,AN/APG-68(V)9,TRACK,B0100,72.18939527409908,0.0,0.0,0.0,0.0,Friendly
23.8,A0200,AN/APG-68(V)9,TRACK,B0100,73.15759986429204,0.0,0.0,0.0,0.0,Friendly
23.8,B0100,N001VE,SEARCH,None,0.0,0.0,0.0,0.0,0.0,Enemy
23.8,B0200,N001VE,SEARCH,None,0.0,0.0,0.0,0.0,0.0,Enemy
24.0,A0100,AN/APG-68(V)9,TRACK,B0100,72.05015604363554,0.0,0.0,0.0,0.0,Friendly
24.0,A0200,AN/APG-68(V)9,TRACK,B0100,73.03991269768869,0.0,0.0,0.0,0.0,Friendly
24.0,B0100,N001VE,SEARCH,None,0.0,0.0,0.0,0.0,0.0,Enemy
24.0,B0200,N001VE,SEARCH,None,0.0,0.0,0.0,0.0,0.0,Enemy
24.200000000000003,A0100,AN/APG-68(V)9,TRACK,B0100,71.91092909776846,0.0,0.0,0.0,0.0,Friendly
24.200000000000003,A0200,AN/APG-68(V)9,TRACK,B0100,72.92178732678383,0.0,0.0,0.0,0.0,Friendly
24.200000000000003,B0100,N001VE,SEARCH,None,0.0,0.0,0.0,0.0,0.0,Enemy
24.200000000000003,B0200,N001VE,SEARCH,None,0.0,0.0,0.0,0.0,0.0,Enemy
24.400000000000002,A0100,AN/APG-68(V)9,TRACK,B0100,71.77173513754015,0.0,0.0,0.0,0.0,Friendly
24.400000000000002,A0200,AN/APG-68(V)9,TRACK,B0100,72.80324935952632,0.0,0.0,0.0,0.0,Friendly
24.400000000000002,B0100,N001VE,SEARCH,None,0.0,0.0,0.0,0.0,0.0,Enemy
24.400000000000002,B0200,N001VE,SEARCH,None,0.0,0.0,0.0,0.0,0.0,Enemy
24.6,A0100,AN/APG-68(V)9,TRACK,B0100,71.63260678315119,0.0,0.0,0.0,0.0,Friendly
24.6,A0200,AN/APG-68(V)9,TRACK,B0100,72.68431296562301,0.0,0.0,0.0,0.0,Friendly
24.6,B0100,N001VE,SEARCH,None,0.0,0.0,0.0,0.0,0.0,Enemy
24.6,B0200,N001VE,SEARCH,None,0.0,0.0,0.0,0.0,0.0,Enemy
24.8,A0100,AN/APG-68(V)9,TRACK,B0100,71.4934883379757,0.0,0.0,0.0,0.0,Friendly
24.8,A0200,AN/APG-68(V)9,TRACK,B0100,72.564951233397,0.0,0.0,0.0,0.0,Friendly
24.8,B0100,N001VE,SEARCH,None,0.0,0.0,0.0,0.0,0.0,Enemy
24.8,B0200,N001VE,SEARCH,None,0.0,0.0,0.0,0.0,0.0,Enemy
25.0,A0100,AN/APG-68(V)9,TRACK,B0100,71.35440052184664,0.0,0.0,0.0,0.0,Friendly
25.0,A0200,AN/APG-68(V)9,TRACK,B0100,72.44518161186028,0.0,0.0,0.0,0.0,Friendly
25.0,B0100,N001VE,SEARCH,None,0.0,0.0,0.0,0.0,0.0,Enemy
25.0,B0200,N001VE,SEARCH,None,0.0,0.0,0.0,0.0,0.0,Enemy
25.200000000000003,A0100,AN/APG-68(V)9,TRACK,B0100,71.21530946596164,0.0,0.0,0.0,0.0,Friendly
25.200000000000003,A0200,AN/APG-68(V)9,TRACK,B0100,72.32499123170395,0.0,0.0,0.0,0.0,Friendly
25.200000000000003,B0100,N001VE,SEARCH,None,0.0,0.0,0.0,0.0,0.0,Enemy
25.200000000000003,B0200,N001VE,SEARCH,None,0.0,0.0,0.0,0.0,0.0,Enemy
25.400000000000002,A0100,AN/APG-68(V)9,TRACK,B0100,71.07624404090826,0.0,0.0,0.0,0.0,Friendly
25.400000000000002,A0200,AN/APG-68(V)9,TRACK,B0100,72.20432450754093,0.0,0.0,0.0,0.0,Friendly
25.400000000000002,B0100,N001VE,SEARCH,None,0.0,0.0,0.0,0.0,0.0,Enemy
25.400000000000002,B0200,N001VE,SEARCH,None,0.0,0.0,0.0,0.0,0.0,Enemy
25.6,A0100,AN/APG-68(V)9,TRACK,B0100,70.93723423881198,0.0,0.0,0.0,0.0,Friendly
25.6,A0200,AN/APG-68(V)9,TRACK,B0100,72.08326148849424,0.0,0.0,0.0,0.0,Friendly
25.6,B0100,N001VE,SEARCH,None,0.0,0.0,0.0,0.0,0.0,Enemy
25.6,B0200,N001VE,SEARCH,None,0.0,0.0,0.0,0.0,0.0,Enemy
25.8,A0100,AN/APG-68(V)9,TRACK,B0100,70.79832794328726,0.0,0.0,0.0,0.0,Friendly
25.8,A0200,AN/APG-68(V)9,TRACK,B0100,71.96184279102283,0.0,0.0,0.0,0.0,Friendly
25.8,B0100,N001VE,SEARCH,None,0.0,0.0,0.0,0.0,0.0,Enemy
25.8,B0200,N001VE,SEARCH,None,0.0,0.0,0.0,0.0,0.0,Enemy
26.0,A0100,AN/APG-68(V)9,TRACK,B0100,70.65948194460243,0.0,0.0,0.0,0.0,Friendly
26.0,A0200,AN/APG-68(V)9,TRACK,B0100,71.84004839068504,0.0,0.0,0.0,0.0,Friendly
26.0,B0100,N001VE,SEARCH,None,0.0,0.0,0.0,0.0,0.0,Enemy
26.0,B0200,N001VE,SEARCH,None,0.0,0.0,0.0,0.0,0.0,Enemy
26.200000000000003,A0100,AN/APG-68(V)9,TRACK,B0100,70.52074361906804,0.0,0.0,0.0,0.0,Friendly
26.200000000000003,A0200,AN/APG-68(V)9,TRACK,B0100,71.71779860447727,0.0,0.0,0.0,0.0,Friendly
26.200000000000003,B0100,N001VE,SEARCH,None,0.0,0.0,0.0,0.0,0.0,Enemy
26.200000000000003,B0200,N001VE,SEARCH,None,0.0,0.0,0.0,0.0,0.0,Enemy
26.400000000000002,A0100,AN/APG-68(V)9,TRACK,B0100,70.38206807465298,0.0,0.0,0.0,0.0,Friendly
26.400000000000002,A0200,AN/APG-68(V)9,TRACK,B0100,71.5951183112132,0.0,0.0,0.0,0.0,Friendly
26.400000000000002,B0100,N001VE,SEARCH,None,0.0,0.0,0.0,0.0,0.0,Enemy
26.400000000000002,B0200,N001VE,SEARCH,None,0.0,0.0,0.0,0.0,0.0,Enemy
26.6,A0100,AN/APG-68(V)9,TRACK,B0100,70.2435016299368,0.0,0.0,0.0,0.0,Friendly
26.6,A0200,AN/APG-68(V)9,TRACK,B0100,71.47211245526405,0.0,0.0,0.0,0.0,Friendly
26.6,B0100,N001VE,SEARCH,None,0.0,0.0,0.0,0.0,0.0,Enemy
26.6,B0200,N001VE,SEARCH,None,0.0,0.0,0.0,0.0,0.0,Enemy
26.8,A0100,AN/APG-68(V)9,TRACK,B0100,70.10492342293,0.0,0.0,0.0,0.0,Friendly
26.8,A0200,AN/APG-68(V)9,TRACK,B0100,71.3487440187357,0.0,0.0,0.0,0.0,Friendly
26.8,B0100,N001VE,SEARCH,None,0.0,0.0,0.0,0.0,0.0,Enemy
26.8,B0200,N001VE,SEARCH,None,0.0,0.0,0.0,0.0,0.0,Enemy
27.0,A0100,AN/APG-68(V)9,TRACK,B0100,69.96635473286257,0.0,0.0,0.0,0.0,Friendly
27.0,A0200,AN/APG-68(V)9,TRACK,B0100,71.22502366316043,0.0,0.0,0.0,0.0,Friendly
27.0,B0100,N001VE,SEARCH,None,0.0,0.0,0.0,0.0,0.0,Enemy
27.0,B0200,N001VE,SEARCH,None,0.0,0.0,0.0,0.0,0.0,Enemy
27.200000000000003,A0100,AN/APG-68(V)9,TRACK,B0100,69.82777566260947,0.0,0.0,0.0,0.0,Friendly
27.200000000000003,A0200,AN/APG-68(V)9,TRACK,B0100,71.10083998177605,0.0,0.0,0.0,0.0,Friendly
27.200000000000003,B0100,N001VE,SEARCH,None,0.0,0.0,0.0,0.0,0.0,Enemy
27.200000000000003,B0200,N001VE,SEARCH,None,0.0,0.0,0.0,0.0,0.0,Enemy
27.400000000000002,A0100,AN/APG-68(V)9,TRACK,B0100,69.68926214317894,0.0,0.0,0.0,0.0,Friendly
27.400000000000002,A0200,AN/APG-68(V)9,TRACK,B0100,70.97623187219699,0.0,0.0,0.0,0.0,Friendly
27.400000000000002,B0100,N001VE,SEARCH,None,0.0,0.0,0.0,0.0,0.0,Enemy
27.400000000000002,B0200,N001VE,SEARCH,None,0.0,0.0,0.0,0.0,0.0,Enemy
27.6,A0100,AN/APG-68(V)9,TRACK,B0100,69.55079594839968,0.0,0.0,0.0,0.0,Friendly
27.6,A0200,AN/APG-68(V)9,TRACK,B0100,70.85132377664566,0.0,0.0,0.0,0.0,Friendly
27.6,B0100,N001VE,SEARCH,None,0.0,0.0,0.0,0.0,0.0,Enemy
27.6,B0200,N001VE,SEARCH,None,0.0,0.0,0.0,0.0,0.0,Enemy
27.8,A0100,AN/APG-68(V)9,TRACK,B0100,69.41238316257625,0.0,0.0,0.0,0.0,Friendly
27.8,A0200,AN/APG-68(V)9,TRACK,B0100,70.72615022039128,0.0,0.0,0.0,0.0,Friendly
27.8,B0100,N001VE,SEARCH,None,0.0,0.0,0.0,0.0,0.0,Enemy
27.8,B0200,N001VE,SEARCH,None,0.0,0.0,0.0,0.0,0.0,Enemy
28.0,A0100,AN/APG-68(V)9,TRACK,B0100,69.27398078952793,0.0,0.0,0.0,0.0,Friendly
28.0,A0200,AN/APG-68(V)9,TRACK,B0100,70.60069993613686,0.0,0.0,0.0,0.0,Friendly
28.0,B0100,N001VE,SEARCH,None,0.0,0.0,0.0,0.0,0.0,Enemy
28.0,B0200,N001VE,SEARCH,None,0.0,0.0,0.0,0.0,0.0,Enemy
28.200000000000003,A0100,AN/APG-68(V)9,TRACK,B0100,69.13562217496799,0.0,0.0,0.0,0.0,Friendly
28.200000000000003,A0200,AN/APG-68(V)9,TRACK,B0100,70.47495780038402,0.0,0.0,0.0,0.0,Friendly
28.200000000000003,B0100,N001VE,SEARCH,None,0.0,0.0,0.0,0.0,0.0,Enemy
28.200000000000003,B0200,N001VE,SEARCH,None,0.0,0.0,0.0,0.0,0.0,Enemy
28.400000000000002,A0100,AN/APG-68(V)9,TRACK,B0100,68.99724057113221,0.0,0.0,0.0,0.0,Friendly
28.400000000000002,A0200,AN/APG-68(V)9,TRACK,B0100,70.34883881222834,0.0,0.0,0.0,0.0,Friendly
28.400000000000002,B0100,N001VE,SEARCH,None,0.0,0.0,0.0,0.0,0.0,Enemy
28.400000000000002,B0200,N001VE,SEARCH,None,0.0,0.0,0.0,0.0,0.0,Enemy
28.6,A0100,AN/APG-68(V)9,TRACK,B0100,68.85880984413654,0.0,0.0,0.0,0.0,Friendly
28.6,A0200,AN/APG-68(V)9,TRACK,B0100,70.22239780616619,0.0,0.0,0.0,0.0,Friendly
28.6,B0100,N001VE,SEARCH,None,0.0,0.0,0.0,0.0,0.0,Enemy
28.6,B0200,N001VE,SEARCH,None,0.0,0.0,0.0,0.0,0.0,Enemy
28.8,A0100,AN/APG-68(V)9,TRACK,B0100,68.72037450532345,0.0,0.0,0.0,0.0,Friendly
28.8,A0200,AN/APG-68(V)9,TRACK,B0100,70.09576612441133,0.0,0.0,0.0,0.0,Friendly
28.8,B0100,N001VE,SEARCH,None,0.0,0.0,0.0,0.0,0.0,Enemy
28.8,B0200,N001VE,SEARCH,None,0.0,0.0,0.0,0.0,0.0,Enemy
29.0,A0100,AN/APG-68(V)9,TRACK,B0100,68.58198253558434,0.0,0.0,0.0,0.0,Friendly
29.0,A0200,AN/APG-68(V)9,TRACK,B0100,69.96898965524512,0.0,0.0,0.0,0.0,Friendly
29.0,B0100,N001VE,SEARCH,None,0.0,0.0,0.0,0.0,0.0,Enemy
29.0,B0200,N001VE,SEARCH,None,0.0,0.0,0.0,0.0,0.0,Enemy
29.200000000000003,A0100,AN/APG-68(V)9,TRACK,B0100,68.44364172299954,0.0,0.0,0.0,0.0,Friendly
29.200000000000003,A0200,AN/APG-68(V)9,TRACK,B0100,69.84208481807914,0.0,0.0,0.0,0.0,Friendly
29.200000000000003,B0100,N001VE,SEARCH,None,0.0,0.0,0.0,0.0,0.0,Enemy
29.200000000000003,B0200,N001VE,SEARCH,None,0.0,0.0,0.0,0.0,0.0,Enemy
29.400000000000002,A0100,AN/APG-68(V)9,TRACK,B0100,68.30532489123716,0.0,0.0,0.0,0.0,Friendly
29.400000000000002,A0200,AN/APG-68(V)9,TRACK,B0100,69.71503414407493,0.0,0.0,0.0,0.0,Friendly
29.400000000000002,B0100,N001VE,SEARCH,None,0.0,0.0,0.0,0.0,0.0,Enemy
29.400000000000002,B0200,N001VE,SEARCH,None,0.0,0.0,0.0,0.0,0.0,Enemy
29.6,A0100,AN/APG-68(V)9,TRACK,B0100,68.16707872402444,0.0,0.0,0.0,0.0,Friendly
29.6,A0200,AN/APG-68(V)9,TRACK,B0100,69.58790667823399,0.0,0.0,0.0,0.0,Friendly
29.6,B0100,N001VE,SEARCH,None,0.0,0.0,0.0,0.0,0.0,Enemy
29.6,B0200,N001VE,SEARCH,None,0.0,0.0,0.0,0.0,0.0,Enemy
29.8,A0100,AN/APG-68(V)9,TRACK,B0100,68.02884420228403,0.0,0.0,0.0,0.0,Friendly
29.8,A0200,AN/APG-68(V)9,TRACK,B0100,69.46068776123069,0.0,0.0,0.0,0.0,Friendly
29.8,B0100,N001VE,SEARCH,None,0.0,0.0,0.0,0.0,0.0,Enemy
29.8,B0200,N001VE,SEARCH,None,0.0,0.0,0.0,0.0,0.0,Enemy
30.0,A0100,AN/APG-68(V)9,TRACK,B0100,67.89062188780255,0.0,0.0,0.0,0.0,Friendly
30.0,A0200,AN/APG-68(V)9,TRACK,B0100,69.33341302739689,0.0,0.0,0.0,0.0,Friendly
30.0,B0100,N001VE,SEARCH,None,0.0,0.0,0.0,0.0,0.0,Enemy
30.0,B0200,N001VE,SEARCH,None,0.0,0.0,0.0,0.0,0.0,Enemy
30.200000000000003,A0100,AN/APG-68(V)9,TRACK,B0100,67.75241504718636,0.0,0.0,0.0,0.0,Friendly
30.200000000000003,A0200,AN/APG-68(V)9,TRACK,B0100,69.20613013446322,0.0,0.0,0.0,0.0,Friendly
30.200000000000003,B0100,N001VE,SEARCH,None,0.0,0.0,0.0,0.0,0.0,Enemy
30.200000000000003,B0200,N001VE,SEARCH,None,0.0,0.0,0.0,0.0,0.0,Enemy
30.400000000000002,A0100,AN/APG-68(V)9,TRACK,B0100,67.61422411942529,0.0,0.0,0.0,0.0,Friendly
30.400000000000002,A0200,AN/APG-68(V)9,TRACK,B0100,69.07878613375567,0.0,0.0,0.0,0.0,Friendly
30.400000000000002,B0100,N001VE,SEARCH,None,0.0,0.0,0.0,0.0,0.0,Enemy
30.400000000000002,B0200,N001VE,SEARCH,None,0.0,0.0,0.0,0.0,0.0,Enemy
30.6,A0100,AN/APG-68(V)9,TRACK,B0100,67.47605161196506,0.0,0.0,0.0,0.0,Friendly
30.6,A0200,AN/APG-68(V)9,TRACK,B0100,68.95146118749554,0.0,0.0,0.0,0.0,Friendly
30.6,B0100,N001VE,SEARCH,None,0.0,0.0,0.0,0.0,0.0,Enemy
30.6,B0200,N001VE,SEARCH,None,0.0,0.0,0.0,0.0,0.0,Enemy
30.8,A0100,AN/APG-68(V)9,TRACK,B0100,67.3378881714446,0.0,0.0,0.0,0.0,Friendly
30.8,A0200,AN/APG-68(V)9,TRACK,B0100,68.82412200055937,0.0,0.0,0.0,0.0,Friendly
30.8,B0100,N001VE,SEARCH,None,0.0,0.0,0.0,0.0,0.0,Enemy
30.8,B0200,N001VE,SEARCH,None,0.0,0.0,0.0,0.0,0.0,Enemy
31.0,A0100,AN/APG-68(V)9,TRACK,B0100,67.19971784255753,0.0,0.0,0.0,0.0,Friendly
31.0,A0200,AN/APG-68(V)9,TRACK,B0100,68.6967094056623,0.0,0.0,0.0,0.0,Friendly
31.0,B0100,N001VE,SEARCH,None,0.0,0.0,0.0,0.0,0.0,Enemy
31.0,B0200,N001VE,SEARCH,None,0.0,0.0,0.0,0.0,0.0,Enemy
31.200000000000003,A0100,AN/APG-68(V)9,TRACK,B0100,67.06156202204956,0.0,0.0,0.0,0.0,Friendly
31.200000000000003,A0200,AN/APG-68(V)9,TRACK,B0100,68.56927424626925,0.0,0.0,0.0,0.0,Friendly
31.200000000000003,B0100,N001VE,SEARCH,None,0.0,0.0,0.0,0.0,0.0,Enemy
31.200000000000003,B0200,N001VE,SEARCH,None,0.0,0.0,0.0,0.0,0.0,Enemy
31.400000000000002,A0100,AN/APG-68(V)9,TRACK,B0100,66.9234229469107,0.0,0.0,0.0,0.0,Friendly
31.400000000000002,A0200,AN/APG-68(V)9,TRACK,B0100,68.44183181068884,0.0,0.0,0.0,0.0,Friendly
31.400000000000002,B0100,N001VE,SEARCH,None,0.0,0.0,0.0,0.0,0.0,Enemy
31.400000000000002,B0200,N001VE,SEARCH,None,0.0,0.0,0.0,0.0,0.0,Enemy
31.6,A0100,AN/APG-68(V)9,TRACK,B0100,66.78530013747208,0.0,0.0,0.0,0.0,Friendly
31.6,A0200,AN/APG-68(V)9,TRACK,B0100,68.31432738433787,0.0,0.0,0.0,0.0,Friendly
31.6,B0100,N001VE,SEARCH,None,0.0,0.0,0.0,0.0,0.0,Enemy
31.6,B0200,N001VE,SEARCH,None,0.0,0.0,0.0,0.0,0.0,Enemy
31.8,A0100,AN/APG-68(V)9,TRACK,B0100,66.64717605834524,0.0,0.0,0.0,0.0,Friendly
31.8,A0200,AN/APG-68(V)9,TRACK,B0100,68.18680689530515,0.0,0.0,0.0,0.0,Friendly
31.8,B0100,N001VE,SEARCH,None,0.0,0.0,0.0,0.0,0.0,Enemy
31.8,B0200,N001VE,SEARCH,None,0.0,0.0,0.0,0.0,0.0,Enemy
32.0,A0100,AN/APG-68(V)9,TRACK,B0100,66.50903940164446,0.0,0.0,0.0,0.0,Friendly
32.0,A0200,AN/APG-68(V)9,TRACK,B0100,68.05921477466883,0.0,0.0,0.0,0.0,Friendly
32.0,B0100,N001VE,SEARCH,None,0.0,0.0,0.0,0.0,0.0,Enemy
32.0,B0200,N001VE,SEARCH,None,0.0,0.0,0.0,0.0,0.0,Enemy
32.2,A0100,AN/APG-68(V)9,TRACK,B0100,66.37093764410619,0.0,0.0,0.0,0.0,Friendly
32.2,A0200,AN/APG-68(V)9,TRACK,B0100,67.93161569291452,0.0,0.0,0.0,0.0,Friendly
32.2,B0100,N001VE,SEARCH,None,0.0,0.0,0.0,0.0,0.0,Enemy
32.2,B0200,N001VE,SEARCH,None,0.0,0.0,0.0,0.0,0.0,Enemy
32.4,A0100,AN/APG-68(V)9,TRACK,B0100,66.23290432215366,0.0,0.0,0.0,0.0,Friendly
32.4,A0200,AN/APG-68(V)9,TRACK,B0100,67.80399641264525,0.0,0.0,0.0,0.0,Friendly
32.4,B0100,N001VE,SEARCH,None,0.0,0.0,0.0,0.0,0.0,Enemy
32.4,B0200,N001VE,SEARCH,None,0.0,0.0,0.0,0.0,0.0,Enemy
32.6,A0100,AN/APG-68(V)9,TRACK,B0100,66.09498873657716,0.0,0.0,0.0,0.0,Friendly
32.6,A0200,AN/APG-68(V)9,TRACK,B0100,67.67633171743324,0.0,0.0,0.0,0.0,Friendly
32.6,B0100,N001VE,SEARCH,None,0.0,0.0,0.0,0.0,0.0,Enemy
32.6,B0200,N001VE,SEARCH,None,0.0,0.0,0.0,0.0,0.0,Enemy
32.800000000000004,A0100,AN/APG-68(V)9,TRACK,B0100,65.95707301726542,0.0,0.0,0.0,0.0,Friendly
32.800000000000004,A0200,AN/APG-68(V)9,TRACK,B0100,67.5486743754954,0.0,0.0,0.0,0.0,Friendly
32.800000000000004,B0100,N001VE,SEARCH,None,0.0,0.0,0.0,0.0,0.0,Enemy
32.800000000000004,B0200,N001VE,SEARCH,None,0.0,0.0,0.0,0.0,0.0,Enemy
33.0,A0100,AN/APG-68(V)9,TRACK,B0100,65.81919086814752,0.0,0.0,0.0,0.0,Friendly
33.0,A0200,AN/APG-68(V)9,TRACK,B0100,67.42101609500658,0.0,0.0,0.0,0.0,Friendly
33.0,B0100,N001VE,SEARCH,None,0.0,0.0,0.0,0.0,0.0,Enemy
33.0,B0200,N001VE,SEARCH,None,0.0,0.0,0.0,0.0,0.0,Enemy
33.2,A0100,AN/APG-68(V)9,TRACK,B0100,65.68130868602573,0.0,0.0,0.0,0.0,Friendly
33.2,A0200,AN/APG-68(V)9,TRACK,B0100,67.293370733747,0.0,0.0,0.0,0.0,Friendly
33.2,B0100,N001VE,SEARCH,None,0.0,0.0,0.0,0.0,0.0,Enemy
33.2,B0200,N001VE,SEARCH,None,0.0,0.0,0.0,0.0,0.0,Enemy
33.4,A0100,AN/APG-68(V)9,TRACK,B0100,65.54346134470333,0.0,0.0,0.0,0.0,Friendly
33.4,A0200,AN/APG-68(V)9,TRACK,B0100,67.16571840080191,0.0,0.0,0.0,0.0,Friendly
33.4,B0100,N001VE,SEARCH,None,0.0,0.0,0.0,0.0,0.0,Enemy
33.4,B0200,N001VE,SEARCH,None,0.0,0.0,0.0,0.0,0.0,Enemy
33.6,A0100,AN/APG-68(V)9,TRACK,B0100,65.40561415616659,0.0,0.0,0.0,0.0,Friendly
33.6,A0200,AN/APG-68(V)9,TRACK,B0100,67.03805883225051,0.0,0.0,0.0,0.0,Friendly
33.6,B0100,N001VE,SEARCH,None,0.0,0.0,0.0,0.0,0.0,Enemy
33.6,B0200,N001VE,SEARCH,None,0.0,0.0,0.0,0.0,0.0,Enemy
33.800000000000004,A0100,AN/APG-68(V)9,TRACK,B0100,65.26780158224834,0.0,0.0,0.0,0.0,Friendly
33.800000000000004,A0200,AN/APG-68(V)9,TRACK,B0100,66.9104370277295,0.0,0.0,0.0,0.0,Friendly
33.800000000000004,B0100,N001VE,SEARCH,None,0.0,0.0,0.0,0.0,0.0,Enemy
33.800000000000004,B0200,N001VE,SEARCH,None,0.0,0.0,0.0,0.0,0.0,Enemy
34.0,A0100,AN/APG-68(V)9,TRACK,B0100,65.1299528277449,0.0,0.0,0.0,0.0,Friendly
34.0,A0200,AN/APG-68(V)9,TRACK,B0100,66.78279289127144,0.0,0.0,0.0,0.0,Friendly
34.0,B0100,N001VE,SEARCH,None,0.0,0.0,0.0,0.0,0.0,Enemy
34.0,B0200,N001VE,SEARCH,None,0.0,0.0,0.0,0.0,0.0,Enemy
34.2,A0100,AN/APG-68(V)9,TRACK,B0100,64.99206670106399,0.0,0.0,0.0,0.0,Friendly
34.2,A0200,AN/APG-68(V)9,TRACK,B0100,66.65514940032129,0.0,0.0,0.0,0.0,Friendly
34.2,B0100,N001VE,SEARCH,None,0.0,0.0,0.0,0.0,0.0,Enemy
34.2,B0200,N001VE,SEARCH,None,0.0,0.0,0.0,0.0,0.0,Enemy
34.4,A0100,AN/APG-68(V)9,TRACK,B0100,64.8541728032144,0.0,0.0,0.0,0.0,Friendly
34.4,A0200,AN/APG-68(V)9,TRACK,B0100,66.52746107737526,0.0,0.0,0.0,0.0,Friendly
34.4,B0100,N001VE,SEARCH,None,0.0,0.0,0.0,0.0,0.0,Enemy
34.4,B0200,N001VE,SEARCH,None,0.0,0.0,0.0,0.0,0.0,Enemy
34.6,A0100,AN/APG-68(V)9,TRACK,B0100,64.71633798305551,0.0,0.0,0.0,0.0,Friendly
34.6,A0200,AN/APG-68(V)9,TRACK,B0100,66.39971124053058,0.0,0.0,0.0,0.0,Friendly
34.6,B0100,N001VE,SEARCH,None,0.0,0.0,0.0,0.0,0.0,Enemy
34.6,B0200,N001VE,SEARCH,None,0.0,0.0,0.0,0.0,0.0,Enemy
34.800000000000004,A0100,AN/APG-68(V)9,TRACK,B0100,64.57857769901834,0.0,0.0,0.0,0.0,Friendly
34.800000000000004,A0200,AN/APG-68(V)9,TRACK,B0100,66.27192842766382,0.0,0.0,0.0,0.0,Friendly
34.800000000000004,B0100,N001VE,SEARCH,None,0.0,0.0,0.0,0.0,0.0,Enemy
34.800000000000004,B0200,N001VE,SEARCH,None,0.0,0.0,0.0,0.0,0.0,Enemy
35.0,A0100,AN/APG-68(V)9,TRACK,B0100,64.4408864664253,0.0,0.0,0.0,0.0,Friendly
35.0,A0200,AN/APG-68(V)9,TRACK,B0100,66.14410548174939,0.0,0.0,0.0,0.0,Friendly
35.0,B0100,N001VE,SEARCH,None,0.0,0.0,0.0,0.0,0.0,Enemy
35.0,B0200,N001VE,SEARCH,None,0.0,0.0,0.0,0.0,0.0,Enemy
35.2,A0100,AN/APG-68(V)9,TRACK,B0100,64.30327166606355,0.0,0.0,0.0,0.0,Friendly
35.2,A0200,AN/APG-68(V)9,TRACK,B0100,66.0162787860031,0.0,0.0,0.0,0.0,Friendly
35.2,B0100,N001VE,SEARCH,None,0.0,0.0,0.0,0.0,0.0,Enemy
35.2,B0200,N001VE,SEARCH,None,0.0,0.0,0.0,0.0,0.0,Enemy
35.4,A0100,AN/APG-68(V)9,TRACK,B0100,64.16572834638549,0.0,0.0,0.0,0.0,Friendly
35.4,A0200,AN/APG-68(V)9,TRACK,B0100,65.88846375739901,0.0,0.0,0.0,0.0,Friendly
35.4,B0100,N001VE,SEARCH,None,0.0,0.0,0.0,0.0,0.0,Enemy
35.4,B0200,N001VE,SEARCH,None,0.0,0.0,0.0,0.0,0.0,Enemy
35.6,A0100,AN/APG-68(V)9,TRACK,B0100,64.02826398257132,0.0,0.0,0.0,0.0,Friendly
35.6,A0200,AN/APG-68(V)9,TRACK,B0100,65.76059828197424,0.0,0.0,0.0,0.0,Friendly
35.6,B0100,N001VE,SEARCH,None,0.0,0.0,0.0,0.0,0.0,Enemy
35.6,B0200,N001VE,SEARCH,None,0.0,0.0,0.0,0.0,0.0,Enemy
35.800000000000004,A0100,AN/APG-68(V)9,TRACK,B0100,63.8908779980187,0.0,0.0,0.0,0.0,Friendly
35.800000000000004,A0200,AN/APG-68(V)9,TRACK,B0100,65.63277273070243,0.0,0.0,0.0,0.0,Friendly
35.800000000000004,B0100,N001VE,SEARCH,None,0.0,0.0,0.0,0.0,0.0,Enemy
35.800000000000004,B0200,N001VE,SEARCH,None,0.0,0.0,0.0,0.0,0.0,Enemy
36.0,A0100,AN/APG-68(V)9,TRACK,B0100,63.753605480270224,0.0,0.0,0.0,0.0,Friendly
36.0,A0200,AN/APG-68(V)9,TRACK,B0100,65.5049882074047,0.0,0.0,0.0,0.0,Friendly
36.0,B0100,N001VE,SEARCH,None,0.0,0.0,0.0,0.0,0.0,Enemy
36.0,B0200,N001VE,SEARCH,None,0.0,0.0,0.0,0.0,0.0,Enemy
36.2,A0100,AN/APG-68(V)9,TRACK,B0100,63.61637964884554,0.0,0.0,0.0,0.0,Friendly
36.2,A0200,AN/APG-68(V)9,TRACK,B0100,65.37728170961377,0.0,0.0,0.0,0.0,Friendly
36.2,B0100,N001VE,SEARCH,None,0.0,0.0,0.0,0.0,0.0,Enemy
36.2,B0200,N001VE,SEARCH,None,0.0,0.0,0.0,0.0,0.0,Enemy
36.4,A0100,AN/APG-68(V)9,TRACK,B0100,63.479165598429965,0.0,0.0,0.0,0.0,Friendly
36.4,A0200,AN/APG-68(V)9,TRACK,B0100,65.2495526747466,0.0,0.0,0.0,0.0,Friendly
36.4,B0100,N001VE,SEARCH,None,0.0,0.0,0.0,0.0,0.0,Enemy
36.4,B0200,N001VE,SEARCH,None,0.0,0.0,0.0,0.0,0.0,Enemy
36.6,A0100,AN/APG-68(V)9,TRACK,B0100,63.341960228574074,0.0,0.0,0.0,0.0,Friendly
36.6,A0200,AN/APG-68(V)9,TRACK,B0100,65.1218230345811,0.0,0.0,0.0,0.0,Friendly
36.6,B0100,N001VE,SEARCH,None,0.0,0.0,0.0,0.0,0.0,Enemy
36.6,B0200,N001VE,SEARCH,None,0.0,0.0,0.0,0.0,0.0,Enemy
36.800000000000004,A0100,AN/APG-68(V)9,TRACK,B0100,63.20476695812788,0.0,0.0,0.0,0.0,Friendly
36.800000000000004,A0200,AN/APG-68(V)9,TRACK,B0100,64.99411200595894,0.0,0.0,0.0,0.0,Friendly
36.800000000000004,B0100,N001VE,SEARCH,None,0.0,0.0,0.0,0.0,0.0,Enemy
36.800000000000004,B0200,N001VE,SEARCH,None,0.0,0.0,0.0,0.0,0.0,Enemy
37.0,A0100,AN/APG-68(V)9,TRACK,B0100,63.0675816656738,0.0,0.0,0.0,0.0,Friendly
37.0,A0200,AN/APG-68(V)9,TRACK,B0100,64.86641691479761,0.0,0.0,0.0,0.0,Friendly
37.0,B0100,N001VE,SEARCH,None,0.0,0.0,0.0,0.0,0.0,Enemy
37.0,B0200,N001VE,SEARCH,None,0.0,0.0,0.0,0.0,0.0,Enemy
37.2,A0100,AN/APG-68(V)9,TRACK,B0100,62.930473970674576,0.0,0.0,0.0,0.0,Friendly
37.2,A0200,AN/APG-68(V)9,TRACK,B0100,64.7387987437732,0.0,0.0,0.0,0.0,Friendly
37.2,B0100,N001VE,SEARCH,None,0.0,0.0,0.0,0.0,0.0,Enemy
37.2,B0200,N001VE,SEARCH,None,0.0,0.0,0.0,0.0,0.0,Enemy
37.4,A0100,AN/APG-68(V)9,TRACK,B0100,62.79349949424905,0.0,0.0,0.0,0.0,Friendly
37.4,A0200,AN/APG-68(V)9,TRACK,B0100,64.61124257019057,0.0,0.0,0.0,0.0,Friendly
37.4,B0100,N001VE,SEARCH,None,0.0,0.0,0.0,0.0,0.0,Enemy
37.4,B0200,N001VE,SEARCH,None,0.0,0.0,0.0,0.0,0.0,Enemy
37.6,A0100,AN/APG-68(V)9,TRACK,B0100,62.656582289631956,0.0,0.0,0.0,0.0,Friendly
37.6,A0200,AN/APG-68(V)9,TRACK,B0100,64.48370370468321,0.0,0.0,0.0,0.0,Friendly
37.6,B0100,N001VE,SEARCH,None,0.0,0.0,0.0,0.0,0.0,Enemy
37.6,B0200,N001VE,SEARCH,None,0.0,0.0,0.0,0.0,0.0,Enemy
37.800000000000004,A0100,AN/APG-68(V)9,TRACK,B0100,62.51976980244715,0.0,0.0,0.0,0.0,Friendly
37.800000000000004,A0200,AN/APG-68(V)9,TRACK,B0100,64.35616481224511,0.0,0.0,0.0,0.0,Friendly
37.800000000000004,B0100,N001VE,SEARCH,None,0.0,0.0,0.0,0.0,0.0,Enemy
37.800000000000004,B0200,N001VE,SEARCH,None,0.0,0.0,0.0,0.0,0.0,Enemy
38.0,A0100,AN/APG-68(V)9,TRACK,B0100,62.382993712765604,0.0,0.0,0.0,0.0,Friendly
38.0,A0200,AN/APG-68(V)9,TRACK,B0100,64.2286345291945,0.0,0.0,0.0,0.0,Friendly
38.0,B0100,N001VE,SEARCH,None,0.0,0.0,0.0,0.0,0.0,Enemy
38.0,B0200,N001VE,SEARCH,None,0.0,0.0,0.0,0.0,0.0,Enemy
38.2,A0100,AN/APG-68(V)9,TRACK,B0100,62.24630571093896,0.0,0.0,0.0,0.0,Friendly
38.2,A0200,AN/APG-68(V)9,TRACK,B0100,64.10110809923292,0.0,0.0,0.0,0.0,Friendly
38.2,B0100,N001VE,SEARCH,None,0.0,0.0,0.0,0.0,0.0,Enemy
38.2,B0200,N001VE,SEARCH,None,0.0,0.0,0.0,0.0,0.0,Enemy
38.400000000000006,A0100,AN/APG-68(V)9,TRACK,B0100,62.10960454496994,0.0,0.0,0.0,0.0,Friendly
38.400000000000006,A0200,AN/APG-68(V)9,TRACK,B0100,63.9735956927392,0.0,0.0,0.0,0.0,Friendly
38.400000000000006,B0100,N001VE,SEARCH,None,0.0,0.0,0.0,0.0,0.0,Enemy
38.400000000000006,B0200,N001VE,SEARCH,None,0.0,0.0,0.0,0.0,0.0,Enemy
38.6,A0100,AN/APG-68(V)9,TRACK,B0100,61.972929581478844,0.0,0.0,0.0,0.0,Friendly
38.6,A0200,AN/APG-68(V)9,TRACK,B0100,63.8460897408777,0.0,0.0,0.0,0.0,Friendly
38.6,B0100,N001VE,SEARCH,None,0.0,0.0,0.0,0.0,0.0,Enemy
38.6,B0200,N001VE,SEARCH,None,0.0,0.0,0.0,0.0,0.0,Enemy
38.800000000000004,A0100,AN/APG-68(V)9,TRACK,B0100,61.836245667117325,0.0,0.0,0.0,0.0,Friendly
38.800000000000004,A0200,AN/APG-68(V)9,TRACK,B0100,63.718608499767676,0.0,0.0,0.0,0.0,Friendly
38.800000000000004,B0100,N001VE,SEARCH,A0200,63.718608499767676,-25.6087109774014,227.5257497270791,0.21165808950302012,15507.789590830413,Enemy
38.800000000000004,B0200,N001VE,SEARCH,None,0.0,0.0,0.0,0.0,0.0,Enemy
39.0,A0100,AN/APG-68(V)9,TRACK,B0100,61.69958996624298,0.0,0.0,0.0,0.0,Friendly
39.0,A0200,AN/APG-68(V)9,TRACK,B0100,63.59114086620917,0.0,0.0,0.0,0.0,Friendly
39.0,B0100,N001VE,SEARCH,None,0.0,0.0,0.0,0.0,0.0,Enemy
39.0,B0200,N001VE,SEARCH,None,0.0,0.0,0.0,0.0,0.0,Enemy
39.2,A0100,AN/APG-68(V)9,TRACK,B0100,61.562908179570215,0.0,0.0,0.0,0.0,Friendly
39.2,A0200,AN/APG-68(V)9,TRACK,B0100,63.463701433865246,0.0,0.0,0.0,0.0,Friendly
39.2,B0100,N001VE,SEARCH,None,0.0,0.0,0.0,0.0,0.0,Enemy
39.2,B0200,N001VE,SEARCH,None,0.0,0.0,0.0,0.0,0.0,Enemy
39.400000000000006,A0100,AN/APG-68(V)9,TRACK,B0100,61.42627750098197,0.0,0.0,0.0,0.0,Friendly
39.400000000000006,A0200,AN/APG-68(V)9,TRACK,B0100,63.336267179750344,0.0,0.0,0.0,0.0,Friendly
39.400000000000006,B0100,N001VE,SEARCH,None,0.0,0.0,0.0,0.0,0.0,Enemy
39.400000000000006,B0200,N001VE,SEARCH,None,0.0,0.0,0.0,0.0,0.0,Enemy
39.6,A0100,AN/APG-68(V)9,TRACK,B0100,61.28971112248752,0.0,0.0,0.0,0.0,Friendly
39.6,A0200,AN/APG-68(V)9,TRACK,B0100,63.20884927499051,0.0,0.0,0.0,0.0,Friendly
39.6,B0100,N001VE,SEARCH,None,0.0,0.0,0.0,0.0,0.0,Enemy
39.6,B0200,N001VE,SEARCH,None,0.0,0.0,0.0,0.0,0.0,Enemy
39.800000000000004,A0100,AN/APG-68(V)9,TRACK,B0100,61.153228315040934,0.0,0.0,0.0,0.0,Friendly
39.800000000000004,A0200,AN/APG-68(V)9,TRACK,B0100,63.08155906991939,0.0,0.0,0.0,0.0,Friendly
39.800000000000004,B0100,N001VE,SEARCH,None,0.0,0.0,0.0,0.0,0.0,Enemy
39.800000000000004,B0200,N001VE,SEARCH,None,0.0,0.0,0.0,0.0,0.0,Enemy
40.0,A0100,AN/APG-68(V)9,TRACK,B0100,61.01680169340138,0.0,0.0,0.0,0.0,Friendly
40.0,A0200,AN/APG-68(V)9,TRACK,B0100,62.95428186153202,0.0,0.0,0.0,0.0,Friendly
40.0,B0100,N001VE,SEARCH,None,0.0,0.0,0.0,0.0,0.0,Enemy
40.0,B0200,N001VE,SEARCH,None,0.0,0.0,0.0,0.0,0.0,Enemy
40.2,A0100,AN/APG-68(V)9,TRACK,B0100,60.88043557254601,0.0,0.0,0.0,0.0,Friendly
40.2,A0200,AN/APG-68(V)9,TRACK,B0100,62.826980394123424,0.0,0.0,0.0,0.0,Friendly
40.2,B0100,N001VE,SEARCH,None,0.0,0.0,0.0,0.0,0.0,Enemy
40.2,B0200,N001VE,SEARCH,None,0.0,0.0,0.0,0.0,0.0,Enemy
40.400000000000006,A0100,AN/APG-68(V)9,TRACK,B0100,60.744165653103366,0.0,0.0,0.0,0.0,Friendly
40.400000000000006,A0200,AN/APG-68(V)9,TRACK,B0100,62.69969691346179,0.0,0.0,0.0,0.0,Friendly
40.400000000000006,B0100,N001VE,SEARCH,None,0.0,0.0,0.0,0.0,0.0,Enemy
40.400000000000006,B0200,N001VE,SEARCH,None,0.0,0.0,0.0,0.0,0.0,Enemy
40.6,A0100,AN/APG-68(V)9,TRACK,B0100,60.60790172713095,0.0,0.0,0.0,0.0,Friendly
40.6,A0200,AN/APG-68(V)9,TRACK,B0100,62.57232743537368,0.0,0.0,0.0,0.0,Friendly
40.6,B0100,N001VE,SEARCH,None,0.0,0.0,0.0,0.0,0.0,Enemy
40.6,B0200,N001VE,SEARCH,None,0.0,0.0,0.0,0.0,0.0,Enemy
40.800000000000004,A0100,AN/APG-68(V)9,TRACK,B0100,60.471684613284005,0.0,0.0,0.0,0.0,Friendly
40.800000000000004,A0200,AN/APG-68(V)9,TRACK,B0100,62.44495832237309,0.0,0.0,0.0,0.0,Friendly
40.800000000000004,B0100,N001VE,SEARCH,None,0.0,0.0,0.0,0.0,0.0,Enemy
40.800000000000004,B0200,N001VE,SEARCH,A0200,62.78385823757956,-25.196718584607666,15.141308893105066,0.22380984291146552,15472.388777014672,Enemy
41.0,A0100,AN/APG-68(V)9,TRACK,B0100,60.33555585378139,0.0,0.0,0.0,0.0,Friendly
41.0,A0200,AN/APG-68(V)9,TRACK,B0100,62.3176433082761,0.0,0.0,0.0,0.0,Friendly
41.0,B0100,N001VE,SEARCH,None,0.0,0.0,0.0,0.0,0.0,Enemy
41.0,B0200,N001VE,SEARCH,A0200,62.78385823757956,-25.196718584607666,15.141308893105066,0.21520177203025548,15472.388777014672,Enemy
41.2,A0100,AN/APG-68(V)9,TRACK,B0100,60.19954458466081,0.0,0.0,0.0,0.0,Friendly
41.2,A0200,AN/APG-68(V)9,TRACK,B0100,62.19040350242219,0.0,0.0,0.0,0.0,Friendly
41.2,B0100,N001VE,SEARCH,None,0.0,0.0,0.0,0.0,0.0,Enemy
41.2,B0200,N001VE,SEARCH,None,0.0,0.0,0.0,0.0,0.0,Enemy
41.400000000000006,A0100,AN/APG-68(V)9,TRACK,B0100,60.06360681854339,0.0,0.0,0.0,0.0,Friendly
41.400000000000006,A0200,AN/APG-68(V)9,TRACK,B0100,62.06316503520282,0.0,0.0,0.0,0.0,Friendly
41.400000000000006,B0100,N001VE,SEARCH,None,0.0,0.0,0.0,0.0,0.0,Enemy
41.400000000000006,B0200,N001VE,SEARCH,None,0.0,0.0,0.0,0.0,0.0,Enemy
41.6,A0100,AN/APG-68(V)9,TRACK,B0100,59.92775231113866,0.0,0.0,0.0,0.0,Friendly
41.6,A0200,AN/APG-68(V)9,TRACK,B0100,61.93591724090198,0.0,0.0,0.0,0.0,Friendly
41.6,B0100,N001VE,SEARCH,None,0.0,0.0,0.0,0.0,0.0,Enemy
41.6,B0200,N001VE,SEARCH,None,0.0,0.0,0.0,0.0,0.0,Enemy
41.800000000000004,A0100,AN/APG-68(V)9,TRACK,B0100,59.791917283789374,0.0,0.0,0.0,0.0,Friendly
41.800000000000004,A0200,AN/APG-68(V)9,TRACK,B0100,61.80873158569931,0.0,0.0,0.0,0.0,Friendly
41.800000000000004,B0100,N001VE,SEARCH,None,0.0,0.0,0.0,0.0,0.0,Enemy
41.800000000000004,B0200,N001VE,SEARCH,A0200,62.152496217738275,-24.959810569232722,21.33192319137071,0.23201754916940218,15473.423071512396,Enemy
42.0,A0100,AN/APG-68(V)9,TRACK,B0100,59.65606228396016,0.0,0.0,0.0,0.0,Friendly
42.0,A0200,AN/APG-68(V)9,TRACK,B0100,61.681543981656596,0.0,0.0,0.0,0.0,Friendly
42.0,B0100,N001VE,SEARCH,None,0.0,0.0,0.0,0.0,0.0,Enemy
42.0,B0200,N001VE,SEARCH,A0200,62.152496217738275,-24.959810569232722,21.33192319137071,0.2230937972782715,15473.423071512396,Enemy
42.2,A0100,AN/APG-68(V)9,TRACK,B0100,59.52025722870906,0.0,0.0,0.0,0.0,Friendly
42.2,A0200,AN/APG-68(V)9,TRACK,B0100,61.554398282527586,0.0,0.0,0.0,0.0,Friendly
42.2,B0100,N001VE,SEARCH,None,0.0,0.0,0.0,0.0,0.0,Enemy
42.2,B0200,N001VE,SEARCH,A0200,62.152496217738275,-24.959810569232722,21.33192319137071,0.21417004538714052,15473.423071512396,Enemy
42.400000000000006,A0100,AN/APG-68(V)9,TRACK,B0100,59.38460869475501,0.0,0.0,0.0,0.0,Friendly
42.400000000000006,A0200,AN/APG-68(V)9,TRACK,B0100,61.42731330923123,0.0,0.0,0.0,0.0,Friendly
42.400000000000006,B0100,N001VE,SEARCH,None,0.0,0.0,0.0,0.0,0.0,Enemy
42.400000000000006,B0200,N001VE,SEARCH,None,0.0,0.0,0.0,0.0,0.0,Enemy
42.6,A0100,AN/APG-68(V)9,TRACK,B0100,59.24907158313189,0.0,0.0,0.0,0.0,Friendly
42.6,A0200,AN/APG-68(V)9,TRACK,B0100,61.3003360402521,0.0,0.0,0.0,0.0,Friendly
42.6,B0100,N001VE,SEARCH,None,0.0,0.0,0.0,0.0,0.0,Enemy
42.6,B0200,N001VE,SEARCH,None,0.0,0.0,0.0,0.0,0.0,Enemy
42.800000000000004,A0100,AN/APG-68(V)9,TRACK,B0100,59.11361703463985,0.0,0.0,0.0,0.0,Friendly
42.800000000000004,A0200,AN/APG-68(V)9,TRACK,B0100,61.173391951628986,0.0,0.0,0.0,0.0,Friendly
42.800000000000004,B0100,N001VE,SEARCH,None,0.0,0.0,0.0,0.0,0.0,Enemy
42.800000000000004,B0200,N001VE,SEARCH,A0200,61.522859707255236,-24.72218775623392,28.921978440526683,0.2402028238056817,15474.696931036387,Enemy
43.0,A0100,AN/APG-68(V)9,TRACK,B0100,58.97816419532232,0.0,0.0,0.0,0.0,Friendly
43.0,A0200,AN/APG-68(V)9,TRACK,B0100,61.046371391439564,0.0,0.0,0.0,0.0,Friendly
43.0,B0100,N001VE,SEARCH,None,0.0,0.0,0.0,0.0,0.0,Enemy
43.0,B0200,N001VE,SEARCH,A0200,61.522859707255236,-24.72218775623392,28.921978440526683,0.2309642536593095,15474.696931036387,Enemy
43.2,A0100,AN/APG-68(V)9,TRACK,B0100,58.842766689581495,0.0,0.0,0.0,0.0,Friendly
43.2,A0200,AN/APG-68(V)9,TRACK,B0100,60.91934019506964,0.0,0.0,0.0,0.0,Friendly
43.2,B0100,N001VE,SEARCH,None,0.0,0.0,0.0,0.0,0.0,Enemy
43.2,B0200,N001VE,SEARCH,A0200,61.522859707255236,-24.72218775623392,28.921978440526683,0.22172568351293698,15474.696931036387,Enemy
43.400000000000006,A0100,AN/APG-68(V)9,TRACK,B0100,58.70743428651512,0.0,0.0,0.0,0.0,Friendly
43.400000000000006,A0200,AN/APG-68(V)9,TRACK,B0100,60.79236282996802,0.0,0.0,0.0,0.0,Friendly
43.400000000000006,B0100,N001VE,SEARCH,None,0.0,0.0,0.0,0.0,0.0,Enemy
43.400000000000006,B0200,N001VE,SEARCH,A0200,61.522859707255236,-24.72218775623392,28.921978440526683,0.21248711336656448,15474.696931036387,Enemy
43.6,A0100,AN/APG-68(V)9,TRACK,B0100,58.57218082912174,0.0,0.0,0.0,0.0,Friendly
43.6,A0200,AN/APG-68(V)9,TRACK,B0100,60.66539798711277,0.0,0.0,0.0,0.0,Friendly
43.6,B0100,N001VE,SEARCH,None,0.0,0.0,0.0,0.0,0.0,Enemy
43.6,B0200,N001VE,SEARCH,None,0.0,0.0,0.0,0.0,0.0,Enemy
43.800000000000004,A0100,AN/APG-68(V)9,TRACK,B0100,58.43696370370325,0.0,0.0,0.0,0.0,Friendly
43.800000000000004,A0200,AN/APG-68(V)9,TRACK,B0100,60.53845979250354,0.0,0.0,0.0,0.0,Friendly
43.800000000000004,B0100,N001VE,SEARCH,None,0.0,0.0,0.0,0.0,0.0,Enemy
43.800000000000004,B0200,N001VE,SEARCH,None,0.0,0.0,0.0,0.0,0.0,Enemy
44.0,A0100,AN/APG-68(V)9,TRACK,B0100,58.30179159862239,0.0,0.0,0.0,0.0,Friendly
44.0,A0200,AN/APG-68(V)9,TRACK,B0100,60.411506935074414,0.0,0.0,0.0,0.0,Friendly
44.0,B0100,N001VE,SEARCH,None,0.0,0.0,0.0,0.0,0.0,Enemy
44.0,B0200,N001VE,SEARCH,None,0.0,0.0,0.0,0.0,0.0,Enemy
44.2,A0100,AN/APG-68(V)9,TRACK,B0100,58.16665939464366,0.0,0.0,0.0,0.0,Friendly
44.2,A0200,AN/APG-68(V)9,TRACK,B0100,60.28460425832713,0.0,0.0,0.0,0.0,Friendly
44.2,B0100,N001VE,SEARCH,None,0.0,0.0,0.0,0.0,0.0,Enemy
44.2,B0200,N001VE,SEARCH,None,0.0,0.0,0.0,0.0,0.0,Enemy
44.400000000000006,A0100,AN/APG-68(V)9,TRACK,B0100,58.03156113343072,0.0,0.0,0.0,0.0,Friendly
44.400000000000006,A0200,AN/APG-68(V)9,TRACK,B0100,60.15771659395384,0.0,0.0,0.0,0.0,Friendly
44.400000000000006,B0100,N001VE,SEARCH,None,0.0,0.0,0.0,0.0,0.0,Enemy
44.400000000000006,B0200,N001VE,SEARCH,None,0.0,0.0,0.0,0.0,0.0,Enemy
44.6,A0100,AN/APG-68(V)9,TRACK,B0100,57.89646742697299,0.0,0.0,0.0,0.0,Friendly
44.6,A0200,AN/APG-68(V)9,TRACK,B0100,60.030859827368175,0.0,0.0,0.0,0.0,Friendly
44.6,B0100,N001VE,SEARCH,None,0.0,0.0,0.0,0.0,0.0,Enemy
44.6,B0200,N001VE,SEARCH,None,0.0,0.0,0.0,0.0,0.0,Enemy
44.800000000000004,A0100,AN/APG-68(V)9,TRACK,B0100,57.76141081614929,0.0,0.0,0.0,0.0,Friendly
44.800000000000004,A0200,AN/APG-68(V)9,TRACK,B0100,59.90406442460087,0.0,0.0,0.0,0.0,Friendly
44.800000000000004,B0100,N001VE,SEARCH,None,0.0,0.0,0.0,0.0,0.0,Enemy
44.800000000000004,B0200,N001VE,SEARCH,None,0.0,0.0,0.0,0.0,0.0,Enemy
45.0,A0100,AN/APG-68(V)9,TRACK,B0100,57.62639585644847,0.0,0.0,0.0,0.0,Friendly
45.0,A0200,AN/APG-68(V)9,TRACK,B0100,59.7773185021841,0.0,0.0,0.0,0.0,Friendly
45.0,B0100,N001VE,SEARCH,None,0.0,0.0,0.0,0.0,0.0,Enemy
45.0,B0200,N001VE,SEARCH,None,0.0,0.0,0.0,0.0,0.0,Enemy
45.2,A0100,AN/APG-68(V)9,TRACK,B0100,57.49143565158785,0.0,0.0,0.0,0.0,Friendly
45.2,A0200,AN/APG-68(V)9,TRACK,B0100,59.65064017937608,0.0,0.0,0.0,0.0,Friendly
45.2,B0100,N001VE,SEARCH,None,0.0,0.0,0.0,0.0,0.0,Enemy
45.2,B0200,N001VE,SEARCH,None,0.0,0.0,0.0,0.0,0.0,Enemy
45.400000000000006,A0100,AN/APG-68(V)9,TRACK,B0100,57.35652468787828,0.0,0.0,0.0,0.0,Friendly
45.400000000000006,A0200,AN/APG-68(V)9,TRACK,B0100,59.52403108384513,0.0,0.0,0.0,0.0,Friendly
45.400000000000006,B0100,N001VE,SEARCH,None,0.0,0.0,0.0,0.0,0.0,Enemy
45.400000000000006,B0200,N001VE,SEARCH,None,0.0,0.0,0.0,0.0,0.0,Enemy
45.6,A0100,AN/APG-68(V)9,TRACK,B0100,57.221655887626014,0.0,0.0,0.0,0.0,Friendly
45.6,A0200,AN/APG-68(V)9,TRACK,B0100,59.397437661442844,0.0,0.0,0.0,0.0,Friendly
45.6,B0100,N001VE,SEARCH,None,0.0,0.0,0.0,0.0,0.0,Enemy
45.6,B0200,N001VE,SEARCH,None,0.0,0.0,0.0,0.0,0.0,Enemy
45.800000000000004,A0100,AN/APG-68(V)9,TRACK,B0100,57.08682104509536,0.0,0.0,0.0,0.0,Friendly
45.800000000000004,A0200,AN/APG-68(V)9,TRACK,B0100,59.270870410280956,0.0,0.0,0.0,0.0,Friendly
45.800000000000004,B0100,N001VE,SEARCH,None,0.0,0.0,0.0,0.0,0.0,Enemy
45.800000000000004,B0200,N001VE,SEARCH,None,0.0,0.0,0.0,0.0,0.0,Enemy
46.0,A0100,AN/APG-68(V)9,TRACK,B0100,56.9520819695112,0.0,0.0,0.0,0.0,Friendly
46.0,A0200,AN/APG-68(V)9,TRACK,B0100,59.14425264985469,0.0,0.0,0.0,0.0,Friendly
46.0,B0100,N001VE,SEARCH,None,0.0,0.0,0.0,0.0,0.0,Enemy
46.0,B0200,N001VE,SEARCH,None,0.0,0.0,0.0,0.0,0.0,Enemy
46.2,A0100,AN/APG-68(V)9,TRACK,B0100,56.81746448622867,0.0,0.0,0.0,0.0,Friendly
46.2,A0200,AN/APG-68(V)9,TRACK,B0100,59.01766636146004,0.0,0.0,0.0,0.0,Friendly
46.2,B0100,N001VE,SEARCH,None,0.0,0.0,0.0,0.0,0.0,Enemy
46.2,B0200,N001VE,SEARCH,None,0.0,0.0,0.0,0.0,0.0,Enemy
46.400000000000006,A0100,AN/APG-68(V)9,TRACK,B0100,56.68291971030895,0.0,0.0,0.0,0.0,Friendly
46.400000000000006,A0200,AN/APG-68(V)9,TRACK,B0100,58.89105868252364,0.0,0.0,0.0,0.0,Friendly
46.400000000000006,B0100,N001VE,SEARCH,None,0.0,0.0,0.0,0.0,0.0,Enemy
46.400000000000006,B0200,N001VE,SEARCH,None,0.0,0.0,0.0,0.0,0.0,Enemy
46.6,A0100,AN/APG-68(V)9,TRACK,B0100,56.548416187615615,0.0,0.0,0.0,0.0,Friendly
46.6,A0200,AN/APG-68(V)9,TRACK,B0100,58.76447633645862,0.0,0.0,0.0,0.0,Friendly
46.6,B0100,N001VE,SEARCH,None,0.0,0.0,0.0,0.0,0.0,Enemy
46.6,B0200,N001VE,SEARCH,None,0.0,0.0,0.0,0.0,0.0,Enemy
46.800000000000004,A0100,AN/APG-68(V)9,TRACK,B0100,56.41399759711226,0.0,0.0,0.0,0.0,Friendly
46.800000000000004,A0200,AN/APG-68(V)9,TRACK,B0100,58.63795061000933,0.0,0.0,0.0,0.0,Friendly
46.800000000000004,B0100,N001VE,SEARCH,None,0.0,0.0,0.0,0.0,0.0,Enemy
46.800000000000004,B0200,N001VE,TRACK,A0100,56.82389256661769,-22.642108011972983,-857.1247936948646,0.3012893966339698,15342.938589872789,Enemy
47.0,A0100,AN/APG-68(V)9,TRACK,B0100,56.279647852439666,0.0,0.0,0.0,0.0,Friendly
47.0,A0200,AN/APG-68(V)9,TRACK,B0100,58.51144600550175,0.0,0.0,0.0,0.0,Friendly
47.0,B0100,N001VE,SEARCH,None,0.0,0.0,0.0,0.0,0.0,Enemy
47.0,B0200,N001VE,SEARCH,A0100,56.82389256661769,-22.642108011972983,-857.1247936948646,0.2897013429172789,15342.938589872789,Enemy
47.2,A0100,AN/APG-68(V)9,TRACK,B0100,56.14534937219415,0.0,0.0,0.0,0.0,Friendly
47.2,A0200,AN/APG-68(V)9,TRACK,B0100,58.38499213231553,0.0,0.0,0.0,0.0,Friendly
47.2,B0100,N001VE,SEARCH,None,0.0,0.0,0.0,0.0,0.0,Enemy
47.2,B0200,N001VE,SEARCH,A0100,56.82389256661769,-22.642108011972983,-857.1247936948646,0.2781132892005876,15342.938589872789,Enemy
47.400000000000006,A0100,AN/APG-68(V)9,TRACK,B0100,56.01106560834636,0.0,0.0,0.0,0.0,Friendly
47.400000000000006,A0200,AN/APG-68(V)9,TRACK,B0100,58.25854494917235,0.0,0.0,0.0,0.0,Friendly
47.400000000000006,B0100,N001VE,SEARCH,None,0.0,0.0,0.0,0.0,0.0,Enemy
47.400000000000006,B0200,N001VE,SEARCH,None,0.0,0.0,0.0,0.0,0.0,Enemy
47.6,A0100,AN/APG-68(V)9,TRACK,B0100,55.87683344394316,0.0,0.0,0.0,0.0,Friendly
47.6,A0200,AN/APG-68(V)9,TRACK,B0100,58.132039530786706,0.0,0.0,0.0,0.0,Friendly
47.6,B0100,N001VE,SEARCH,None,0.0,0.0,0.0,0.0,0.0,Enemy
47.6,B0200,N001VE,SEARCH,None,0.0,0.0,0.0,0.0,0.0,Enemy
47.800000000000004,A0100,AN/APG-68(V)9,TRACK,B0100,55.74263267010329,0.0,0.0,0.0,0.0,Friendly
47.800000000000004,A0200,AN/APG-68(V)9,TRACK,B0100,58.00553804119773,0.0,0.0,0.0,0.0,Friendly
47.800000000000004,B0100,N001VE,SEARCH,None,0.0,0.0,0.0,0.0,0.0,Enemy
47.800000000000004,B0200,N001VE,TRACK,A0100,56.15906846504485,-22.36339571352852,-883.4703036241228,0.30993210995441683,15338.477265794736,Enemy
48.0,A0100,AN/APG-68(V)9,TRACK,B0100,55.608473087179526,0.0,0.0,0.0,0.0,Friendly
48.0,A0200,AN/APG-68(V)9,TRACK,B0100,57.878970699194845,0.0,0.0,0.0,0.0,Friendly
48.0,B0100,N001VE,SEARCH,None,0.0,0.0,0.0,0.0,0.0,Enemy
48.0,B0200,N001VE,SEARCH,A0100,56.15906846504485,-22.36339571352852,-883.4703036241228,0.2980116441869395,15338.477265794736,Enemy
48.2,A0100,AN/APG-68(V)9,TRACK,B0100,55.47434917252032,0.0,0.0,0.0,0.0,Friendly
48.2,A0200,AN/APG-68(V)9,TRACK,B0100,57.75243206823775,0.0,0.0,0.0,0.0,Friendly
48.2,B0100,N001VE,SEARCH,None,0.0,0.0,0.0,0.0,0.0,Enemy
48.2,B0200,N001VE,SEARCH,A0100,56.15906846504485,-22.36339571352852,-883.4703036241228,0.28609117841946174,15338.477265794736,Enemy
48.400000000000006,A0100,AN/APG-68(V)9,TRACK,B0100,55.34027130033711,0.0,0.0,0.0,0.0,Friendly
48.400000000000006,A0200,AN/APG-68(V)9,TRACK,B0100,57.62587872700173,0.0,0.0,0.0,0.0,Friendly
48.400000000000006,B0100,N001VE,SEARCH,None,0.0,0.0,0.0,0.0,0.0,Enemy
48.400000000000006,B0200,N001VE,SEARCH,A0100,56.15906846504485,-22.36339571352852,-883.4703036241228,0.27417071265198395,15338.477265794736,Enemy
48.6,A0100,AN/APG-68(V)9,TRACK,B0100,55.20622870170114,0.0,0.0,0.0,0.0,Friendly
48.6,A0200,AN/APG-68(V)9,TRACK,B0100,57.49935621337648,0.0,0.0,0.0,0.0,Friendly
48.6,B0100,N001VE,SEARCH,None,0.0,0.0,0.0,0.0,0.0,Enemy
48.6,B0200,N001VE,SEARCH,A0100,56.15906846504485,-22.36339571352852,-883.4703036241228,0.26225024688450665,15338.477265794736,Enemy
48.800000000000004,A0100,AN/APG-68(V)9,TRACK,B0100,55.07223453047025,0.0,0.0,0.0,0.0,Friendly
48.800000000000004,A0200,AN/APG-68(V)9,TRACK,B0100,57.37291774750794,0.0,0.0,0.0,0.0,Friendly
48.800000000000004,B0100,N001VE,SEARCH,None,0.0,0.0,0.0,0.0,0.0,Enemy
48.800000000000004,B0200,N001VE,SEARCH,A0200,57.75347583373276,-23.260600720840593,74.97149409077319,0.28920481416147387,15482.538913408163,Enemy
49.0,A0100,AN/APG-68(V)9,TRACK,B0100,54.938276652838006,0.0,0.0,0.0,0.0,Friendly
49.0,A0200,AN/APG-68(V)9,TRACK,B0100,57.246537522572545,0.0,0.0,0.0,0.0,Friendly
49.0,B0100,N001VE,SEARCH,None,0.0,0.0,0.0,0.0,0.0,Enemy
49.0,B0200,N001VE,SEARCH,A0200,57.75347583373276,-23.260600720840593,74.97149409077319,0.2780815520783405,15482.538913408163,Enemy
49.2,A0100,AN/APG-68(V)9,TRACK,B0100,54.804376320826414,0.0,0.0,0.0,0.0,Friendly
49.2,A0200,AN/APG-68(V)9,TRACK,B0100,57.120228348878,0.0,0.0,0.0,0.0,Friendly
49.2,B0100,N001VE,SEARCH,None,0.0,0.0,0.0,0.0,0.0,Enemy
49.2,B0200,N001VE,SEARCH,A0200,57.75347583373276,-23.260600720840593,74.97149409077319,0.2669582899952067,15482.538913408163,Enemy
49.400000000000006,A0100,AN/APG-68(V)9,TRACK,B0100,54.67052801382758,0.0,0.0,0.0,0.0,Friendly
49.400000000000006,A0200,AN/APG-68(V)9,TRACK,B0100,56.99397391418574,0.0,0.0,0.0,0.0,Friendly
49.400000000000006,B0100,N001VE,SEARCH,None,0.0,0.0,0.0,0.0,0.0,Enemy
49.400000000000006,B0200,N001VE,SEARCH,A0200,57.75347583373276,-23.260600720840593,74.97149409077319,0.25583502791207297,15482.538913408163,Enemy
49.6,A0100,AN/APG-68(V)9,TRACK,B0100,54.53676923019122,0.0,0.0,0.0,0.0,Friendly
49.6,A0200,AN/APG-68(V)9,TRACK,B0100,56.86780037690929,0.0,0.0,0.0,0.0,Friendly
49.6,B0100,N001VE,SEARCH,None,0.0,0.0,0.0,0.0,0.0,Enemy
49.6,B0200,N001VE,SEARCH,A0200,57.75347583373276,-23.260600720840593,74.97149409077319,0.24471176582893955,15482.538913408163,Enemy
49.800000000000004,A0100,AN/APG-68(V)9,TRACK,B0100,54.40311667432371,0.0,0.0,0.0,0.0,Friendly
49.800000000000004,A0200,AN/APG-68(V)9,TRACK,B0100,56.74166544128172,0.0,0.0,0.0,0.0,Friendly
49.800000000000004,B0100,N001VE,SEARCH,None,0.0,0.0,0.0,0.0,0.0,Enemy
49.800000000000004,B0200,N001VE,SEARCH,A0200,57.12698139983448,-23.01081150477427,82.62775748523778,0.29734924180215155,15483.876337509559,Enemy
50.0,A0100,AN/APG-68(V)9,TRACK,B0100,54.26963608226852,0.0,0.0,0.0,0.0,Friendly
50.0,A0200,AN/APG-68(V)9,TRACK,B0100,56.61548291421754,0.0,0.0,0.0,0.0,Friendly
50.0,B0100,N001VE,SEARCH,None,0.0,0.0,0.0,0.0,0.0,Enemy
50.0,B0200,N001VE,SEARCH,A0200,57.12698139983448,-23.01081150477427,82.62775748523778,0.28591273250206906,15483.876337509559,Enemy
50.2,A0100,AN/APG-68(V)9,TRACK,B0100,54.13628692163297,0.0,0.0,0.0,0.0,Friendly
50.2,A0200,AN/APG-68(V)9,TRACK,B0100,56.48931634066409,0.0,0.0,0.0,0.0,Friendly
50.2,B0100,N001VE,SEARCH,None,0.0,0.0,0.0,0.0,0.0,Enemy
50.2,B0200,N001VE,SEARCH,A0200,57.12698139983448,-23.01081150477427,82.62775748523778,0.2744762232019861,15483.876337509559,Enemy
50.400000000000006,A0100,AN/APG-68(V)9,TRACK,B0100,54.00300437122873,0.0,0.0,0.0,0.0,Friendly
50.400000000000006,A0200,AN/APG-68(V)9,TRACK,B0100,56.36316086528339,0.0,0.0,0.0,0.0,Friendly
50.400000000000006,B0100,N001VE,SEARCH,None,0.0,0.0,0.0,0.0,0.0,Enemy
50.400000000000006,B0200,N001VE,SEARCH,A0200,57.12698139983448,-23.01081150477427,82.62775748523778,0.26303971390190317,15483.876337509559,Enemy
50.6,A0100,AN/APG-68(V)9,TRACK,B0100,53.86978174382371,0.0,0.0,0.0,0.0,Friendly
50.6,A0200,AN/APG-68(V)9,TRACK,B0100,56.23698975812862,0.0,0.0,0.0,0.0,Friendly
50.6,B0100,N001VE,SEARCH,None,0.0,0.0,0.0,0.0,0.0,Enemy
50.6,B0200,N001VE,SEARCH,A0200,57.12698139983448,-23.01081150477427,82.62775748523778,0.2516032046018207,15483.876337509559,Enemy
50.800000000000004,A0100,AN/APG-68(V)9,TRACK,B0100,53.736446459168505,0.0,0.0,0.0,0.0,Friendly
50.800000000000004,A0200,AN/APG-68(V)9,TRACK,B0100,56.110794510648674,0.0,0.0,0.0,0.0,Friendly
50.800000000000004,B0100,N001VE,SEARCH,None,0.0,0.0,0.0,0.0,0.0,Enemy
50.800000000000004,B0200,N001VE,SEARCH,None,0.0,0.0,0.0,0.0,0.0,Enemy
51.0,A0100,AN/APG-68(V)9,TRACK,B0100,53.602831215619794,0.0,0.0,0.0,0.0,Friendly
51.0,A0200,AN/APG-68(V)9,TRACK,B0100,55.98450929827347,0.0,0.0,0.0,0.0,Friendly
51.0,B0100,N001VE,SEARCH,None,0.0,0.0,0.0,0.0,0.0,Enemy
51.0,B0200,N001VE,SEARCH,None,0.0,0.0,0.0,0.0,0.0,Enemy
51.2,A0100,AN/APG-68(V)9,TRACK,B0100,53.46913563695395,0.0,0.0,0.0,0.0,Friendly
51.2,A0200,AN/APG-68(V)9,TRACK,B0100,55.858227670822984,0.0,0.0,0.0,0.0,Friendly
51.2,B0100,N001VE,SEARCH,None,0.0,0.0,0.0,0.0,0.0,Enemy
51.2,B0200,N001VE,SEARCH,None,0.0,0.0,0.0,0.0,0.0,Enemy
51.400000000000006,A0100,AN/APG-68(V)9,TRACK,B0100,53.33551991975021,0.0,0.0,0.0,0.0,Friendly
51.400000000000006,A0200,AN/APG-68(V)9,TRACK,B0100,55.731932749709635,0.0,0.0,0.0,0.0,Friendly
51.400000000000006,B0100,N001VE,SEARCH,None,0.0,0.0,0.0,0.0,0.0,Enemy
51.400000000000006,B0200,N001VE,SEARCH,None,0.0,0.0,0.0,0.0,0.0,Enemy
51.6,A0100,AN/APG-68(V)9,TRACK,B0100,53.201959424025254,0.0,0.0,0.0,0.0,Friendly
51.6,A0200,AN/APG-68(V)9,TRACK,B0100,55.60562742274032,0.0,0.0,0.0,0.0,Friendly
51.6,B0100,N001VE,SEARCH,None,0.0,0.0,0.0,0.0,0.0,Enemy
51.6,B0200,N001VE,SEARCH,None,0.0,0.0,0.0,0.0,0.0,Enemy
51.800000000000004,A0100,AN/APG-68(V)9,TRACK,B0100,53.06841226815599,0.0,0.0,0.0,0.0,Friendly
51.800000000000004,A0200,AN/APG-68(V)9,TRACK,B0100,55.47941281982386,0.0,0.0,0.0,0.0,Friendly
51.800000000000004,B0100,N001VE,TRACK,A0200,55.47941281982386,-22.416708673325846,349.42574292894943,0.3187676333422896,15529.157677212315,Enemy
51.800000000000004,B0200,N001VE,SEARCH,None,0.0,0.0,0.0,0.0,0.0,Enemy
52.0,A0100,AN/APG-68(V)9,TRACK,B0100,52.934765381161704,0.0,0.0,0.0,0.0,Friendly
52.0,A0200,AN/APG-68(V)9,TRACK,B0100,55.35325433725191,0.0,0.0,0.0,0.0,Friendly
52.0,B0100,N001VE,TRACK,A0200,55.47941281982386,-22.416708673325846,349.42574292894943,0.3065073397522018,15529.157677212315,Enemy
52.0,B0200,N001VE,SEARCH,None,0.0,0.0,0.0,0.0,0.0,Enemy
52.2,A0100,AN/APG-68(V)9,TRACK,B0100,52.8010263163999,0.0,0.0,0.0,0.0,Friendly
52.2,A0200,AN/APG-68(V)9,TRACK,B0100,55.22717290578912,0.0,0.0,0.0,0.0,Friendly
52.2,B0100,N001VE,SEARCH,None,0.0,0.0,0.0,0.0,0.0,Enemy
52.2,B0200,N001VE,SEARCH,None,0.0,0.0,0.0,0.0,0.0,Enemy
52.400000000000006,A0100,AN/APG-68(V)9,TRACK,B0100,52.66714382631265,0.0,0.0,0.0,0.0,Friendly
52.400000000000006,A0200,AN/APG-68(V)9,TRACK,B0100,55.1010375623177,0.0,0.0,0.0,0.0,Friendly
52.400000000000006,B0100,N001VE,SEARCH,None,0.0,0.0,0.0,0.0,0.0,Enemy
52.400000000000006,B0200,N001VE,SEARCH,None,0.0,0.0,0.0,0.0,0.0,Enemy
52.6,A0100,AN/APG-68(V)9,TRACK,B0100,52.53319770032708,0.0,0.0,0.0,0.0,Friendly
52.6,A0200,AN/APG-68(V)9,TRACK,B0100,54.97485180265468,0.0,0.0,0.0,0.0,Friendly
52.6,B0100,N001VE,SEARCH,None,0.0,0.0,0.0,0.0,0.0,Enemy
52.6,B0200,N001VE,SEARCH,None,0.0,0.0,0.0,0.0,0.0,Enemy
52.800000000000004,A0100,AN/APG-68(V)9,TRACK,B0100,52.399209388045264,0.0,0.0,0.0,0.0,Friendly
52.800000000000004,A0200,AN/APG-68(V)9,TRACK,B0100,54.848712889762616,0.0,0.0,0.0,0.0,Friendly
52.800000000000004,B0100,N001VE,SEARCH,None,0.0,0.0,0.0,0.0,0.0,Enemy
52.800000000000004,B0200,N001VE,TRACK,A0100,52.848423610441216,-20.937476620092475,-1024.502838418399,0.35297049306426387,15315.936938129218,Enemy
53.0,A0100,AN/APG-68(V)9,TRACK,B0100,52.26519312011264,0.0,0.0,0.0,0.0,Friendly
53.0,A0200,AN/APG-68(V)9,TRACK,B0100,54.72258094213299,0.0,0.0,0.0,0.0,Friendly
53.0,B0100,N001VE,SEARCH,None,0.0,0.0,0.0,0.0,0.0,Enemy
53.0,B0200,N001VE,TRACK,A0100,52.848423610441216,-20.937476620092475,-1024.502838418399,0.33939470486948475,15315.936938129218,Enemy
53.2,A0100,AN/APG-68(V)9,TRACK,B0100,52.13114044069693,0.0,0.0,0.0,0.0,Friendly
53.2,A0200,AN/APG-68(V)9,TRACK,B0100,54.59649299037235,0.0,0.0,0.0,0.0,Friendly
53.2,B0100,N001VE,SEARCH,None,0.0,0.0,0.0,0.0,0.0,Enemy
53.2,B0200,N001VE,TRACK,A0100,52.848423610441216,-20.937476620092475,-1024.502838418399,0.32581891667470514,15315.936938129218,Enemy
53.400000000000006,A0100,AN/APG-68(V)9,TRACK,B0100,51.99709300020372,0.0,0.0,0.0,0.0,Friendly
53.400000000000006,A0200,AN/APG-68(V)9,TRACK,B0100,54.47042438349332,0.0,0.0,0.0,0.0,Friendly
53.400000000000006,B0100,N001VE,SEARCH,None,0.0,0.0,0.0,0.0,0.0,Enemy
53.400000000000006,B0200,N001VE,TRACK,A0100,52.848423610441216,-20.937476620092475,-1024.502838418399,0.3122431284799256,15315.936938129218,Enemy
53.6,A0100,AN/APG-68(V)9,TRACK,B0100,51.86301853914847,0.0,0.0,0.0,0.0,Friendly
53.6,A0200,AN/APG-68(V)9,TRACK,B0100,54.34435930562457,0.0,0.0,0.0,0.0,Friendly
53.6,B0100,N001VE,SEARCH,None,0.0,0.0,0.0,0.0,0.0,Enemy
53.6,B0200,N001VE,SEARCH,A0100,52.848423610441216,-20.937476620092475,-1024.502838418399,0.29866734028514647,15315.936938129218,Enemy
53.800000000000004,A0100,AN/APG-68(V)9,TRACK,B0100,51.728953404248955,0.0,0.0,0.0,0.0,Friendly
53.800000000000004,A0200,AN/APG-68(V)9,TRACK,B0100,54.21837728458033,0.0,0.0,0.0,0.0,Friendly
53.800000000000004,B0100,N001VE,SEARCH,None,0.0,0.0,0.0,0.0,0.0,Enemy
53.800000000000004,B0200,N001VE,SEARCH,None,0.0,0.0,0.0,0.0,0.0,Enemy
54.0,A0100,AN/APG-68(V)9,TRACK,B0100,51.59481893302546,0.0,0.0,0.0,0.0,Friendly
54.0,A0200,AN/APG-68(V)9,TRACK,B0100,54.092420485131164,0.0,0.0,0.0,0.0,Friendly
54.0,B0100,N001VE,SEARCH,None,0.0,0.0,0.0,0.0,0.0,Enemy
54.0,B0200,N001VE,SEARCH,None,0.0,0.0,0.0,0.0,0.0,Enemy
54.2,A0100,AN/APG-68(V)9,TRACK,B0100,51.46065294839151,0.0,0.0,0.0,0.0,Friendly
54.2,A0200,AN/APG-68(V)9,TRACK,B0100,53.96652809696946,0.0,0.0,0.0,0.0,Friendly
54.2,B0100,N001VE,SEARCH,None,0.0,0.0,0.0,0.0,0.0,Enemy
54.2,B0200,N001VE,SEARCH,None,0.0,0.0,0.0,0.0,0.0,Enemy
54.400000000000006,A0100,AN/APG-68(V)9,TRACK,B0100,51.326398269231056,0.0,0.0,0.0,0.0,Friendly
54.400000000000006,A0200,AN/APG-68(V)9,TRACK,B0100,53.840643106562325,0.0,0.0,0.0,0.0,Friendly
54.400000000000006,B0100,N001VE,SEARCH,None,0.0,0.0,0.0,0.0,0.0,Enemy
54.400000000000006,B0200,N001VE,SEARCH,None,0.0,0.0,0.0,0.0,0.0,Enemy
54.6,A0100,AN/APG-68(V)9,TRACK,B0100,51.192082095322554,0.0,0.0,0.0,0.0,Friendly
54.6,A0200,AN/APG-68(V)9,TRACK,B0100,53.71481234967874,0.0,0.0,0.0,0.0,Friendly
54.6,B0100,N001VE,SEARCH,None,0.0,0.0,0.0,0.0,0.0,Enemy
54.6,B0200,N001VE,SEARCH,None,0.0,0.0,0.0,0.0,0.0,Enemy
54.800000000000004,A0100,AN/APG-68(V)9,TRACK,B0100,51.05769156389112,0.0,0.0,0.0,0.0,Friendly
54.800000000000004,A0200,AN/APG-68(V)9,TRACK,B0100,53.58897939739339,0.0,0.0,0.0,0.0,Friendly
54.800000000000004,B0100,N001VE,SEARCH,None,0.0,0.0,0.0,0.0,0.0,Enemy
54.800000000000004,B0200,N001VE,TRACK,A0100,51.51938621975253,-20.34916622881697,-1079.9067061655905,0.37024797914321683,15308.515777789788,Enemy
55.0,A0100,AN/APG-68(V)9,TRACK,B0100,50.92322304993826,0.0,0.0,0.0,0.0,Friendly
55.0,A0200,AN/APG-68(V)9,TRACK,B0100,53.46305029325239,0.0,0.0,0.0,0.0,Friendly
55.0,B0100,N001VE,SEARCH,None,0.0,0.0,0.0,0.0,0.0,Enemy
55.0,B0200,N001VE,TRACK,A0100,51.51938621975253,-20.34916622881697,-1079.9067061655905,0.3560076722530934,15308.515777789788,Enemy
55.2,A0100,AN/APG-68(V)9,TRACK,B0100,50.78870908531392,0.0,0.0,0.0,0.0,Friendly
55.2,A0200,AN/APG-68(V)9,TRACK,B0100,53.33712107070541,0.0,0.0,0.0,0.0,Friendly
55.2,B0100,N001VE,SEARCH,None,0.0,0.0,0.0,0.0,0.0,Enemy
55.2,B0200,N001VE,TRACK,A0100,51.51938621975253,-20.34916622881697,-1079.9067061655905,0.3417673653629694,15308.515777789788,Enemy
55.400000000000006,A0100,AN/APG-68(V)9,TRACK,B0100,50.65421249574927,0.0,0.0,0.0,0.0,Friendly
55.400000000000006,A0200,AN/APG-68(V)9,TRACK,B0100,53.21123530231119,0.0,0.0,0.0,0.0,Friendly
55.400000000000006,B0100,N001VE,SEARCH,None,0.0,0.0,0.0,0.0,0.0,Enemy
55.400000000000006,B0200,N001VE,TRACK,A0100,51.51938621975253,-20.34916622881697,-1079.9067061655905,0.32752705847284547,15308.515777789788,Enemy
55.6,A0100,AN/APG-68(V)9,TRACK,B0100,50.519705408365844,0.0,0.0,0.0,0.0,Friendly
55.6,A0200,AN/APG-68(V)9,TRACK,B0100,53.085337580631574,0.0,0.0,0.0,0.0,Friendly
55.6,B0100,N001VE,SEARCH,None,0.0,0.0,0.0,0.0,0.0,Enemy
55.6,B0200,N001VE,TRACK,A0100,51.51938621975253,-20.34916622881697,-1079.9067061655905,0.31328675158272207,15308.515777789788,Enemy
55.800000000000004,A0100,AN/APG-68(V)9,TRACK,B0100,50.38517657402726,0.0,0.0,0.0,0.0,Friendly
55.800000000000004,A0200,AN/APG-68(V)9,TRACK,B0100,52.959434424978234,0.0,0.0,0.0,0.0,Friendly
55.800000000000004,B0100,N001VE,TRACK,A0100,50.38517657402726,-19.926271214811393,-786.243954867058,0.38499270453764534,15352.772052421242,Enemy
55.800000000000004,B0200,N001VE,SEARCH,None,0.0,0.0,0.0,0.0,0.0,Enemy
56.0,A0100,AN/APG-68(V)9,TRACK,B0100,50.25062608262472,0.0,0.0,0.0,0.0,Friendly
56.0,A0200,AN/APG-68(V)9,TRACK,B0100,52.833535997480205,0.0,0.0,0.0,0.0,Friendly
56.0,B0100,N001VE,TRACK,A0100,50.38517657402726,-19.926271214811393,-786.243954867058,0.3701852928246593,15352.772052421242,Enemy
56.0,B0200,N001VE,SEARCH,None,0.0,0.0,0.0,0.0,0.0,Enemy
56.2,A0100,AN/APG-68(V)9,TRACK,B0100,50.116022079116554,0.0,0.0,0.0,0.0,Friendly
56.2,A0200,AN/APG-68(V)9,TRACK,B0100,52.707665060567145,0.0,0.0,0.0,0.0,Friendly
56.2,B0100,N001VE,TRACK,A0100,50.38517657402726,-19.926271214811393,-786.243954867058,0.3553778811116727,15352.772052421242,Enemy
56.2,B0200,N001VE,SEARCH,None,0.0,0.0,0.0,0.0,0.0,Enemy
56.400000000000006,A0100,AN/APG-68(V)9,TRACK,B0100,49.98140249373274,0.0,0.0,0.0,0.0,Friendly
56.400000000000006,A0200,AN/APG-68(V)9,TRACK,B0100,52.58179759698688,0.0,0.0,0.0,0.0,Friendly
56.400000000000006,B0100,N001VE,TRACK,A0100,50.38517657402726,-19.926271214811393,-786.243954867058,0.3405704693986861,15352.772052421242,Enemy
56.400000000000006,B0200,N001VE,SEARCH,None,0.0,0.0,0.0,0.0,0.0,Enemy
56.6,A0100,AN/APG-68(V)9,TRACK,B0100,49.84674058741681,0.0,0.0,0.0,0.0,Friendly
56.6,A0200,AN/APG-68(V)9,TRACK,B0100,52.45593195980125,0.0,0.0,0.0,0.0,Friendly
56.6,B0100,N001VE,TRACK,A0100,50.38517657402726,-19.926271214811393,-786.243954867058,0.3257630576857001,15352.772052421242,Enemy
56.6,B0200,N001VE,SEARCH,None,0.0,0.0,0.0,0.0,0.0,Enemy
56.800000000000004,A0100,AN/APG-68(V)9,TRACK,B0100,49.712037233473154,0.0,0.0,0.0,0.0,Friendly
56.800000000000004,A0200,AN/APG-68(V)9,TRACK,B0100,52.33011612042235,0.0,0.0,0.0,0.0,Friendly
56.800000000000004,B0100,N001VE,TRACK,A0100,49.712037233473154,-19.620896988503446,-805.7180288733417,0.3937435159648487,15350.24453806275,Enemy
56.800000000000004,B0200,N001VE,TRACK,A0100,50.184540902444525,-19.746060527274665,-1139.0031134639112,0.38760096826822094,15300.728035491351,Enemy
56.800000000000004,B0200,N001VE,TRACK,A0200,52.745750930108954,-21.20272841054597,136.6401480276681,0.3543052379085833,15493.15356969438,Enemy
57.0,A0100,AN/APG-68(V)9,TRACK,B0100,49.577301201316615,0.0,0.0,0.0,0.0,Friendly
57.0,A0200,AN/APG-68(V)9,TRACK,B0100,52.20434528389944,0.0,0.0,0.0,0.0,Friendly
57.0,B0100,N001VE,TRACK,A0100,49.712037233473154,-19.620896988503446,-805.7180288733417,0.3785995345815856,15350.24453806275,Enemy
57.0,B0200,N001VE,TRACK,A0100,50.184540902444525,-19.746060527274665,-1139.0031134639112,0.3726932387194435,15300.728035491351,Enemy
57.0,B0200,N001VE,TRACK,A0200,52.745750930108954,-21.20272841054597,136.6401480276681,0.34067811337363807,15493.15356969438,Enemy
57.2,A0100,AN/APG-68(V)9,TRACK,B0100,49.442535323722154,0.0,0.0,0.0,0.0,Friendly
57.2,A0200,AN/APG-68(V)9,TRACK,B0100,52.07865020823936,0.0,0.0,0.0,0.0,Friendly
57.2,B0100,N001VE,TRACK,A0100,49.712037233473154,-19.620896988503446,-805.7180288733417,0.3634555531983219,15350.24453806275,Enemy
57.2,B0200,N001VE,TRACK,A0100,50.184540902444525,-19.746060527274665,-1139.0031134639112,0.35778550917066554,15300.728035491351,Enemy
57.2,B0200,N001VE,TRACK,A0200,52.745750930108954,-21.20272841054597,136.6401480276681,0.3270509888386923,15493.15356969438,Enemy
57.400000000000006,A0100,AN/APG-68(V)9,TRACK,B0100,49.30773935756085,0.0,0.0,0.0,0.0,Friendly
57.400000000000006,A0200,AN/APG-68(V)9,TRACK,B0100,51.95302590238471,0.0,0.0,0.0,0.0,Friendly
57.400000000000006,B0100,N001VE,TRACK,A0100,49.712037233473154,-19.620896988503446,-805.7180288733417,0.3483115718150583,15350.24453806275,Enemy
57.400000000000006,B0200,N001VE,TRACK,A0100,50.184540902444525,-19.746060527274665,-1139.0031134639112,0.3428777796218876,15300.728035491351,Enemy
57.400000000000006,B0200,N001VE,TRACK,A0200,52.745750930108954,-21.20272841054597,136.6401480276681,0.31342386430374664,15493.15356969438,Enemy
57.6,A0100,AN/APG-68(V)9,TRACK,B0100,49.17291669332549,0.0,0.0,0.0,0.0,Friendly
57.6,A0200,AN/APG-68(V)9,TRACK,B0100,51.82741157701963,0.0,0.0,0.0,0.0,Friendly
57.6,B0100,N001VE,TRACK,A0100,49.712037233473154,-19.620896988503446,-805.7180288733417,0.33316759043179517,15350.24453806275,Enemy
57.6,B0200,N001VE,SEARCH,A0200,52.745750930108954,-21.20272841054597,136.6401480276681,0.2997967397688014,15493.15356969438,Enemy
57.800000000000004,A0100,AN/APG-68(V)9,TRACK,B0100,49.03806692674866,0.0,0.0,0.0,0.0,Friendly
57.800000000000004,A0200,AN/APG-68(V)9,TRACK,B0100,51.70181498754803,0.0,0.0,0.0,0.0,Friendly
57.800000000000004,B0100,N001VE,TRACK,A0100,49.03806692674866,-19.311806679873023,-824.9919715781457,0.40250512995226706,15347.629265718846,Enemy
57.800000000000004,B0200,N001VE,TRACK,A0100,49.51592299526849,-19.439053613021713,-1168.8958716945122,0.3962930010615093,15296.635937366622,Enemy
58.0,A0100,AN/APG-68(V)9,TRACK,B0100,48.90319402667348,0.0,0.0,0.0,0.0,Friendly
58.0,A0200,AN/APG-68(V)9,TRACK,B0100,51.57615766864291,0.0,0.0,0.0,0.0,Friendly
58.0,B0100,N001VE,TRACK,A0100,49.03806692674866,-19.311806679873023,-824.9919715781457,0.3870241634156417,15347.629265718846,Enemy
58.0,B0200,N001VE,TRACK,A0100,49.51592299526849,-19.439053613021713,-1168.8958716945122,0.38105096255914384,15296.635937366622,Enemy
58.2,A0100,AN/APG-68(V)9,TRACK,B0100,48.768296157963896,0.0,0.0,0.0,0.0,Friendly
58.2,A0200,AN/APG-68(V)9,TRACK,B0100,51.45052832715981,0.0,0.0,0.0,0.0,Friendly
58.2,B0100,N001VE,TRACK,A0100,49.03806692674866,-19.311806679873023,-824.9919715781457,0.3715431968790158,15347.629265718846,Enemy
58.2,B0200,N001VE,TRACK,A0100,49.51592299526849,-19.439053613021713,-1168.8958716945122,0.36580892405677784,15296.635937366622,Enemy
58.400000000000006,A0100,AN/APG-68(V)9,TRACK,B0100,48.63337029100448,0.0,0.0,0.0,0.0,Friendly
58.400000000000006,A0200,AN/APG-68(V)9,TRACK,B0100,51.32490418118731,0.0,0.0,0.0,0.0,Friendly
58.400000000000006,B0100,N001VE,TRACK,A0100,49.03806692674866,-19.311806679873023,-824.9919715781457,0.35606223034238993,15347.629265718846,Enemy
58.400000000000006,B0200,N001VE,TRACK,A0100,49.51592299526849,-19.439053613021713,-1168.8958716945122,0.3505668855544119,15296.635937366622,Enemy
58.6,A0100,AN/APG-68(V)9,TRACK,B0100,48.49841874540773,0.0,0.0,0.0,0.0,Friendly
58.6,A0200,AN/APG-68(V)9,TRACK,B0100,51.19935312335048,0.0,0.0,0.0,0.0,Friendly
58.6,B0100,N001VE,TRACK,A0100,49.03806692674866,-19.311806679873023,-824.9919715781457,0.3405812638057646,15347.629265718846,Enemy
58.6,B0200,N001VE,TRACK,A0100,49.51592299526849,-19.439053613021713,-1168.8958716945122,0.33532484705204646,15296.635937366622,Enemy
58.800000000000004,A0100,AN/APG-68(V)9,TRACK,B0100,48.36342656767799,0.0,0.0,0.0,0.0,Friendly
58.800000000000004,A0200,AN/APG-68(V)9,TRACK,B0100,51.07388384973183,0.0,0.0,0.0,0.0,Friendly
58.800000000000004,B0100,N001VE,SEARCH,None,0.0,0.0,0.0,0.0,0.0,Enemy
58.800000000000004,B0200,N001VE,TRACK,A0100,48.845960698671604,-19.127974464673443,-1200.5717652401395,0.40500251091726885,15292.376573953296,Enemy
59.0,A0100,AN/APG-68(V)9,TRACK,B0100,48.228376007537015,0.0,0.0,0.0,0.0,Friendly
59.0,A0200,AN/APG-68(V)9,TRACK,B0100,50.948460668558845,0.0,0.0,0.0,0.0,Friendly
59.0,B0100,N001VE,SEARCH,None,0.0,0.0,0.0,0.0,0.0,Enemy
59.0,B0200,N001VE,TRACK,A0100,48.845960698671604,-19.127974464673443,-1200.5717652401395,0.389425491266605,15292.376573953296,Enemy
59.2,A0100,AN/APG-68(V)9,TRACK,B0100,48.09328544617781,0.0,0.0,0.0,0.0,Friendly
59.2,A0200,AN/APG-68(V)9,TRACK,B0100,50.82311834539882,0.0,0.0,0.0,0.0,Friendly
59.2,B0100,N001VE,SEARCH,None,0.0,0.0,0.0,0.0,0.0,Enemy
59.2,B0200,N001VE,TRACK,A0100,48.845960698671604,-19.127974464673443,-1200.5717652401395,0.37384847161594054,15292.376573953296,Enemy
59.400000000000006,A0100,AN/APG-68(V)9,TRACK,B0100,47.95815386870218,0.0,0.0,0.0,0.0,Friendly
59.400000000000006,A0200,AN/APG-68(V)9,TRACK,B0100,50.697814549629,0.0,0.0,0.0,0.0,Friendly
59.400000000000006,B0100,N001VE,SEARCH,None,0.0,0.0,0.0,0.0,0.0,Enemy
59.400000000000006,B0200,N001VE,TRACK,A0100,48.845960698671604,-19.127974464673443,-1200.5717652401395,0.3582714519652761,15292.376573953296,Enemy
59.6,A0100,AN/APG-68(V)9,TRACK,B0100,47.82298780171469,0.0,0.0,0.0,0.0,Friendly
59.6,A0200,AN/APG-68(V)9,TRACK,B0100,50.572512237364265,0.0,0.0,0.0,0.0,Friendly
59.6,B0100,N001VE,SEARCH,None,0.0,0.0,0.0,0.0,0.0,Enemy
59.6,B0200,N001VE,TRACK,A0100,48.845960698671604,-19.127974464673443,-1200.5717652401395,0.3426944323146123,15292.376573953296,Enemy
59.800000000000004,A0100,AN/APG-68(V)9,TRACK,B0100,47.68779497332485,0.0,0.0,0.0,0.0,Friendly
59.800000000000004,A0200,AN/APG-68(V)9,TRACK,B0100,50.447212204321694,0.0,0.0,0.0,0.0,Friendly
59.800000000000004,B0100,N001VE,TRACK,A0100,47.68779497332485,-18.681738983955803,-868.1787074824222,0.4200586653467766,15341.901701598354,Enemy
59.800000000000004,B0100,N001VE,TRACK,A0200,50.447212204321694,-20.30005584660507,472.4054736625543,0.3841862413438177,15551.133253928572,Enemy
59.800000000000004,B0200,N001VE,SEARCH,None,0.0,0.0,0.0,0.0,0.0,Enemy
60.0,A0100,AN/APG-68(V)9,TRACK,B0100,47.552577263792436,0.0,0.0,0.0,0.0,Friendly
60.0,A0200,AN/APG-68(V)9,TRACK,B0100,50.32194727510901,0.0,0.0,0.0,0.0,Friendly
60.0,B0100,N001VE,TRACK,A0200,50.447212204321694,-20.30005584660507,472.4054736625543,0.3694098474459788,15551.133253928572,Enemy
60.0,B0200,N001VE,SEARCH,None,0.0,0.0,0.0,0.0,0.0,Enemy
60.2,A0100,AN/APG-68(V)9,TRACK,B0100,47.41733816425139,0.0,0.0,0.0,0.0,Friendly
60.2,A0200,AN/APG-68(V)9,TRACK,B0100,50.196702610883825,0.0,0.0,0.0,0.0,Friendly
60.2,B0100,N001VE,TRACK,A0200,50.447212204321694,-20.30005584660507,472.4054736625543,0.35463345354813947,15551.133253928572,Enemy
60.2,B0200,N001VE,SEARCH,None,0.0,0.0,0.0,0.0,0.0,Enemy
60.400000000000006,A0100,AN/APG-68(V)9,TRACK,B0100,47.28207749367049,0.0,0.0,0.0,0.0,Friendly
60.400000000000006,A0200,AN/APG-68(V)9,TRACK,B0100,50.0714758396773,0.0,0.0,0.0,0.0,Friendly
60.400000000000006,B0100,N001VE,TRACK,A0200,50.447212204321694,-20.30005584660507,472.4054736625543,0.33985705965030005,15551.133253928572,Enemy
60.400000000000006,B0200,N001VE,SEARCH,None,0.0,0.0,0.0,0.0,0.0,Enemy
60.6,A0100,AN/APG-68(V)9,TRACK,B0100,47.146797171319086,0.0,0.0,0.0,0.0,Friendly
60.6,A0200,AN/APG-68(V)9,TRACK,B0100,49.94630882229738,0.0,0.0,0.0,0.0,Friendly
60.6,B0100,N001VE,TRACK,A0200,50.447212204321694,-20.30005584660507,472.4054736625543,0.32508066575246125,15551.133253928572,Enemy
60.6,B0200,N001VE,SEARCH,None,0.0,0.0,0.0,0.0,0.0,Enemy
60.800000000000004,A0100,AN/APG-68(V)9,TRACK,B0100,47.01149618563484,0.0,0.0,0.0,0.0,Friendly
60.800000000000004,A0200,AN/APG-68(V)9,TRACK,B0100,49.82121724696293,0.0,0.0,0.0,0.0,Friendly
60.800000000000004,B0100,N001VE,TRACK,A0100,47.01149618563484,-18.36057104416704,-890.6581082901979,0.42885054958674673,15338.801240663497,Enemy
60.800000000000004,B0200,N001VE,SEARCH,None,0.0,0.0,0.0,0.0,0.0,Enemy
61.0,A0100,AN/APG-68(V)9,TRACK,B0100,46.87617598699876,0.0,0.0,0.0,0.0,Friendly
61.0,A0200,AN/APG-68(V)9,TRACK,B0100,49.69612675175353,0.0,0.0,0.0,0.0,Friendly
61.0,B0100,N001VE,TRACK,A0100,47.01149618563484,-18.36057104416704,-890.6581082901979,0.4123562976795645,15338.801240663497,Enemy
61.0,B0200,N001VE,SEARCH,None,0.0,0.0,0.0,0.0,0.0,Enemy
61.2,A0100,AN/APG-68(V)9,TRACK,B0100,46.740835381703526,0.0,0.0,0.0,0.0,Friendly
61.2,A0200,AN/APG-68(V)9,TRACK,B0100,49.57105511982654,0.0,0.0,0.0,0.0,Friendly
61.2,B0100,N001VE,TRACK,A0100,47.01149618563484,-18.36057104416704,-890.6581082901979,0.39586204577238165,15338.801240663497,Enemy
61.2,B0200,N001VE,SEARCH,None,0.0,0.0,0.0,0.0,0.0,Enemy
61.400000000000006,A0100,AN/APG-68(V)9,TRACK,B0100,46.60545966685957,0.0,0.0,0.0,0.0,Friendly
61.400000000000006,A0200,AN/APG-68(V)9,TRACK,B0100,49.44599883944826,0.0,0.0,0.0,0.0,Friendly
61.400000000000006,B0100,N001VE,TRACK,A0100,47.01149618563484,-18.36057104416704,-890.6581082901979,0.37936779386519887,15338.801240663497,Enemy
61.400000000000006,B0200,N001VE,SEARCH,None,0.0,0.0,0.0,0.0,0.0,Enemy
61.6,A0100,AN/APG-68(V)9,TRACK,B0100,46.470036380492104,0.0,0.0,0.0,0.0,Friendly
61.6,A0200,AN/APG-68(V)9,TRACK,B0100,49.32099594417394,0.0,0.0,0.0,0.0,Friendly
61.6,B0100,N001VE,SEARCH,None,0.0,0.0,0.0,0.0,0.0,Enemy
61.6,B0200,N001VE,SEARCH,None,0.0,0.0,0.0,0.0,0.0,Enemy
61.800000000000004,A0100,AN/APG-68(V)9,TRACK,B0100,46.33460747730579,0.0,0.0,0.0,0.0,Friendly
61.800000000000004,A0200,AN/APG-68(V)9,TRACK,B0100,49.19608390137645,0.0,0.0,0.0,0.0,Friendly
61.800000000000004,B0100,N001VE,TRACK,A0100,46.33460747730579,-18.035171737592826,-915.0201982572636,0.4376501027950245,15335.496972303601,Enemy
61.800000000000004,B0200,N001VE,SEARCH,None,0.0,0.0,0.0,0.0,0.0,Enemy
62.0,A0100,AN/APG-68(V)9,TRACK,B0100,46.199141132291096,0.0,0.0,0.0,0.0,Friendly
62.0,A0200,AN/APG-68(V)9,TRACK,B0100,49.071281160957845,0.0,0.0,0.0,0.0,Friendly
62.0,B0100,N001VE,TRACK,A0100,46.33460747730579,-18.035171737592826,-915.0201982572636,0.4208174065336777,15335.496972303601,Enemy
62.0,B0200,N001VE,SEARCH,None,0.0,0.0,0.0,0.0,0.0,Enemy
62.2,A0100,AN/APG-68(V)9,TRACK,B0100,46.06367396252878,0.0,0.0,0.0,0.0,Friendly
62.2,A0200,AN/APG-68(V)9,TRACK,B0100,48.94663292110006,0.0,0.0,0.0,0.0,Friendly
62.2,B0100,N001VE,TRACK,A0100,46.33460747730579,-18.035171737592826,-915.0201982572636,0.40398471027233035,15335.496972303601,Enemy
62.2,B0200,N001VE,SEARCH,None,0.0,0.0,0.0,0.0,0.0,Enemy
62.400000000000006,A0100,AN/APG-68(V)9,TRACK,B0100,45.92815672018826,0.0,0.0,0.0,0.0,Friendly
62.400000000000006,A0200,AN/APG-68(V)9,TRACK,B0100,48.82215782100746,0.0,0.0,0.0,0.0,Friendly
62.400000000000006,B0100,N001VE,TRACK,A0100,46.33460747730579,-18.035171737592826,-915.0201982572636,0.387152014010983,15335.496972303601,Enemy
62.400000000000006,B0200,N001VE,SEARCH,None,0.0,0.0,0.0,0.0,0.0,Enemy
62.6,A0100,AN/APG-68(V)9,TRACK,B0100,45.79261039640962,0.0,0.0,0.0,0.0,Friendly
62.6,A0200,AN/APG-68(V)9,TRACK,B0100,48.69790248871681,0.0,0.0,0.0,0.0,Friendly
62.6,B0100,N001VE,TRACK,A0100,46.33460747730579,-18.035171737592826,-915.0201982572636,0.3703193177496363,15335.496972303601,Enemy
62.6,B0200,N001VE,SEARCH,None,0.0,0.0,0.0,0.0,0.0,Enemy
62.800000000000004,A0100,AN/APG-68(V)9,TRACK,B0100,45.65704088229523,0.0,0.0,0.0,0.0,Friendly
62.800000000000004,A0200,AN/APG-68(V)9,TRACK,B0100,48.57388650897833,0.0,0.0,0.0,0.0,Friendly
62.800000000000004,B0100,N001VE,TRACK,A0100,45.65704088229523,-17.705408986488898,-941.0126771212781,0.4464584685301616,15332.003656239547,Enemy
62.800000000000004,B0200,N001VE,TRACK,A0100,46.16040065722799,-17.843906957323636,-1340.7439201649652,0.4399147914560358,15273.384132649426,Enemy
63.0,A0100,AN/APG-68(V)9,TRACK,B0100,45.5214506597016,0.0,0.0,0.0,0.0,Friendly
63.0,A0200,AN/APG-68(V)9,TRACK,B0100,48.45013258617537,0.0,0.0,0.0,0.0,Friendly
63.0,B0100,N001VE,TRACK,A0100,45.65704088229523,-17.705408986488898,-941.0126771212781,0.42928698897130957,15332.003656239547,Enemy
63.0,B0200,N001VE,TRACK,A0100,46.16040065722799,-17.843906957323636,-1340.7439201649652,0.42299499178465017,15273.384132649426,Enemy
63.2,A0100,AN/APG-68(V)9,TRACK,B0100,45.38584726049362,0.0,0.0,0.0,0.0,Friendly
63.2,A0200,AN/APG-68(V)9,TRACK,B0100,48.32665616257702,0.0,0.0,0.0,0.0,Friendly
63.2,B0100,N001VE,TRACK,A0100,45.65704088229523,-17.705408986488898,-941.0126771212781,0.41211550941245695,15332.003656239547,Enemy
63.2,B0200,N001VE,TRACK,A0100,46.16040065722799,-17.843906957323636,-1340.7439201649652,0.4060751921132639,15273.384132649426,Enemy
63.400000000000006,A0100,AN/APG-68(V)9,TRACK,B0100,45.25022694903158,0.0,0.0,0.0,0.0,Friendly
63.400000000000006,A0200,AN/APG-68(V)9,TRACK,B0100,48.20349219050471,0.0,0.0,0.0,0.0,Friendly
63.400000000000006,B0100,N001VE,TRACK,A0100,45.65704088229523,-17.705408986488898,-941.0126771212781,0.3949440298536043,15332.003656239547,Enemy
63.400000000000006,B0200,N001VE,TRACK,A0100,46.16040065722799,-17.843906957323636,-1340.7439201649652,0.38915539244187763,15273.384132649426,Enemy
63.6,A0100,AN/APG-68(V)9,TRACK,B0100,45.114593231890275,0.0,0.0,0.0,0.0,Friendly
63.6,A0200,AN/APG-68(V)9,TRACK,B0100,48.080640030442275,0.0,0.0,0.0,0.0,Friendly
63.6,B0100,N001VE,TRACK,A0100,45.65704088229523,-17.705408986488898,-941.0126771212781,0.37777255029475226,15332.003656239547,Enemy
63.6,B0200,N001VE,TRACK,A0100,46.16040065722799,-17.843906957323636,-1340.7439201649652,0.372235592770492,15273.384132649426,Enemy
63.800000000000004,A0100,AN/APG-68(V)9,LOCK,B0100,44.97894657680442,0.0,0.0,0.0,0.0,Friendly
63.800000000000004,A0200,AN/APG-68(V)9,TRACK,B0100,47.95811867996227,0.0,0.0,0.0,0.0,Friendly
63.800000000000004,B0100,N001VE,SEARCH,None,0.0,0.0,0.0,0.0,0.0,Enemy
63.800000000000004,B0200,N001VE,TRACK,A0100,45.48778118244072,-17.512361563496228,-1378.9250407975178,0.44865884462827027,15268.060904354787,Enemy
64.0,A0100,AN/APG-68(V)9,LOCK,B0100,44.843289337623844,0.0,0.0,0.0,0.0,Friendly
64.0,A0200,AN/APG-68(V)9,TRACK,B0100,47.83586459400463,0.0,0.0,0.0,0.0,Friendly
64.0,B0100,N001VE,SEARCH,None,0.0,0.0,0.0,0.0,0.0,Enemy
64.0,B0200,N001VE,TRACK,A0100,45.48778118244072,-17.512361563496228,-1378.9250407975178,0.431402735219491,15268.060904354787,Enemy
64.2,A0100,AN/APG-68(V)9,LOCK,B0100,44.70762085429867,0.0,0.0,0.0,0.0,Friendly
64.2,A0200,AN/APG-68(V)9,TRACK,B0100,47.713838591280044,0.0,0.0,0.0,0.0,Friendly
64.2,B0100,N001VE,SEARCH,None,0.0,0.0,0.0,0.0,0.0,Enemy
64.2,B0200,N001VE,TRACK,A0100,45.48778118244072,-17.512361563496228,-1378.9250407975178,0.4141466258107111,15268.060904354787,Enemy
64.4,A0100,AN/APG-68(V)9,LOCK,B0100,44.571921300233775,0.0,0.0,0.0,0.0,Friendly
64.4,A0200,AN/APG-68(V)9,TRACK,B0100,47.59207610074464,0.0,0.0,0.0,0.0,Friendly
64.4,B0100,N001VE,SEARCH,None,0.0,0.0,0.0,0.0,0.0,Enemy
64.4,B0200,N001VE,TRACK,A0100,45.48778118244072,-17.512361563496228,-1378.9250407975178,0.39689051640193124,15268.060904354787,Enemy
64.60000000000001,A0100,AN/APG-68(V)9,LOCK,B0100,44.436191726837684,0.0,0.0,0.0,0.0,Friendly
64.60000000000001,A0200,AN/APG-68(V)9,TRACK,B0100,47.470602112414,0.0,0.0,0.0,0.0,Friendly
64.60000000000001,B0100,N001VE,SEARCH,None,0.0,0.0,0.0,0.0,0.0,Enemy
64.60000000000001,B0200,N001VE,TRACK,A0100,45.48778118244072,-17.512361563496228,-1378.9250407975178,0.3796344069931514,15268.060904354787,Enemy
64.8,A0100,AN/APG-68(V)9,LOCK,B0100,44.30046248944716,0.0,0.0,0.0,0.0,Friendly
64.8,A0200,AN/APG-68(V)9,TRACK,B0100,47.349198959808206,0.0,0.0,0.0,0.0,Friendly
64.8,B0100,N001VE,SEARCH,None,0.0,0.0,0.0,0.0,0.0,Enemy
64.8,B0200,N001VE,SEARCH,None,0.0,0.0,0.0,0.0,0.0,Enemy
65.0,A0100,AN/APG-68(V)9,LOCK,B0100,44.164695762633386,0.0,0.0,0.0,0.0,Friendly
65.0,A0200,AN/APG-68(V)9,TRACK,B0100,47.22747202332589,0.0,0.0,0.0,0.0,Friendly
65.0,B0100,N001VE,SEARCH,None,0.0,0.0,0.0,0.0,0.0,Enemy
65.0,B0200,N001VE,SEARCH,None,0.0,0.0,0.0,0.0,0.0,Enemy
65.2,A0100,AN/APG-68(V)9,LOCK,B0100,44.02893192407693,0.0,0.0,0.0,0.0,Friendly
65.2,A0200,AN/APG-68(V)9,TRACK,B0100,47.10526312050844,0.0,0.0,0.0,0.0,Friendly
65.2,B0100,N001VE,SEARCH,None,0.0,0.0,0.0,0.0,0.0,Enemy
65.2,B0200,N001VE,SEARCH,None,0.0,0.0,0.0,0.0,0.0,Enemy
65.4,A0100,AN/APG-68(V)9,LOCK,B0100,43.893122324768996,0.0,0.0,0.0,0.0,Friendly
65.4,A0200,AN/APG-68(V)9,TRACK,B0100,46.9825273417117,0.0,0.0,0.0,0.0,Friendly
65.4,B0100,N001VE,SEARCH,None,0.0,0.0,0.0,0.0,0.0,Enemy
65.4,B0200,N001VE,SEARCH,None,0.0,0.0,0.0,0.0,0.0,Enemy
65.60000000000001,A0100,AN/APG-68(V)9,LOCK,B0100,43.75729234590694,0.0,0.0,0.0,0.0,Friendly
65.60000000000001,A0200,AN/APG-68(V)9,TRACK,B0100,46.85928193365772,0.0,0.0,0.0,0.0,Friendly
65.60000000000001,B0100,N001VE,SEARCH,None,0.0,0.0,0.0,0.0,0.0,Enemy
65.60000000000001,B0200,N001VE,SEARCH,None,0.0,0.0,0.0,0.0,0.0,Enemy
65.8,A0100,AN/APG-68(V)9,LOCK,B0100,43.62144436803023,0.0,0.0,0.0,0.0,Friendly
65.8,A0200,AN/APG-68(V)9,TRACK,B0100,46.73555406184188,0.0,0.0,0.0,0.0,Friendly
65.8,B0100,N001VE,SEARCH,None,0.0,0.0,0.0,0.0,0.0,Enemy
65.8,B0200,N001VE,TRACK,A0100,44.14180172547964,-16.836167457315646,-1461.3789319702946,0.46615657756876494,15256.711607301952,Enemy
66.0,A0100,AN/APG-68(V)9,LOCK,B0100,43.48558045073899,0.0,0.0,0.0,0.0,Friendly
66.0,A0200,AN/APG-68(V)9,TRACK,B0100,46.61139996164804,0.0,0.0,0.0,0.0,Friendly
66.0,B0100,N001VE,SEARCH,None,0.0,0.0,0.0,0.0,0.0,Enemy
66.0,B0200,N001VE,TRACK,A0100,44.14180172547964,-16.836167457315646,-1461.3789319702946,0.44822747843150457,15256.711607301952,Enemy
66.2,A0100,AN/APG-68(V)9,LOCK,B0100,43.34970535149337,0.0,0.0,0.0,0.0,Friendly
66.2,A0200,AN/APG-68(V)9,TRACK,B0100,46.48684140911389,0.0,0.0,0.0,0.0,Friendly
66.2,B0100,N001VE,SEARCH,None,0.0,0.0,0.0,0.0,0.0,Enemy
66.2,B0200,N001VE,TRACK,A0100,44.14180172547964,-16.836167457315646,-1461.3789319702946,0.43029837929424414,15256.711607301952,Enemy
66.4,A0100,AN/APG-68(V)9,LOCK,B0100,43.21382009493642,0.0,0.0,0.0,0.0,Friendly
66.4,A0200,AN/APG-68(V)9,TRACK,B0100,46.361932130115946,0.0,0.0,0.0,0.0,Friendly
66.4,B0100,N001VE,SEARCH,None,0.0,0.0,0.0,0.0,0.0,Enemy
66.4,B0200,N001VE,TRACK,A0100,44.14180172547964,-16.836167457315646,-1461.3789319702946,0.41236928015698365,15256.711607301952,Enemy
66.60000000000001,A0100,AN/APG-68(V)9,LOCK,B0100,43.07792740409274,0.0,0.0,0.0,0.0,Friendly
66.60000000000001,A0200,AN/APG-68(V)9,TRACK,B0100,46.23669931079731,0.0,0.0,0.0,0.0,Friendly
66.60000000000001,B0100,N001VE,SEARCH,None,0.0,0.0,0.0,0.0,0.0,Enemy
66.60000000000001,B0200,N001VE,TRACK,A0100,44.14180172547964,-16.836167457315646,-1461.3789319702946,0.3944401810197233,15256.711607301952,Enemy
66.8,A0100,AN/APG-68(V)9,LOCK,B0100,42.94202686787556,0.0,0.0,0.0,0.0,Friendly
66.8,A0200,AN/APG-68(V)9,TRACK,B0100,46.11118226075296,0.0,0.0,0.0,0.0,Friendly
66.8,B0100,N001VE,SEARCH,None,0.0,0.0,0.0,0.0,0.0,Enemy
66.8,B0200,N001VE,SEARCH,None,0.0,0.0,0.0,0.0,0.0,Enemy
67.0,A0100,AN/APG-68(V)9,LOCK,B0100,42.806120137332165,0.0,0.0,0.0,0.0,Friendly
67.0,A0200,AN/APG-68(V)9,TRACK,B0100,45.98538819753951,0.0,0.0,0.0,0.0,Friendly
67.0,B0100,N001VE,SEARCH,None,0.0,0.0,0.0,0.0,0.0,Enemy
67.0,B0200,N001VE,SEARCH,None,0.0,0.0,0.0,0.0,0.0,Enemy
67.2,A0100,AN/APG-68(V)9,LOCK,B0100,42.67020612644554,0.0,0.0,0.0,0.0,Friendly
67.2,A0200,AN/APG-68(V)9,TRACK,B0100,45.859358665525455,0.0,0.0,0.0,0.0,Friendly
67.2,B0100,N001VE,SEARCH,None,0.0,0.0,0.0,0.0,0.0,Enemy
67.2,B0200,N001VE,SEARCH,None,0.0,0.0,0.0,0.0,0.0,Enemy
67.4,A0100,AN/APG-68(V)9,LOCK,B0100,42.53427027553578,0.0,0.0,0.0,0.0,Friendly
67.4,A0200,AN/APG-68(V)9,TRACK,B0100,45.73312046434244,0.0,0.0,0.0,0.0,Friendly
67.4,B0100,N001VE,SEARCH,None,0.0,0.0,0.0,0.0,0.0,Enemy
67.4,B0200,N001VE,SEARCH,None,0.0,0.0,0.0,0.0,0.0,Enemy
67.60000000000001,A0100,AN/APG-68(V)9,LOCK,B0100,42.39829889539449,0.0,0.0,0.0,0.0,Friendly
67.60000000000001,A0200,AN/APG-68(V)9,TRACK,B0100,45.606745959368205,0.0,0.0,0.0,0.0,Friendly
67.60000000000001,B0100,N001VE,SEARCH,None,0.0,0.0,0.0,0.0,0.0,Enemy
67.60000000000001,B0200,N001VE,SEARCH,None,0.0,0.0,0.0,0.0,0.0,Enemy
67.8,A0100,AN/APG-68(V)9,LOCK,B0100,42.2623330472342,0.0,0.0,0.0,0.0,Friendly
67.8,A0200,AN/APG-68(V)9,TRACK,B0100,45.480279903991374,0.0,0.0,0.0,0.0,Friendly
67.8,B0100,N001VE,TRACK,A0200,45.480279903991374,-18.037828088167508,596.0754051208096,0.44875636124811236,15571.20234638773,Enemy
67.8,B0200,N001VE,SEARCH,None,0.0,0.0,0.0,0.0,0.0,Enemy
68.0,A0100,AN/APG-68(V)9,LOCK,B0100,42.12634122467637,0.0,0.0,0.0,0.0,Friendly
68.0,A0200,AN/APG-68(V)9,TRACK,B0100,45.35369676538616,0.0,0.0,0.0,0.0,Friendly
68.0,B0100,N001VE,TRACK,A0200,45.480279903991374,-18.037828088167508,596.0754051208096,0.43149650120010785,15571.20234638773,Enemy
68.0,B0200,N001VE,SEARCH,None,0.0,0.0,0.0,0.0,0.0,Enemy
68.2,A0100,AN/APG-68(V)9,LOCK,B0100,41.990360157246386,0.0,0.0,0.0,0.0,Friendly
68.2,A0200,AN/APG-68(V)9,TRACK,B0100,45.22705598056506,0.0,0.0,0.0,0.0,Friendly
68.2,B0100,N001VE,TRACK,A0200,45.480279903991374,-18.037828088167508,596.0754051208096,0.4142366411521033,15571.20234638773,Enemy
68.2,B0200,N001VE,SEARCH,None,0.0,0.0,0.0,0.0,0.0,Enemy
68.4,A0100,AN/APG-68(V)9,LOCK,B0100,41.85433930951823,0.0,0.0,0.0,0.0,Friendly
68.4,A0200,AN/APG-68(V)9,TRACK,B0100,45.10045011787069,0.0,0.0,0.0,0.0,Friendly
68.4,B0100,N001VE,TRACK,A0200,45.480279903991374,-18.037828088167508,596.0754051208096,0.39697678110409873,15571.20234638773,Enemy
68.4,B0200,N001VE,SEARCH,None,0.0,0.0,0.0,0.0,0.0,Enemy
68.60000000000001,A0100,AN/APG-68(V)9,LOCK,B0100,41.718303550186754,0.0,0.0,0.0,0.0,Friendly
68.60000000000001,A0200,AN/APG-68(V)9,LOCK,B0100,44.97391853297547,0.0,0.0,0.0,0.0,Friendly
68.60000000000001,B0100,N001VE,TRACK,A0200,45.480279903991374,-18.037828088167508,596.0754051208096,0.37971692105609417,15571.20234638773,Enemy
68.60000000000001,B0200,N001VE,SEARCH,None,0.0,0.0,0.0,0.0,0.0,Enemy
68.8,A0100,AN/APG-68(V)9,LOCK,B0100,41.582254468137485,0.0,0.0,0.0,0.0,Friendly
68.8,A0200,AN/APG-68(V)9,LOCK,B0100,44.84741066097928,0.0,0.0,0.0,0.0,Friendly
68.8,B0100,N001VE,SEARCH,None,0.0,0.0,0.0,0.0,0.0,Enemy
68.8,B0200,N001VE,TRACK,A0200,45.298427296987796,-17.83626801267181,212.50719689163572,0.45112044513915894,15506.01428747763,Enemy
69.0,A0100,AN/APG-68(V)9,LOCK,B0100,41.44619461199756,0.0,0.0,0.0,0.0,Friendly
69.0,A0200,AN/APG-68(V)9,LOCK,B0100,44.72097244994955,0.0,0.0,0.0,0.0,Friendly
69.0,B0100,N001VE,SEARCH,None,0.0,0.0,0.0,0.0,0.0,Enemy
69.0,B0200,N001VE,TRACK,A0200,45.298427296987796,-17.83626801267181,212.50719689163572,0.4337696587876526,15506.01428747763,Enemy
69.2,A0100,AN/APG-68(V)9,LOCK,B0100,41.3101326281196,0.0,0.0,0.0,0.0,Friendly
69.2,A0200,AN/APG-68(V)9,LOCK,B0100,44.59467573081808,0.0,0.0,0.0,0.0,Friendly
69.2,B0100,N001VE,SEARCH,None,0.0,0.0,0.0,0.0,0.0,Enemy
69.2,B0200,N001VE,TRACK,A0200,45.298427296987796,-17.83626801267181,212.50719689163572,0.4164188724361462,15506.01428747763,Enemy
69.4,A0100,AN/APG-68(V)9,LOCK,B0100,41.17406534110796,0.0,0.0,0.0,0.0,Friendly
69.4,A0200,AN/APG-68(V)9,LOCK,B0100,44.468668608860014,0.0,0.0,0.0,0.0,Friendly
69.4,B0100,N001VE,SEARCH,None,0.0,0.0,0.0,0.0,0.0,Enemy
69.4,B0200,N001VE,TRACK,A0200,45.298427296987796,-17.83626801267181,212.50719689163572,0.3990680860846399,15506.01428747763,Enemy
69.60000000000001,A0100,AN/APG-68(V)9,LOCK,B0100,41.03799658991418,0.0,0.0,0.0,0.0,Friendly
69.60000000000001,A0200,AN/APG-68(V)9,LOCK,B0100,44.343009226898374,0.0,0.0,0.0,0.0,Friendly
69.60000000000001,B0100,N001VE,SEARCH,None,0.0,0.0,0.0,0.0,0.0,Enemy
69.60000000000001,B0200,N001VE,TRACK,A0200,45.298427296987796,-17.83626801267181,212.50719689163572,0.38171729973313356,15506.01428747763,Enemy
69.8,A0100,AN/APG-68(V)9,LOCK,B0100,40.901926906034625,0.0,0.0,0.0,0.0,Friendly
69.8,A0200,AN/APG-68(V)9,LOCK,B0100,44.217619182505516,0.0,0.0,0.0,0.0,Friendly
69.8,B0100,N001VE,TRACK,A0200,44.217619182505516,-17.427729481749044,609.0981286384282,0.4651709506274286,15574.226656370509,Enemy
69.8,B0200,N001VE,SEARCH,None,0.0,0.0,0.0,0.0,0.0,Enemy
70.0,A0100,AN/APG-68(V)9,LOCK,B0100,40.76584085999127,0.0,0.0,0.0,0.0,Friendly
70.0,A0200,AN/APG-68(V)9,LOCK,B0100,44.092446994425664,0.0,0.0,0.0,0.0,Friendly
70.0,B0100,N001VE,TRACK,A0200,44.217619182505516,-17.427729481749044,609.0981286384282,0.4472797602186811,15574.226656370509,Enemy
70.0,B0200,N001VE,SEARCH,None,0.0,0.0,0.0,0.0,0.0,Enemy
70.2,A0100,AN/APG-68(V)9,LOCK,B0100,40.62972910682368,0.0,0.0,0.0,0.0,Friendly
70.2,A0200,AN/APG-68(V)9,LOCK,B0100,43.9675827883161,0.0,0.0,0.0,0.0,Friendly
70.2,B0100,N001VE,SEARCH,None,0.0,0.0,0.0,0.0,0.0,Enemy
70.2,B0200,N001VE,SEARCH,None,0.0,0.0,0.0,0.0,0.0,Enemy
70.4,A0100,AN/APG-68(V)9,LOCK,B0100,40.49362863225988,0.0,0.0,0.0,0.0,Friendly
70.4,A0200,AN/APG-68(V)9,LOCK,B0100,43.84310753145425,0.0,0.0,0.0,0.0,Friendly
70.4,B0100,N001VE,SEARCH,None,0.0,0.0,0.0,0.0,0.0,Enemy
70.4,B0200,N001VE,SEARCH,None,0.0,0.0,0.0,0.0,0.0,Enemy
70.60000000000001,A0100,AN/APG-68(V)9,LOCK,B0100,40.35750745959073,0.0,0.0,0.0,0.0,Friendly
70.60000000000001,A0200,AN/APG-68(V)9,LOCK,B0100,43.719123718563935,0.0,0.0,0.0,0.0,Friendly
70.60000000000001,B0100,N001VE,SEARCH,None,0.0,0.0,0.0,0.0,0.0,Enemy
70.60000000000001,B0200,N001VE,SEARCH,None,0.0,0.0,0.0,0.0,0.0,Enemy
70.8,A0100,AN/APG-68(V)9,LOCK,B0100,40.22140408141734,0.0,0.0,0.0,0.0,Friendly
70.8,A0200,AN/APG-68(V)9,LOCK,B0100,43.59556560099875,0.0,0.0,0.0,0.0,Friendly
70.8,B0100,N001VE,SEARCH,None,0.0,0.0,0.0,0.0,0.0,Enemy
70.8,B0200,N001VE,TRACK,A0100,40.76846462726362,-15.059335410293578,-1700.1426295548522,0.5100099598455732,15223.21056717374,Enemy
71.0,A0100,AN/APG-68(V)9,LOCK,B0100,40.08536302258167,0.0,0.0,0.0,0.0,Friendly
71.0,A0200,AN/APG-68(V)9,LOCK,B0100,43.472406054533245,0.0,0.0,0.0,0.0,Friendly
71.0,B0100,N001VE,SEARCH,None,0.0,0.0,0.0,0.0,0.0,Enemy
71.0,B0200,N001VE,TRACK,A0100,40.76846462726362,-15.059335410293578,-1700.1426295548522,0.49039419215920477,15223.21056717374,Enemy
71.2,A0100,AN/APG-68(V)9,LOCK,B0100,39.94957108562153,0.0,0.0,0.0,0.0,Friendly
71.2,A0200,AN/APG-68(V)9,LOCK,B0100,43.34977266257443,0.0,0.0,0.0,0.0,Friendly
71.2,B0100,N001VE,SEARCH,None,0.0,0.0,0.0,0.0,0.0,Enemy
71.2,B0200,N001VE,TRACK,A0100,40.76846462726362,-15.059335410293578,-1700.1426295548522,0.4707784244728363,15223.21056717374,Enemy
71.4,A0100,AN/APG-68(V)9,LOCK,B0100,39.813936869909995,0.0,0.0,0.0,0.0,Friendly
71.4,A0200,AN/APG-68(V)9,LOCK,B0100,43.22742335746508,0.0,0.0,0.0,0.0,Friendly
71.4,B0100,N001VE,SEARCH,None,0.0,0.0,0.0,0.0,0.0,Enemy
71.4,B0200,N001VE,TRACK,A0100,40.76846462726362,-15.059335410293578,-1700.1426295548522,0.45116265678646783,15223.21056717374,Enemy
71.60000000000001,A0100,AN/APG-68(V)9,LOCK,B0100,39.67843753880198,0.0,0.0,0.0,0.0,Friendly
71.60000000000001,A0200,AN/APG-68(V)9,LOCK,B0100,43.10511556696858,0.0,0.0,0.0,0.0,Friendly
71.60000000000001,B0100,N001VE,SEARCH,None,0.0,0.0,0.0,0.0,0.0,Enemy
71.60000000000001,B0200,N001VE,TRACK,A0100,40.76846462726362,-15.059335410293578,-1700.1426295548522,0.43154688910009936,15223.21056717374,Enemy
71.8,A0100,AN/APG-68(V)9,LOCK,B0100,39.543038446045685,0.0,0.0,0.0,0.0,Friendly
71.8,A0200,AN/APG-68(V)9,LOCK,B0100,42.98258256354951,0.0,0.0,0.0,0.0,Friendly
71.8,B0100,N001VE,TRACK,A0100,39.543038446045685,-14.523311250310128,-1229.0255521635129,0.5259405002014063,15290.069707663863,Enemy
71.8,B0200,N001VE,SEARCH,None,0.0,0.0,0.0,0.0,0.0,Enemy
72.0,A0100,AN/APG-68(V)9,LOCK,B0100,39.40777309465582,0.0,0.0,0.0,0.0,Friendly
72.0,A0200,AN/APG-68(V)9,LOCK,B0100,42.859708632034696,0.0,0.0,0.0,0.0,Friendly
72.0,B0100,N001VE,TRACK,A0100,39.543038446045685,-14.523311250310128,-1229.0255521635129,0.5057120194244289,15290.069707663863,Enemy
72.0,B0200,N001VE,SEARCH,None,0.0,0.0,0.0,0.0,0.0,Enemy
72.2,A0100,AN/APG-68(V)9,LOCK,B0100,39.27290757579338,0.0,0.0,0.0,0.0,Friendly
72.2,A0200,AN/APG-68(V)9,LOCK,B0100,42.736662536625055,0.0,0.0,0.0,0.0,Friendly
72.2,B0100,N001VE,TRACK,A0100,39.543038446045685,-14.523311250310128,-1229.0255521635129,0.4854835386474514,15290.069707663863,Enemy
72.2,B0200,N001VE,SEARCH,None,0.0,0.0,0.0,0.0,0.0,Enemy
72.4,A0100,AN/APG-68(V)9,LOCK,B0100,39.13880944160749,0.0,0.0,0.0,0.0,Friendly
72.4,A0200,AN/APG-68(V)9,LOCK,B0100,42.6137175840978,0.0,0.0,0.0,0.0,Friendly
72.4,B0100,N001VE,TRACK,A0100,39.543038446045685,-14.523311250310128,-1229.0255521635129,0.465255057870474,15290.069707663863,Enemy
72.4,B0200,N001VE,SEARCH,None,0.0,0.0,0.0,0.0,0.0,Enemy
72.60000000000001,A0100,AN/APG-68(V)9,LOCK,B0100,39.00565496487553,0.0,0.0,0.0,0.0,Friendly
72.60000000000001,A0200,AN/APG-68(V)9,LOCK,B0100,42.49092638041277,0.0,0.0,0.0,0.0,Friendly
72.60000000000001,B0100,N001VE,TRACK,A0100,39.543038446045685,-14.523311250310128,-1229.0255521635129,0.4450265770934966,15290.069707663863,Enemy
72.60000000000001,B0200,N001VE,SEARCH,None,0.0,0.0,0.0,0.0,0.0,Enemy
72.8,A0100,AN/APG-68(V)9,LOCK,B0100,38.87332811837443,0.0,0.0,0.0,0.0,Friendly
72.8,A0200,AN/APG-68(V)9,LOCK,B0100,42.36815840652546,0.0,0.0,0.0,0.0,Friendly
72.8,B0100,N001VE,TRACK,A0100,38.87332811837443,-14.148872040018656,-1255.644755940412,0.5346467344611326,15283.918626560058,Enemy
72.8,B0200,N001VE,SEARCH,None,0.0,0.0,0.0,0.0,0.0,Enemy
73.0,A0100,AN/APG-68(V)9,LOCK,B0100,38.74185352855653,0.0,0.0,0.0,0.0,Friendly
73.0,A0200,AN/APG-68(V)9,LOCK,B0100,42.2453522204677,0.0,0.0,0.0,0.0,Friendly
73.0,B0100,N001VE,TRACK,A0100,38.87332811837443,-14.148872040018656,-1255.644755940412,0.5140833985203196,15283.918626560058,Enemy
73.0,B0200,N001VE,SEARCH,None,0.0,0.0,0.0,0.0,0.0,Enemy
73.2,A0100,AN/APG-68(V)9,LOCK,B0100,38.61134500232915,0.0,0.0,0.0,0.0,Friendly
73.2,A0200,AN/APG-68(V)9,LOCK,B0100,42.12252415527739,0.0,0.0,0.0,0.0,Friendly
73.2,B0100,N001VE,TRACK,A0100,38.87332811837443,-14.148872040018656,-1255.644755940412,0.4935200625795065,15283.918626560058,Enemy
73.2,B0200,N001VE,SEARCH,None,0.0,0.0,0.0,0.0,0.0,Enemy
73.4,A0100,AN/APG-68(V)9,LOCK,B0100,38.48186558607275,0.0,0.0,0.0,0.0,Friendly
73.4,A0200,AN/APG-68(V)9,LOCK,B0100,41.999605565407734,0.0,0.0,0.0,0.0,Friendly
73.4,B0100,N001VE,TRACK,A0100,38.87332811837443,-14.148872040018656,-1255.644755940412,0.4729567266386934,15283.918626560058,Enemy
73.4,B0200,N001VE,SEARCH,None,0.0,0.0,0.0,0.0,0.0,Enemy
73.60000000000001,A0100,AN/APG-68(V)9,LOCK,B0100,38.35365331205129,0.0,0.0,0.0,0.0,Friendly
73.60000000000001,A0200,AN/APG-68(V)9,LOCK,B0100,41.87670280605414,0.0,0.0,0.0,0.0,Friendly
73.60000000000001,B0100,N001VE,TRACK,A0100,38.87332811837443,-14.148872040018656,-1255.644755940412,0.45239339069788037,15283.918626560058,Enemy
73.60000000000001,B0200,N001VE,SEARCH,None,0.0,0.0,0.0,0.0,0.0,Enemy
73.8,A0100,AN/APG-68(V)9,LOCK,B0100,38.2266336390329,0.0,0.0,0.0,0.0,Friendly
73.8,A0200,AN/APG-68(V)9,LOCK,B0100,41.753828212435806,0.0,0.0,0.0,0.0,Friendly
73.8,B0100,N001VE,SEARCH,None,0.0,0.0,0.0,0.0,0.0,Enemy
73.8,B0200,N001VE,TRACK,A0100,38.78587331377186,-13.941866734969302,-1845.584226841582,0.5357836469209661,15192.741650178812,Enemy
74.0,A0100,AN/APG-68(V)9,LOCK,B0100,38.10089187025986,0.0,0.0,0.0,0.0,Friendly
74.0,A0200,AN/APG-68(V)9,LOCK,B0100,41.630950671373405,0.0,0.0,0.0,0.0,Friendly
74.0,B0100,N001VE,SEARCH,None,0.0,0.0,0.0,0.0,0.0,Enemy
74.0,B0200,N001VE,TRACK,A0100,38.78587331377186,-13.941866734969302,-1845.584226841582,0.5151765835778518,15192.741650178812,Enemy
74.2,A0100,AN/APG-68(V)9,LOCK,B0100,37.97661480944715,0.0,0.0,0.0,0.0,Friendly
74.2,A0200,AN/APG-68(V)9,LOCK,B0100,41.50808539511207,0.0,0.0,0.0,0.0,Friendly
74.2,B0100,N001VE,SEARCH,None,0.0,0.0,0.0,0.0,0.0,Enemy
74.2,B0200,N001VE,TRACK,A0100,38.78587331377186,-13.941866734969302,-1845.584226841582,0.49456952023473744,15192.741650178812,Enemy
74.4,A0100,AN/APG-68(V)9,LOCK,B0100,37.85372038399589,0.0,0.0,0.0,0.0,Friendly
74.4,A0200,AN/APG-68(V)9,LOCK,B0100,41.385163238343765,0.0,0.0,0.0,0.0,Friendly
74.4,B0100,N001VE,SEARCH,None,0.0,0.0,0.0,0.0,0.0,Enemy
74.4,B0200,N001VE,TRACK,A0100,38.78587331377186,-13.941866734969302,-1845.584226841582,0.47396245689162303,15192.741650178812,Enemy
74.60000000000001,A0100,AN/APG-68(V)9,LOCK,B0100,37.7322676538715,0.0,0.0,0.0,0.0,Friendly
74.60000000000001,A0200,AN/APG-68(V)9,LOCK,B0100,41.26221959842418,0.0,0.0,0.0,0.0,Friendly
74.60000000000001,B0100,N001VE,SEARCH,None,0.0,0.0,0.0,0.0,0.0,Enemy
74.60000000000001,B0200,N001VE,TRACK,A0100,38.78587331377186,-13.941866734969302,-1845.584226841582,0.45335539354850873,15192.741650178812,Enemy
74.8,A0100,AN/APG-68(V)9,LOCK,B0100,37.61248263366496,0.0,0.0,0.0,0.0,Friendly
74.8,A0200,AN/APG-68(V)9,LOCK,B0100,41.13935648042624,0.0,0.0,0.0,0.0,Friendly
74.8,B0100,N001VE,TRACK,A0200,41.13935648042624,-15.884518944004867,647.6147703556234,0.5051883657544591,15584.614481925777,Enemy
74.8,B0200,N001VE,TRACK,A0200,41.592145450140904,-15.981583425169053,200.24148274209782,0.49930210914816847,15505.335696394866,Enemy
75.0,A0100,AN/APG-68(V)9,LOCK,B0100,37.494178968684395,0.0,0.0,0.0,0.0,Friendly
75.0,A0200,AN/APG-68(V)9,LOCK,B0100,41.01647663161648,0.0,0.0,0.0,0.0,Friendly
75.0,B0100,N001VE,TRACK,A0200,41.13935648042624,-15.884518944004867,647.6147703556234,0.48575804399467204,15584.614481925777,Enemy
75.0,B0200,N001VE,TRACK,A0200,41.592145450140904,-15.981583425169053,200.24148274209782,0.4800981818732387,15505.335696394866,Enemy
75.2,A0100,AN/APG-68(V)9,LOCK,B0100,37.37725454552489,0.0,0.0,0.0,0.0,Friendly
75.2,A0200,AN/APG-68(V)9,LOCK,B0100,40.89359773678561,0.0,0.0,0.0,0.0,Friendly
75.2,B0100,N001VE,TRACK,A0200,41.13935648042624,-15.884518944004867,647.6147703556234,0.4663277222348849,15584.614481925777,Enemy
75.2,B0200,N001VE,TRACK,A0200,41.592145450140904,-15.981583425169053,200.24148274209782,0.4608942545983089,15505.335696394866,Enemy
75.4,A0100,AN/APG-68(V)9,LOCK,B0100,37.26162298410472,0.0,0.0,0.0,0.0,Friendly
75.4,A0200,AN/APG-68(V)9,LOCK,B0100,40.77074444242564,0.0,0.0,0.0,0.0,Friendly
75.4,B0100,N001VE,TRACK,A0200,41.13935648042624,-15.884518944004867,647.6147703556234,0.4468974004750977,15584.614481925777,Enemy
75.4,B0200,N001VE,TRACK,A0200,41.592145450140904,-15.981583425169053,200.24148274209782,0.44169032732337904,15505.335696394866,Enemy
75.60000000000001,A0100,AN/APG-68(V)9,LOCK,B0100,37.146961912821624,0.0,0.0,0.0,0.0,Friendly
75.60000000000001,A0200,AN/APG-68(V)9,LOCK,B0100,40.647910905176296,0.0,0.0,0.0,0.0,Friendly
75.60000000000001,B0100,N001VE,TRACK,A0200,41.13935648042624,-15.884518944004867,647.6147703556234,0.4274670787153106,15584.614481925777,Enemy
75.60000000000001,B0200,N001VE,TRACK,A0200,41.592145450140904,-15.981583425169053,200.24148274209782,0.4224864000484493,15505.335696394866,Enemy
75.8,A0100,AN/APG-68(V)9,LOCK,B0100,37.03269540140145,0.0,0.0,0.0,0.0,Friendly
75.8,A0200,AN/APG-68(V)9,LOCK,B0100,40.52515837937021,0.0,0.0,0.0,0.0,Friendly
75.8,B0100,N001VE,TRACK,A0100,37.03269540140145,-13.044313623412602,-1505.579781401324,0.5585749597817814,15239.320105863764,Enemy
75.8,B0200,N001VE,SEARCH,None,0.0,0.0,0.0,0.0,0.0,Enemy
76.0,A0100,AN/APG-68(V)9,LOCK,B0100,36.91862438492268,0.0,0.0,0.0,0.0,Friendly
76.0,A0200,AN/APG-68(V)9,LOCK,B0100,40.402413609805144,0.0,0.0,0.0,0.0,Friendly
76.0,B0100,N001VE,TRACK,A0100,37.03269540140145,-13.044313623412602,-1505.579781401324,0.5370913074824819,15239.320105863764,Enemy
76.0,B0200,N001VE,SEARCH,None,0.0,0.0,0.0,0.0,0.0,Enemy
76.2,A0100,AN/APG-68(V)9,LOCK,B0100,36.80481115060555,0.0,0.0,0.0,0.0,Friendly
76.2,A0200,AN/APG-68(V)9,LOCK,B0100,40.2796401654658,0.0,0.0,0.0,0.0,Friendly
76.2,B0100,N001VE,TRACK,A0100,37.03269540140145,-13.044313623412602,-1505.579781401324,0.5156076551831823,15239.320105863764,Enemy
76.2,B0200,N001VE,SEARCH,None,0.0,0.0,0.0,0.0,0.0,Enemy
76.4,A0100,AN/APG-68(V)9,LOCK,B0100,36.69138649080549,0.0,0.0,0.0,0.0,Friendly
76.4,A0200,AN/APG-68(V)9,LOCK,B0100,40.156919993394645,0.0,0.0,0.0,0.0,Friendly
76.4,B0100,N001VE,TRACK,A0100,37.03269540140145,-13.044313623412602,-1505.579781401324,0.4941240028838827,15239.320105863764,Enemy
76.4,B0200,N001VE,SEARCH,None,0.0,0.0,0.0,0.0,0.0,Enemy
76.60000000000001,A0100,AN/APG-68(V)9,LOCK,B0100,36.57831691896023,0.0,0.0,0.0,0.0,Friendly
76.60000000000001,A0200,AN/APG-68(V)9,LOCK,B0100,40.0341752945549,0.0,0.0,0.0,0.0,Friendly
76.60000000000001,B0100,N001VE,TRACK,A0100,37.03269540140145,-13.044313623412602,-1505.579781401324,0.4726403505845832,15239.320105863764,Enemy
76.60000000000001,B0200,N001VE,SEARCH,None,0.0,0.0,0.0,0.0,0.0,Enemy
76.80000000000001,A0100,AN/APG-68(V)9,LOCK,B0100,36.46545299120056,0.0,0.0,0.0,0.0,Friendly
76.80000000000001,A0200,AN/APG-68(V)9,LOCK,B0100,39.91133884679748,0.0,0.0,0.0,0.0,Friendly
76.80000000000001,B0100,N001VE,SEARCH,None,0.0,0.0,0.0,0.0,0.0,Enemy
76.80000000000001,B0200,N001VE,TRACK,A0200,40.36902935035835,-15.348035647446007,222.8684138750446,0.5152026184453403,15509.50939159033,Enemy
77.0,A0100,AN/APG-68(V)9,LOCK,B0100,36.352871784510924,0.0,0.0,0.0,0.0,Friendly
77.0,A0200,AN/APG-68(V)9,LOCK,B0100,39.78859069765177,0.0,0.0,0.0,0.0,Friendly
77.0,B0100,N001VE,SEARCH,None,0.0,0.0,0.0,0.0,0.0,Enemy
77.0,B0200,N001VE,TRACK,A0200,40.36902935035835,-15.348035647446007,222.8684138750446,0.49538713312052063,15509.50939159033,Enemy
77.2,A0100,AN/APG-68(V)9,LOCK,B0100,36.24066162928639,0.0,0.0,0.0,0.0,Friendly
77.2,A0200,AN/APG-68(V)9,LOCK,B0100,39.66600306958151,0.0,0.0,0.0,0.0,Friendly
77.2,B0100,N001VE,SEARCH,None,0.0,0.0,0.0,0.0,0.0,Enemy
77.2,B0200,N001VE,TRACK,A0200,40.36902935035835,-15.348035647446007,222.8684138750446,0.4755716477956995,15509.50939159033,Enemy
77.4,A0100,AN/APG-68(V)9,LOCK,B0100,36.1289262127241,0.0,0.0,0.0,0.0,Friendly
77.4,A0200,AN/APG-68(V)9,LOCK,B0100,39.543476960440955,0.0,0.0,0.0,0.0,Friendly
77.4,B0100,N001VE,SEARCH,None,0.0,0.0,0.0,0.0,0.0,Enemy
77.4,B0200,N001VE,TRACK,A0200,40.36902935035835,-15.348035647446007,222.8684138750446,0.4557561624708784,15509.50939159033,Enemy
77.60000000000001,A0100,AN/APG-68(V)9,LOCK,B0100,36.01759286888134,0.0,0.0,0.0,0.0,Friendly
77.60000000000001,A0200,AN/APG-68(V)9,LOCK,B0100,39.42094637429945,0.0,0.0,0.0,0.0,Friendly
77.60000000000001,B0100,N001VE,SEARCH,None,0.0,0.0,0.0,0.0,0.0,Enemy
77.60000000000001,B0200,N001VE,TRACK,A0200,40.36902935035835,-15.348035647446007,222.8684138750446,0.43594067714605733,15509.50939159033,Enemy
77.80000000000001,A0100,AN/APG-68(V)9,LOCK,B0100,35.90680844671712,0.0,0.0,0.0,0.0,Friendly
77.80000000000001,A0200,AN/APG-68(V)9,LOCK,B0100,39.298424628949725,0.0,0.0,0.0,0.0,Friendly
77.80000000000001,B0100,N001VE,TRACK,A0100,35.90680844671712,-12.320934899348433,-1729.1898515018825,0.5732114901926763,15196.663798532729,Enemy
77.80000000000001,B0100,N001VE,TRACK,A0200,39.298424628949725,-14.922199851299068,696.9476322989302,0.5291204798236524,15594.393847189893,Enemy
77.80000000000001,B0200,N001VE,SEARCH,None,0.0,0.0,0.0,0.0,0.0,Enemy
78.0,A0100,AN/APG-68(V)9,LOCK,B0100,35.79712260022472,0.0,0.0,0.0,0.0,Friendly
78.0,A0200,AN/APG-68(V)9,LOCK,B0100,39.17588809767094,0.0,0.0,0.0,0.0,Friendly
78.0,B0100,N001VE,TRACK,A0100,35.90680844671712,-12.320934899348433,-1729.1898515018825,0.551164894416036,15196.663798532729,Enemy
78.0,B0100,N001VE,TRACK,A0200,39.298424628949725,-14.922199851299068,696.9476322989302,0.5087696921381284,15594.393847189893,Enemy
78.0,B0200,N001VE,SEARCH,None,0.0,0.0,0.0,0.0,0.0,Enemy
78.2,A0100,AN/APG-68(V)9,LOCK,B0100,35.689160578710805,0.0,0.0,0.0,0.0,Friendly
78.2,A0200,AN/APG-68(V)9,LOCK,B0100,39.05346713386662,0.0,0.0,0.0,0.0,Friendly
78.2,B0100,N001VE,TRACK,A0100,35.90680844671712,-12.320934899348433,-1729.1898515018825,0.5291182986393942,15196.663798532729,Enemy
78.2,B0100,N001VE,TRACK,A0200,39.298424628949725,-14.922199851299068,696.9476322989302,0.48841890445260294,15594.393847189893,Enemy
78.2,B0200,N001VE,SEARCH,None,0.0,0.0,0.0,0.0,0.0,Enemy
78.4,A0100,AN/APG-68(V)9,LOCK,B0100,35.583223968434275,0.0,0.0,0.0,0.0,Friendly
78.4,A0200,AN/APG-68(V)9,LOCK,B0100,38.9311587553363,0.0,0.0,0.0,0.0,Friendly
78.4,B0100,N001VE,TRACK,A0100,35.90680844671712,-12.320934899348433,-1729.1898515018825,0.5070717028627525,15196.663798532729,Enemy
78.4,B0100,N001VE,TRACK,A0200,39.298424628949725,-14.922199851299068,696.9476322989302,0.46806811676707755,15594.393847189893,Enemy
78.4,B0200,N001VE,SEARCH,None,0.0,0.0,0.0,0.0,0.0,Enemy
78.60000000000001,A0100,AN/APG-68(V)9,LOCK,B0100,35.47905126512042,0.0,0.0,0.0,0.0,Friendly
78.60000000000001,A0200,AN/APG-68(V)9,LOCK,B0100,38.80885588005194,0.0,0.0,0.0,0.0,Friendly
78.60000000000001,B0100,N001VE,TRACK,A0100,35.90680844671712,-12.320934899348433,-1729.1898515018825,0.48502510708611074,15196.663798532729,Enemy
78.60000000000001,B0100,N001VE,TRACK,A0200,39.298424628949725,-14.922199851299068,696.9476322989302,0.44771732908155215,15594.393847189893,Enemy
78.60000000000001,B0200,N001VE,SEARCH,None,0.0,0.0,0.0,0.0,0.0,Enemy
78.80000000000001,A0100,AN/APG-68(V)9,LOCK,B0100,35.37618490088601,0.0,0.0,0.0,0.0,Friendly
78.80000000000001,A0200,AN/APG-68(V)9,LOCK,B0100,38.68646398070886,0.0,0.0,0.0,0.0,Friendly
78.80000000000001,B0100,N001VE,SEARCH,None,0.0,0.0,0.0,0.0,0.0,Enemy
78.80000000000001,B0200,N001VE,SEARCH,None,0.0,0.0,0.0,0.0,0.0,Enemy
79.0,A0100,AN/APG-68(V)9,LOCK,B0100,35.27466389294082,0.0,0.0,0.0,0.0,Friendly
79.0,A0200,AN/APG-68(V)9,LOCK,B0100,38.564033848325096,0.0,0.0,0.0,0.0,Friendly
79.0,B0100,N001VE,SEARCH,None,0.0,0.0,0.0,0.0,0.0,Enemy
79.0,B0200,N001VE,SEARCH,None,0.0,0.0,0.0,0.0,0.0,Enemy
79.2,A0100,AN/APG-68(V)9,LOCK,B0100,35.174847866380496,0.0,0.0,0.0,0.0,Friendly
79.2,A0200,AN/APG-68(V)9,LOCK,B0100,38.44163872731248,0.0,0.0,0.0,0.0,Friendly
79.2,B0100,N001VE,SEARCH,None,0.0,0.0,0.0,0.0,0.0,Enemy
79.2,B0200,N001VE,SEARCH,None,0.0,0.0,0.0,0.0,0.0,Enemy
79.4,A0100,AN/APG-68(V)9,LOCK,B0100,35.076871856590955,0.0,0.0,0.0,0.0,Friendly
79.4,A0200,AN/APG-68(V)9,LOCK,B0100,38.31921907636321,0.0,0.0,0.0,0.0,Friendly
79.4,B0100,N001VE,SEARCH,None,0.0,0.0,0.0,0.0,0.0,Enemy
79.4,B0200,N001VE,SEARCH,None,0.0,0.0,0.0,0.0,0.0,Enemy
79.60000000000001,A0100,AN/APG-68(V)9,LOCK,B0100,34.980803224814196,0.0,0.0,0.0,0.0,Friendly
79.60000000000001,A0200,AN/APG-68(V)9,LOCK,B0100,38.19680715677965,0.0,0.0,0.0,0.0,Friendly
79.60000000000001,B0100,N001VE,SEARCH,None,0.0,0.0,0.0,0.0,0.0,Enemy
79.60000000000001,B0200,N001VE,SEARCH,None,0.0,0.0,0.0,0.0,0.0,Enemy
79.80000000000001,A0100,AN/APG-68(V)9,LOCK,B0100,34.88682759637237,0.0,0.0,0.0,0.0,Friendly
79.80000000000001,A0200,AN/APG-68(V)9,LOCK,B0100,38.0746109924165,0.0,0.0,0.0,0.0,Friendly
79.80000000000001,B0100,N001VE,SEARCH,None,0.0,0.0,0.0,0.0,0.0,Enemy
79.80000000000001,B0200,N001VE,SEARCH,None,0.0,0.0,0.0,0.0,0.0,Enemy
80.0,A0100,AN/APG-68(V)9,LOCK,B0100,34.795023547800646,0.0,0.0,0.0,0.0,Friendly
80.0,A0200,AN/APG-68(V)9,LOCK,B0100,37.95263748278888,0.0,0.0,0.0,0.0,Friendly
80.0,B0100,N001VE,SEARCH,None,0.0,0.0,0.0,0.0,0.0,Enemy
80.0,B0200,N001VE,SEARCH,None,0.0,0.0,0.0,0.0,0.0,Enemy
80.2,A0100,AN/APG-68(V)9,LOCK,B0100,34.70545108085198,0.0,0.0,0.0,0.0,Friendly
80.2,A0200,AN/APG-68(V)9,LOCK,B0100,37.83091227225066,0.0,0.0,0.0,0.0,Friendly
80.2,B0100,N001VE,SEARCH,None,0.0,0.0,0.0,0.0,0.0,Enemy
80.2,B0200,N001VE,SEARCH,None,0.0,0.0,0.0,0.0,0.0,Enemy
80.4,A0100,AN/APG-68(V)9,LOCK,B0100,34.61825165993689,0.0,0.0,0.0,0.0,Friendly
80.4,A0200,AN/APG-68(V)9,LOCK,B0100,37.70946390942322,0.0,0.0,0.0,0.0,Friendly
80.4,B0100,N001VE,SEARCH,None,0.0,0.0,0.0,0.0,0.0,Enemy
80.4,B0200,N001VE,SEARCH,None,0.0,0.0,0.0,0.0,0.0,Enemy
80.60000000000001,A0100,AN/APG-68(V)9,LOCK,B0100,34.533230373444574,0.0,0.0,0.0,0.0,Friendly
80.60000000000001,A0200,AN/APG-68(V)9,LOCK,B0100,37.5883211219738,0.0,0.0,0.0,0.0,Friendly
80.60000000000001,B0100,N001VE,SEARCH,None,0.0,0.0,0.0,0.0,0.0,Enemy
80.60000000000001,B0200,N001VE,SEARCH,None,0.0,0.0,0.0,0.0,0.0,Enemy
80.80000000000001,A0100,AN/APG-68(V)9,LOCK,B0100,34.45043995590707,0.0,0.0,0.0,0.0,Friendly
80.80000000000001,A0200,AN/APG-68(V)9,LOCK,B0100,37.46730028170224,0.0,0.0,0.0,0.0,Friendly
80.80000000000001,B0100,N001VE,SEARCH,None,0.0,0.0,0.0,0.0,0.0,Enemy
80.80000000000001,B0200,N001VE,SEARCH,None,0.0,0.0,0.0,0.0,0.0,Enemy
81.0,A0100,AN/APG-68(V)9,LOCK,B0100,34.37032649491701,0.0,0.0,0.0,0.0,Friendly
81.0,A0200,AN/APG-68(V)9,LOCK,B0100,37.346314034326504,0.0,0.0,0.0,0.0,Friendly
81.0,B0100,N001VE,SEARCH,None,0.0,0.0,0.0,0.0,0.0,Enemy
81.0,B0200,N001VE,SEARCH,None,0.0,0.0,0.0,0.0,0.0,Enemy
81.2,A0100,AN/APG-68(V)9,LOCK,B0100,34.293231952464446,0.0,0.0,0.0,0.0,Friendly
81.2,A0200,AN/APG-68(V)9,LOCK,B0100,37.22533152436579,0.0,0.0,0.0,0.0,Friendly
81.2,B0100,N001VE,SEARCH,None,0.0,0.0,0.0,0.0,0.0,Enemy
81.2,B0200,N001VE,SEARCH,None,0.0,0.0,0.0,0.0,0.0,Enemy
81.4,A0100,AN/APG-68(V)9,LOCK,B0100,34.218693466158285,0.0,0.0,0.0,0.0,Friendly
81.4,A0200,AN/APG-68(V)9,LOCK,B0100,37.104267531384835,0.0,0.0,0.0,0.0,Friendly
81.4,B0100,N001VE,SEARCH,None,0.0,0.0,0.0,0.0,0.0,Enemy
81.4,B0200,N001VE,SEARCH,None,0.0,0.0,0.0,0.0,0.0,Enemy
81.60000000000001,A0100,AN/APG-68(V)9,LOCK,B0100,34.14649829491675,0.0,0.0,0.0,0.0,Friendly
81.60000000000001,A0200,AN/APG-68(V)9,LOCK,B0100,36.98309315017807,0.0,0.0,0.0,0.0,Friendly
81.60000000000001,B0100,N001VE,SEARCH,None,0.0,0.0,0.0,0.0,0.0,Enemy
81.60000000000001,B0200,N001VE,SEARCH,None,0.0,0.0,0.0,0.0,0.0,Enemy
81.80000000000001,A0100,AN/APG-68(V)9,LOCK,B0100,34.07659182432923,0.0,0.0,0.0,0.0,Friendly
81.80000000000001,A0200,AN/APG-68(V)9,LOCK,B0100,36.861769319116945,0.0,0.0,0.0,0.0,Friendly
81.80000000000001,B0100,N001VE,TRACK,A0200,36.861769319116945,-13.58393879448865,738.5979775263322,0.5607969988514786,15604.342133328932,Enemy
81.80000000000001,B0200,N001VE,SEARCH,None,0.0,0.0,0.0,0.0,0.0,Enemy
82.0,A0100,AN/APG-68(V)9,LOCK,B0100,34.00897030636424,0.0,0.0,0.0,0.0,Friendly
82.0,A0200,AN/APG-68(V)9,LOCK,B0100,36.74028310903089,0.0,0.0,0.0,0.0,Friendly
82.0,B0100,N001VE,TRACK,A0200,36.861769319116945,-13.58393879448865,738.5979775263322,0.5392278835110382,15604.342133328932,Enemy
82.0,B0200,N001VE,SEARCH,None,0.0,0.0,0.0,0.0,0.0,Enemy
82.2,A0100,AN/APG-68(V)9,LOCK,B0100,33.944003975735725,0.0,0.0,0.0,0.0,Friendly
82.2,A0200,AN/APG-68(V)9,LOCK,B0100,36.61885357996472,0.0,0.0,0.0,0.0,Friendly
82.2,B0100,N001VE,TRACK,A0200,36.861769319116945,-13.58393879448865,738.5979775263322,0.5176587681705964,15604.342133328932,Enemy
82.2,B0200,N001VE,SEARCH,None,0.0,0.0,0.0,0.0,0.0,Enemy
82.4,A0100,AN/APG-68(V)9,LOCK,B0100,33.881914455195016,0.0,0.0,0.0,0.0,Friendly
82.4,A0200,AN/APG-68(V)9,LOCK,B0100,36.4977563640625,0.0,0.0,0.0,0.0,Friendly
82.4,B0100,N001VE,TRACK,A0200,36.861769319116945,-13.58393879448865,738.5979775263322,0.49608965283015455,15604.342133328932,Enemy
82.4,B0200,N001VE,SEARCH,None,0.0,0.0,0.0,0.0,0.0,Enemy
82.60000000000001,A0100,AN/APG-68(V)9,LOCK,B0100,33.82222437335248,0.0,0.0,0.0,0.0,Friendly
82.60000000000001,A0200,AN/APG-68(V)9,LOCK,B0100,36.37700861294271,0.0,0.0,0.0,0.0,Friendly
82.60000000000001,B0100,N001VE,TRACK,A0200,36.861769319116945,-13.58393879448865,738.5979775263322,0.47452053748971273,15604.342133328932,Enemy
82.60000000000001,B0200,N001VE,SEARCH,None,0.0,0.0,0.0,0.0,0.0,Enemy
82.80000000000001,A0100,AN/APG-68(V)9,LOCK,B0100,33.76467878925872,0.0,0.0,0.0,0.0,Friendly
82.80000000000001,A0200,AN/APG-68(V)9,LOCK,B0100,36.25655086127026,0.0,0.0,0.0,0.0,Friendly
82.80000000000001,B0100,N001VE,LOCK,A0100,33.76467878925872,-10.775651957104209,-2559.630374987374,0.6010591757396354,15046.260839698765,Enemy
82.80000000000001,B0200,N001VE,TRACK,A0100,34.43084329027238,-11.024261206924281,-3100.538834532094,0.5923990372264578,14956.072305543088,Enemy
83.0,A0100,AN/APG-68(V)9,LOCK,B0100,33.709341037005636,0.0,0.0,0.0,0.0,Friendly
83.0,A0200,AN/APG-68(V)9,LOCK,B0100,36.136183256306076,0.0,0.0,0.0,0.0,Friendly
83.0,B0100,N001VE,TRACK,A0100,33.76467878925872,-10.775651957104209,-2559.630374987374,0.5779415151342661,15046.260839698765,Enemy
83.0,B0200,N001VE,TRACK,A0100,34.43084329027238,-11.024261206924281,-3100.538834532094,0.5696144588715952,14956.072305543088,Enemy
83.2,A0100,AN/APG-68(V)9,LOCK,B0100,33.65622818331849,0.0,0.0,0.0,0.0,Friendly
83.2,A0200,AN/APG-68(V)9,LOCK,B0100,36.01559585098333,0.0,0.0,0.0,0.0,Friendly
83.2,B0100,N001VE,TRACK,A0100,33.76467878925872,-10.775651957104209,-2559.630374987374,0.554823854528895,15046.260839698765,Enemy
83.2,B0200,N001VE,TRACK,A0100,34.43084329027238,-11.024261206924281,-3100.538834532094,0.5468298805167311,14956.072305543088,Enemy
83.4,A0100,AN/APG-68(V)9,LOCK,B0100,33.605273232426875,0.0,0.0,0.0,0.0,Friendly
83.4,A0200,AN/APG-68(V)9,LOCK,B0100,35.89473235183969,0.0,0.0,0.0,0.0,Friendly
83.4,B0100,N001VE,TRACK,A0100,33.76467878925872,-10.775651957104209,-2559.630374987374,0.5317061939235241,15046.260839698765,Enemy
83.4,B0200,N001VE,TRACK,A0100,34.43084329027238,-11.024261206924281,-3100.538834532094,0.524045302161867,14956.072305543088,Enemy
83.60000000000001,A0100,AN/APG-68(V)9,LOCK,B0100,33.556334554499685,0.0,0.0,0.0,0.0,Friendly
83.60000000000001,A0200,AN/APG-68(V)9,LOCK,B0100,35.77364681570342,0.0,0.0,0.0,0.0,Friendly
83.60000000000001,B0100,N001VE,TRACK,A0100,33.76467878925872,-10.775651957104209,-2559.630374987374,0.5085885333181531,15046.260839698765,Enemy
83.60000000000001,B0200,N001VE,TRACK,A0100,34.43084329027238,-11.024261206924281,-3100.538834532094,0.5012607238070028,14956.072305543088,Enemy
83.80000000000001,A0100,AN/APG-68(V)9,LOCK,B0100,33.50980366679316,0.0,0.0,0.0,0.0,Friendly
83.80000000000001,A0200,AN/APG-68(V)9,LOCK,B0100,35.65249876221697,0.0,0.0,0.0,0.0,Friendly
83.80000000000001,B0100,N001VE,SEARCH,None,0.0,0.0,0.0,0.0,0.0,Enemy
83.80000000000001,B0200,N001VE,SEARCH,None,0.0,0.0,0.0,0.0,0.0,Enemy
84.0,A0100,AN/APG-68(V)9,LOCK,B0100,33.46601689493501,0.0,0.0,0.0,0.0,Friendly
84.0,A0200,AN/APG-68(V)9,LOCK,B0100,35.531581527653735,0.0,0.0,0.0,0.0,Friendly
84.0,B0100,N001VE,SEARCH,None,0.0,0.0,0.0,0.0,0.0,Enemy
84.0,B0200,N001VE,SEARCH,None,0.0,0.0,0.0,0.0,0.0,Enemy
84.2,A0100,AN/APG-68(V)9,LOCK,B0100,33.424685742889224,0.0,0.0,0.0,0.0,Friendly
84.2,A0200,AN/APG-68(V)9,LOCK,B0100,35.41097681385313,0.0,0.0,0.0,0.0,Friendly
84.2,B0100,N001VE,SEARCH,None,0.0,0.0,0.0,0.0,0.0,Enemy
84.2,B0200,N001VE,SEARCH,None,0.0,0.0,0.0,0.0,0.0,Enemy
84.4,A0100,AN/APG-68(V)9,LOCK,B0100,33.38540097366588,0.0,0.0,0.0,0.0,Friendly
84.4,A0200,AN/APG-68(V)9,LOCK,B0100,35.290573987852795,0.0,0.0,0.0,0.0,Friendly
84.4,B0100,N001VE,SEARCH,None,0.0,0.0,0.0,0.0,0.0,Enemy
84.4,B0200,N001VE,SEARCH,None,0.0,0.0,0.0,0.0,0.0,Enemy
84.60000000000001,A0100,AN/APG-68(V)9,LOCK,B0100,33.34798332716743,0.0,0.0,0.0,0.0,Friendly
84.60000000000001,A0200,AN/APG-68(V)9,LOCK,B0100,35.17024755612684,0.0,0.0,0.0,0.0,Friendly
84.60000000000001,B0100,N001VE,SEARCH,None,0.0,0.0,0.0,0.0,0.0,Enemy
84.60000000000001,B0200,N001VE,SEARCH,None,0.0,0.0,0.0,0.0,0.0,Enemy
84.80000000000001,A0100,AN/APG-68(V)9,LOCK,B0100,33.312411136642716,0.0,0.0,0.0,0.0,Friendly
84.80000000000001,A0200,AN/APG-68(V)9,LOCK,B0100,35.049887683890816,0.0,0.0,0.0,0.0,Friendly
84.80000000000001,B0100,N001VE,SEARCH,None,0.0,0.0,0.0,0.0,0.0,Enemy
84.80000000000001,B0200,N001VE,SEARCH,None,0.0,0.0,0.0,0.0,0.0,Enemy
85.0,A0100,AN/APG-68(V)9,LOCK,B0100,33.27890737228815,0.0,0.0,0.0,0.0,Friendly
85.0,A0200,AN/APG-68(V)9,LOCK,B0100,34.92954498870892,0.0,0.0,0.0,0.0,Friendly
85.0,B0100,N001VE,SEARCH,None,0.0,0.0,0.0,0.0,0.0,Enemy
85.0,B0200,N001VE,SEARCH,None,0.0,0.0,0.0,0.0,0.0,Enemy
85.2,A0100,AN/APG-68(V)9,LOCK,B0100,33.2476959817868,0.0,0.0,0.0,0.0,Friendly
85.2,A0200,AN/APG-68(V)9,LOCK,B0100,34.809397723627725,0.0,0.0,0.0,0.0,Friendly
85.2,B0100,N001VE,SEARCH,None,0.0,0.0,0.0,0.0,0.0,Enemy
85.2,B0200,N001VE,SEARCH,None,0.0,0.0,0.0,0.0,0.0,Enemy
85.4,A0100,AN/APG-68(V)9,LOCK,B0100,33.21848616529359,0.0,0.0,0.0,0.0,Friendly
85.4,A0200,AN/APG-68(V)9,LOCK,B0100,34.689449877482694,0.0,0.0,0.0,0.0,Friendly
85.4,B0100,N001VE,SEARCH,None,0.0,0.0,0.0,0.0,0.0,Enemy
85.4,B0200,N001VE,SEARCH,None,0.0,0.0,0.0,0.0,0.0,Enemy
85.60000000000001,A0100,AN/APG-68(V)9,LOCK,B0100,33.190966161848955,0.0,0.0,0.0,0.0,Friendly
85.60000000000001,A0200,AN/APG-68(V)9,LOCK,B0100,34.56956976058268,0.0,0.0,0.0,0.0,Friendly
85.60000000000001,B0100,N001VE,SEARCH,None,0.0,0.0,0.0,0.0,0.0,Enemy
85.60000000000001,B0200,N001VE,SEARCH,None,0.0,0.0,0.0,0.0,0.0,Enemy
85.80000000000001,A0100,AN/APG-68(V)9,LOCK,B0100,33.165149492366645,0.0,0.0,0.0,0.0,Friendly
85.80000000000001,A0200,AN/APG-68(V)9,LOCK,B0100,34.44966778337935,0.0,0.0,0.0,0.0,Friendly
85.80000000000001,B0100,N001VE,LOCK,A0100,33.165149492366645,-10.253723323914764,-3007.9855317981555,0.6088530565992324,14959.887927024254,Enemy
85.80000000000001,B0200,N001VE,SEARCH,None,0.0,0.0,0.0,0.0,0.0,Enemy
86.0,A0100,AN/APG-68(V)9,LOCK,B0100,33.14100990389788,0.0,0.0,0.0,0.0,Friendly
86.0,A0200,AN/APG-68(V)9,LOCK,B0100,34.329719845143934,0.0,0.0,0.0,0.0,Friendly
86.0,B0100,N001VE,TRACK,A0100,33.165149492366645,-10.253723323914764,-3007.9855317981555,0.585435631345417,14959.887927024254,Enemy
86.0,B0200,N001VE,SEARCH,None,0.0,0.0,0.0,0.0,0.0,Enemy
86.2,A0100,AN/APG-68(V)9,LOCK,B0100,33.11889434169832,0.0,0.0,0.0,0.0,Friendly
86.2,A0200,AN/APG-68(V)9,LOCK,B0100,34.209882168755854,0.0,0.0,0.0,0.0,Friendly
86.2,B0100,N001VE,TRACK,A0100,33.165149492366645,-10.253723323914764,-3007.9855317981555,0.5620182060915999,14959.887927024254,Enemy
86.2,B0200,N001VE,SEARCH,None,0.0,0.0,0.0,0.0,0.0,Enemy
86.4,A0100,AN/APG-68(V)9,LOCK,B0100,33.09874656472952,0.0,0.0,0.0,0.0,Friendly
86.4,A0200,AN/APG-68(V)9,LOCK,B0100,34.09012484201455,0.0,0.0,0.0,0.0,Friendly
86.4,B0100,N001VE,TRACK,A0100,33.165149492366645,-10.253723323914764,-3007.9855317981555,0.538600780837783,14959.887927024254,Enemy
86.4,B0200,N001VE,SEARCH,None,0.0,0.0,0.0,0.0,0.0,Enemy
86.60000000000001,A0100,AN/APG-68(V)9,LOCK,B0100,33.07996909042742,0.0,0.0,0.0,0.0,Friendly
86.60000000000001,A0200,AN/APG-68(V)9,LOCK,B0100,33.97042596662532,0.0,0.0,0.0,0.0,Friendly
86.60000000000001,B0100,N001VE,TRACK,A0100,33.165149492366645,-10.253723323914764,-3007.9855317981555,0.515183355583966,14959.887927024254,Enemy
86.60000000000001,B0200,N001VE,SEARCH,None,0.0,0.0,0.0,0.0,0.0,Enemy
86.80000000000001,A0100,AN/APG-68(V)9,LOCK,B0100,33.06252611590572,0.0,0.0,0.0,0.0,Friendly
86.80000000000001,A0200,AN/APG-68(V)9,LOCK,B0100,33.85065538629439,0.0,0.0,0.0,0.0,Friendly
86.80000000000001,B0100,N001VE,SEARCH,None,0.0,0.0,0.0,0.0,0.0,Enemy
86.80000000000001,B0200,N001VE,SEARCH,None,0.0,0.0,0.0,0.0,0.0,Enemy
87.0,A0100,AN/APG-68(V)9,LOCK,B0100,33.04634073886155,0.0,0.0,0.0,0.0,Friendly
87.0,A0200,AN/APG-68(V)9,LOCK,B0100,33.73074450916823,0.0,0.0,0.0,0.0,Friendly
87.0,B0100,N001VE,SEARCH,None,0.0,0.0,0.0,0.0,0.0,Enemy
87.0,B0200,N001VE,SEARCH,None,0.0,0.0,0.0,0.0,0.0,Enemy
87.2,A0100,AN/APG-68(V)9,LOCK,B0100,33.03100776350216,0.0,0.0,0.0,0.0,Friendly
87.2,A0200,AN/APG-68(V)9,LOCK,B0100,33.61077763898318,0.0,0.0,0.0,0.0,Friendly
87.2,B0100,N001VE,SEARCH,None,0.0,0.0,0.0,0.0,0.0,Enemy
87.2,B0200,N001VE,SEARCH,None,0.0,0.0,0.0,0.0,0.0,Enemy
87.4,A0100,AN/APG-68(V)9,LOCK,B0100,33.01600528412544,0.0,0.0,0.0,0.0,Friendly
87.4,A0200,AN/APG-68(V)9,LOCK,B0100,33.490766768960555,0.0,0.0,0.0,0.0,Friendly
87.4,B0100,N001VE,SEARCH,None,0.0,0.0,0.0,0.0,0.0,Enemy
87.4,B0200,N001VE,SEARCH,None,0.0,0.0,0.0,0.0,0.0,Enemy
87.60000000000001,A0100,AN/APG-68(V)9,LOCK,B0100,33.00109638714133,0.0,0.0,0.0,0.0,Friendly
87.60000000000001,A0200,AN/APG-68(V)9,LOCK,B0100,33.37083657783063,0.0,0.0,0.0,0.0,Friendly
87.60000000000001,B0100,N001VE,SEARCH,None,0.0,0.0,0.0,0.0,0.0,Enemy
87.60000000000001,B0200,N001VE,SEARCH,None,0.0,0.0,0.0,0.0,0.0,Enemy
87.80000000000001,A0100,AN/APG-68(V)9,LOCK,B0100,32.98624729581419,0.0,0.0,0.0,0.0,Friendly
87.80000000000001,A0200,AN/APG-68(V)9,LOCK,B0100,33.25116795431977,0.0,0.0,0.0,0.0,Friendly
87.80000000000001,B0100,N001VE,LOCK,A0100,32.98624729581419,-10.064571579791188,-3243.4568742901542,0.6111787851544143,14915.598532038006,Enemy
87.80000000000001,B0200,N001VE,SEARCH,None,0.0,0.0,0.0,0.0,0.0,Enemy
88.0,A0100,AN/APG-68(V)9,LOCK,B0100,32.97122330501592,0.0,0.0,0.0,0.0,Friendly
88.0,A0200,AN/APG-68(V)9,LOCK,B0100,33.13190571050229,0.0,0.0,0.0,0.0,Friendly
88.0,B0100,N001VE,TRACK,A0100,32.98624729581419,-10.064571579791188,-3243.4568742901542,0.5876719088023227,14915.598532038006,Enemy
88.0,B0200,N001VE,SEARCH,None,0.0,0.0,0.0,0.0,0.0,Enemy
88.2,A0100,AN/APG-68(V)9,LOCK,B0100,32.956069772421344,0.0,0.0,0.0,0.0,Friendly
88.2,A0200,AN/APG-68(V)9,LOCK,B0100,33.01327819725502,0.0,0.0,0.0,0.0,Friendly
88.2,B0100,N001VE,TRACK,A0100,32.98624729581419,-10.064571579791188,-3243.4568742901542,0.5641650324502294,14915.598532038006,Enemy
88.2,B0200,N001VE,SEARCH,None,0.0,0.0,0.0,0.0,0.0,Enemy
88.4,A0100,AN/APG-68(V)9,LOCK,B0100,32.94093829231837,0.0,0.0,0.0,0.0,Friendly
88.4,A0200,AN/APG-68(V)9,LOCK,B0100,32.895345975201074,0.0,0.0,0.0,0.0,Friendly
88.4,B0100,N001VE,TRACK,A0100,32.98624729581419,-10.064571579791188,-3243.4568742901542,0.5406581560981362,14915.598532038006,Enemy
88.4,B0200,N001VE,SEARCH,None,0.0,0.0,0.0,0.0,0.0,Enemy
88.60000000000001,A0100,AN/APG-68(V)9,LOCK,B0100,32.92584477940683,0.0,0.0,0.0,0.0,Friendly
88.60000000000001,A0200,AN/APG-68(V)9,LOCK,B0100,32.7781320202073,0.0,0.0,0.0,0.0,Friendly
88.60000000000001,B0100,N001VE,TRACK,A0100,32.98624729581419,-10.064571579791188,-3243.4568742901542,0.517151279746043,14915.598532038006,Enemy
88.60000000000001,B0200,N001VE,SEARCH,None,0.0,0.0,0.0,0.0,0.0,Enemy
88.80000000000001,A0100,AN/APG-68(V)9,LOCK,B0100,32.91090622554841,0.0,0.0,0.0,0.0,Friendly
88.80000000000001,A0200,AN/APG-68(V)9,LOCK,B0100,32.66179557016634,0.0,0.0,0.0,0.0,Friendly
88.80000000000001,B0100,N001VE,SEARCH,None,0.0,0.0,0.0,0.0,0.0,Enemy
88.80000000000001,B0200,N001VE,LOCK,A0100,33.65496538205643,-10.284979209021174,-3862.456279878833,0.602485450033265,14803.806625262567,Enemy
89.0,A0100,AN/APG-68(V)9,LOCK,B0100,32.896387943342276,0.0,0.0,0.0,0.0,Friendly
89.0,A0200,AN/APG-68(V)9,LOCK,B0100,32.546455601540856,0.0,0.0,0.0,0.0,Friendly
89.0,B0100,N001VE,SEARCH,None,0.0,0.0,0.0,0.0,0.0,Enemy
89.0,B0200,N001VE,TRACK,A0100,33.65496538205643,-10.284979209021174,-3862.456279878833,0.5793129327242945,14803.806625262567,Enemy
89.2,A0100,AN/APG-68(V)9,LOCK,B0100,32.88245146789305,0.0,0.0,0.0,0.0,Friendly
89.2,A0200,AN/APG-68(V)9,LOCK,B0100,32.43212802403997,0.0,0.0,0.0,0.0,Friendly
89.2,B0100,N001VE,SEARCH,None,0.0,0.0,0.0,0.0,0.0,Enemy
89.2,B0200,N001VE,TRACK,A0100,33.65496538205643,-10.284979209021174,-3862.456279878833,0.5561404154153224,14803.806625262567,Enemy
89.4,A0100,AN/APG-68(V)9,LOCK,B0100,32.868887344713016,0.0,0.0,0.0,0.0,Friendly
89.4,A0200,AN/APG-68(V)9,LOCK,B0100,32.318691377490694,0.0,0.0,0.0,0.0,Friendly
89.4,B0100,N001VE,SEARCH,None,0.0,0.0,0.0,0.0,0.0,Enemy
89.4,B0200,N001VE,TRACK,A0100,33.65496538205643,-10.284979209021174,-3862.456279878833,0.5329678981063503,14803.806625262567,Enemy
89.60000000000001,A0100,AN/APG-68(V)9,LOCK,B0100,32.855412588950124,0.0,0.0,0.0,0.0,Friendly
89.60000000000001,A0200,AN/APG-68(V)9,LOCK,B0100,32.20596234830768,0.0,0.0,0.0,0.0,Friendly
89.60000000000001,B0100,N001VE,SEARCH,None,0.0,0.0,0.0,0.0,0.0,Enemy
89.60000000000001,B0200,N001VE,TRACK,A0100,33.65496538205643,-10.284979209021174,-3862.456279878833,0.5097953807973782,14803.806625262567,Enemy
89.80000000000001,A0100,AN/APG-68(V)9,LOCK,B0100,32.841805047898156,0.0,0.0,0.0,0.0,Friendly
89.80000000000001,A0200,AN/APG-68(V)9,LOCK,B0100,32.09378636972085,0.0,0.0,0.0,0.0,Friendly
89.80000000000001,B0100,N001VE,SEARCH,None,0.0,0.0,0.0,0.0,0.0,Enemy
89.80000000000001,B0200,N001VE,LOCK,A0100,33.587564094379,-10.207058588264657,-3965.3163295402896,0.6033616667730717,14782.97680594973,Enemy
90.0,A0100,AN/APG-68(V)9,LOCK,B0100,32.8279778262138,0.0,0.0,0.0,0.0,Friendly
90.0,A0200,AN/APG-68(V)9,LOCK,B0100,31.982327106470063,0.0,0.0,0.0,0.0,Friendly
90.0,B0100,N001VE,SEARCH,None,0.0,0.0,0.0,0.0,0.0,Enemy
90.0,B0200,N001VE,TRACK,A0100,33.587564094379,-10.207058588264657,-3965.3163295402896,0.5801554488202625,14782.97680594973,Enemy
90.2,A0100,AN/APG-68(V)9,LOCK,B0100,32.81395216413534,0.0,0.0,0.0,0.0,Friendly
90.2,A0200,AN/APG-68(V)9,LOCK,B0100,31.871732544720302,0.0,0.0,0.0,0.0,Friendly
90.2,B0100,N001VE,SEARCH,None,0.0,0.0,0.0,0.0,0.0,Enemy
90.2,B0200,N001VE,TRACK,A0100,33.587564094379,-10.207058588264657,-3965.3163295402896,0.5569492308674516,14782.97680594973,Enemy
90.4,A0100,AN/APG-68(V)9,LOCK,B0100,32.799622345589135,0.0,0.0,0.0,0.0,Friendly
90.4,A0200,AN/APG-68(V)9,LOCK,B0100,31.76168566449925,0.0,0.0,0.0,0.0,Friendly
90.4,B0100,N001VE,SEARCH,None,0.0,0.0,0.0,0.0,0.0,Enemy
90.4,B0200,N001VE,SEARCH,None,0.0,0.0,0.0,0.0,0.0,Enemy
90.60000000000001,A0100,AN/APG-68(V)9,LOCK,B0100,32.78492946816088,0.0,0.0,0.0,0.0,Friendly
90.60000000000001,A0200,AN/APG-68(V)9,LOCK,B0100,31.651817926879733,0.0,0.0,0.0,0.0,Friendly
90.60000000000001,B0100,N001VE,SEARCH,None,0.0,0.0,0.0,0.0,0.0,Enemy
90.60000000000001,B0200,N001VE,SEARCH,None,0.0,0.0,0.0,0.0,0.0,Enemy
90.80000000000001,A0100,AN/APG-68(V)9,LOCK,B0100,32.7700406514581,0.0,0.0,0.0,0.0,Friendly
90.80000000000001,A0200,AN/APG-68(V)9,LOCK,B0100,31.542035716473958,0.0,0.0,0.0,0.0,Friendly
90.80000000000001,B0100,N001VE,SEARCH,None,0.0,0.0,0.0,0.0,0.0,Enemy
90.80000000000001,B0200,N001VE,SEARCH,None,0.0,0.0,0.0,0.0,0.0,Enemy
91.0,A0100,AN/APG-68(V)9,LOCK,B0100,32.754964940981935,0.0,0.0,0.0,0.0,Friendly
91.0,A0200,AN/APG-68(V)9,LOCK,B0100,31.432357760282805,0.0,0.0,0.0,0.0,Friendly
91.0,B0100,N001VE,SEARCH,None,0.0,0.0,0.0,0.0,0.0,Enemy
91.0,B0200,N001VE,SEARCH,None,0.0,0.0,0.0,0.0,0.0,Enemy
91.2,A0100,AN/APG-68(V)9,LOCK,B0100,32.74004742217527,0.0,0.0,0.0,0.0,Friendly
91.2,A0200,AN/APG-68(V)9,LOCK,B0100,31.3229150992431,0.0,0.0,0.0,0.0,Friendly
91.2,B0100,N001VE,SEARCH,None,0.0,0.0,0.0,0.0,0.0,Enemy
91.2,B0200,N001VE,SEARCH,None,0.0,0.0,0.0,0.0,0.0,Enemy
91.4,A0100,AN/APG-68(V)9,LOCK,B0100,32.72568266746164,0.0,0.0,0.0,0.0,Friendly
91.4,A0200,AN/APG-68(V)9,LOCK,B0100,31.21386316275106,0.0,0.0,0.0,0.0,Friendly
91.4,B0100,N001VE,SEARCH,None,0.0,0.0,0.0,0.0,0.0,Enemy
91.4,B0200,N001VE,SEARCH,None,0.0,0.0,0.0,0.0,0.0,Enemy
91.60000000000001,A0100,AN/APG-68(V)9,LOCK,B0100,32.711968996563684,0.0,0.0,0.0,0.0,Friendly
91.60000000000001,A0200,AN/APG-68(V)9,LOCK,B0100,31.105209290165984,0.0,0.0,0.0,0.0,Friendly
91.60000000000001,B0100,N001VE,SEARCH,None,0.0,0.0,0.0,0.0,0.0,Enemy
91.60000000000001,B0200,N001VE,SEARCH,None,0.0,0.0,0.0,0.0,0.0,Enemy
91.80000000000001,A0100,AN/APG-68(V)9,LOCK,B0100,32.69850688447894,0.0,0.0,0.0,0.0,Friendly
91.80000000000001,A0200,AN/APG-68(V)9,LOCK,B0100,30.99668054445461,0.0,0.0,0.0,0.0,Friendly
91.80000000000001,B0100,N001VE,SEARCH,None,0.0,0.0,0.0,0.0,0.0,Enemy
91.80000000000001,B0200,N001VE,LOCK,A0200,31.4772529535149,-10.252074037391187,565.6825456211653,0.6307957116043049,15575.557303709133,Enemy
92.0,A0100,AN/APG-68(V)9,LOCK,B0100,32.68498135883439,0.0,0.0,0.0,0.0,Friendly
92.0,A0200,AN/APG-68(V)9,LOCK,B0100,30.88802866475444,0.0,0.0,0.0,0.0,Friendly
92.0,B0100,N001VE,SEARCH,None,0.0,0.0,0.0,0.0,0.0,Enemy
92.0,B0200,N001VE,LOCK,A0200,31.4772529535149,-10.252074037391187,565.6825456211653,0.6065343380810637,15575.557303709133,Enemy
92.2,A0100,AN/APG-68(V)9,LOCK,B0100,32.67127644331583,0.0,0.0,0.0,0.0,Friendly
92.2,A0200,AN/APG-68(V)9,LOCK,B0100,30.779296864950815,0.0,0.0,0.0,0.0,Friendly
92.2,B0100,N001VE,SEARCH,None,0.0,0.0,0.0,0.0,0.0,Enemy
92.2,B0200,N001VE,TRACK,A0200,31.4772529535149,-10.252074037391187,565.6825456211653,0.5822729645578208,15575.557303709133,Enemy
92.4,A0100,AN/APG-68(V)9,LOCK,B0100,32.65746368075717,0.0,0.0,0.0,0.0,Friendly
92.4,A0200,AN/APG-68(V)9,LOCK,B0100,30.67058390085156,0.0,0.0,0.0,0.0,Friendly
92.4,B0100,N001VE,SEARCH,None,0.0,0.0,0.0,0.0,0.0,Enemy
92.4,B0200,N001VE,TRACK,A0200,31.4772529535149,-10.252074037391187,565.6825456211653,0.5580115910345779,15575.557303709133,Enemy
92.60000000000001,A0100,AN/APG-68(V)9,LOCK,B0100,32.64377528857502,0.0,0.0,0.0,0.0,Friendly
92.60000000000001,A0200,AN/APG-68(V)9,LOCK,B0100,30.5620443912416,0.0,0.0,0.0,0.0,Friendly
92.60000000000001,B0100,N001VE,SEARCH,None,0.0,0.0,0.0,0.0,0.0,Enemy
92.60000000000001,B0200,N001VE,TRACK,A0200,31.4772529535149,-10.252074037391187,565.6825456211653,0.5337502175113351,15575.557303709133,Enemy
92.80000000000001,A0100,AN/APG-68(V)9,LOCK,B0100,32.63036241893754,0.0,0.0,0.0,0.0,Friendly
92.80000000000001,A0200,AN/APG-68(V)9,LOCK,B0100,30.453742753895053,0.0,0.0,0.0,0.0,Friendly
92.80000000000001,B0100,N001VE,LOCK,A0200,30.453742753895053,-9.79654843555911,1231.5893711639942,0.6441013441993629,15702.221877932736,Enemy
92.80000000000001,B0200,N001VE,SEARCH,None,0.0,0.0,0.0,0.0,0.0,Enemy
93.0,A0100,AN/APG-68(V)9,LOCK,B0100,32.61704331085183,0.0,0.0,0.0,0.0,Friendly
93.0,A0200,AN/APG-68(V)9,LOCK,B0100,30.345561263670124,0.0,0.0,0.0,0.0,Friendly
93.0,B0100,N001VE,LOCK,A0200,30.453742753895053,-9.79654843555911,1231.5893711639942,0.6193282155763118,15702.221877932736,Enemy
93.0,B0200,N001VE,SEARCH,None,0.0,0.0,0.0,0.0,0.0,Enemy
93.2,A0100,AN/APG-68(V)9,LOCK,B0100,32.603704573354435,0.0,0.0,0.0,0.0,Friendly
93.2,A0200,AN/APG-68(V)9,LOCK,B0100,30.2374702328223,0.0,0.0,0.0,0.0,Friendly
93.2,B0100,N001VE,TRACK,A0200,30.453742753895053,-9.79654843555911,1231.5893711639942,0.594555086953259,15702.221877932736,Enemy
93.2,B0200,N001VE,SEARCH,None,0.0,0.0,0.0,0.0,0.0,Enemy
93.4,A0100,AN/APG-68(V)9,LOCK,B0100,32.59053978745243,0.0,0.0,0.0,0.0,Friendly
93.4,A0200,AN/APG-68(V)9,LOCK,B0100,30.1295920739595,0.0,0.0,0.0,0.0,Friendly
93.4,B0100,N001VE,TRACK,A0200,30.453742753895053,-9.79654843555911,1231.5893711639942,0.5697819583302061,15702.221877932736,Enemy
93.4,B0200,N001VE,SEARCH,None,0.0,0.0,0.0,0.0,0.0,Enemy
93.60000000000001,A0100,AN/APG-68(V)9,LOCK,B0100,32.57766602103743,0.0,0.0,0.0,0.0,Friendly
93.60000000000001,A0200,AN/APG-68(V)9,LOCK,B0100,30.021961982052495,0.0,0.0,0.0,0.0,Friendly
93.60000000000001,B0100,N001VE,TRACK,A0200,30.453742753895053,-9.79654843555911,1231.5893711639942,0.5450088297071534,15702.221877932736,Enemy
93.60000000000001,B0200,N001VE,SEARCH,None,0.0,0.0,0.0,0.0,0.0,Enemy
93.80000000000001,A0100,AN/APG-68(V)9,LOCK,B0100,32.564982620572614,0.0,0.0,0.0,0.0,Friendly
93.80000000000001,A0200,AN/APG-68(V)9,LOCK,B0100,29.914481104040394,0.0,0.0,0.0,0.0,Friendly
93.80000000000001,B0100,N001VE,SEARCH,None,0.0,0.0,0.0,0.0,0.0,Enemy
93.80000000000001,B0200,N001VE,SEARCH,None,0.0,0.0,0.0,0.0,0.0,Enemy
94.0,A0100,AN/APG-68(V)9,LOCK,B0100,32.552402505364704,0.0,0.0,0.0,0.0,Friendly
94.0,A0200,AN/APG-68(V)9,LOCK,B0100,29.807102079499803,0.0,0.0,0.0,0.0,Friendly
94.0,B0100,N001VE,SEARCH,None,0.0,0.0,0.0,0.0,0.0,Enemy
94.0,B0200,N001VE,SEARCH,None,0.0,0.0,0.0,0.0,0.0,Enemy
94.2,A0100,AN/APG-68(V)9,LOCK,B0100,32.53981469092199,0.0,0.0,0.0,0.0,Friendly
94.2,A0200,AN/APG-68(V)9,LOCK,B0100,29.699801470103,0.0,0.0,0.0,0.0,Friendly
94.2,B0100,N001VE,SEARCH,None,0.0,0.0,0.0,0.0,0.0,Enemy
94.2,B0200,N001VE,SEARCH,None,0.0,0.0,0.0,0.0,0.0,Enemy
94.4,A0100,AN/APG-68(V)9,LOCK,B0100,32.5271954574467,0.0,0.0,0.0,0.0,Friendly
94.4,A0200,AN/APG-68(V)9,LOCK,B0100,29.59256074774279,0.0,0.0,0.0,0.0,Friendly
94.4,B0100,N001VE,SEARCH,None,0.0,0.0,0.0,0.0,0.0,Enemy
94.4,B0200,N001VE,SEARCH,None,0.0,0.0,0.0,0.0,0.0,Enemy
94.60000000000001,A0100,AN/APG-68(V)9,LOCK,B0100,32.51449624856671,0.0,0.0,0.0,0.0,Friendly
94.60000000000001,A0200,AN/APG-68(V)9,LOCK,B0100,29.485375303634445,0.0,0.0,0.0,0.0,Friendly
94.60000000000001,B0100,N001VE,SEARCH,None,0.0,0.0,0.0,0.0,0.0,Enemy
94.60000000000001,B0200,N001VE,SEARCH,None,0.0,0.0,0.0,0.0,0.0,Enemy
94.80000000000001,A0100,AN/APG-68(V)9,LOCK,B0100,32.50175273419054,0.0,0.0,0.0,0.0,Friendly
94.80000000000001,A0200,AN/APG-68(V)9,LOCK,B0100,29.37841899176222,0.0,0.0,0.0,0.0,Friendly
94.80000000000001,B0100,N001VE,LOCK,A0100,32.50175273419054,-9.489418717630077,-4140.615680437929,0.6174772144555218,14761.095727875123,Enemy
94.80000000000001,B0200,N001VE,LOCK,A0200,29.84008810483668,-9.241876769710668,806.0771608580413,0.6520788546371217,15622.189271532146,Enemy
95.0,A0100,AN/APG-68(V)9,LOCK,B0100,32.4890871004426,0.0,0.0,0.0,0.0,Friendly
95.0,A0200,AN/APG-68(V)9,LOCK,B0100,29.27177917870742,0.0,0.0,0.0,0.0,Friendly
95.0,B0100,N001VE,TRACK,A0100,32.50175273419054,-9.489418717630077,-4140.615680437929,0.5937280908226183,14761.095727875123,Enemy
95.0,B0200,N001VE,LOCK,A0200,29.84008810483668,-9.241876769710668,806.0771608580413,0.6269988986895414,15622.189271532146,Enemy
95.2,A0100,AN/APG-68(V)9,LOCK,B0100,32.47662852615945,0.0,0.0,0.0,0.0,Friendly
95.2,A0200,AN/APG-68(V)9,LOCK,B0100,29.16529036910821,0.0,0.0,0.0,0.0,Friendly
95.2,B0100,N001VE,TRACK,A0100,32.50175273419054,-9.489418717630077,-4140.615680437929,0.5699789671897133,14761.095727875123,Enemy
95.2,B0200,N001VE,LOCK,A0200,29.84008810483668,-9.241876769710668,806.0771608580413,0.6019189427419593,15622.189271532146,Enemy
95.4,A0100,AN/APG-68(V)9,LOCK,B0100,32.46437792081258,0.0,0.0,0.0,0.0,Friendly
95.4,A0200,AN/APG-68(V)9,LOCK,B0100,29.05877132968583,0.0,0.0,0.0,0.0,Friendly
95.4,B0100,N001VE,TRACK,A0100,32.50175273419054,-9.489418717630077,-4140.615680437929,0.5462298435568081,14761.095727875123,Enemy
95.4,B0200,N001VE,TRACK,A0200,29.84008810483668,-9.241876769710668,806.0771608580413,0.5768389867943774,15622.189271532146,Enemy
95.60000000000001,A0100,AN/APG-68(V)9,LOCK,B0100,32.45235315113766,0.0,0.0,0.0,0.0,Friendly
95.60000000000001,A0200,AN/APG-68(V)9,LOCK,B0100,28.952248022991192,0.0,0.0,0.0,0.0,Friendly
95.60000000000001,B0100,N001VE,TRACK,A0100,32.50175273419054,-9.489418717630077,-4140.615680437929,0.5224807199239032,14761.095727875123,Enemy
95.60000000000001,B0200,N001VE,TRACK,A0200,29.84008810483668,-9.241876769710668,806.0771608580413,0.5517590308467953,15622.189271532146,Enemy
95.80000000000001,A0100,AN/APG-68(V)9,LOCK,B0100,32.44072316125253,0.0,0.0,0.0,0.0,Friendly
95.80000000000001,A0200,AN/APG-68(V)9,LOCK,B0100,28.84588031283172,0.0,0.0,0.0,0.0,Friendly
95.80000000000001,B0100,N001VE,SEARCH,None,0.0,0.0,0.0,0.0,0.0,Enemy
95.80000000000001,B0200,N001VE,LOCK,A0100,33.20494798229651,-9.74674415648125,-4784.506203772464,0.6083356762301441,14655.193087508753,Enemy
96.0,A0100,AN/APG-68(V)9,LOCK,B0100,32.429750022955616,0.0,0.0,0.0,0.0,Friendly
96.0,A0200,AN/APG-68(V)9,LOCK,B0100,28.739671443648945,0.0,0.0,0.0,0.0,Friendly
96.0,B0100,N001VE,SEARCH,None,0.0,0.0,0.0,0.0,0.0,Enemy
96.0,B0200,N001VE,TRACK,A0100,33.20494798229651,-9.74674415648125,-4784.506203772464,0.5849381502212936,14655.193087508753,Enemy
96.2,A0100,AN/APG-68(V)9,LOCK,B0100,32.41925748762082,0.0,0.0,0.0,0.0,Friendly
96.2,A0200,AN/APG-68(V)9,LOCK,B0100,28.633542255614408,0.0,0.0,0.0,0.0,Friendly
96.2,B0100,N001VE,SEARCH,None,0.0,0.0,0.0,0.0,0.0,Enemy
96.2,B0200,N001VE,TRACK,A0100,33.20494798229651,-9.74674415648125,-4784.506203772464,0.5615406242124414,14655.193087508753,Enemy
96.4,A0100,AN/APG-68(V)9,LOCK,B0100,32.40890079975429,0.0,0.0,0.0,0.0,Friendly
96.4,A0200,AN/APG-68(V)9,LOCK,B0100,28.527511623149497,0.0,0.0,0.0,0.0,Friendly
96.4,B0100,N001VE,SEARCH,None,0.0,0.0,0.0,0.0,0.0,Enemy
96.4,B0200,N001VE,TRACK,A0100,33.20494798229651,-9.74674415648125,-4784.506203772464,0.5381430982035894,14655.193087508753,Enemy
96.60000000000001,A0100,AN/APG-68(V)9,LOCK,B0100,32.398598468956834,0.0,0.0,0.0,0.0,Friendly
96.60000000000001,A0200,AN/APG-68(V)9,LOCK,B0100,28.42163634088593,0.0,0.0,0.0,0.0,Friendly
96.60000000000001,B0100,N001VE,SEARCH,None,0.0,0.0,0.0,0.0,0.0,Enemy
96.60000000000001,B0200,N001VE,TRACK,A0100,33.20494798229651,-9.74674415648125,-4784.506203772464,0.5147455721947374,14655.193087508753,Enemy
96.80000000000001,A0100,AN/APG-68(V)9,LOCK,B0100,32.388343854352335,0.0,0.0,0.0,0.0,Friendly
96.80000000000001,A0200,AN/APG-68(V)9,LOCK,B0100,28.315926460907725,0.0,0.0,0.0,0.0,Friendly
96.80000000000001,B0100,N001VE,LOCK,A0100,32.388343854352335,-9.348581220772015,-4429.5111337095,0.6189515298934184,14721.6905643794,Enemy
96.80000000000001,B0200,N001VE,LOCK,A0200,28.751801089804854,-8.54910290759487,980.9672869568789,0.6662265858325355,15657.401351354674,Enemy
97.0,A0100,AN/APG-68(V)9,LOCK,B0100,32.37818959227883,0.0,0.0,0.0,0.0,Friendly
97.0,A0200,AN/APG-68(V)9,LOCK,B0100,28.210337726092405,0.0,0.0,0.0,0.0,Friendly
97.0,B0100,N001VE,TRACK,A0100,32.388343854352335,-9.348581220772015,-4429.5111337095,0.5951457018205959,14721.6905643794,Enemy
97.0,B0200,N001VE,LOCK,A0200,28.751801089804854,-8.54910290759487,980.9672869568789,0.6406024863774393,15657.401351354674,Enemy
97.2,A0100,AN/APG-68(V)9,LOCK,B0100,32.368147264144696,0.0,0.0,0.0,0.0,Friendly
97.2,A0200,AN/APG-68(V)9,LOCK,B0100,28.104716433491394,0.0,0.0,0.0,0.0,Friendly
97.2,B0100,N001VE,TRACK,A0100,32.388343854352335,-9.348581220772015,-4429.5111337095,0.5713398737477717,14721.6905643794,Enemy
97.2,B0200,N001VE,LOCK,A0200,28.751801089804854,-8.54910290759487,980.9672869568789,0.6149783869223414,15657.401351354674,Enemy
97.4,A0100,AN/APG-68(V)9,LOCK,B0100,32.35820615273217,0.0,0.0,0.0,0.0,Friendly
97.4,A0200,AN/APG-68(V)9,LOCK,B0100,27.999073326585602,0.0,0.0,0.0,0.0,Friendly
97.4,B0100,N001VE,TRACK,A0100,32.388343854352335,-9.348581220772015,-4429.5111337095,0.5475340456749476,14721.6905643794,Enemy
97.4,B0200,N001VE,TRACK,A0200,28.751801089804854,-8.54910290759487,980.9672869568789,0.5893542874672434,15657.401351354674,Enemy
97.60000000000001,A0100,AN/APG-68(V)9,LOCK,B0100,32.34825558496511,0.0,0.0,0.0,0.0,Friendly
97.60000000000001,A0200,AN/APG-68(V)9,LOCK,B0100,27.893565755747748,0.0,0.0,0.0,0.0,Friendly
97.60000000000001,B0100,N001VE,TRACK,A0100,32.388343854352335,-9.348581220772015,-4429.5111337095,0.5237282176021234,14721.6905643794,Enemy
97.60000000000001,B0200,N001VE,TRACK,A0200,28.751801089804854,-8.54910290759487,980.9672869568789,0.5637301880121456,15657.401351354674,Enemy
97.80000000000001,A0100,AN/APG-68(V)9,LOCK,B0100,32.338356212419065,0.0,0.0,0.0,0.0,Friendly
97.80000000000001,A0200,AN/APG-68(V)9,LOCK,B0100,27.788356413466502,0.0,0.0,0.0,0.0,Friendly
97.80000000000001,B0100,N001VE,SEARCH,None,0.0,0.0,0.0,0.0,0.0,Enemy
97.80000000000001,B0200,N001VE,LOCK,A0100,33.103281946355814,-9.61099657713019,-5103.679441996932,0.6096573346973733,14613.761978202909,Enemy
98.0,A0100,AN/APG-68(V)9,LOCK,B0100,32.32872374589578,0.0,0.0,0.0,0.0,Friendly
98.0,A0200,AN/APG-68(V)9,LOCK,B0100,27.6833909671484,0.0,0.0,0.0,0.0,Friendly
98.0,B0100,N001VE,SEARCH,None,0.0,0.0,0.0,0.0,0.0,Enemy
98.0,B0200,N001VE,TRACK,A0100,33.103281946355814,-9.61099657713019,-5103.679441996932,0.5862089756705524,14613.761978202909,Enemy
98.2,A0100,AN/APG-68(V)9,LOCK,B0100,32.319702721188435,0.0,0.0,0.0,0.0,Friendly
98.2,A0200,AN/APG-68(V)9,LOCK,B0100,27.578628889851906,0.0,0.0,0.0,0.0,Friendly
98.2,B0100,N001VE,SEARCH,None,0.0,0.0,0.0,0.0,0.0,Enemy
98.2,B0200,N001VE,TRACK,A0100,33.103281946355814,-9.61099657713019,-5103.679441996932,0.56276061664373,14613.761978202909,Enemy
98.4,A0100,AN/APG-68(V)9,LOCK,B0100,32.31151725300266,0.0,0.0,0.0,0.0,Friendly
98.4,A0200,AN/APG-68(V)9,LOCK,B0100,27.473946785972505,0.0,0.0,0.0,0.0,Friendly
98.4,B0100,N001VE,SEARCH,None,0.0,0.0,0.0,0.0,0.0,Enemy
98.4,B0200,N001VE,TRACK,A0100,33.103281946355814,-9.61099657713019,-5103.679441996932,0.5393122576169075,14613.761978202909,Enemy
98.60000000000001,A0100,AN/APG-68(V)9,LOCK,B0100,32.30376593922487,0.0,0.0,0.0,0.0,Friendly
98.60000000000001,A0200,AN/APG-68(V)9,LOCK,B0100,27.36909020742542,0.0,0.0,0.0,0.0,Friendly
98.60000000000001,B0100,N001VE,SEARCH,None,0.0,0.0,0.0,0.0,0.0,Enemy
98.60000000000001,B0200,N001VE,TRACK,A0100,33.103281946355814,-9.61099657713019,-5103.679441996932,0.5158638985900852,14613.761978202909,Enemy
98.80000000000001,A0100,AN/APG-68(V)9,LOCK,B0100,32.29588295435129,0.0,0.0,0.0,0.0,Friendly
98.80000000000001,A0200,AN/APG-68(V)9,LOCK,B0100,27.264139883587696,0.0,0.0,0.0,0.0,Friendly
98.80000000000001,B0100,N001VE,LOCK,A0100,32.29588295435129,-9.220162885192892,-4730.824522916218,0.6201535215934318,14681.864789975232,Enemy
98.80000000000001,B0200,N001VE,LOCK,A0200,27.67132709857195,-7.842930683983559,1180.5893028126782,0.6802727477185632,15695.948726090259,Enemy
99.0,A0100,AN/APG-68(V)9,LOCK,B0100,32.287809071938426,0.0,0.0,0.0,0.0,Friendly
99.0,A0200,AN/APG-68(V)9,LOCK,B0100,27.159377393271466,0.0,0.0,0.0,0.0,Friendly
99.0,B0100,N001VE,TRACK,A0100,32.29588295435129,-9.220162885192892,-4730.824522916218,0.5963014630706088,14681.864789975232,Enemy
99.0,B0200,N001VE,LOCK,A0200,27.67132709857195,-7.842930683983559,1180.5893028126782,0.6541084112678506,15695.948726090259,Enemy
99.2,A0100,AN/APG-68(V)9,LOCK,B0100,32.27980535467027,0.0,0.0,0.0,0.0,Friendly
99.2,A0200,AN/APG-68(V)9,LOCK,B0100,27.05504104126495,0.0,0.0,0.0,0.0,Friendly
99.2,B0100,N001VE,TRACK,A0100,32.29588295435129,-9.220162885192892,-4730.824522916218,0.5724494045477841,14681.864789975232,Enemy
99.2,B0200,N001VE,LOCK,A0200,27.67132709857195,-7.842930683983559,1180.5893028126782,0.6279440748171362,15695.948726090259,Enemy
99.4,A0100,AN/APG-68(V)9,LOCK,B0100,32.27227285848729,0.0,0.0,0.0,0.0,Friendly
99.4,A0200,AN/APG-68(V)9,LOCK,B0100,26.951256371502947,0.0,0.0,0.0,0.0,Friendly
99.4,B0100,N001VE,TRACK,A0100,32.29588295435129,-9.220162885192892,-4730.824522916218,0.5485973460249595,14681.864789975232,Enemy
99.4,B0200,N001VE,LOCK,A0200,27.67132709857195,-7.842930683983559,1180.5893028126782,0.6017797383664217,15695.948726090259,Enemy
99.60000000000001,A0100,AN/APG-68(V)9,LOCK,B0100,32.26556674280847,0.0,0.0,0.0,0.0,Friendly
99.60000000000001,A0200,AN/APG-68(V)9,LOCK,B0100,26.848083709117294,0.0,0.0,0.0,0.0,Friendly
99.60000000000001,B0100,N001VE,SEARCH,None,0.0,0.0,0.0,0.0,0.0,Enemy
99.60000000000001,B0200,N001VE,TRACK,A0200,27.67132709857195,-7.842930683983559,1180.5893028126782,0.5756154019157074,15695.948726090259,Enemy
99.80000000000001,A0100,AN/APG-68(V)9,LOCK,B0100,32.25963395776663,0.0,0.0,0.0,0.0,Friendly
99.80000000000001,A0200,AN/APG-68(V)9,LOCK,B0100,26.745537297182683,0.0,0.0,0.0,0.0,Friendly
99.80000000000001,B0100,N001VE,SEARCH,None,0.0,0.0,0.0,0.0,0.0,Enemy
99.80000000000001,B0200,N001VE,LOCK,A0200,27.13729492783872,-7.48687243014217,1269.5989221896323,0.6872151659380952,15716.50777224626,Enemy
100.0,A0100,AN/APG-68(V)9,LOCK,B0100,32.254142961777546,0.0,0.0,0.0,0.0,Friendly
100.0,A0200,AN/APG-68(V)9,LOCK,B0100,26.643225922560386,0.0,0.0,0.0,0.0,Friendly
100.0,B0100,N001VE,SEARCH,None,0.0,0.0,0.0,0.0,0.0,Enemy
100.0,B0200,N001VE,LOCK,A0200,27.13729492783872,-7.48687243014217,1269.5989221896323,0.660783813402016,15716.50777224626,Enemy
100.2,A0100,AN/APG-68(V)9,LOCK,B0100,32.24898020751264,0.0,0.0,0.0,0.0,Friendly
100.2,A0200,AN/APG-68(V)9,LOCK,B0100,26.540925512688112,0.0,0.0,0.0,0.0,Friendly
100.2,B0100,N001VE,SEARCH,None,0.0,0.0,0.0,0.0,0.0,Enemy
100.2,B0200,N001VE,LOCK,A0200,27.13729492783872,-7.48687243014217,1269.5989221896323,0.634352460865935,15716.50777224626,Enemy
100.4,A0100,AN/APG-68(V)9,LOCK,B0100,32.24408879381535,0.0,0.0,0.0,0.0,Friendly
100.4,A0200,AN/APG-68(V)9,LOCK,B0100,26.438536496462227,0.0,0.0,0.0,0.0,Friendly
100.4,B0100,N001VE,SEARCH,None,0.0,0.0,0.0,0.0,0.0,Enemy
100.4,B0200,N001VE,LOCK,A0200,27.13729492783872,-7.48687243014217,1269.5989221896323,0.6079211083298539,15716.50777224626,Enemy
100.60000000000001,A0100,AN/APG-68(V)9,LOCK,B0100,32.23925319754321,0.0,0.0,0.0,0.0,Friendly
100.60000000000001,A0200,AN/APG-68(V)9,LOCK,B0100,26.33594753323325,0.0,0.0,0.0,0.0,Friendly
100.60000000000001,B0100,N001VE,SEARCH,None,0.0,0.0,0.0,0.0,0.0,Enemy
100.60000000000001,B0200,N001VE,TRACK,A0200,27.13729492783872,-7.48687243014217,1269.5989221896323,0.5814897557937729,15716.50777224626,Enemy
100.80000000000001,A0100,AN/APG-68(V)9,LOCK,B0100,32.23437681379002,0.0,0.0,0.0,0.0,Friendly
100.80000000000001,A0200,AN/APG-68(V)9,LOCK,B0100,26.233110100573168,0.0,0.0,0.0,0.0,Friendly
100.80000000000001,B0100,N001VE,SEARCH,None,0.0,0.0,0.0,0.0,0.0,Enemy
100.80000000000001,B0200,N001VE,LOCK,A0100,32.98201207173418,-9.429403401792277,-5568.115948280465,0.6112338430674543,14553.194655610265,Enemy
101.0,A0100,AN/APG-68(V)9,LOCK,B0100,32.22956460216944,0.0,0.0,0.0,0.0,Friendly
101.0,A0200,AN/APG-68(V)9,LOCK,B0100,26.13036798671049,0.0,0.0,0.0,0.0,Friendly
101.0,B0100,N001VE,SEARCH,None,0.0,0.0,0.0,0.0,0.0,Enemy
101.0,B0200,N001VE,TRACK,A0100,32.98201207173418,-9.429403401792277,-5568.115948280465,0.5877248491033227,14553.194655610265,Enemy
101.2,A0100,AN/APG-68(V)9,LOCK,B0100,32.224821995820264,0.0,0.0,0.0,0.0,Friendly
101.2,A0200,AN/APG-68(V)9,LOCK,B0100,26.028008605251483,0.0,0.0,0.0,0.0,Friendly
101.2,B0100,N001VE,SEARCH,None,0.0,0.0,0.0,0.0,0.0,Enemy
101.2,B0200,N001VE,TRACK,A0100,32.98201207173418,-9.429403401792277,-5568.115948280465,0.5642158551391894,14553.194655610265,Enemy
101.4,A0100,AN/APG-68(V)9,LOCK,B0100,32.22012266235134,0.0,0.0,0.0,0.0,Friendly
101.4,A0200,AN/APG-68(V)9,LOCK,B0100,25.926174968050006,0.0,0.0,0.0,0.0,Friendly
101.4,B0100,N001VE,SEARCH,None,0.0,0.0,0.0,0.0,0.0,Enemy
101.4,B0200,N001VE,TRACK,A0100,32.98201207173418,-9.429403401792277,-5568.115948280465,0.5407068611750562,14553.194655610265,Enemy
101.60000000000001,A0100,AN/APG-68(V)9,LOCK,B0100,32.2153723462558,0.0,0.0,0.0,0.0,Friendly
101.60000000000001,A0200,AN/APG-68(V)9,LOCK,B0100,25.82493636916669,0.0,0.0,0.0,0.0,Friendly
101.60000000000001,B0100,N001VE,SEARCH,None,0.0,0.0,0.0,0.0,0.0,Enemy
101.60000000000001,B0200,N001VE,TRACK,A0100,32.98201207173418,-9.429403401792277,-5568.115948280465,0.517197867210923,14553.194655610265,Enemy
101.80000000000001,A0100,AN/APG-68(V)9,LOCK,B0200,32.94831191116747,0.0,0.0,0.0,0.0,Friendly
101.80000000000001,A0200,AN/APG-68(V)9,LOCK,B0200,26.089416164446206,0.0,0.0,0.0,0.0,Friendly
101.80000000000001,B0200,N001VE,LOCK,A0100,32.94831191116747,-9.373280885830345,-5729.159084652673,0.6116719451548215,14533.144917721294,Enemy
102.0,A0100,AN/APG-68(V)9,LOCK,B0200,32.941819803325124,0.0,0.0,0.0,0.0,Friendly
102.0,A0200,AN/APG-68(V)9,LOCK,B0200,25.98740924228041,0.0,0.0,0.0,0.0,Friendly
102.0,B0200,N001VE,TRACK,A0100,32.94831191116747,-9.373280885830345,-5729.159084652673,0.5881461011104065,14533.144917721294,Enemy
102.2,A0100,AN/APG-68(V)9,LOCK,B0200,32.93541607347444,0.0,0.0,0.0,0.0,Friendly
102.2,A0200,AN/APG-68(V)9,LOCK,B0200,25.88601020393773,0.0,0.0,0.0,0.0,Friendly
102.2,B0200,N001VE,TRACK,A0100,32.94831191116747,-9.373280885830345,-5729.159084652673,0.56462025706599,14533.144917721294,Enemy
102.4,A0100,AN/APG-68(V)9,LOCK,B0200,32.92896214796567,0.0,0.0,0.0,0.0,Friendly
102.4,A0200,AN/APG-68(V)9,LOCK,B0200,25.78496980636452,0.0,0.0,0.0,0.0,Friendly
102.4,B0200,N001VE,TRACK,A0100,32.94831191116747,-9.373280885830345,-5729.159084652673,0.5410944130215734,14533.144917721294,Enemy
102.60000000000001,A0100,AN/APG-68(V)9,LOCK,B0200,32.92246690272815,0.0,0.0,0.0,0.0,Friendly
102.60000000000001,A0200,AN/APG-68(V)9,LOCK,B0200,25.684226087794155,0.0,0.0,0.0,0.0,Friendly
102.60000000000001,B0200,N001VE,TRACK,A0100,32.94831191116747,-9.373280885830345,-5729.159084652673,0.5175685689771568,14533.144917721294,Enemy
102.80000000000001,A0100,AN/APG-68(V)9,LOCK,B0200,32.91591995100021,0.0,0.0,0.0,0.0,Friendly
102.80000000000001,A0200,AN/APG-68(V)9,LOCK,B0200,25.58366828854883,0.0,0.0,0.0,0.0,Friendly
102.80000000000001,B0200,N001VE,LOCK,A0100,32.91591995100021,-9.320305170761394,-5877.853576827789,0.6120930406369959,14514.438033635084,Enemy
103.0,A0100,AN/APG-68(V)9,LOCK,B0200,32.909142323174095,0.0,0.0,0.0,0.0,Friendly
103.0,A0200,AN/APG-68(V)9,LOCK,B0200,25.4836020853097,0.0,0.0,0.0,0.0,Friendly
103.0,B0200,N001VE,TRACK,A0100,32.91591995100021,-9.320305170761394,-5877.853576827789,0.5885510006124973,14514.438033635084,Enemy
103.2,A0100,AN/APG-68(V)9,LOCK,B0200,32.902112743206125,0.0,0.0,0.0,0.0,Friendly
103.2,A0200,AN/APG-68(V)9,LOCK,B0200,25.384390996520583,0.0,0.0,0.0,0.0,Friendly
103.2,B0200,N001VE,TRACK,A0100,32.91591995100021,-9.320305170761394,-5877.853576827789,0.5650089605879971,14514.438033635084,Enemy
103.4,A0100,AN/APG-68(V)9,LOCK,B0200,32.894960234829426,0.0,0.0,0.0,0.0,Friendly
103.4,A0200,AN/APG-68(V)9,LOCK,B0200,25.286315598961842,0.0,0.0,0.0,0.0,Friendly
103.4,B0200,N001VE,TRACK,A0100,32.91591995100021,-9.320305170761394,-5877.853576827789,0.5414669205634969,14514.438033635084,Enemy
103.60000000000001,A0100,AN/APG-68(V)9,LOCK,B0200,32.88781041378842,0.0,0.0,0.0,0.0,Friendly
103.60000000000001,A0200,AN/APG-68(V)9,LOCK,B0200,25.18973337907381,0.0,0.0,0.0,0.0,Friendly
103.60000000000001,B0200,N001VE,TRACK,A0100,32.91591995100021,-9.320305170761394,-5877.853576827789,0.5179248805389967,14514.438033635084,Enemy
103.80000000000001,A0100,AN/APG-68(V)9,LOCK,B0200,32.880668351004054,0.0,0.0,0.0,0.0,Friendly
103.80000000000001,A0200,AN/APG-68(V)9,LOCK,B0200,25.095122707814948,0.0,0.0,0.0,0.0,Friendly
103.80000000000001,B0200,N001VE,SEARCH,None,0.0,0.0,0.0,0.0,0.0,Enemy
104.0,A0100,AN/APG-68(V)9,LOCK,B0200,32.8735929564861,0.0,0.0,0.0,0.0,Friendly
104.0,A0200,AN/APG-68(V)9,LOCK,B0200,25.002683849180602,0.0,0.0,0.0,0.0,Friendly
104.0,B0200,N001VE,SEARCH,None,0.0,0.0,0.0,0.0,0.0,Enemy
104.2,A0100,AN/APG-68(V)9,LOCK,B0200,32.86670511986183,0.0,0.0,0.0,0.0,Friendly
104.2,A0200,AN/APG-68(V)9,LOCK,B0200,24.91227528016551,0.0,0.0,0.0,0.0,Friendly
104.2,B0200,N001VE,SEARCH,None,0.0,0.0,0.0,0.0,0.0,Enemy
104.4,A0100,AN/APG-68(V)9,LOCK,B0200,32.860124919065484,0.0,0.0,0.0,0.0,Friendly
104.4,A0200,AN/APG-68(V)9,LOCK,B0200,24.82375675197715,0.0,0.0,0.0,0.0,Friendly
104.4,B0200,N001VE,SEARCH,None,0.0,0.0,0.0,0.0,0.0,Enemy
104.60000000000001,A0100,AN/APG-68(V)9,LOCK,B0200,32.853928381666734,0.0,0.0,0.0,0.0,Friendly
104.60000000000001,A0200,AN/APG-68(V)9,LOCK,B0200,24.736896517050692,0.0,0.0,0.0,0.0,Friendly
104.60000000000001,B0200,N001VE,SEARCH,None,0.0,0.0,0.0,0.0,0.0,Enemy
104.80000000000001,A0100,AN/APG-68(V)9,LOCK,B0200,32.8480506118986,0.0,0.0,0.0,0.0,Friendly
104.80000000000001,A0200,AN/APG-68(V)9,LOCK,B0200,24.651401720074304,0.0,0.0,0.0,0.0,Friendly
104.80000000000001,B0200,N001VE,SEARCH,None,0.0,0.0,0.0,0.0,0.0,Enemy
105.0,A0100,AN/APG-68(V)9,LOCK,B0200,32.84240685708193,0.0,0.0,0.0,0.0,Friendly
105.0,A0200,AN/APG-68(V)9,LOCK,B0200,24.56725006725237,0.0,0.0,0.0,0.0,Friendly
105.0,B0200,N001VE,SEARCH,None,0.0,0.0,0.0,0.0,0.0,Enemy
105.2,A0100,AN/APG-68(V)9,LOCK,B0200,32.837130791048125,0.0,0.0,0.0,0.0,Friendly
105.2,A0200,AN/APG-68(V)9,LOCK,B0200,24.484890450248972,0.0,0.0,0.0,0.0,Friendly
105.2,B0200,N001VE,SEARCH,None,0.0,0.0,0.0,0.0,0.0,Enemy
105.4,A0100,AN/APG-68(V)9,LOCK,B0200,32.83248120804671,0.0,0.0,0.0,0.0,Friendly
105.4,A0200,AN/APG-68(V)9,LOCK,B0200,24.404830545059934,0.0,0.0,0.0,0.0,Friendly
105.4,B0200,N001VE,SEARCH,None,0.0,0.0,0.0,0.0,0.0,Enemy
105.60000000000001,A0100,AN/APG-68(V)9,LOCK,B0200,32.82853940404189,0.0,0.0,0.0,0.0,Friendly
105.60000000000001,A0200,AN/APG-68(V)9,LOCK,B0200,24.32710073551267,0.0,0.0,0.0,0.0,Friendly
105.60000000000001,B0200,N001VE,SEARCH,None,0.0,0.0,0.0,0.0,0.0,Enemy
105.80000000000001,A0100,AN/APG-68(V)9,LOCK,B0200,32.825170704791326,0.0,0.0,0.0,0.0,Friendly
105.80000000000001,A0200,AN/APG-68(V)9,LOCK,B0200,24.251556023704172,0.0,0.0,0.0,0.0,Friendly
105.80000000000001,B0200,N001VE,LOCK,A0100,32.825170704791326,-9.219739801745456,-6093.307648849493,0.6132727808377115,14489.497022446372,Enemy
106.0,A0100,AN/APG-68(V)9,LOCK,B0200,32.82239515291497,0.0,0.0,0.0,0.0,Friendly
106.0,A0200,AN/APG-68(V)9,LOCK,B0200,24.178157669874015,0.0,0.0,0.0,0.0,Friendly
106.0,B0200,N001VE,TRACK,A0100,32.825170704791326,-9.219739801745456,-6093.307648849493,0.5896853661901085,14489.497022446372,Enemy
106.2,A0100,AN/APG-68(V)9,LOCK,B0200,32.820396765779186,0.0,0.0,0.0,0.0,Friendly
106.2,A0200,AN/APG-68(V)9,LOCK,B0200,24.107015300072497,0.0,0.0,0.0,0.0,Friendly
106.2,B0200,N001VE,TRACK,A0100,32.825170704791326,-9.219739801745456,-6093.307648849493,0.5660979515425038,14489.497022446372,Enemy
106.4,A0100,AN/APG-68(V)9,LOCK,B0200,32.819374873844566,0.0,0.0,0.0,0.0,Friendly
106.4,A0200,AN/APG-68(V)9,LOCK,B0200,24.038280386308703,0.0,0.0,0.0,0.0,Friendly
106.4,B0200,N001VE,TRACK,A0100,32.825170704791326,-9.219739801745456,-6093.307648849493,0.5425105368948991,14489.497022446372,Enemy
106.60000000000001,A0100,AN/APG-68(V)9,LOCK,B0200,32.81924605146342,0.0,0.0,0.0,0.0,Friendly
106.60000000000001,A0200,AN/APG-68(V)9,LOCK,B0200,23.97180851417778,0.0,0.0,0.0,0.0,Friendly
106.60000000000001,B0200,N001VE,TRACK,A0100,32.825170704791326,-9.219739801745456,-6093.307648849493,0.5189231222472944,14489.497022446372,Enemy
106.80000000000001,A0100,AN/APG-68(V)9,LOCK,B0200,32.8199261516054,0.0,0.0,0.0,0.0,Friendly
106.80000000000001,A0200,AN/APG-68(V)9,LOCK,B0200,23.907472220535265,0.0,0.0,0.0,0.0,Friendly
106.80000000000001,B0200,N001VE,SEARCH,None,0.0,0.0,0.0,0.0,0.0,Enemy
107.0,A0100,AN/APG-68(V)9,LOCK,B0200,32.8216129940984,0.0,0.0,0.0,0.0,Friendly
107.0,A0200,AN/APG-68(V)9,LOCK,B0200,23.845456425157895,0.0,0.0,0.0,0.0,Friendly
107.0,B0200,N001VE,SEARCH,None,0.0,0.0,0.0,0.0,0.0,Enemy
107.2,A0100,AN/APG-68(V)9,LOCK,B0200,32.82451849252943,0.0,0.0,0.0,0.0,Friendly
107.2,A0200,AN/APG-68(V)9,LOCK,B0200,23.785959844400313,0.0,0.0,0.0,0.0,Friendly
107.2,B0200,N001VE,SEARCH,None,0.0,0.0,0.0,0.0,0.0,Enemy
107.4,A0100,AN/APG-68(V)9,LOCK,B0200,32.82853653078977,0.0,0.0,0.0,0.0,Friendly
107.4,A0200,AN/APG-68(V)9,LOCK,B0200,23.728918740985705,0.0,0.0,0.0,0.0,Friendly
107.4,B0200,N001VE,SEARCH,None,0.0,0.0,0.0,0.0,0.0,Enemy
107.60000000000001,A0100,AN/APG-68(V)9,LOCK,B0200,32.83354679198109,0.0,0.0,0.0,0.0,Friendly
107.60000000000001,A0200,AN/APG-68(V)9,LOCK,B0200,23.674194672694874,0.0,0.0,0.0,0.0,Friendly
107.60000000000001,B0200,N001VE,SEARCH,None,0.0,0.0,0.0,0.0,0.0,Enemy
107.80000000000001,A0100,AN/APG-68(V)9,LOCK,B0200,32.839694244732634,0.0,0.0,0.0,0.0,Friendly
107.80000000000001,A0200,AN/APG-68(V)9,LOCK,B0200,23.62193858815162,0.0,0.0,0.0,0.0,Friendly
107.80000000000001,B0200,N001VE,SEARCH,None,0.0,0.0,0.0,0.0,0.0,Enemy
108.0,A0100,AN/APG-68(V)9,LOCK,B0200,32.84716459873259,0.0,0.0,0.0,0.0,Friendly
108.0,A0200,AN/APG-68(V)9,LOCK,B0200,23.572251244835236,0.0,0.0,0.0,0.0,Friendly
108.0,B0200,N001VE,SEARCH,None,0.0,0.0,0.0,0.0,0.0,Enemy
108.2,A0100,AN/APG-68(V)9,LOCK,B0200,32.85621831235075,0.0,0.0,0.0,0.0,Friendly
108.2,A0200,AN/APG-68(V)9,LOCK,B0200,23.525398399226724,0.0,0.0,0.0,0.0,Friendly
108.2,B0200,N001VE,SEARCH,None,0.0,0.0,0.0,0.0,0.0,Enemy
108.4,A0100,AN/APG-68(V)9,LOCK,B0200,32.867003908029076,0.0,0.0,0.0,0.0,Friendly
108.4,A0200,AN/APG-68(V)9,LOCK,B0200,23.48127294275916,0.0,0.0,0.0,0.0,Friendly
108.4,B0200,N001VE,SEARCH,None,0.0,0.0,0.0,0.0,0.0,Enemy
108.60000000000001,A0100,AN/APG-68(V)9,LOCK,B0200,32.879536145392215,0.0,0.0,0.0,0.0,Friendly
108.60000000000001,A0200,AN/APG-68(V)9,LOCK,B0200,23.439692981224052,0.0,0.0,0.0,0.0,Friendly
108.60000000000001,B0200,N001VE,SEARCH,None,0.0,0.0,0.0,0.0,0.0,Enemy
108.80000000000001,A0100,AN/APG-68(V)9,LOCK,B0200,32.893806283967564,0.0,0.0,0.0,0.0,Friendly
108.80000000000001,A0200,AN/APG-68(V)9,LOCK,B0200,23.400533194078086,0.0,0.0,0.0,0.0,Friendly
108.80000000000001,B0200,N001VE,SEARCH,None,0.0,0.0,0.0,0.0,0.0,Enemy
109.0,A0100,AN/APG-68(V)9,LOCK,B0200,32.90982798796353,0.0,0.0,0.0,0.0,Friendly
109.0,A0200,AN/APG-68(V)9,LOCK,B0200,23.363629709616955,0.0,0.0,0.0,0.0,Friendly
109.0,B0200,N001VE,SEARCH,None,0.0,0.0,0.0,0.0,0.0,Enemy
109.2,A0100,AN/APG-68(V)9,LOCK,B0200,32.927728226250785,0.0,0.0,0.0,0.0,Friendly
109.2,A0200,AN/APG-68(V)9,LOCK,B0200,23.32902172837528,0.0,0.0,0.0,0.0,Friendly
109.2,B0200,N001VE,SEARCH,None,0.0,0.0,0.0,0.0,0.0,Enemy
109.4,A0100,AN/APG-68(V)9,LOCK,B0200,32.94745343665178,0.0,0.0,0.0,0.0,Friendly
109.4,A0200,AN/APG-68(V)9,LOCK,B0200,23.296521531759957,0.0,0.0,0.0,0.0,Friendly
109.4,B0200,N001VE,SEARCH,None,0.0,0.0,0.0,0.0,0.0,Enemy
109.60000000000001,A0100,AN/APG-68(V)9,LOCK,B0200,32.968855795522735,0.0,0.0,0.0,0.0,Friendly
109.60000000000001,A0200,AN/APG-68(V)9,LOCK,B0200,23.266154784451363,0.0,0.0,0.0,0.0,Friendly
109.60000000000001,B0200,N001VE,SEARCH,None,0.0,0.0,0.0,0.0,0.0,Enemy
109.80000000000001,A0100,AN/APG-68(V)9,LOCK,B0200,32.99166905275705,0.0,0.0,0.0,0.0,Friendly
109.80000000000001,A0200,AN/APG-68(V)9,LOCK,B0200,23.23803093579314,0.0,0.0,0.0,0.0,Friendly
109.80000000000001,B0200,N001VE,LOCK,A0200,23.23803093579314,-5.201372900555128,3409.0435420638087,0.7379055978346877,16174.36753186268,Enemy
110.0,A0100,AN/APG-68(V)9,LOCK,B0200,33.01587121101903,0.0,0.0,0.0,0.0,Friendly
110.0,A0200,AN/APG-68(V)9,LOCK,B0200,23.21237801079272,0.0,0.0,0.0,0.0,Friendly
110.0,B0200,N001VE,LOCK,A0200,23.23803093579314,-5.201372900555128,3409.0435420638087,0.7095246133025858,16174.36753186268,Enemy
110.2,A0100,AN/APG-68(V)9,LOCK,B0200,33.041600552382384,0.0,0.0,0.0,0.0,Friendly
110.2,A0200,AN/APG-68(V)9,LOCK,B0200,23.18939711856109,0.0,0.0,0.0,0.0,Friendly
110.2,B0200,N001VE,LOCK,A0200,23.23803093579314,-5.201372900555128,3409.0435420638087,0.681143628770482,16174.36753186268,Enemy
110.4,A0100,AN/APG-68(V)9,LOCK,B0200,33.069095162172076,0.0,0.0,0.0,0.0,Friendly
110.4,A0200,AN/APG-68(V)9,LOCK,B0200,23.169288211481266,0.0,0.0,0.0,0.0,Friendly
110.4,B0200,N001VE,LOCK,A0200,23.23803093579314,-5.201372900555128,3409.0435420638087,0.652762644238378,16174.36753186268,Enemy
110.60000000000001,A0100,AN/APG-68(V)9,LOCK,B0200,33.09827501024136,0.0,0.0,0.0,0.0,Friendly
110.60000000000001,A0200,AN/APG-68(V)9,LOCK,B0200,23.15192663905598,0.0,0.0,0.0,0.0,Friendly
110.60000000000001,B0200,N001VE,LOCK,A0200,23.23803093579314,-5.201372900555128,3409.0435420638087,0.6243816597062742,16174.36753186268,Enemy
110.80000000000001,A0100,AN/APG-68(V)9,LOCK,B0200,33.12888398554132,0.0,0.0,0.0,0.0,Friendly
110.80000000000001,A0200,AN/APG-68(V)9,LOCK,B0200,23.136984065857472,0.0,0.0,0.0,0.0,Friendly
110.80000000000001,B0200,N001VE,SEARCH,None,0.0,0.0,0.0,0.0,0.0,Enemy
111.0,A0100,AN/APG-68(V)9,LOCK,B0200,33.16096481301953,0.0,0.0,0.0,0.0,Friendly
111.0,A0200,AN/APG-68(V)9,LOCK,B0200,23.12431776496937,0.0,0.0,0.0,0.0,Friendly
111.0,B0200,N001VE,SEARCH,None,0.0,0.0,0.0,0.0,0.0,Enemy
111.2,A0100,AN/APG-68(V)9,LOCK,B0200,33.19469616389639,0.0,0.0,0.0,0.0,Friendly
111.2,A0200,AN/APG-68(V)9,LOCK,B0200,23.11391569948712,0.0,0.0,0.0,0.0,Friendly
111.2,B0200,N001VE,SEARCH,None,0.0,0.0,0.0,0.0,0.0,Enemy
111.4,A0100,AN/APG-68(V)9,LOCK,B0200,33.23049968036986,0.0,0.0,0.0,0.0,Friendly
111.4,A0200,AN/APG-68(V)9,LOCK,B0200,23.10583685808548,0.0,0.0,0.0,0.0,Friendly
111.4,B0200,N001VE,SEARCH,None,0.0,0.0,0.0,0.0,0.0,Enemy
111.60000000000001,A0100,AN/APG-68(V)9,LOCK,B0200,33.26837020412566,0.0,0.0,0.0,0.0,Friendly
111.60000000000001,A0200,AN/APG-68(V)9,LOCK,B0200,23.099917861941126,0.0,0.0,0.0,0.0,Friendly
111.60000000000001,B0200,N001VE,SEARCH,None,0.0,0.0,0.0,0.0,0.0,Enemy
111.80000000000001,A0100,AN/APG-68(V)9,LOCK,B0200,33.308134370143705,0.0,0.0,0.0,0.0,Friendly
111.80000000000001,A0200,AN/APG-68(V)9,LOCK,B0200,23.096186973488944,0.0,0.0,0.0,0.0,Friendly
111.80000000000001,B0200,N001VE,LOCK,A0100,33.308134370143705,-9.708091038227945,-5286.56088380173,0.6069942531881306,14596.251825882773,Enemy
112.0,A0100,AN/APG-68(V)9,LOCK,B0200,33.349589918287826,0.0,0.0,0.0,0.0,Friendly
112.0,A0200,AN/APG-68(V)9,LOCK,B0200,23.09489993084104,0.0,0.0,0.0,0.0,Friendly
112.0,B0200,N001VE,TRACK,A0100,33.308134370143705,-9.708091038227945,-5286.56088380173,0.5836483203732037,14596.251825882773,Enemy
112.2,A0100,AN/APG-68(V)9,LOCK,B0200,33.39284142408137,0.0,0.0,0.0,0.0,Friendly
112.2,A0200,AN/APG-68(V)9,LOCK,B0200,23.096624343265844,0.0,0.0,0.0,0.0,Friendly
112.2,B0200,N001VE,TRACK,A0100,33.308134370143705,-9.708091038227945,-5286.56088380173,0.5603023875582752,14596.251825882773,Enemy
112.4,A0100,AN/APG-68(V)9,LOCK,B0200,33.43799652468642,0.0,0.0,0.0,0.0,Friendly
112.4,A0200,AN/APG-68(V)9,LOCK,B0200,23.101921225478886,0.0,0.0,0.0,0.0,Friendly
112.4,B0200,N001VE,TRACK,A0100,33.308134370143705,-9.708091038227945,-5286.56088380173,0.5369564547433467,14596.251825882773,Enemy
112.60000000000001,A0100,AN/APG-68(V)9,LOCK,B0200,33.48520234705642,0.0,0.0,0.0,0.0,Friendly
112.60000000000001,A0200,AN/APG-68(V)9,LOCK,B0200,23.111007754755853,0.0,0.0,0.0,0.0,Friendly
112.60000000000001,B0200,N001VE,TRACK,A0100,33.308134370143705,-9.708091038227945,-5286.56088380173,0.5136105219284183,14596.251825882773,Enemy
112.80000000000001,A0100,AN/APG-68(V)9,LOCK,B0200,33.5346682961825,0.0,0.0,0.0,0.0,Friendly
112.80000000000001,A0200,AN/APG-68(V)9,LOCK,B0200,23.1240485573397,0.0,0.0,0.0,0.0,Friendly
112.80000000000001,B0200,N001VE,SEARCH,None,0.0,0.0,0.0,0.0,0.0,Enemy
113.0,A0100,AN/APG-68(V)9,LOCK,B0200,33.58640481402125,0.0,0.0,0.0,0.0,Friendly
113.0,A0200,AN/APG-68(V)9,LOCK,B0200,23.140953540264206,0.0,0.0,0.0,0.0,Friendly
113.0,B0200,N001VE,SEARCH,None,0.0,0.0,0.0,0.0,0.0,Enemy
113.2,A0100,AN/APG-68(V)9,LOCK,B0200,33.64023115238232,0.0,0.0,0.0,0.0,Friendly
113.2,A0200,AN/APG-68(V)9,LOCK,B0200,23.16152900683526,0.0,0.0,0.0,0.0,Friendly
113.2,B0200,N001VE,SEARCH,None,0.0,0.0,0.0,0.0,0.0,Enemy
113.4,A0100,AN/APG-68(V)9,LOCK,B0200,33.69591565718329,0.0,0.0,0.0,0.0,Friendly
113.4,A0200,AN/APG-68(V)9,LOCK,B0200,23.1855387279982,0.0,0.0,0.0,0.0,Friendly
113.4,B0200,N001VE,SEARCH,None,0.0,0.0,0.0,0.0,0.0,Enemy
113.60000000000001,A0100,AN/APG-68(V)9,LOCK,B0200,33.753545400061554,0.0,0.0,0.0,0.0,Friendly
113.60000000000001,A0200,AN/APG-68(V)9,LOCK,B0200,23.212946768658252,0.0,0.0,0.0,0.0,Friendly
113.60000000000001,B0200,N001VE,SEARCH,None,0.0,0.0,0.0,0.0,0.0,Enemy
113.80000000000001,A0100,AN/APG-68(V)9,LOCK,B0200,33.8131998914972,0.0,0.0,0.0,0.0,Friendly
113.80000000000001,A0200,AN/APG-68(V)9,LOCK,B0200,23.24373461370551,0.0,0.0,0.0,0.0,Friendly
113.80000000000001,B0200,N001VE,SEARCH,None,0.0,0.0,0.0,0.0,0.0,Enemy
114.0,A0100,AN/APG-68(V)9,LOCK,B0200,33.875145521222805,0.0,0.0,0.0,0.0,Friendly
114.0,A0200,AN/APG-68(V)9,LOCK,B0200,23.277962568685847,0.0,0.0,0.0,0.0,Friendly
114.0,B0200,N001VE,SEARCH,None,0.0,0.0,0.0,0.0,0.0,Enemy
114.2,A0100,AN/APG-68(V)9,LOCK,B0200,33.93923861737107,0.0,0.0,0.0,0.0,Friendly
114.2,A0200,AN/APG-68(V)9,LOCK,B0200,23.315651883717614,0.0,0.0,0.0,0.0,Friendly
114.2,B0200,N001VE,SEARCH,None,0.0,0.0,0.0,0.0,0.0,Enemy
114.4,A0100,AN/APG-68(V)9,LOCK,B0200,34.00529117544088,0.0,0.0,0.0,0.0,Friendly
114.4,A0200,AN/APG-68(V)9,LOCK,B0200,23.35667489401831,0.0,0.0,0.0,0.0,Friendly
114.4,B0200,N001VE,SEARCH,None,0.0,0.0,0.0,0.0,0.0,Enemy
114.60000000000001,A0100,AN/APG-68(V)9,LOCK,B0200,34.07328831631166,0.0,0.0,0.0,0.0,Friendly
114.60000000000001,A0200,AN/APG-68(V)9,LOCK,B0200,23.4010480826624,0.0,0.0,0.0,0.0,Friendly
114.60000000000001,B0200,N001VE,SEARCH,None,0.0,0.0,0.0,0.0,0.0,Enemy
114.80000000000001,A0100,AN/APG-68(V)9,LOCK,B0200,34.14330112965369,0.0,0.0,0.0,0.0,Friendly
114.80000000000001,A0200,AN/APG-68(V)9,LOCK,B0200,23.44883588779329,0.0,0.0,0.0,0.0,Friendly
114.80000000000001,B0200,N001VE,LOCK,A0200,23.44883588779329,-5.99659489913811,4940.158091982383,0.7351651334586857,16528.03320178004,Enemy
115.0,A0100,AN/APG-68(V)9,LOCK,B0200,34.21546794133374,0.0,0.0,0.0,0.0,Friendly
115.0,A0200,AN/APG-68(V)9,LOCK,B0200,23.50011829510901,0.0,0.0,0.0,0.0,Friendly
115.0,B0200,N001VE,LOCK,A0200,23.44883588779329,-5.99659489913811,4940.158091982383,0.7068895514025839,16528.03320178004,Enemy
115.2,A0100,AN/APG-68(V)9,LOCK,B0200,34.28972190120957,0.0,0.0,0.0,0.0,Friendly
115.2,A0200,AN/APG-68(V)9,LOCK,B0200,23.55471103946611,0.0,0.0,0.0,0.0,Friendly
115.2,B0200,N001VE,LOCK,A0200,23.44883588779329,-5.99659489913811,4940.158091982383,0.6786139693464801,16528.03320178004,Enemy
115.4,A0100,AN/APG-68(V)9,LOCK,B0200,34.36594221679212,0.0,0.0,0.0,0.0,Friendly
115.4,A0200,AN/APG-68(V)9,LOCK,B0200,23.612204952817073,0.0,0.0,0.0,0.0,Friendly
115.4,B0200,N001VE,LOCK,A0200,23.44883588779329,-5.99659489913811,4940.158091982383,0.6503383872903764,16528.03320178004,Enemy
115.60000000000001,A0100,AN/APG-68(V)9,LOCK,B0200,34.44388891671616,0.0,0.0,0.0,0.0,Friendly
115.60000000000001,A0200,AN/APG-68(V)9,LOCK,B0200,23.672446824349215,0.0,0.0,0.0,0.0,Friendly
115.60000000000001,B0200,N001VE,LOCK,A0200,23.44883588779329,-5.99659489913811,4940.158091982383,0.6220628052342727,16528.03320178004,Enemy
115.80000000000001,A0100,AN/APG-68(V)9,LOCK,B0200,34.52366293975531,0.0,0.0,0.0,0.0,Friendly
115.80000000000001,A0200,AN/APG-68(V)9,LOCK,B0200,23.73549157579825,0.0,0.0,0.0,0.0,Friendly
115.80000000000001,B0200,N001VE,SEARCH,None,0.0,0.0,0.0,0.0,0.0,Enemy
116.0,A0100,AN/APG-68(V)9,LOCK,B0200,34.605250173154026,0.0,0.0,0.0,0.0,Friendly
116.0,A0200,AN/APG-68(V)9,LOCK,B0200,23.801501919888146,0.0,0.0,0.0,0.0,Friendly
116.0,B0200,N001VE,SEARCH,None,0.0,0.0,0.0,0.0,0.0,Enemy
116.2,A0100,AN/APG-68(V)9,LOCK,B0200,34.68872738187269,0.0,0.0,0.0,0.0,Friendly
116.2,A0200,AN/APG-68(V)9,LOCK,B0200,23.87038157000131,0.0,0.0,0.0,0.0,Friendly
116.2,B0200,N001VE,SEARCH,None,0.0,0.0,0.0,0.0,0.0,Enemy
116.4,A0100,AN/APG-68(V)9,LOCK,B0200,34.774202522366025,0.0,0.0,0.0,0.0,Friendly
116.4,A0200,AN/APG-68(V)9,LOCK,B0200,23.9418532566049,0.0,0.0,0.0,0.0,Friendly
116.4,B0200,N001VE,SEARCH,None,0.0,0.0,0.0,0.0,0.0,Enemy
116.60000000000001,A0100,AN/APG-68(V)9,LOCK,B0200,34.86162289803853,0.0,0.0,0.0,0.0,Friendly
116.60000000000001,A0200,AN/APG-68(V)9,LOCK,B0200,24.015782631992135,0.0,0.0,0.0,0.0,Friendly
116.60000000000001,B0200,N001VE,SEARCH,None,0.0,0.0,0.0,0.0,0.0,Enemy
116.80000000000001,A0100,AN/APG-68(V)9,LOCK,B0200,34.95079628695366,0.0,0.0,0.0,0.0,Friendly
116.80000000000001,A0200,AN/APG-68(V)9,LOCK,B0200,24.092205828116338,0.0,0.0,0.0,0.0,Friendly
116.80000000000001,B0200,N001VE,SEARCH,None,0.0,0.0,0.0,0.0,0.0,Enemy
117.0,A0100,AN/APG-68(V)9,LOCK,B0200,35.04155624079977,0.0,0.0,0.0,0.0,Friendly
117.0,A0200,AN/APG-68(V)9,LOCK,B0200,24.170972833010904,0.0,0.0,0.0,0.0,Friendly
117.0,B0200,N001VE,SEARCH,None,0.0,0.0,0.0,0.0,0.0,Enemy
117.2,A0100,AN/APG-68(V)9,LOCK,B0200,35.133869973640124,0.0,0.0,0.0,0.0,Friendly
117.2,A0200,AN/APG-68(V)9,LOCK,B0200,24.25190163070274,0.0,0.0,0.0,0.0,Friendly
117.2,B0200,N001VE,SEARCH,None,0.0,0.0,0.0,0.0,0.0,Enemy
117.4,A0100,AN/APG-68(V)9,LOCK,B0200,35.22778347350699,0.0,0.0,0.0,0.0,Friendly
117.4,A0200,AN/APG-68(V)9,LOCK,B0200,24.33473596667532,0.0,0.0,0.0,0.0,Friendly
117.4,B0200,N001VE,SEARCH,None,0.0,0.0,0.0,0.0,0.0,Enemy
117.60000000000001,A0100,AN/APG-68(V)9,LOCK,B0200,35.32334397819982,0.0,0.0,0.0,0.0,Friendly
117.60000000000001,A0200,AN/APG-68(V)9,LOCK,B0200,24.419390311236054,0.0,0.0,0.0,0.0,Friendly
117.60000000000001,B0200,N001VE,SEARCH,None,0.0,0.0,0.0,0.0,0.0,Enemy
117.80000000000001,A0100,AN/APG-68(V)9,LOCK,B0200,35.42047242943761,0.0,0.0,0.0,0.0,Friendly
117.80000000000001,A0200,AN/APG-68(V)9,LOCK,B0200,24.5057394161417,0.0,0.0,0.0,0.0,Friendly
117.80000000000001,B0200,N001VE,TRACK,A0100,35.42047242943761,-11.321885809813972,-4045.605244581103,0.5795338584173099,14787.848516952581,Enemy
118.0,A0100,AN/APG-68(V)9,LOCK,B0200,35.51894493827538,0.0,0.0,0.0,0.0,Friendly
118.0,A0200,AN/APG-68(V)9,LOCK,B0200,24.593653862876387,0.0,0.0,0.0,0.0,Friendly
118.0,B0200,N001VE,TRACK,A0100,35.42047242943761,-11.321885809813972,-4045.605244581103,0.5572440946320298,14787.848516952581,Enemy
118.2,A0100,AN/APG-68(V)9,LOCK,B0200,35.6187791365141,0.0,0.0,0.0,0.0,Friendly
118.2,A0200,AN/APG-68(V)9,LOCK,B0200,24.683052815342982,0.0,0.0,0.0,0.0,Friendly
118.2,B0200,N001VE,TRACK,A0100,35.42047242943761,-11.321885809813972,-4045.605244581103,0.5349543308467484,14787.848516952581,Enemy
118.4,A0100,AN/APG-68(V)9,LOCK,B0200,35.719942209002674,0.0,0.0,0.0,0.0,Friendly
118.4,A0200,AN/APG-68(V)9,LOCK,B0200,24.773966774473234,0.0,0.0,0.0,0.0,Friendly
118.4,B0200,N001VE,SEARCH,None,0.0,0.0,0.0,0.0,0.0,Enemy
118.60000000000001,A0100,AN/APG-68(V)9,LOCK,B0200,35.82251922456227,0.0,0.0,0.0,0.0,Friendly
118.60000000000001,A0200,AN/APG-68(V)9,LOCK,B0200,24.866337191867512,0.0,0.0,0.0,0.0,Friendly
118.60000000000001,B0200,N001VE,SEARCH,None,0.0,0.0,0.0,0.0,0.0,Enemy
118.80000000000001,A0100,AN/APG-68(V)9,LOCK,B0200,35.92637275967198,0.0,0.0,0.0,0.0,Friendly
118.80000000000001,A0200,AN/APG-68(V)9,LOCK,B0200,24.95993024822471,0.0,0.0,0.0,0.0,Friendly
118.80000000000001,B0200,N001VE,SEARCH,None,0.0,0.0,0.0,0.0,0.0,Enemy
119.0,A0100,AN/APG-68(V)9,LOCK,B0200,36.03139775134403,0.0,0.0,0.0,0.0,Friendly
119.0,A0200,AN/APG-68(V)9,LOCK,B0200,25.054447884557167,0.0,0.0,0.0,0.0,Friendly
119.0,B0200,N001VE,SEARCH,None,0.0,0.0,0.0,0.0,0.0,Enemy
119.2,A0100,AN/APG-68(V)9,LOCK,B0200,36.137408673150624,0.0,0.0,0.0,0.0,Friendly
119.2,A0200,AN/APG-68(V)9,LOCK,B0200,25.149594400447477,0.0,0.0,0.0,0.0,Friendly
119.2,B0200,N001VE,SEARCH,None,0.0,0.0,0.0,0.0,0.0,Enemy
119.4,A0100,AN/APG-68(V)9,LOCK,B0200,36.24439343421073,0.0,0.0,0.0,0.0,Friendly
119.4,A0200,AN/APG-68(V)9,LOCK,B0200,25.244982864089877,0.0,0.0,0.0,0.0,Friendly
119.4,B0200,N001VE,SEARCH,None,0.0,0.0,0.0,0.0,0.0,Enemy
119.60000000000001,A0100,AN/APG-68(V)9,LOCK,B0200,36.35227010455546,0.0,0.0,0.0,0.0,Friendly
119.60000000000001,A0200,AN/APG-68(V)9,LOCK,B0200,25.340332743103232,0.0,0.0,0.0,0.0,Friendly
119.60000000000001,B0200,N001VE,SEARCH,None,0.0,0.0,0.0,0.0,0.0,Enemy
119.80000000000001,A0100,AN/APG-68(V)9,LOCK,B0200,36.46106442234367,0.0,0.0,0.0,0.0,Friendly
119.80000000000001,A0200,AN/APG-68(V)9,LOCK,B0200,25.435556567862985,0.0,0.0,0.0,0.0,Friendly
119.80000000000001,B0200,N001VE,SEARCH,None,0.0,0.0,0.0,0.0,0.0,Enemy
120.0,A0100,AN/APG-68(V)9,LOCK,B0200,36.5707167883538,0.0,0.0,0.0,0.0,Friendly
120.0,A0200,AN/APG-68(V)9,LOCK,B0200,25.530546423591524,0.0,0.0,0.0,0.0,Friendly
120.0,B0200,N001VE,SEARCH,None,0.0,0.0,0.0,0.0,0.0,Enemy
120.2,A0100,AN/APG-68(V)9,LOCK,B0200,36.681156034986316,0.0,0.0,0.0,0.0,Friendly
120.2,A0200,AN/APG-68(V)9,LOCK,B0200,25.62522268540169,0.0,0.0,0.0,0.0,Friendly
120.2,B0200,N001VE,SEARCH,None,0.0,0.0,0.0,0.0,0.0,Enemy
120.4,A0100,AN/APG-68(V)9,LOCK,B0200,36.79225008367806,0.0,0.0,0.0,0.0,Friendly
120.4,A0200,AN/APG-68(V)9,LOCK,B0200,25.719488731161814,0.0,0.0,0.0,0.0,Friendly
120.4,B0200,N001VE,SEARCH,None,0.0,0.0,0.0,0.0,0.0,Enemy
120.60000000000001,A0100,AN/APG-68(V)9,LOCK,B0200,36.903919347782626,0.0,0.0,0.0,0.0,Friendly
120.60000000000001,A0200,AN/APG-68(V)9,LOCK,B0200,25.81321500598923,0.0,0.0,0.0,0.0,Friendly
120.60000000000001,B0200,N001VE,SEARCH,None,0.0,0.0,0.0,0.0,0.0,Enemy
120.80000000000001,A0100,AN/APG-68(V)9,LOCK,B0200,37.015923522182774,0.0,0.0,0.0,0.0,Friendly
120.80000000000001,A0200,AN/APG-68(V)9,LOCK,B0200,25.906471272263797,0.0,0.0,0.0,0.0,Friendly
120.80000000000001,B0200,N001VE,LOCK,A0200,25.906471272263797,-8.306372959419658,5708.593462959133,0.7032158734605692,16718.56203247661,Enemy
121.0,A0100,AN/APG-68(V)9,LOCK,B0200,37.128064087626534,0.0,0.0,0.0,0.0,Friendly
121.0,A0200,AN/APG-68(V)9,LOCK,B0200,25.99947567006741,0.0,0.0,0.0,0.0,Friendly
121.0,B0200,N001VE,LOCK,A0200,25.906471272263797,-8.306372959419658,5708.593462959133,0.6761691090967026,16718.56203247661,Enemy
121.2,A0100,AN/APG-68(V)9,LOCK,B0200,37.24035959743455,0.0,0.0,0.0,0.0,Friendly
121.2,A0200,AN/APG-68(V)9,LOCK,B0200,26.092578813068542,0.0,0.0,0.0,0.0,Friendly
121.2,B0200,N001VE,LOCK,A0200,25.906471272263797,-8.306372959419658,5708.593462959133,0.649122344732834,16718.56203247661,Enemy
121.4,A0100,AN/APG-68(V)9,LOCK,B0200,37.35284979236472,0.0,0.0,0.0,0.0,Friendly
121.4,A0200,AN/APG-68(V)9,LOCK,B0200,26.185930863052505,0.0,0.0,0.0,0.0,Friendly
121.4,B0200,N001VE,SEARCH,None,0.0,0.0,0.0,0.0,0.0,Enemy
121.60000000000001,A0100,AN/APG-68(V)9,LOCK,B0200,37.46547755671025,0.0,0.0,0.0,0.0,Friendly
121.60000000000001,A0200,AN/APG-68(V)9,LOCK,B0200,26.279321473383785,0.0,0.0,0.0,0.0,Friendly
121.60000000000001,B0200,N001VE,SEARCH,None,0.0,0.0,0.0,0.0,0.0,Enemy
121.80000000000001,A0100,AN/APG-68(V)9,LOCK,B0200,37.57824256007841,0.0,0.0,0.0,0.0,Friendly
121.80000000000001,A0200,AN/APG-68(V)9,LOCK,B0200,26.3727505171663,0.0,0.0,0.0,0.0,Friendly
121.80000000000001,B0200,N001VE,TRACK,A0100,37.57824256007841,-12.674474247058182,-3660.8488728084326,0.5514828467189796,14850.602742316272,Enemy
122.0,A0100,AN/APG-68(V)9,LOCK,B0200,37.69124803772616,0.0,0.0,0.0,0.0,Friendly
122.0,A0200,AN/APG-68(V)9,LOCK,B0200,26.46624398298151,0.0,0.0,0.0,0.0,Friendly
122.0,B0200,N001VE,TRACK,A0100,37.57824256007841,-12.674474247058182,-3660.8488728084326,0.53027196799902,14850.602742316272,Enemy
122.2,A0100,AN/APG-68(V)9,LOCK,B0200,37.80445105151043,0.0,0.0,0.0,0.0,Friendly
122.2,A0200,AN/APG-68(V)9,LOCK,B0200,26.559854558281,0.0,0.0,0.0,0.0,Friendly
122.2,B0200,N001VE,TRACK,A0100,37.57824256007841,-12.674474247058182,-3660.8488728084326,0.5090610892790589,14850.602742316272,Enemy
122.4,A0100,AN/APG-68(V)9,LOCK,B0200,37.91787121757412,0.0,0.0,0.0,0.0,Friendly
122.4,A0200,AN/APG-68(V)9,LOCK,B0200,26.653628518605572,0.0,0.0,0.0,0.0,Friendly
122.4,B0200,N001VE,TRACK,A0100,37.57824256007841,-12.674474247058182,-3660.8488728084326,0.4878502105590978,14850.602742316272,Enemy
122.60000000000001,A0100,AN/APG-68(V)9,LOCK,B0200,38.03146991174869,0.0,0.0,0.0,0.0,Friendly
122.60000000000001,A0200,AN/APG-68(V)9,LOCK,B0200,26.74761633370627,0.0,0.0,0.0,0.0,Friendly
122.60000000000001,B0200,N001VE,TRACK,A0100,37.57824256007841,-12.674474247058182,-3660.8488728084326,0.4666393318391367,14850.602742316272,Enemy
122.80000000000001,A0100,AN/APG-68(V)9,LOCK,B0200,38.14521100067114,0.0,0.0,0.0,0.0,Friendly
122.80000000000001,A0200,AN/APG-68(V)9,LOCK,B0200,26.8417183163526,0.0,0.0,0.0,0.0,Friendly
122.80000000000001,B0200,N001VE,SEARCH,None,0.0,0.0,0.0,0.0,0.0,Enemy
123.0,A0100,AN/APG-68(V)9,LOCK,B0200,38.2590042155399,0.0,0.0,0.0,0.0,Friendly
123.0,A0200,AN/APG-68(V)9,LOCK,B0200,26.935808058192578,0.0,0.0,0.0,0.0,Friendly
123.0,B0200,N001VE,SEARCH,None,0.0,0.0,0.0,0.0,0.0,Enemy
123.2,A0100,AN/APG-68(V)9,LOCK,B0200,38.37298726426434,0.0,0.0,0.0,0.0,Friendly
123.2,A0200,AN/APG-68(V)9,LOCK,B0200,27.029995577879742,0.0,0.0,0.0,0.0,Friendly
123.2,B0200,N001VE,SEARCH,None,0.0,0.0,0.0,0.0,0.0,Enemy
123.4,A0100,AN/APG-68(V)9,LOCK,B0200,38.48706771618488,0.0,0.0,0.0,0.0,Friendly
123.4,A0200,AN/APG-68(V)9,LOCK,B0200,27.12432798100846,0.0,0.0,0.0,0.0,Friendly
123.4,B0200,N001VE,SEARCH,None,0.0,0.0,0.0,0.0,0.0,Enemy
123.60000000000001,A0100,AN/APG-68(V)9,LOCK,B0200,38.60123823779382,0.0,0.0,0.0,0.0,Friendly
123.60000000000001,A0200,AN/APG-68(V)9,LOCK,B0200,27.218772906825098,0.0,0.0,0.0,0.0,Friendly
123.60000000000001,B0200,N001VE,SEARCH,None,0.0,0.0,0.0,0.0,0.0,Enemy
123.80000000000001,A0100,AN/APG-68(V)9,LOCK,B0200,38.71553560191103,0.0,0.0,0.0,0.0,Friendly
123.80000000000001,A0200,AN/APG-68(V)9,LOCK,B0200,27.31335944791357,0.0,0.0,0.0,0.0,Friendly
123.80000000000001,B0200,N001VE,TRACK,A0100,38.71553560191103,-13.339446936880602,-3543.9061972946674,0.5366980371751555,14869.677154138051,Enemy
124.0,A0100,AN/APG-68(V)9,LOCK,B0200,38.82994148227542,0.0,0.0,0.0,0.0,Friendly
124.0,A0200,AN/APG-68(V)9,LOCK,B0200,27.408072212831488,0.0,0.0,0.0,0.0,Friendly
124.0,B0200,N001VE,TRACK,A0100,38.71553560191103,-13.339446936880602,-3543.9061972946674,0.5160558049761121,14869.677154138051,Enemy
124.2,A0100,AN/APG-68(V)9,LOCK,B0200,38.944447447899556,0.0,0.0,0.0,0.0,Friendly
124.2,A0200,AN/APG-68(V)9,LOCK,B0200,27.50293582876048,0.0,0.0,0.0,0.0,Friendly
124.2,B0200,N001VE,TRACK,A0100,38.71553560191103,-13.339446936880602,-3543.9061972946674,0.4954135727770674,14869.677154138051,Enemy
124.4,A0100,AN/APG-68(V)9,LOCK,B0200,39.05905400388374,0.0,0.0,0.0,0.0,Friendly
124.4,A0200,AN/APG-68(V)9,LOCK,B0200,27.597848143180265,0.0,0.0,0.0,0.0,Friendly
124.4,B0200,N001VE,TRACK,A0100,38.71553560191103,-13.339446936880602,-3543.9061972946674,0.47477134057802256,14869.677154138051,Enemy
124.60000000000001,A0100,AN/APG-68(V)9,LOCK,B0200,39.17368668263367,0.0,0.0,0.0,0.0,Friendly
124.60000000000001,A0200,AN/APG-68(V)9,LOCK,B0200,27.692686142040518,0.0,0.0,0.0,0.0,Friendly
124.60000000000001,B0200,N001VE,TRACK,A0100,38.71553560191103,-13.339446936880602,-3543.9061972946674,0.45412910837897785,14869.677154138051,Enemy
124.80000000000001,A0100,AN/APG-68(V)9,LOCK,B0200,39.28847403456739,0.0,0.0,0.0,0.0,Friendly
124.80000000000001,A0200,AN/APG-68(V)9,LOCK,B0200,27.78758993536002,0.0,0.0,0.0,0.0,Friendly
124.80000000000001,B0200,N001VE,SEARCH,None,0.0,0.0,0.0,0.0,0.0,Enemy
125.0,A0100,AN/APG-68(V)9,LOCK,B0200,39.403315422599135,0.0,0.0,0.0,0.0,Friendly
125.0,A0200,AN/APG-68(V)9,LOCK,B0200,27.8826005261646,0.0,0.0,0.0,0.0,Friendly
125.0,B0200,N001VE,SEARCH,None,0.0,0.0,0.0,0.0,0.0,Enemy
125.2,A0100,AN/APG-68(V)9,LOCK,B0200,39.51826288767342,0.0,0.0,0.0,0.0,Friendly
125.2,A0200,AN/APG-68(V)9,LOCK,B0200,27.97772842124586,0.0,0.0,0.0,0.0,Friendly
125.2,B0200,N001VE,SEARCH,None,0.0,0.0,0.0,0.0,0.0,Enemy
125.4,A0100,AN/APG-68(V)9,LOCK,B0200,39.63322393075976,0.0,0.0,0.0,0.0,Friendly
125.4,A0200,AN/APG-68(V)9,LOCK,B0200,28.07288116641928,0.0,0.0,0.0,0.0,Friendly
125.4,B0200,N001VE,SEARCH,None,0.0,0.0,0.0,0.0,0.0,Enemy
125.60000000000001,A0100,AN/APG-68(V)9,LOCK,B0200,39.74812894475304,0.0,0.0,0.0,0.0,Friendly
125.60000000000001,A0200,AN/APG-68(V)9,LOCK,B0200,28.16795270318198,0.0,0.0,0.0,0.0,Friendly
125.60000000000001,B0200,N001VE,SEARCH,None,0.0,0.0,0.0,0.0,0.0,Enemy
125.80000000000001,A0100,AN/APG-68(V)9,LOCK,B0200,39.862955883034424,0.0,0.0,0.0,0.0,Friendly
125.80000000000001,A0200,AN/APG-68(V)9,LOCK,B0200,28.26301411190766,0.0,0.0,0.0,0.0,Friendly
125.80000000000001,B0200,N001VE,LOCK,A0200,28.26301411190766,-10.077048660740225,5758.505039551741,0.6725808165451991,16731.51825180519,Enemy
126.0,A0100,AN/APG-68(V)9,LOCK,B0200,39.977727845544955,0.0,0.0,0.0,0.0,Friendly
126.0,A0200,AN/APG-68(V)9,LOCK,B0200,28.35801884701598,0.0,0.0,0.0,0.0,Friendly
126.0,B0200,N001VE,LOCK,A0200,28.26301411190766,-10.077048660740225,5758.505039551741,0.6467123236011543,16731.51825180519,Enemy
126.2,A0100,AN/APG-68(V)9,LOCK,B0200,40.09243024543664,0.0,0.0,0.0,0.0,Friendly
126.2,A0200,AN/APG-68(V)9,LOCK,B0200,28.45296042793981,0.0,0.0,0.0,0.0,Friendly
126.2,B0200,N001VE,LOCK,A0200,28.26301411190766,-10.077048660740225,5758.505039551741,0.6208438306571077,16731.51825180519,Enemy
126.4,A0100,AN/APG-68(V)9,LOCK,B0200,40.207181001060356,0.0,0.0,0.0,0.0,Friendly
126.4,A0200,AN/APG-68(V)9,LOCK,B0200,28.54798655943429,0.0,0.0,0.0,0.0,Friendly
126.4,B0200,N001VE,TRACK,A0200,28.26301411190766,-10.077048660740225,5758.505039551741,0.5949753377130612,16731.51825180519,Enemy
126.60000000000001,A0100,AN/APG-68(V)9,LOCK,B0200,40.32194762130996,0.0,0.0,0.0,0.0,Friendly
126.60000000000001,A0200,AN/APG-68(V)9,LOCK,B0200,28.64314222198336,0.0,0.0,0.0,0.0,Friendly
126.60000000000001,B0200,N001VE,TRACK,A0200,28.26301411190766,-10.077048660740225,5758.505039551741,0.5691068447690146,16731.51825180519,Enemy
126.80000000000001,A0100,AN/APG-68(V)9,LOCK,B0200,40.436800697996595,0.0,0.0,0.0,0.0,Friendly
126.80000000000001,A0200,AN/APG-68(V)9,LOCK,B0200,28.738370595222296,0.0,0.0,0.0,0.0,Friendly
126.80000000000001,B0200,N001VE,SEARCH,None,0.0,0.0,0.0,0.0,0.0,Enemy
127.0,A0100,AN/APG-68(V)9,LOCK,B0200,40.551678054729464,0.0,0.0,0.0,0.0,Friendly
127.0,A0200,AN/APG-68(V)9,LOCK,B0200,28.833618543273282,0.0,0.0,0.0,0.0,Friendly
127.0,B0200,N001VE,SEARCH,None,0.0,0.0,0.0,0.0,0.0,Enemy
127.2,A0100,AN/APG-68(V)9,LOCK,B0200,40.66668237344211,0.0,0.0,0.0,0.0,Friendly
127.2,A0200,AN/APG-68(V)9,LOCK,B0200,28.92903219242311,0.0,0.0,0.0,0.0,Friendly
127.2,B0200,N001VE,SEARCH,None,0.0,0.0,0.0,0.0,0.0,Enemy
127.4,A0100,AN/APG-68(V)9,LOCK,B0200,40.781797951136056,0.0,0.0,0.0,0.0,Friendly
127.4,A0200,AN/APG-68(V)9,LOCK,B0200,29.024549345473353,0.0,0.0,0.0,0.0,Friendly
127.4,B0200,N001VE,SEARCH,None,0.0,0.0,0.0,0.0,0.0,Enemy
127.60000000000001,A0100,AN/APG-68(V)9,LOCK,B0200,40.89691087723359,0.0,0.0,0.0,0.0,Friendly
127.60000000000001,A0200,AN/APG-68(V)9,LOCK,B0200,29.120055818220287,0.0,0.0,0.0,0.0,Friendly
127.60000000000001,B0200,N001VE,SEARCH,None,0.0,0.0,0.0,0.0,0.0,Enemy
127.80000000000001,A0100,AN/APG-68(V)9,LOCK,B0200,41.012059168948134,0.0,0.0,0.0,0.0,Friendly
127.80000000000001,A0200,AN/APG-68(V)9,LOCK,B0200,29.215595287696434,0.0,0.0,0.0,0.0,Friendly
127.80000000000001,B0200,N001VE,SEARCH,None,0.0,0.0,0.0,0.0,0.0,Enemy
128.0,A0100,AN/APG-68(V)9,LOCK,B0200,41.127128265164814,0.0,0.0,0.0,0.0,Friendly
128.0,A0200,AN/APG-68(V)9,LOCK,B0200,29.311123084091385,0.0,0.0,0.0,0.0,Friendly
128.0,B0200,N001VE,SEARCH,None,0.0,0.0,0.0,0.0,0.0,Enemy
128.20000000000002,A0100,AN/APG-68(V)9,LOCK,B0200,41.242154352001315,0.0,0.0,0.0,0.0,Friendly
128.20000000000002,A0200,AN/APG-68(V)9,LOCK,B0200,29.406617943952593,0.0,0.0,0.0,0.0,Friendly
128.20000000000002,B0200,N001VE,SEARCH,None,0.0,0.0,0.0,0.0,0.0,Enemy
128.4,A0100,AN/APG-68(V)9,LOCK,B0200,41.35705686728048,0.0,0.0,0.0,0.0,Friendly
128.4,A0200,AN/APG-68(V)9,LOCK,B0200,29.50199265054716,0.0,0.0,0.0,0.0,Friendly
128.4,B0200,N001VE,SEARCH,None,0.0,0.0,0.0,0.0,0.0,Enemy
128.6,A0100,AN/APG-68(V)9,LOCK,B0200,41.47191557453148,0.0,0.0,0.0,0.0,Friendly
128.6,A0200,AN/APG-68(V)9,LOCK,B0200,29.597366189556244,0.0,0.0,0.0,0.0,Friendly
128.6,B0200,N001VE,SEARCH,None,0.0,0.0,0.0,0.0,0.0,Enemy
128.8,A0100,AN/APG-68(V)9,LOCK,B0200,41.5866598678211,0.0,0.0,0.0,0.0,Friendly
128.8,A0200,AN/APG-68(V)9,LOCK,B0200,29.692746656809465,0.0,0.0,0.0,0.0,Friendly
128.8,B0200,N001VE,SEARCH,None,0.0,0.0,0.0,0.0,0.0,Enemy
129.0,A0100,AN/APG-68(V)9,LOCK,B0200,41.701436087954406,0.0,0.0,0.0,0.0,Friendly
129.0,A0200,AN/APG-68(V)9,LOCK,B0200,29.78818781892411,0.0,0.0,0.0,0.0,Friendly
129.0,B0200,N001VE,SEARCH,None,0.0,0.0,0.0,0.0,0.0,Enemy
129.20000000000002,A0100,AN/APG-68(V)9,LOCK,B0200,41.816163034814736,0.0,0.0,0.0,0.0,Friendly
129.20000000000002,A0200,AN/APG-68(V)9,LOCK,B0200,29.883603312353266,0.0,0.0,0.0,0.0,Friendly
129.20000000000002,B0200,N001VE,SEARCH,None,0.0,0.0,0.0,0.0,0.0,Enemy
129.4,A0100,AN/APG-68(V)9,LOCK,B0200,41.93076399690906,0.0,0.0,0.0,0.0,Friendly
129.4,A0200,AN/APG-68(V)9,LOCK,B0200,29.97884886602289,0.0,0.0,0.0,0.0,Friendly
129.4,B0200,N001VE,SEARCH,None,0.0,0.0,0.0,0.0,0.0,Enemy
129.6,A0100,AN/APG-68(V)9,LOCK,B0200,42.045248797348265,0.0,0.0,0.0,0.0,Friendly
129.6,A0200,AN/APG-68(V)9,LOCK,B0200,30.07399600295795,0.0,0.0,0.0,0.0,Friendly
129.6,B0200,N001VE,SEARCH,None,0.0,0.0,0.0,0.0,0.0,Enemy
129.8,A0100,AN/APG-68(V)9,LOCK,B0200,42.15967215580835,0.0,0.0,0.0,0.0,Friendly
129.8,A0200,AN/APG-68(V)9,LOCK,B0200,30.16898976476956,0.0,0.0,0.0,0.0,Friendly
129.8,B0200,N001VE,SEARCH,None,0.0,0.0,0.0,0.0,0.0,Enemy
130.0,A0100,AN/APG-68(V)9,LOCK,B0200,42.27402428031023,0.0,0.0,0.0,0.0,Friendly
130.0,A0200,AN/APG-68(V)9,LOCK,B0200,30.26390958146734,0.0,0.0,0.0,0.0,Friendly
130.0,B0200,N001VE,SEARCH,None,0.0,0.0,0.0,0.0,0.0,Enemy
130.20000000000002,A0100,AN/APG-68(V)9,LOCK,B0200,42.38827194428764,0.0,0.0,0.0,0.0,Friendly
130.20000000000002,A0200,AN/APG-68(V)9,LOCK,B0200,30.35872536934657,0.0,0.0,0.0,0.0,Friendly
130.20000000000002,B0200,N001VE,SEARCH,None,0.0,0.0,0.0,0.0,0.0,Enemy
130.4,A0100,AN/APG-68(V)9,LOCK,B0200,42.502365843382776,0.0,0.0,0.0,0.0,Friendly
130.4,A0200,AN/APG-68(V)9,LOCK,B0200,30.453414468507383,0.0,0.0,0.0,0.0,Friendly
130.4,B0200,N001VE,SEARCH,None,0.0,0.0,0.0,0.0,0.0,Enemy
130.6,A0100,AN/APG-68(V)9,LOCK,B0200,42.61630969891182,0.0,0.0,0.0,0.0,Friendly
130.6,A0200,AN/APG-68(V)9,LOCK,B0200,30.548070878248048,0.0,0.0,0.0,0.0,Friendly
130.6,B0200,N001VE,SEARCH,None,0.0,0.0,0.0,0.0,0.0,Enemy
130.8,A0100,AN/APG-68(V)9,LOCK,B0200,42.73015395474332,0.0,0.0,0.0,0.0,Friendly
130.8,A0200,AN/APG-68(V)9,LOCK,B0200,30.642846828223302,0.0,0.0,0.0,0.0,Friendly
130.8,B0200,N001VE,SEARCH,None,0.0,0.0,0.0,0.0,0.0,Enemy
131.0,A0100,AN/APG-68(V)9,LOCK,B0200,42.844002683743625,0.0,0.0,0.0,0.0,Friendly
131.0,A0200,AN/APG-68(V)9,LOCK,B0200,30.737770640839628,0.0,0.0,0.0,0.0,Friendly
131.0,B0200,N001VE,SEARCH,None,0.0,0.0,0.0,0.0,0.0,Enemy
131.20000000000002,A0100,AN/APG-68(V)9,LOCK,B0200,42.957864597081304,0.0,0.0,0.0,0.0,Friendly
131.20000000000002,A0200,AN/APG-68(V)9,LOCK,B0200,30.832763517982716,0.0,0.0,0.0,0.0,Friendly
131.20000000000002,B0200,N001VE,SEARCH,None,0.0,0.0,0.0,0.0,0.0,Enemy
131.4,A0100,AN/APG-68(V)9,LOCK,B0200,43.07171529249371,0.0,0.0,0.0,0.0,Friendly
131.4,A0200,AN/APG-68(V)9,LOCK,B0200,30.927718356229228,0.0,0.0,0.0,0.0,Friendly
131.4,B0200,N001VE,SEARCH,None,0.0,0.0,0.0,0.0,0.0,Enemy
131.6,A0100,AN/APG-68(V)9,LOCK,B0200,43.1856217721063,0.0,0.0,0.0,0.0,Friendly
131.6,A0200,AN/APG-68(V)9,LOCK,B0200,31.022815761583438,0.0,0.0,0.0,0.0,Friendly
131.6,B0200,N001VE,SEARCH,None,0.0,0.0,0.0,0.0,0.0,Enemy
131.8,A0100,AN/APG-68(V)9,LOCK,B0200,43.299606769333906,0.0,0.0,0.0,0.0,Friendly
131.8,A0200,AN/APG-68(V)9,LOCK,B0200,31.118144706097823,0.0,0.0,0.0,0.0,Friendly
131.8,B0200,N001VE,LOCK,A0200,31.118144706097823,-12.050648515031334,5884.24155608696,0.6354641188207268,16740.844840448688,Enemy
132.0,A0100,AN/APG-68(V)9,LOCK,B0200,43.41366844566741,0.0,0.0,0.0,0.0,Friendly
132.0,A0200,AN/APG-68(V)9,LOCK,B0200,31.21369502369313,0.0,0.0,0.0,0.0,Friendly
132.0,B0200,N001VE,LOCK,A0200,31.118144706097823,-12.050648515031334,5884.24155608696,0.6110231911737771,16740.844840448688,Enemy
132.20000000000002,A0100,AN/APG-68(V)9,LOCK,B0200,43.52781220404971,0.0,0.0,0.0,0.0,Friendly
132.20000000000002,A0200,AN/APG-68(V)9,LOCK,B0200,31.309362337642174,0.0,0.0,0.0,0.0,Friendly
132.20000000000002,B0200,N001VE,TRACK,A0200,31.118144706097823,-12.050648515031334,5884.24155608696,0.586582263526824,16740.844840448688,Enemy
132.4,A0100,AN/APG-68(V)9,LOCK,B0200,43.64187334291316,0.0,0.0,0.0,0.0,Friendly
132.4,A0200,AN/APG-68(V)9,LOCK,B0200,31.405065239229057,0.0,0.0,0.0,0.0,Friendly
132.4,B0200,N001VE,TRACK,A0200,31.118144706097823,-12.050648515031334,5884.24155608696,0.5621413358798742,16740.844840448688,Enemy
132.6,A0100,AN/APG-68(V)9,LOCK,B0200,43.75589600301391,0.0,0.0,0.0,0.0,Friendly
132.6,A0200,AN/APG-68(V)9,LOCK,B0200,31.50078527145135,0.0,0.0,0.0,0.0,Friendly
132.6,B0200,N001VE,TRACK,A0200,31.118144706097823,-12.050648515031334,5884.24155608696,0.5377004082329245,16740.844840448688,Enemy
132.8,A0100,AN/APG-68(V)9,LOCK,B0200,43.869794596975225,0.0,0.0,0.0,0.0,Friendly
132.8,A0200,AN/APG-68(V)9,LOCK,B0200,31.596552706439326,0.0,0.0,0.0,0.0,Friendly
132.8,B0200,N001VE,LOCK,A0200,31.596552706439326,-12.366527157008909,5981.780695783493,0.6292448148162874,16742.56233674155,Enemy
133.0,A0100,AN/APG-68(V)9,LOCK,B0200,43.98366576060442,0.0,0.0,0.0,0.0,Friendly
133.0,A0200,AN/APG-68(V)9,LOCK,B0200,31.6924100192076,0.0,0.0,0.0,0.0,Friendly
133.0,B0200,N001VE,LOCK,A0200,31.596552706439326,-12.366527157008909,5981.780695783493,0.6050430911695084,16742.56233674155,Enemy
133.20000000000002,A0100,AN/APG-68(V)9,LOCK,B0200,44.097436663248864,0.0,0.0,0.0,0.0,Friendly
133.20000000000002,A0200,AN/APG-68(V)9,LOCK,B0200,31.78825068972213,0.0,0.0,0.0,0.0,Friendly
133.20000000000002,B0200,N001VE,TRACK,A0200,31.596552706439326,-12.366527157008909,5981.780695783493,0.580841367522726,16742.56233674155,Enemy
133.4,A0100,AN/APG-68(V)9,LOCK,B0200,44.21114901804706,0.0,0.0,0.0,0.0,Friendly
133.4,A0200,AN/APG-68(V)9,LOCK,B0200,31.884124979070716,0.0,0.0,0.0,0.0,Friendly
133.4,B0200,N001VE,TRACK,A0200,31.596552706439326,-12.366527157008909,5981.780695783493,0.556639643875947,16742.56233674155,Enemy
133.6,A0100,AN/APG-68(V)9,LOCK,B0200,44.32470728392893,0.0,0.0,0.0,0.0,Friendly
133.6,A0200,AN/APG-68(V)9,LOCK,B0200,31.98008767537577,0.0,0.0,0.0,0.0,Friendly
133.6,B0200,N001VE,TRACK,A0200,31.596552706439326,-12.366527157008909,5981.780695783493,0.532437920229168,16742.56233674155,Enemy
133.8,A0100,AN/APG-68(V)9,LOCK,B0200,44.438218615451895,0.0,0.0,0.0,0.0,Friendly
133.8,A0200,AN/APG-68(V)9,LOCK,B0200,32.07619540825665,0.0,0.0,0.0,0.0,Friendly
133.8,B0200,N001VE,LOCK,A0200,32.07619540825665,-12.679633360801247,6081.351043032559,0.6230094596926622,16744.519559947275,Enemy
134.0,A0100,AN/APG-68(V)9,LOCK,B0200,44.551705465204876,0.0,0.0,0.0,0.0,Friendly
134.0,A0200,AN/APG-68(V)9,LOCK,B0200,32.17237949361665,0.0,0.0,0.0,0.0,Friendly
134.0,B0200,N001VE,TRACK,A0200,32.07619540825665,-12.679633360801247,6081.351043032559,0.5990475573967918,16744.519559947275,Enemy
134.20000000000002,A0100,AN/APG-68(V)9,LOCK,B0200,44.66518324518576,0.0,0.0,0.0,0.0,Friendly
134.20000000000002,A0200,AN/APG-68(V)9,LOCK,B0200,32.26865754799716,0.0,0.0,0.0,0.0,Friendly
134.20000000000002,B0200,N001VE,TRACK,A0200,32.07619540825665,-12.679633360801247,6081.351043032559,0.5750856551009181,16744.519559947275,Enemy
134.4,A0100,AN/APG-68(V)9,LOCK,B0200,44.77856423344135,0.0,0.0,0.0,0.0,Friendly
134.4,A0200,AN/APG-68(V)9,LOCK,B0200,32.36502018339187,0.0,0.0,0.0,0.0,Friendly
134.4,B0200,N001VE,TRACK,A0200,32.07619540825665,-12.679633360801247,6081.351043032559,0.5511237528050478,16744.519559947275,Enemy
134.6,A0100,AN/APG-68(V)9,LOCK,B0200,44.891876917942454,0.0,0.0,0.0,0.0,Friendly
134.6,A0200,AN/APG-68(V)9,LOCK,B0200,32.46147965600228,0.0,0.0,0.0,0.0,Friendly
134.6,B0200,N001VE,TRACK,A0200,32.07619540825665,-12.679633360801247,6081.351043032559,0.5271618505091775,16744.519559947275,Enemy
134.8,A0100,AN/APG-68(V)9,TRACK,B0200,45.00504513584977,0.0,0.0,0.0,0.0,Friendly
134.8,A0200,AN/APG-68(V)9,LOCK,B0200,32.55793179994944,0.0,0.0,0.0,0.0,Friendly
134.8,B0200,N001VE,SEARCH,None,0.0,0.0,0.0,0.0,0.0,Enemy
135.0,A0100,AN/APG-68(V)9,TRACK,B0200,45.11813332145996,0.0,0.0,0.0,0.0,Friendly
135.0,A0200,AN/APG-68(V)9,LOCK,B0200,32.654414450978486,0.0,0.0,0.0,0.0,Friendly
135.0,B0200,N001VE,SEARCH,None,0.0,0.0,0.0,0.0,0.0,Enemy
135.20000000000002,A0100,AN/APG-68(V)9,TRACK,B0200,45.23104290895274,0.0,0.0,0.0,0.0,Friendly
135.20000000000002,A0200,AN/APG-68(V)9,LOCK,B0200,32.7509717338704,0.0,0.0,0.0,0.0,Friendly
135.20000000000002,B0200,N001VE,SEARCH,None,0.0,0.0,0.0,0.0,0.0,Enemy
135.4,A0100,AN/APG-68(V)9,TRACK,B0200,45.34381116797272,0.0,0.0,0.0,0.0,Friendly
135.4,A0200,AN/APG-68(V)9,LOCK,B0200,32.84762268558513,0.0,0.0,0.0,0.0,Friendly
135.4,B0200,N001VE,SEARCH,None,0.0,0.0,0.0,0.0,0.0,Enemy
135.6,A0100,AN/APG-68(V)9,TRACK,B0200,45.45639651506734,0.0,0.0,0.0,0.0,Friendly
135.6,A0200,AN/APG-68(V)9,LOCK,B0200,32.9442584107369,0.0,0.0,0.0,0.0,Friendly
135.6,B0200,N001VE,SEARCH,None,0.0,0.0,0.0,0.0,0.0,Enemy
135.8,A0100,AN/APG-68(V)9,TRACK,B0200,45.568859353987136,0.0,0.0,0.0,0.0,Friendly
135.8,A0200,AN/APG-68(V)9,LOCK,B0200,33.040955149637796,0.0,0.0,0.0,0.0,Friendly
135.8,B0200,N001VE,SEARCH,None,0.0,0.0,0.0,0.0,0.0,Enemy
136.0,A0100,AN/APG-68(V)9,TRACK,B0200,45.68127595117632,0.0,0.0,0.0,0.0,Friendly
136.0,A0200,AN/APG-68(V)9,LOCK,B0200,33.137793799473016,0.0,0.0,0.0,0.0,Friendly
136.0,B0200,N001VE,SEARCH,None,0.0,0.0,0.0,0.0,0.0,Enemy
136.20000000000002,A0100,AN/APG-68(V)9,TRACK,B0200,45.793668853610505,0.0,0.0,0.0,0.0,Friendly
136.20000000000002,A0200,AN/APG-68(V)9,LOCK,B0200,33.234782721489594,0.0,0.0,0.0,0.0,Friendly
136.20000000000002,B0200,N001VE,SEARCH,None,0.0,0.0,0.0,0.0,0.0,Enemy
136.4,A0100,AN/APG-68(V)9,TRACK,B0200,45.90594097879047,0.0,0.0,0.0,0.0,Friendly
136.4,A0200,AN/APG-68(V)9,LOCK,B0200,33.331804045284244,0.0,0.0,0.0,0.0,Friendly
136.4,B0200,N001VE,SEARCH,None,0.0,0.0,0.0,0.0,0.0,Enemy
136.6,A0100,AN/APG-68(V)9,TRACK,B0200,46.01816952051974,0.0,0.0,0.0,0.0,Friendly
136.6,A0200,AN/APG-68(V)9,LOCK,B0200,33.42887901731919,0.0,0.0,0.0,0.0,Friendly
136.6,B0200,N001VE,SEARCH,None,0.0,0.0,0.0,0.0,0.0,Enemy
136.8,A0100,AN/APG-68(V)9,TRACK,B0200,46.130316215035165,0.0,0.0,0.0,0.0,Friendly
136.8,A0200,AN/APG-68(V)9,LOCK,B0200,33.52603123143263,0.0,0.0,0.0,0.0,Friendly
136.8,B0200,N001VE,SEARCH,None,0.0,0.0,0.0,0.0,0.0,Enemy
137.0,A0100,AN/APG-68(V)9,TRACK,B0200,46.242362459349266,0.0,0.0,0.0,0.0,Friendly
137.0,A0200,AN/APG-68(V)9,LOCK,B0200,33.62326558251877,0.0,0.0,0.0,0.0,Friendly
137.0,B0200,N001VE,SEARCH,None,0.0,0.0,0.0,0.0,0.0,Enemy
137.20000000000002,A0100,AN/APG-68(V)9,TRACK,B0200,46.35430629185466,0.0,0.0,0.0,0.0,Friendly
137.20000000000002,A0200,AN/APG-68(V)9,LOCK,B0200,33.72048165903846,0.0,0.0,0.0,0.0,Friendly
137.20000000000002,B0200,N001VE,SEARCH,None,0.0,0.0,0.0,0.0,0.0,Enemy
137.4,A0100,AN/APG-68(V)9,TRACK,B0200,46.46611816147917,0.0,0.0,0.0,0.0,Friendly
137.4,A0200,AN/APG-68(V)9,LOCK,B0200,33.81776110002726,0.0,0.0,0.0,0.0,Friendly
137.4,B0200,N001VE,SEARCH,None,0.0,0.0,0.0,0.0,0.0,Enemy
137.6,A0100,AN/APG-68(V)9,TRACK,B0200,46.577787574191525,0.0,0.0,0.0,0.0,Friendly
137.6,A0200,AN/APG-68(V)9,LOCK,B0200,33.914993572901366,0.0,0.0,0.0,0.0,Friendly
137.6,B0200,N001VE,SEARCH,None,0.0,0.0,0.0,0.0,0.0,Enemy
137.8,A0100,AN/APG-68(V)9,TRACK,B0200,46.689362251271056,0.0,0.0,0.0,0.0,Friendly
137.8,A0200,AN/APG-68(V)9,LOCK,B0200,34.01211136899206,0.0,0.0,0.0,0.0,Friendly
137.8,B0200,N001VE,TRACK,A0200,34.01211136899206,-13.909146031564962,6451.278456778869,0.5978425522031019,16754.77057578626,Enemy
138.0,A0100,AN/APG-68(V)9,TRACK,B0200,46.80080785909283,0.0,0.0,0.0,0.0,Friendly
138.0,A0200,AN/APG-68(V)9,LOCK,B0200,34.10920283617134,0.0,0.0,0.0,0.0,Friendly
138.0,B0200,N001VE,TRACK,A0200,34.01211136899206,-13.909146031564962,6451.278456778869,0.5748486078875992,16754.77057578626,Enemy
138.20000000000002,A0100,AN/APG-68(V)9,TRACK,B0200,46.912165509907,0.0,0.0,0.0,0.0,Friendly
138.20000000000002,A0200,AN/APG-68(V)9,LOCK,B0200,34.20637200890606,0.0,0.0,0.0,0.0,Friendly
138.20000000000002,B0200,N001VE,TRACK,A0200,34.01211136899206,-13.909146031564962,6451.278456778869,0.5518546635720932,16754.77057578626,Enemy
138.4,A0100,AN/APG-68(V)9,TRACK,B0200,47.023456021824124,0.0,0.0,0.0,0.0,Friendly
138.4,A0200,AN/APG-68(V)9,LOCK,B0200,34.30366541483411,0.0,0.0,0.0,0.0,Friendly
138.4,B0200,N001VE,TRACK,A0200,34.01211136899206,-13.909146031564962,6451.278456778869,0.5288607192565905,16754.77057578626,Enemy
138.6,A0100,AN/APG-68(V)9,TRACK,B0200,47.13459393383487,0.0,0.0,0.0,0.0,Friendly
138.6,A0200,AN/APG-68(V)9,LOCK,B0200,34.40105161810057,0.0,0.0,0.0,0.0,Friendly
138.6,B0200,N001VE,TRACK,A0200,34.01211136899206,-13.909146031564962,6451.278456778869,0.5058667749410879,16754.77057578626,Enemy
138.8,A0100,AN/APG-68(V)9,TRACK,B0200,47.245697807032286,0.0,0.0,0.0,0.0,Friendly
138.8,A0200,AN/APG-68(V)9,LOCK,B0200,34.49854364176021,0.0,0.0,0.0,0.0,Friendly
138.8,B0200,N001VE,SEARCH,None,0.0,0.0,0.0,0.0,0.0,Enemy
139.0,A0100,AN/APG-68(V)9,TRACK,B0200,47.35667611989147,0.0,0.0,0.0,0.0,Friendly
139.0,A0200,AN/APG-68(V)9,LOCK,B0200,34.59600329229342,0.0,0.0,0.0,0.0,Friendly
139.0,B0200,N001VE,SEARCH,None,0.0,0.0,0.0,0.0,0.0,Enemy
139.20000000000002,A0100,AN/APG-68(V)9,TRACK,B0200,47.4675601028569,0.0,0.0,0.0,0.0,Friendly
139.20000000000002,A0200,AN/APG-68(V)9,LOCK,B0200,34.69336770465661,0.0,0.0,0.0,0.0,Friendly
139.20000000000002,B0200,N001VE,SEARCH,None,0.0,0.0,0.0,0.0,0.0,Enemy
139.4,A0100,AN/APG-68(V)9,TRACK,B0200,47.57833453476824,0.0,0.0,0.0,0.0,Friendly
139.4,A0200,AN/APG-68(V)9,LOCK,B0200,34.790708231965475,0.0,0.0,0.0,0.0,Friendly
139.4,B0200,N001VE,SEARCH,None,0.0,0.0,0.0,0.0,0.0,Enemy
139.6,A0100,AN/APG-68(V)9,TRACK,B0200,47.68894029263488,0.0,0.0,0.0,0.0,Friendly
139.6,A0200,AN/APG-68(V)9,LOCK,B0200,34.88819079203911,0.0,0.0,0.0,0.0,Friendly
139.6,B0200,N001VE,SEARCH,None,0.0,0.0,0.0,0.0,0.0,Enemy
139.8,A0100,AN/APG-68(V)9,TRACK,B0200,47.799394841554786,0.0,0.0,0.0,0.0,Friendly
139.8,A0200,AN/APG-68(V)9,LOCK,B0200,34.98583222150969,0.0,0.0,0.0,0.0,Friendly
139.8,B0200,N001VE,TRACK,A0100,47.799394841554786,-18.114952227316152,-2690.302590821477,0.41860786705978686,14987.496932570066,Enemy
140.0,A0100,AN/APG-68(V)9,TRACK,B0200,47.90990485165338,0.0,0.0,0.0,0.0,Friendly
140.0,A0200,AN/APG-68(V)9,LOCK,B0200,35.083686871023865,0.0,0.0,0.0,0.0,Friendly
140.0,B0200,N001VE,TRACK,A0100,47.799394841554786,-18.114952227316152,-2690.302590821477,0.4025075644805651,14987.496932570066,Enemy
140.20000000000002,A0100,AN/APG-68(V)9,TRACK,B0200,48.0202810407505,0.0,0.0,0.0,0.0,Friendly
140.20000000000002,A0200,AN/APG-68(V)9,LOCK,B0200,35.181571275541145,0.0,0.0,0.0,0.0,Friendly
140.20000000000002,B0200,N001VE,TRACK,A0100,47.799394841554786,-18.114952227316152,-2690.302590821477,0.38640726190134117,14987.496932570066,Enemy
140.4,A0100,AN/APG-68(V)9,TRACK,B0200,48.13054948135793,0.0,0.0,0.0,0.0,Friendly
140.4,A0200,AN/APG-68(V)9,LOCK,B0200,35.279464960048514,0.0,0.0,0.0,0.0,Friendly
140.4,B0200,N001VE,SEARCH,None,0.0,0.0,0.0,0.0,0.0,Enemy
140.6,A0100,AN/APG-68(V)9,TRACK,B0200,48.24078010588206,0.0,0.0,0.0,0.0,Friendly
140.6,A0200,AN/APG-68(V)9,LOCK,B0200,35.37742642558602,0.0,0.0,0.0,0.0,Friendly
140.6,B0200,N001VE,SEARCH,None,0.0,0.0,0.0,0.0,0.0,Enemy
140.8,A0100,AN/APG-68(V)9,TRACK,B0200,48.35089593930137,0.0,0.0,0.0,0.0,Friendly
140.8,A0200,AN/APG-68(V)9,LOCK,B0200,35.475389126749285,0.0,0.0,0.0,0.0,Friendly
140.8,B0200,N001VE,TRACK,A0100,48.35089593930137,-18.37943245269011,-2642.3982664668315,0.4114383527890814,14993.25229955976,Enemy
140.8,B0200,N001VE,TRACK,A0200,35.475389126749285,-14.804428588590321,6746.764701256388,0.578819941352258,16764.632189930344,Enemy
141.0,A0100,AN/APG-68(V)9,TRACK,B0200,48.46085629270974,0.0,0.0,0.0,0.0,Friendly
141.0,A0200,AN/APG-68(V)9,LOCK,B0200,35.57333060941446,0.0,0.0,0.0,0.0,Friendly
141.0,B0200,N001VE,TRACK,A0100,48.35089593930137,-18.37943245269011,-2642.3982664668315,0.395613800758733,14993.25229955976,Enemy
141.0,B0200,N001VE,TRACK,A0200,35.475389126749285,-14.804428588590321,6746.764701256388,0.5565576359156339,16764.632189930344,Enemy
141.20000000000002,A0100,AN/APG-68(V)9,TRACK,B0200,48.57078710148951,0.0,0.0,0.0,0.0,Friendly
141.20000000000002,A0200,AN/APG-68(V)9,LOCK,B0200,35.67139550966616,0.0,0.0,0.0,0.0,Friendly
141.20000000000002,B0200,N001VE,TRACK,A0100,48.35089593930137,-18.37943245269011,-2642.3982664668315,0.3797892487283823,14993.25229955976,Enemy
141.20000000000002,B0200,N001VE,TRACK,A0200,35.475389126749285,-14.804428588590321,6746.764701256388,0.5342953304790067,16764.632189930344,Enemy
141.4,A0100,AN/APG-68(V)9,TRACK,B0200,48.68062244409841,0.0,0.0,0.0,0.0,Friendly
141.4,A0200,AN/APG-68(V)9,LOCK,B0200,35.76952168254549,0.0,0.0,0.0,0.0,Friendly
141.4,B0200,N001VE,TRACK,A0100,48.35089593930137,-18.37943245269011,-2642.3982664668315,0.3639646966980339,14993.25229955976,Enemy
141.4,B0200,N001VE,TRACK,A0200,35.475389126749285,-14.804428588590321,6746.764701256388,0.5120330250423826,16764.632189930344,Enemy
141.6,A0100,AN/APG-68(V)9,TRACK,B0200,48.790410624455575,0.0,0.0,0.0,0.0,Friendly
141.6,A0200,AN/APG-68(V)9,LOCK,B0200,35.86769108683758,0.0,0.0,0.0,0.0,Friendly
141.6,B0200,N001VE,TRACK,A0100,48.35089593930137,-18.37943245269011,-2642.3982664668315,0.34814014466768545,14993.25229955976,Enemy
141.6,B0200,N001VE,TRACK,A0200,35.475389126749285,-14.804428588590321,6746.764701256388,0.48977071960575846,16764.632189930344,Enemy
141.8,A0100,AN/APG-68(V)9,TRACK,B0200,48.90005330616925,0.0,0.0,0.0,0.0,Friendly
141.8,A0200,AN/APG-68(V)9,LOCK,B0200,35.965862728996065,0.0,0.0,0.0,0.0,Friendly
141.8,B0200,N001VE,TRACK,A0200,35.965862728996065,-15.098342005962383,6854.802314823203,0.57244378452305,16768.261005553883,Enemy
142.0,A0100,AN/APG-68(V)9,TRACK,B0200,49.00960824786712,0.0,0.0,0.0,0.0,Friendly
142.0,A0200,AN/APG-68(V)9,LOCK,B0200,36.063988271592805,0.0,0.0,0.0,0.0,Friendly
142.0,B0200,N001VE,TRACK,A0200,35.965862728996065,-15.098342005962383,6854.802314823203,0.5504267158875492,16768.261005553883,Enemy
142.20000000000002,A0100,AN/APG-68(V)9,TRACK,B0200,49.119079794658724,0.0,0.0,0.0,0.0,Friendly
142.20000000000002,A0200,AN/APG-68(V)9,LOCK,B0200,36.16195787142424,0.0,0.0,0.0,0.0,Friendly
142.20000000000002,B0200,N001VE,TRACK,A0200,35.965862728996065,-15.098342005962383,6854.802314823203,0.5284096472520454,16768.261005553883,Enemy
142.4,A0100,AN/APG-68(V)9,TRACK,B0200,49.22839211067354,0.0,0.0,0.0,0.0,Friendly
142.4,A0200,AN/APG-68(V)9,LOCK,B0200,36.25986824747374,0.0,0.0,0.0,0.0,Friendly
142.4,B0200,N001VE,TRACK,A0200,35.965862728996065,-15.098342005962383,6854.802314823203,0.5063925786165446,16768.261005553883,Enemy
142.6,A0100,AN/APG-68(V)9,TRACK,B0200,49.33761857350807,0.0,0.0,0.0,0.0,Friendly
142.6,A0200,AN/APG-68(V)9,LOCK,B0200,36.35787524358801,0.0,0.0,0.0,0.0,Friendly
142.6,B0200,N001VE,TRACK,A0200,35.965862728996065,-15.098342005962383,6854.802314823203,0.4843755099810439,16768.261005553883,Enemy
142.8,A0100,AN/APG-68(V)9,TRACK,B0200,49.446743662615965,0.0,0.0,0.0,0.0,Friendly
142.8,A0200,AN/APG-68(V)9,LOCK,B0200,36.45591959377331,0.0,0.0,0.0,0.0,Friendly
142.8,B0200,N001VE,SEARCH,None,0.0,0.0,0.0,0.0,0.0,Enemy
143.0,A0100,AN/APG-68(V)9,TRACK,B0200,49.55571574186484,0.0,0.0,0.0,0.0,Friendly
143.0,A0200,AN/APG-68(V)9,LOCK,B0200,36.55405085858997,0.0,0.0,0.0,0.0,Friendly
143.0,B0200,N001VE,SEARCH,None,0.0,0.0,0.0,0.0,0.0,Enemy
143.20000000000002,A0100,AN/APG-68(V)9,TRACK,B0200,49.66464686606543,0.0,0.0,0.0,0.0,Friendly
143.20000000000002,A0200,AN/APG-68(V)9,LOCK,B0200,36.652375251794396,0.0,0.0,0.0,0.0,Friendly
143.20000000000002,B0200,N001VE,SEARCH,None,0.0,0.0,0.0,0.0,0.0,Enemy
143.4,A0100,AN/APG-68(V)9,TRACK,B0200,49.773573367743786,0.0,0.0,0.0,0.0,Friendly
143.4,A0200,AN/APG-68(V)9,LOCK,B0200,36.750882753718784,0.0,0.0,0.0,0.0,Friendly
143.4,B0200,N001VE,SEARCH,None,0.0,0.0,0.0,0.0,0.0,Enemy
143.6,A0100,AN/APG-68(V)9,TRACK,B0200,49.88244047670681,0.0,0.0,0.0,0.0,Friendly
143.6,A0200,AN/APG-68(V)9,LOCK,B0200,36.8494059643284,0.0,0.0,0.0,0.0,Friendly
143.6,B0200,N001VE,SEARCH,None,0.0,0.0,0.0,0.0,0.0,Enemy
143.8,A0100,AN/APG-68(V)9,TRACK,B0200,49.99125853729439,0.0,0.0,0.0,0.0,Friendly
143.8,A0200,AN/APG-68(V)9,LOCK,B0200,36.94788695416468,0.0,0.0,0.0,0.0,Friendly
143.8,B0200,N001VE,SEARCH,None,0.0,0.0,0.0,0.0,0.0,Enemy
144.0,A0100,AN/APG-68(V)9,TRACK,B0200,50.10004941741066,0.0,0.0,0.0,0.0,Friendly
144.0,A0200,AN/APG-68(V)9,LOCK,B0200,37.04636654933753,0.0,0.0,0.0,0.0,Friendly
144.0,B0200,N001VE,SEARCH,None,0.0,0.0,0.0,0.0,0.0,Enemy
144.20000000000002,A0100,AN/APG-68(V)9,TRACK,B0200,50.20878568151126,0.0,0.0,0.0,0.0,Friendly
144.20000000000002,A0200,AN/APG-68(V)9,LOCK,B0200,37.14489796546087,0.0,0.0,0.0,0.0,Friendly
144.20000000000002,B0200,N001VE,SEARCH,None,0.0,0.0,0.0,0.0,0.0,Enemy
144.4,A0100,AN/APG-68(V)9,TRACK,B0200,50.31734753575632,0.0,0.0,0.0,0.0,Friendly
144.4,A0200,AN/APG-68(V)9,LOCK,B0200,37.24342223065429,0.0,0.0,0.0,0.0,Friendly
144.4,B0200,N001VE,SEARCH,None,0.0,0.0,0.0,0.0,0.0,Enemy
144.6,A0100,AN/APG-68(V)9,TRACK,B0200,50.425829514777064,0.0,0.0,0.0,0.0,Friendly
144.6,A0200,AN/APG-68(V)9,LOCK,B0200,37.34198298202607,0.0,0.0,0.0,0.0,Friendly
144.6,B0200,N001VE,SEARCH,None,0.0,0.0,0.0,0.0,0.0,Enemy
144.8,A0100,AN/APG-68(V)9,TRACK,B0200,50.53426238091557,0.0,0.0,0.0,0.0,Friendly
144.8,A0200,AN/APG-68(V)9,LOCK,B0200,37.440566600927546,0.0,0.0,0.0,0.0,Friendly
144.8,B0200,N001VE,TRACK,A0100,50.53426238091557,-19.402219195352465,-2465.6925376025306,0.38305458904809675,15014.562833746375,Enemy
145.0,A0100,AN/APG-68(V)9,TRACK,B0200,50.64253392883058,0.0,0.0,0.0,0.0,Friendly
145.0,A0200,AN/APG-68(V)9,LOCK,B0200,37.53914161919432,0.0,0.0,0.0,0.0,Friendly
145.0,B0200,N001VE,TRACK,A0100,50.53426238091557,-19.402219195352465,-2465.6925376025306,0.36832172023855536,15014.562833746375,Enemy
145.20000000000002,A0100,AN/APG-68(V)9,TRACK,B0200,50.750778028352215,0.0,0.0,0.0,0.0,Friendly
145.20000000000002,A0200,AN/APG-68(V)9,LOCK,B0200,37.637666355122924,0.0,0.0,0.0,0.0,Friendly
145.20000000000002,B0200,N001VE,TRACK,A0100,50.53426238091557,-19.402219195352465,-2465.6925376025306,0.3535888514290119,15014.562833746375,Enemy
145.4,A0100,AN/APG-68(V)9,TRACK,B0200,50.85893026032859,0.0,0.0,0.0,0.0,Friendly
145.4,A0200,AN/APG-68(V)9,LOCK,B0200,37.73602029760803,0.0,0.0,0.0,0.0,Friendly
145.4,B0200,N001VE,TRACK,A0100,50.53426238091557,-19.402219195352465,-2465.6925376025306,0.3388559826194705,15014.562833746375,Enemy
145.6,A0100,AN/APG-68(V)9,TRACK,B0200,50.966942652443535,0.0,0.0,0.0,0.0,Friendly
145.6,A0200,AN/APG-68(V)9,LOCK,B0200,37.83433328709901,0.0,0.0,0.0,0.0,Friendly
145.6,B0200,N001VE,TRACK,A0100,50.53426238091557,-19.402219195352465,-2465.6925376025306,0.32412311380992914,15014.562833746375,Enemy
145.8,A0100,AN/APG-68(V)9,TRACK,B0200,51.07482896266854,0.0,0.0,0.0,0.0,Friendly
145.8,A0200,AN/APG-68(V)9,LOCK,B0200,37.93263946368604,0.0,0.0,0.0,0.0,Friendly
145.8,B0200,N001VE,SEARCH,None,0.0,0.0,0.0,0.0,0.0,Enemy
146.0,A0100,AN/APG-68(V)9,TRACK,B0200,51.18265545024224,0.0,0.0,0.0,0.0,Friendly
146.0,A0200,AN/APG-68(V)9,LOCK,B0200,38.03095748923057,0.0,0.0,0.0,0.0,Friendly
146.0,B0200,N001VE,SEARCH,None,0.0,0.0,0.0,0.0,0.0,Enemy
146.20000000000002,A0100,AN/APG-68(V)9,TRACK,B0200,51.29029698892158,0.0,0.0,0.0,0.0,Friendly
146.20000000000002,A0200,AN/APG-68(V)9,LOCK,B0200,38.12927323492788,0.0,0.0,0.0,0.0,Friendly
146.20000000000002,B0200,N001VE,SEARCH,None,0.0,0.0,0.0,0.0,0.0,Enemy
146.4,A0100,AN/APG-68(V)9,TRACK,B0200,51.39786834106727,0.0,0.0,0.0,0.0,Friendly
146.4,A0200,AN/APG-68(V)9,LOCK,B0200,38.22762187995536,0.0,0.0,0.0,0.0,Friendly
146.4,B0200,N001VE,SEARCH,None,0.0,0.0,0.0,0.0,0.0,Enemy
146.6,A0100,AN/APG-68(V)9,TRACK,B0200,51.50533000970726,0.0,0.0,0.0,0.0,Friendly
146.6,A0200,AN/APG-68(V)9,LOCK,B0200,38.325918499718995,0.0,0.0,0.0,0.0,Friendly
146.6,B0200,N001VE,SEARCH,None,0.0,0.0,0.0,0.0,0.0,Enemy
146.8,A0100,AN/APG-68(V)9,TRACK,B0200,51.612661941311785,0.0,0.0,0.0,0.0,Friendly
146.8,A0200,AN/APG-68(V)9,LOCK,B0200,38.4242965115178,0.0,0.0,0.0,0.0,Friendly
146.8,B0200,N001VE,SEARCH,None,0.0,0.0,0.0,0.0,0.0,Enemy
147.0,A0100,AN/APG-68(V)9,TRACK,B0200,51.7199755697327,0.0,0.0,0.0,0.0,Friendly
147.0,A0200,AN/APG-68(V)9,LOCK,B0200,38.52284926991639,0.0,0.0,0.0,0.0,Friendly
147.0,B0200,N001VE,SEARCH,None,0.0,0.0,0.0,0.0,0.0,Enemy
147.20000000000002,A0100,AN/APG-68(V)9,TRACK,B0200,51.82723564574671,0.0,0.0,0.0,0.0,Friendly
147.20000000000002,A0200,AN/APG-68(V)9,LOCK,B0200,38.62154215970749,0.0,0.0,0.0,0.0,Friendly
147.20000000000002,B0200,N001VE,SEARCH,None,0.0,0.0,0.0,0.0,0.0,Enemy
147.4,A0100,AN/APG-68(V)9,TRACK,B0200,51.93435036292433,0.0,0.0,0.0,0.0,Friendly
147.4,A0200,AN/APG-68(V)9,LOCK,B0200,38.72029511382386,0.0,0.0,0.0,0.0,Friendly
147.4,B0200,N001VE,SEARCH,None,0.0,0.0,0.0,0.0,0.0,Enemy
147.6,A0100,AN/APG-68(V)9,TRACK,B0200,52.04140905429903,0.0,0.0,0.0,0.0,Friendly
147.6,A0200,AN/APG-68(V)9,LOCK,B0200,38.819038476337155,0.0,0.0,0.0,0.0,Friendly
147.6,B0200,N001VE,SEARCH,None,0.0,0.0,0.0,0.0,0.0,Enemy
147.8,A0100,AN/APG-68(V)9,TRACK,B0200,52.14828830807394,0.0,0.0,0.0,0.0,Friendly
147.8,A0200,AN/APG-68(V)9,LOCK,B0200,38.9177657527335,0.0,0.0,0.0,0.0,Friendly
147.8,B0200,N001VE,SEARCH,None,0.0,0.0,0.0,0.0,0.0,Enemy
148.0,A0100,AN/APG-68(V)9,TRACK,B0200,52.255098273063474,0.0,0.0,0.0,0.0,Friendly
148.0,A0200,AN/APG-68(V)9,LOCK,B0200,39.0169376076492,0.0,0.0,0.0,0.0,Friendly
148.0,B0200,N001VE,SEARCH,None,0.0,0.0,0.0,0.0,0.0,Enemy
148.20000000000002,A0100,AN/APG-68(V)9,TRACK,B0200,52.36193243153212,0.0,0.0,0.0,0.0,Friendly
148.20000000000002,A0200,AN/APG-68(V)9,LOCK,B0200,39.116760421828964,0.0,0.0,0.0,0.0,Friendly
148.20000000000002,B0200,N001VE,SEARCH,None,0.0,0.0,0.0,0.0,0.0,Enemy
148.4,A0100,AN/APG-68(V)9,TRACK,B0200,52.468722108728095,0.0,0.0,0.0,0.0,Friendly
148.4,A0200,AN/APG-68(V)9,LOCK,B0200,39.21729346837545,0.0,0.0,0.0,0.0,Friendly
148.4,B0200,N001VE,SEARCH,None,0.0,0.0,0.0,0.0,0.0,Enemy
148.6,A0100,AN/APG-68(V)9,TRACK,B0200,52.57542005038609,0.0,0.0,0.0,0.0,Friendly
148.6,A0200,AN/APG-68(V)9,LOCK,B0200,39.318488671633034,0.0,0.0,0.0,0.0,Friendly
148.6,B0200,N001VE,SEARCH,None,0.0,0.0,0.0,0.0,0.0,Enemy
148.8,A0100,AN/APG-68(V)9,TRACK,B0200,52.68203503211676,0.0,0.0,0.0,0.0,Friendly
148.8,A0200,AN/APG-68(V)9,LOCK,B0200,39.420346363756515,0.0,0.0,0.0,0.0,Friendly
148.8,B0200,N001VE,SEARCH,None,0.0,0.0,0.0,0.0,0.0,Enemy
149.0,A0100,AN/APG-68(V)9,TRACK,B0200,52.78858836798055,0.0,0.0,0.0,0.0,Friendly
149.0,A0200,AN/APG-68(V)9,LOCK,B0200,39.522794544861846,0.0,0.0,0.0,0.0,Friendly
149.0,B0200,N001VE,SEARCH,None,0.0,0.0,0.0,0.0,0.0,Enemy
149.20000000000002,A0100,AN/APG-68(V)9,TRACK,B0200,52.89508286483144,0.0,0.0,0.0,0.0,Friendly
149.20000000000002,A0200,AN/APG-68(V)9,LOCK,B0200,39.6258261150555,0.0,0.0,0.0,0.0,Friendly
149.20000000000002,B0200,N001VE,SEARCH,None,0.0,0.0,0.0,0.0,0.0,Enemy
149.4,A0100,AN/APG-68(V)9,TRACK,B0200,53.00138899179599,0.0,0.0,0.0,0.0,Friendly
149.4,A0200,AN/APG-68(V)9,LOCK,B0200,39.72939543584901,0.0,0.0,0.0,0.0,Friendly
149.4,B0200,N001VE,SEARCH,None,0.0,0.0,0.0,0.0,0.0,Enemy
149.6,A0100,AN/APG-68(V)9,TRACK,B0200,53.107628685872704,0.0,0.0,0.0,0.0,Friendly
149.6,A0200,AN/APG-68(V)9,LOCK,B0200,39.83349053148219,0.0,0.0,0.0,0.0,Friendly
149.6,B0200,N001VE,SEARCH,None,0.0,0.0,0.0,0.0,0.0,Enemy
149.8,A0100,AN/APG-68(V)9,TRACK,B0200,53.21378953584557,0.0,0.0,0.0,0.0,Friendly
149.8,A0200,AN/APG-68(V)9,LOCK,B0200,39.938033842123374,0.0,0.0,0.0,0.0,Friendly
149.8,B0200,N001VE,SEARCH,None,0.0,0.0,0.0,0.0,0.0,Enemy
150.0,A0100,AN/APG-68(V)9,TRACK,B0200,53.3198398473425,0.0,0.0,0.0,0.0,Friendly
150.0,A0200,AN/APG-68(V)9,LOCK,B0200,40.04302658087331,0.0,0.0,0.0,0.0,Friendly
150.0,B0200,N001VE,SEARCH,None,0.0,0.0,0.0,0.0,0.0,Enemy
150.20000000000002,A0100,AN/APG-68(V)9,TRACK,B0200,53.42587111584217,0.0,0.0,0.0,0.0,Friendly
150.20000000000002,A0200,AN/APG-68(V)9,LOCK,B0200,40.148385971576154,0.0,0.0,0.0,0.0,Friendly
150.20000000000002,B0200,N001VE,SEARCH,None,0.0,0.0,0.0,0.0,0.0,Enemy
150.4,A0100,AN/APG-68(V)9,TRACK,B0200,53.531814866251864,0.0,0.0,0.0,0.0,Friendly
150.4,A0200,AN/APG-68(V)9,LOCK,B0200,40.25401529224969,0.0,0.0,0.0,0.0,Friendly
150.4,B0200,N001VE,SEARCH,None,0.0,0.0,0.0,0.0,0.0,Enemy
150.6,A0100,AN/APG-68(V)9,TRACK,B0200,53.6375900764449,0.0,0.0,0.0,0.0,Friendly
150.6,A0200,AN/APG-68(V)9,LOCK,B0200,40.35991212185892,0.0,0.0,0.0,0.0,Friendly
150.6,B0200,N001VE,SEARCH,None,0.0,0.0,0.0,0.0,0.0,Enemy
150.8,A0100,AN/APG-68(V)9,TRACK,B0200,53.7432706087725,0.0,0.0,0.0,0.0,Friendly
150.8,A0200,AN/APG-68(V)9,LOCK,B0200,40.46607961140919,0.0,0.0,0.0,0.0,Friendly
150.8,B0200,N001VE,SEARCH,None,0.0,0.0,0.0,0.0,0.0,Enemy
151.0,A0100,AN/APG-68(V)9,TRACK,B0200,53.848835482289616,0.0,0.0,0.0,0.0,Friendly
151.0,A0200,AN/APG-68(V)9,LOCK,B0200,40.572434424946955,0.0,0.0,0.0,0.0,Friendly
151.0,B0200,N001VE,SEARCH,None,0.0,0.0,0.0,0.0,0.0,Enemy
151.20000000000002,A0100,AN/APG-68(V)9,TRACK,B0200,53.954291923288686,0.0,0.0,0.0,0.0,Friendly
151.20000000000002,A0200,AN/APG-68(V)9,LOCK,B0200,40.67901528606714,0.0,0.0,0.0,0.0,Friendly
151.20000000000002,B0200,N001VE,SEARCH,None,0.0,0.0,0.0,0.0,0.0,Enemy
151.4,A0100,AN/APG-68(V)9,TRACK,B0200,54.059730621836046,0.0,0.0,0.0,0.0,Friendly
151.4,A0200,AN/APG-68(V)9,LOCK,B0200,40.78574939200607,0.0,0.0,0.0,0.0,Friendly
151.4,B0200,N001VE,SEARCH,None,0.0,0.0,0.0,0.0,0.0,Enemy
151.6,A0100,AN/APG-68(V)9,TRACK,B0200,54.16513643177317,0.0,0.0,0.0,0.0,Friendly
151.6,A0200,AN/APG-68(V)9,LOCK,B0200,40.89256281568482,0.0,0.0,0.0,0.0,Friendly
151.6,B0200,N001VE,SEARCH,None,0.0,0.0,0.0,0.0,0.0,Enemy
151.8,A0100,AN/APG-68(V)9,TRACK,B0200,54.27038173364909,0.0,0.0,0.0,0.0,Friendly
151.8,A0200,AN/APG-68(V)9,LOCK,B0200,40.99938940775829,0.0,0.0,0.0,0.0,Friendly
151.8,B0200,N001VE,TRACK,A0200,40.99938940775829,-17.915065830615404,7359.559718099778,0.5070079376991412,16789.973180478857,Enemy
152.0,A0100,AN/APG-68(V)9,TRACK,B0200,54.375566952038746,0.0,0.0,0.0,0.0,Friendly
152.0,A0200,AN/APG-68(V)9,LOCK,B0200,41.10627255028299,0.0,0.0,0.0,0.0,Friendly
152.0,B0200,N001VE,TRACK,A0200,40.99938940775829,-17.915065830615404,7359.559718099778,0.4875076324030214,16789.973180478857,Enemy
152.20000000000002,A0100,AN/APG-68(V)9,TRACK,B0200,54.480736153431394,0.0,0.0,0.0,0.0,Friendly
152.20000000000002,A0200,AN/APG-68(V)9,LOCK,B0200,41.21313837055237,0.0,0.0,0.0,0.0,Friendly
152.20000000000002,B0200,N001VE,TRACK,A0200,40.99938940775829,-17.915065830615404,7359.559718099778,0.4680073271068989,16789.973180478857,Enemy
152.4,A0100,AN/APG-68(V)9,TRACK,B0200,54.585759537929405,0.0,0.0,0.0,0.0,Friendly
152.4,A0200,AN/APG-68(V)9,LOCK,B0200,41.31987182640473,0.0,0.0,0.0,0.0,Friendly
152.4,B0200,N001VE,TRACK,A0200,40.99938940775829,-17.915065830615404,7359.559718099778,0.4485070218107791,16789.973180478857,Enemy
152.6,A0100,AN/APG-68(V)9,TRACK,B0200,54.69066230378264,0.0,0.0,0.0,0.0,Friendly
152.6,A0200,AN/APG-68(V)9,LOCK,B0200,41.42641724972697,0.0,0.0,0.0,0.0,Friendly
152.6,B0200,N001VE,TRACK,A0200,40.99938940775829,-17.915065830615404,7359.559718099778,0.4290067165146594,16789.973180478857,Enemy
152.8,A0100,AN/APG-68(V)9,TRACK,B0200,54.79547993042559,0.0,0.0,0.0,0.0,Friendly
152.8,A0200,AN/APG-68(V)9,LOCK,B0200,41.53268873029882,0.0,0.0,0.0,0.0,Friendly
152.8,B0200,N001VE,TRACK,A0200,41.53268873029882,-18.177929579719187,7300.4983796144825,0.5000750465061142,16781.39456126878,Enemy
153.0,A0100,AN/APG-68(V)9,TRACK,B0200,54.90024320370969,0.0,0.0,0.0,0.0,Friendly
153.0,A0200,AN/APG-68(V)9,LOCK,B0200,41.63872297651147,0.0,0.0,0.0,0.0,Friendly
153.0,B0200,N001VE,SEARCH,None,0.0,0.0,0.0,0.0,0.0,Enemy
153.20000000000002,A0100,AN/APG-68(V)9,TRACK,B0200,55.0049141444709,0.0,0.0,0.0,0.0,Friendly
153.20000000000002,A0200,AN/APG-68(V)9,LOCK,B0200,41.744620996971804,0.0,0.0,0.0,0.0,Friendly
153.20000000000002,B0200,N001VE,SEARCH,None,0.0,0.0,0.0,0.0,0.0,Enemy
153.4,A0100,AN/APG-68(V)9,TRACK,B0200,55.109475248492735,0.0,0.0,0.0,0.0,Friendly
153.4,A0200,AN/APG-68(V)9,LOCK,B0200,41.85031386231447,0.0,0.0,0.0,0.0,Friendly
153.4,B0200,N001VE,SEARCH,None,0.0,0.0,0.0,0.0,0.0,Enemy
153.60000000000002,A0100,AN/APG-68(V)9,TRACK,B0200,55.21382399196341,0.0,0.0,0.0,0.0,Friendly
153.60000000000002,A0200,AN/APG-68(V)9,LOCK,B0200,41.95565134838968,0.0,0.0,0.0,0.0,Friendly
153.60000000000002,B0200,N001VE,SEARCH,None,0.0,0.0,0.0,0.0,0.0,Enemy
153.8,A0100,AN/APG-68(V)9,TRACK,B0200,55.31809844596703,0.0,0.0,0.0,0.0,Friendly
153.8,A0200,AN/APG-68(V)9,LOCK,B0200,42.060538533136516,0.0,0.0,0.0,0.0,Friendly
153.8,B0200,N001VE,SEARCH,None,0.0,0.0,0.0,0.0,0.0,Enemy
154.0,A0100,AN/APG-68(V)9,TRACK,B0200,55.42236380103373,0.0,0.0,0.0,0.0,Friendly
154.0,A0200,AN/APG-68(V)9,LOCK,B0200,42.164915211282114,0.0,0.0,0.0,0.0,Friendly
154.0,B0200,N001VE,SEARCH,None,0.0,0.0,0.0,0.0,0.0,Enemy
154.20000000000002,A0100,AN/APG-68(V)9,TRACK,B0200,55.52652655047726,0.0,0.0,0.0,0.0,Friendly
154.20000000000002,A0200,AN/APG-68(V)9,LOCK,B0200,42.26878134558227,0.0,0.0,0.0,0.0,Friendly
154.20000000000002,B0200,N001VE,SEARCH,None,0.0,0.0,0.0,0.0,0.0,Enemy
154.4,A0100,AN/APG-68(V)9,TRACK,B0200,55.63057529236938,0.0,0.0,0.0,0.0,Friendly
154.4,A0200,AN/APG-68(V)9,LOCK,B0200,42.37239157428897,0.0,0.0,0.0,0.0,Friendly
154.4,B0200,N001VE,SEARCH,None,0.0,0.0,0.0,0.0,0.0,Enemy
154.60000000000002,A0100,AN/APG-68(V)9,TRACK,B0200,55.73457168721735,0.0,0.0,0.0,0.0,Friendly
154.60000000000002,A0200,AN/APG-68(V)9,LOCK,B0200,42.475945623792725,0.0,0.0,0.0,0.0,Friendly
154.60000000000002,B0200,N001VE,SEARCH,None,0.0,0.0,0.0,0.0,0.0,Enemy
154.8,A0100,AN/APG-68(V)9,TRACK,B0200,55.83848893503887,0.0,0.0,0.0,0.0,Friendly
154.8,A0200,AN/APG-68(V)9,LOCK,B0200,42.57956666591868,0.0,0.0,0.0,0.0,Friendly
154.8,B0200,N001VE,TRACK,A0100,55.83848893503887,-21.745441831855125,-2114.293509799301,0.31409964384449407,15059.76400795017,Enemy
155.0,A0100,AN/APG-68(V)9,TRACK,B0200,55.94233849791156,0.0,0.0,0.0,0.0,Friendly
155.0,A0200,AN/APG-68(V)9,LOCK,B0200,42.683386577740976,0.0,0.0,0.0,0.0,Friendly
155.0,B0200,N001VE,TRACK,A0100,55.83848893503887,-21.745441831855125,-2114.293509799301,0.3020188883120142,15059.76400795017,Enemy
155.20000000000002,A0100,AN/APG-68(V)9,TRACK,B0200,56.04610947857084,0.0,0.0,0.0,0.0,Friendly
155.20000000000002,A0200,AN/APG-68(V)9,LOCK,B0200,42.787272426256415,0.0,0.0,0.0,0.0,Friendly
155.20000000000002,B0200,N001VE,SEARCH,A0100,55.83848893503887,-21.745441831855125,-2114.293509799301,0.2899381327795326,15059.76400795017,Enemy
155.4,A0100,AN/APG-68(V)9,TRACK,B0200,56.14977848368367,0.0,0.0,0.0,0.0,Friendly
155.4,A0200,AN/APG-68(V)9,LOCK,B0200,42.89116265124441,0.0,0.0,0.0,0.0,Friendly
155.4,B0200,N001VE,SEARCH,A0100,55.83848893503887,-21.745441831855125,-2114.293509799301,0.2778573772470527,15059.76400795017,Enemy
155.60000000000002,A0100,AN/APG-68(V)9,TRACK,B0200,56.25346082176777,0.0,0.0,0.0,0.0,Friendly
155.60000000000002,A0200,AN/APG-68(V)9,LOCK,B0200,42.99516444387004,0.0,0.0,0.0,0.0,Friendly
155.60000000000002,B0200,N001VE,SEARCH,A0100,55.83848893503887,-21.745441831855125,-2114.293509799301,0.2657766217145711,15059.76400795017,Enemy
155.8,A0100,AN/APG-68(V)9,TRACK,B0200,56.35709338371785,0.0,0.0,0.0,0.0,Friendly
155.8,A0200,AN/APG-68(V)9,LOCK,B0200,43.099267190548616,0.0,0.0,0.0,0.0,Friendly
155.8,B0200,N001VE,TRACK,A0100,56.35709338371785,-21.96498403966024,-2082.550552784867,0.3073577860116673,15063.8231840306,Enemy
156.0,A0100,AN/APG-68(V)9,TRACK,B0200,56.460488695553046,0.0,0.0,0.0,0.0,Friendly
156.0,A0200,AN/APG-68(V)9,LOCK,B0200,43.20342821958454,0.0,0.0,0.0,0.0,Friendly
156.0,B0200,N001VE,SEARCH,A0100,56.35709338371785,-21.96498403966024,-2082.550552784867,0.29553633270352686,15063.8231840306,Enemy
156.20000000000002,A0100,AN/APG-68(V)9,TRACK,B0200,56.56381521113969,0.0,0.0,0.0,0.0,Friendly
156.20000000000002,A0200,AN/APG-68(V)9,LOCK,B0200,43.307680136516176,0.0,0.0,0.0,0.0,Friendly
156.20000000000002,B0200,N001VE,SEARCH,A0100,56.35709338371785,-21.96498403966024,-2082.550552784867,0.2837148793953848,15063.8231840306,Enemy
156.4,A0100,AN/APG-68(V)9,TRACK,B0200,56.667143283831464,0.0,0.0,0.0,0.0,Friendly
156.4,A0200,AN/APG-68(V)9,LOCK,B0200,43.41205294779255,0.0,0.0,0.0,0.0,Friendly
156.4,B0200,N001VE,SEARCH,A0100,56.35709338371785,-21.96498403966024,-2082.550552784867,0.27189342608724437,15063.8231840306,Enemy
156.60000000000002,A0100,AN/APG-68(V)9,TRACK,B0200,56.770392397178775,0.0,0.0,0.0,0.0,Friendly
156.60000000000002,A0200,AN/APG-68(V)9,LOCK,B0200,43.51653446343266,0.0,0.0,0.0,0.0,Friendly
156.60000000000002,B0200,N001VE,SEARCH,A0100,56.35709338371785,-21.96498403966024,-2082.550552784867,0.26007197277910227,15063.8231840306,Enemy
156.8,A0100,AN/APG-68(V)9,TRACK,B0200,56.873539578703856,0.0,0.0,0.0,0.0,Friendly
156.8,A0200,AN/APG-68(V)9,LOCK,B0200,43.620975015325826,0.0,0.0,0.0,0.0,Friendly
156.8,B0200,N001VE,TRACK,A0100,56.873539578703856,-22.181917200139775,-2057.135368252238,0.30064398547684923,15067.731718425333,Enemy
156.8,B0200,N001VE,TRACK,A0200,43.620975015325826,-19.14585260889364,7132.649973868638,0.4729273248007632,16728.041615199196,Enemy
157.0,A0100,AN/APG-68(V)9,TRACK,B0200,56.9766622395922,0.0,0.0,0.0,0.0,Friendly
157.0,A0200,AN/APG-68(V)9,LOCK,B0200,43.72528160659434,0.0,0.0,0.0,0.0,Friendly
157.0,B0200,N001VE,TRACK,A0100,56.873539578703856,-22.181917200139775,-2057.135368252238,0.2890807552662018,15067.731718425333,Enemy
157.0,B0200,N001VE,TRACK,A0200,43.620975015325826,-19.14585260889364,7132.649973868638,0.45473781230842714,16728.041615199196,Enemy
157.20000000000002,A0100,AN/APG-68(V)9,TRACK,B0200,57.07980787654499,0.0,0.0,0.0,0.0,Friendly
157.20000000000002,A0200,AN/APG-68(V)9,LOCK,B0200,43.82964594674305,0.0,0.0,0.0,0.0,Friendly
157.20000000000002,B0200,N001VE,TRACK,A0100,56.873539578703856,-22.181917200139775,-2057.135368252238,0.27751752505555277,15067.731718425333,Enemy
157.20000000000002,B0200,N001VE,TRACK,A0200,43.620975015325826,-19.14585260889364,7132.649973868638,0.4365482998160885,16728.041615199196,Enemy
157.4,A0100,AN/APG-68(V)9,TRACK,B0200,57.18284795306971,0.0,0.0,0.0,0.0,Friendly
157.4,A0200,AN/APG-68(V)9,LOCK,B0200,43.93409259604248,0.0,0.0,0.0,0.0,Friendly
157.4,B0200,N001VE,TRACK,A0100,56.873539578703856,-22.181917200139775,-2057.135368252238,0.2659542948449053,15067.731718425333,Enemy
157.4,B0200,N001VE,TRACK,A0200,43.620975015325826,-19.14585260889364,7132.649973868638,0.4183587873237524,16728.041615199196,Enemy
157.60000000000002,A0100,AN/APG-68(V)9,TRACK,B0200,57.28569845783835,0.0,0.0,0.0,0.0,Friendly
157.60000000000002,A0200,AN/APG-68(V)9,LOCK,B0200,44.03854097327615,0.0,0.0,0.0,0.0,Friendly
157.60000000000002,B0200,N001VE,TRACK,A0100,56.873539578703856,-22.181917200139775,-2057.135368252238,0.25439106463425626,15067.731718425333,Enemy
157.60000000000002,B0200,N001VE,TRACK,A0200,43.620975015325826,-19.14585260889364,7132.649973868638,0.4001692748314138,16728.041615199196,Enemy
157.8,A0100,AN/APG-68(V)9,TRACK,B0200,57.38843105941736,0.0,0.0,0.0,0.0,Friendly
157.8,A0200,AN/APG-68(V)9,LOCK,B0200,44.14305175923096,0.0,0.0,0.0,0.0,Friendly
157.8,B0200,N001VE,SEARCH,None,0.0,0.0,0.0,0.0,0.0,Enemy
158.0,A0100,AN/APG-68(V)9,TRACK,B0200,57.491108019957856,0.0,0.0,0.0,0.0,Friendly
158.0,A0200,AN/APG-68(V)9,LOCK,B0200,44.24769405878278,0.0,0.0,0.0,0.0,Friendly
158.0,B0200,N001VE,SEARCH,None,0.0,0.0,0.0,0.0,0.0,Enemy
158.20000000000002,A0100,AN/APG-68(V)9,TRACK,B0200,57.593698205136725,0.0,0.0,0.0,0.0,Friendly
158.20000000000002,A0200,AN/APG-68(V)9,LOCK,B0200,44.352379139891035,0.0,0.0,0.0,0.0,Friendly
158.20000000000002,B0200,N001VE,SEARCH,None,0.0,0.0,0.0,0.0,0.0,Enemy
158.4,A0100,AN/APG-68(V)9,TRACK,B0200,57.69617878048881,0.0,0.0,0.0,0.0,Friendly
158.4,A0200,AN/APG-68(V)9,LOCK,B0200,44.4570532236919,0.0,0.0,0.0,0.0,Friendly
158.4,B0200,N001VE,SEARCH,None,0.0,0.0,0.0,0.0,0.0,Enemy
158.60000000000002,A0100,AN/APG-68(V)9,TRACK,B0200,57.79854563320938,0.0,0.0,0.0,0.0,Friendly
158.60000000000002,A0200,AN/APG-68(V)9,LOCK,B0200,44.561700191597865,0.0,0.0,0.0,0.0,Friendly
158.60000000000002,B0200,N001VE,SEARCH,None,0.0,0.0,0.0,0.0,0.0,Enemy
158.8,A0100,AN/APG-68(V)9,TRACK,B0200,57.900801522794175,0.0,0.0,0.0,0.0,Friendly
158.8,A0200,AN/APG-68(V)9,LOCK,B0200,44.666343089955255,0.0,0.0,0.0,0.0,Friendly
158.8,B0200,N001VE,SEARCH,None,0.0,0.0,0.0,0.0,0.0,Enemy
159.0,A0100,AN/APG-68(V)9,TRACK,B0200,58.00294833046275,0.0,0.0,0.0,0.0,Friendly
159.0,A0200,AN/APG-68(V)9,LOCK,B0200,44.77101098498065,0.0,0.0,0.0,0.0,Friendly
159.0,B0200,N001VE,SEARCH,None,0.0,0.0,0.0,0.0,0.0,Enemy
159.20000000000002,A0100,AN/APG-68(V)9,TRACK,B0200,58.104854473438614,0.0,0.0,0.0,0.0,Friendly
159.20000000000002,A0200,AN/APG-68(V)9,LOCK,B0200,44.87566096996874,0.0,0.0,0.0,0.0,Friendly
159.20000000000002,B0200,N001VE,SEARCH,None,0.0,0.0,0.0,0.0,0.0,Enemy
159.4,A0100,AN/APG-68(V)9,TRACK,B0200,58.206737659641185,0.0,0.0,0.0,0.0,Friendly
159.4,A0200,AN/APG-68(V)9,LOCK,B0200,44.98036693657668,0.0,0.0,0.0,0.0,Friendly
159.4,B0200,N001VE,SEARCH,None,0.0,0.0,0.0,0.0,0.0,Enemy
159.60000000000002,A0100,AN/APG-68(V)9,TRACK,B0200,58.30870883201268,0.0,0.0,0.0,0.0,Friendly
159.60000000000002,A0200,AN/APG-68(V)9,TRACK,B0200,45.08519057922621,0.0,0.0,0.0,0.0,Friendly
159.60000000000002,B0200,N001VE,SEARCH,None,0.0,0.0,0.0,0.0,0.0,Enemy
159.8,A0100,AN/APG-68(V)9,TRACK,B0200,58.410580195652955,0.0,0.0,0.0,0.0,Friendly
159.8,A0200,AN/APG-68(V)9,TRACK,B0200,45.19000363305248,0.0,0.0,0.0,0.0,Friendly
159.8,B0200,N001VE,SEARCH,None,0.0,0.0,0.0,0.0,0.0,Enemy
160.0,A0100,AN/APG-68(V)9,TRACK,B0200,58.512287210400366,0.0,0.0,0.0,0.0,Friendly
160.0,A0200,AN/APG-68(V)9,TRACK,B0200,45.29478874366376,0.0,0.0,0.0,0.0,Friendly
160.0,B0200,N001VE,SEARCH,None,0.0,0.0,0.0,0.0,0.0,Enemy
160.20000000000002,A0100,AN/APG-68(V)9,TRACK,B0200,58.61397009734496,0.0,0.0,0.0,0.0,Friendly
160.20000000000002,A0200,AN/APG-68(V)9,TRACK,B0200,45.39960121852882,0.0,0.0,0.0,0.0,Friendly
160.20000000000002,B0200,N001VE,SEARCH,None,0.0,0.0,0.0,0.0,0.0,Enemy
160.4,A0100,AN/APG-68(V)9,TRACK,B0200,58.71558216228729,0.0,0.0,0.0,0.0,Friendly
160.4,A0200,AN/APG-68(V)9,TRACK,B0200,45.50445369657409,0.0,0.0,0.0,0.0,Friendly
160.4,B0200,N001VE,SEARCH,None,0.0,0.0,0.0,0.0,0.0,Enemy
160.60000000000002,A0100,AN/APG-68(V)9,TRACK,B0200,58.81719766430496,0.0,0.0,0.0,0.0,Friendly
160.60000000000002,A0200,AN/APG-68(V)9,TRACK,B0200,45.609415406916604,0.0,0.0,0.0,0.0,Friendly
160.60000000000002,B0200,N001VE,SEARCH,None,0.0,0.0,0.0,0.0,0.0,Enemy
160.8,A0100,AN/APG-68(V)9,TRACK,B0200,58.918635660149576,0.0,0.0,0.0,0.0,Friendly
160.8,A0200,AN/APG-68(V)9,TRACK,B0200,45.71428082270059,0.0,0.0,0.0,0.0,Friendly
160.8,B0200,N001VE,SEARCH,A0100,58.918635660149576,-23.025860015261397,-1937.172460392555,0.27405773641805486,15082.477506453833,Enemy
161.0,A0100,AN/APG-68(V)9,TRACK,B0200,59.01997720398523,0.0,0.0,0.0,0.0,Friendly
161.0,A0200,AN/APG-68(V)9,TRACK,B0200,45.819060037689766,0.0,0.0,0.0,0.0,Friendly
161.0,B0200,N001VE,SEARCH,A0100,58.918635660149576,-23.025860015261397,-1937.172460392555,0.2635170542481302,15082.477506453833,Enemy
161.20000000000002,A0100,AN/APG-68(V)9,TRACK,B0200,59.121332093681666,0.0,0.0,0.0,0.0,Friendly
161.20000000000002,A0200,AN/APG-68(V)9,TRACK,B0200,45.92384313744746,0.0,0.0,0.0,0.0,Friendly
161.20000000000002,B0200,N001VE,SEARCH,A0100,58.918635660149576,-23.025860015261397,-1937.172460392555,0.2529763720782041,15082.477506453833,Enemy
161.4,A0100,AN/APG-68(V)9,TRACK,B0200,59.22259764587916,0.0,0.0,0.0,0.0,Friendly
161.4,A0200,AN/APG-68(V)9,TRACK,B0200,46.02866480868452,0.0,0.0,0.0,0.0,Friendly
161.4,B0200,N001VE,SEARCH,A0100,58.918635660149576,-23.025860015261397,-1937.172460392555,0.2424356899082795,15082.477506453833,Enemy
161.60000000000002,A0100,AN/APG-68(V)9,TRACK,B0200,59.323758304987074,0.0,0.0,0.0,0.0,Friendly
161.60000000000002,A0200,AN/APG-68(V)9,TRACK,B0200,46.13340975426288,0.0,0.0,0.0,0.0,Friendly
161.60000000000002,B0200,N001VE,SEARCH,A0100,58.918635660149576,-23.025860015261397,-1937.172460392555,0.2318950077383534,15082.477506453833,Enemy
161.8,A0100,AN/APG-68(V)9,TRACK,B0200,59.42497108507396,0.0,0.0,0.0,0.0,Friendly
161.8,A0200,AN/APG-68(V)9,TRACK,B0200,46.23814833020843,0.0,0.0,0.0,0.0,Friendly
161.8,B0200,N001VE,SEARCH,None,0.0,0.0,0.0,0.0,0.0,Enemy
162.0,A0100,AN/APG-68(V)9,TRACK,B0200,59.526105268529406,0.0,0.0,0.0,0.0,Friendly
162.0,A0200,AN/APG-68(V)9,TRACK,B0200,46.34281348109618,0.0,0.0,0.0,0.0,Friendly
162.0,B0200,N001VE,SEARCH,None,0.0,0.0,0.0,0.0,0.0,Enemy
162.20000000000002,A0100,AN/APG-68(V)9,TRACK,B0200,59.627213769528105,0.0,0.0,0.0,0.0,Friendly
162.20000000000002,A0200,AN/APG-68(V)9,TRACK,B0200,46.447470732964156,0.0,0.0,0.0,0.0,Friendly
162.20000000000002,B0200,N001VE,SEARCH,None,0.0,0.0,0.0,0.0,0.0,Enemy
162.4,A0100,AN/APG-68(V)9,TRACK,B0200,59.72821847468923,0.0,0.0,0.0,0.0,Friendly
162.4,A0200,AN/APG-68(V)9,TRACK,B0200,46.55211276245286,0.0,0.0,0.0,0.0,Friendly
162.4,B0200,N001VE,SEARCH,None,0.0,0.0,0.0,0.0,0.0,Enemy
162.60000000000002,A0100,AN/APG-68(V)9,TRACK,B0200,59.82912702110397,0.0,0.0,0.0,0.0,Friendly
162.60000000000002,A0200,AN/APG-68(V)9,TRACK,B0200,46.65664317659277,0.0,0.0,0.0,0.0,Friendly
162.60000000000002,B0200,N001VE,SEARCH,None,0.0,0.0,0.0,0.0,0.0,Enemy
162.8,A0100,AN/APG-68(V)9,TRACK,B0200,59.92999165668749,0.0,0.0,0.0,0.0,Friendly
162.8,A0200,AN/APG-68(V)9,TRACK,B0200,46.761128085653446,0.0,0.0,0.0,0.0,Friendly
162.8,B0200,N001VE,SEARCH,A0100,59.92999165668749,-23.434834123183048,-1892.65504591236,0.26091010846306206,15089.45446139727,Enemy
163.0,A0100,AN/APG-68(V)9,TRACK,B0200,60.03080602806854,0.0,0.0,0.0,0.0,Friendly
163.0,A0200,AN/APG-68(V)9,TRACK,B0200,46.865693046977384,0.0,0.0,0.0,0.0,Friendly
163.0,B0200,N001VE,SEARCH,A0100,59.92999165668749,-23.434834123183048,-1892.65504591236,0.25087510429140636,15089.45446139727,Enemy
163.20000000000002,A0100,AN/APG-68(V)9,TRACK,B0200,60.131554231475896,0.0,0.0,0.0,0.0,Friendly
163.20000000000002,A0200,AN/APG-68(V)9,TRACK,B0200,46.97033274882727,0.0,0.0,0.0,0.0,Friendly
163.20000000000002,B0200,N001VE,SEARCH,A0100,59.92999165668749,-23.434834123183048,-1892.65504591236,0.24084010011974927,15089.45446139727,Enemy
163.4,A0100,AN/APG-68(V)9,TRACK,B0200,60.23233749017538,0.0,0.0,0.0,0.0,Friendly
163.4,A0200,AN/APG-68(V)9,TRACK,B0200,47.075038948620566,0.0,0.0,0.0,0.0,Friendly
163.4,B0200,N001VE,SEARCH,A0100,59.92999165668749,-23.434834123183048,-1892.65504591236,0.23080509594809356,15089.45446139727,Enemy
163.60000000000002,A0100,AN/APG-68(V)9,TRACK,B0200,60.33308566411686,0.0,0.0,0.0,0.0,Friendly
163.60000000000002,A0200,AN/APG-68(V)9,TRACK,B0200,47.179694891430614,0.0,0.0,0.0,0.0,Friendly
163.60000000000002,B0200,N001VE,SEARCH,A0100,59.92999165668749,-23.434834123183048,-1892.65504591236,0.22077009177643644,15089.45446139727,Enemy
163.8,A0100,AN/APG-68(V)9,TRACK,B0200,60.433756736170714,0.0,0.0,0.0,0.0,Friendly
163.8,A0200,AN/APG-68(V)9,TRACK,B0200,47.284297088166724,0.0,0.0,0.0,0.0,Friendly
163.8,B0200,N001VE,TRACK,A0200,47.284297088166724,-20.758152854773392,6672.395173899588,0.4253041378538317,16639.2934850313,Enemy
164.0,A0100,AN/APG-68(V)9,TRACK,B0200,60.53430559722297,0.0,0.0,0.0,0.0,Friendly
164.0,A0200,AN/APG-68(V)9,TRACK,B0200,47.38878257514806,0.0,0.0,0.0,0.0,Friendly
164.0,B0200,N001VE,TRACK,A0200,47.284297088166724,-20.758152854773392,6672.395173899588,0.40894628639791597,16639.2934850313,Enemy
164.20000000000002,A0100,AN/APG-68(V)9,TRACK,B0200,60.63483444270358,0.0,0.0,0.0,0.0,Friendly
164.20000000000002,A0200,AN/APG-68(V)9,TRACK,B0200,47.49324203721629,0.0,0.0,0.0,0.0,Friendly
164.20000000000002,B0200,N001VE,TRACK,A0200,47.284297088166724,-20.758152854773392,6672.395173899588,0.39258843494199797,16639.2934850313,Enemy
164.4,A0100,AN/APG-68(V)9,TRACK,B0200,60.73539534902436,0.0,0.0,0.0,0.0,Friendly
164.4,A0200,AN/APG-68(V)9,TRACK,B0200,47.59768406499717,0.0,0.0,0.0,0.0,Friendly
164.4,B0200,N001VE,TRACK,A0200,47.284297088166724,-20.758152854773392,6672.395173899588,0.3762305834860822,16639.2934850313,Enemy
164.60000000000002,A0100,AN/APG-68(V)9,TRACK,B0200,60.83582567631331,0.0,0.0,0.0,0.0,Friendly
164.60000000000002,A0200,AN/APG-68(V)9,TRACK,B0200,47.70202832487319,0.0,0.0,0.0,0.0,Friendly
164.60000000000002,B0200,N001VE,TRACK,A0200,47.284297088166724,-20.758152854773392,6672.395173899588,0.3598727320301642,16639.2934850313,Enemy
164.8,A0100,AN/APG-68(V)9,TRACK,B0200,60.936193980967566,0.0,0.0,0.0,0.0,Friendly
164.8,A0200,AN/APG-68(V)9,TRACK,B0200,47.80634555958074,0.0,0.0,0.0,0.0,Friendly
164.8,B0200,N001VE,SEARCH,None,0.0,0.0,0.0,0.0,0.0,Enemy
165.0,A0100,AN/APG-68(V)9,TRACK,B0200,61.03647171574882,0.0,0.0,0.0,0.0,Friendly
165.0,A0200,AN/APG-68(V)9,TRACK,B0200,47.91054189189186,0.0,0.0,0.0,0.0,Friendly
165.0,B0200,N001VE,SEARCH,None,0.0,0.0,0.0,0.0,0.0,Enemy
165.20000000000002,A0100,AN/APG-68(V)9,TRACK,B0200,61.13669276988831,0.0,0.0,0.0,0.0,Friendly
165.20000000000002,A0200,AN/APG-68(V)9,TRACK,B0200,48.01466210003605,0.0,0.0,0.0,0.0,Friendly
165.20000000000002,B0200,N001VE,SEARCH,None,0.0,0.0,0.0,0.0,0.0,Enemy
165.4,A0100,AN/APG-68(V)9,TRACK,B0200,61.23686856937408,0.0,0.0,0.0,0.0,Friendly
165.4,A0200,AN/APG-68(V)9,TRACK,B0200,48.11872298134565,0.0,0.0,0.0,0.0,Friendly
165.4,B0200,N001VE,SEARCH,None,0.0,0.0,0.0,0.0,0.0,Enemy
165.60000000000002,A0100,AN/APG-68(V)9,TRACK,B0200,61.33703673991692,0.0,0.0,0.0,0.0,Friendly
165.60000000000002,A0200,AN/APG-68(V)9,TRACK,B0200,48.22275187059472,0.0,0.0,0.0,0.0,Friendly
165.60000000000002,B0200,N001VE,SEARCH,None,0.0,0.0,0.0,0.0,0.0,Enemy
165.8,A0100,AN/APG-68(V)9,TRACK,B0200,61.437188695890526,0.0,0.0,0.0,0.0,Friendly
165.8,A0200,AN/APG-68(V)9,TRACK,B0200,48.32681159765875,0.0,0.0,0.0,0.0,Friendly
165.8,B0200,N001VE,SEARCH,None,0.0,0.0,0.0,0.0,0.0,Enemy
166.0,A0100,AN/APG-68(V)9,TRACK,B0200,61.537167082478454,0.0,0.0,0.0,0.0,Friendly
166.0,A0200,AN/APG-68(V)9,TRACK,B0200,48.430851628730544,0.0,0.0,0.0,0.0,Friendly
166.0,B0200,N001VE,SEARCH,None,0.0,0.0,0.0,0.0,0.0,Enemy
166.20000000000002,A0100,AN/APG-68(V)9,TRACK,B0200,61.6370324149815,0.0,0.0,0.0,0.0,Friendly
166.20000000000002,A0200,AN/APG-68(V)9,TRACK,B0200,48.53493434831454,0.0,0.0,0.0,0.0,Friendly
166.20000000000002,B0200,N001VE,SEARCH,None,0.0,0.0,0.0,0.0,0.0,Enemy
166.4,A0100,AN/APG-68(V)9,TRACK,B0200,61.73692678137789,0.0,0.0,0.0,0.0,Friendly
166.4,A0200,AN/APG-68(V)9,TRACK,B0200,48.639069666828156,0.0,0.0,0.0,0.0,Friendly
166.4,B0200,N001VE,SEARCH,None,0.0,0.0,0.0,0.0,0.0,Enemy
166.60000000000002,A0100,AN/APG-68(V)9,TRACK,B0200,61.836736417154555,0.0,0.0,0.0,0.0,Friendly
166.60000000000002,A0200,AN/APG-68(V)9,TRACK,B0200,48.743202581924415,0.0,0.0,0.0,0.0,Friendly
166.60000000000002,B0200,N001VE,SEARCH,None,0.0,0.0,0.0,0.0,0.0,Enemy
166.8,A0100,AN/APG-68(V)9,TRACK,B0200,61.93651250444598,0.0,0.0,0.0,0.0,Friendly
166.8,A0200,AN/APG-68(V)9,TRACK,B0200,48.847301096551334,0.0,0.0,0.0,0.0,Friendly
166.8,B0200,N001VE,SEARCH,None,0.0,0.0,0.0,0.0,0.0,Enemy
167.0,A0100,AN/APG-68(V)9,TRACK,B0200,62.03622463490648,0.0,0.0,0.0,0.0,Friendly
167.0,A0200,AN/APG-68(V)9,TRACK,B0200,48.95130275268871,0.0,0.0,0.0,0.0,Friendly
167.0,B0200,N001VE,SEARCH,None,0.0,0.0,0.0,0.0,0.0,Enemy
167.20000000000002,A0100,AN/APG-68(V)9,TRACK,B0200,62.135894520556505,0.0,0.0,0.0,0.0,Friendly
167.20000000000002,A0200,AN/APG-68(V)9,TRACK,B0200,49.05529508702275,0.0,0.0,0.0,0.0,Friendly
167.20000000000002,B0200,N001VE,SEARCH,None,0.0,0.0,0.0,0.0,0.0,Enemy
167.4,A0100,AN/APG-68(V)9,TRACK,B0200,62.23546557842437,0.0,0.0,0.0,0.0,Friendly
167.4,A0200,AN/APG-68(V)9,TRACK,B0200,49.15924233733924,0.0,0.0,0.0,0.0,Friendly
167.4,B0200,N001VE,SEARCH,None,0.0,0.0,0.0,0.0,0.0,Enemy
167.60000000000002,A0100,AN/APG-68(V)9,TRACK,B0200,62.334940230394416,0.0,0.0,0.0,0.0,Friendly
167.60000000000002,A0200,AN/APG-68(V)9,TRACK,B0200,49.26313157832988,0.0,0.0,0.0,0.0,Friendly
167.60000000000002,B0200,N001VE,SEARCH,None,0.0,0.0,0.0,0.0,0.0,Enemy
167.8,A0100,AN/APG-68(V)9,TRACK,B0200,62.43432964298604,0.0,0.0,0.0,0.0,Friendly
167.8,A0200,AN/APG-68(V)9,TRACK,B0200,49.367022504017854,0.0,0.0,0.0,0.0,Friendly
167.8,B0200,N001VE,SEARCH,A0100,62.43432964298604,-24.4249948195392,-1775.7022881468597,0.228353714641181,15105.816683391862,Enemy
168.0,A0100,AN/APG-68(V)9,TRACK,B0200,62.53367307620506,0.0,0.0,0.0,0.0,Friendly
168.0,A0200,AN/APG-68(V)9,TRACK,B0200,49.47093110509059,0.0,0.0,0.0,0.0,Friendly
168.0,B0200,N001VE,SEARCH,A0100,62.43432964298604,-24.4249948195392,-1775.7022881468597,0.2195708794626745,15105.816683391862,Enemy
168.20000000000002,A0100,AN/APG-68(V)9,TRACK,B0200,62.632927427929516,0.0,0.0,0.0,0.0,Friendly
168.20000000000002,A0200,AN/APG-68(V)9,TRACK,B0200,49.57484194063791,0.0,0.0,0.0,0.0,Friendly
168.20000000000002,B0200,N001VE,SEARCH,A0100,62.43432964298604,-24.4249948195392,-1775.7022881468597,0.21078804428416678,15105.816683391862,Enemy
168.4,A0100,AN/APG-68(V)9,TRACK,B0200,62.73219018566079,0.0,0.0,0.0,0.0,Friendly
168.4,A0200,AN/APG-68(V)9,TRACK,B0200,49.67880614835713,0.0,0.0,0.0,0.0,Friendly
168.4,B0200,N001VE,SEARCH,None,0.0,0.0,0.0,0.0,0.0,Enemy
168.60000000000002,A0100,AN/APG-68(V)9,TRACK,B0200,62.83142464614145,0.0,0.0,0.0,0.0,Friendly
168.60000000000002,A0200,AN/APG-68(V)9,TRACK,B0200,49.78274296288237,0.0,0.0,0.0,0.0,Friendly
168.60000000000002,B0200,N001VE,SEARCH,None,0.0,0.0,0.0,0.0,0.0,Enemy
168.8,A0100,AN/APG-68(V)9,TRACK,B0200,62.93042977813696,0.0,0.0,0.0,0.0,Friendly
168.8,A0200,AN/APG-68(V)9,TRACK,B0200,49.88658035086739,0.0,0.0,0.0,0.0,Friendly
168.8,B0200,N001VE,SEARCH,None,0.0,0.0,0.0,0.0,0.0,Enemy
169.0,A0100,AN/APG-68(V)9,TRACK,B0200,63.029368866149824,0.0,0.0,0.0,0.0,Friendly
169.0,A0200,AN/APG-68(V)9,TRACK,B0200,49.99036842752217,0.0,0.0,0.0,0.0,Friendly
169.0,B0200,N001VE,SEARCH,None,0.0,0.0,0.0,0.0,0.0,Enemy
169.20000000000002,A0100,AN/APG-68(V)9,TRACK,B0200,63.12836846549748,0.0,0.0,0.0,0.0,Friendly
169.20000000000002,A0200,AN/APG-68(V)9,TRACK,B0200,50.09416297927069,0.0,0.0,0.0,0.0,Friendly
169.20000000000002,B0200,N001VE,SEARCH,None,0.0,0.0,0.0,0.0,0.0,Enemy
169.4,A0100,AN/APG-68(V)9,TRACK,B0200,63.22730115941982,0.0,0.0,0.0,0.0,Friendly
169.4,A0200,AN/APG-68(V)9,TRACK,B0200,50.19782792888134,0.0,0.0,0.0,0.0,Friendly
169.4,B0200,N001VE,SEARCH,None,0.0,0.0,0.0,0.0,0.0,Enemy
169.60000000000002,A0100,AN/APG-68(V)9,TRACK,B0200,63.32601678940097,0.0,0.0,0.0,0.0,Friendly
169.60000000000002,A0200,AN/APG-68(V)9,TRACK,B0200,50.30129657525779,0.0,0.0,0.0,0.0,Friendly
169.60000000000002,B0200,N001VE,SEARCH,None,0.0,0.0,0.0,0.0,0.0,Enemy
169.8,A0100,AN/APG-68(V)9,TRACK,B0200,63.42467468999542,0.0,0.0,0.0,0.0,Friendly
169.8,A0200,AN/APG-68(V)9,TRACK,B0200,50.40470195631385,0.0,0.0,0.0,0.0,Friendly
169.8,B0200,N001VE,SEARCH,None,0.0,0.0,0.0,0.0,0.0,Enemy
170.0,A0100,AN/APG-68(V)9,TRACK,B0200,63.523245885986924,0.0,0.0,0.0,0.0,Friendly
170.0,A0200,AN/APG-68(V)9,TRACK,B0200,50.50810886630043,0.0,0.0,0.0,0.0,Friendly
170.0,B0200,N001VE,SEARCH,None,0.0,0.0,0.0,0.0,0.0,Enemy
170.20000000000002,A0100,AN/APG-68(V)9,TRACK,B0200,63.62169341928316,0.0,0.0,0.0,0.0,Friendly
170.20000000000002,A0200,AN/APG-68(V)9,TRACK,B0200,50.61144023820476,0.0,0.0,0.0,0.0,Friendly
170.20000000000002,B0200,N001VE,SEARCH,None,0.0,0.0,0.0,0.0,0.0,Enemy
170.4,A0100,AN/APG-68(V)9,TRACK,B0200,63.71998734659612,0.0,0.0,0.0,0.0,Friendly
170.4,A0200,AN/APG-68(V)9,TRACK,B0200,50.71472131848726,0.0,0.0,0.0,0.0,Friendly
170.4,B0200,N001VE,SEARCH,None,0.0,0.0,0.0,0.0,0.0,Enemy
170.60000000000002,A0100,AN/APG-68(V)9,TRACK,B0200,63.81819926526017,0.0,0.0,0.0,0.0,Friendly
170.60000000000002,A0200,AN/APG-68(V)9,TRACK,B0200,50.81799049195214,0.0,0.0,0.0,0.0,Friendly
170.60000000000002,B0200,N001VE,SEARCH,None,0.0,0.0,0.0,0.0,0.0,Enemy
170.8,A0100,AN/APG-68(V)9,TRACK,B0200,63.91632590108537,0.0,0.0,0.0,0.0,Friendly
170.8,A0200,AN/APG-68(V)9,TRACK,B0200,50.92113878537298,0.0,0.0,0.0,0.0,Friendly
170.8,B0200,N001VE,SEARCH,A0100,63.91632590108537,-24.996863307925167,-1709.2359342437,0.20908776328588968,15115.061291639282,Enemy
171.0,A0100,AN/APG-68(V)9,TRACK,B0200,64.01440917446351,0.0,0.0,0.0,0.0,Friendly
171.0,A0200,AN/APG-68(V)9,TRACK,B0200,51.02419160865956,0.0,0.0,0.0,0.0,Friendly
171.0,B0200,N001VE,SEARCH,None,0.0,0.0,0.0,0.0,0.0,Enemy
171.20000000000002,A0100,AN/APG-68(V)9,TRACK,B0200,64.11239968953278,0.0,0.0,0.0,0.0,Friendly
171.20000000000002,A0200,AN/APG-68(V)9,TRACK,B0200,51.127144989943055,0.0,0.0,0.0,0.0,Friendly
171.20000000000002,B0200,N001VE,SEARCH,None,0.0,0.0,0.0,0.0,0.0,Enemy
171.4,A0100,AN/APG-68(V)9,TRACK,B0200,64.21032796282991,0.0,0.0,0.0,0.0,Friendly
171.4,A0200,AN/APG-68(V)9,TRACK,B0200,51.22998687769714,0.0,0.0,0.0,0.0,Friendly
171.4,B0200,N001VE,SEARCH,None,0.0,0.0,0.0,0.0,0.0,Enemy
171.60000000000002,A0100,AN/APG-68(V)9,TRACK,B0200,64.30814506646054,0.0,0.0,0.0,0.0,Friendly
171.60000000000002,A0200,AN/APG-68(V)9,TRACK,B0200,51.33279336375872,0.0,0.0,0.0,0.0,Friendly
171.60000000000002,B0200,N001VE,SEARCH,None,0.0,0.0,0.0,0.0,0.0,Enemy
171.8,A0100,AN/APG-68(V)9,TRACK,B0200,64.40582219145135,0.0,0.0,0.0,0.0,Friendly
171.8,A0200,AN/APG-68(V)9,TRACK,B0200,51.43553955073962,0.0,0.0,0.0,0.0,Friendly
171.8,B0200,N001VE,SEARCH,None,0.0,0.0,0.0,0.0,0.0,Enemy
172.0,A0100,AN/APG-68(V)9,TRACK,B0200,64.50348087287568,0.0,0.0,0.0,0.0,Friendly
172.0,A0200,AN/APG-68(V)9,TRACK,B0200,51.5382391579334,0.0,0.0,0.0,0.0,Friendly
172.0,B0200,N001VE,SEARCH,None,0.0,0.0,0.0,0.0,0.0,Enemy
172.20000000000002,A0100,AN/APG-68(V)9,TRACK,B0200,64.60116199846033,0.0,0.0,0.0,0.0,Friendly
172.20000000000002,A0200,AN/APG-68(V)9,TRACK,B0200,51.640901423818505,0.0,0.0,0.0,0.0,Friendly
172.20000000000002,B0200,N001VE,SEARCH,None,0.0,0.0,0.0,0.0,0.0,Enemy
172.4,A0100,AN/APG-68(V)9,TRACK,B0200,64.69868150665135,0.0,0.0,0.0,0.0,Friendly
172.4,A0200,AN/APG-68(V)9,TRACK,B0200,51.743385851075956,0.0,0.0,0.0,0.0,Friendly
172.4,B0200,N001VE,SEARCH,None,0.0,0.0,0.0,0.0,0.0,Enemy
172.60000000000002,A0100,AN/APG-68(V)9,TRACK,B0200,64.79606605533415,0.0,0.0,0.0,0.0,Friendly
172.60000000000002,A0200,AN/APG-68(V)9,TRACK,B0200,51.845739905742676,0.0,0.0,0.0,0.0,Friendly
172.60000000000002,B0200,N001VE,SEARCH,None,0.0,0.0,0.0,0.0,0.0,Enemy
172.8,A0100,AN/APG-68(V)9,TRACK,B0200,64.89339576157307,0.0,0.0,0.0,0.0,Friendly
172.8,A0200,AN/APG-68(V)9,TRACK,B0200,51.94804780703411,0.0,0.0,0.0,0.0,Friendly
172.8,B0200,N001VE,SEARCH,None,0.0,0.0,0.0,0.0,0.0,Enemy
173.0,A0100,AN/APG-68(V)9,TRACK,B0200,64.99057371070577,0.0,0.0,0.0,0.0,Friendly
173.0,A0200,AN/APG-68(V)9,TRACK,B0200,52.050264610045744,0.0,0.0,0.0,0.0,Friendly
173.0,B0200,N001VE,SEARCH,None,0.0,0.0,0.0,0.0,0.0,Enemy
173.20000000000002,A0100,AN/APG-68(V)9,TRACK,B0200,65.0876966123052,0.0,0.0,0.0,0.0,Friendly
173.20000000000002,A0200,AN/APG-68(V)9,TRACK,B0200,52.152517703556974,0.0,0.0,0.0,0.0,Friendly
173.20000000000002,B0200,N001VE,SEARCH,None,0.0,0.0,0.0,0.0,0.0,Enemy
173.4,A0100,AN/APG-68(V)9,TRACK,B0200,65.18469308571292,0.0,0.0,0.0,0.0,Friendly
173.4,A0200,AN/APG-68(V)9,TRACK,B0200,52.25479746236424,0.0,0.0,0.0,0.0,Friendly
173.4,B0200,N001VE,SEARCH,None,0.0,0.0,0.0,0.0,0.0,Enemy
173.60000000000002,A0100,AN/APG-68(V)9,TRACK,B0200,65.28145334707281,0.0,0.0,0.0,0.0,Friendly
173.60000000000002,A0200,AN/APG-68(V)9,TRACK,B0200,52.357021393724715,0.0,0.0,0.0,0.0,Friendly
173.60000000000002,B0200,N001VE,SEARCH,None,0.0,0.0,0.0,0.0,0.0,Enemy
173.8,A0100,AN/APG-68(V)9,TRACK,B0200,65.37814217435347,0.0,0.0,0.0,0.0,Friendly
173.8,A0200,AN/APG-68(V)9,TRACK,B0200,52.45924400720806,0.0,0.0,0.0,0.0,Friendly
173.8,B0200,N001VE,SEARCH,None,0.0,0.0,0.0,0.0,0.0,Enemy
174.0,A0100,AN/APG-68(V)9,TRACK,B0200,65.47488551823928,0.0,0.0,0.0,0.0,Friendly
174.0,A0200,AN/APG-68(V)9,TRACK,B0200,52.56150861997817,0.0,0.0,0.0,0.0,Friendly
174.0,B0200,N001VE,SEARCH,None,0.0,0.0,0.0,0.0,0.0,Enemy
174.20000000000002,A0100,AN/APG-68(V)9,TRACK,B0200,65.57161452390282,0.0,0.0,0.0,0.0,Friendly
174.20000000000002,A0200,AN/APG-68(V)9,TRACK,B0200,52.663708055914924,0.0,0.0,0.0,0.0,Friendly
174.20000000000002,B0200,N001VE,SEARCH,None,0.0,0.0,0.0,0.0,0.0,Enemy
174.4,A0100,AN/APG-68(V)9,TRACK,B0200,65.66822262727658,0.0,0.0,0.0,0.0,Friendly
174.4,A0200,AN/APG-68(V)9,TRACK,B0200,52.7657170090408,0.0,0.0,0.0,0.0,Friendly
174.4,B0200,N001VE,SEARCH,None,0.0,0.0,0.0,0.0,0.0,Enemy
174.60000000000002,A0100,AN/APG-68(V)9,TRACK,B0200,65.76477273352171,0.0,0.0,0.0,0.0,Friendly
174.60000000000002,A0200,AN/APG-68(V)9,TRACK,B0200,52.867688770823655,0.0,0.0,0.0,0.0,Friendly
174.60000000000002,B0200,N001VE,SEARCH,None,0.0,0.0,0.0,0.0,0.0,Enemy
174.8,A0100,AN/APG-68(V)9,TRACK,B0200,65.8613020824065,0.0,0.0,0.0,0.0,Friendly
174.8,A0200,AN/APG-68(V)9,TRACK,B0200,52.96964242911485,0.0,0.0,0.0,0.0,Friendly
174.8,B0200,N001VE,TRACK,A0200,52.96964242911485,-23.09773308420552,5895.027291794324,0.35139464842150625,16523.923585473156,Enemy
175.0,A0100,AN/APG-68(V)9,TRACK,B0200,65.9577220381618,0.0,0.0,0.0,0.0,Friendly
175.0,A0200,AN/APG-68(V)9,TRACK,B0200,53.071533693638116,0.0,0.0,0.0,0.0,Friendly
175.0,B0200,N001VE,TRACK,A0200,52.96964242911485,-23.09773308420552,5895.027291794324,0.3378794696360644,16523.923585473156,Enemy
175.20000000000002,A0100,AN/APG-68(V)9,TRACK,B0200,66.05407890272348,0.0,0.0,0.0,0.0,Friendly
175.20000000000002,A0200,AN/APG-68(V)9,TRACK,B0200,53.1733850290424,0.0,0.0,0.0,0.0,Friendly
175.20000000000002,B0200,N001VE,TRACK,A0200,52.96964242911485,-23.09773308420552,5895.027291794324,0.3243642908506207,16523.923585473156,Enemy
175.4,A0100,AN/APG-68(V)9,TRACK,B0200,66.15040699592363,0.0,0.0,0.0,0.0,Friendly
175.4,A0200,AN/APG-68(V)9,TRACK,B0200,53.27523811612047,0.0,0.0,0.0,0.0,Friendly
175.4,B0200,N001VE,TRACK,A0200,52.96964242911485,-23.09773308420552,5895.027291794324,0.31084911206517885,16523.923585473156,Enemy
175.60000000000002,A0100,AN/APG-68(V)9,TRACK,B0200,66.24657757372658,0.0,0.0,0.0,0.0,Friendly
175.60000000000002,A0200,AN/APG-68(V)9,TRACK,B0200,53.37705981239219,0.0,0.0,0.0,0.0,Friendly
175.60000000000002,B0200,N001VE,SEARCH,A0200,52.96964242911485,-23.09773308420552,5895.027291794324,0.2973339332797351,16523.923585473156,Enemy
175.8,A0100,AN/APG-68(V)9,TRACK,B0200,66.34275835536474,0.0,0.0,0.0,0.0,Friendly
175.8,A0200,AN/APG-68(V)9,TRACK,B0200,53.47884539332894,0.0,0.0,0.0,0.0,Friendly
175.8,B0200,N001VE,TRACK,A0200,53.47884539332894,-23.298902789256417,5833.64346653831,0.344775009886723,16514.78500433977,Enemy
176.0,A0100,AN/APG-68(V)9,TRACK,B0200,66.43898375364648,0.0,0.0,0.0,0.0,Friendly
176.0,A0200,AN/APG-68(V)9,TRACK,B0200,53.58055131171519,0.0,0.0,0.0,0.0,Friendly
176.0,B0200,N001VE,TRACK,A0200,53.47884539332894,-23.298902789256417,5833.64346653831,0.3315144325833882,16514.78500433977,Enemy
176.20000000000002,A0100,AN/APG-68(V)9,TRACK,B0200,66.53511482178244,0.0,0.0,0.0,0.0,Friendly
176.20000000000002,A0200,AN/APG-68(V)9,TRACK,B0200,53.6821846539341,0.0,0.0,0.0,0.0,Friendly
176.20000000000002,B0200,N001VE,TRACK,A0200,53.47884539332894,-23.298902789256417,5833.64346653831,0.31825385528005157,16514.78500433977,Enemy
176.4,A0100,AN/APG-68(V)9,TRACK,B0200,66.63114860988485,0.0,0.0,0.0,0.0,Friendly
176.4,A0200,AN/APG-68(V)9,TRACK,B0200,53.783755785147136,0.0,0.0,0.0,0.0,Friendly
176.4,B0200,N001VE,TRACK,A0200,53.47884539332894,-23.298902789256417,5833.64346653831,0.30499327797671677,16514.78500433977,Enemy
176.60000000000002,A0100,AN/APG-68(V)9,TRACK,B0200,66.72714867702827,0.0,0.0,0.0,0.0,Friendly
176.60000000000002,A0200,AN/APG-68(V)9,TRACK,B0200,53.885333360041535,0.0,0.0,0.0,0.0,Friendly
176.60000000000002,B0200,N001VE,SEARCH,A0200,53.47884539332894,-23.298902789256417,5833.64346653831,0.2917327006733801,16514.78500433977,Enemy
176.8,A0100,AN/APG-68(V)9,TRACK,B0200,66.8230703402687,0.0,0.0,0.0,0.0,Friendly
176.8,A0200,AN/APG-68(V)9,TRACK,B0200,53.98681836088805,0.0,0.0,0.0,0.0,Friendly
176.8,B0200,N001VE,SEARCH,None,0.0,0.0,0.0,0.0,0.0,Enemy
177.0,A0100,AN/APG-68(V)9,TRACK,B0200,66.91896966678344,0.0,0.0,0.0,0.0,Friendly
177.0,A0200,AN/APG-68(V)9,TRACK,B0200,54.08824474961395,0.0,0.0,0.0,0.0,Friendly
177.0,B0200,N001VE,SEARCH,None,0.0,0.0,0.0,0.0,0.0,Enemy
177.20000000000002,A0100,AN/APG-68(V)9,TRACK,B0200,67.01481727552093,0.0,0.0,0.0,0.0,Friendly
177.20000000000002,A0200,AN/APG-68(V)9,TRACK,B0200,54.189618113412934,0.0,0.0,0.0,0.0,Friendly
177.20000000000002,B0200,N001VE,SEARCH,None,0.0,0.0,0.0,0.0,0.0,Enemy
177.4,A0100,AN/APG-68(V)9,TRACK,B0200,67.11067267188646,0.0,0.0,0.0,0.0,Friendly
177.4,A0200,AN/APG-68(V)9,TRACK,B0200,54.29090994004087,0.0,0.0,0.0,0.0,Friendly
177.4,B0200,N001VE,SEARCH,None,0.0,0.0,0.0,0.0,0.0,Enemy
177.60000000000002,A0100,AN/APG-68(V)9,TRACK,B0200,67.20652909797334,0.0,0.0,0.0,0.0,Friendly
177.60000000000002,A0200,AN/APG-68(V)9,TRACK,B0200,54.39219834857556,0.0,0.0,0.0,0.0,Friendly
177.60000000000002,B0200,N001VE,SEARCH,None,0.0,0.0,0.0,0.0,0.0,Enemy
177.8,A0100,AN/APG-68(V)9,TRACK,B0200,67.30224063169473,0.0,0.0,0.0,0.0,Friendly
177.8,A0200,AN/APG-68(V)9,TRACK,B0200,54.49347429272969,0.0,0.0,0.0,0.0,Friendly
177.8,B0200,N001VE,SEARCH,None,0.0,0.0,0.0,0.0,0.0,Enemy
178.0,A0100,AN/APG-68(V)9,TRACK,B0200,67.39785677814722,0.0,0.0,0.0,0.0,Friendly
178.0,A0200,AN/APG-68(V)9,TRACK,B0200,54.594648294019876,0.0,0.0,0.0,0.0,Friendly
178.0,B0200,N001VE,SEARCH,None,0.0,0.0,0.0,0.0,0.0,Enemy
178.20000000000002,A0100,AN/APG-68(V)9,TRACK,B0200,67.49350953709902,0.0,0.0,0.0,0.0,Friendly
178.20000000000002,A0200,AN/APG-68(V)9,TRACK,B0200,54.69577339432842,0.0,0.0,0.0,0.0,Friendly
178.20000000000002,B0200,N001VE,SEARCH,None,0.0,0.0,0.0,0.0,0.0,Enemy
178.4,A0100,AN/APG-68(V)9,TRACK,B0200,67.58917126195236,0.0,0.0,0.0,0.0,Friendly
178.4,A0200,AN/APG-68(V)9,TRACK,B0200,54.79686635273109,0.0,0.0,0.0,0.0,Friendly
178.4,B0200,N001VE,SEARCH,None,0.0,0.0,0.0,0.0,0.0,Enemy
178.60000000000002,A0100,AN/APG-68(V)9,TRACK,B0200,67.68467943234056,0.0,0.0,0.0,0.0,Friendly
178.60000000000002,A0200,AN/APG-68(V)9,TRACK,B0200,54.89783937673814,0.0,0.0,0.0,0.0,Friendly
178.60000000000002,B0200,N001VE,SEARCH,None,0.0,0.0,0.0,0.0,0.0,Enemy
178.8,A0100,AN/APG-68(V)9,TRACK,B0200,67.78022546268527,0.0,0.0,0.0,0.0,Friendly
178.8,A0200,AN/APG-68(V)9,TRACK,B0200,54.998829723960974,0.0,0.0,0.0,0.0,Friendly
178.8,B0200,N001VE,TRACK,A0200,54.998829723960974,-23.891743687352864,5638.783180606192,0.32501521358850666,16488.420588004272,Enemy
179.0,A0100,AN/APG-68(V)9,TRACK,B0200,67.87581342530939,0.0,0.0,0.0,0.0,Friendly
179.0,A0200,AN/APG-68(V)9,TRACK,B0200,55.09985087347667,0.0,0.0,0.0,0.0,Friendly
179.0,B0200,N001VE,TRACK,A0200,54.998829723960974,-23.891743687352864,5638.783180606192,0.31251462845048783,16488.420588004272,Enemy
179.20000000000002,A0100,AN/APG-68(V)9,TRACK,B0200,67.9712517113783,0.0,0.0,0.0,0.0,Friendly
179.20000000000002,A0200,AN/APG-68(V)9,TRACK,B0200,55.20079676465499,0.0,0.0,0.0,0.0,Friendly
179.20000000000002,B0200,N001VE,TRACK,A0200,54.998829723960974,-23.891743687352864,5638.783180606192,0.3000140433124673,16488.420588004272,Enemy
179.4,A0100,AN/APG-68(V)9,TRACK,B0200,68.06662745295442,0.0,0.0,0.0,0.0,Friendly
179.4,A0200,AN/APG-68(V)9,TRACK,B0200,55.301760800001276,0.0,0.0,0.0,0.0,Friendly
179.4,B0200,N001VE,SEARCH,A0200,54.998829723960974,-23.891743687352864,5638.783180606192,0.28751345817444846,16488.420588004272,Enemy
179.60000000000002,A0100,AN/APG-68(V)9,TRACK,B0200,68.16201942596587,0.0,0.0,0.0,0.0,Friendly
179.60000000000002,A0200,AN/APG-68(V)9,TRACK,B0200,55.402667009752996,0.0,0.0,0.0,0.0,Friendly
179.60000000000002,B0200,N001VE,SEARCH,A0200,54.998829723960974,-23.891743687352864,5638.783180606192,0.27501287303642785,16488.420588004272,Enemy
179.8,A0100,AN/APG-68(V)9,TRACK,B0200,68.2573898794113,0.0,0.0,0.0,0.0,Friendly
179.8,A0200,AN/APG-68(V)9,TRACK,B0200,55.50353252849793,0.0,0.0,0.0,0.0,Friendly
179.8,B0200,N001VE,SEARCH,None,0.0,0.0,0.0,0.0,0.0,Enemy
180.0,A0100,AN/APG-68(V)9,TRACK,B0200,68.35268839421886,0.0,0.0,0.0,0.0,Friendly
180.0,A0200,AN/APG-68(V)9,TRACK,B0200,55.60440481310779,0.0,0.0,0.0,0.0,Friendly
180.0,B0200,N001VE,SEARCH,None,0.0,0.0,0.0,0.0,0.0,Enemy
180.20000000000002,A0100,AN/APG-68(V)9,TRACK,B0200,68.44797062577396,0.0,0.0,0.0,0.0,Friendly
180.20000000000002,A0200,AN/APG-68(V)9,TRACK,B0200,55.70527932867485,0.0,0.0,0.0,0.0,Friendly
180.20000000000002,B0200,N001VE,SEARCH,None,0.0,0.0,0.0,0.0,0.0,Enemy
180.4,A0100,AN/APG-68(V)9,TRACK,B0200,68.5432847452634,0.0,0.0,0.0,0.0,Friendly
180.4,A0200,AN/APG-68(V)9,TRACK,B0200,55.80615570134115,0.0,0.0,0.0,0.0,Friendly
180.4,B0200,N001VE,SEARCH,None,0.0,0.0,0.0,0.0,0.0,Enemy
180.60000000000002,A0100,AN/APG-68(V)9,TRACK,B0200,68.6384807264578,0.0,0.0,0.0,0.0,Friendly
180.60000000000002,A0200,AN/APG-68(V)9,TRACK,B0200,55.90696537193246,0.0,0.0,0.0,0.0,Friendly
180.60000000000002,B0200,N001VE,SEARCH,None,0.0,0.0,0.0,0.0,0.0,Enemy
180.8,A0100,AN/APG-68(V)9,TRACK,B0200,68.73354387719567,0.0,0.0,0.0,0.0,Friendly
180.8,A0200,AN/APG-68(V)9,TRACK,B0200,56.00775745479033,0.0,0.0,0.0,0.0,Friendly
180.8,B0200,N001VE,SEARCH,None,0.0,0.0,0.0,0.0,0.0,Enemy
181.0,A0100,AN/APG-68(V)9,TRACK,B0200,68.8285801569357,0.0,0.0,0.0,0.0,Friendly
181.0,A0200,AN/APG-68(V)9,TRACK,B0200,56.10860377213419,0.0,0.0,0.0,0.0,Friendly
181.0,B0200,N001VE,SEARCH,None,0.0,0.0,0.0,0.0,0.0,Enemy
181.20000000000002,A0100,AN/APG-68(V)9,TRACK,B0200,68.92363436386404,0.0,0.0,0.0,0.0,Friendly
181.20000000000002,A0200,AN/APG-68(V)9,TRACK,B0200,56.209437066823995,0.0,0.0,0.0,0.0,Friendly
181.20000000000002,B0200,N001VE,SEARCH,None,0.0,0.0,0.0,0.0,0.0,Enemy
181.4,A0100,AN/APG-68(V)9,TRACK,B0200,69.01862321553287,0.0,0.0,0.0,0.0,Friendly
181.4,A0200,AN/APG-68(V)9,TRACK,B0200,56.31017627789923,0.0,0.0,0.0,0.0,Friendly
181.4,B0200,N001VE,SEARCH,None,0.0,0.0,0.0,0.0,0.0,Enemy
181.60000000000002,A0100,AN/APG-68(V)9,TRACK,B0200,69.11358082823641,0.0,0.0,0.0,0.0,Friendly
181.60000000000002,A0200,AN/APG-68(V)9,TRACK,B0200,56.41089899181833,0.0,0.0,0.0,0.0,Friendly
181.60000000000002,B0200,N001VE,SEARCH,None,0.0,0.0,0.0,0.0,0.0,Enemy
181.8,A0100,AN/APG-68(V)9,TRACK,B0200,69.20846095101311,0.0,0.0,0.0,0.0,Friendly
181.8,A0200,AN/APG-68(V)9,TRACK,B0200,56.511672833030225,0.0,0.0,0.0,0.0,Friendly
181.8,B0200,N001VE,SEARCH,None,0.0,0.0,0.0,0.0,0.0,Enemy
182.0,A0100,AN/APG-68(V)9,TRACK,B0200,69.30322954289717,0.0,0.0,0.0,0.0,Friendly
182.0,A0200,AN/APG-68(V)9,TRACK,B0200,56.612363640034836,0.0,0.0,0.0,0.0,Friendly
182.0,B0200,N001VE,SEARCH,None,0.0,0.0,0.0,0.0,0.0,Enemy
182.20000000000002,A0100,AN/APG-68(V)9,TRACK,B0200,69.39796383152233,0.0,0.0,0.0,0.0,Friendly
182.20000000000002,A0200,AN/APG-68(V)9,TRACK,B0200,56.71298087266638,0.0,0.0,0.0,0.0,Friendly
182.20000000000002,B0200,N001VE,SEARCH,None,0.0,0.0,0.0,0.0,0.0,Enemy
182.4,A0100,AN/APG-68(V)9,TRACK,B0200,69.49262648634476,0.0,0.0,0.0,0.0,Friendly
182.4,A0200,AN/APG-68(V)9,TRACK,B0200,56.8135686266543,0.0,0.0,0.0,0.0,Friendly
182.4,B0200,N001VE,SEARCH,None,0.0,0.0,0.0,0.0,0.0,Enemy
182.60000000000002,A0100,AN/APG-68(V)9,TRACK,B0200,69.58715241180296,0.0,0.0,0.0,0.0,Friendly
182.60000000000002,A0200,AN/APG-68(V)9,TRACK,B0200,56.91403656785022,0.0,0.0,0.0,0.0,Friendly
182.60000000000002,B0200,N001VE,SEARCH,None,0.0,0.0,0.0,0.0,0.0,Enemy
182.8,A0100,AN/APG-68(V)9,TRACK,B0200,69.68153176130646,0.0,0.0,0.0,0.0,Friendly
182.8,A0200,AN/APG-68(V)9,TRACK,B0200,57.01437268997809,0.0,0.0,0.0,0.0,Friendly
182.8,B0200,N001VE,SEARCH,A0200,57.01437268997809,-24.661051318547088,5416.536221276048,0.29881315503028416,16455.48540780495,Enemy
183.0,A0100,AN/APG-68(V)9,TRACK,B0200,69.77584362369157,0.0,0.0,0.0,0.0,Friendly
183.0,A0200,AN/APG-68(V)9,TRACK,B0200,57.11462176686017,0.0,0.0,0.0,0.0,Friendly
183.0,B0200,N001VE,SEARCH,A0200,57.01437268997809,-24.661051318547088,5416.536221276048,0.28732034137527385,16455.48540780495,Enemy
183.20000000000002,A0100,AN/APG-68(V)9,TRACK,B0200,69.87008865842375,0.0,0.0,0.0,0.0,Friendly
183.20000000000002,A0200,AN/APG-68(V)9,TRACK,B0200,57.214782736820005,0.0,0.0,0.0,0.0,Friendly
183.20000000000002,B0200,N001VE,SEARCH,A0200,57.01437268997809,-24.661051318547088,5416.536221276048,0.2758275277202619,16455.48540780495,Enemy
183.4,A0100,AN/APG-68(V)9,TRACK,B0200,69.96413438908876,0.0,0.0,0.0,0.0,Friendly
183.4,A0200,AN/APG-68(V)9,TRACK,B0200,57.31486896425386,0.0,0.0,0.0,0.0,Friendly
183.4,B0200,N001VE,SEARCH,A0200,57.01437268997809,-24.661051318547088,5416.536221276048,0.2643347140652516,16455.48540780495,Enemy
183.60000000000002,A0100,AN/APG-68(V)9,TRACK,B0200,70.0580864701344,0.0,0.0,0.0,0.0,Friendly
183.60000000000002,A0200,AN/APG-68(V)9,TRACK,B0200,57.41488066644132,0.0,0.0,0.0,0.0,Friendly
183.60000000000002,B0200,N001VE,SEARCH,A0200,57.01437268997809,-24.661051318547088,5416.536221276048,0.2528419004102397,16455.48540780495,Enemy
183.8,A0100,AN/APG-68(V)9,TRACK,B0200,70.15201293057106,0.0,0.0,0.0,0.0,Friendly
183.8,A0200,AN/APG-68(V)9,TRACK,B0200,57.51488638951439,0.0,0.0,0.0,0.0,Friendly
183.8,B0200,N001VE,SEARCH,None,0.0,0.0,0.0,0.0,0.0,Enemy
184.0,A0100,AN/APG-68(V)9,TRACK,B0200,70.24586894309424,0.0,0.0,0.0,0.0,Friendly
184.0,A0200,AN/APG-68(V)9,TRACK,B0200,57.61492571317684,0.0,0.0,0.0,0.0,Friendly
184.0,B0200,N001VE,SEARCH,None,0.0,0.0,0.0,0.0,0.0,Enemy
184.20000000000002,A0100,AN/APG-68(V)9,TRACK,B0200,70.33952940061586,0.0,0.0,0.0,0.0,Friendly
184.20000000000002,A0200,AN/APG-68(V)9,TRACK,B0200,57.71485443679094,0.0,0.0,0.0,0.0,Friendly
184.20000000000002,B0200,N001VE,SEARCH,None,0.0,0.0,0.0,0.0,0.0,Enemy
184.4,A0100,AN/APG-68(V)9,TRACK,B0200,70.43311409666768,0.0,0.0,0.0,0.0,Friendly
184.4,A0200,AN/APG-68(V)9,TRACK,B0200,57.814728875264954,0.0,0.0,0.0,0.0,Friendly
184.4,B0200,N001VE,SEARCH,None,0.0,0.0,0.0,0.0,0.0,Enemy
184.60000000000002,A0100,AN/APG-68(V)9,TRACK,B0200,70.52674999945968,0.0,0.0,0.0,0.0,Friendly
184.60000000000002,A0200,AN/APG-68(V)9,TRACK,B0200,57.9146293642403,0.0,0.0,0.0,0.0,Friendly
184.60000000000002,B0200,N001VE,SEARCH,None,0.0,0.0,0.0,0.0,0.0,Enemy
184.8,A0100,AN/APG-68(V)9,TRACK,B0200,70.6202997204704,0.0,0.0,0.0,0.0,Friendly
184.8,A0200,AN/APG-68(V)9,TRACK,B0200,58.01446344147375,0.0,0.0,0.0,0.0,Friendly
184.8,B0200,N001VE,SEARCH,None,0.0,0.0,0.0,0.0,0.0,Enemy
185.0,A0100,AN/APG-68(V)9,TRACK,B0200,70.71382506201378,0.0,0.0,0.0,0.0,Friendly
185.0,A0200,AN/APG-68(V)9,TRACK,B0200,58.1142621031068,0.0,0.0,0.0,0.0,Friendly
185.0,B0200,N001VE,SEARCH,None,0.0,0.0,0.0,0.0,0.0,Enemy
185.20000000000002,A0100,AN/APG-68(V)9,TRACK,B0200,70.80742973202874,0.0,0.0,0.0,0.0,Friendly
185.20000000000002,A0200,AN/APG-68(V)9,TRACK,B0200,58.21403033618606,0.0,0.0,0.0,0.0,Friendly
185.20000000000002,B0200,N001VE,SEARCH,None,0.0,0.0,0.0,0.0,0.0,Enemy
185.4,A0100,AN/APG-68(V)9,TRACK,B0200,70.90100033228327,0.0,0.0,0.0,0.0,Friendly
185.4,A0200,AN/APG-68(V)9,TRACK,B0200,58.313715975663996,0.0,0.0,0.0,0.0,Friendly
185.4,B0200,N001VE,SEARCH,None,0.0,0.0,0.0,0.0,0.0,Enemy
185.60000000000002,A0100,AN/APG-68(V)9,TRACK,B0200,70.99441542430151,0.0,0.0,0.0,0.0,Friendly
185.60000000000002,A0200,AN/APG-68(V)9,TRACK,B0200,58.413317387545284,0.0,0.0,0.0,0.0,Friendly
185.60000000000002,B0200,N001VE,SEARCH,None,0.0,0.0,0.0,0.0,0.0,Enemy
185.8,A0100,AN/APG-68(V)9,TRACK,B0200,71.08778787320541,0.0,0.0,0.0,0.0,Friendly
185.8,A0200,AN/APG-68(V)9,TRACK,B0200,58.51290548847759,0.0,0.0,0.0,0.0,Friendly
185.8,B0200,N001VE,SEARCH,A0200,58.51290548847759,-25.221232990100148,5241.448613659425,0.27933222864979074,16432.358454991856,Enemy
186.0,A0100,AN/APG-68(V)9,TRACK,B0200,71.18122139471976,0.0,0.0,0.0,0.0,Friendly
186.0,A0200,AN/APG-68(V)9,TRACK,B0200,58.612458996305975,0.0,0.0,0.0,0.0,Friendly
186.0,B0200,N001VE,SEARCH,A0200,58.51290548847759,-25.221232990100148,5241.448613659425,0.26858868139403014,16432.358454991856,Enemy
186.20000000000002,A0100,AN/APG-68(V)9,TRACK,B0200,71.27465255947163,0.0,0.0,0.0,0.0,Friendly
186.20000000000002,A0200,AN/APG-68(V)9,TRACK,B0200,58.71192203953663,0.0,0.0,0.0,0.0,Friendly
186.20000000000002,B0200,N001VE,SEARCH,A0200,58.51290548847759,-25.221232990100148,5241.448613659425,0.25784513413826804,16432.358454991856,Enemy
186.4,A0100,AN/APG-68(V)9,TRACK,B0200,71.36800075015826,0.0,0.0,0.0,0.0,Friendly
186.4,A0200,AN/APG-68(V)9,TRACK,B0200,58.811306882617934,0.0,0.0,0.0,0.0,Friendly
186.4,B0200,N001VE,SEARCH,A0200,58.51290548847759,-25.221232990100148,5241.448613659425,0.2471015868825074,16432.358454991856,Enemy
186.60000000000002,A0100,AN/APG-68(V)9,TRACK,B0200,71.46126163478488,0.0,0.0,0.0,0.0,Friendly
186.60000000000002,A0200,AN/APG-68(V)9,TRACK,B0200,58.910596603112765,0.0,0.0,0.0,0.0,Friendly
186.60000000000002,B0200,N001VE,SEARCH,A0200,58.51290548847759,-25.221232990100148,5241.448613659425,0.2363580396267453,16432.358454991856,Enemy
186.8,A0100,AN/APG-68(V)9,TRACK,B0200,71.5545909387799,0.0,0.0,0.0,0.0,Friendly
186.8,A0200,AN/APG-68(V)9,TRACK,B0200,59.009897286561184,0.0,0.0,0.0,0.0,Friendly
186.8,B0200,N001VE,SEARCH,A0200,59.009897286561184,-25.40490426768717,5184.431066232404,0.27287133527470403,16424.935385828187,Enemy
187.0,A0100,AN/APG-68(V)9,TRACK,B0200,71.64797228612983,0.0,0.0,0.0,0.0,Friendly
187.0,A0200,AN/APG-68(V)9,TRACK,B0200,59.10917771648288,0.0,0.0,0.0,0.0,Friendly
187.0,B0200,N001VE,SEARCH,A0200,59.009897286561184,-25.40490426768717,5184.431066232404,0.2623762839179852,16424.935385828187,Enemy
187.20000000000002,A0100,AN/APG-68(V)9,TRACK,B0200,71.74121295452372,0.0,0.0,0.0,0.0,Friendly
187.20000000000002,A0200,AN/APG-68(V)9,TRACK,B0200,59.20838099211578,0.0,0.0,0.0,0.0,Friendly
187.20000000000002,B0200,N001VE,SEARCH,A0200,59.009897286561184,-25.40490426768717,5184.431066232404,0.2518812325612649,16424.935385828187,Enemy
187.4,A0100,AN/APG-68(V)9,TRACK,B0200,71.83429168086903,0.0,0.0,0.0,0.0,Friendly
187.4,A0200,AN/APG-68(V)9,TRACK,B0200,59.30752682722782,0.0,0.0,0.0,0.0,Friendly
187.4,B0200,N001VE,SEARCH,A0200,59.009897286561184,-25.40490426768717,5184.431066232404,0.24138618120454605,16424.935385828187,Enemy
187.60000000000002,A0100,AN/APG-68(V)9,TRACK,B0200,71.92731872992034,0.0,0.0,0.0,0.0,Friendly
187.60000000000002,A0200,AN/APG-68(V)9,TRACK,B0200,59.40665179347775,0.0,0.0,0.0,0.0,Friendly
187.60000000000002,B0200,N001VE,SEARCH,A0200,59.009897286561184,-25.40490426768717,5184.431066232404,0.23089112984782575,16424.935385828187,Enemy
187.8,A0100,AN/APG-68(V)9,TRACK,B0200,72.0203640350019,0.0,0.0,0.0,0.0,Friendly
187.8,A0200,AN/APG-68(V)9,TRACK,B0200,59.50576823871742,0.0,0.0,0.0,0.0,Friendly
187.8,B0200,N001VE,SEARCH,A0200,59.50576823871742,-25.587220977924396,5128.796687705607,0.266425012896673,16417.693947075782,Enemy
188.0,A0100,AN/APG-68(V)9,TRACK,B0200,72.1134741690174,0.0,0.0,0.0,0.0,Friendly
188.0,A0200,AN/APG-68(V)9,TRACK,B0200,59.60485239867707,0.0,0.0,0.0,0.0,Friendly
188.0,B0200,N001VE,SEARCH,A0200,59.50576823871742,-25.587220977924396,5128.796687705607,0.2561778970160322,16417.693947075782,Enemy
188.20000000000002,A0100,AN/APG-68(V)9,TRACK,B0200,72.20648784499409,0.0,0.0,0.0,0.0,Friendly
188.20000000000002,A0200,AN/APG-68(V)9,TRACK,B0200,59.703764828525806,0.0,0.0,0.0,0.0,Friendly
188.20000000000002,B0200,N001VE,SEARCH,A0200,59.50576823871742,-25.587220977924396,5128.796687705607,0.24593078113539008,16417.693947075782,Enemy
188.4,A0100,AN/APG-68(V)9,TRACK,B0200,72.29929706157972,0.0,0.0,0.0,0.0,Friendly
188.4,A0200,AN/APG-68(V)9,TRACK,B0200,59.80246697129939,0.0,0.0,0.0,0.0,Friendly
188.4,B0200,N001VE,SEARCH,A0200,59.50576823871742,-25.587220977924396,5128.796687705607,0.23568366525474935,16417.693947075782,Enemy
188.60000000000002,A0100,AN/APG-68(V)9,TRACK,B0200,72.39197817544775,0.0,0.0,0.0,0.0,Friendly
188.60000000000002,A0200,AN/APG-68(V)9,TRACK,B0200,59.90104828926807,0.0,0.0,0.0,0.0,Friendly
188.60000000000002,B0200,N001VE,SEARCH,A0200,59.50576823871742,-25.587220977924396,5128.796687705607,0.22543654937410718,16417.693947075782,Enemy
188.8,A0100,AN/APG-68(V)9,TRACK,B0200,72.48460138577757,0.0,0.0,0.0,0.0,Friendly
188.8,A0200,AN/APG-68(V)9,TRACK,B0200,59.99954791153291,0.0,0.0,0.0,0.0,Friendly
188.8,B0200,N001VE,SEARCH,A0200,59.99954791153291,-25.767803927894995,5065.137536573912,0.2600058771500716,16410.617069632353,Enemy
189.0,A0100,AN/APG-68(V)9,TRACK,B0200,72.57728196216388,0.0,0.0,0.0,0.0,Friendly
189.0,A0200,AN/APG-68(V)9,TRACK,B0200,60.09804834378115,0.0,0.0,0.0,0.0,Friendly
189.0,B0200,N001VE,SEARCH,A0200,59.99954791153291,-25.767803927894995,5065.137536573912,0.2500056511058386,16410.617069632353,Enemy
189.20000000000002,A0100,AN/APG-68(V)9,TRACK,B0200,72.6699530610706,0.0,0.0,0.0,0.0,Friendly
189.20000000000002,A0200,AN/APG-68(V)9,TRACK,B0200,60.19657640316501,0.0,0.0,0.0,0.0,Friendly
189.20000000000002,B0200,N001VE,SEARCH,A0200,59.99954791153291,-25.767803927894995,5065.137536573912,0.24000542506160422,16410.617069632353,Enemy
189.4,A0100,AN/APG-68(V)9,TRACK,B0200,72.7626272576553,0.0,0.0,0.0,0.0,Friendly
189.4,A0200,AN/APG-68(V)9,TRACK,B0200,60.29509278872455,0.0,0.0,0.0,0.0,Friendly
189.4,B0200,N001VE,SEARCH,None,0.0,0.0,0.0,0.0,0.0,Enemy
189.60000000000002,A0100,AN/APG-68(V)9,TRACK,B0200,72.85522397555015,0.0,0.0,0.0,0.0,Friendly
189.60000000000002,A0200,AN/APG-68(V)9,TRACK,B0200,60.393522561854354,0.0,0.0,0.0,0.0,Friendly
189.60000000000002,B0200,N001VE,SEARCH,None,0.0,0.0,0.0,0.0,0.0,Enemy
189.8,A0100,AN/APG-68(V)9,TRACK,B0200,72.94782253418985,0.0,0.0,0.0,0.0,Friendly
189.8,A0200,AN/APG-68(V)9,TRACK,B0200,60.49188366630311,0.0,0.0,0.0,0.0,Friendly
189.8,B0200,N001VE,SEARCH,None,0.0,0.0,0.0,0.0,0.0,Enemy
190.0,A0100,AN/APG-68(V)9,TRACK,B0200,73.04034110690269,0.0,0.0,0.0,0.0,Friendly
190.0,A0200,AN/APG-68(V)9,TRACK,B0200,60.590112124491526,0.0,0.0,0.0,0.0,Friendly
190.0,B0200,N001VE,SEARCH,None,0.0,0.0,0.0,0.0,0.0,Enemy
190.20000000000002,A0100,AN/APG-68(V)9,TRACK,B0200,73.13266269713954,0.0,0.0,0.0,0.0,Friendly
190.20000000000002,A0200,AN/APG-68(V)9,TRACK,B0200,60.68814527373601,0.0,0.0,0.0,0.0,Friendly
190.20000000000002,B0200,N001VE,SEARCH,None,0.0,0.0,0.0,0.0,0.0,Enemy
190.4,A0100,AN/APG-68(V)9,TRACK,B0200,73.22497456613864,0.0,0.0,0.0,0.0,Friendly
190.4,A0200,AN/APG-68(V)9,TRACK,B0200,60.786178851542275,0.0,0.0,0.0,0.0,Friendly
190.4,B0200,N001VE,SEARCH,None,0.0,0.0,0.0,0.0,0.0,Enemy
190.60000000000002,A0100,AN/APG-68(V)9,TRACK,B0200,73.31736007747432,0.0,0.0,0.0,0.0,Friendly
190.60000000000002,A0200,AN/APG-68(V)9,TRACK,B0200,60.88422309499442,0.0,0.0,0.0,0.0,Friendly
190.60000000000002,B0200,N001VE,SEARCH,None,0.0,0.0,0.0,0.0,0.0,Enemy
190.8,A0100,AN/APG-68(V)9,TRACK,B0200,73.40967863217746,0.0,0.0,0.0,0.0,Friendly
190.8,A0200,AN/APG-68(V)9,TRACK,B0200,60.9822129553312,0.0,0.0,0.0,0.0,Friendly
190.8,B0200,N001VE,SEARCH,A0200,60.9822129553312,-26.124158847705047,4947.4750155932,0.24723123158069396,16396.797515650447,Enemy
191.0,A0100,AN/APG-68(V)9,TRACK,B0200,73.50187990381752,0.0,0.0,0.0,0.0,Friendly
191.0,A0200,AN/APG-68(V)9,TRACK,B0200,61.08008745329366,0.0,0.0,0.0,0.0,Friendly
191.0,B0200,N001VE,SEARCH,A0200,60.9822129553312,-26.124158847705047,4947.4750155932,0.23772233805836007,16396.797515650447,Enemy
191.20000000000002,A0100,AN/APG-68(V)9,TRACK,B0200,73.59393102925168,0.0,0.0,0.0,0.0,Friendly
191.20000000000002,A0200,AN/APG-68(V)9,TRACK,B0200,61.177862487871536,0.0,0.0,0.0,0.0,Friendly
191.20000000000002,B0200,N001VE,SEARCH,A0200,60.9822129553312,-26.124158847705047,4947.4750155932,0.22821344453602488,16396.797515650447,Enemy
191.4,A0100,AN/APG-68(V)9,TRACK,B0200,73.68593277912137,0.0,0.0,0.0,0.0,Friendly
191.4,A0200,AN/APG-68(V)9,TRACK,B0200,61.27555554012188,0.0,0.0,0.0,0.0,Friendly
191.4,B0200,N001VE,SEARCH,A0200,60.9822129553312,-26.124158847705047,4947.4750155932,0.218704551013691,16396.797515650447,Enemy
191.60000000000002,A0100,AN/APG-68(V)9,TRACK,B0200,73.77795736624651,0.0,0.0,0.0,0.0,Friendly
191.60000000000002,A0200,AN/APG-68(V)9,TRACK,B0200,61.37324574981769,0.0,0.0,0.0,0.0,Friendly
191.60000000000002,B0200,N001VE,SEARCH,None,0.0,0.0,0.0,0.0,0.0,Enemy
191.8,A0100,AN/APG-68(V)9,TRACK,B0200,73.86994884906643,0.0,0.0,0.0,0.0,Friendly
191.8,A0200,AN/APG-68(V)9,TRACK,B0200,61.47089510977373,0.0,0.0,0.0,0.0,Friendly
191.8,B0200,N001VE,SEARCH,None,0.0,0.0,0.0,0.0,0.0,Enemy
192.0,A0100,AN/APG-68(V)9,TRACK,B0200,73.96187597111216,0.0,0.0,0.0,0.0,Friendly
192.0,A0200,AN/APG-68(V)9,TRACK,B0200,61.56842021624286,0.0,0.0,0.0,0.0,Friendly
192.0,B0200,N001VE,SEARCH,None,0.0,0.0,0.0,0.0,0.0,Enemy
192.20000000000002,A0100,AN/APG-68(V)9,TRACK,B0200,74.05375784578399,0.0,0.0,0.0,0.0,Friendly
192.20000000000002,A0200,AN/APG-68(V)9,TRACK,B0200,61.665906749976195,0.0,0.0,0.0,0.0,Friendly
192.20000000000002,B0200,N001VE,SEARCH,None,0.0,0.0,0.0,0.0,0.0,Enemy
192.4,A0100,AN/APG-68(V)9,TRACK,B0200,74.14565638419708,0.0,0.0,0.0,0.0,Friendly
192.4,A0200,AN/APG-68(V)9,TRACK,B0200,61.76338918125289,0.0,0.0,0.0,0.0,Friendly
192.4,B0200,N001VE,SEARCH,None,0.0,0.0,0.0,0.0,0.0,Enemy
192.60000000000002,A0100,AN/APG-68(V)9,TRACK,B0200,74.23754200400828,0.0,0.0,0.0,0.0,Friendly
192.60000000000002,A0200,AN/APG-68(V)9,TRACK,B0200,61.86080663408299,0.0,0.0,0.0,0.0,Friendly
192.60000000000002,B0200,N001VE,SEARCH,None,0.0,0.0,0.0,0.0,0.0,Enemy
192.8,A0100,AN/APG-68(V)9,TRACK,B0200,74.32935286108817,0.0,0.0,0.0,0.0,Friendly
192.8,A0200,AN/APG-68(V)9,TRACK,B0200,61.958138719206005,0.0,0.0,0.0,0.0,Friendly
192.8,B0200,N001VE,SEARCH,None,0.0,0.0,0.0,0.0,0.0,Enemy
193.0,A0100,AN/APG-68(V)9,TRACK,B0200,74.42110621323009,0.0,0.0,0.0,0.0,Friendly
193.0,A0200,AN/APG-68(V)9,TRACK,B0200,62.05540423689261,0.0,0.0,0.0,0.0,Friendly
193.0,B0200,N001VE,SEARCH,None,0.0,0.0,0.0,0.0,0.0,Enemy
193.20000000000002,A0100,AN/APG-68(V)9,TRACK,B0200,74.51285483449104,0.0,0.0,0.0,0.0,Friendly
193.20000000000002,A0200,AN/APG-68(V)9,TRACK,B0200,62.152664703482984,0.0,0.0,0.0,0.0,Friendly
193.20000000000002,B0200,N001VE,SEARCH,None,0.0,0.0,0.0,0.0,0.0,Enemy
193.4,A0100,AN/APG-68(V)9,TRACK,B0200,74.60463892878377,0.0,0.0,0.0,0.0,Friendly
193.4,A0200,AN/APG-68(V)9,TRACK,B0200,62.2498934308016,0.0,0.0,0.0,0.0,Friendly
193.4,B0200,N001VE,SEARCH,None,0.0,0.0,0.0,0.0,0.0,Enemy
193.60000000000002,A0100,AN/APG-68(V)9,TRACK,B0200,74.6964077770026,0.0,0.0,0.0,0.0,Friendly
193.60000000000002,A0200,AN/APG-68(V)9,TRACK,B0200,62.347084194526836,0.0,0.0,0.0,0.0,Friendly
193.60000000000002,B0200,N001VE,SEARCH,None,0.0,0.0,0.0,0.0,0.0,Enemy
193.8,A0100,AN/APG-68(V)9,TRACK,B0200,74.78820717747926,0.0,0.0,0.0,0.0,Friendly
193.8,A0200,AN/APG-68(V)9,TRACK,B0200,62.44429004857058,0.0,0.0,0.0,0.0,Friendly
193.8,B0200,N001VE,SEARCH,None,0.0,0.0,0.0,0.0,0.0,Enemy
194.0,A0100,AN/APG-68(V)9,TRACK,B0200,74.87992078317009,0.0,0.0,0.0,0.0,Friendly
194.0,A0200,AN/APG-68(V)9,TRACK,B0200,62.541421401016386,0.0,0.0,0.0,0.0,Friendly
194.0,B0200,N001VE,SEARCH,None,0.0,0.0,0.0,0.0,0.0,Enemy
194.20000000000002,A0100,AN/APG-68(V)9,TRACK,B0200,74.9715200022832,0.0,0.0,0.0,0.0,Friendly
194.20000000000002,A0200,AN/APG-68(V)9,TRACK,B0200,62.638491609361175,0.0,0.0,0.0,0.0,Friendly
194.20000000000002,B0200,N001VE,SEARCH,None,0.0,0.0,0.0,0.0,0.0,Enemy
194.4,A0100,AN/APG-68(V)9,TRACK,B0200,75.06306205737076,0.0,0.0,0.0,0.0,Friendly
194.4,A0200,AN/APG-68(V)9,TRACK,B0200,62.735599015749216,0.0,0.0,0.0,0.0,Friendly
194.4,B0200,N001VE,SEARCH,None,0.0,0.0,0.0,0.0,0.0,Enemy
194.60000000000002,A0100,AN/APG-68(V)9,TRACK,B0200,75.15457405869341,0.0,0.0,0.0,0.0,Friendly
194.60000000000002,A0200,AN/APG-68(V)9,TRACK,B0200,62.83270353255537,0.0,0.0,0.0,0.0,Friendly
194.60000000000002,B0200,N001VE,SEARCH,None,0.0,0.0,0.0,0.0,0.0,Enemy
194.8,A0100,AN/APG-68(V)9,TRACK,B0200,75.24604770667565,0.0,0.0,0.0,0.0,Friendly
194.8,A0200,AN/APG-68(V)9,TRACK,B0200,62.929822227857926,0.0,0.0,0.0,0.0,Friendly
194.8,B0200,N001VE,SEARCH,None,0.0,0.0,0.0,0.0,0.0,Enemy
195.0,A0100,AN/APG-68(V)9,TRACK,B0200,75.33740978836366,0.0,0.0,0.0,0.0,Friendly
195.0,A0200,AN/APG-68(V)9,TRACK,B0200,63.02683385401332,0.0,0.0,0.0,0.0,Friendly
195.0,B0200,N001VE,SEARCH,None,0.0,0.0,0.0,0.0,0.0,Enemy
195.20000000000002,A0100,AN/APG-68(V)9,TRACK,B0200,75.42865969943789,0.0,0.0,0.0,0.0,Friendly
195.20000000000002,A0200,AN/APG-68(V)9,TRACK,B0200,63.123657204321404,0.0,0.0,0.0,0.0,Friendly
195.20000000000002,B0200,N001VE,SEARCH,None,0.0,0.0,0.0,0.0,0.0,Enemy
195.4,A0100,AN/APG-68(V)9,TRACK,B0200,75.51978310677063,0.0,0.0,0.0,0.0,Friendly
195.4,A0200,AN/APG-68(V)9,TRACK,B0200,63.220372523279224,0.0,0.0,0.0,0.0,Friendly
195.4,B0200,N001VE,SEARCH,None,0.0,0.0,0.0,0.0,0.0,Enemy
195.60000000000002,A0100,AN/APG-68(V)9,TRACK,B0200,75.61080444251766,0.0,0.0,0.0,0.0,Friendly
195.60000000000002,A0200,AN/APG-68(V)9,TRACK,B0200,63.317052046907584,0.0,0.0,0.0,0.0,Friendly
195.60000000000002,B0200,N001VE,SEARCH,None,0.0,0.0,0.0,0.0,0.0,Enemy
195.8,A0100,AN/APG-68(V)9,TRACK,B0200,75.70181079938955,0.0,0.0,0.0,0.0,Friendly
195.8,A0200,AN/APG-68(V)9,TRACK,B0200,63.413686473885136,0.0,0.0,0.0,0.0,Friendly
195.8,B0200,N001VE,SEARCH,None,0.0,0.0,0.0,0.0,0.0,Enemy
196.0,A0100,AN/APG-68(V)9,TRACK,B0200,75.79270293037882,0.0,0.0,0.0,0.0,Friendly
196.0,A0200,AN/APG-68(V)9,TRACK,B0200,63.510271322943915,0.0,0.0,0.0,0.0,Friendly
196.0,B0200,N001VE,SEARCH,None,0.0,0.0,0.0,0.0,0.0,Enemy
196.20000000000002,A0100,AN/APG-68(V)9,TRACK,B0200,75.88354738438613,0.0,0.0,0.0,0.0,Friendly
196.20000000000002,A0200,AN/APG-68(V)9,TRACK,B0200,63.6068458579294,0.0,0.0,0.0,0.0,Friendly
196.20000000000002,B0200,N001VE,SEARCH,None,0.0,0.0,0.0,0.0,0.0,Enemy
196.4,A0100,AN/APG-68(V)9,TRACK,B0200,75.97438264048729,0.0,0.0,0.0,0.0,Friendly
196.4,A0200,AN/APG-68(V)9,TRACK,B0200,63.70338958830966,0.0,0.0,0.0,0.0,Friendly
196.4,B0200,N001VE,SEARCH,None,0.0,0.0,0.0,0.0,0.0,Enemy
196.60000000000002,A0100,AN/APG-68(V)9,TRACK,B0200,76.06522039280472,0.0,0.0,0.0,0.0,Friendly
196.60000000000002,A0200,AN/APG-68(V)9,TRACK,B0200,63.7999334728275,0.0,0.0,0.0,0.0,Friendly
196.60000000000002,B0200,N001VE,SEARCH,None,0.0,0.0,0.0,0.0,0.0,Enemy
196.8,A0100,AN/APG-68(V)9,TRACK,B0200,76.1560787892496,0.0,0.0,0.0,0.0,Friendly
196.8,A0200,AN/APG-68(V)9,TRACK,B0200,63.89642905612979,0.0,0.0,0.0,0.0,Friendly
196.8,B0200,N001VE,SEARCH,None,0.0,0.0,0.0,0.0,0.0,Enemy
197.0,A0100,AN/APG-68(V)9,TRACK,B0200,76.24690376870177,0.0,0.0,0.0,0.0,Friendly
197.0,A0200,AN/APG-68(V)9,TRACK,B0200,63.99281968507705,0.0,0.0,0.0,0.0,Friendly
197.0,B0200,N001VE,SEARCH,None,0.0,0.0,0.0,0.0,0.0,Enemy
197.20000000000002,A0100,AN/APG-68(V)9,TRACK,B0200,76.3376628623531,0.0,0.0,0.0,0.0,Friendly
197.20000000000002,A0200,AN/APG-68(V)9,TRACK,B0200,64.08922853940182,0.0,0.0,0.0,0.0,Friendly
197.20000000000002,B0200,N001VE,SEARCH,None,0.0,0.0,0.0,0.0,0.0,Enemy
197.4,A0100,AN/APG-68(V)9,TRACK,B0200,76.42847381656361,0.0,0.0,0.0,0.0,Friendly
197.4,A0200,AN/APG-68(V)9,TRACK,B0200,64.18567489828175,0.0,0.0,0.0,0.0,Friendly
197.4,B0200,N001VE,SEARCH,None,0.0,0.0,0.0,0.0,0.0,Enemy
197.60000000000002,A0100,AN/APG-68(V)9,TRACK,B0200,76.51928314347397,0.0,0.0,0.0,0.0,Friendly
197.60000000000002,A0200,AN/APG-68(V)9,TRACK,B0200,64.28196408547237,0.0,0.0,0.0,0.0,Friendly
197.60000000000002,B0200,N001VE,SEARCH,None,0.0,0.0,0.0,0.0,0.0,Enemy
197.8,A0100,AN/APG-68(V)9,TRACK,B0200,76.61002506227256,0.0,0.0,0.0,0.0,Friendly
197.8,A0200,AN/APG-68(V)9,TRACK,B0200,64.37822646389577,0.0,0.0,0.0,0.0,Friendly
197.8,B0200,N001VE,SEARCH,None,0.0,0.0,0.0,0.0,0.0,Enemy
198.0,A0100,AN/APG-68(V)9,TRACK,B0200,76.7007551351286,0.0,0.0,0.0,0.0,Friendly
198.0,A0200,AN/APG-68(V)9,TRACK,B0200,64.474538885022,0.0,0.0,0.0,0.0,Friendly
198.0,B0200,N001VE,SEARCH,None,0.0,0.0,0.0,0.0,0.0,Enemy
198.20000000000002,A0100,AN/APG-68(V)9,TRACK,B0200,76.79152749764387,0.0,0.0,0.0,0.0,Friendly
198.20000000000002,A0200,AN/APG-68(V)9,TRACK,B0200,64.57081384536373,0.0,0.0,0.0,0.0,Friendly
198.20000000000002,B0200,N001VE,SEARCH,None,0.0,0.0,0.0,0.0,0.0,Enemy
198.4,A0100,AN/APG-68(V)9,TRACK,B0200,76.8822652302326,0.0,0.0,0.0,0.0,Friendly
198.4,A0200,AN/APG-68(V)9,TRACK,B0200,64.66697376995427,0.0,0.0,0.0,0.0,Friendly
198.4,B0200,N001VE,SEARCH,None,0.0,0.0,0.0,0.0,0.0,Enemy
198.60000000000002,A0100,AN/APG-68(V)9,TRACK,B0200,76.97291593149697,0.0,0.0,0.0,0.0,Friendly
198.60000000000002,A0200,AN/APG-68(V)9,TRACK,B0200,64.76311610678717,0.0,0.0,0.0,0.0,Friendly
198.60000000000002,B0200,N001VE,SEARCH,None,0.0,0.0,0.0,0.0,0.0,Enemy
198.8,A0100,AN/APG-68(V)9,TRACK,B0200,77.06351754586541,0.0,0.0,0.0,0.0,Friendly
198.8,A0200,AN/APG-68(V)9,TRACK,B0200,64.85924770302441,0.0,0.0,0.0,0.0,Friendly
198.8,B0200,N001VE,SEARCH,None,0.0,0.0,0.0,0.0,0.0,Enemy
199.0,A0100,AN/APG-68(V)9,TRACK,B0200,77.15405348743111,0.0,0.0,0.0,0.0,Friendly
199.0,A0200,AN/APG-68(V)9,TRACK,B0200,64.95524618611844,0.0,0.0,0.0,0.0,Friendly
199.0,B0200,N001VE,SEARCH,None,0.0,0.0,0.0,0.0,0.0,Enemy
199.20000000000002,A0100,AN/APG-68(V)9,TRACK,B0200,77.24451702928819,0.0,0.0,0.0,0.0,Friendly
199.20000000000002,A0200,AN/APG-68(V)9,TRACK,B0200,65.0511857904294,0.0,0.0,0.0,0.0,Friendly
199.20000000000002,B0200,N001VE,SEARCH,None,0.0,0.0,0.0,0.0,0.0,Enemy
199.4,A0100,AN/APG-68(V)9,TRACK,B0200,77.33488202682153,0.0,0.0,0.0,0.0,Friendly
199.4,A0200,AN/APG-68(V)9,TRACK,B0200,65.14716826812261,0.0,0.0,0.0,0.0,Friendly
199.4,B0200,N001VE,SEARCH,None,0.0,0.0,0.0,0.0,0.0,Enemy
199.60000000000002,A0100,AN/APG-68(V)9,TRACK,B0200,77.42514879556911,0.0,0.0,0.0,0.0,Friendly
199.60000000000002,A0200,AN/APG-68(V)9,TRACK,B0200,65.24306906647399,0.0,0.0,0.0,0.0,Friendly
199.60000000000002,B0200,N001VE,SEARCH,None,0.0,0.0,0.0,0.0,0.0,Enemy
199.8,A0100,AN/APG-68(V)9,TRACK,B0200,77.5153765682526,0.0,0.0,0.0,0.0,Friendly
199.8,A0200,AN/APG-68(V)9,TRACK,B0200,65.33888581788109,0.0,0.0,0.0,0.0,Friendly
199.8,B0200,N001VE,SEARCH,None,0.0,0.0,0.0,0.0,0.0,Enemy
200.0,A0100,AN/APG-68(V)9,TRACK,B0200,77.60558649568087,0.0,0.0,0.0,0.0,Friendly
200.0,A0200,AN/APG-68(V)9,TRACK,B0200,65.43472056636449,0.0,0.0,0.0,0.0,Friendly
200.0,B0200,N001VE,SEARCH,None,0.0,0.0,0.0,0.0,0.0,Enemy
200.20000000000002,A0100,AN/APG-68(V)9,TRACK,B0200,77.69577376835747,0.0,0.0,0.0,0.0,Friendly
200.20000000000002,A0200,AN/APG-68(V)9,TRACK,B0200,65.53054933281356,0.0,0.0,0.0,0.0,Friendly
200.20000000000002,B0200,N001VE,SEARCH,None,0.0,0.0,0.0,0.0,0.0,Enemy
200.4,A0100,AN/APG-68(V)9,TRACK,B0200,77.78587712755241,0.0,0.0,0.0,0.0,Friendly
200.4,A0200,AN/APG-68(V)9,TRACK,B0200,65.62632987856412,0.0,0.0,0.0,0.0,Friendly
200.4,B0200,N001VE,SEARCH,None,0.0,0.0,0.0,0.0,0.0,Enemy
200.60000000000002,A0100,AN/APG-68(V)9,TRACK,B0200,77.8759272446084,0.0,0.0,0.0,0.0,Friendly
200.60000000000002,A0200,AN/APG-68(V)9,TRACK,B0200,65.72213552456229,0.0,0.0,0.0,0.0,Friendly
200.60000000000002,B0200,N001VE,SEARCH,None,0.0,0.0,0.0,0.0,0.0,Enemy
200.8,A0100,AN/APG-68(V)9,TRACK,B0200,77.96606924122308,0.0,0.0,0.0,0.0,Friendly
200.8,A0200,AN/APG-68(V)9,TRACK,B0200,65.81798539561787,0.0,0.0,0.0,0.0,Friendly
200.8,B0200,N001VE,SEARCH,None,0.0,0.0,0.0,0.0,0.0,Enemy
201.0,A0100,AN/APG-68(V)9,TRACK,B0200,78.05621578285509,0.0,0.0,0.0,0.0,Friendly
201.0,A0200,AN/APG-68(V)9,TRACK,B0200,65.91387970468564,0.0,0.0,0.0,0.0,Friendly
201.0,B0200,N001VE,SEARCH,None,0.0,0.0,0.0,0.0,0.0,Enemy
201.20000000000002,A0100,AN/APG-68(V)9,TRACK,B0200,78.14623527071272,0.0,0.0,0.0,0.0,Friendly
201.20000000000002,A0200,AN/APG-68(V)9,TRACK,B0200,66.00971366735502,0.0,0.0,0.0,0.0,Friendly
201.20000000000002,B0200,N001VE,SEARCH,None,0.0,0.0,0.0,0.0,0.0,Enemy
201.4,A0100,AN/APG-68(V)9,TRACK,B0200,78.23623143995854,0.0,0.0,0.0,0.0,Friendly
201.4,A0200,AN/APG-68(V)9,TRACK,B0200,66.10544644584016,0.0,0.0,0.0,0.0,Friendly
201.4,B0200,N001VE,SEARCH,None,0.0,0.0,0.0,0.0,0.0,Enemy
201.60000000000002,A0100,AN/APG-68(V)9,TRACK,B0200,78.32617384355484,0.0,0.0,0.0,0.0,Friendly
201.60000000000002,A0200,AN/APG-68(V)9,TRACK,B0200,66.20112740830929,0.0,0.0,0.0,0.0,Friendly
201.60000000000002,B0200,N001VE,SEARCH,None,0.0,0.0,0.0,0.0,0.0,Enemy
201.8,A0100,AN/APG-68(V)9,TRACK,B0200,78.4161540913866,0.0,0.0,0.0,0.0,Friendly
201.8,A0200,AN/APG-68(V)9,TRACK,B0200,66.2968399538087,0.0,0.0,0.0,0.0,Friendly
201.8,B0200,N001VE,SEARCH,None,0.0,0.0,0.0,0.0,0.0,Enemy
202.0,A0100,AN/APG-68(V)9,TRACK,B0200,78.50613800697461,0.0,0.0,0.0,0.0,Friendly
202.0,A0200,AN/APG-68(V)9,TRACK,B0200,66.39256466310613,0.0,0.0,0.0,0.0,Friendly
202.0,B0200,N001VE,SEARCH,None,0.0,0.0,0.0,0.0,0.0,Enemy
202.20000000000002,A0100,AN/APG-68(V)9,TRACK,B0200,78.59601488482197,0.0,0.0,0.0,0.0,Friendly
202.20000000000002,A0200,AN/APG-68(V)9,TRACK,B0200,66.48826479307654,0.0,0.0,0.0,0.0,Friendly
202.20000000000002,B0200,N001VE,SEARCH,None,0.0,0.0,0.0,0.0,0.0,Enemy
202.4,A0100,AN/APG-68(V)9,TRACK,B0200,78.68571929280685,0.0,0.0,0.0,0.0,Friendly
202.4,A0200,AN/APG-68(V)9,TRACK,B0200,66.58387750579182,0.0,0.0,0.0,0.0,Friendly
202.4,B0200,N001VE,SEARCH,None,0.0,0.0,0.0,0.0,0.0,Enemy
202.60000000000002,A0100,AN/APG-68(V)9,TRACK,B0200,78.77542913996267,0.0,0.0,0.0,0.0,Friendly
202.60000000000002,A0200,AN/APG-68(V)9,TRACK,B0200,66.67947863086741,0.0,0.0,0.0,0.0,Friendly
202.60000000000002,B0200,N001VE,SEARCH,None,0.0,0.0,0.0,0.0,0.0,Enemy
202.8,A0100,AN/APG-68(V)9,TRACK,B0200,78.86514108293052,0.0,0.0,0.0,0.0,Friendly
202.8,A0200,AN/APG-68(V)9,TRACK,B0200,66.77509791712448,0.0,0.0,0.0,0.0,Friendly
202.8,B0200,N001VE,SEARCH,None,0.0,0.0,0.0,0.0,0.0,Enemy
203.0,A0100,AN/APG-68(V)9,TRACK,B0200,78.95475543141951,0.0,0.0,0.0,0.0,Friendly
203.0,A0200,AN/APG-68(V)9,TRACK,B0200,66.8707613884317,0.0,0.0,0.0,0.0,Friendly
203.0,B0200,N001VE,SEARCH,None,0.0,0.0,0.0,0.0,0.0,Enemy
203.20000000000002,A0100,AN/APG-68(V)9,TRACK,B0200,79.044306782777,0.0,0.0,0.0,0.0,Friendly
203.20000000000002,A0200,AN/APG-68(V)9,TRACK,B0200,66.96635103454798,0.0,0.0,0.0,0.0,Friendly
203.20000000000002,B0200,N001VE,SEARCH,None,0.0,0.0,0.0,0.0,0.0,Enemy
203.4,A0100,AN/APG-68(V)9,TRACK,B0200,79.1338980744034,0.0,0.0,0.0,0.0,Friendly
203.4,A0200,AN/APG-68(V)9,TRACK,B0200,67.06180182274169,0.0,0.0,0.0,0.0,Friendly
203.4,B0200,N001VE,SEARCH,None,0.0,0.0,0.0,0.0,0.0,Enemy
203.60000000000002,A0100,AN/APG-68(V)9,TRACK,B0200,79.22345429161673,0.0,0.0,0.0,0.0,Friendly
203.60000000000002,A0200,AN/APG-68(V)9,TRACK,B0200,67.15721627511505,0.0,0.0,0.0,0.0,Friendly
203.60000000000002,B0200,N001VE,SEARCH,None,0.0,0.0,0.0,0.0,0.0,Enemy
203.8,A0100,AN/APG-68(V)9,TRACK,B0200,79.31289746136623,0.0,0.0,0.0,0.0,Friendly
203.8,A0200,AN/APG-68(V)9,TRACK,B0200,67.25272797606178,0.0,0.0,0.0,0.0,Friendly
203.8,B0200,N001VE,SEARCH,None,0.0,0.0,0.0,0.0,0.0,Enemy
204.0,A0100,AN/APG-68(V)9,TRACK,B0200,79.40224207883594,0.0,0.0,0.0,0.0,Friendly
204.0,A0200,AN/APG-68(V)9,TRACK,B0200,67.34824753530869,0.0,0.0,0.0,0.0,Friendly
204.0,B0200,N001VE,SEARCH,None,0.0,0.0,0.0,0.0,0.0,Enemy
204.20000000000002,A0100,AN/APG-68(V)9,TRACK,B0200,79.49155753785436,0.0,0.0,0.0,0.0,Friendly
204.20000000000002,A0200,AN/APG-68(V)9,TRACK,B0200,67.44369088268535,0.0,0.0,0.0,0.0,Friendly
204.20000000000002,B0200,N001VE,SEARCH,None,0.0,0.0,0.0,0.0,0.0,Enemy
204.4,A0100,AN/APG-68(V)9,TRACK,B0200,79.58085502498434,0.0,0.0,0.0,0.0,Friendly
204.4,A0200,AN/APG-68(V)9,TRACK,B0200,67.53910489609336,0.0,0.0,0.0,0.0,Friendly
204.4,B0200,N001VE,SEARCH,None,0.0,0.0,0.0,0.0,0.0,Enemy
204.60000000000002,A0100,AN/APG-68(V)9,TRACK,B0200,79.67022536665446,0.0,0.0,0.0,0.0,Friendly
204.60000000000002,A0200,AN/APG-68(V)9,TRACK,B0200,67.63452187620219,0.0,0.0,0.0,0.0,Friendly
204.60000000000002,B0200,N001VE,SEARCH,None,0.0,0.0,0.0,0.0,0.0,Enemy
204.8,A0100,AN/APG-68(V)9,TRACK,B0200,79.75959667372491,0.0,0.0,0.0,0.0,Friendly
204.8,A0200,AN/APG-68(V)9,TRACK,B0200,67.7299103945247,0.0,0.0,0.0,0.0,Friendly
204.8,B0200,N001VE,SEARCH,None,0.0,0.0,0.0,0.0,0.0,Enemy
205.0,A0100,AN/APG-68(V)9,TRACK,B0200,79.84890918119886,0.0,0.0,0.0,0.0,Friendly
205.0,A0200,AN/APG-68(V)9,TRACK,B0200,67.82526720707435,0.0,0.0,0.0,0.0,Friendly
205.0,B0200,N001VE,SEARCH,None,0.0,0.0,0.0,0.0,0.0,Enemy
205.20000000000002,A0100,AN/APG-68(V)9,TRACK,B0200,79.93818702863082,0.0,0.0,0.0,0.0,Friendly
205.20000000000002,A0200,AN/APG-68(V)9,TRACK,B0200,67.92056605481164,0.0,0.0,0.0,0.0,Friendly
205.20000000000002,B0200,N001VE,SEARCH,None,0.0,0.0,0.0,0.0,0.0,Enemy
205.4,A0100,AN/APG-68(V)9,TRACK,B0200,80.02745574121037,0.0,0.0,0.0,0.0,Friendly
205.4,A0200,AN/APG-68(V)9,TRACK,B0200,68.01577375855108,0.0,0.0,0.0,0.0,Friendly
205.4,B0200,N001VE,SEARCH,None,0.0,0.0,0.0,0.0,0.0,Enemy
205.60000000000002,A0100,AN/APG-68(V)9,TRACK,B0200,80.11670306493356,0.0,0.0,0.0,0.0,Friendly
205.60000000000002,A0200,AN/APG-68(V)9,TRACK,B0200,68.11093708491482,0.0,0.0,0.0,0.0,Friendly
205.60000000000002,B0200,N001VE,SEARCH,None,0.0,0.0,0.0,0.0,0.0,Enemy
205.8,A0100,AN/APG-68(V)9,TRACK,B0200,80.20592507331887,0.0,0.0,0.0,0.0,Friendly
205.8,A0200,AN/APG-68(V)9,TRACK,B0200,68.20611807472217,0.0,0.0,0.0,0.0,Friendly
205.8,B0200,N001VE,SEARCH,None,0.0,0.0,0.0,0.0,0.0,Enemy
206.0,A0100,AN/APG-68(V)9,TRACK,B0200,80.29522472752795,0.0,0.0,0.0,0.0,Friendly
206.0,A0200,AN/APG-68(V)9,TRACK,B0200,68.30133070550514,0.0,0.0,0.0,0.0,Friendly
206.0,B0200,N001VE,SEARCH,None,0.0,0.0,0.0,0.0,0.0,Enemy
206.20000000000002,A0100,AN/APG-68(V)9,TRACK,B0200,80.38455211816883,0.0,0.0,0.0,0.0,Friendly
206.20000000000002,A0200,AN/APG-68(V)9,TRACK,B0200,68.39654725059847,0.0,0.0,0.0,0.0,Friendly
206.20000000000002,B0200,N001VE,SEARCH,None,0.0,0.0,0.0,0.0,0.0,Enemy
206.4,A0100,AN/APG-68(V)9,TRACK,B0200,80.47379357894447,0.0,0.0,0.0,0.0,Friendly
206.4,A0200,AN/APG-68(V)9,TRACK,B0200,68.49173045179928,0.0,0.0,0.0,0.0,Friendly
206.4,B0200,N001VE,SEARCH,None,0.0,0.0,0.0,0.0,0.0,Enemy
206.60000000000002,A0100,AN/APG-68(V)9,TRACK,B0200,80.56295268625298,0.0,0.0,0.0,0.0,Friendly
206.60000000000002,A0200,AN/APG-68(V)9,TRACK,B0200,68.58687058036195,0.0,0.0,0.0,0.0,Friendly
206.60000000000002,B0200,N001VE,SEARCH,None,0.0,0.0,0.0,0.0,0.0,Enemy
206.8,A0100,AN/APG-68(V)9,TRACK,B0200,80.6521786052505,0.0,0.0,0.0,0.0,Friendly
206.8,A0200,AN/APG-68(V)9,TRACK,B0200,68.68208349180964,0.0,0.0,0.0,0.0,Friendly
206.8,B0200,N001VE,SEARCH,None,0.0,0.0,0.0,0.0,0.0,Enemy
207.0,A0100,AN/APG-68(V)9,TRACK,B0200,80.74145911941449,0.0,0.0,0.0,0.0,Friendly
207.0,A0200,AN/APG-68(V)9,TRACK,B0200,68.77732352083976,0.0,0.0,0.0,0.0,Friendly
207.0,B0200,N001VE,SEARCH,None,0.0,0.0,0.0,0.0,0.0,Enemy
207.20000000000002,A0100,AN/APG-68(V)9,TRACK,B0200,80.83068475109138,0.0,0.0,0.0,0.0,Friendly
207.20000000000002,A0200,AN/APG-68(V)9,TRACK,B0200,68.87244157247146,0.0,0.0,0.0,0.0,Friendly
207.20000000000002,B0200,N001VE,SEARCH,None,0.0,0.0,0.0,0.0,0.0,Enemy
207.4,A0100,AN/APG-68(V)9,TRACK,B0200,80.91992688661124,0.0,0.0,0.0,0.0,Friendly
207.4,A0200,AN/APG-68(V)9,TRACK,B0200,68.96751875454127,0.0,0.0,0.0,0.0,Friendly
207.4,B0200,N001VE,SEARCH,None,0.0,0.0,0.0,0.0,0.0,Enemy
207.60000000000002,A0100,AN/APG-68(V)9,SEARCH,B0200,81.00916054794608,0.0,0.0,0.0,0.0,Friendly
207.60000000000002,A0200,AN/APG-68(V)9,TRACK,B0200,69.06258478924686,0.0,0.0,0.0,0.0,Friendly
207.60000000000002,B0200,N001VE,SEARCH,None,0.0,0.0,0.0,0.0,0.0,Enemy
207.8,A0100,AN/APG-68(V)9,SEARCH,B0200,81.09834565106786,0.0,0.0,0.0,0.0,Friendly
207.8,A0200,AN/APG-68(V)9,TRACK,B0200,69.15756375484749,0.0,0.0,0.0,0.0,Friendly
207.8,B0200,N001VE,SEARCH,None,0.0,0.0,0.0,0.0,0.0,Enemy
208.0,A0100,AN/APG-68(V)9,SEARCH,B0200,81.18757404663168,0.0,0.0,0.0,0.0,Friendly
208.0,A0200,AN/APG-68(V)9,TRACK,B0200,69.2525777799601,0.0,0.0,0.0,0.0,Friendly
208.0,B0200,N001VE,SEARCH,None,0.0,0.0,0.0,0.0,0.0,Enemy
208.20000000000002,A0100,AN/APG-68(V)9,SEARCH,B0200,81.27684516668154,0.0,0.0,0.0,0.0,Friendly
208.20000000000002,A0200,AN/APG-68(V)9,TRACK,B0200,69.34766529832342,0.0,0.0,0.0,0.0,Friendly
208.20000000000002,B0200,N001VE,SEARCH,None,0.0,0.0,0.0,0.0,0.0,Enemy
208.4,A0100,AN/APG-68(V)9,SEARCH,B0200,81.3660369109026,0.0,0.0,0.0,0.0,Friendly
208.4,A0200,AN/APG-68(V)9,TRACK,B0200,69.4426696847677,0.0,0.0,0.0,0.0,Friendly
208.4,B0200,N001VE,SEARCH,None,0.0,0.0,0.0,0.0,0.0,Enemy
208.60000000000002,A0100,AN/APG-68(V)9,SEARCH,B0200,81.45519124745762,0.0,0.0,0.0,0.0,Friendly
208.60000000000002,A0200,AN/APG-68(V)9,TRACK,B0200,69.53758534588387,0.0,0.0,0.0,0.0,Friendly
208.60000000000002,B0200,N001VE,SEARCH,None,0.0,0.0,0.0,0.0,0.0,Enemy
208.8,A0100,AN/APG-68(V)9,SEARCH,B0200,81.54445138032932,0.0,0.0,0.0,0.0,Friendly
208.8,A0200,AN/APG-68(V)9,TRACK,B0200,69.63256826777217,0.0,0.0,0.0,0.0,Friendly
208.8,B0200,N001VE,SEARCH,None,0.0,0.0,0.0,0.0,0.0,Enemy
209.0,A0100,AN/APG-68(V)9,SEARCH,B0200,81.63372033966863,0.0,0.0,0.0,0.0,Friendly
209.0,A0200,AN/APG-68(V)9,TRACK,B0200,69.72756997870847,0.0,0.0,0.0,0.0,Friendly
209.0,B0200,N001VE,SEARCH,None,0.0,0.0,0.0,0.0,0.0,Enemy
209.20000000000002,A0100,AN/APG-68(V)9,SEARCH,B0200,81.72290663275076,0.0,0.0,0.0,0.0,Friendly
209.20000000000002,A0200,AN/APG-68(V)9,TRACK,B0200,69.82243783920312,0.0,0.0,0.0,0.0,Friendly
209.20000000000002,B0200,N001VE,SEARCH,None,0.0,0.0,0.0,0.0,0.0,Enemy
209.4,A0100,AN/APG-68(V)9,SEARCH,B0200,81.81207886356556,0.0,0.0,0.0,0.0,Friendly
209.4,A0200,AN/APG-68(V)9,TRACK,B0200,69.91721557497841,0.0,0.0,0.0,0.0,Friendly
209.4,B0200,N001VE,SEARCH,None,0.0,0.0,0.0,0.0,0.0,Enemy
209.60000000000002,A0100,AN/APG-68(V)9,SEARCH,B0200,81.9012876031328,0.0,0.0,0.0,0.0,Friendly
209.60000000000002,A0200,AN/APG-68(V)9,TRACK,B0200,70.01200301970884,0.0,0.0,0.0,0.0,Friendly
209.60000000000002,B0200,N001VE,SEARCH,None,0.0,0.0,0.0,0.0,0.0,Enemy
209.8,A0100,AN/APG-68(V)9,SEARCH,B0200,81.99046923477181,0.0,0.0,0.0,0.0,Friendly
209.8,A0200,AN/APG-68(V)9,TRACK,B0200,70.10677943567151,0.0,0.0,0.0,0.0,Friendly
209.8,B0200,N001VE,SEARCH,None,0.0,0.0,0.0,0.0,0.0,Enemy
210.0,A0100,AN/APG-68(V)9,SEARCH,B0200,82.07960502769387,0.0,0.0,0.0,0.0,Friendly
210.0,A0200,AN/APG-68(V)9,TRACK,B0200,70.2015545876727,0.0,0.0,0.0,0.0,Friendly
210.0,B0200,N001VE,SEARCH,None,0.0,0.0,0.0,0.0,0.0,Enemy
210.20000000000002,A0100,AN/APG-68(V)9,SEARCH,B0200,82.16863692969508,0.0,0.0,0.0,0.0,Friendly
210.20000000000002,A0200,AN/APG-68(V)9,TRACK,B0200,70.29627059739734,0.0,0.0,0.0,0.0,Friendly
210.20000000000002,B0200,N001VE,SEARCH,None,0.0,0.0,0.0,0.0,0.0,Enemy
210.4,A0100,AN/APG-68(V)9,SEARCH,B0200,82.25766338303204,0.0,0.0,0.0,0.0,Friendly
210.4,A0200,AN/APG-68(V)9,TRACK,B0200,70.39096667615077,0.0,0.0,0.0,0.0,Friendly
210.4,B0200,N001VE,SEARCH,None,0.0,0.0,0.0,0.0,0.0,Enemy
210.60000000000002,A0100,AN/APG-68(V)9,SEARCH,B0200,82.34671986461811,0.0,0.0,0.0,0.0,Friendly
210.60000000000002,A0200,AN/APG-68(V)9,TRACK,B0200,70.48555104156176,0.0,0.0,0.0,0.0,Friendly
210.60000000000002,B0200,N001VE,SEARCH,None,0.0,0.0,0.0,0.0,0.0,Enemy
210.8,A0100,AN/APG-68(V)9,SEARCH,B0200,82.43566684197674,0.0,0.0,0.0,0.0,Friendly
210.8,A0200,AN/APG-68(V)9,TRACK,B0200,70.57993283893182,0.0,0.0,0.0,0.0,Friendly
210.8,B0200,N001VE,SEARCH,None,0.0,0.0,0.0,0.0,0.0,Enemy
211.0,A0100,AN/APG-68(V)9,SEARCH,B0200,82.52463169452699,0.0,0.0,0.0,0.0,Friendly
211.0,A0200,AN/APG-68(V)9,TRACK,B0200,70.67428886512823,0.0,0.0,0.0,0.0,Friendly
211.0,B0200,N001VE,SEARCH,None,0.0,0.0,0.0,0.0,0.0,Enemy
211.20000000000002,A0100,AN/APG-68(V)9,SEARCH,B0200,82.61359727517575,0.0,0.0,0.0,0.0,Friendly
211.20000000000002,A0200,AN/APG-68(V)9,TRACK,B0200,70.76870401917712,0.0,0.0,0.0,0.0,Friendly
211.20000000000002,B0200,N001VE,SEARCH,None,0.0,0.0,0.0,0.0,0.0,Enemy
211.4,A0100,AN/APG-68(V)9,SEARCH,B0200,82.70252275682647,0.0,0.0,0.0,0.0,Friendly
211.4,A0200,AN/APG-68(V)9,TRACK,B0200,70.86310050355713,0.0,0.0,0.0,0.0,Friendly
211.4,B0200,N001VE,SEARCH,None,0.0,0.0,0.0,0.0,0.0,Enemy
211.60000000000002,A0100,AN/APG-68(V)9,SEARCH,B0200,82.79135941580779,0.0,0.0,0.0,0.0,Friendly
211.60000000000002,A0200,AN/APG-68(V)9,TRACK,B0200,70.95749328105099,0.0,0.0,0.0,0.0,Friendly
211.60000000000002,B0200,N001VE,SEARCH,None,0.0,0.0,0.0,0.0,0.0,Enemy
211.8,A0100,AN/APG-68(V)9,SEARCH,B0200,82.8801701067169,0.0,0.0,0.0,0.0,Friendly
211.8,A0200,AN/APG-68(V)9,TRACK,B0200,71.05180191680965,0.0,0.0,0.0,0.0,Friendly
211.8,B0200,N001VE,SEARCH,None,0.0,0.0,0.0,0.0,0.0,Enemy
212.0,A0100,AN/APG-68(V)9,SEARCH,B0200,82.96896497025665,0.0,0.0,0.0,0.0,Friendly
212.0,A0200,AN/APG-68(V)9,TRACK,B0200,71.14606789045756,0.0,0.0,0.0,0.0,Friendly
212.0,B0200,N001VE,SEARCH,None,0.0,0.0,0.0,0.0,0.0,Enemy
212.20000000000002,A0100,AN/APG-68(V)9,SEARCH,B0200,83.05775498115375,0.0,0.0,0.0,0.0,Friendly
212.20000000000002,A0200,AN/APG-68(V)9,TRACK,B0200,71.24039185756043,0.0,0.0,0.0,0.0,Friendly
212.20000000000002,B0200,N001VE,SEARCH,None,0.0,0.0,0.0,0.0,0.0,Enemy
212.4,A0100,AN/APG-68(V)9,SEARCH,B0200,83.14660931854046,0.0,0.0,0.0,0.0,Friendly
212.4,A0200,AN/APG-68(V)9,TRACK,B0200,71.33474711607376,0.0,0.0,0.0,0.0,Friendly
212.4,B0200,N001VE,SEARCH,None,0.0,0.0,0.0,0.0,0.0,Enemy
212.60000000000002,A0100,AN/APG-68(V)9,SEARCH,B0200,83.23551459411321,0.0,0.0,0.0,0.0,Friendly
212.60000000000002,A0200,AN/APG-68(V)9,TRACK,B0200,71.42908279319015,0.0,0.0,0.0,0.0,Friendly
212.60000000000002,B0200,N001VE,SEARCH,None,0.0,0.0,0.0,0.0,0.0,Enemy
212.8,A0100,AN/APG-68(V)9,SEARCH,B0200,83.3243249949568,0.0,0.0,0.0,0.0,Friendly
212.8,A0200,AN/APG-68(V)9,TRACK,B0200,71.52332080861255,0.0,0.0,0.0,0.0,Friendly
212.8,B0200,N001VE,SEARCH,None,0.0,0.0,0.0,0.0,0.0,Enemy
213.0,A0100,AN/APG-68(V)9,SEARCH,B0200,83.41303871603718,0.0,0.0,0.0,0.0,Friendly
213.0,A0200,AN/APG-68(V)9,TRACK,B0200,71.61752322382816,0.0,0.0,0.0,0.0,Friendly
213.0,B0200,N001VE,SEARCH,None,0.0,0.0,0.0,0.0,0.0,Enemy
213.20000000000002,A0100,AN/APG-68(V)9,SEARCH,B0200,83.50173091504892,0.0,0.0,0.0,0.0,Friendly
213.20000000000002,A0200,AN/APG-68(V)9,TRACK,B0200,71.71179325859349,0.0,0.0,0.0,0.0,Friendly
213.20000000000002,B0200,N001VE,SEARCH,None,0.0,0.0,0.0,0.0,0.0,Enemy
213.4,A0100,AN/APG-68(V)9,SEARCH,B0200,83.59048428061578,0.0,0.0,0.0,0.0,Friendly
213.4,A0200,AN/APG-68(V)9,TRACK,B0200,71.80610581930091,0.0,0.0,0.0,0.0,Friendly
213.4,B0200,N001VE,SEARCH,None,0.0,0.0,0.0,0.0,0.0,Enemy
213.60000000000002,A0100,AN/APG-68(V)9,SEARCH,B0200,83.67920246497954,0.0,0.0,0.0,0.0,Friendly
213.60000000000002,A0200,AN/APG-68(V)9,TRACK,B0200,71.90028883726949,0.0,0.0,0.0,0.0,Friendly
213.60000000000002,B0200,N001VE,SEARCH,None,0.0,0.0,0.0,0.0,0.0,Enemy
213.8,A0100,AN/APG-68(V)9,SEARCH,B0200,83.76779707652823,0.0,0.0,0.0,0.0,Friendly
213.8,A0200,AN/APG-68(V)9,TRACK,B0200,71.99437958346235,0.0,0.0,0.0,0.0,Friendly
213.8,B0200,N001VE,SEARCH,None,0.0,0.0,0.0,0.0,0.0,Enemy
214.0,A0100,AN/APG-68(V)9,SEARCH,B0200,83.85643002592481,0.0,0.0,0.0,0.0,Friendly
214.0,A0200,AN/APG-68(V)9,TRACK,B0200,72.08849119862779,0.0,0.0,0.0,0.0,Friendly
214.0,B0200,N001VE,SEARCH,None,0.0,0.0,0.0,0.0,0.0,Enemy
214.20000000000002,A0100,AN/APG-68(V)9,SEARCH,B0200,83.94505294045086,0.0,0.0,0.0,0.0,Friendly
214.20000000000002,A0200,AN/APG-68(V)9,TRACK,B0200,72.18259307954403,0.0,0.0,0.0,0.0,Friendly
214.20000000000002,B0200,N001VE,SEARCH,None,0.0,0.0,0.0,0.0,0.0,Enemy
214.4,A0100,AN/APG-68(V)9,SEARCH,B0200,84.03362188141722,0.0,0.0,0.0,0.0,Friendly
214.4,A0200,AN/APG-68(V)9,TRACK,B0200,72.27652384349079,0.0,0.0,0.0,0.0,Friendly
214.4,B0200,N001VE,SEARCH,None,0.0,0.0,0.0,0.0,0.0,Enemy
214.60000000000002,A0100,AN/APG-68(V)9,SEARCH,B0200,84.12211249531221,0.0,0.0,0.0,0.0,Friendly
214.60000000000002,A0200,AN/APG-68(V)9,TRACK,B0200,72.37036892412672,0.0,0.0,0.0,0.0,Friendly
214.60000000000002,B0200,N001VE,SEARCH,None,0.0,0.0,0.0,0.0,0.0,Enemy
214.8,A0100,AN/APG-68(V)9,SEARCH,B0200,84.2105133495696,0.0,0.0,0.0,0.0,Friendly
214.8,A0200,AN/APG-68(V)9,TRACK,B0200,72.4642123248441,0.0,0.0,0.0,0.0,Friendly
214.8,B0200,N001VE,SEARCH,None,0.0,0.0,0.0,0.0,0.0,Enemy
215.0,A0100,AN/APG-68(V)9,SEARCH,B0200,84.29879442887223,0.0,0.0,0.0,0.0,Friendly
215.0,A0200,AN/APG-68(V)9,TRACK,B0200,72.55801977160553,0.0,0.0,0.0,0.0,Friendly
215.0,B0200,N001VE,SEARCH,None,0.0,0.0,0.0,0.0,0.0,Enemy
215.20000000000002,A0100,AN/APG-68(V)9,SEARCH,B0200,84.38707554675823,0.0,0.0,0.0,0.0,Friendly
215.20000000000002,A0200,AN/APG-68(V)9,TRACK,B0200,72.65181725286163,0.0,0.0,0.0,0.0,Friendly
215.20000000000002,B0200,N001VE,SEARCH,None,0.0,0.0,0.0,0.0,0.0,Enemy
215.4,A0100,AN/APG-68(V)9,SEARCH,B0200,84.47531485458856,0.0,0.0,0.0,0.0,Friendly
215.4,A0200,AN/APG-68(V)9,TRACK,B0200,72.74549882654367,0.0,0.0,0.0,0.0,Friendly
215.4,B0200,N001VE,SEARCH,None,0.0,0.0,0.0,0.0,0.0,Enemy
215.60000000000002,A0100,AN/APG-68(V)9,SEARCH,B0200,84.56341293147402,0.0,0.0,0.0,0.0,Friendly
215.60000000000002,A0200,AN/APG-68(V)9,TRACK,B0200,72.83906394351216,0.0,0.0,0.0,0.0,Friendly
215.60000000000002,B0200,N001VE,SEARCH,None,0.0,0.0,0.0,0.0,0.0,Enemy
215.8,A0100,AN/APG-68(V)9,SEARCH,B0200,84.65152443183325,0.0,0.0,0.0,0.0,Friendly
215.8,A0200,AN/APG-68(V)9,TRACK,B0200,72.93257732421287,0.0,0.0,0.0,0.0,Friendly
215.8,B0200,N001VE,SEARCH,None,0.0,0.0,0.0,0.0,0.0,Enemy
216.0,A0100,AN/APG-68(V)9,SEARCH,B0200,84.73965646443045,0.0,0.0,0.0,0.0,Friendly
216.0,A0200,AN/APG-68(V)9,TRACK,B0200,73.02606477013352,0.0,0.0,0.0,0.0,Friendly
216.0,B0200,N001VE,SEARCH,None,0.0,0.0,0.0,0.0,0.0,Enemy
216.20000000000002,A0100,AN/APG-68(V)9,SEARCH,B0200,84.82774702792685,0.0,0.0,0.0,0.0,Friendly
216.20000000000002,A0200,AN/APG-68(V)9,TRACK,B0200,73.11950274569661,0.0,0.0,0.0,0.0,Friendly
216.20000000000002,B0200,N001VE,SEARCH,None,0.0,0.0,0.0,0.0,0.0,Enemy
216.4,A0100,AN/APG-68(V)9,SEARCH,B0200,84.91574762436663,0.0,0.0,0.0,0.0,Friendly
216.4,A0200,AN/APG-68(V)9,TRACK,B0200,73.21288455258723,0.0,0.0,0.0,0.0,Friendly
216.4,B0200,N001VE,SEARCH,None,0.0,0.0,0.0,0.0,0.0,Enemy
216.60000000000002,A0100,AN/APG-68(V)9,SEARCH,B0200,85.00364432078239,0.0,0.0,0.0,0.0,Friendly
216.60000000000002,A0200,AN/APG-68(V)9,TRACK,B0200,73.3062747481465,0.0,0.0,0.0,0.0,Friendly
216.60000000000002,B0200,N001VE,SEARCH,None,0.0,0.0,0.0,0.0,0.0,Enemy
216.8,A0100,AN/APG-68(V)9,SEARCH,B0200,85.09142724860729,0.0,0.0,0.0,0.0,Friendly
216.8,A0200,AN/APG-68(V)9,TRACK,B0200,73.3996700029736,0.0,0.0,0.0,0.0,Friendly
216.8,B0200,N001VE,SEARCH,None,0.0,0.0,0.0,0.0,0.0,Enemy
217.0,A0100,AN/APG-68(V)9,SEARCH,B0200,85.17922318374302,0.0,0.0,0.0,0.0,Friendly
217.0,A0200,AN/APG-68(V)9,TRACK,B0200,73.49307897971966,0.0,0.0,0.0,0.0,Friendly
217.0,B0200,N001VE,SEARCH,None,0.0,0.0,0.0,0.0,0.0,Enemy
217.20000000000002,A0100,AN/APG-68(V)9,SEARCH,B0200,85.26707490718277,0.0,0.0,0.0,0.0,Friendly
217.20000000000002,A0200,AN/APG-68(V)9,TRACK,B0200,73.58644704583834,0.0,0.0,0.0,0.0,Friendly
217.20000000000002,B0200,N001VE,SEARCH,None,0.0,0.0,0.0,0.0,0.0,Enemy
217.4,A0100,AN/APG-68(V)9,SEARCH,B0200,85.35483096071793,0.0,0.0,0.0,0.0,Friendly
217.4,A0200,AN/APG-68(V)9,TRACK,B0200,73.6797089807206,0.0,0.0,0.0,0.0,Friendly
217.4,B0200,N001VE,SEARCH,None,0.0,0.0,0.0,0.0,0.0,Enemy
217.60000000000002,A0100,AN/APG-68(V)9,SEARCH,B0200,85.44258440801967,0.0,0.0,0.0,0.0,Friendly
217.60000000000002,A0200,AN/APG-68(V)9,TRACK,B0200,73.7730062305816,0.0,0.0,0.0,0.0,Friendly
217.60000000000002,B0200,N001VE,SEARCH,None,0.0,0.0,0.0,0.0,0.0,Enemy
217.8,A0100,AN/APG-68(V)9,SEARCH,B0200,85.53035225073904,0.0,0.0,0.0,0.0,Friendly
217.8,A0200,AN/APG-68(V)9,TRACK,B0200,73.86632840644542,0.0,0.0,0.0,0.0,Friendly
217.8,B0200,N001VE,SEARCH,None,0.0,0.0,0.0,0.0,0.0,Enemy
218.0,A0100,AN/APG-68(V)9,SEARCH,B0200,85.61814548892929,0.0,0.0,0.0,0.0,Friendly
218.0,A0200,AN/APG-68(V)9,TRACK,B0200,73.95961731560544,0.0,0.0,0.0,0.0,Friendly
218.0,B0200,N001VE,SEARCH,None,0.0,0.0,0.0,0.0,0.0,Enemy
218.20000000000002,A0100,AN/APG-68(V)9,SEARCH,B0200,85.70592196282232,0.0,0.0,0.0,0.0,Friendly
218.20000000000002,A0200,AN/APG-68(V)9,TRACK,B0200,74.05290433593318,0.0,0.0,0.0,0.0,Friendly
218.20000000000002,B0200,N001VE,SEARCH,None,0.0,0.0,0.0,0.0,0.0,Enemy
218.4,A0100,AN/APG-68(V)9,SEARCH,B0200,85.79367035926904,0.0,0.0,0.0,0.0,Friendly
218.4,A0200,AN/APG-68(V)9,TRACK,B0200,74.1462801128263,0.0,0.0,0.0,0.0,Friendly
218.4,B0200,N001VE,SEARCH,None,0.0,0.0,0.0,0.0,0.0,Enemy
218.60000000000002,A0100,AN/APG-68(V)9,SEARCH,B0200,85.88142013749966,0.0,0.0,0.0,0.0,Friendly
218.60000000000002,A0200,AN/APG-68(V)9,TRACK,B0200,74.23966634672664,0.0,0.0,0.0,0.0,Friendly
218.60000000000002,B0200,N001VE,SEARCH,None,0.0,0.0,0.0,0.0,0.0,Enemy
218.8,A0100,AN/APG-68(V)9,SEARCH,B0200,85.96917529320665,0.0,0.0,0.0,0.0,Friendly
218.8,A0200,AN/APG-68(V)9,TRACK,B0200,74.33294409521056,0.0,0.0,0.0,0.0,Friendly
218.8,B0200,N001VE,SEARCH,None,0.0,0.0,0.0,0.0,0.0,Enemy
219.0,A0100,AN/APG-68(V)9,SEARCH,B0200,86.05694695679104,0.0,0.0,0.0,0.0,Friendly
219.0,A0200,AN/APG-68(V)9,TRACK,B0200,74.42618757481095,0.0,0.0,0.0,0.0,Friendly
219.0,B0200,N001VE,SEARCH,None,0.0,0.0,0.0,0.0,0.0,Enemy
219.20000000000002,A0100,AN/APG-68(V)9,SEARCH,B0200,86.14471326565798,0.0,0.0,0.0,0.0,Friendly
219.20000000000002,A0200,AN/APG-68(V)9,TRACK,B0200,74.51944061870954,0.0,0.0,0.0,0.0,Friendly
219.20000000000002,B0200,N001VE,SEARCH,None,0.0,0.0,0.0,0.0,0.0,Enemy
219.4,A0100,AN/APG-68(V)9,SEARCH,B0200,86.23238556634053,0.0,0.0,0.0,0.0,Friendly
219.4,A0200,AN/APG-68(V)9,TRACK,B0200,74.61263774365354,0.0,0.0,0.0,0.0,Friendly
219.4,B0200,N001VE,SEARCH,None,0.0,0.0,0.0,0.0,0.0,Enemy
219.60000000000002,A0100,AN/APG-68(V)9,SEARCH,B0200,86.31997480119148,0.0,0.0,0.0,0.0,Friendly
219.60000000000002,A0200,AN/APG-68(V)9,TRACK,B0200,74.70575361561123,0.0,0.0,0.0,0.0,Friendly
219.60000000000002,B0200,N001VE,SEARCH,None,0.0,0.0,0.0,0.0,0.0,Enemy
219.8,A0100,AN/APG-68(V)9,SEARCH,B0200,86.40752652979481,0.0,0.0,0.0,0.0,Friendly
219.8,A0200,AN/APG-68(V)9,TRACK,B0200,74.79884856489578,0.0,0.0,0.0,0.0,Friendly
219.8,B0200,N001VE,SEARCH,None,0.0,0.0,0.0,0.0,0.0,Enemy
220.0,A0100,AN/APG-68(V)9,SEARCH,B0200,86.49505040630967,0.0,0.0,0.0,0.0,Friendly
220.0,A0200,AN/APG-68(V)9,TRACK,B0200,74.89198460545137,0.0,0.0,0.0,0.0,Friendly
220.0,B0200,N001VE,SEARCH,None,0.0,0.0,0.0,0.0,0.0,Enemy
220.20000000000002,A0100,AN/APG-68(V)9,SEARCH,B0200,86.58256597762013,0.0,0.0,0.0,0.0,Friendly
220.20000000000002,A0200,AN/APG-68(V)9,TRACK,B0200,74.98507284842469,0.0,0.0,0.0,0.0,Friendly
220.20000000000002,B0200,N001VE,SEARCH,None,0.0,0.0,0.0,0.0,0.0,Enemy
220.4,A0100,AN/APG-68(V)9,SEARCH,B0200,86.67010492626186,0.0,0.0,0.0,0.0,Friendly
220.4,A0200,AN/APG-68(V)9,TRACK,B0200,75.07810474889551,0.0,0.0,0.0,0.0,Friendly
220.4,B0200,N001VE,SEARCH,None,0.0,0.0,0.0,0.0,0.0,Enemy
220.60000000000002,A0100,AN/APG-68(V)9,SEARCH,B0200,86.75765801317597,0.0,0.0,0.0,0.0,Friendly
220.60000000000002,A0200,AN/APG-68(V)9,TRACK,B0200,75.17116122943993,0.0,0.0,0.0,0.0,Friendly
220.60000000000002,B0200,N001VE,SEARCH,None,0.0,0.0,0.0,0.0,0.0,Enemy
220.8,A0100,AN/APG-68(V)9,SEARCH,B0200,86.8451548846197,0.0,0.0,0.0,0.0,Friendly
220.8,A0200,AN/APG-68(V)9,TRACK,B0200,75.26421672042744,0.0,0.0,0.0,0.0,Friendly
220.8,B0200,N001VE,SEARCH,None,0.0,0.0,0.0,0.0,0.0,Enemy
221.0,A0100,AN/APG-68(V)9,SEARCH,B0200,86.9326099231003,0.0,0.0,0.0,0.0,Friendly
221.0,A0200,AN/APG-68(V)9,TRACK,B0200,75.35724433731689,0.0,0.0,0.0,0.0,Friendly
221.0,B0200,N001VE,SEARCH,None,0.0,0.0,0.0,0.0,0.0,Enemy
221.20000000000002,A0100,AN/APG-68(V)9,SEARCH,B0200,87.02017874669322,0.0,0.0,0.0,0.0,Friendly
221.20000000000002,A0200,AN/APG-68(V)9,TRACK,B0200,75.4503313228566,0.0,0.0,0.0,0.0,Friendly
221.20000000000002,B0200,N001VE,SEARCH,None,0.0,0.0,0.0,0.0,0.0,Enemy
221.4,A0100,AN/APG-68(V)9,SEARCH,B0200,87.10777416958007,0.0,0.0,0.0,0.0,Friendly
221.4,A0200,AN/APG-68(V)9,TRACK,B0200,75.54340477993898,0.0,0.0,0.0,0.0,Friendly
221.4,B0200,N001VE,SEARCH,None,0.0,0.0,0.0,0.0,0.0,Enemy
221.60000000000002,A0100,AN/APG-68(V)9,SEARCH,B0200,87.19523591216362,0.0,0.0,0.0,0.0,Friendly
221.60000000000002,A0200,AN/APG-68(V)9,TRACK,B0200,75.63637358730783,0.0,0.0,0.0,0.0,Friendly
221.60000000000002,B0200,N001VE,SEARCH,None,0.0,0.0,0.0,0.0,0.0,Enemy
221.8,A0100,AN/APG-68(V)9,SEARCH,B0200,87.282702989766,0.0,0.0,0.0,0.0,Friendly
221.8,A0200,AN/APG-68(V)9,TRACK,B0200,75.72938618910327,0.0,0.0,0.0,0.0,Friendly
221.8,B0200,N001VE,SEARCH,None,0.0,0.0,0.0,0.0,0.0,Enemy
222.0,A0100,AN/APG-68(V)9,SEARCH,B0200,87.37025341619692,0.0,0.0,0.0,0.0,Friendly
222.0,A0200,AN/APG-68(V)9,TRACK,B0200,75.82242663732217,0.0,0.0,0.0,0.0,Friendly
222.0,B0200,N001VE,SEARCH,None,0.0,0.0,0.0,0.0,0.0,Enemy
222.20000000000002,A0100,AN/APG-68(V)9,SEARCH,B0200,87.45776650074407,0.0,0.0,0.0,0.0,Friendly
222.20000000000002,A0200,AN/APG-68(V)9,TRACK,B0200,75.9153764886425,0.0,0.0,0.0,0.0,Friendly
222.20000000000002,B0200,N001VE,SEARCH,None,0.0,0.0,0.0,0.0,0.0,Enemy
222.4,A0100,AN/APG-68(V)9,SEARCH,B0200,87.54530392182829,0.0,0.0,0.0,0.0,Friendly
222.4,A0200,AN/APG-68(V)9,TRACK,B0200,76.00826792476582,0.0,0.0,0.0,0.0,Friendly
222.4,B0200,N001VE,SEARCH,None,0.0,0.0,0.0,0.0,0.0,Enemy
222.60000000000002,A0100,AN/APG-68(V)9,SEARCH,B0200,87.63283774713076,0.0,0.0,0.0,0.0,Friendly
222.60000000000002,A0200,AN/APG-68(V)9,TRACK,B0200,76.1011676057999,0.0,0.0,0.0,0.0,Friendly
222.60000000000002,B0200,N001VE,SEARCH,None,0.0,0.0,0.0,0.0,0.0,Enemy
222.8,A0100,AN/APG-68(V)9,SEARCH,B0200,87.7203180384014,0.0,0.0,0.0,0.0,Friendly
222.8,A0200,AN/APG-68(V)9,TRACK,B0200,76.19404934555753,0.0,0.0,0.0,0.0,Friendly
222.8,B0200,N001VE,SEARCH,None,0.0,0.0,0.0,0.0,0.0,Enemy
223.0,A0100,AN/APG-68(V)9,SEARCH,B0200,87.80771585569309,0.0,0.0,0.0,0.0,Friendly
223.0,A0200,AN/APG-68(V)9,TRACK,B0200,76.28682324588381,0.0,0.0,0.0,0.0,Friendly
223.0,B0200,N001VE,SEARCH,None,0.0,0.0,0.0,0.0,0.0,Enemy
223.20000000000002,A0100,AN/APG-68(V)9,SEARCH,B0200,87.8951307033641,0.0,0.0,0.0,0.0,Friendly
223.20000000000002,A0200,AN/APG-68(V)9,TRACK,B0200,76.37953783771684,0.0,0.0,0.0,0.0,Friendly
223.20000000000002,B0200,N001VE,SEARCH,None,0.0,0.0,0.0,0.0,0.0,Enemy
223.4,A0100,AN/APG-68(V)9,SEARCH,B0200,87.98254094768411,0.0,0.0,0.0,0.0,Friendly
223.4,A0200,AN/APG-68(V)9,TRACK,B0200,76.47226542800568,0.0,0.0,0.0,0.0,Friendly
223.4,B0200,N001VE,SEARCH,None,0.0,0.0,0.0,0.0,0.0,Enemy
223.60000000000002,A0100,AN/APG-68(V)9,SEARCH,B0200,88.06990573443694,0.0,0.0,0.0,0.0,Friendly
223.60000000000002,A0200,AN/APG-68(V)9,TRACK,B0200,76.56499006779528,0.0,0.0,0.0,0.0,Friendly
223.60000000000002,B0200,N001VE,SEARCH,None,0.0,0.0,0.0,0.0,0.0,Enemy
223.8,A0100,AN/APG-68(V)9,SEARCH,B0200,88.15734263014483,0.0,0.0,0.0,0.0,Friendly
223.8,A0200,AN/APG-68(V)9,TRACK,B0200,76.65769642328301,0.0,0.0,0.0,0.0,Friendly
223.8,B0200,N001VE,SEARCH,None,0.0,0.0,0.0,0.0,0.0,Enemy
224.0,A0100,AN/APG-68(V)9,SEARCH,B0200,88.2447488235642,0.0,0.0,0.0,0.0,Friendly
224.0,A0200,AN/APG-68(V)9,TRACK,B0200,76.75032357586184,0.0,0.0,0.0,0.0,Friendly
224.0,B0200,N001VE,SEARCH,None,0.0,0.0,0.0,0.0,0.0,Enemy
224.20000000000002,A0100,AN/APG-68(V)9,SEARCH,B0200,88.33211533993122,0.0,0.0,0.0,0.0,Friendly
224.20000000000002,A0200,AN/APG-68(V)9,TRACK,B0200,76.84290792697443,0.0,0.0,0.0,0.0,Friendly
224.20000000000002,B0200,N001VE,SEARCH,None,0.0,0.0,0.0,0.0,0.0,Enemy
224.4,A0100,AN/APG-68(V)9,SEARCH,B0200,88.41946515374991,0.0,0.0,0.0,0.0,Friendly
224.4,A0200,AN/APG-68(V)9,TRACK,B0200,76.93543934266397,0.0,0.0,0.0,0.0,Friendly
224.4,B0200,N001VE,SEARCH,None,0.0,0.0,0.0,0.0,0.0,Enemy
224.60000000000002,A0100,AN/APG-68(V)9,SEARCH,B0200,88.5067945911389,0.0,0.0,0.0,0.0,Friendly
224.60000000000002,A0200,AN/APG-68(V)9,TRACK,B0200,77.02783878137097,0.0,0.0,0.0,0.0,Friendly
224.60000000000002,B0200,N001VE,SEARCH,None,0.0,0.0,0.0,0.0,0.0,Enemy
224.8,A0100,AN/APG-68(V)9,SEARCH,B0200,88.59401348827072,0.0,0.0,0.0,0.0,Friendly
224.8,A0200,AN/APG-68(V)9,TRACK,B0200,77.12008439452397,0.0,0.0,0.0,0.0,Friendly
224.8,B0200,N001VE,SEARCH,None,0.0,0.0,0.0,0.0,0.0,Enemy
225.0,A0100,AN/APG-68(V)9,SEARCH,B0200,88.68114126130195,0.0,0.0,0.0,0.0,Friendly
225.0,A0200,AN/APG-68(V)9,TRACK,B0200,77.21219901610931,0.0,0.0,0.0,0.0,Friendly
225.0,B0200,N001VE,SEARCH,None,0.0,0.0,0.0,0.0,0.0,Enemy
225.20000000000002,A0100,AN/APG-68(V)9,SEARCH,B0200,88.76832414250687,0.0,0.0,0.0,0.0,Friendly
225.20000000000002,A0200,AN/APG-68(V)9,TRACK,B0200,77.30428573871008,0.0,0.0,0.0,0.0,Friendly
225.20000000000002,B0200,N001VE,SEARCH,None,0.0,0.0,0.0,0.0,0.0,Enemy
225.4,A0100,AN/APG-68(V)9,SEARCH,B0200,88.85559346177297,0.0,0.0,0.0,0.0,Friendly
225.4,A0200,AN/APG-68(V)9,TRACK,B0200,77.39642429586931,0.0,0.0,0.0,0.0,Friendly
225.4,B0200,N001VE,SEARCH,None,0.0,0.0,0.0,0.0,0.0,Enemy
225.60000000000002,A0100,AN/APG-68(V)9,SEARCH,B0200,88.94277085554536,0.0,0.0,0.0,0.0,Friendly
225.60000000000002,A0200,AN/APG-68(V)9,TRACK,B0200,77.48855047030847,0.0,0.0,0.0,0.0,Friendly
225.60000000000002,B0200,N001VE,SEARCH,None,0.0,0.0,0.0,0.0,0.0,Enemy
225.8,A0100,AN/APG-68(V)9,SEARCH,B0200,89.02980015442374,0.0,0.0,0.0,0.0,Friendly
225.8,A0200,AN/APG-68(V)9,TRACK,B0200,77.58065357118562,0.0,0.0,0.0,0.0,Friendly
225.8,B0200,N001VE,SEARCH,None,0.0,0.0,0.0,0.0,0.0,Enemy
226.0,A0100,AN/APG-68(V)9,SEARCH,B0200,89.11674541837878,0.0,0.0,0.0,0.0,Friendly
226.0,A0200,AN/APG-68(V)9,TRACK,B0200,77.67273962691335,0.0,0.0,0.0,0.0,Friendly
226.0,B0200,N001VE,SEARCH,None,0.0,0.0,0.0,0.0,0.0,Enemy
226.20000000000002,A0100,AN/APG-68(V)9,SEARCH,B0200,89.20368718120172,0.0,0.0,0.0,0.0,Friendly
226.20000000000002,A0200,AN/APG-68(V)9,TRACK,B0200,77.7647578389338,0.0,0.0,0.0,0.0,Friendly
226.20000000000002,B0200,N001VE,SEARCH,None,0.0,0.0,0.0,0.0,0.0,Enemy
226.4,A0100,AN/APG-68(V)9,SEARCH,B0200,89.29066942528576,0.0,0.0,0.0,0.0,Friendly
226.4,A0200,AN/APG-68(V)9,TRACK,B0200,77.85667724825875,0.0,0.0,0.0,0.0,Friendly
226.4,B0200,N001VE,SEARCH,None,0.0,0.0,0.0,0.0,0.0,Enemy
226.60000000000002,A0100,AN/APG-68(V)9,SEARCH,B0200,89.37762182862456,0.0,0.0,0.0,0.0,Friendly
226.60000000000002,A0200,AN/APG-68(V)9,TRACK,B0200,77.94846916295518,0.0,0.0,0.0,0.0,Friendly
226.60000000000002,B0200,N001VE,SEARCH,None,0.0,0.0,0.0,0.0,0.0,Enemy
226.8,A0100,AN/APG-68(V)9,SEARCH,B0200,89.46451005337536,0.0,0.0,0.0,0.0,Friendly
226.8,A0200,AN/APG-68(V)9,TRACK,B0200,78.0403110800794,0.0,0.0,0.0,0.0,Friendly
226.8,B0200,N001VE,SEARCH,None,0.0,0.0,0.0,0.0,0.0,Enemy
227.0,A0100,AN/APG-68(V)9,SEARCH,B0200,89.5513967249469,0.0,0.0,0.0,0.0,Friendly
227.0,A0200,AN/APG-68(V)9,TRACK,B0200,78.13221838985146,0.0,0.0,0.0,0.0,Friendly
227.0,B0200,N001VE,SEARCH,None,0.0,0.0,0.0,0.0,0.0,Enemy
227.20000000000002,A0100,AN/APG-68(V)9,SEARCH,B0200,89.63827801658684,0.0,0.0,0.0,0.0,Friendly
227.20000000000002,A0200,AN/APG-68(V)9,TRACK,B0200,78.22409507945002,0.0,0.0,0.0,0.0,Friendly
227.20000000000002,B0200,N001VE,SEARCH,None,0.0,0.0,0.0,0.0,0.0,Enemy
227.4,A0100,AN/APG-68(V)9,SEARCH,B0200,89.72518708151716,0.0,0.0,0.0,0.0,Friendly
227.4,A0200,AN/APG-68(V)9,TRACK,B0200,78.31594517914642,0.0,0.0,0.0,0.0,Friendly
227.4,B0200,N001VE,SEARCH,None,0.0,0.0,0.0,0.0,0.0,Enemy
227.60000000000002,A0100,AN/APG-68(V)9,SEARCH,B0200,89.81204602795317,0.0,0.0,0.0,0.0,Friendly
227.60000000000002,A0200,AN/APG-68(V)9,TRACK,B0200,78.40774037111491,0.0,0.0,0.0,0.0,Friendly
227.60000000000002,B0200,N001VE,SEARCH,None,0.0,0.0,0.0,0.0,0.0,Enemy
227.8,A0100,AN/APG-68(V)9,SEARCH,B0200,89.89897337672278,0.0,0.0,0.0,0.0,Friendly
227.8,A0200,AN/APG-68(V)9,TRACK,B0200,78.49955339432006,0.0,0.0,0.0,0.0,Friendly
227.8,B0200,N001VE,SEARCH,None,0.0,0.0,0.0,0.0,0.0,Enemy
228.0,A0100,AN/APG-68(V)9,SEARCH,B0200,89.98596162206273,0.0,0.0,0.0,0.0,Friendly
228.0,A0200,AN/APG-68(V)9,TRACK,B0200,78.59138335888906,0.0,0.0,0.0,0.0,Friendly
228.0,B0200,N001VE,SEARCH,None,0.0,0.0,0.0,0.0,0.0,Enemy
228.20000000000002,A0100,AN/APG-68(V)9,SEARCH,B0200,90.07282087819546,0.0,0.0,0.0,0.0,Friendly
228.20000000000002,A0200,AN/APG-68(V)9,TRACK,B0200,78.68307260328127,0.0,0.0,0.0,0.0,Friendly
228.20000000000002,B0200,N001VE,SEARCH,None,0.0,0.0,0.0,0.0,0.0,Enemy
228.4,A0100,AN/APG-68(V)9,SEARCH,B0200,90.15951735237378,0.0,0.0,0.0,0.0,Friendly
228.4,A0200,AN/APG-68(V)9,TRACK,B0200,78.77457400723014,0.0,0.0,0.0,0.0,Friendly
228.4,B0200,N001VE,SEARCH,None,0.0,0.0,0.0,0.0,0.0,Enemy
228.60000000000002,A0100,AN/APG-68(V)9,SEARCH,B0200,90.24627292439462,0.0,0.0,0.0,0.0,Friendly
228.60000000000002,A0200,AN/APG-68(V)9,TRACK,B0200,78.86606673766681,0.0,0.0,0.0,0.0,Friendly
228.60000000000002,B0200,N001VE,SEARCH,None,0.0,0.0,0.0,0.0,0.0,Enemy
228.8,A0100,AN/APG-68(V)9,SEARCH,B0200,90.33312310067984,0.0,0.0,0.0,0.0,Friendly
228.8,A0200,AN/APG-68(V)9,TRACK,B0200,78.95766913603008,0.0,0.0,0.0,0.0,Friendly
228.8,B0200,N001VE,SEARCH,None,0.0,0.0,0.0,0.0,0.0,Enemy
229.0,A0100,AN/APG-68(V)9,SEARCH,B0200,90.41989631299545,0.0,0.0,0.0,0.0,Friendly
229.0,A0200,AN/APG-68(V)9,TRACK,B0200,79.04934522501202,0.0,0.0,0.0,0.0,Friendly
229.0,B0200,N001VE,SEARCH,None,0.0,0.0,0.0,0.0,0.0,Enemy
229.20000000000002,A0100,AN/APG-68(V)9,SEARCH,B0200,90.50662449256073,0.0,0.0,0.0,0.0,Friendly
229.20000000000002,A0200,AN/APG-68(V)9,TRACK,B0200,79.14104815113639,0.0,0.0,0.0,0.0,Friendly
229.20000000000002,B0200,N001VE,SEARCH,None,0.0,0.0,0.0,0.0,0.0,Enemy
229.4,A0100,AN/APG-68(V)9,SEARCH,B0200,90.59326325092454,0.0,0.0,0.0,0.0,Friendly
229.4,A0200,AN/APG-68(V)9,TRACK,B0200,79.23272506931089,0.0,0.0,0.0,0.0,Friendly
229.4,B0200,N001VE,SEARCH,None,0.0,0.0,0.0,0.0,0.0,Enemy
229.60000000000002,A0100,AN/APG-68(V)9,SEARCH,B0200,90.67993826420235,0.0,0.0,0.0,0.0,Friendly
229.60000000000002,A0200,AN/APG-68(V)9,TRACK,B0200,79.32442532955199,0.0,0.0,0.0,0.0,Friendly
229.60000000000002,B0200,N001VE,SEARCH,None,0.0,0.0,0.0,0.0,0.0,Enemy
229.8,A0100,AN/APG-68(V)9,SEARCH,B0200,90.766662664288,0.0,0.0,0.0,0.0,Friendly
229.8,A0200,AN/APG-68(V)9,TRACK,B0200,79.41608760919488,0.0,0.0,0.0,0.0,Friendly
229.8,B0200,N001VE,SEARCH,None,0.0,0.0,0.0,0.0,0.0,Enemy
230.0,A0100,AN/APG-68(V)9,SEARCH,B0200,90.8533460353523,0.0,0.0,0.0,0.0,Friendly
230.0,A0200,AN/APG-68(V)9,TRACK,B0200,79.50765651736228,0.0,0.0,0.0,0.0,Friendly
230.0,B0200,N001VE,SEARCH,None,0.0,0.0,0.0,0.0,0.0,Enemy
230.20000000000002,A0100,AN/APG-68(V)9,SEARCH,B0200,90.93994110760734,0.0,0.0,0.0,0.0,Friendly
230.20000000000002,A0200,AN/APG-68(V)9,TRACK,B0200,79.59915865024517,0.0,0.0,0.0,0.0,Friendly
230.20000000000002,B0200,N001VE,SEARCH,None,0.0,0.0,0.0,0.0,0.0,Enemy
230.4,A0100,AN/APG-68(V)9,SEARCH,B0200,91.02652946255522,0.0,0.0,0.0,0.0,Friendly
230.4,A0200,AN/APG-68(V)9,TRACK,B0200,79.69066612373906,0.0,0.0,0.0,0.0,Friendly
230.4,B0200,N001VE,SEARCH,None,0.0,0.0,0.0,0.0,0.0,Enemy
230.60000000000002,A0100,AN/APG-68(V)9,SEARCH,B0200,91.11312600608377,0.0,0.0,0.0,0.0,Friendly
230.60000000000002,A0200,AN/APG-68(V)9,TRACK,B0200,79.78216577530075,0.0,0.0,0.0,0.0,Friendly
230.60000000000002,B0200,N001VE,SEARCH,None,0.0,0.0,0.0,0.0,0.0,Enemy
230.8,A0100,AN/APG-68(V)9,SEARCH,B0200,91.19967920691808,0.0,0.0,0.0,0.0,Friendly
230.8,A0200,AN/APG-68(V)9,TRACK,B0200,79.87360107080396,0.0,0.0,0.0,0.0,Friendly
230.8,B0200,N001VE,SEARCH,None,0.0,0.0,0.0,0.0,0.0,Enemy
231.0,A0100,AN/APG-68(V)9,SEARCH,B0200,91.28626370093589,0.0,0.0,0.0,0.0,Friendly
231.0,A0200,AN/APG-68(V)9,TRACK,B0200,79.965041043542,0.0,0.0,0.0,0.0,Friendly
231.0,B0200,N001VE,SEARCH,None,0.0,0.0,0.0,0.0,0.0,Enemy
231.20000000000002,A0100,AN/APG-68(V)9,SEARCH,B0200,91.37287578357422,0.0,0.0,0.0,0.0,Friendly
231.20000000000002,A0200,AN/APG-68(V)9,TRACK,B0200,80.05656222307844,0.0,0.0,0.0,0.0,Friendly
231.20000000000002,B0200,N001VE,SEARCH,None,0.0,0.0,0.0,0.0,0.0,Enemy
231.4,A0100,AN/APG-68(V)9,SEARCH,B0200,91.45936693036239,0.0,0.0,0.0,0.0,Friendly
231.4,A0200,AN/APG-68(V)9,TRACK,B0200,80.14804991825643,0.0,0.0,0.0,0.0,Friendly
231.4,B0200,N001VE,SEARCH,None,0.0,0.0,0.0,0.0,0.0,Enemy
231.60000000000002,A0100,AN/APG-68(V)9,SEARCH,B0200,91.54572427991867,0.0,0.0,0.0,0.0,Friendly
231.60000000000002,A0200,AN/APG-68(V)9,TRACK,B0200,80.2394083611311,0.0,0.0,0.0,0.0,Friendly
231.60000000000002,B0200,N001VE,SEARCH,None,0.0,0.0,0.0,0.0,0.0,Enemy
231.8,A0100,AN/APG-68(V)9,SEARCH,B0200,91.63202844255554,0.0,0.0,0.0,0.0,Friendly
231.8,A0200,AN/APG-68(V)9,TRACK,B0200,80.33069029476258,0.0,0.0,0.0,0.0,Friendly
231.8,B0200,N001VE,SEARCH,None,0.0,0.0,0.0,0.0,0.0,Enemy
232.0,A0100,AN/APG-68(V)9,SEARCH,B0200,91.71837265076401,0.0,0.0,0.0,0.0,Friendly
232.0,A0200,AN/APG-68(V)9,TRACK,B0200,80.4220383372809,0.0,0.0,0.0,0.0,Friendly
232.0,B0200,N001VE,SEARCH,None,0.0,0.0,0.0,0.0,0.0,Enemy
232.20000000000002,A0100,AN/APG-68(V)9,SEARCH,B0200,91.80466935382474,0.0,0.0,0.0,0.0,Friendly
232.20000000000002,A0200,AN/APG-68(V)9,TRACK,B0200,80.51341546215517,0.0,0.0,0.0,0.0,Friendly
232.20000000000002,B0200,N001VE,SEARCH,None,0.0,0.0,0.0,0.0,0.0,Enemy
232.4,A0100,AN/APG-68(V)9,SEARCH,B0200,91.8908700188362,0.0,0.0,0.0,0.0,Friendly
232.4,A0200,AN/APG-68(V)9,TRACK,B0200,80.60465621026972,0.0,0.0,0.0,0.0,Friendly
232.4,B0200,N001VE,SEARCH,None,0.0,0.0,0.0,0.0,0.0,Enemy
232.60000000000002,A0100,AN/APG-68(V)9,SEARCH,B0200,91.97708252891844,0.0,0.0,0.0,0.0,Friendly
232.60000000000002,A0200,AN/APG-68(V)9,TRACK,B0200,80.69591032552746,0.0,0.0,0.0,0.0,Friendly
232.60000000000002,B0200,N001VE,SEARCH,None,0.0,0.0,0.0,0.0,0.0,Enemy
232.8,A0100,AN/APG-68(V)9,SEARCH,B0200,92.06339231564824,0.0,0.0,0.0,0.0,Friendly
232.8,A0200,AN/APG-68(V)9,TRACK,B0200,80.7872175000294,0.0,0.0,0.0,0.0,Friendly
232.8,B0200,N001VE,SEARCH,None,0.0,0.0,0.0,0.0,0.0,Enemy
233.0,A0100,AN/APG-68(V)9,SEARCH,B0200,92.14968176005816,0.0,0.0,0.0,0.0,Friendly
233.0,A0200,AN/APG-68(V)9,TRACK,B0200,80.87849603542762,0.0,0.0,0.0,0.0,Friendly
233.0,B0200,N001VE,SEARCH,None,0.0,0.0,0.0,0.0,0.0,Enemy
233.20000000000002,A0100,AN/APG-68(V)9,SEARCH,B0200,92.2358311361898,0.0,0.0,0.0,0.0,Friendly
233.20000000000002,A0200,AN/APG-68(V)9,TRACK,B0200,80.96981749153615,0.0,0.0,0.0,0.0,Friendly
233.20000000000002,B0200,N001VE,SEARCH,None,0.0,0.0,0.0,0.0,0.0,Enemy
233.4,A0100,AN/APG-68(V)9,SEARCH,B0200,92.32190185763771,0.0,0.0,0.0,0.0,Friendly
233.4,A0200,AN/APG-68(V)9,SEARCH,B0200,81.06119816155734,0.0,0.0,0.0,0.0,Friendly
233.4,B0200,N001VE,SEARCH,None,0.0,0.0,0.0,0.0,0.0,Enemy
233.60000000000002,A0100,AN/APG-68(V)9,SEARCH,B0200,92.40803456341887,0.0,0.0,0.0,0.0,Friendly
233.60000000000002,A0200,AN/APG-68(V)9,SEARCH,B0200,81.15252593446303,0.0,0.0,0.0,0.0,Friendly
233.60000000000002,B0200,N001VE,SEARCH,None,0.0,0.0,0.0,0.0,0.0,Enemy
233.8,A0100,AN/APG-68(V)9,SEARCH,B0200,92.49420340443004,0.0,0.0,0.0,0.0,Friendly
233.8,A0200,AN/APG-68(V)9,SEARCH,B0200,81.24382733791984,0.0,0.0,0.0,0.0,Friendly
233.8,B0200,N001VE,SEARCH,None,0.0,0.0,0.0,0.0,0.0,Enemy
234.0,A0100,AN/APG-68(V)9,SEARCH,B0200,92.5802840700797,0.0,0.0,0.0,0.0,Friendly
234.0,A0200,AN/APG-68(V)9,SEARCH,B0200,81.33508456111358,0.0,0.0,0.0,0.0,Friendly
234.0,B0200,N001VE,SEARCH,None,0.0,0.0,0.0,0.0,0.0,Enemy
234.20000000000002,A0100,AN/APG-68(V)9,SEARCH,B0200,92.66637426382493,0.0,0.0,0.0,0.0,Friendly
234.20000000000002,A0200,AN/APG-68(V)9,SEARCH,B0200,81.42634506333451,0.0,0.0,0.0,0.0,Friendly
234.20000000000002,B0200,N001VE,SEARCH,None,0.0,0.0,0.0,0.0,0.0,Enemy
234.4,A0100,AN/APG-68(V)9,SEARCH,B0200,92.75251057503935,0.0,0.0,0.0,0.0,Friendly
234.4,A0200,AN/APG-68(V)9,SEARCH,B0200,81.51761323149745,0.0,0.0,0.0,0.0,Friendly
234.4,B0200,N001VE,SEARCH,None,0.0,0.0,0.0,0.0,0.0,Enemy
234.60000000000002,A0100,AN/APG-68(V)9,SEARCH,B0200,92.83873016947595,0.0,0.0,0.0,0.0,Friendly
234.60000000000002,A0200,AN/APG-68(V)9,SEARCH,B0200,81.60888210043682,0.0,0.0,0.0,0.0,Friendly
234.60000000000002,B0200,N001VE,SEARCH,None,0.0,0.0,0.0,0.0,0.0,Enemy
234.8,A0100,AN/APG-68(V)9,SEARCH,B0200,92.92492550783908,0.0,0.0,0.0,0.0,Friendly
234.8,A0200,AN/APG-68(V)9,SEARCH,B0200,81.70010190675453,0.0,0.0,0.0,0.0,Friendly
234.8,B0200,N001VE,SEARCH,None,0.0,0.0,0.0,0.0,0.0,Enemy
235.0,A0100,AN/APG-68(V)9,SEARCH,B0200,93.01107296230569,0.0,0.0,0.0,0.0,Friendly
235.0,A0200,AN/APG-68(V)9,SEARCH,B0200,81.7914329311345,0.0,0.0,0.0,0.0,Friendly
235.0,B0200,N001VE,SEARCH,None,0.0,0.0,0.0,0.0,0.0,Enemy
235.20000000000002,A0100,AN/APG-68(V)9,SEARCH,B0200,93.09725429463904,0.0,0.0,0.0,0.0,Friendly
235.20000000000002,A0200,AN/APG-68(V)9,SEARCH,B0200,81.88291081320503,0.0,0.0,0.0,0.0,Friendly
235.20000000000002,B0200,N001VE,SEARCH,None,0.0,0.0,0.0,0.0,0.0,Enemy
235.4,A0100,AN/APG-68(V)9,SEARCH,B0200,93.18348574406437,0.0,0.0,0.0,0.0,Friendly
235.4,A0200,AN/APG-68(V)9,SEARCH,B0200,81.97443403210603,0.0,0.0,0.0,0.0,Friendly
235.4,B0200,N001VE,SEARCH,None,0.0,0.0,0.0,0.0,0.0,Enemy
235.60000000000002,A0100,AN/APG-68(V)9,SEARCH,B0200,93.26969272572744,0.0,0.0,0.0,0.0,Friendly
235.60000000000002,A0200,AN/APG-68(V)9,SEARCH,B0200,82.0659177027323,0.0,0.0,0.0,0.0,Friendly
235.60000000000002,B0200,N001VE,SEARCH,None,0.0,0.0,0.0,0.0,0.0,Enemy
235.8,A0100,AN/APG-68(V)9,SEARCH,B0200,93.35589396788745,0.0,0.0,0.0,0.0,Friendly
235.8,A0200,AN/APG-68(V)9,SEARCH,B0200,82.1574429945597,0.0,0.0,0.0,0.0,Friendly
235.8,B0200,N001VE,SEARCH,None,0.0,0.0,0.0,0.0,0.0,Enemy
236.0,A0100,AN/APG-68(V)9,SEARCH,B0200,93.44207711685044,0.0,0.0,0.0,0.0,Friendly
236.0,A0200,AN/APG-68(V)9,SEARCH,B0200,82.24897772352995,0.0,0.0,0.0,0.0,Friendly
236.0,B0200,N001VE,SEARCH,None,0.0,0.0,0.0,0.0,0.0,Enemy
236.20000000000002,A0100,AN/APG-68(V)9,SEARCH,B0200,93.52829384994423,0.0,0.0,0.0,0.0,Friendly
236.20000000000002,A0200,AN/APG-68(V)9,SEARCH,B0200,82.34053802577827,0.0,0.0,0.0,0.0,Friendly
236.20000000000002,B0200,N001VE,SEARCH,None,0.0,0.0,0.0,0.0,0.0,Enemy
236.4,A0100,AN/APG-68(V)9,SEARCH,B0200,93.6145197871345,0.0,0.0,0.0,0.0,Friendly
236.4,A0200,AN/APG-68(V)9,SEARCH,B0200,82.43208913245782,0.0,0.0,0.0,0.0,Friendly
236.4,B0200,N001VE,SEARCH,None,0.0,0.0,0.0,0.0,0.0,Enemy
236.60000000000002,A0100,AN/APG-68(V)9,SEARCH,B0200,93.70072466040844,0.0,0.0,0.0,0.0,Friendly
236.60000000000002,A0200,AN/APG-68(V)9,SEARCH,B0200,82.52359680862013,0.0,0.0,0.0,0.0,Friendly
236.60000000000002,B0200,N001VE,SEARCH,None,0.0,0.0,0.0,0.0,0.0,Enemy
236.8,A0100,AN/APG-68(V)9,SEARCH,B0200,93.78691204290668,0.0,0.0,0.0,0.0,Friendly
236.8,A0200,AN/APG-68(V)9,SEARCH,B0200,82.61507407512035,0.0,0.0,0.0,0.0,Friendly
236.8,B0200,N001VE,SEARCH,None,0.0,0.0,0.0,0.0,0.0,Enemy
237.0,A0100,AN/APG-68(V)9,SEARCH,B0200,93.87308714052621,0.0,0.0,0.0,0.0,Friendly
237.0,A0200,AN/APG-68(V)9,SEARCH,B0200,82.70656655096066,0.0,0.0,0.0,0.0,Friendly
237.0,B0200,N001VE,SEARCH,None,0.0,0.0,0.0,0.0,0.0,Enemy
237.20000000000002,A0100,AN/APG-68(V)9,SEARCH,B0200,93.95915211488972,0.0,0.0,0.0,0.0,Friendly
237.20000000000002,A0200,AN/APG-68(V)9,SEARCH,B0200,82.79804138026716,0.0,0.0,0.0,0.0,Friendly
237.20000000000002,B0200,N001VE,SEARCH,None,0.0,0.0,0.0,0.0,0.0,Enemy
237.4,A0100,AN/APG-68(V)9,SEARCH,B0200,94.04521386074131,0.0,0.0,0.0,0.0,Friendly
237.4,A0200,AN/APG-68(V)9,SEARCH,B0200,82.88950658212714,0.0,0.0,0.0,0.0,Friendly
237.4,B0200,N001VE,SEARCH,None,0.0,0.0,0.0,0.0,0.0,Enemy
237.60000000000002,A0100,AN/APG-68(V)9,SEARCH,B0200,94.1313517810944,0.0,0.0,0.0,0.0,Friendly
237.60000000000002,A0200,AN/APG-68(V)9,SEARCH,B0200,82.98099887080654,0.0,0.0,0.0,0.0,Friendly
237.60000000000002,B0200,N001VE,SEARCH,None,0.0,0.0,0.0,0.0,0.0,Enemy
237.8,A0100,AN/APG-68(V)9,SEARCH,B0200,94.21752997829523,0.0,0.0,0.0,0.0,Friendly
237.8,A0200,AN/APG-68(V)9,SEARCH,B0200,83.07251267997393,0.0,0.0,0.0,0.0,Friendly
237.8,B0200,N001VE,SEARCH,None,0.0,0.0,0.0,0.0,0.0,Enemy
238.0,A0100,AN/APG-68(V)9,SEARCH,B0200,94.30368252599533,0.0,0.0,0.0,0.0,Friendly
238.0,A0200,AN/APG-68(V)9,SEARCH,B0200,83.16401567140701,0.0,0.0,0.0,0.0,Friendly
238.0,B0200,N001VE,SEARCH,None,0.0,0.0,0.0,0.0,0.0,Enemy
238.20000000000002,A0100,AN/APG-68(V)9,SEARCH,B0200,94.38980382329056,0.0,0.0,0.0,0.0,Friendly
238.20000000000002,A0200,AN/APG-68(V)9,SEARCH,B0200,83.25548141404853,0.0,0.0,0.0,0.0,Friendly
238.20000000000002,B0200,N001VE,SEARCH,None,0.0,0.0,0.0,0.0,0.0,Enemy
238.4,A0100,AN/APG-68(V)9,SEARCH,B0200,94.47592932854592,0.0,0.0,0.0,0.0,Friendly
238.4,A0200,AN/APG-68(V)9,SEARCH,B0200,83.3468660512849,0.0,0.0,0.0,0.0,Friendly
238.4,B0200,N001VE,SEARCH,None,0.0,0.0,0.0,0.0,0.0,Enemy
238.60000000000002,A0100,AN/APG-68(V)9,SEARCH,B0200,94.56206862921466,0.0,0.0,0.0,0.0,Friendly
238.60000000000002,A0200,AN/APG-68(V)9,SEARCH,B0200,83.43827598208868,0.0,0.0,0.0,0.0,Friendly
238.60000000000002,B0200,N001VE,SEARCH,None,0.0,0.0,0.0,0.0,0.0,Enemy
238.8,A0100,AN/APG-68(V)9,SEARCH,B0200,94.64814454952752,0.0,0.0,0.0,0.0,Friendly
238.8,A0200,AN/APG-68(V)9,SEARCH,B0200,83.529704767508,0.0,0.0,0.0,0.0,Friendly
238.8,B0200,N001VE,SEARCH,None,0.0,0.0,0.0,0.0,0.0,Enemy
239.0,A0100,AN/APG-68(V)9,SEARCH,B0200,94.73417293257901,0.0,0.0,0.0,0.0,Friendly
239.0,A0200,AN/APG-68(V)9,SEARCH,B0200,83.6210570220454,0.0,0.0,0.0,0.0,Friendly
239.0,B0200,N001VE,SEARCH,None,0.0,0.0,0.0,0.0,0.0,Enemy
239.20000000000002,A0100,AN/APG-68(V)9,SEARCH,B0200,94.82020564983065,0.0,0.0,0.0,0.0,Friendly
239.20000000000002,A0200,AN/APG-68(V)9,SEARCH,B0200,83.71240311014593,0.0,0.0,0.0,0.0,Friendly
239.20000000000002,B0200,N001VE,SEARCH,None,0.0,0.0,0.0,0.0,0.0,Enemy
239.4,A0100,AN/APG-68(V)9,SEARCH,B0200,94.906292318429,0.0,0.0,0.0,0.0,Friendly
239.4,A0200,AN/APG-68(V)9,SEARCH,B0200,83.80376351822818,0.0,0.0,0.0,0.0,Friendly
239.4,B0200,N001VE,SEARCH,None,0.0,0.0,0.0,0.0,0.0,Enemy
239.60000000000002,A0100,AN/APG-68(V)9,SEARCH,B0200,94.99233212229142,0.0,0.0,0.0,0.0,Friendly
239.60000000000002,A0200,AN/APG-68(V)9,SEARCH,B0200,83.89507490595396,0.0,0.0,0.0,0.0,Friendly
239.60000000000002,B0200,N001VE,SEARCH,None,0.0,0.0,0.0,0.0,0.0,Enemy
239.8,A0100,AN/APG-68(V)9,SEARCH,B0200,95.07831768546671,0.0,0.0,0.0,0.0,Friendly
239.8,A0200,AN/APG-68(V)9,SEARCH,B0200,83.98642645065235,0.0,0.0,0.0,0.0,Friendly
239.8,B0200,N001VE,SEARCH,None,0.0,0.0,0.0,0.0,0.0,Enemy
240.0,A0100,AN/APG-68(V)9,SEARCH,B0200,95.16439997849724,0.0,0.0,0.0,0.0,Friendly
240.0,A0200,AN/APG-68(V)9,SEARCH,B0200,84.0778012971366,0.0,0.0,0.0,0.0,Friendly
240.0,B0200,N001VE,SEARCH,None,0.0,0.0,0.0,0.0,0.0,Enemy
240.20000000000002,A0100,AN/APG-68(V)9,SEARCH,B0200,95.25053632058497,0.0,0.0,0.0,0.0,Friendly
240.20000000000002,A0200,AN/APG-68(V)9,SEARCH,B0200,84.1691228571397,0.0,0.0,0.0,0.0,Friendly
240.20000000000002,B0200,N001VE,SEARCH,None,0.0,0.0,0.0,0.0,0.0,Enemy
240.4,A0100,AN/APG-68(V)9,SEARCH,B0200,95.33655307083295,0.0,0.0,0.0,0.0,Friendly
240.4,A0200,AN/APG-68(V)9,SEARCH,B0200,84.26038706967563,0.0,0.0,0.0,0.0,Friendly
240.4,B0200,N001VE,SEARCH,None,0.0,0.0,0.0,0.0,0.0,Enemy
240.60000000000002,A0100,AN/APG-68(V)9,SEARCH,B0200,95.42240665137054,0.0,0.0,0.0,0.0,Friendly
240.60000000000002,A0200,AN/APG-68(V)9,SEARCH,B0200,84.35168414909279,0.0,0.0,0.0,0.0,Friendly
240.60000000000002,B0200,N001VE,SEARCH,None,0.0,0.0,0.0,0.0,0.0,Enemy
240.8,A0100,AN/APG-68(V)9,SEARCH,B0200,95.50812503240972,0.0,0.0,0.0,0.0,Friendly
240.8,A0200,AN/APG-68(V)9,SEARCH,B0200,84.44300604910983,0.0,0.0,0.0,0.0,Friendly
240.8,B0200,N001VE,SEARCH,None,0.0,0.0,0.0,0.0,0.0,Enemy
241.0,A0100,AN/APG-68(V)9,SEARCH,B0200,95.59387867196342,0.0,0.0,0.0,0.0,Friendly
241.0,A0200,AN/APG-68(V)9,SEARCH,B0200,84.5343090890179,0.0,0.0,0.0,0.0,Friendly
241.0,B0200,N001VE,SEARCH,None,0.0,0.0,0.0,0.0,0.0,Enemy
241.20000000000002,A0100,AN/APG-68(V)9,SEARCH,B0200,95.67965947725425,0.0,0.0,0.0,0.0,Friendly
241.20000000000002,A0200,AN/APG-68(V)9,SEARCH,B0200,84.62544240005509,0.0,0.0,0.0,0.0,Friendly
241.20000000000002,B0200,N001VE,SEARCH,None,0.0,0.0,0.0,0.0,0.0,Enemy
241.4,A0100,AN/APG-68(V)9,SEARCH,B0200,95.76544373233293,0.0,0.0,0.0,0.0,Friendly
241.4,A0200,AN/APG-68(V)9,SEARCH,B0200,84.7164160418645,0.0,0.0,0.0,0.0,Friendly
241.4,B0200,N001VE,SEARCH,None,0.0,0.0,0.0,0.0,0.0,Enemy
241.60000000000002,A0100,AN/APG-68(V)9,SEARCH,B0200,95.85110234479251,0.0,0.0,0.0,0.0,Friendly
241.60000000000002,A0200,AN/APG-68(V)9,SEARCH,B0200,84.80729971907388,0.0,0.0,0.0,0.0,Friendly
241.60000000000002,B0200,N001VE,SEARCH,None,0.0,0.0,0.0,0.0,0.0,Enemy
241.8,A0100,AN/APG-68(V)9,SEARCH,B0200,95.93673458087193,0.0,0.0,0.0,0.0,Friendly
241.8,A0200,AN/APG-68(V)9,SEARCH,B0200,84.89819615239625,0.0,0.0,0.0,0.0,Friendly
241.8,B0200,N001VE,SEARCH,None,0.0,0.0,0.0,0.0,0.0,Enemy
242.0,A0100,AN/APG-68(V)9,SEARCH,B0200,96.02244702041845,0.0,0.0,0.0,0.0,Friendly
242.0,A0200,AN/APG-68(V)9,SEARCH,B0200,84.98912413146503,0.0,0.0,0.0,0.0,Friendly
242.0,B0200,N001VE,SEARCH,None,0.0,0.0,0.0,0.0,0.0,Enemy
242.20000000000002,A0100,AN/APG-68(V)9,SEARCH,B0200,96.1081017009807,0.0,0.0,0.0,0.0,Friendly
242.20000000000002,A0200,AN/APG-68(V)9,SEARCH,B0200,85.08001007066427,0.0,0.0,0.0,0.0,Friendly
242.20000000000002,B0200,N001VE,SEARCH,None,0.0,0.0,0.0,0.0,0.0,Enemy
242.4,A0100,AN/APG-68(V)9,SEARCH,B0200,96.19370315537252,0.0,0.0,0.0,0.0,Friendly
242.4,A0200,AN/APG-68(V)9,SEARCH,B0200,85.17096320116879,0.0,0.0,0.0,0.0,Friendly
242.4,B0200,N001VE,SEARCH,None,0.0,0.0,0.0,0.0,0.0,Enemy
242.60000000000002,A0100,AN/APG-68(V)9,SEARCH,B0200,96.27924251149103,0.0,0.0,0.0,0.0,Friendly
242.60000000000002,A0200,AN/APG-68(V)9,SEARCH,B0200,85.26199142778421,0.0,0.0,0.0,0.0,Friendly
242.60000000000002,B0200,N001VE,SEARCH,None,0.0,0.0,0.0,0.0,0.0,Enemy
242.8,A0100,AN/APG-68(V)9,SEARCH,B0200,96.3648322029418,0.0,0.0,0.0,0.0,Friendly
242.8,A0200,AN/APG-68(V)9,SEARCH,B0200,85.3530986857032,0.0,0.0,0.0,0.0,Friendly
242.8,B0200,N001VE,SEARCH,None,0.0,0.0,0.0,0.0,0.0,Enemy
243.0,A0100,AN/APG-68(V)9,SEARCH,B0200,96.45048525105152,0.0,0.0,0.0,0.0,Friendly
243.0,A0200,AN/APG-68(V)9,SEARCH,B0200,85.44410070668962,0.0,0.0,0.0,0.0,Friendly
243.0,B0200,N001VE,SEARCH,None,0.0,0.0,0.0,0.0,0.0,Enemy
243.20000000000002,A0100,AN/APG-68(V)9,SEARCH,B0200,96.53612406929894,0.0,0.0,0.0,0.0,Friendly
243.20000000000002,A0200,AN/APG-68(V)9,SEARCH,B0200,85.53492523836015,0.0,0.0,0.0,0.0,Friendly
243.20000000000002,B0200,N001VE,SEARCH,None,0.0,0.0,0.0,0.0,0.0,Enemy
243.4,A0100,AN/APG-68(V)9,SEARCH,B0200,96.62175395175646,0.0,0.0,0.0,0.0,Friendly
243.4,A0200,AN/APG-68(V)9,SEARCH,B0200,85.62577270194343,0.0,0.0,0.0,0.0,Friendly
243.4,B0200,N001VE,SEARCH,None,0.0,0.0,0.0,0.0,0.0,Enemy
243.60000000000002,A0100,AN/APG-68(V)9,SEARCH,B0200,96.70737800532604,0.0,0.0,0.0,0.0,Friendly
243.60000000000002,A0200,AN/APG-68(V)9,SEARCH,B0200,85.71668486082609,0.0,0.0,0.0,0.0,Friendly
243.60000000000002,B0200,N001VE,SEARCH,None,0.0,0.0,0.0,0.0,0.0,Enemy
243.8,A0100,AN/APG-68(V)9,SEARCH,B0200,96.79303434136989,0.0,0.0,0.0,0.0,Friendly
243.8,A0200,AN/APG-68(V)9,SEARCH,B0200,85.80763964874869,0.0,0.0,0.0,0.0,Friendly
243.8,B0200,N001VE,SEARCH,None,0.0,0.0,0.0,0.0,0.0,Enemy
244.0,A0100,AN/APG-68(V)9,SEARCH,B0200,96.87874087205455,0.0,0.0,0.0,0.0,Friendly
244.0,A0200,AN/APG-68(V)9,SEARCH,B0200,85.89859280118648,0.0,0.0,0.0,0.0,Friendly
244.0,B0200,N001VE,SEARCH,None,0.0,0.0,0.0,0.0,0.0,Enemy
244.20000000000002,A0100,AN/APG-68(V)9,SEARCH,B0200,96.96443417782861,0.0,0.0,0.0,0.0,Friendly
244.20000000000002,A0200,AN/APG-68(V)9,SEARCH,B0200,85.98946594225737,0.0,0.0,0.0,0.0,Friendly
244.20000000000002,B0200,N001VE,SEARCH,None,0.0,0.0,0.0,0.0,0.0,Enemy
244.4,A0100,AN/APG-68(V)9,SEARCH,B0200,97.05016887296085,0.0,0.0,0.0,0.0,Friendly
244.4,A0200,AN/APG-68(V)9,SEARCH,B0200,86.08039366873352,0.0,0.0,0.0,0.0,Friendly
244.4,B0200,N001VE,SEARCH,None,0.0,0.0,0.0,0.0,0.0,Enemy
244.60000000000002,A0100,AN/APG-68(V)9,SEARCH,B0200,97.13586206701814,0.0,0.0,0.0,0.0,Friendly
244.60000000000002,A0200,AN/APG-68(V)9,SEARCH,B0200,86.17133170164753,0.0,0.0,0.0,0.0,Friendly
244.60000000000002,B0200,N001VE,SEARCH,None,0.0,0.0,0.0,0.0,0.0,Enemy
244.8,A0100,AN/APG-68(V)9,SEARCH,B0200,97.22150845013148,0.0,0.0,0.0,0.0,Friendly
244.8,A0200,AN/APG-68(V)9,SEARCH,B0200,86.26219198680626,0.0,0.0,0.0,0.0,Friendly
244.8,B0200,N001VE,SEARCH,None,0.0,0.0,0.0,0.0,0.0,Enemy
245.0,A0100,AN/APG-68(V)9,SEARCH,B0200,97.30725030697171,0.0,0.0,0.0,0.0,Friendly
245.0,A0200,AN/APG-68(V)9,SEARCH,B0200,86.35307785781158,0.0,0.0,0.0,0.0,Friendly
245.0,B0200,N001VE,SEARCH,None,0.0,0.0,0.0,0.0,0.0,Enemy
245.20000000000002,A0100,AN/APG-68(V)9,SEARCH,B0200,97.39304720161027,0.0,0.0,0.0,0.0,Friendly
245.20000000000002,A0200,AN/APG-68(V)9,SEARCH,B0200,86.44398063867249,0.0,0.0,0.0,0.0,Friendly
245.20000000000002,B0200,N001VE,SEARCH,None,0.0,0.0,0.0,0.0,0.0,Enemy
245.4,A0100,AN/APG-68(V)9,SEARCH,B0200,97.47879695528407,0.0,0.0,0.0,0.0,Friendly
245.4,A0200,AN/APG-68(V)9,SEARCH,B0200,86.53485560089213,0.0,0.0,0.0,0.0,Friendly
245.4,B0200,N001VE,SEARCH,None,0.0,0.0,0.0,0.0,0.0,Enemy
245.60000000000002,A0100,AN/APG-68(V)9,SEARCH,B0200,97.56458223235174,0.0,0.0,0.0,0.0,Friendly
245.60000000000002,A0200,AN/APG-68(V)9,SEARCH,B0200,86.62569226860782,0.0,0.0,0.0,0.0,Friendly
245.60000000000002,B0200,N001VE,SEARCH,None,0.0,0.0,0.0,0.0,0.0,Enemy
245.8,A0100,AN/APG-68(V)9,SEARCH,B0200,97.65042981088996,0.0,0.0,0.0,0.0,Friendly
245.8,A0200,AN/APG-68(V)9,SEARCH,B0200,86.71651669565473,0.0,0.0,0.0,0.0,Friendly
245.8,B0200,N001VE,SEARCH,None,0.0,0.0,0.0,0.0,0.0,Enemy
246.0,A0100,AN/APG-68(V)9,SEARCH,B0200,97.73635715955585,0.0,0.0,0.0,0.0,Friendly
246.0,A0200,AN/APG-68(V)9,SEARCH,B0200,86.80738492245969,0.0,0.0,0.0,0.0,Friendly
246.0,B0200,N001VE,SEARCH,None,0.0,0.0,0.0,0.0,0.0,Enemy
246.20000000000002,A0100,AN/APG-68(V)9,SEARCH,B0200,97.82225915030772,0.0,0.0,0.0,0.0,Friendly
246.20000000000002,A0200,AN/APG-68(V)9,SEARCH,B0200,86.89818302063772,0.0,0.0,0.0,0.0,Friendly
246.20000000000002,B0200,N001VE,SEARCH,None,0.0,0.0,0.0,0.0,0.0,Enemy
246.4,A0100,AN/APG-68(V)9,SEARCH,B0200,97.90809168324563,0.0,0.0,0.0,0.0,Friendly
246.4,A0200,AN/APG-68(V)9,SEARCH,B0200,86.98884280616197,0.0,0.0,0.0,0.0,Friendly
246.4,B0200,N001VE,SEARCH,None,0.0,0.0,0.0,0.0,0.0,Enemy
246.60000000000002,A0100,AN/APG-68(V)9,SEARCH,B0200,97.99396020128702,0.0,0.0,0.0,0.0,Friendly
246.60000000000002,A0200,AN/APG-68(V)9,SEARCH,B0200,87.07953885099494,0.0,0.0,0.0,0.0,Friendly
246.60000000000002,B0200,N001VE,SEARCH,None,0.0,0.0,0.0,0.0,0.0,Enemy
246.8,A0100,AN/APG-68(V)9,SEARCH,B0200,98.07984717165691,0.0,0.0,0.0,0.0,Friendly
246.8,A0200,AN/APG-68(V)9,SEARCH,B0200,87.17035853386479,0.0,0.0,0.0,0.0,Friendly
246.8,B0200,N001VE,SEARCH,None,0.0,0.0,0.0,0.0,0.0,Enemy
247.0,A0100,AN/APG-68(V)9,SEARCH,B0200,98.1657355320421,0.0,0.0,0.0,0.0,Friendly
247.0,A0200,AN/APG-68(V)9,SEARCH,B0200,87.26118190289488,0.0,0.0,0.0,0.0,Friendly
247.0,B0200,N001VE,SEARCH,None,0.0,0.0,0.0,0.0,0.0,Enemy
247.20000000000002,A0100,AN/APG-68(V)9,SEARCH,B0200,98.25159755802852,0.0,0.0,0.0,0.0,Friendly
247.20000000000002,A0200,AN/APG-68(V)9,SEARCH,B0200,87.35193980457697,0.0,0.0,0.0,0.0,Friendly
247.20000000000002,B0200,N001VE,SEARCH,None,0.0,0.0,0.0,0.0,0.0,Enemy
247.4,A0100,AN/APG-68(V)9,SEARCH,B0200,98.33740796998367,0.0,0.0,0.0,0.0,Friendly
247.4,A0200,AN/APG-68(V)9,SEARCH,B0200,87.44265345621439,0.0,0.0,0.0,0.0,Friendly
247.4,B0200,N001VE,SEARCH,None,0.0,0.0,0.0,0.0,0.0,Enemy
247.60000000000002,A0100,AN/APG-68(V)9,SEARCH,B0200,98.42327684142332,0.0,0.0,0.0,0.0,Friendly
247.60000000000002,A0200,AN/APG-68(V)9,SEARCH,B0200,87.53334189281934,0.0,0.0,0.0,0.0,Friendly
247.60000000000002,B0200,N001VE,SEARCH,None,0.0,0.0,0.0,0.0,0.0,Enemy
247.8,A0100,AN/APG-68(V)9,SEARCH,B0200,98.50923042533528,0.0,0.0,0.0,0.0,Friendly
247.8,A0200,AN/APG-68(V)9,SEARCH,B0200,87.62406831873004,0.0,0.0,0.0,0.0,Friendly
247.8,B0200,N001VE,SEARCH,None,0.0,0.0,0.0,0.0,0.0,Enemy
248.0,A0100,AN/APG-68(V)9,SEARCH,B0200,98.59515139026804,0.0,0.0,0.0,0.0,Friendly
248.0,A0200,AN/APG-68(V)9,SEARCH,B0200,87.71478631540403,0.0,0.0,0.0,0.0,Friendly
248.0,B0200,N001VE,SEARCH,None,0.0,0.0,0.0,0.0,0.0,Enemy
248.20000000000002,A0100,AN/APG-68(V)9,SEARCH,B0200,98.6810908039183,0.0,0.0,0.0,0.0,Friendly
248.20000000000002,A0200,AN/APG-68(V)9,SEARCH,B0200,87.80551494730274,0.0,0.0,0.0,0.0,Friendly
248.20000000000002,B0200,N001VE,SEARCH,None,0.0,0.0,0.0,0.0,0.0,Enemy
248.4,A0100,AN/APG-68(V)9,SEARCH,B0200,98.76700853896166,0.0,0.0,0.0,0.0,Friendly
248.4,A0200,AN/APG-68(V)9,SEARCH,B0200,87.89625708369155,0.0,0.0,0.0,0.0,Friendly
248.4,B0200,N001VE,SEARCH,None,0.0,0.0,0.0,0.0,0.0,Enemy
248.60000000000002,A0100,AN/APG-68(V)9,SEARCH,B0200,98.85285116040063,0.0,0.0,0.0,0.0,Friendly
248.60000000000002,A0200,AN/APG-68(V)9,SEARCH,B0200,87.98696199327902,0.0,0.0,0.0,0.0,Friendly
248.60000000000002,B0200,N001VE,SEARCH,None,0.0,0.0,0.0,0.0,0.0,Enemy
248.8,A0100,AN/APG-68(V)9,SEARCH,B0200,98.93866870844404,0.0,0.0,0.0,0.0,Friendly
248.8,A0200,AN/APG-68(V)9,SEARCH,B0200,88.07764948519865,0.0,0.0,0.0,0.0,Friendly
248.8,B0200,N001VE,SEARCH,None,0.0,0.0,0.0,0.0,0.0,Enemy
249.0,A0100,AN/APG-68(V)9,SEARCH,B0200,99.02453032114816,0.0,0.0,0.0,0.0,Friendly
249.0,A0200,AN/APG-68(V)9,SEARCH,B0200,88.1683431774687,0.0,0.0,0.0,0.0,Friendly
249.0,B0200,N001VE,SEARCH,None,0.0,0.0,0.0,0.0,0.0,Enemy
249.20000000000002,A0100,AN/APG-68(V)9,SEARCH,B0200,99.11035669622152,0.0,0.0,0.0,0.0,Friendly
249.20000000000002,A0200,AN/APG-68(V)9,SEARCH,B0200,88.25894575723099,0.0,0.0,0.0,0.0,Friendly
249.20000000000002,B0200,N001VE,SEARCH,None,0.0,0.0,0.0,0.0,0.0,Enemy
249.4,A0100,AN/APG-68(V)9,SEARCH,B0200,99.19614040606109,0.0,0.0,0.0,0.0,Friendly
249.4,A0200,AN/APG-68(V)9,SEARCH,B0200,88.34952724961948,0.0,0.0,0.0,0.0,Friendly
249.4,B0200,N001VE,SEARCH,None,0.0,0.0,0.0,0.0,0.0,Enemy
249.60000000000002,A0100,AN/APG-68(V)9,SEARCH,B0200,99.28201559596438,0.0,0.0,0.0,0.0,Friendly
249.60000000000002,A0200,AN/APG-68(V)9,SEARCH,B0200,88.44011932334445,0.0,0.0,0.0,0.0,Friendly
249.60000000000002,B0200,N001VE,SEARCH,None,0.0,0.0,0.0,0.0,0.0,Enemy
249.8,A0100,AN/APG-68(V)9,SEARCH,B0200,99.36791085201098,0.0,0.0,0.0,0.0,Friendly
249.8,A0200,AN/APG-68(V)9,SEARCH,B0200,88.53059019604241,0.0,0.0,0.0,0.0,Friendly
249.8,B0200,N001VE,SEARCH,None,0.0,0.0,0.0,0.0,0.0,Enemy
250.0,A0100,AN/APG-68(V)9,SEARCH,B0200,99.4537277495635,0.0,0.0,0.0,0.0,Friendly
250.0,A0200,AN/APG-68(V)9,SEARCH,B0200,88.62103702738355,0.0,0.0,0.0,0.0,Friendly
250.0,B0200,N001VE,SEARCH,None,0.0,0.0,0.0,0.0,0.0,Enemy
250.20000000000002,A0100,AN/APG-68(V)9,SEARCH,B0200,99.53958817860628,0.0,0.0,0.0,0.0,Friendly
250.20000000000002,A0200,AN/APG-68(V)9,SEARCH,B0200,88.7115526355166,0.0,0.0,0.0,0.0,Friendly
250.20000000000002,B0200,N001VE,SEARCH,None,0.0,0.0,0.0,0.0,0.0,Enemy
250.4,A0100,AN/APG-68(V)9,SEARCH,B0200,99.62555452056297,0.0,0.0,0.0,0.0,Friendly
250.4,A0200,AN/APG-68(V)9,SEARCH,B0200,88.80211917740837,0.0,0.0,0.0,0.0,Friendly
250.4,B0200,N001VE,SEARCH,None,0.0,0.0,0.0,0.0,0.0,Enemy
250.60000000000002,A0100,AN/APG-68(V)9,SEARCH,B0200,99.71151665403902,0.0,0.0,0.0,0.0,Friendly
250.60000000000002,A0200,AN/APG-68(V)9,SEARCH,B0200,88.89266722986652,0.0,0.0,0.0,0.0,Friendly
250.60000000000002,B0200,N001VE,SEARCH,None,0.0,0.0,0.0,0.0,0.0,Enemy
250.8,A0100,AN/APG-68(V)9,SEARCH,B0200,99.7974343726272,0.0,0.0,0.0,0.0,Friendly
250.8,A0200,AN/APG-68(V)9,SEARCH,B0200,88.983133137644,0.0,0.0,0.0,0.0,Friendly
250.8,B0200,N001VE,SEARCH,None,0.0,0.0,0.0,0.0,0.0,Enemy
251.0,A0100,AN/APG-68(V)9,SEARCH,B0200,99.88337657845234,0.0,0.0,0.0,0.0,Friendly
251.0,A0200,AN/APG-68(V)9,SEARCH,B0200,89.07347104569033,0.0,0.0,0.0,0.0,Friendly
251.0,B0200,N001VE,SEARCH,None,0.0,0.0,0.0,0.0,0.0,Enemy
251.20000000000002,A0100,AN/APG-68(V)9,SEARCH,B0200,99.96927046927678,0.0,0.0,0.0,0.0,Friendly
251.20000000000002,A0200,AN/APG-68(V)9,SEARCH,B0200,89.16367118605122,0.0,0.0,0.0,0.0,Friendly
251.20000000000002,B0200,N001VE,SEARCH,None,0.0,0.0,0.0,0.0,0.0,Enemy
251.4,A0100,AN/APG-68(V)9,SEARCH,B0200,100.05502493725766,0.0,0.0,0.0,0.0,Friendly
251.4,A0200,AN/APG-68(V)9,SEARCH,B0200,89.25377256862481,0.0,0.0,0.0,0.0,Friendly
251.4,B0200,N001VE,SEARCH,None,0.0,0.0,0.0,0.0,0.0,Enemy
251.60000000000002,A0100,AN/APG-68(V)9,SEARCH,B0200,100.14077347753727,0.0,0.0,0.0,0.0,Friendly
251.60000000000002,A0200,AN/APG-68(V)9,SEARCH,B0200,89.34382990574008,0.0,0.0,0.0,0.0,Friendly
251.60000000000002,B0200,N001VE,SEARCH,None,0.0,0.0,0.0,0.0,0.0,Enemy
251.8,A0100,AN/APG-68(V)9,SEARCH,B0200,100.22658256867658,0.0,0.0,0.0,0.0,Friendly
251.8,A0200,AN/APG-68(V)9,SEARCH,B0200,89.43391143309559,0.0,0.0,0.0,0.0,Friendly
251.8,B0200,N001VE,SEARCH,None,0.0,0.0,0.0,0.0,0.0,Enemy
252.0,A0100,AN/APG-68(V)9,SEARCH,B0200,100.31233682260985,0.0,0.0,0.0,0.0,Friendly
252.0,A0200,AN/APG-68(V)9,SEARCH,B0200,89.5240228773064,0.0,0.0,0.0,0.0,Friendly
252.0,B0200,N001VE,SEARCH,None,0.0,0.0,0.0,0.0,0.0,Enemy
252.20000000000002,A0100,AN/APG-68(V)9,SEARCH,B0200,100.39797510246319,0.0,0.0,0.0,0.0,Friendly
252.20000000000002,A0200,AN/APG-68(V)9,SEARCH,B0200,89.61412532441938,0.0,0.0,0.0,0.0,Friendly
252.20000000000002,B0200,N001VE,SEARCH,None,0.0,0.0,0.0,0.0,0.0,Enemy
252.4,A0100,AN/APG-68(V)9,SEARCH,B0200,100.48357450546743,0.0,0.0,0.0,0.0,Friendly
252.4,A0200,AN/APG-68(V)9,SEARCH,B0200,89.70415148718413,0.0,0.0,0.0,0.0,Friendly
252.4,B0200,N001VE,SEARCH,None,0.0,0.0,0.0,0.0,0.0,Enemy
252.60000000000002,A0100,AN/APG-68(V)9,SEARCH,B0200,100.56922603538558,0.0,0.0,0.0,0.0,Friendly
252.60000000000002,A0200,AN/APG-68(V)9,SEARCH,B0200,89.79420064228576,0.0,0.0,0.0,0.0,Friendly
252.60000000000002,B0200,N001VE,SEARCH,None,0.0,0.0,0.0,0.0,0.0,Enemy
252.8,A0100,AN/APG-68(V)9,SEARCH,B0200,100.65489567591462,0.0,0.0,0.0,0.0,Friendly
252.8,A0200,AN/APG-68(V)9,SEARCH,B0200,89.8842334108465,0.0,0.0,0.0,0.0,Friendly
252.8,B0200,N001VE,SEARCH,None,0.0,0.0,0.0,0.0,0.0,Enemy
253.0,A0100,AN/APG-68(V)9,SEARCH,B0200,100.74056628087679,0.0,0.0,0.0,0.0,Friendly
253.0,A0200,AN/APG-68(V)9,SEARCH,B0200,89.97417864148173,0.0,0.0,0.0,0.0,Friendly
253.0,B0200,N001VE,SEARCH,None,0.0,0.0,0.0,0.0,0.0,Enemy
253.20000000000002,A0100,AN/APG-68(V)9,SEARCH,B0200,100.82624178976269,0.0,0.0,0.0,0.0,Friendly
253.20000000000002,A0200,AN/APG-68(V)9,SEARCH,B0200,90.06405432034165,0.0,0.0,0.0,0.0,Friendly
253.20000000000002,B0200,N001VE,SEARCH,None,0.0,0.0,0.0,0.0,0.0,Enemy
253.4,A0100,AN/APG-68(V)9,SEARCH,B0200,100.91187888302568,0.0,0.0,0.0,0.0,Friendly
253.4,A0200,AN/APG-68(V)9,SEARCH,B0200,90.15383333504606,0.0,0.0,0.0,0.0,Friendly
253.4,B0200,N001VE,SEARCH,None,0.0,0.0,0.0,0.0,0.0,Enemy
253.60000000000002,A0100,AN/APG-68(V)9,SEARCH,B0200,100.99748559234779,0.0,0.0,0.0,0.0,Friendly
253.60000000000002,A0200,AN/APG-68(V)9,SEARCH,B0200,90.24357848920035,0.0,0.0,0.0,0.0,Friendly
253.60000000000002,B0200,N001VE,SEARCH,None,0.0,0.0,0.0,0.0,0.0,Enemy
253.8,A0100,AN/APG-68(V)9,SEARCH,B0200,101.08319378884178,0.0,0.0,0.0,0.0,Friendly
253.8,A0200,AN/APG-68(V)9,SEARCH,B0200,90.333439399297,0.0,0.0,0.0,0.0,Friendly
253.8,B0200,N001VE,SEARCH,None,0.0,0.0,0.0,0.0,0.0,Enemy
254.0,A0100,AN/APG-68(V)9,SEARCH,B0200,101.16891653552462,0.0,0.0,0.0,0.0,Friendly
254.0,A0200,AN/APG-68(V)9,SEARCH,B0200,90.42333408527827,0.0,0.0,0.0,0.0,Friendly
254.0,B0200,N001VE,SEARCH,None,0.0,0.0,0.0,0.0,0.0,Enemy
254.20000000000002,A0100,AN/APG-68(V)9,SEARCH,B0200,101.25447846894721,0.0,0.0,0.0,0.0,Friendly
254.20000000000002,A0200,AN/APG-68(V)9,SEARCH,B0200,90.51312287756916,0.0,0.0,0.0,0.0,Friendly
254.20000000000002,B0200,N001VE,SEARCH,None,0.0,0.0,0.0,0.0,0.0,Enemy
254.4,A0100,AN/APG-68(V)9,SEARCH,B0200,101.3399935531114,0.0,0.0,0.0,0.0,Friendly
254.4,A0200,AN/APG-68(V)9,SEARCH,B0200,90.60290876444101,0.0,0.0,0.0,0.0,Friendly
254.4,B0200,N001VE,SEARCH,None,0.0,0.0,0.0,0.0,0.0,Enemy
254.60000000000002,A0100,AN/APG-68(V)9,SEARCH,B0200,101.42556577480761,0.0,0.0,0.0,0.0,Friendly
254.60000000000002,A0200,AN/APG-68(V)9,SEARCH,B0200,90.69280362670202,0.0,0.0,0.0,0.0,Friendly
254.60000000000002,B0200,N001VE,SEARCH,None,0.0,0.0,0.0,0.0,0.0,Enemy
254.8,A0100,AN/APG-68(V)9,SEARCH,B0200,101.51116478705688,0.0,0.0,0.0,0.0,Friendly
254.8,A0200,AN/APG-68(V)9,SEARCH,B0200,90.78273151805301,0.0,0.0,0.0,0.0,Friendly
254.8,B0200,N001VE,SEARCH,None,0.0,0.0,0.0,0.0,0.0,Enemy
255.0,A0100,AN/APG-68(V)9,SEARCH,B0200,101.59677822389237,0.0,0.0,0.0,0.0,Friendly
255.0,A0200,AN/APG-68(V)9,SEARCH,B0200,90.87258427887755,0.0,0.0,0.0,0.0,Friendly
255.0,B0200,N001VE,SEARCH,None,0.0,0.0,0.0,0.0,0.0,Enemy
255.20000000000002,A0100,AN/APG-68(V)9,SEARCH,B0200,101.68241022329742,0.0,0.0,0.0,0.0,Friendly
255.20000000000002,A0200,AN/APG-68(V)9,SEARCH,B0200,90.96241769701307,0.0,0.0,0.0,0.0,Friendly
255.20000000000002,B0200,N001VE,SEARCH,None,0.0,0.0,0.0,0.0,0.0,Enemy
255.4,A0100,AN/APG-68(V)9,SEARCH,B0200,101.76800313914215,0.0,0.0,0.0,0.0,Friendly
255.4,A0200,AN/APG-68(V)9,SEARCH,B0200,91.05225066383537,0.0,0.0,0.0,0.0,Friendly
255.4,B0200,N001VE,SEARCH,None,0.0,0.0,0.0,0.0,0.0,Enemy
255.60000000000002,A0100,AN/APG-68(V)9,SEARCH,B0200,101.85352697014203,0.0,0.0,0.0,0.0,Friendly
255.60000000000002,A0200,AN/APG-68(V)9,SEARCH,B0200,91.14201768706899,0.0,0.0,0.0,0.0,Friendly
255.60000000000002,B0200,N001VE,SEARCH,None,0.0,0.0,0.0,0.0,0.0,Enemy
255.8,A0100,AN/APG-68(V)9,SEARCH,B0200,101.93898049499012,0.0,0.0,0.0,0.0,Friendly
255.8,A0200,AN/APG-68(V)9,SEARCH,B0200,91.23170320241871,0.0,0.0,0.0,0.0,Friendly
255.8,B0200,N001VE,SEARCH,None,0.0,0.0,0.0,0.0,0.0,Enemy
256.0,A0100,AN/APG-68(V)9,SEARCH,B0200,102.02439149727886,0.0,0.0,0.0,0.0,Friendly
256.0,A0200,AN/APG-68(V)9,SEARCH,B0200,91.32134640098738,0.0,0.0,0.0,0.0,Friendly
256.0,B0200,N001VE,SEARCH,None,0.0,0.0,0.0,0.0,0.0,Enemy
256.2,A0100,AN/APG-68(V)9,SEARCH,B0200,102.10976331245924,0.0,0.0,0.0,0.0,Friendly
256.2,A0200,AN/APG-68(V)9,SEARCH,B0200,91.41099668677946,0.0,0.0,0.0,0.0,Friendly
256.2,B0200,N001VE,SEARCH,None,0.0,0.0,0.0,0.0,0.0,Enemy
256.40000000000003,A0100,AN/APG-68(V)9,SEARCH,B0200,102.19500902809345,0.0,0.0,0.0,0.0,Friendly
256.40000000000003,A0200,AN/APG-68(V)9,SEARCH,B0200,91.50067292165738,0.0,0.0,0.0,0.0,Friendly
256.40000000000003,B0200,N001VE,SEARCH,None,0.0,0.0,0.0,0.0,0.0,Enemy
256.6,A0100,AN/APG-68(V)9,SEARCH,B0200,102.28015086193165,0.0,0.0,0.0,0.0,Friendly
256.6,A0200,AN/APG-68(V)9,SEARCH,B0200,91.59040084808368,0.0,0.0,0.0,0.0,Friendly
256.6,B0200,N001VE,SEARCH,None,0.0,0.0,0.0,0.0,0.0,Enemy
256.8,A0100,AN/APG-68(V)9,SEARCH,B0200,102.36525898708008,0.0,0.0,0.0,0.0,Friendly
256.8,A0200,AN/APG-68(V)9,SEARCH,B0200,91.68007779901563,0.0,0.0,0.0,0.0,Friendly
256.8,B0200,N001VE,SEARCH,None,0.0,0.0,0.0,0.0,0.0,Enemy
257.0,A0100,AN/APG-68(V)9,SEARCH,B0200,102.45036981933664,0.0,0.0,0.0,0.0,Friendly
257.0,A0200,AN/APG-68(V)9,SEARCH,B0200,91.76972137539995,0.0,0.0,0.0,0.0,Friendly
257.0,B0200,N001VE,SEARCH,None,0.0,0.0,0.0,0.0,0.0,Enemy
257.2,A0100,AN/APG-68(V)9,SEARCH,B0200,102.5354399648291,0.0,0.0,0.0,0.0,Friendly
257.2,A0200,AN/APG-68(V)9,SEARCH,B0200,91.85935532451629,0.0,0.0,0.0,0.0,Friendly
257.2,B0200,N001VE,SEARCH,None,0.0,0.0,0.0,0.0,0.0,Enemy
257.40000000000003,A0100,AN/APG-68(V)9,SEARCH,B0200,102.62045152012968,0.0,0.0,0.0,0.0,Friendly
257.40000000000003,A0200,AN/APG-68(V)9,SEARCH,B0200,91.94900241542557,0.0,0.0,0.0,0.0,Friendly
257.40000000000003,B0200,N001VE,SEARCH,None,0.0,0.0,0.0,0.0,0.0,Enemy
257.6,A0100,AN/APG-68(V)9,SEARCH,B0200,102.70550012164654,0.0,0.0,0.0,0.0,Friendly
257.6,A0200,AN/APG-68(V)9,SEARCH,B0200,92.0386645842687,0.0,0.0,0.0,0.0,Friendly
257.6,B0200,N001VE,SEARCH,None,0.0,0.0,0.0,0.0,0.0,Enemy
257.8,A0100,AN/APG-68(V)9,SEARCH,B0200,102.79058624162866,0.0,0.0,0.0,0.0,Friendly
257.8,A0200,AN/APG-68(V)9,SEARCH,B0200,92.12833006513209,0.0,0.0,0.0,0.0,Friendly
257.8,B0200,N001VE,SEARCH,None,0.0,0.0,0.0,0.0,0.0,Enemy
258.0,A0100,AN/APG-68(V)9,SEARCH,B0200,102.87565522220362,0.0,0.0,0.0,0.0,Friendly
258.0,A0200,AN/APG-68(V)9,SEARCH,B0200,92.2179805678958,0.0,0.0,0.0,0.0,Friendly
258.0,B0200,N001VE,SEARCH,None,0.0,0.0,0.0,0.0,0.0,Enemy
258.2,A0100,AN/APG-68(V)9,SEARCH,B0200,102.9606731397076,0.0,0.0,0.0,0.0,Friendly
258.2,A0200,AN/APG-68(V)9,SEARCH,B0200,92.30763530674045,0.0,0.0,0.0,0.0,Friendly
258.2,B0200,N001VE,SEARCH,None,0.0,0.0,0.0,0.0,0.0,Enemy
258.40000000000003,A0100,AN/APG-68(V)9,SEARCH,B0200,103.0457055620275,0.0,0.0,0.0,0.0,Friendly
258.40000000000003,A0200,AN/APG-68(V)9,SEARCH,B0200,92.39728231234722,0.0,0.0,0.0,0.0,Friendly
258.40000000000003,B0200,N001VE,SEARCH,None,0.0,0.0,0.0,0.0,0.0,Enemy
258.6,A0100,AN/APG-68(V)9,SEARCH,B0200,103.13072007511774,0.0,0.0,0.0,0.0,Friendly
258.6,A0200,AN/APG-68(V)9,SEARCH,B0200,92.48693621099716,0.0,0.0,0.0,0.0,Friendly
258.6,B0200,N001VE,SEARCH,None,0.0,0.0,0.0,0.0,0.0,Enemy
258.8,A0100,AN/APG-68(V)9,SEARCH,B0200,103.21575737461363,0.0,0.0,0.0,0.0,Friendly
258.8,A0200,AN/APG-68(V)9,SEARCH,B0200,92.5765455323998,0.0,0.0,0.0,0.0,Friendly
258.8,B0200,N001VE,SEARCH,None,0.0,0.0,0.0,0.0,0.0,Enemy
259.0,A0100,AN/APG-68(V)9,SEARCH,B0200,103.30076718009416,0.0,0.0,0.0,0.0,Friendly
259.0,A0200,AN/APG-68(V)9,SEARCH,B0200,92.66610164720993,0.0,0.0,0.0,0.0,Friendly
259.0,B0200,N001VE,SEARCH,None,0.0,0.0,0.0,0.0,0.0,Enemy
259.2,A0100,AN/APG-68(V)9,SEARCH,B0200,103.38579872668524,0.0,0.0,0.0,0.0,Friendly
259.2,A0200,AN/APG-68(V)9,SEARCH,B0200,92.75566105616917,0.0,0.0,0.0,0.0,Friendly
259.2,B0200,N001VE,SEARCH,None,0.0,0.0,0.0,0.0,0.0,Enemy
259.40000000000003,A0100,AN/APG-68(V)9,SEARCH,B0200,103.47077275828948,0.0,0.0,0.0,0.0,Friendly
259.40000000000003,A0200,AN/APG-68(V)9,SEARCH,B0200,92.84522565261693,0.0,0.0,0.0,0.0,Friendly
259.40000000000003,B0200,N001VE,SEARCH,None,0.0,0.0,0.0,0.0,0.0,Enemy
259.6,A0100,AN/APG-68(V)9,SEARCH,B0200,103.55578742047624,0.0,0.0,0.0,0.0,Friendly
259.6,A0200,AN/APG-68(V)9,SEARCH,B0200,92.93482114691895,0.0,0.0,0.0,0.0,Friendly
259.6,B0200,N001VE,SEARCH,None,0.0,0.0,0.0,0.0,0.0,Enemy
259.8,A0100,AN/APG-68(V)9,SEARCH,B0200,103.64080441696981,0.0,0.0,0.0,0.0,Friendly
259.8,A0200,AN/APG-68(V)9,SEARCH,B0200,93.02431288421194,0.0,0.0,0.0,0.0,Friendly
259.8,B0200,N001VE,SEARCH,None,0.0,0.0,0.0,0.0,0.0,Enemy
260.0,A0100,AN/APG-68(V)9,SEARCH,B0200,103.72569724335673,0.0,0.0,0.0,0.0,Friendly
260.0,A0200,AN/APG-68(V)9,SEARCH,B0200,93.11377085333255,0.0,0.0,0.0,0.0,Friendly
260.0,B0200,N001VE,SEARCH,None,0.0,0.0,0.0,0.0,0.0,Enemy
260.2,A0100,AN/APG-68(V)9,SEARCH,B0200,103.8105716224039,0.0,0.0,0.0,0.0,Friendly
260.2,A0200,AN/APG-68(V)9,SEARCH,B0200,93.20328469198239,0.0,0.0,0.0,0.0,Friendly
260.2,B0200,N001VE,SEARCH,None,0.0,0.0,0.0,0.0,0.0,Enemy
260.40000000000003,A0100,AN/APG-68(V)9,SEARCH,B0200,103.89556510942967,0.0,0.0,0.0,0.0,Friendly
260.40000000000003,A0200,AN/APG-68(V)9,SEARCH,B0200,93.29283732318939,0.0,0.0,0.0,0.0,Friendly
260.40000000000003,B0200,N001VE,SEARCH,None,0.0,0.0,0.0,0.0,0.0,Enemy
260.6,A0100,AN/APG-68(V)9,SEARCH,B0200,103.98060841102728,0.0,0.0,0.0,0.0,Friendly
260.6,A0200,AN/APG-68(V)9,SEARCH,B0200,93.38228192884216,0.0,0.0,0.0,0.0,Friendly
260.6,B0200,N001VE,SEARCH,None,0.0,0.0,0.0,0.0,0.0,Enemy
260.8,A0100,AN/APG-68(V)9,SEARCH,B0200,104.06556005496472,0.0,0.0,0.0,0.0,Friendly
260.8,A0200,AN/APG-68(V)9,SEARCH,B0200,93.4715638650768,0.0,0.0,0.0,0.0,Friendly
260.8,B0200,N001VE,SEARCH,None,0.0,0.0,0.0,0.0,0.0,Enemy
261.0,A0100,AN/APG-68(V)9,SEARCH,B0200,104.15044971768413,0.0,0.0,0.0,0.0,Friendly
261.0,A0200,AN/APG-68(V)9,SEARCH,B0200,93.56084262643304,0.0,0.0,0.0,0.0,Friendly
261.0,B0200,N001VE,SEARCH,None,0.0,0.0,0.0,0.0,0.0,Enemy
261.2,A0100,AN/APG-68(V)9,SEARCH,B0200,104.23530531670465,0.0,0.0,0.0,0.0,Friendly
261.2,A0200,AN/APG-68(V)9,SEARCH,B0200,93.65013141321334,0.0,0.0,0.0,0.0,Friendly
261.2,B0200,N001VE,SEARCH,None,0.0,0.0,0.0,0.0,0.0,Enemy
261.40000000000003,A0100,AN/APG-68(V)9,SEARCH,B0200,104.32023720778407,0.0,0.0,0.0,0.0,Friendly
261.40000000000003,A0200,AN/APG-68(V)9,SEARCH,B0200,93.73949149380358,0.0,0.0,0.0,0.0,Friendly
261.40000000000003,B0200,N001VE,SEARCH,None,0.0,0.0,0.0,0.0,0.0,Enemy
261.6,A0100,AN/APG-68(V)9,SEARCH,B0200,104.40524697877615,0.0,0.0,0.0,0.0,Friendly
261.6,A0200,AN/APG-68(V)9,SEARCH,B0200,93.82887472880527,0.0,0.0,0.0,0.0,Friendly
261.6,B0200,N001VE,SEARCH,None,0.0,0.0,0.0,0.0,0.0,Enemy
261.8,A0100,AN/APG-68(V)9,SEARCH,B0200,104.49011900667267,0.0,0.0,0.0,0.0,Friendly
261.8,A0200,AN/APG-68(V)9,SEARCH,B0200,93.91811319609634,0.0,0.0,0.0,0.0,Friendly
261.8,B0200,N001VE,SEARCH,None,0.0,0.0,0.0,0.0,0.0,Enemy
262.0,A0100,AN/APG-68(V)9,SEARCH,B0200,104.57499830382535,0.0,0.0,0.0,0.0,Friendly
262.0,A0200,AN/APG-68(V)9,SEARCH,B0200,94.00736701540691,0.0,0.0,0.0,0.0,Friendly
262.0,B0200,N001VE,SEARCH,None,0.0,0.0,0.0,0.0,0.0,Enemy
262.2,A0100,AN/APG-68(V)9,SEARCH,B0200,104.66001617591522,0.0,0.0,0.0,0.0,Friendly
262.2,A0200,AN/APG-68(V)9,SEARCH,B0200,94.09675019821876,0.0,0.0,0.0,0.0,Friendly
262.2,B0200,N001VE,SEARCH,None,0.0,0.0,0.0,0.0,0.0,Enemy
262.40000000000003,A0100,AN/APG-68(V)9,SEARCH,B0200,104.74507192194851,0.0,0.0,0.0,0.0,Friendly
262.40000000000003,A0200,AN/APG-68(V)9,SEARCH,B0200,94.18619174273616,0.0,0.0,0.0,0.0,Friendly
262.40000000000003,B0200,N001VE,SEARCH,None,0.0,0.0,0.0,0.0,0.0,Enemy
262.6,A0100,AN/APG-68(V)9,SEARCH,B0200,104.83007483109336,0.0,0.0,0.0,0.0,Friendly
262.6,A0200,AN/APG-68(V)9,SEARCH,B0200,94.2756068180944,0.0,0.0,0.0,0.0,Friendly
262.6,B0200,N001VE,SEARCH,None,0.0,0.0,0.0,0.0,0.0,Enemy
262.8,A0100,AN/APG-68(V)9,SEARCH,B0200,104.91503908970344,0.0,0.0,0.0,0.0,Friendly
262.8,A0200,AN/APG-68(V)9,SEARCH,B0200,94.36487910539799,0.0,0.0,0.0,0.0,Friendly
262.8,B0200,N001VE,SEARCH,None,0.0,0.0,0.0,0.0,0.0,Enemy
263.0,A0100,AN/APG-68(V)9,SEARCH,B0200,105.00001613182343,0.0,0.0,0.0,0.0,Friendly
263.0,A0200,AN/APG-68(V)9,SEARCH,B0200,94.45408792072598,0.0,0.0,0.0,0.0,Friendly
263.0,B0200,N001VE,SEARCH,None,0.0,0.0,0.0,0.0,0.0,Enemy
263.2,A0100,AN/APG-68(V)9,SEARCH,B0200,105.08492634582095,0.0,0.0,0.0,0.0,Friendly
263.2,A0200,AN/APG-68(V)9,SEARCH,B0200,94.54322326162547,0.0,0.0,0.0,0.0,Friendly
263.2,B0200,N001VE,SEARCH,None,0.0,0.0,0.0,0.0,0.0,Enemy
263.40000000000003,A0100,AN/APG-68(V)9,SEARCH,B0200,105.16985190841605,0.0,0.0,0.0,0.0,Friendly
263.40000000000003,A0200,AN/APG-68(V)9,SEARCH,B0200,94.63238953669162,0.0,0.0,0.0,0.0,Friendly
263.40000000000003,B0200,N001VE,SEARCH,None,0.0,0.0,0.0,0.0,0.0,Enemy
263.6,A0100,AN/APG-68(V)9,SEARCH,B0200,105.25481112465654,0.0,0.0,0.0,0.0,Friendly
263.6,A0200,AN/APG-68(V)9,SEARCH,B0200,94.72153708718982,0.0,0.0,0.0,0.0,Friendly
263.6,B0200,N001VE,SEARCH,None,0.0,0.0,0.0,0.0,0.0,Enemy
263.8,A0100,AN/APG-68(V)9,SEARCH,B0200,105.33974198997021,0.0,0.0,0.0,0.0,Friendly
263.8,A0200,AN/APG-68(V)9,SEARCH,B0200,94.81063460021632,0.0,0.0,0.0,0.0,Friendly
263.8,B0200,N001VE,SEARCH,None,0.0,0.0,0.0,0.0,0.0,Enemy
264.0,A0100,AN/APG-68(V)9,SEARCH,B0200,105.42469997875195,0.0,0.0,0.0,0.0,Friendly
264.0,A0200,AN/APG-68(V)9,SEARCH,B0200,94.89979057448483,0.0,0.0,0.0,0.0,Friendly
264.0,B0200,N001VE,SEARCH,None,0.0,0.0,0.0,0.0,0.0,Enemy
264.2,A0100,AN/APG-68(V)9,SEARCH,B0200,105.50967705174759,0.0,0.0,0.0,0.0,Friendly
264.2,A0200,AN/APG-68(V)9,SEARCH,B0200,94.98896863302818,0.0,0.0,0.0,0.0,Friendly
264.2,B0200,N001VE,SEARCH,None,0.0,0.0,0.0,0.0,0.0,Enemy
264.40000000000003,A0100,AN/APG-68(V)9,SEARCH,B0200,105.59461241017888,0.0,0.0,0.0,0.0,Friendly
264.40000000000003,A0200,AN/APG-68(V)9,SEARCH,B0200,95.07799933153181,0.0,0.0,0.0,0.0,Friendly
264.40000000000003,B0200,N001VE,SEARCH,None,0.0,0.0,0.0,0.0,0.0,Enemy
264.6,A0100,AN/APG-68(V)9,SEARCH,B0200,105.67964185342554,0.0,0.0,0.0,0.0,Friendly
264.6,A0200,AN/APG-68(V)9,SEARCH,B0200,95.16702514384234,0.0,0.0,0.0,0.0,Friendly
264.6,B0200,N001VE,SEARCH,None,0.0,0.0,0.0,0.0,0.0,Enemy
264.8,A0100,AN/APG-68(V)9,SEARCH,B0200,105.764737714146,0.0,0.0,0.0,0.0,Friendly
264.8,A0200,AN/APG-68(V)9,SEARCH,B0200,95.25608707338151,0.0,0.0,0.0,0.0,Friendly
264.8,B0200,N001VE,SEARCH,None,0.0,0.0,0.0,0.0,0.0,Enemy
265.0,A0100,AN/APG-68(V)9,SEARCH,B0200,105.84981886206435,0.0,0.0,0.0,0.0,Friendly
265.0,A0200,AN/APG-68(V)9,SEARCH,B0200,95.34515232944206,0.0,0.0,0.0,0.0,Friendly
265.0,B0200,N001VE,SEARCH,None,0.0,0.0,0.0,0.0,0.0,Enemy
265.2,A0100,AN/APG-68(V)9,SEARCH,B0200,105.93482444154577,0.0,0.0,0.0,0.0,Friendly
265.2,A0200,AN/APG-68(V)9,SEARCH,B0200,95.43414149298032,0.0,0.0,0.0,0.0,Friendly
265.2,B0200,N001VE,SEARCH,None,0.0,0.0,0.0,0.0,0.0,Enemy
265.40000000000003,A0100,AN/APG-68(V)9,SEARCH,B0200,106.01993781866048,0.0,0.0,0.0,0.0,Friendly
265.40000000000003,A0200,AN/APG-68(V)9,SEARCH,B0200,95.52307419805648,0.0,0.0,0.0,0.0,Friendly
265.40000000000003,B0200,N001VE,SEARCH,None,0.0,0.0,0.0,0.0,0.0,Enemy
265.6,A0100,AN/APG-68(V)9,SEARCH,B0200,106.10514985068795,0.0,0.0,0.0,0.0,Friendly
265.6,A0200,AN/APG-68(V)9,SEARCH,B0200,95.61204917450932,0.0,0.0,0.0,0.0,Friendly
265.6,B0200,N001VE,SEARCH,None,0.0,0.0,0.0,0.0,0.0,Enemy
265.8,A0100,AN/APG-68(V)9,SEARCH,B0200,106.19026954469209,0.0,0.0,0.0,0.0,Friendly
265.8,A0200,AN/APG-68(V)9,SEARCH,B0200,95.701015488751,0.0,0.0,0.0,0.0,Friendly
265.8,B0200,N001VE,SEARCH,None,0.0,0.0,0.0,0.0,0.0,Enemy
266.0,A0100,AN/APG-68(V)9,SEARCH,B0200,106.27534751439761,0.0,0.0,0.0,0.0,Friendly
266.0,A0200,AN/APG-68(V)9,SEARCH,B0200,95.7899544004773,0.0,0.0,0.0,0.0,Friendly
266.0,B0200,N001VE,SEARCH,None,0.0,0.0,0.0,0.0,0.0,Enemy
266.2,A0100,AN/APG-68(V)9,SEARCH,B0200,106.360496780862,0.0,0.0,0.0,0.0,Friendly
266.2,A0200,AN/APG-68(V)9,SEARCH,B0200,95.87886868202798,0.0,0.0,0.0,0.0,Friendly
266.2,B0200,N001VE,SEARCH,None,0.0,0.0,0.0,0.0,0.0,Enemy
266.40000000000003,A0100,AN/APG-68(V)9,SEARCH,B0200,106.44568838697842,0.0,0.0,0.0,0.0,Friendly
266.40000000000003,A0200,AN/APG-68(V)9,SEARCH,B0200,95.96772514221772,0.0,0.0,0.0,0.0,Friendly
266.40000000000003,B0200,N001VE,SEARCH,None,0.0,0.0,0.0,0.0,0.0,Enemy
266.6,A0100,AN/APG-68(V)9,SEARCH,B0200,106.53079959493782,0.0,0.0,0.0,0.0,Friendly
266.6,A0200,AN/APG-68(V)9,SEARCH,B0200,96.05652923982544,0.0,0.0,0.0,0.0,Friendly
266.6,B0200,N001VE,SEARCH,None,0.0,0.0,0.0,0.0,0.0,Enemy
266.8,A0100,AN/APG-68(V)9,SEARCH,B0200,106.61585812768338,0.0,0.0,0.0,0.0,Friendly
266.8,A0200,AN/APG-68(V)9,SEARCH,B0200,96.145382566588,0.0,0.0,0.0,0.0,Friendly
266.8,B0200,N001VE,SEARCH,None,0.0,0.0,0.0,0.0,0.0,Enemy
267.0,A0100,AN/APG-68(V)9,SEARCH,B0200,106.70096135723207,0.0,0.0,0.0,0.0,Friendly
267.0,A0200,AN/APG-68(V)9,SEARCH,B0200,96.23423459822143,0.0,0.0,0.0,0.0,Friendly
267.0,B0200,N001VE,SEARCH,None,0.0,0.0,0.0,0.0,0.0,Enemy
267.2,A0100,AN/APG-68(V)9,SEARCH,B0200,106.7860937556845,0.0,0.0,0.0,0.0,Friendly
267.2,A0200,AN/APG-68(V)9,SEARCH,B0200,96.32305691795321,0.0,0.0,0.0,0.0,Friendly
267.2,B0200,N001VE,SEARCH,None,0.0,0.0,0.0,0.0,0.0,Enemy
267.40000000000003,A0100,AN/APG-68(V)9,SEARCH,B0200,106.8712175496152,0.0,0.0,0.0,0.0,Friendly
267.40000000000003,A0200,AN/APG-68(V)9,SEARCH,B0200,96.41192847104433,0.0,0.0,0.0,0.0,Friendly
267.40000000000003,B0200,N001VE,SEARCH,None,0.0,0.0,0.0,0.0,0.0,Enemy
267.6,A0100,AN/APG-68(V)9,SEARCH,B0200,106.95630052439805,0.0,0.0,0.0,0.0,Friendly
267.6,A0200,AN/APG-68(V)9,SEARCH,B0200,96.5007747570821,0.0,0.0,0.0,0.0,Friendly
267.6,B0200,N001VE,SEARCH,None,0.0,0.0,0.0,0.0,0.0,Enemy
267.8,A0100,AN/APG-68(V)9,SEARCH,B0200,107.0414159952039,0.0,0.0,0.0,0.0,Friendly
267.8,A0200,AN/APG-68(V)9,SEARCH,B0200,96.58960714759984,0.0,0.0,0.0,0.0,Friendly
267.8,B0200,N001VE,SEARCH,None,0.0,0.0,0.0,0.0,0.0,Enemy
268.0,A0100,AN/APG-68(V)9,SEARCH,B0200,107.12652931522877,0.0,0.0,0.0,0.0,Friendly
268.0,A0200,AN/APG-68(V)9,SEARCH,B0200,96.67836196492019,0.0,0.0,0.0,0.0,Friendly
268.0,B0200,N001VE,SEARCH,None,0.0,0.0,0.0,0.0,0.0,Enemy
268.2,A0100,AN/APG-68(V)9,SEARCH,B0200,107.21151075993298,0.0,0.0,0.0,0.0,Friendly
268.2,A0200,AN/APG-68(V)9,SEARCH,B0200,96.76703045825937,0.0,0.0,0.0,0.0,Friendly
268.2,B0200,N001VE,SEARCH,None,0.0,0.0,0.0,0.0,0.0,Enemy
268.40000000000003,A0100,AN/APG-68(V)9,SEARCH,B0200,107.29632501672452,0.0,0.0,0.0,0.0,Friendly
268.40000000000003,A0200,AN/APG-68(V)9,SEARCH,B0200,96.85556744525312,0.0,0.0,0.0,0.0,Friendly
268.40000000000003,B0200,N001VE,SEARCH,None,0.0,0.0,0.0,0.0,0.0,Enemy
268.6,A0100,AN/APG-68(V)9,SEARCH,B0200,107.38110023050201,0.0,0.0,0.0,0.0,Friendly
268.6,A0200,AN/APG-68(V)9,SEARCH,B0200,96.94404837248108,0.0,0.0,0.0,0.0,Friendly
268.6,B0200,N001VE,SEARCH,None,0.0,0.0,0.0,0.0,0.0,Enemy
268.8,A0100,AN/APG-68(V)9,SEARCH,B0200,107.46584249458719,0.0,0.0,0.0,0.0,Friendly
268.8,A0200,AN/APG-68(V)9,SEARCH,B0200,97.03248596863983,0.0,0.0,0.0,0.0,Friendly
268.8,B0200,N001VE,SEARCH,None,0.0,0.0,0.0,0.0,0.0,Enemy
269.0,A0100,AN/APG-68(V)9,SEARCH,B0200,107.55052316939235,0.0,0.0,0.0,0.0,Friendly
269.0,A0200,AN/APG-68(V)9,SEARCH,B0200,97.12088117967114,0.0,0.0,0.0,0.0,Friendly
269.0,B0200,N001VE,SEARCH,None,0.0,0.0,0.0,0.0,0.0,Enemy
269.2,A0100,AN/APG-68(V)9,SEARCH,B0200,107.63515298861311,0.0,0.0,0.0,0.0,Friendly
269.2,A0200,AN/APG-68(V)9,SEARCH,B0200,97.20928533546412,0.0,0.0,0.0,0.0,Friendly
269.2,B0200,N001VE,SEARCH,None,0.0,0.0,0.0,0.0,0.0,Enemy
269.40000000000003,A0100,AN/APG-68(V)9,SEARCH,B0200,107.71979896979113,0.0,0.0,0.0,0.0,Friendly
269.40000000000003,A0200,AN/APG-68(V)9,SEARCH,B0200,97.2977071776038,0.0,0.0,0.0,0.0,Friendly
269.40000000000003,B0200,N001VE,SEARCH,None,0.0,0.0,0.0,0.0,0.0,Enemy
269.6,A0100,AN/APG-68(V)9,SEARCH,B0200,107.80453084741346,0.0,0.0,0.0,0.0,Friendly
269.6,A0200,AN/APG-68(V)9,SEARCH,B0200,97.38608847478778,0.0,0.0,0.0,0.0,Friendly
269.6,B0200,N001VE,SEARCH,None,0.0,0.0,0.0,0.0,0.0,Enemy
269.8,A0100,AN/APG-68(V)9,SEARCH,B0200,107.88920764516165,0.0,0.0,0.0,0.0,Friendly
269.8,A0200,AN/APG-68(V)9,SEARCH,B0200,97.47439547078541,0.0,0.0,0.0,0.0,Friendly
269.8,B0200,N001VE,SEARCH,None,0.0,0.0,0.0,0.0,0.0,Enemy
270.0,A0100,AN/APG-68(V)9,SEARCH,B0200,107.97385434417865,0.0,0.0,0.0,0.0,Friendly
270.0,A0200,AN/APG-68(V)9,SEARCH,B0200,97.562712109279,0.0,0.0,0.0,0.0,Friendly
270.0,B0200,N001VE,SEARCH,None,0.0,0.0,0.0,0.0,0.0,Enemy
270.2,A0100,AN/APG-68(V)9,SEARCH,B0200,108.0585915622179,0.0,0.0,0.0,0.0,Friendly
270.2,A0200,AN/APG-68(V)9,SEARCH,B0200,97.65108952726507,0.0,0.0,0.0,0.0,Friendly
270.2,B0200,N001VE,SEARCH,None,0.0,0.0,0.0,0.0,0.0,Enemy
270.40000000000003,A0100,AN/APG-68(V)9,SEARCH,B0200,108.14336454444553,0.0,0.0,0.0,0.0,Friendly
270.40000000000003,A0200,AN/APG-68(V)9,SEARCH,B0200,97.73944601762975,0.0,0.0,0.0,0.0,Friendly
270.40000000000003,B0200,N001VE,SEARCH,None,0.0,0.0,0.0,0.0,0.0,Enemy
270.6,A0100,AN/APG-68(V)9,SEARCH,B0200,108.2280648416827,0.0,0.0,0.0,0.0,Friendly
270.6,A0200,AN/APG-68(V)9,SEARCH,B0200,97.82767843357853,0.0,0.0,0.0,0.0,Friendly
270.6,B0200,N001VE,SEARCH,None,0.0,0.0,0.0,0.0,0.0,Enemy
270.8,A0100,AN/APG-68(V)9,SEARCH,B0200,108.31281177604994,0.0,0.0,0.0,0.0,Friendly
270.8,A0200,AN/APG-68(V)9,SEARCH,B0200,97.91594315875922,0.0,0.0,0.0,0.0,Friendly
270.8,B0200,N001VE,SEARCH,None,0.0,0.0,0.0,0.0,0.0,Enemy
271.0,A0100,AN/APG-68(V)9,SEARCH,B0200,108.39764775100639,0.0,0.0,0.0,0.0,Friendly
271.0,A0200,AN/APG-68(V)9,SEARCH,B0200,98.00433805909032,0.0,0.0,0.0,0.0,Friendly
271.0,B0200,N001VE,SEARCH,None,0.0,0.0,0.0,0.0,0.0,Enemy
271.2,A0100,AN/APG-68(V)9,SEARCH,B0200,108.48249426773417,0.0,0.0,0.0,0.0,Friendly
271.2,A0200,AN/APG-68(V)9,SEARCH,B0200,98.09278444504082,0.0,0.0,0.0,0.0,Friendly
271.2,B0200,N001VE,SEARCH,None,0.0,0.0,0.0,0.0,0.0,Enemy
271.40000000000003,A0100,AN/APG-68(V)9,SEARCH,B0200,108.56723321871509,0.0,0.0,0.0,0.0,Friendly
271.40000000000003,A0200,AN/APG-68(V)9,SEARCH,B0200,98.18111981874927,0.0,0.0,0.0,0.0,Friendly
271.40000000000003,B0200,N001VE,SEARCH,None,0.0,0.0,0.0,0.0,0.0,Enemy
271.6,A0100,AN/APG-68(V)9,SEARCH,B0200,108.6519591628928,0.0,0.0,0.0,0.0,Friendly
271.6,A0200,AN/APG-68(V)9,SEARCH,B0200,98.26938177943846,0.0,0.0,0.0,0.0,Friendly
271.6,B0200,N001VE,SEARCH,None,0.0,0.0,0.0,0.0,0.0,Enemy
271.8,A0100,AN/APG-68(V)9,SEARCH,B0200,108.73669046790631,0.0,0.0,0.0,0.0,Friendly
271.8,A0200,AN/APG-68(V)9,SEARCH,B0200,98.35766585000145,0.0,0.0,0.0,0.0,Friendly
271.8,B0200,N001VE,SEARCH,None,0.0,0.0,0.0,0.0,0.0,Enemy
272.0,A0100,AN/APG-68(V)9,SEARCH,B0200,108.82135141070424,0.0,0.0,0.0,0.0,Friendly
272.0,A0200,AN/APG-68(V)9,SEARCH,B0200,98.44596023772118,0.0,0.0,0.0,0.0,Friendly
272.0,B0200,N001VE,SEARCH,None,0.0,0.0,0.0,0.0,0.0,Enemy
272.2,A0100,AN/APG-68(V)9,SEARCH,B0200,108.90604956113233,0.0,0.0,0.0,0.0,Friendly
272.2,A0200,AN/APG-68(V)9,SEARCH,B0200,98.53424002185045,0.0,0.0,0.0,0.0,Friendly
272.2,B0200,N001VE,SEARCH,None,0.0,0.0,0.0,0.0,0.0,Enemy
272.40000000000003,A0100,AN/APG-68(V)9,SEARCH,B0200,108.99082206350008,0.0,0.0,0.0,0.0,Friendly
272.40000000000003,A0200,AN/APG-68(V)9,SEARCH,B0200,98.62251757757743,0.0,0.0,0.0,0.0,Friendly
272.40000000000003,B0200,N001VE,SEARCH,None,0.0,0.0,0.0,0.0,0.0,Enemy
272.6,A0100,AN/APG-68(V)9,SEARCH,B0200,109.0755259236403,0.0,0.0,0.0,0.0,Friendly
272.6,A0200,AN/APG-68(V)9,SEARCH,B0200,98.71082239368093,0.0,0.0,0.0,0.0,Friendly
272.6,B0200,N001VE,SEARCH,None,0.0,0.0,0.0,0.0,0.0,Enemy
272.8,A0100,AN/APG-68(V)9,SEARCH,B0200,109.16020264793671,0.0,0.0,0.0,0.0,Friendly
272.8,A0200,AN/APG-68(V)9,SEARCH,B0200,98.79916445108945,0.0,0.0,0.0,0.0,Friendly
272.8,B0200,N001VE,SEARCH,None,0.0,0.0,0.0,0.0,0.0,Enemy
273.0,A0100,AN/APG-68(V)9,SEARCH,B0200,109.24487136674273,0.0,0.0,0.0,0.0,Friendly
273.0,A0200,AN/APG-68(V)9,SEARCH,B0200,98.88742393654599,0.0,0.0,0.0,0.0,Friendly
273.0,B0200,N001VE,SEARCH,None,0.0,0.0,0.0,0.0,0.0,Enemy
273.2,A0100,AN/APG-68(V)9,SEARCH,B0200,109.32956051644122,0.0,0.0,0.0,0.0,Friendly
273.2,A0200,AN/APG-68(V)9,SEARCH,B0200,98.97567701070831,0.0,0.0,0.0,0.0,Friendly
273.2,B0200,N001VE,SEARCH,None,0.0,0.0,0.0,0.0,0.0,Enemy
273.40000000000003,A0100,AN/APG-68(V)9,SEARCH,B0200,109.41424833818027,0.0,0.0,0.0,0.0,Friendly
273.40000000000003,A0200,AN/APG-68(V)9,SEARCH,B0200,99.06395307542736,0.0,0.0,0.0,0.0,Friendly
273.40000000000003,B0200,N001VE,SEARCH,None,0.0,0.0,0.0,0.0,0.0,Enemy
273.6,A0100,AN/APG-68(V)9,SEARCH,B0200,109.49890531507756,0.0,0.0,0.0,0.0,Friendly
273.6,A0200,AN/APG-68(V)9,SEARCH,B0200,99.15217301610807,0.0,0.0,0.0,0.0,Friendly
273.6,B0200,N001VE,SEARCH,None,0.0,0.0,0.0,0.0,0.0,Enemy
273.8,A0100,AN/APG-68(V)9,SEARCH,B0200,109.58350040905637,0.0,0.0,0.0,0.0,Friendly
273.8,A0200,AN/APG-68(V)9,SEARCH,B0200,99.24031378217781,0.0,0.0,0.0,0.0,Friendly
273.8,B0200,N001VE,SEARCH,None,0.0,0.0,0.0,0.0,0.0,Enemy
274.0,A0100,AN/APG-68(V)9,SEARCH,B0200,109.66812334317099,0.0,0.0,0.0,0.0,Friendly
274.0,A0200,AN/APG-68(V)9,SEARCH,B0200,99.32852535763234,0.0,0.0,0.0,0.0,Friendly
274.0,B0200,N001VE,SEARCH,None,0.0,0.0,0.0,0.0,0.0,Enemy
274.2,A0100,AN/APG-68(V)9,SEARCH,B0200,109.75286596818418,0.0,0.0,0.0,0.0,Friendly
274.2,A0200,AN/APG-68(V)9,SEARCH,B0200,99.41679998740038,0.0,0.0,0.0,0.0,Friendly
274.2,B0200,N001VE,SEARCH,None,0.0,0.0,0.0,0.0,0.0,Enemy
274.40000000000003,A0100,AN/APG-68(V)9,SEARCH,B0200,109.83762767064556,0.0,0.0,0.0,0.0,Friendly
274.40000000000003,A0200,AN/APG-68(V)9,SEARCH,B0200,99.50495464733494,0.0,0.0,0.0,0.0,Friendly
274.40000000000003,B0200,N001VE,SEARCH,None,0.0,0.0,0.0,0.0,0.0,Enemy
274.6,A0100,AN/APG-68(V)9,SEARCH,B0200,109.92231057730022,0.0,0.0,0.0,0.0,Friendly
274.6,A0200,AN/APG-68(V)9,SEARCH,B0200,99.5930653637761,0.0,0.0,0.0,0.0,Friendly
274.6,B0200,N001VE,SEARCH,None,0.0,0.0,0.0,0.0,0.0,Enemy
274.8,A0100,AN/APG-68(V)9,SEARCH,B0200,110.00700504882019,0.0,0.0,0.0,0.0,Friendly
274.8,A0200,AN/APG-68(V)9,SEARCH,B0200,99.6812641493161,0.0,0.0,0.0,0.0,Friendly
274.8,B0200,N001VE,SEARCH,None,0.0,0.0,0.0,0.0,0.0,Enemy
275.0,A0100,AN/APG-68(V)9,SEARCH,B0200,110.09174438855847,0.0,0.0,0.0,0.0,Friendly
275.0,A0200,AN/APG-68(V)9,SEARCH,B0200,99.76949143122604,0.0,0.0,0.0,0.0,Friendly
275.0,B0200,N001VE,SEARCH,None,0.0,0.0,0.0,0.0,0.0,Enemy
275.2,A0100,AN/APG-68(V)9,SEARCH,B0200,110.17641012599219,0.0,0.0,0.0,0.0,Friendly
275.2,A0200,AN/APG-68(V)9,SEARCH,B0200,99.85760593368497,0.0,0.0,0.0,0.0,Friendly
275.2,B0200,N001VE,SEARCH,None,0.0,0.0,0.0,0.0,0.0,Enemy
275.40000000000003,A0100,AN/APG-68(V)9,SEARCH,B0200,110.26095622053438,0.0,0.0,0.0,0.0,Friendly
275.40000000000003,A0200,AN/APG-68(V)9,SEARCH,B0200,99.94560553278123,0.0,0.0,0.0,0.0,Friendly
275.40000000000003,B0200,N001VE,SEARCH,None,0.0,0.0,0.0,0.0,0.0,Enemy
275.6,A0100,AN/APG-68(V)9,SEARCH,B0200,110.34550444865552,0.0,0.0,0.0,0.0,Friendly
275.6,A0200,AN/APG-68(V)9,SEARCH,B0200,100.03360058199094,0.0,0.0,0.0,0.0,Friendly
275.6,B0200,N001VE,SEARCH,None,0.0,0.0,0.0,0.0,0.0,Enemy
275.8,A0100,AN/APG-68(V)9,SEARCH,B0200,110.43002221005395,0.0,0.0,0.0,0.0,Friendly
275.8,A0200,AN/APG-68(V)9,SEARCH,B0200,100.1215340021435,0.0,0.0,0.0,0.0,Friendly
275.8,B0200,N001VE,SEARCH,None,0.0,0.0,0.0,0.0,0.0,Enemy
276.0,A0100,AN/APG-68(V)9,SEARCH,B0200,110.51449361829118,0.0,0.0,0.0,0.0,Friendly
276.0,A0200,AN/APG-68(V)9,SEARCH,B0200,100.20946003375434,0.0,0.0,0.0,0.0,Friendly
276.0,B0200,N001VE,SEARCH,None,0.0,0.0,0.0,0.0,0.0,Enemy
276.2,A0100,AN/APG-68(V)9,SEARCH,B0200,110.59902994222085,0.0,0.0,0.0,0.0,Friendly
276.2,A0200,AN/APG-68(V)9,SEARCH,B0200,100.29739953731762,0.0,0.0,0.0,0.0,Friendly
276.2,B0200,N001VE,SEARCH,None,0.0,0.0,0.0,0.0,0.0,Enemy
276.40000000000003,A0100,AN/APG-68(V)9,SEARCH,B0200,110.68366681190061,0.0,0.0,0.0,0.0,Friendly
276.40000000000003,A0200,AN/APG-68(V)9,SEARCH,B0200,100.38529472805764,0.0,0.0,0.0,0.0,Friendly
276.40000000000003,B0200,N001VE,SEARCH,None,0.0,0.0,0.0,0.0,0.0,Enemy
276.6,A0100,AN/APG-68(V)9,SEARCH,B0200,110.76829764709454,0.0,0.0,0.0,0.0,Friendly
276.6,A0200,AN/APG-68(V)9,SEARCH,B0200,100.473203411095,0.0,0.0,0.0,0.0,Friendly
276.6,B0200,N001VE,SEARCH,None,0.0,0.0,0.0,0.0,0.0,Enemy
276.8,A0100,AN/APG-68(V)9,SEARCH,B0200,110.85288235670684,0.0,0.0,0.0,0.0,Friendly
276.8,A0200,AN/APG-68(V)9,SEARCH,B0200,100.56114311689129,0.0,0.0,0.0,0.0,Friendly
276.8,B0200,N001VE,SEARCH,None,0.0,0.0,0.0,0.0,0.0,Enemy
277.0,A0100,AN/APG-68(V)9,SEARCH,B0200,110.93742297986965,0.0,0.0,0.0,0.0,Friendly
277.0,A0200,AN/APG-68(V)9,SEARCH,B0200,100.64908699661027,0.0,0.0,0.0,0.0,Friendly
277.0,B0200,N001VE,SEARCH,None,0.0,0.0,0.0,0.0,0.0,Enemy
277.2,A0100,AN/APG-68(V)9,SEARCH,B0200,111.02199721427392,0.0,0.0,0.0,0.0,Friendly
277.2,A0200,AN/APG-68(V)9,SEARCH,B0200,100.73703699657702,0.0,0.0,0.0,0.0,Friendly
277.2,B0200,N001VE,SEARCH,None,0.0,0.0,0.0,0.0,0.0,Enemy
277.40000000000003,A0100,AN/APG-68(V)9,SEARCH,B0200,111.10656822884947,0.0,0.0,0.0,0.0,Friendly
277.40000000000003,A0200,AN/APG-68(V)9,SEARCH,B0200,100.82497917069902,0.0,0.0,0.0,0.0,Friendly
277.40000000000003,B0200,N001VE,SEARCH,None,0.0,0.0,0.0,0.0,0.0,Enemy
277.6,A0100,AN/APG-68(V)9,SEARCH,B0200,111.19112047037866,0.0,0.0,0.0,0.0,Friendly
277.6,A0200,AN/APG-68(V)9,SEARCH,B0200,100.91287925067688,0.0,0.0,0.0,0.0,Friendly
277.6,B0200,N001VE,SEARCH,None,0.0,0.0,0.0,0.0,0.0,Enemy
277.8,A0100,AN/APG-68(V)9,SEARCH,B0200,111.27565547756853,0.0,0.0,0.0,0.0,Friendly
277.8,A0200,AN/APG-68(V)9,SEARCH,B0200,101.00077593334689,0.0,0.0,0.0,0.0,Friendly
277.8,B0200,N001VE,SEARCH,None,0.0,0.0,0.0,0.0,0.0,Enemy
278.0,A0100,AN/APG-68(V)9,SEARCH,B0200,111.36012828818224,0.0,0.0,0.0,0.0,Friendly
278.0,A0200,AN/APG-68(V)9,SEARCH,B0200,101.08865840023795,0.0,0.0,0.0,0.0,Friendly
278.0,B0200,N001VE,SEARCH,None,0.0,0.0,0.0,0.0,0.0,Enemy
278.2,A0100,AN/APG-68(V)9,SEARCH,B0200,111.44460451566012,0.0,0.0,0.0,0.0,Friendly
278.2,A0200,AN/APG-68(V)9,SEARCH,B0200,101.17644177471078,0.0,0.0,0.0,0.0,Friendly
278.2,B0200,N001VE,SEARCH,None,0.0,0.0,0.0,0.0,0.0,Enemy
278.40000000000003,A0100,AN/APG-68(V)9,SEARCH,B0200,111.52913764268492,0.0,0.0,0.0,0.0,Friendly
278.40000000000003,A0200,AN/APG-68(V)9,SEARCH,B0200,101.26418030334968,0.0,0.0,0.0,0.0,Friendly
278.40000000000003,B0200,N001VE,SEARCH,None,0.0,0.0,0.0,0.0,0.0,Enemy
278.6,A0100,AN/APG-68(V)9,SEARCH,B0200,111.61362368042731,0.0,0.0,0.0,0.0,Friendly
278.6,A0200,AN/APG-68(V)9,SEARCH,B0200,101.35197130091402,0.0,0.0,0.0,0.0,Friendly
278.6,B0200,N001VE,SEARCH,None,0.0,0.0,0.0,0.0,0.0,Enemy
278.8,A0100,AN/APG-68(V)9,SEARCH,B0200,111.69801031051989,0.0,0.0,0.0,0.0,Friendly
278.8,A0200,AN/APG-68(V)9,SEARCH,B0200,101.43975456061881,0.0,0.0,0.0,0.0,Friendly
278.8,B0200,N001VE,SEARCH,None,0.0,0.0,0.0,0.0,0.0,Enemy
279.0,A0100,AN/APG-68(V)9,SEARCH,B0200,111.7824668561142,0.0,0.0,0.0,0.0,Friendly
279.0,A0200,AN/APG-68(V)9,SEARCH,B0200,101.5275686962128,0.0,0.0,0.0,0.0,Friendly
279.0,B0200,N001VE,SEARCH,None,0.0,0.0,0.0,0.0,0.0,Enemy
279.2,A0100,AN/APG-68(V)9,SEARCH,B0200,111.86698335333216,0.0,0.0,0.0,0.0,Friendly
279.2,A0200,AN/APG-68(V)9,SEARCH,B0200,101.61540748907701,0.0,0.0,0.0,0.0,Friendly
279.2,B0200,N001VE,SEARCH,None,0.0,0.0,0.0,0.0,0.0,Enemy
279.40000000000003,A0100,AN/APG-68(V)9,SEARCH,B0200,111.95143122607598,0.0,0.0,0.0,0.0,Friendly
279.40000000000003,A0200,AN/APG-68(V)9,SEARCH,B0200,101.70318897421369,0.0,0.0,0.0,0.0,Friendly
279.40000000000003,B0200,N001VE,SEARCH,None,0.0,0.0,0.0,0.0,0.0,Enemy
279.6,A0100,AN/APG-68(V)9,SEARCH,B0200,112.03585870956688,0.0,0.0,0.0,0.0,Friendly
279.6,A0200,AN/APG-68(V)9,SEARCH,B0200,101.79094187289343,0.0,0.0,0.0,0.0,Friendly
279.6,B0200,N001VE,SEARCH,None,0.0,0.0,0.0,0.0,0.0,Enemy
279.8,A0100,AN/APG-68(V)9,SEARCH,B0200,112.12023501975692,0.0,0.0,0.0,0.0,Friendly
279.8,A0200,AN/APG-68(V)9,SEARCH,B0200,101.87867910964634,0.0,0.0,0.0,0.0,Friendly
279.8,B0200,N001VE,SEARCH,None,0.0,0.0,0.0,0.0,0.0,Enemy
280.0,A0100,AN/APG-68(V)9,SEARCH,B0200,112.20452998230678,0.0,0.0,0.0,0.0,Friendly
280.0,A0200,AN/APG-68(V)9,SEARCH,B0200,101.96636150315983,0.0,0.0,0.0,0.0,Friendly
280.0,B0200,N001VE,SEARCH,None,0.0,0.0,0.0,0.0,0.0,Enemy
280.2,A0100,AN/APG-68(V)9,SEARCH,B0200,112.28889817218116,0.0,0.0,0.0,0.0,Friendly
280.2,A0200,AN/APG-68(V)9,SEARCH,B0200,102.05408188570377,0.0,0.0,0.0,0.0,Friendly
280.2,B0200,N001VE,SEARCH,None,0.0,0.0,0.0,0.0,0.0,Enemy
280.40000000000003,A0100,AN/APG-68(V)9,SEARCH,B0200,112.3733335224004,0.0,0.0,0.0,0.0,Friendly
280.40000000000003,A0200,AN/APG-68(V)9,SEARCH,B0200,102.14180070450622,0.0,0.0,0.0,0.0,Friendly
280.40000000000003,B0200,N001VE,SEARCH,None,0.0,0.0,0.0,0.0,0.0,Enemy
280.6,A0100,AN/APG-68(V)9,SEARCH,B0200,112.45763628688525,0.0,0.0,0.0,0.0,Friendly
280.6,A0200,AN/APG-68(V)9,SEARCH,B0200,102.2294275230013,0.0,0.0,0.0,0.0,Friendly
280.6,B0200,N001VE,SEARCH,None,0.0,0.0,0.0,0.0,0.0,Enemy
280.8,A0100,AN/APG-68(V)9,SEARCH,B0200,112.54194206771204,0.0,0.0,0.0,0.0,Friendly
280.8,A0200,AN/APG-68(V)9,SEARCH,B0200,102.31710759858956,0.0,0.0,0.0,0.0,Friendly
280.8,B0200,N001VE,SEARCH,None,0.0,0.0,0.0,0.0,0.0,Enemy
281.0,A0100,AN/APG-68(V)9,SEARCH,B0200,112.62636079316857,0.0,0.0,0.0,0.0,Friendly
281.0,A0200,AN/APG-68(V)9,SEARCH,B0200,102.4049097788072,0.0,0.0,0.0,0.0,Friendly
281.0,B0200,N001VE,SEARCH,None,0.0,0.0,0.0,0.0,0.0,Enemy
281.2,A0100,AN/APG-68(V)9,SEARCH,B0200,112.71079249697932,0.0,0.0,0.0,0.0,Friendly
281.2,A0200,AN/APG-68(V)9,SEARCH,B0200,102.49270550551739,0.0,0.0,0.0,0.0,Friendly
281.2,B0200,N001VE,SEARCH,None,0.0,0.0,0.0,0.0,0.0,Enemy
281.40000000000003,A0100,AN/APG-68(V)9,SEARCH,B0200,112.79515457407933,0.0,0.0,0.0,0.0,Friendly
281.40000000000003,A0200,AN/APG-68(V)9,SEARCH,B0200,102.58038889678531,0.0,0.0,0.0,0.0,Friendly
281.40000000000003,B0200,N001VE,SEARCH,None,0.0,0.0,0.0,0.0,0.0,Enemy
281.6,A0100,AN/APG-68(V)9,SEARCH,B0200,112.87942478166525,0.0,0.0,0.0,0.0,Friendly
281.6,A0200,AN/APG-68(V)9,SEARCH,B0200,102.6678602084367,0.0,0.0,0.0,0.0,Friendly
281.6,B0200,N001VE,SEARCH,None,0.0,0.0,0.0,0.0,0.0,Enemy
281.8,A0100,AN/APG-68(V)9,SEARCH,B0200,112.96359932128189,0.0,0.0,0.0,0.0,Friendly
281.8,A0200,AN/APG-68(V)9,SEARCH,B0200,102.75516084703374,0.0,0.0,0.0,0.0,Friendly
281.8,B0200,N001VE,SEARCH,None,0.0,0.0,0.0,0.0,0.0,Enemy
282.0,A0100,AN/APG-68(V)9,SEARCH,B0200,113.04777053414594,0.0,0.0,0.0,0.0,Friendly
282.0,A0200,AN/APG-68(V)9,SEARCH,B0200,102.84245420777366,0.0,0.0,0.0,0.0,Friendly
282.0,B0200,N001VE,SEARCH,None,0.0,0.0,0.0,0.0,0.0,Enemy
282.2,A0100,AN/APG-68(V)9,SEARCH,B0200,113.13205099252198,0.0,0.0,0.0,0.0,Friendly
282.2,A0200,AN/APG-68(V)9,SEARCH,B0200,102.92978665489093,0.0,0.0,0.0,0.0,Friendly
282.2,B0200,N001VE,SEARCH,None,0.0,0.0,0.0,0.0,0.0,Enemy
282.40000000000003,A0100,AN/APG-68(V)9,SEARCH,B0200,113.21634530487307,0.0,0.0,0.0,0.0,Friendly
282.40000000000003,A0200,AN/APG-68(V)9,SEARCH,B0200,103.01704236706327,0.0,0.0,0.0,0.0,Friendly
282.40000000000003,B0200,N001VE,SEARCH,None,0.0,0.0,0.0,0.0,0.0,Enemy
282.6,A0100,AN/APG-68(V)9,SEARCH,B0200,113.30052435024339,0.0,0.0,0.0,0.0,Friendly
282.6,A0200,AN/APG-68(V)9,SEARCH,B0200,103.10424518914837,0.0,0.0,0.0,0.0,Friendly
282.6,B0200,N001VE,SEARCH,None,0.0,0.0,0.0,0.0,0.0,Enemy
282.8,A0100,AN/APG-68(V)9,SEARCH,B0200,113.38463829957642,0.0,0.0,0.0,0.0,Friendly
282.8,A0200,AN/APG-68(V)9,SEARCH,B0200,103.19141394899745,0.0,0.0,0.0,0.0,Friendly
282.8,B0200,N001VE,SEARCH,None,0.0,0.0,0.0,0.0,0.0,Enemy
283.0,A0100,AN/APG-68(V)9,SEARCH,B0200,113.46880671382468,0.0,0.0,0.0,0.0,Friendly
283.0,A0200,AN/APG-68(V)9,SEARCH,B0200,103.27868520527907,0.0,0.0,0.0,0.0,Friendly
283.0,B0200,N001VE,SEARCH,None,0.0,0.0,0.0,0.0,0.0,Enemy
283.2,A0100,AN/APG-68(V)9,SEARCH,B0200,113.55296139147713,0.0,0.0,0.0,0.0,Friendly
283.2,A0200,AN/APG-68(V)9,SEARCH,B0200,103.36597696911535,0.0,0.0,0.0,0.0,Friendly
283.2,B0200,N001VE,SEARCH,None,0.0,0.0,0.0,0.0,0.0,Enemy
283.40000000000003,A0100,AN/APG-68(V)9,SEARCH,B0200,113.63695833471597,0.0,0.0,0.0,0.0,Friendly
283.40000000000003,A0200,AN/APG-68(V)9,SEARCH,B0200,103.45309751203787,0.0,0.0,0.0,0.0,Friendly
283.40000000000003,B0200,N001VE,SEARCH,None,0.0,0.0,0.0,0.0,0.0,Enemy
283.6,A0100,AN/APG-68(V)9,SEARCH,B0200,113.72086456498472,0.0,0.0,0.0,0.0,Friendly
283.6,A0200,AN/APG-68(V)9,SEARCH,B0200,103.54002870782232,0.0,0.0,0.0,0.0,Friendly
283.6,B0200,N001VE,SEARCH,None,0.0,0.0,0.0,0.0,0.0,Enemy
283.8,A0100,AN/APG-68(V)9,SEARCH,B0200,113.80476800472537,0.0,0.0,0.0,0.0,Friendly
283.8,A0200,AN/APG-68(V)9,SEARCH,B0200,103.62689951580103,0.0,0.0,0.0,0.0,Friendly
283.8,B0200,N001VE,SEARCH,None,0.0,0.0,0.0,0.0,0.0,Enemy
284.0,A0100,AN/APG-68(V)9,SEARCH,B0200,113.88862575665385,0.0,0.0,0.0,0.0,Friendly
284.0,A0200,AN/APG-68(V)9,SEARCH,B0200,103.71378430181339,0.0,0.0,0.0,0.0,Friendly
284.0,B0200,N001VE,SEARCH,None,0.0,0.0,0.0,0.0,0.0,Enemy
284.2,A0100,AN/APG-68(V)9,SEARCH,B0200,113.97257351010701,0.0,0.0,0.0,0.0,Friendly
284.2,A0200,AN/APG-68(V)9,SEARCH,B0200,103.80078098742617,0.0,0.0,0.0,0.0,Friendly
284.2,B0200,N001VE,SEARCH,None,0.0,0.0,0.0,0.0,0.0,Enemy
284.40000000000003,A0100,AN/APG-68(V)9,SEARCH,B0200,114.05654306703717,0.0,0.0,0.0,0.0,Friendly
284.40000000000003,A0200,AN/APG-68(V)9,SEARCH,B0200,103.88778118060797,0.0,0.0,0.0,0.0,Friendly
284.40000000000003,B0200,N001VE,SEARCH,None,0.0,0.0,0.0,0.0,0.0,Enemy
284.6,A0100,AN/APG-68(V)9,SEARCH,B0200,114.14038137845128,0.0,0.0,0.0,0.0,Friendly
284.6,A0200,AN/APG-68(V)9,SEARCH,B0200,103.97467806213284,0.0,0.0,0.0,0.0,Friendly
284.6,B0200,N001VE,SEARCH,None,0.0,0.0,0.0,0.0,0.0,Enemy
284.8,A0100,AN/APG-68(V)9,SEARCH,B0200,114.22408833334597,0.0,0.0,0.0,0.0,Friendly
284.8,A0200,AN/APG-68(V)9,SEARCH,B0200,104.06162950860147,0.0,0.0,0.0,0.0,Friendly
284.8,B0200,N001VE,SEARCH,None,0.0,0.0,0.0,0.0,0.0,Enemy
285.0,A0100,AN/APG-68(V)9,SEARCH,B0200,114.30776687277645,0.0,0.0,0.0,0.0,Friendly
285.0,A0200,AN/APG-68(V)9,SEARCH,B0200,104.14864466511635,0.0,0.0,0.0,0.0,Friendly
285.0,B0200,N001VE,SEARCH,None,0.0,0.0,0.0,0.0,0.0,Enemy
285.2,A0100,AN/APG-68(V)9,SEARCH,B0200,114.39147304527832,0.0,0.0,0.0,0.0,Friendly
285.2,A0200,AN/APG-68(V)9,SEARCH,B0200,104.23565635459393,0.0,0.0,0.0,0.0,Friendly
285.2,B0200,N001VE,SEARCH,None,0.0,0.0,0.0,0.0,0.0,Enemy
285.40000000000003,A0100,AN/APG-68(V)9,SEARCH,B0200,114.47520503676648,0.0,0.0,0.0,0.0,Friendly
285.40000000000003,A0200,AN/APG-68(V)9,SEARCH,B0200,104.32264310346501,0.0,0.0,0.0,0.0,Friendly
285.40000000000003,B0200,N001VE,SEARCH,None,0.0,0.0,0.0,0.0,0.0,Enemy
285.6,A0100,AN/APG-68(V)9,SEARCH,B0200,114.55888489311499,0.0,0.0,0.0,0.0,Friendly
285.6,A0200,AN/APG-68(V)9,SEARCH,B0200,104.4095038494844,0.0,0.0,0.0,0.0,Friendly
285.6,B0200,N001VE,SEARCH,None,0.0,0.0,0.0,0.0,0.0,Enemy
285.8,A0100,AN/APG-68(V)9,SEARCH,B0200,114.64251848230968,0.0,0.0,0.0,0.0,Friendly
285.8,A0200,AN/APG-68(V)9,SEARCH,B0200,104.4964003179212,0.0,0.0,0.0,0.0,Friendly
285.8,B0200,N001VE,SEARCH,None,0.0,0.0,0.0,0.0,0.0,Enemy
286.0,A0100,AN/APG-68(V)9,SEARCH,B0200,114.72613790989337,0.0,0.0,0.0,0.0,Friendly
286.0,A0200,AN/APG-68(V)9,SEARCH,B0200,104.5834023113844,0.0,0.0,0.0,0.0,Friendly
286.0,B0200,N001VE,SEARCH,None,0.0,0.0,0.0,0.0,0.0,Enemy
286.2,A0100,AN/APG-68(V)9,SEARCH,B0200,114.80971903220873,0.0,0.0,0.0,0.0,Friendly
286.2,A0200,AN/APG-68(V)9,SEARCH,B0200,104.67039772696192,0.0,0.0,0.0,0.0,Friendly
286.2,B0200,N001VE,SEARCH,None,0.0,0.0,0.0,0.0,0.0,Enemy
286.40000000000003,A0100,AN/APG-68(V)9,SEARCH,B0200,114.89338460391862,0.0,0.0,0.0,0.0,Friendly
286.40000000000003,A0200,AN/APG-68(V)9,SEARCH,B0200,104.7573564602242,0.0,0.0,0.0,0.0,Friendly
286.40000000000003,B0200,N001VE,SEARCH,None,0.0,0.0,0.0,0.0,0.0,Enemy
286.6,A0100,AN/APG-68(V)9,SEARCH,B0200,114.97703705057553,0.0,0.0,0.0,0.0,Friendly
286.6,A0200,AN/APG-68(V)9,SEARCH,B0200,104.8442282455719,0.0,0.0,0.0,0.0,Friendly
286.6,B0200,N001VE,SEARCH,None,0.0,0.0,0.0,0.0,0.0,Enemy
286.8,A0100,AN/APG-68(V)9,SEARCH,B0200,115.06056421136579,0.0,0.0,0.0,0.0,Friendly
286.8,A0200,AN/APG-68(V)9,SEARCH,B0200,104.93105130201533,0.0,0.0,0.0,0.0,Friendly
286.8,B0200,N001VE,SEARCH,None,0.0,0.0,0.0,0.0,0.0,Enemy
287.0,A0100,AN/APG-68(V)9,SEARCH,B0200,115.14400905552615,0.0,0.0,0.0,0.0,Friendly
287.0,A0200,AN/APG-68(V)9,SEARCH,B0200,105.01789326424111,0.0,0.0,0.0,0.0,Friendly
287.0,B0200,N001VE,SEARCH,None,0.0,0.0,0.0,0.0,0.0,Enemy
287.2,A0100,AN/APG-68(V)9,SEARCH,B0200,115.22748786490342,0.0,0.0,0.0,0.0,Friendly
287.2,A0200,AN/APG-68(V)9,SEARCH,B0200,105.10473121815173,0.0,0.0,0.0,0.0,Friendly
287.2,B0200,N001VE,SEARCH,None,0.0,0.0,0.0,0.0,0.0,Enemy
287.40000000000003,A0100,AN/APG-68(V)9,SEARCH,B0200,115.31099977319188,0.0,0.0,0.0,0.0,Friendly
287.40000000000003,A0200,AN/APG-68(V)9,SEARCH,B0200,105.19149639937984,0.0,0.0,0.0,0.0,Friendly
287.40000000000003,B0200,N001VE,SEARCH,None,0.0,0.0,0.0,0.0,0.0,Enemy
287.6,A0100,AN/APG-68(V)9,SEARCH,B0200,115.39449234848146,0.0,0.0,0.0,0.0,Friendly
287.6,A0200,AN/APG-68(V)9,SEARCH,B0200,105.27817488120058,0.0,0.0,0.0,0.0,Friendly
287.6,B0200,N001VE,SEARCH,None,0.0,0.0,0.0,0.0,0.0,Enemy
287.8,A0100,AN/APG-68(V)9,SEARCH,B0200,115.47783086067986,0.0,0.0,0.0,0.0,Friendly
287.8,A0200,AN/APG-68(V)9,SEARCH,B0200,105.36476617905565,0.0,0.0,0.0,0.0,Friendly
287.8,B0200,N001VE,SEARCH,None,0.0,0.0,0.0,0.0,0.0,Enemy
288.0,A0100,AN/APG-68(V)9,SEARCH,B0200,115.56116342925746,0.0,0.0,0.0,0.0,Friendly
288.0,A0200,AN/APG-68(V)9,SEARCH,B0200,105.45138060463486,0.0,0.0,0.0,0.0,Friendly
288.0,B0200,N001VE,SEARCH,None,0.0,0.0,0.0,0.0,0.0,Enemy
288.2,A0100,AN/APG-68(V)9,SEARCH,B0200,115.6445461242044,0.0,0.0,0.0,0.0,Friendly
288.2,A0200,AN/APG-68(V)9,SEARCH,B0200,105.53802746797462,0.0,0.0,0.0,0.0,Friendly
288.2,B0200,N001VE,SEARCH,None,0.0,0.0,0.0,0.0,0.0,Enemy
288.40000000000003,A0100,AN/APG-68(V)9,SEARCH,B0200,115.7278814733176,0.0,0.0,0.0,0.0,Friendly
288.40000000000003,A0200,AN/APG-68(V)9,SEARCH,B0200,105.62465284611628,0.0,0.0,0.0,0.0,Friendly
288.40000000000003,B0200,N001VE,SEARCH,None,0.0,0.0,0.0,0.0,0.0,Enemy
288.6,A0100,AN/APG-68(V)9,SEARCH,B0200,115.81125093697051,0.0,0.0,0.0,0.0,Friendly
288.6,A0200,AN/APG-68(V)9,SEARCH,B0200,105.7112433139689,0.0,0.0,0.0,0.0,Friendly
288.6,B0200,N001VE,SEARCH,None,0.0,0.0,0.0,0.0,0.0,Enemy
288.8,A0100,AN/APG-68(V)9,SEARCH,B0200,115.89464533355954,0.0,0.0,0.0,0.0,Friendly
288.8,A0200,AN/APG-68(V)9,SEARCH,B0200,105.79781933031347,0.0,0.0,0.0,0.0,Friendly
288.8,B0200,N001VE,SEARCH,None,0.0,0.0,0.0,0.0,0.0,Enemy
289.0,A0100,AN/APG-68(V)9,SEARCH,B0200,115.9780415054757,0.0,0.0,0.0,0.0,Friendly
289.0,A0200,AN/APG-68(V)9,SEARCH,B0200,105.88442913985679,0.0,0.0,0.0,0.0,Friendly
289.0,B0200,N001VE,SEARCH,None,0.0,0.0,0.0,0.0,0.0,Enemy
289.2,A0100,AN/APG-68(V)9,SEARCH,B0200,116.06137108571033,0.0,0.0,0.0,0.0,Friendly
289.2,A0200,AN/APG-68(V)9,SEARCH,B0200,105.97101574336168,0.0,0.0,0.0,0.0,Friendly
289.2,B0200,N001VE,SEARCH,None,0.0,0.0,0.0,0.0,0.0,Enemy
289.40000000000003,A0100,AN/APG-68(V)9,SEARCH,B0200,116.14462145584096,0.0,0.0,0.0,0.0,Friendly
289.40000000000003,A0200,AN/APG-68(V)9,SEARCH,B0200,106.0575247972916,0.0,0.0,0.0,0.0,Friendly
289.40000000000003,B0200,N001VE,SEARCH,None,0.0,0.0,0.0,0.0,0.0,Enemy
289.6,A0100,AN/APG-68(V)9,SEARCH,B0200,116.22779709384874,0.0,0.0,0.0,0.0,Friendly
289.6,A0200,AN/APG-68(V)9,SEARCH,B0200,106.14391488813918,0.0,0.0,0.0,0.0,Friendly
289.6,B0200,N001VE,SEARCH,None,0.0,0.0,0.0,0.0,0.0,Enemy
289.8,A0100,AN/APG-68(V)9,SEARCH,B0200,116.31091028943102,0.0,0.0,0.0,0.0,Friendly
289.8,A0200,AN/APG-68(V)9,SEARCH,B0200,106.23026750546077,0.0,0.0,0.0,0.0,Friendly
289.8,B0200,N001VE,SEARCH,None,0.0,0.0,0.0,0.0,0.0,Enemy
290.0,A0100,AN/APG-68(V)9,SEARCH,B0200,116.39402767734622,0.0,0.0,0.0,0.0,Friendly
290.0,A0200,AN/APG-68(V)9,SEARCH,B0200,106.31663907894803,0.0,0.0,0.0,0.0,Friendly
290.0,B0200,N001VE,SEARCH,None,0.0,0.0,0.0,0.0,0.0,Enemy
290.2,A0100,AN/APG-68(V)9,SEARCH,B0200,116.47710278528977,0.0,0.0,0.0,0.0,Friendly
290.2,A0200,AN/APG-68(V)9,SEARCH,B0200,106.40301321877182,0.0,0.0,0.0,0.0,Friendly
290.2,B0200,N001VE,SEARCH,None,0.0,0.0,0.0,0.0,0.0,Enemy
290.40000000000003,A0100,AN/APG-68(V)9,SEARCH,B0200,116.56023076351873,0.0,0.0,0.0,0.0,Friendly
290.40000000000003,A0200,AN/APG-68(V)9,SEARCH,B0200,106.48933965163627,0.0,0.0,0.0,0.0,Friendly
290.40000000000003,B0200,N001VE,SEARCH,None,0.0,0.0,0.0,0.0,0.0,Enemy
290.6,A0100,AN/APG-68(V)9,SEARCH,B0200,116.64341084827657,0.0,0.0,0.0,0.0,Friendly
290.6,A0200,AN/APG-68(V)9,SEARCH,B0200,106.57562763998794,0.0,0.0,0.0,0.0,Friendly
290.6,B0200,N001VE,SEARCH,None,0.0,0.0,0.0,0.0,0.0,Enemy
290.8,A0100,AN/APG-68(V)9,SEARCH,B0200,116.72650884546059,0.0,0.0,0.0,0.0,Friendly
290.8,A0200,AN/APG-68(V)9,SEARCH,B0200,106.66187740591114,0.0,0.0,0.0,0.0,Friendly
290.8,B0200,N001VE,SEARCH,None,0.0,0.0,0.0,0.0,0.0,Enemy
291.0,A0100,AN/APG-68(V)9,SEARCH,B0200,116.80951481958489,0.0,0.0,0.0,0.0,Friendly
291.0,A0200,AN/APG-68(V)9,SEARCH,B0200,106.74807724704442,0.0,0.0,0.0,0.0,Friendly
291.0,B0200,N001VE,SEARCH,None,0.0,0.0,0.0,0.0,0.0,Enemy
291.2,A0100,AN/APG-68(V)9,SEARCH,B0200,116.89256531614537,0.0,0.0,0.0,0.0,Friendly
291.2,A0200,AN/APG-68(V)9,SEARCH,B0200,106.83425817307757,0.0,0.0,0.0,0.0,Friendly
291.2,B0200,N001VE,SEARCH,None,0.0,0.0,0.0,0.0,0.0,Enemy
291.40000000000003,A0100,AN/APG-68(V)9,SEARCH,B0200,116.9757688360367,0.0,0.0,0.0,0.0,Friendly
291.40000000000003,A0200,AN/APG-68(V)9,SEARCH,B0200,106.92045921666487,0.0,0.0,0.0,0.0,Friendly
291.40000000000003,B0200,N001VE,SEARCH,None,0.0,0.0,0.0,0.0,0.0,Enemy
291.6,A0100,AN/APG-68(V)9,SEARCH,B0200,117.05905748478169,0.0,0.0,0.0,0.0,Friendly
291.6,A0200,AN/APG-68(V)9,SEARCH,B0200,107.00671048645263,0.0,0.0,0.0,0.0,Friendly
291.6,B0200,N001VE,SEARCH,None,0.0,0.0,0.0,0.0,0.0,Enemy
291.8,A0100,AN/APG-68(V)9,SEARCH,B0200,117.14224533863093,0.0,0.0,0.0,0.0,Friendly
291.8,A0200,AN/APG-68(V)9,SEARCH,B0200,107.0929577232778,0.0,0.0,0.0,0.0,Friendly
291.8,B0200,N001VE,SEARCH,None,0.0,0.0,0.0,0.0,0.0,Enemy
292.0,A0100,AN/APG-68(V)9,SEARCH,B0200,117.22540916472975,0.0,0.0,0.0,0.0,Friendly
292.0,A0200,AN/APG-68(V)9,SEARCH,B0200,107.17921152278745,0.0,0.0,0.0,0.0,Friendly
292.0,B0200,N001VE,SEARCH,None,0.0,0.0,0.0,0.0,0.0,Enemy
292.2,A0100,AN/APG-68(V)9,SEARCH,B0200,117.30868940861369,0.0,0.0,0.0,0.0,Friendly
292.2,A0200,AN/APG-68(V)9,SEARCH,B0200,107.26554976390783,0.0,0.0,0.0,0.0,Friendly
292.2,B0200,N001VE,SEARCH,None,0.0,0.0,0.0,0.0,0.0,Enemy
292.40000000000003,A0100,AN/APG-68(V)9,SEARCH,B0200,117.39203818994893,0.0,0.0,0.0,0.0,Friendly
292.40000000000003,A0200,AN/APG-68(V)9,SEARCH,B0200,107.35188661409404,0.0,0.0,0.0,0.0,Friendly
292.40000000000003,B0200,N001VE,SEARCH,None,0.0,0.0,0.0,0.0,0.0,Enemy
292.6,A0100,AN/APG-68(V)9,SEARCH,B0200,117.47532795058348,0.0,0.0,0.0,0.0,Friendly
292.6,A0200,AN/APG-68(V)9,SEARCH,B0200,107.4381948597782,0.0,0.0,0.0,0.0,Friendly
292.6,B0200,N001VE,SEARCH,None,0.0,0.0,0.0,0.0,0.0,Enemy
292.8,A0100,AN/APG-68(V)9,SEARCH,B0200,117.55865230847185,0.0,0.0,0.0,0.0,Friendly
292.8,A0200,AN/APG-68(V)9,SEARCH,B0200,107.52454340958242,0.0,0.0,0.0,0.0,Friendly
292.8,B0200,N001VE,SEARCH,None,0.0,0.0,0.0,0.0,0.0,Enemy
293.0,A0100,AN/APG-68(V)9,SEARCH,B0200,117.64198282702826,0.0,0.0,0.0,0.0,Friendly
293.0,A0200,AN/APG-68(V)9,SEARCH,B0200,107.61087033850295,0.0,0.0,0.0,0.0,Friendly
293.0,B0200,N001VE,SEARCH,None,0.0,0.0,0.0,0.0,0.0,Enemy
293.2,A0100,AN/APG-68(V)9,SEARCH,B0200,117.72531069878053,0.0,0.0,0.0,0.0,Friendly
293.2,A0200,AN/APG-68(V)9,SEARCH,B0200,107.69718630865357,0.0,0.0,0.0,0.0,Friendly
293.2,B0200,N001VE,SEARCH,None,0.0,0.0,0.0,0.0,0.0,Enemy
293.40000000000003,A0100,AN/APG-68(V)9,SEARCH,B0200,117.8086880041466,0.0,0.0,0.0,0.0,Friendly
293.40000000000003,A0200,AN/APG-68(V)9,SEARCH,B0200,107.78353398121222,0.0,0.0,0.0,0.0,Friendly
293.40000000000003,B0200,N001VE,SEARCH,None,0.0,0.0,0.0,0.0,0.0,Enemy
293.6,A0100,AN/APG-68(V)9,SEARCH,B0200,117.89203313555596,0.0,0.0,0.0,0.0,Friendly
293.6,A0200,AN/APG-68(V)9,SEARCH,B0200,107.8698150825119,0.0,0.0,0.0,0.0,Friendly
293.6,B0200,N001VE,SEARCH,None,0.0,0.0,0.0,0.0,0.0,Enemy
293.8,A0100,AN/APG-68(V)9,SEARCH,B0200,117.97538178264297,0.0,0.0,0.0,0.0,Friendly
293.8,A0200,AN/APG-68(V)9,SEARCH,B0200,107.9560561944334,0.0,0.0,0.0,0.0,Friendly
293.8,B0200,N001VE,SEARCH,None,0.0,0.0,0.0,0.0,0.0,Enemy
294.0,A0100,AN/APG-68(V)9,SEARCH,B0200,118.05886525550955,0.0,0.0,0.0,0.0,Friendly
294.0,A0200,AN/APG-68(V)9,SEARCH,B0200,108.04239639602667,0.0,0.0,0.0,0.0,Friendly
294.0,B0200,N001VE,SEARCH,None,0.0,0.0,0.0,0.0,0.0,Enemy
294.2,A0100,AN/APG-68(V)9,SEARCH,B0200,118.14240669649215,0.0,0.0,0.0,0.0,Friendly
294.2,A0200,AN/APG-68(V)9,SEARCH,B0200,108.12887126597644,0.0,0.0,0.0,0.0,Friendly
294.2,B0200,N001VE,SEARCH,None,0.0,0.0,0.0,0.0,0.0,Enemy
294.40000000000003,A0100,AN/APG-68(V)9,SEARCH,B0200,118.22592419626962,0.0,0.0,0.0,0.0,Friendly
294.40000000000003,A0200,AN/APG-68(V)9,SEARCH,B0200,108.21534354213198,0.0,0.0,0.0,0.0,Friendly
294.40000000000003,B0200,N001VE,SEARCH,None,0.0,0.0,0.0,0.0,0.0,Enemy
294.6,A0100,AN/APG-68(V)9,SEARCH,B0200,118.3094233679215,0.0,0.0,0.0,0.0,Friendly
294.6,A0200,AN/APG-68(V)9,SEARCH,B0200,108.30165378735563,0.0,0.0,0.0,0.0,Friendly
294.6,B0200,N001VE,SEARCH,None,0.0,0.0,0.0,0.0,0.0,Enemy
294.8,A0100,AN/APG-68(V)9,SEARCH,B0200,118.39303505129597,0.0,0.0,0.0,0.0,Friendly
294.8,A0200,AN/APG-68(V)9,SEARCH,B0200,108.38797189698188,0.0,0.0,0.0,0.0,Friendly
294.8,B0200,N001VE,SEARCH,None,0.0,0.0,0.0,0.0,0.0,Enemy
295.0,A0100,AN/APG-68(V)9,SEARCH,B0200,118.476771487764,0.0,0.0,0.0,0.0,Friendly
295.0,A0200,AN/APG-68(V)9,SEARCH,B0200,108.47443194880445,0.0,0.0,0.0,0.0,Friendly
295.0,B0200,N001VE,SEARCH,None,0.0,0.0,0.0,0.0,0.0,Enemy
295.2,A0100,AN/APG-68(V)9,SEARCH,B0200,118.56045602749711,0.0,0.0,0.0,0.0,Friendly
295.2,A0200,AN/APG-68(V)9,SEARCH,B0200,108.56094479166373,0.0,0.0,0.0,0.0,Friendly
295.2,B0200,N001VE,SEARCH,None,0.0,0.0,0.0,0.0,0.0,Enemy
295.40000000000003,A0100,AN/APG-68(V)9,SEARCH,B0200,118.64405584932241,0.0,0.0,0.0,0.0,Friendly
295.40000000000003,A0200,AN/APG-68(V)9,SEARCH,B0200,108.64737322253455,0.0,0.0,0.0,0.0,Friendly
295.40000000000003,B0200,N001VE,SEARCH,None,0.0,0.0,0.0,0.0,0.0,Enemy
295.6,A0100,AN/APG-68(V)9,SEARCH,B0200,118.72775639210217,0.0,0.0,0.0,0.0,Friendly
295.6,A0200,AN/APG-68(V)9,SEARCH,B0200,108.73378156433715,0.0,0.0,0.0,0.0,Friendly
295.6,B0200,N001VE,SEARCH,None,0.0,0.0,0.0,0.0,0.0,Enemy
295.8,A0100,AN/APG-68(V)9,SEARCH,B0200,118.81157299189998,0.0,0.0,0.0,0.0,Friendly
295.8,A0200,AN/APG-68(V)9,SEARCH,B0200,108.820219500061,0.0,0.0,0.0,0.0,Friendly
295.8,B0200,N001VE,SEARCH,None,0.0,0.0,0.0,0.0,0.0,Enemy
296.0,A0100,AN/APG-68(V)9,SEARCH,B0200,118.89535358411108,0.0,0.0,0.0,0.0,Friendly
296.0,A0200,AN/APG-68(V)9,SEARCH,B0200,108.9065887897714,0.0,0.0,0.0,0.0,Friendly
296.0,B0200,N001VE,SEARCH,None,0.0,0.0,0.0,0.0,0.0,Enemy
296.2,A0100,AN/APG-68(V)9,SEARCH,B0200,118.97907295919941,0.0,0.0,0.0,0.0,Friendly
296.2,A0200,AN/APG-68(V)9,SEARCH,B0200,108.99294409150669,0.0,0.0,0.0,0.0,Friendly
296.2,B0200,N001VE,SEARCH,None,0.0,0.0,0.0,0.0,0.0,Enemy
296.40000000000003,A0100,AN/APG-68(V)9,SEARCH,B0200,119.06280880580681,0.0,0.0,0.0,0.0,Friendly
296.40000000000003,A0200,AN/APG-68(V)9,SEARCH,B0200,109.07924951087615,0.0,0.0,0.0,0.0,Friendly
296.40000000000003,B0200,N001VE,SEARCH,None,0.0,0.0,0.0,0.0,0.0,Enemy
296.6,A0100,AN/APG-68(V)9,SEARCH,B0200,119.14656307220447,0.0,0.0,0.0,0.0,Friendly
296.6,A0200,AN/APG-68(V)9,SEARCH,B0200,109.1654127952454,0.0,0.0,0.0,0.0,Friendly
296.6,B0200,N001VE,SEARCH,None,0.0,0.0,0.0,0.0,0.0,Enemy
296.8,A0100,AN/APG-68(V)9,SEARCH,B0200,119.23036564996998,0.0,0.0,0.0,0.0,Friendly
296.8,A0200,AN/APG-68(V)9,SEARCH,B0200,109.25157817327448,0.0,0.0,0.0,0.0,Friendly
296.8,B0200,N001VE,SEARCH,None,0.0,0.0,0.0,0.0,0.0,Enemy
297.0,A0100,AN/APG-68(V)9,SEARCH,B0200,119.31413640538402,0.0,0.0,0.0,0.0,Friendly
297.0,A0200,AN/APG-68(V)9,SEARCH,B0200,109.33784714829032,0.0,0.0,0.0,0.0,Friendly
297.0,B0200,N001VE,SEARCH,None,0.0,0.0,0.0,0.0,0.0,Enemy
297.2,A0100,AN/APG-68(V)9,SEARCH,B0200,119.3978844874949,0.0,0.0,0.0,0.0,Friendly
297.2,A0200,AN/APG-68(V)9,SEARCH,B0200,109.42412312549575,0.0,0.0,0.0,0.0,Friendly
297.2,B0200,N001VE,SEARCH,None,0.0,0.0,0.0,0.0,0.0,Enemy
297.40000000000003,A0100,AN/APG-68(V)9,SEARCH,B0200,119.48175014407524,0.0,0.0,0.0,0.0,Friendly
297.40000000000003,A0200,AN/APG-68(V)9,SEARCH,B0200,109.51041913822891,0.0,0.0,0.0,0.0,Friendly
297.40000000000003,B0200,N001VE,SEARCH,None,0.0,0.0,0.0,0.0,0.0,Enemy
297.6,A0100,AN/APG-68(V)9,SEARCH,B0200,119.565682802556,0.0,0.0,0.0,0.0,Friendly
297.6,A0200,AN/APG-68(V)9,SEARCH,B0200,109.59673307820574,0.0,0.0,0.0,0.0,Friendly
297.6,B0200,N001VE,SEARCH,None,0.0,0.0,0.0,0.0,0.0,Enemy
297.8,A0100,AN/APG-68(V)9,SEARCH,B0200,119.64954669399884,0.0,0.0,0.0,0.0,Friendly
297.8,A0200,AN/APG-68(V)9,SEARCH,B0200,109.68295326092743,0.0,0.0,0.0,0.0,Friendly
297.8,B0200,N001VE,SEARCH,None,0.0,0.0,0.0,0.0,0.0,Enemy
298.0,A0100,AN/APG-68(V)9,SEARCH,B0200,119.73344742099592,0.0,0.0,0.0,0.0,Friendly
298.0,A0200,AN/APG-68(V)9,SEARCH,B0200,109.76913958803944,0.0,0.0,0.0,0.0,Friendly
298.0,B0200,N001VE,SEARCH,None,0.0,0.0,0.0,0.0,0.0,Enemy
298.2,A0100,AN/APG-68(V)9,SEARCH,B0200,119.81737386479062,0.0,0.0,0.0,0.0,Friendly
298.2,A0200,AN/APG-68(V)9,SEARCH,B0200,109.85531592218365,0.0,0.0,0.0,0.0,Friendly
298.2,B0200,N001VE,SEARCH,None,0.0,0.0,0.0,0.0,0.0,Enemy
298.40000000000003,A0100,AN/APG-68(V)9,SEARCH,B0200,119.90122136490174,0.0,0.0,0.0,0.0,Friendly
298.40000000000003,A0200,AN/APG-68(V)9,SEARCH,B0200,109.94143689919359,0.0,0.0,0.0,0.0,Friendly
298.40000000000003,B0200,N001VE,SEARCH,None,0.0,0.0,0.0,0.0,0.0,Enemy
298.6,A0100,AN/APG-68(V)9,SEARCH,B0200,119.9850841056966,0.0,0.0,0.0,0.0,Friendly
298.6,A0200,AN/APG-68(V)9,SEARCH,B0200,110.02752591708416,0.0,0.0,0.0,0.0,Friendly
298.6,B0200,N001VE,SEARCH,None,0.0,0.0,0.0,0.0,0.0,Enemy
298.8,A0100,AN/APG-68(V)9,SEARCH,B0200,120.06899806275325,0.0,0.0,0.0,0.0,Friendly
298.8,A0200,AN/APG-68(V)9,SEARCH,B0200,110.11360425878779,0.0,0.0,0.0,0.0,Friendly
298.8,B0200,N001VE,SEARCH,None,0.0,0.0,0.0,0.0,0.0,Enemy
299.0,A0100,AN/APG-68(V)9,SEARCH,B0200,120.15284347936026,0.0,0.0,0.0,0.0,Friendly
299.0,A0200,AN/APG-68(V)9,SEARCH,B0200,110.19964327412124,0.0,0.0,0.0,0.0,Friendly
299.0,B0200,N001VE,SEARCH,None,0.0,0.0,0.0,0.0,0.0,Enemy
299.2,A0100,AN/APG-68(V)9,SEARCH,B0200,120.23666023583964,0.0,0.0,0.0,0.0,Friendly
299.2,A0200,AN/APG-68(V)9,SEARCH,B0200,110.28571538863028,0.0,0.0,0.0,0.0,Friendly
299.2,B0200,N001VE,SEARCH,None,0.0,0.0,0.0,0.0,0.0,Enemy
299.40000000000003,A0100,AN/APG-68(V)9,SEARCH,B0200,120.32053761190117,0.0,0.0,0.0,0.0,Friendly
299.40000000000003,A0200,AN/APG-68(V)9,SEARCH,B0200,110.37184726632462,0.0,0.0,0.0,0.0,Friendly
299.40000000000003,B0200,N001VE,SEARCH,None,0.0,0.0,0.0,0.0,0.0,Enemy
299.6,A0100,AN/APG-68(V)9,SEARCH,B0200,120.40438256551,0.0,0.0,0.0,0.0,Friendly
299.6,A0200,AN/APG-68(V)9,SEARCH,B0200,110.45792442107772,0.0,0.0,0.0,0.0,Friendly
299.6,B0200,N001VE,SEARCH,None,0.0,0.0,0.0,0.0,0.0,Enemy
299.8,A0100,AN/APG-68(V)9,SEARCH,B0200,120.48807355467517,0.0,0.0,0.0,0.0,Friendly
299.8,A0200,AN/APG-68(V)9,SEARCH,B0200,110.54379845003326,0.0,0.0,0.0,0.0,Friendly
299.8,B0200,N001VE,SEARCH,None,0.0,0.0,0.0,0.0,0.0,Enemy
300.0,A0100,AN/APG-68(V)9,SEARCH,B0200,120.57176239305088,0.0,0.0,0.0,0.0,Friendly
300.0,A0200,AN/APG-68(V)9,SEARCH,B0200,110.62961634169764,0.0,0.0,0.0,0.0,Friendly
300.0,B0200,N001VE,SEARCH,None,0.0,0.0,0.0,0.0,0.0,Enemy
300.2,A0100,AN/APG-68(V)9,SEARCH,B0200,120.65554015597253,0.0,0.0,0.0,0.0,Friendly
300.2,A0200,AN/APG-68(V)9,SEARCH,B0200,110.71552593706352,0.0,0.0,0.0,0.0,Friendly
300.2,B0200,N001VE,SEARCH,None,0.0,0.0,0.0,0.0,0.0,Enemy
300.40000000000003,A0100,AN/APG-68(V)9,SEARCH,B0200,120.73921343295356,0.0,0.0,0.0,0.0,Friendly
300.40000000000003,A0200,AN/APG-68(V)9,SEARCH,B0200,110.80140394571015,0.0,0.0,0.0,0.0,Friendly
300.40000000000003,B0200,N001VE,SEARCH,None,0.0,0.0,0.0,0.0,0.0,Enemy
300.6,A0100,AN/APG-68(V)9,SEARCH,B0200,120.82267399634192,0.0,0.0,0.0,0.0,Friendly
300.6,A0200,AN/APG-68(V)9,SEARCH,B0200,110.88706697204859,0.0,0.0,0.0,0.0,Friendly
300.6,B0200,N001VE,SEARCH,None,0.0,0.0,0.0,0.0,0.0,Enemy
300.8,A0100,AN/APG-68(V)9,SEARCH,B0200,120.90601159266778,0.0,0.0,0.0,0.0,Friendly
300.8,A0200,AN/APG-68(V)9,SEARCH,B0200,110.97257684230537,0.0,0.0,0.0,0.0,Friendly
300.8,B0200,N001VE,SEARCH,None,0.0,0.0,0.0,0.0,0.0,Enemy
301.0,A0100,AN/APG-68(V)9,SEARCH,B0200,120.98931937211934,0.0,0.0,0.0,0.0,Friendly
301.0,A0200,AN/APG-68(V)9,SEARCH,B0200,111.05812827465446,0.0,0.0,0.0,0.0,Friendly
301.0,B0200,N001VE,SEARCH,None,0.0,0.0,0.0,0.0,0.0,Enemy
301.2,A0100,AN/APG-68(V)9,SEARCH,B0200,121.07254261832449,0.0,0.0,0.0,0.0,Friendly
301.2,A0200,AN/APG-68(V)9,SEARCH,B0200,111.143749360388,0.0,0.0,0.0,0.0,Friendly
301.2,B0200,N001VE,SEARCH,None,0.0,0.0,0.0,0.0,0.0,Enemy
301.40000000000003,A0100,AN/APG-68(V)9,SEARCH,B0200,121.15568137133532,0.0,0.0,0.0,0.0,Friendly
301.40000000000003,A0200,AN/APG-68(V)9,SEARCH,B0200,111.22951236698208,0.0,0.0,0.0,0.0,Friendly
301.40000000000003,B0200,N001VE,SEARCH,None,0.0,0.0,0.0,0.0,0.0,Enemy
301.6,A0100,AN/APG-68(V)9,SEARCH,B0200,121.23894323482496,0.0,0.0,0.0,0.0,Friendly
301.6,A0200,AN/APG-68(V)9,SEARCH,B0200,111.31557677461093,0.0,0.0,0.0,0.0,Friendly
301.6,B0200,N001VE,SEARCH,None,0.0,0.0,0.0,0.0,0.0,Enemy
301.8,A0100,AN/APG-68(V)9,SEARCH,B0200,121.3225222778139,0.0,0.0,0.0,0.0,Friendly
301.8,A0200,AN/APG-68(V)9,SEARCH,B0200,111.40192301524529,0.0,0.0,0.0,0.0,Friendly
301.8,B0200,N001VE,SEARCH,None,0.0,0.0,0.0,0.0,0.0,Enemy
302.0,A0100,AN/APG-68(V)9,SEARCH,B0200,121.4064351950774,0.0,0.0,0.0,0.0,Friendly
302.0,A0200,AN/APG-68(V)9,SEARCH,B0200,111.48861010696618,0.0,0.0,0.0,0.0,Friendly
302.0,B0200,N001VE,SEARCH,None,0.0,0.0,0.0,0.0,0.0,Enemy
302.2,A0100,AN/APG-68(V)9,SEARCH,B0200,121.49048057201249,0.0,0.0,0.0,0.0,Friendly
302.2,A0200,AN/APG-68(V)9,SEARCH,B0200,111.57556660332355,0.0,0.0,0.0,0.0,Friendly
302.2,B0200,N001VE,SEARCH,None,0.0,0.0,0.0,0.0,0.0,Enemy
302.40000000000003,A0100,AN/APG-68(V)9,SEARCH,B0200,121.57460937334443,0.0,0.0,0.0,0.0,Friendly
302.40000000000003,A0200,AN/APG-68(V)9,SEARCH,B0200,111.6627134966122,0.0,0.0,0.0,0.0,Friendly
302.40000000000003,B0200,N001VE,SEARCH,None,0.0,0.0,0.0,0.0,0.0,Enemy
302.6,A0100,AN/APG-68(V)9,SEARCH,B0200,121.65897870262754,0.0,0.0,0.0,0.0,Friendly
302.6,A0200,AN/APG-68(V)9,SEARCH,B0200,111.74986170970966,0.0,0.0,0.0,0.0,Friendly
302.6,B0200,N001VE,SEARCH,None,0.0,0.0,0.0,0.0,0.0,Enemy
302.8,A0100,AN/APG-68(V)9,SEARCH,B0200,121.74350245722039,0.0,0.0,0.0,0.0,Friendly
302.8,A0200,AN/APG-68(V)9,SEARCH,B0200,111.8366640132954,0.0,0.0,0.0,0.0,Friendly
302.8,B0200,N001VE,SEARCH,None,0.0,0.0,0.0,0.0,0.0,Enemy
303.0,A0100,AN/APG-68(V)9,SEARCH,B0200,121.82796870252709,0.0,0.0,0.0,0.0,Friendly
303.0,A0200,AN/APG-68(V)9,SEARCH,B0200,111.92303930652692,0.0,0.0,0.0,0.0,Friendly
303.0,B0200,N001VE,SEARCH,None,0.0,0.0,0.0,0.0,0.0,Enemy
303.2,A0100,AN/APG-68(V)9,SEARCH,B0200,121.9122151536141,0.0,0.0,0.0,0.0,Friendly
303.2,A0200,AN/APG-68(V)9,SEARCH,B0200,112.00912231791241,0.0,0.0,0.0,0.0,Friendly
303.2,B0200,N001VE,SEARCH,None,0.0,0.0,0.0,0.0,0.0,Enemy
303.40000000000003,A0100,AN/APG-68(V)9,SEARCH,B0200,121.99631238523078,0.0,0.0,0.0,0.0,Friendly
303.40000000000003,A0200,AN/APG-68(V)9,SEARCH,B0200,112.09499231468615,0.0,0.0,0.0,0.0,Friendly
303.40000000000003,B0200,N001VE,SEARCH,None,0.0,0.0,0.0,0.0,0.0,Enemy
303.6,A0100,AN/APG-68(V)9,SEARCH,B0200,122.08030246043378,0.0,0.0,0.0,0.0,Friendly
303.6,A0200,AN/APG-68(V)9,SEARCH,B0200,112.18068444898672,0.0,0.0,0.0,0.0,Friendly
303.6,B0200,N001VE,SEARCH,None,0.0,0.0,0.0,0.0,0.0,Enemy
303.8,A0100,AN/APG-68(V)9,SEARCH,B0200,122.16406565962151,0.0,0.0,0.0,0.0,Friendly
303.8,A0200,AN/APG-68(V)9,SEARCH,B0200,112.26625237359916,0.0,0.0,0.0,0.0,Friendly
303.8,B0200,N001VE,SEARCH,None,0.0,0.0,0.0,0.0,0.0,Enemy
304.0,A0100,AN/APG-68(V)9,SEARCH,B0200,122.24758567077076,0.0,0.0,0.0,0.0,Friendly
304.0,A0200,AN/APG-68(V)9,SEARCH,B0200,112.35183770393108,0.0,0.0,0.0,0.0,Friendly
304.0,B0200,N001VE,SEARCH,None,0.0,0.0,0.0,0.0,0.0,Enemy
304.2,A0100,AN/APG-68(V)9,SEARCH,B0200,122.33089450701519,0.0,0.0,0.0,0.0,Friendly
304.2,A0200,AN/APG-68(V)9,SEARCH,B0200,112.43753752538946,0.0,0.0,0.0,0.0,Friendly
304.2,B0200,N001VE,SEARCH,None,0.0,0.0,0.0,0.0,0.0,Enemy
304.40000000000003,A0100,AN/APG-68(V)9,SEARCH,B0200,122.41409439911028,0.0,0.0,0.0,0.0,Friendly
304.40000000000003,A0200,AN/APG-68(V)9,SEARCH,B0200,112.5233881932926,0.0,0.0,0.0,0.0,Friendly
304.40000000000003,B0200,N001VE,SEARCH,None,0.0,0.0,0.0,0.0,0.0,Enemy
304.6,A0100,AN/APG-68(V)9,SEARCH,B0200,122.49731727071571,0.0,0.0,0.0,0.0,Friendly
304.6,A0200,AN/APG-68(V)9,SEARCH,B0200,112.60942402354272,0.0,0.0,0.0,0.0,Friendly
304.6,B0200,N001VE,SEARCH,None,0.0,0.0,0.0,0.0,0.0,Enemy
304.8,A0100,AN/APG-68(V)9,SEARCH,B0200,122.58063749793912,0.0,0.0,0.0,0.0,Friendly
304.8,A0200,AN/APG-68(V)9,SEARCH,B0200,112.6956673141972,0.0,0.0,0.0,0.0,Friendly
304.8,B0200,N001VE,SEARCH,None,0.0,0.0,0.0,0.0,0.0,Enemy
305.0,A0100,AN/APG-68(V)9,SEARCH,B0200,122.66427230649559,0.0,0.0,0.0,0.0,Friendly
305.0,A0200,AN/APG-68(V)9,SEARCH,B0200,112.7821651619817,0.0,0.0,0.0,0.0,Friendly
305.0,B0200,N001VE,SEARCH,None,0.0,0.0,0.0,0.0,0.0,Enemy
305.2,A0100,AN/APG-68(V)9,SEARCH,B0200,122.74833532864581,0.0,0.0,0.0,0.0,Friendly
305.2,A0200,AN/APG-68(V)9,SEARCH,B0200,112.86897371988523,0.0,0.0,0.0,0.0,Friendly
305.2,B0200,N001VE,SEARCH,None,0.0,0.0,0.0,0.0,0.0,Enemy
305.40000000000003,A0100,AN/APG-68(V)9,SEARCH,B0200,122.832781879498,0.0,0.0,0.0,0.0,Friendly
305.40000000000003,A0200,AN/APG-68(V)9,SEARCH,B0200,112.95614735291458,0.0,0.0,0.0,0.0,Friendly
305.40000000000003,B0200,N001VE,SEARCH,None,0.0,0.0,0.0,0.0,0.0,Enemy
305.6,A0100,AN/APG-68(V)9,SEARCH,B0200,122.91748012138693,0.0,0.0,0.0,0.0,Friendly
305.6,A0200,AN/APG-68(V)9,SEARCH,B0200,113.04360241824163,0.0,0.0,0.0,0.0,Friendly
305.6,B0200,N001VE,SEARCH,None,0.0,0.0,0.0,0.0,0.0,Enemy
305.8,A0100,AN/APG-68(V)9,SEARCH,B0200,123.00228813365375,0.0,0.0,0.0,0.0,Friendly
305.8,A0200,AN/APG-68(V)9,SEARCH,B0200,113.13108387230038,0.0,0.0,0.0,0.0,Friendly
305.8,B0200,N001VE,SEARCH,None,0.0,0.0,0.0,0.0,0.0,Enemy
306.0,A0100,AN/APG-68(V)9,SEARCH,B0200,123.08695176890022,0.0,0.0,0.0,0.0,Friendly
306.0,A0200,AN/APG-68(V)9,SEARCH,B0200,113.21836575901553,0.0,0.0,0.0,0.0,Friendly
306.0,B0200,N001VE,SEARCH,None,0.0,0.0,0.0,0.0,0.0,Enemy
306.2,A0100,AN/APG-68(V)9,SEARCH,B0200,123.17134713547468,0.0,0.0,0.0,0.0,Friendly
306.2,A0200,AN/APG-68(V)9,SEARCH,B0200,113.30539414766031,0.0,0.0,0.0,0.0,Friendly
306.2,B0200,N001VE,SEARCH,None,0.0,0.0,0.0,0.0,0.0,Enemy
306.40000000000003,A0100,AN/APG-68(V)9,SEARCH,B0200,123.25548529017718,0.0,0.0,0.0,0.0,Friendly
306.40000000000003,A0200,AN/APG-68(V)9,SEARCH,B0200,113.39228621366952,0.0,0.0,0.0,0.0,Friendly
306.40000000000003,B0200,N001VE,SEARCH,None,0.0,0.0,0.0,0.0,0.0,Enemy
306.6,A0100,AN/APG-68(V)9,SEARCH,B0200,123.33965484271415,0.0,0.0,0.0,0.0,Friendly
306.6,A0200,AN/APG-68(V)9,SEARCH,B0200,113.47927919886186,0.0,0.0,0.0,0.0,Friendly
306.6,B0200,N001VE,SEARCH,None,0.0,0.0,0.0,0.0,0.0,Enemy
306.8,A0100,AN/APG-68(V)9,SEARCH,B0200,123.42403623132707,0.0,0.0,0.0,0.0,Friendly
306.8,A0200,AN/APG-68(V)9,SEARCH,B0200,113.56655983482317,0.0,0.0,0.0,0.0,Friendly
306.8,B0200,N001VE,SEARCH,None,0.0,0.0,0.0,0.0,0.0,Enemy
307.0,A0100,AN/APG-68(V)9,SEARCH,B0200,123.50864387541417,0.0,0.0,0.0,0.0,Friendly
307.0,A0200,AN/APG-68(V)9,SEARCH,B0200,113.65413091127938,0.0,0.0,0.0,0.0,Friendly
307.0,B0200,N001VE,SEARCH,None,0.0,0.0,0.0,0.0,0.0,Enemy
307.20000000000005,A0100,AN/APG-68(V)9,SEARCH,B0200,123.59355516973764,0.0,0.0,0.0,0.0,Friendly
307.20000000000005,A0200,AN/APG-68(V)9,SEARCH,B0200,113.74202282704461,0.0,0.0,0.0,0.0,Friendly
307.20000000000005,B0200,N001VE,SEARCH,None,0.0,0.0,0.0,0.0,0.0,Enemy
307.40000000000003,A0100,AN/APG-68(V)9,SEARCH,B0200,123.67878637198025,0.0,0.0,0.0,0.0,Friendly
307.40000000000003,A0200,AN/APG-68(V)9,SEARCH,B0200,113.83023207822723,0.0,0.0,0.0,0.0,Friendly
307.40000000000003,B0200,N001VE,SEARCH,None,0.0,0.0,0.0,0.0,0.0,Enemy
307.6,A0100,AN/APG-68(V)9,SEARCH,B0200,123.76435687323564,0.0,0.0,0.0,0.0,Friendly
307.6,A0200,AN/APG-68(V)9,SEARCH,B0200,113.91878860463463,0.0,0.0,0.0,0.0,Friendly
307.6,B0200,N001VE,SEARCH,None,0.0,0.0,0.0,0.0,0.0,Enemy
307.8,A0100,AN/APG-68(V)9,SEARCH,B0200,123.85013930751118,0.0,0.0,0.0,0.0,Friendly
307.8,A0200,AN/APG-68(V)9,SEARCH,B0200,114.00768978597624,0.0,0.0,0.0,0.0,Friendly
307.8,B0200,N001VE,SEARCH,None,0.0,0.0,0.0,0.0,0.0,Enemy
308.0,A0100,AN/APG-68(V)9,SEARCH,B0200,123.93599236258584,0.0,0.0,0.0,0.0,Friendly
308.0,A0200,AN/APG-68(V)9,SEARCH,B0200,114.09668110100303,0.0,0.0,0.0,0.0,Friendly
308.0,B0200,N001VE,SEARCH,None,0.0,0.0,0.0,0.0,0.0,Enemy
308.20000000000005,A0100,AN/APG-68(V)9,SEARCH,B0200,124.0219343680416,0.0,0.0,0.0,0.0,Friendly
308.20000000000005,A0200,AN/APG-68(V)9,SEARCH,B0200,114.18568521051282,0.0,0.0,0.0,0.0,Friendly
308.20000000000005,B0200,N001VE,SEARCH,None,0.0,0.0,0.0,0.0,0.0,Enemy
308.40000000000003,A0100,AN/APG-68(V)9,SEARCH,B0200,124.10798339883388,0.0,0.0,0.0,0.0,Friendly
308.40000000000003,A0200,AN/APG-68(V)9,SEARCH,B0200,114.2746896762689,0.0,0.0,0.0,0.0,Friendly
308.40000000000003,B0200,N001VE,SEARCH,None,0.0,0.0,0.0,0.0,0.0,Enemy
308.6,A0100,AN/APG-68(V)9,SEARCH,B0200,124.19409429081031,0.0,0.0,0.0,0.0,Friendly
308.6,A0200,AN/APG-68(V)9,SEARCH,B0200,114.36354785677906,0.0,0.0,0.0,0.0,Friendly
308.6,B0200,N001VE,SEARCH,None,0.0,0.0,0.0,0.0,0.0,Enemy
308.8,A0100,AN/APG-68(V)9,SEARCH,B0200,124.2801793087082,0.0,0.0,0.0,0.0,Friendly
308.8,A0200,AN/APG-68(V)9,SEARCH,B0200,114.45226094268125,0.0,0.0,0.0,0.0,Friendly
308.8,B0200,N001VE,SEARCH,None,0.0,0.0,0.0,0.0,0.0,Enemy
309.0,A0100,AN/APG-68(V)9,SEARCH,B0200,124.36615726766354,0.0,0.0,0.0,0.0,Friendly
309.0,A0200,AN/APG-68(V)9,SEARCH,B0200,114.54087000304386,0.0,0.0,0.0,0.0,Friendly
309.0,B0200,N001VE,SEARCH,None,0.0,0.0,0.0,0.0,0.0,Enemy
309.20000000000005,A0100,AN/APG-68(V)9,SEARCH,B0200,124.45220500163737,0.0,0.0,0.0,0.0,Friendly
309.20000000000005,A0200,AN/APG-68(V)9,SEARCH,B0200,114.62945780759611,0.0,0.0,0.0,0.0,Friendly
309.20000000000005,B0200,N001VE,SEARCH,None,0.0,0.0,0.0,0.0,0.0,Enemy
309.40000000000003,A0100,AN/APG-68(V)9,SEARCH,B0200,124.5384160524031,0.0,0.0,0.0,0.0,Friendly
309.40000000000003,A0200,AN/APG-68(V)9,SEARCH,B0200,114.71802049769143,0.0,0.0,0.0,0.0,Friendly
309.40000000000003,B0200,N001VE,SEARCH,None,0.0,0.0,0.0,0.0,0.0,Enemy
309.6,A0100,AN/APG-68(V)9,SEARCH,B0200,124.62481782268681,0.0,0.0,0.0,0.0,Friendly
309.6,A0200,AN/APG-68(V)9,SEARCH,B0200,114.80661877225816,0.0,0.0,0.0,0.0,Friendly
309.6,B0200,N001VE,SEARCH,None,0.0,0.0,0.0,0.0,0.0,Enemy
309.8,A0100,AN/APG-68(V)9,SEARCH,B0200,124.71137807959308,0.0,0.0,0.0,0.0,Friendly
309.8,A0200,AN/APG-68(V)9,SEARCH,B0200,114.89536573046054,0.0,0.0,0.0,0.0,Friendly
309.8,B0200,N001VE,SEARCH,None,0.0,0.0,0.0,0.0,0.0,Enemy
310.0,A0100,AN/APG-68(V)9,SEARCH,B0200,124.79798445066506,0.0,0.0,0.0,0.0,Friendly
310.0,A0200,AN/APG-68(V)9,SEARCH,B0200,114.98422681603003,0.0,0.0,0.0,0.0,Friendly
310.0,B0200,N001VE,SEARCH,None,0.0,0.0,0.0,0.0,0.0,Enemy
310.20000000000005,A0100,AN/APG-68(V)9,SEARCH,B0200,124.88480254684234,0.0,0.0,0.0,0.0,Friendly
310.20000000000005,A0200,AN/APG-68(V)9,SEARCH,B0200,115.07328023293577,0.0,0.0,0.0,0.0,Friendly
310.20000000000005,B0200,N001VE,SEARCH,None,0.0,0.0,0.0,0.0,0.0,Enemy
310.40000000000003,A0100,AN/APG-68(V)9,SEARCH,B0200,124.97183339760055,0.0,0.0,0.0,0.0,Friendly
310.40000000000003,A0200,AN/APG-68(V)9,SEARCH,B0200,115.16244121223288,0.0,0.0,0.0,0.0,Friendly
310.40000000000003,B0200,N001VE,SEARCH,None,0.0,0.0,0.0,0.0,0.0,Enemy
310.6,A0100,AN/APG-68(V)9,SEARCH,B0200,125.05897738717238,0.0,0.0,0.0,0.0,Friendly
310.6,A0200,AN/APG-68(V)9,SEARCH,B0200,115.25164199637646,0.0,0.0,0.0,0.0,Friendly
310.6,B0200,N001VE,SEARCH,None,0.0,0.0,0.0,0.0,0.0,Enemy
310.8,A0100,AN/APG-68(V)9,SEARCH,B0200,125.14624326838664,0.0,0.0,0.0,0.0,Friendly
310.8,A0200,AN/APG-68(V)9,SEARCH,B0200,115.341004262928,0.0,0.0,0.0,0.0,Friendly
310.8,B0200,N001VE,SEARCH,None,0.0,0.0,0.0,0.0,0.0,Enemy
311.0,A0100,AN/APG-68(V)9,SEARCH,B0200,125.2335904139908,0.0,0.0,0.0,0.0,Friendly
311.0,A0200,AN/APG-68(V)9,SEARCH,B0200,115.43048089267745,0.0,0.0,0.0,0.0,Friendly
311.0,B0200,N001VE,SEARCH,None,0.0,0.0,0.0,0.0,0.0,Enemy
311.20000000000005,A0100,AN/APG-68(V)9,SEARCH,B0200,125.3208565183981,0.0,0.0,0.0,0.0,Friendly
311.20000000000005,A0200,AN/APG-68(V)9,SEARCH,B0200,115.51987362603374,0.0,0.0,0.0,0.0,Friendly
311.20000000000005,B0200,N001VE,SEARCH,None,0.0,0.0,0.0,0.0,0.0,Enemy
311.40000000000003,A0100,AN/APG-68(V)9,SEARCH,B0200,125.40821327712493,0.0,0.0,0.0,0.0,Friendly
311.40000000000003,A0200,AN/APG-68(V)9,SEARCH,B0200,115.60924209666527,0.0,0.0,0.0,0.0,Friendly
311.40000000000003,B0200,N001VE,SEARCH,None,0.0,0.0,0.0,0.0,0.0,Enemy
311.6,A0100,AN/APG-68(V)9,SEARCH,B0200,125.49568556824718,0.0,0.0,0.0,0.0,Friendly
311.6,A0200,AN/APG-68(V)9,SEARCH,B0200,115.69858741156948,0.0,0.0,0.0,0.0,Friendly
311.6,B0200,N001VE,SEARCH,None,0.0,0.0,0.0,0.0,0.0,Enemy
311.8,A0100,AN/APG-68(V)9,SEARCH,B0200,125.58309049643967,0.0,0.0,0.0,0.0,Friendly
311.8,A0200,AN/APG-68(V)9,SEARCH,B0200,115.78793293892947,0.0,0.0,0.0,0.0,Friendly
311.8,B0200,N001VE,SEARCH,None,0.0,0.0,0.0,0.0,0.0,Enemy
312.0,A0100,AN/APG-68(V)9,SEARCH,B0200,125.67059650822628,0.0,0.0,0.0,0.0,Friendly
312.0,A0200,AN/APG-68(V)9,SEARCH,B0200,115.87744045277695,0.0,0.0,0.0,0.0,Friendly
312.0,B0200,N001VE,SEARCH,None,0.0,0.0,0.0,0.0,0.0,Enemy
312.20000000000005,A0100,AN/APG-68(V)9,SEARCH,B0200,125.75819769656748,0.0,0.0,0.0,0.0,Friendly
312.20000000000005,A0200,AN/APG-68(V)9,SEARCH,B0200,115.96706292038778,0.0,0.0,0.0,0.0,Friendly
312.20000000000005,B0200,N001VE,SEARCH,None,0.0,0.0,0.0,0.0,0.0,Enemy
312.40000000000003,A0100,AN/APG-68(V)9,SEARCH,B0200,125.84584499549321,0.0,0.0,0.0,0.0,Friendly
312.40000000000003,A0200,AN/APG-68(V)9,SEARCH,B0200,116.05662094032434,0.0,0.0,0.0,0.0,Friendly
312.40000000000003,B0200,N001VE,SEARCH,None,0.0,0.0,0.0,0.0,0.0,Enemy
312.6,A0100,AN/APG-68(V)9,SEARCH,B0200,125.93350852700988,0.0,0.0,0.0,0.0,Friendly
312.6,A0200,AN/APG-68(V)9,SEARCH,B0200,116.14612858020463,0.0,0.0,0.0,0.0,Friendly
312.6,B0200,N001VE,SEARCH,None,0.0,0.0,0.0,0.0,0.0,Enemy
312.8,A0100,AN/APG-68(V)9,SEARCH,B0200,126.0210472071524,0.0,0.0,0.0,0.0,Friendly
312.8,A0200,AN/APG-68(V)9,SEARCH,B0200,116.23558442733152,0.0,0.0,0.0,0.0,Friendly
312.8,B0200,N001VE,SEARCH,None,0.0,0.0,0.0,0.0,0.0,Enemy
313.0,A0100,AN/APG-68(V)9,SEARCH,B0200,126.10851488141213,0.0,0.0,0.0,0.0,Friendly
313.0,A0200,AN/APG-68(V)9,SEARCH,B0200,116.32505844816858,0.0,0.0,0.0,0.0,Friendly
313.0,B0200,N001VE,SEARCH,None,0.0,0.0,0.0,0.0,0.0,Enemy
313.20000000000005,A0100,AN/APG-68(V)9,SEARCH,B0200,126.1960482572556,0.0,0.0,0.0,0.0,Friendly
313.20000000000005,A0200,AN/APG-68(V)9,SEARCH,B0200,116.41459676938867,0.0,0.0,0.0,0.0,Friendly
313.20000000000005,B0200,N001VE,SEARCH,None,0.0,0.0,0.0,0.0,0.0,Enemy
313.40000000000003,A0100,AN/APG-68(V)9,SEARCH,B0200,126.28360955847324,0.0,0.0,0.0,0.0,Friendly
313.40000000000003,A0200,AN/APG-68(V)9,SEARCH,B0200,116.50416195712073,0.0,0.0,0.0,0.0,Friendly
313.40000000000003,B0200,N001VE,SEARCH,None,0.0,0.0,0.0,0.0,0.0,Enemy
313.6,A0100,AN/APG-68(V)9,SEARCH,B0200,126.37113720471298,0.0,0.0,0.0,0.0,Friendly
313.6,A0200,AN/APG-68(V)9,SEARCH,B0200,116.59373307333182,0.0,0.0,0.0,0.0,Friendly
313.6,B0200,N001VE,SEARCH,None,0.0,0.0,0.0,0.0,0.0,Enemy
313.8,A0100,AN/APG-68(V)9,SEARCH,B0200,126.45870549696532,0.0,0.0,0.0,0.0,Friendly
313.8,A0200,AN/APG-68(V)9,SEARCH,B0200,116.68324597694541,0.0,0.0,0.0,0.0,Friendly
313.8,B0200,N001VE,SEARCH,None,0.0,0.0,0.0,0.0,0.0,Enemy
314.0,A0100,AN/APG-68(V)9,SEARCH,B0200,126.54627456095152,0.0,0.0,0.0,0.0,Friendly
314.0,A0200,AN/APG-68(V)9,SEARCH,B0200,116.77265799566587,0.0,0.0,0.0,0.0,Friendly
314.0,B0200,N001VE,SEARCH,None,0.0,0.0,0.0,0.0,0.0,Enemy
314.20000000000005,A0100,AN/APG-68(V)9,SEARCH,B0200,126.63393846537492,0.0,0.0,0.0,0.0,Friendly
314.20000000000005,A0200,AN/APG-68(V)9,SEARCH,B0200,116.86210803560037,0.0,0.0,0.0,0.0,Friendly
314.20000000000005,B0200,N001VE,SEARCH,None,0.0,0.0,0.0,0.0,0.0,Enemy
314.40000000000003,A0100,AN/APG-68(V)9,SEARCH,B0200,126.72163274538634,0.0,0.0,0.0,0.0,Friendly
314.40000000000003,A0200,AN/APG-68(V)9,SEARCH,B0200,116.95161258835267,0.0,0.0,0.0,0.0,Friendly
314.40000000000003,B0200,N001VE,SEARCH,None,0.0,0.0,0.0,0.0,0.0,Enemy
314.6,A0100,AN/APG-68(V)9,SEARCH,B0200,126.80917006820556,0.0,0.0,0.0,0.0,Friendly
314.6,A0200,AN/APG-68(V)9,SEARCH,B0200,117.04099896262319,0.0,0.0,0.0,0.0,Friendly
314.6,B0200,N001VE,SEARCH,None,0.0,0.0,0.0,0.0,0.0,Enemy
314.8,A0100,AN/APG-68(V)9,SEARCH,B0200,126.89653605633396,0.0,0.0,0.0,0.0,Friendly
314.8,A0200,AN/APG-68(V)9,SEARCH,B0200,117.1302244809359,0.0,0.0,0.0,0.0,Friendly
314.8,B0200,N001VE,SEARCH,None,0.0,0.0,0.0,0.0,0.0,Enemy
315.0,A0100,AN/APG-68(V)9,SEARCH,B0200,126.98391620986688,0.0,0.0,0.0,0.0,Friendly
315.0,A0200,AN/APG-68(V)9,SEARCH,B0200,117.21945263367999,0.0,0.0,0.0,0.0,Friendly
315.0,B0200,N001VE,SEARCH,None,0.0,0.0,0.0,0.0,0.0,Enemy
315.20000000000005,A0100,AN/APG-68(V)9,SEARCH,B0200,127.07139439733366,0.0,0.0,0.0,0.0,Friendly
315.20000000000005,A0200,AN/APG-68(V)9,SEARCH,B0200,117.3087740254066,0.0,0.0,0.0,0.0,Friendly
315.20000000000005,B0200,N001VE,SEARCH,None,0.0,0.0,0.0,0.0,0.0,Enemy
315.40000000000003,A0100,AN/APG-68(V)9,SEARCH,B0200,127.15886851115027,0.0,0.0,0.0,0.0,Friendly
315.40000000000003,A0200,AN/APG-68(V)9,SEARCH,B0200,117.39812327494279,0.0,0.0,0.0,0.0,Friendly
315.40000000000003,B0200,N001VE,SEARCH,None,0.0,0.0,0.0,0.0,0.0,Enemy
315.6,A0100,AN/APG-68(V)9,SEARCH,B0200,127.24630840179451,0.0,0.0,0.0,0.0,Friendly
315.6,A0200,AN/APG-68(V)9,SEARCH,B0200,117.48735355607896,0.0,0.0,0.0,0.0,Friendly
315.6,B0200,N001VE,SEARCH,None,0.0,0.0,0.0,0.0,0.0,Enemy
315.8,A0100,AN/APG-68(V)9,SEARCH,B0200,127.3337741838697,0.0,0.0,0.0,0.0,Friendly
315.8,A0200,AN/APG-68(V)9,SEARCH,B0200,117.57654918131536,0.0,0.0,0.0,0.0,Friendly
315.8,B0200,N001VE,SEARCH,None,0.0,0.0,0.0,0.0,0.0,Enemy
316.0,A0100,AN/APG-68(V)9,SEARCH,B0200,127.42132336086077,0.0,0.0,0.0,0.0,Friendly
316.0,A0200,AN/APG-68(V)9,SEARCH,B0200,117.6658072431139,0.0,0.0,0.0,0.0,Friendly
316.0,B0200,N001VE,SEARCH,None,0.0,0.0,0.0,0.0,0.0,Enemy
316.20000000000005,A0100,AN/APG-68(V)9,SEARCH,B0200,127.50885016417135,0.0,0.0,0.0,0.0,Friendly
316.20000000000005,A0200,AN/APG-68(V)9,SEARCH,B0200,117.7550819291039,0.0,0.0,0.0,0.0,Friendly
316.20000000000005,B0200,N001VE,SEARCH,None,0.0,0.0,0.0,0.0,0.0,Enemy
316.40000000000003,A0100,AN/APG-68(V)9,SEARCH,B0200,127.5963707038926,0.0,0.0,0.0,0.0,Friendly
316.40000000000003,A0200,AN/APG-68(V)9,SEARCH,B0200,117.8443908633421,0.0,0.0,0.0,0.0,Friendly
316.40000000000003,B0200,N001VE,SEARCH,None,0.0,0.0,0.0,0.0,0.0,Enemy
316.6,A0100,AN/APG-68(V)9,SEARCH,B0200,127.68383683013126,0.0,0.0,0.0,0.0,Friendly
316.6,A0200,AN/APG-68(V)9,SEARCH,B0200,117.93362819296048,0.0,0.0,0.0,0.0,Friendly
316.6,B0200,N001VE,SEARCH,None,0.0,0.0,0.0,0.0,0.0,Enemy
316.8,A0100,AN/APG-68(V)9,SEARCH,B0200,127.77124888415705,0.0,0.0,0.0,0.0,Friendly
316.8,A0200,AN/APG-68(V)9,SEARCH,B0200,118.0227794548198,0.0,0.0,0.0,0.0,Friendly
316.8,B0200,N001VE,SEARCH,None,0.0,0.0,0.0,0.0,0.0,Enemy
317.0,A0100,AN/APG-68(V)9,SEARCH,B0200,127.85852435273559,0.0,0.0,0.0,0.0,Friendly
317.0,A0200,AN/APG-68(V)9,SEARCH,B0200,118.1118717658159,0.0,0.0,0.0,0.0,Friendly
317.0,B0200,N001VE,SEARCH,None,0.0,0.0,0.0,0.0,0.0,Enemy
317.20000000000005,A0100,AN/APG-68(V)9,SEARCH,B0200,127.94569899308298,0.0,0.0,0.0,0.0,Friendly
317.20000000000005,A0200,AN/APG-68(V)9,SEARCH,B0200,118.20094483126285,0.0,0.0,0.0,0.0,Friendly
317.20000000000005,B0200,N001VE,SEARCH,None,0.0,0.0,0.0,0.0,0.0,Enemy
317.40000000000003,A0100,AN/APG-68(V)9,SEARCH,B0200,128.03284539202838,0.0,0.0,0.0,0.0,Friendly
317.40000000000003,A0200,AN/APG-68(V)9,SEARCH,B0200,118.28995812540032,0.0,0.0,0.0,0.0,Friendly
317.40000000000003,B0200,N001VE,SEARCH,None,0.0,0.0,0.0,0.0,0.0,Enemy
317.6,A0100,AN/APG-68(V)9,SEARCH,B0200,128.12002433874565,0.0,0.0,0.0,0.0,Friendly
317.6,A0200,AN/APG-68(V)9,SEARCH,B0200,118.37893798078794,0.0,0.0,0.0,0.0,Friendly
317.6,B0200,N001VE,SEARCH,None,0.0,0.0,0.0,0.0,0.0,Enemy
317.8,A0100,AN/APG-68(V)9,SEARCH,B0200,128.20729487484508,0.0,0.0,0.0,0.0,Friendly
317.8,A0200,AN/APG-68(V)9,SEARCH,B0200,118.46802835657887,0.0,0.0,0.0,0.0,Friendly
317.8,B0200,N001VE,SEARCH,None,0.0,0.0,0.0,0.0,0.0,Enemy
318.0,A0100,AN/APG-68(V)9,SEARCH,B0200,128.29466557089592,0.0,0.0,0.0,0.0,Friendly
318.0,A0200,AN/APG-68(V)9,SEARCH,B0200,118.557185625822,0.0,0.0,0.0,0.0,Friendly
318.0,B0200,N001VE,SEARCH,None,0.0,0.0,0.0,0.0,0.0,Enemy
318.20000000000005,A0100,AN/APG-68(V)9,SEARCH,B0200,128.38213319755482,0.0,0.0,0.0,0.0,Friendly
318.20000000000005,A0200,AN/APG-68(V)9,SEARCH,B0200,118.64641249967028,0.0,0.0,0.0,0.0,Friendly
318.20000000000005,B0200,N001VE,SEARCH,None,0.0,0.0,0.0,0.0,0.0,Enemy
318.40000000000003,A0100,AN/APG-68(V)9,SEARCH,B0200,128.46958999002607,0.0,0.0,0.0,0.0,Friendly
318.40000000000003,A0200,AN/APG-68(V)9,SEARCH,B0200,118.73563806791563,0.0,0.0,0.0,0.0,Friendly
318.40000000000003,B0200,N001VE,SEARCH,None,0.0,0.0,0.0,0.0,0.0,Enemy
318.6,A0100,AN/APG-68(V)9,SEARCH,B0200,128.5569942129856,0.0,0.0,0.0,0.0,Friendly
318.6,A0200,AN/APG-68(V)9,SEARCH,B0200,118.82476991401583,0.0,0.0,0.0,0.0,Friendly
318.6,B0200,N001VE,SEARCH,None,0.0,0.0,0.0,0.0,0.0,Enemy
318.8,A0100,AN/APG-68(V)9,SEARCH,B0200,128.6444378987584,0.0,0.0,0.0,0.0,Friendly
318.8,A0200,AN/APG-68(V)9,SEARCH,B0200,118.91388550297313,0.0,0.0,0.0,0.0,Friendly
318.8,B0200,N001VE,SEARCH,None,0.0,0.0,0.0,0.0,0.0,Enemy
319.0,A0100,AN/APG-68(V)9,SEARCH,B0200,128.73197900300832,0.0,0.0,0.0,0.0,Friendly
319.0,A0200,AN/APG-68(V)9,SEARCH,B0200,119.00309450227434,0.0,0.0,0.0,0.0,Friendly
319.0,B0200,N001VE,SEARCH,None,0.0,0.0,0.0,0.0,0.0,Enemy
319.20000000000005,A0100,AN/APG-68(V)9,SEARCH,B0200,128.81948266016926,0.0,0.0,0.0,0.0,Friendly
319.20000000000005,A0200,AN/APG-68(V)9,SEARCH,B0200,119.09230775682815,0.0,0.0,0.0,0.0,Friendly
319.20000000000005,B0200,N001VE,SEARCH,None,0.0,0.0,0.0,0.0,0.0,Enemy
319.40000000000003,A0100,AN/APG-68(V)9,SEARCH,B0200,128.90691287120654,0.0,0.0,0.0,0.0,Friendly
319.40000000000003,A0200,AN/APG-68(V)9,SEARCH,B0200,119.18147445558242,0.0,0.0,0.0,0.0,Friendly
319.40000000000003,B0200,N001VE,SEARCH,None,0.0,0.0,0.0,0.0,0.0,Enemy
319.6,A0100,AN/APG-68(V)9,SEARCH,B0200,128.99425861732948,0.0,0.0,0.0,0.0,Friendly
319.6,A0200,AN/APG-68(V)9,SEARCH,B0200,119.27058468508511,0.0,0.0,0.0,0.0,Friendly
319.6,B0200,N001VE,SEARCH,None,0.0,0.0,0.0,0.0,0.0,Enemy
319.8,A0100,AN/APG-68(V)9,SEARCH,B0200,129.08165972974695,0.0,0.0,0.0,0.0,Friendly
319.8,A0200,AN/APG-68(V)9,SEARCH,B0200,119.35972864650299,0.0,0.0,0.0,0.0,Friendly
319.8,B0200,N001VE,SEARCH,None,0.0,0.0,0.0,0.0,0.0,Enemy
320.0,A0100,AN/APG-68(V)9,SEARCH,B0200,129.16914740025683,0.0,0.0,0.0,0.0,Friendly
320.0,A0200,AN/APG-68(V)9,SEARCH,B0200,119.44891514525197,0.0,0.0,0.0,0.0,Friendly
320.0,B0200,N001VE,SEARCH,None,0.0,0.0,0.0,0.0,0.0,Enemy
320.20000000000005,A0100,AN/APG-68(V)9,SEARCH,B0200,129.25661787440515,0.0,0.0,0.0,0.0,Friendly
320.20000000000005,A0200,AN/APG-68(V)9,SEARCH,B0200,119.53811656447984,0.0,0.0,0.0,0.0,Friendly
320.20000000000005,B0200,N001VE,SEARCH,None,0.0,0.0,0.0,0.0,0.0,Enemy
320.40000000000003,A0100,AN/APG-68(V)9,SEARCH,B0200,129.34414782544755,0.0,0.0,0.0,0.0,Friendly
320.40000000000003,A0200,AN/APG-68(V)9,SEARCH,B0200,119.62728303033286,0.0,0.0,0.0,0.0,Friendly
320.40000000000003,B0200,N001VE,SEARCH,None,0.0,0.0,0.0,0.0,0.0,Enemy
320.6,A0100,AN/APG-68(V)9,SEARCH,B0200,129.43165324981365,0.0,0.0,0.0,0.0,Friendly
320.6,A0200,AN/APG-68(V)9,SEARCH,B0200,119.71640930086176,0.0,0.0,0.0,0.0,Friendly
320.6,B0200,N001VE,SEARCH,None,0.0,0.0,0.0,0.0,0.0,Enemy
320.8,A0100,AN/APG-68(V)9,SEARCH,B0200,129.51915241187402,0.0,0.0,0.0,0.0,Friendly
320.8,A0200,AN/APG-68(V)9,SEARCH,B0200,119.80562194879481,0.0,0.0,0.0,0.0,Friendly
320.8,B0200,N001VE,SEARCH,None,0.0,0.0,0.0,0.0,0.0,Enemy
321.0,A0100,AN/APG-68(V)9,SEARCH,B0200,129.60666420510046,0.0,0.0,0.0,0.0,Friendly
321.0,A0200,AN/APG-68(V)9,SEARCH,B0200,119.89486030022891,0.0,0.0,0.0,0.0,Friendly
321.0,B0200,N001VE,SEARCH,None,0.0,0.0,0.0,0.0,0.0,Enemy
321.20000000000005,A0100,AN/APG-68(V)9,SEARCH,B0200,129.69414060340878,0.0,0.0,0.0,0.0,Friendly
321.20000000000005,A0200,AN/APG-68(V)9,SEARCH,B0200,119.98394523217317,0.0,0.0,0.0,0.0,Friendly
321.20000000000005,B0200,N001VE,SEARCH,None,0.0,0.0,0.0,0.0,0.0,Enemy
321.40000000000003,A0100,AN/APG-68(V)9,SEARCH,B0200,129.7814814647817,0.0,0.0,0.0,0.0,Friendly
321.40000000000003,A0200,AN/APG-68(V)9,SEARCH,B0200,120.07290175352787,0.0,0.0,0.0,0.0,Friendly
321.40000000000003,B0200,N001VE,SEARCH,None,0.0,0.0,0.0,0.0,0.0,Enemy
321.6,A0100,AN/APG-68(V)9,SEARCH,B0200,129.86866597368126,0.0,0.0,0.0,0.0,Friendly
321.6,A0200,AN/APG-68(V)9,SEARCH,B0200,120.161831948601,0.0,0.0,0.0,0.0,Friendly
321.6,B0200,N001VE,SEARCH,None,0.0,0.0,0.0,0.0,0.0,Enemy
321.8,A0100,AN/APG-68(V)9,SEARCH,B0200,129.95572051492925,0.0,0.0,0.0,0.0,Friendly
321.8,A0200,AN/APG-68(V)9,SEARCH,B0200,120.25074492063494,0.0,0.0,0.0,0.0,Friendly
321.8,B0200,N001VE,SEARCH,None,0.0,0.0,0.0,0.0,0.0,Enemy
322.0,A0100,AN/APG-68(V)9,SEARCH,B0200,130.04279220758428,0.0,0.0,0.0,0.0,Friendly
322.0,A0200,AN/APG-68(V)9,SEARCH,B0200,120.33964347498818,0.0,0.0,0.0,0.0,Friendly
322.0,B0200,N001VE,SEARCH,None,0.0,0.0,0.0,0.0,0.0,Enemy
322.20000000000005,A0100,AN/APG-68(V)9,SEARCH,B0200,130.13001285370936,0.0,0.0,0.0,0.0,Friendly
322.20000000000005,A0200,AN/APG-68(V)9,SEARCH,B0200,120.42860297539035,0.0,0.0,0.0,0.0,Friendly
322.20000000000005,B0200,N001VE,SEARCH,None,0.0,0.0,0.0,0.0,0.0,Enemy
322.40000000000003,A0100,AN/APG-68(V)9,SEARCH,B0200,130.2172492532656,0.0,0.0,0.0,0.0,Friendly
322.40000000000003,A0200,AN/APG-68(V)9,SEARCH,B0200,120.51748294915402,0.0,0.0,0.0,0.0,Friendly
322.40000000000003,B0200,N001VE,SEARCH,None,0.0,0.0,0.0,0.0,0.0,Enemy
322.6,A0100,AN/APG-68(V)9,SEARCH,B0200,130.3044778932392,0.0,0.0,0.0,0.0,Friendly
322.6,A0200,AN/APG-68(V)9,SEARCH,B0200,120.60633403755284,0.0,0.0,0.0,0.0,Friendly
322.6,B0200,N001VE,SEARCH,None,0.0,0.0,0.0,0.0,0.0,Enemy
322.8,A0100,AN/APG-68(V)9,SEARCH,B0200,130.39168637581338,0.0,0.0,0.0,0.0,Friendly
322.8,A0200,AN/APG-68(V)9,SEARCH,B0200,120.69521589505555,0.0,0.0,0.0,0.0,Friendly
322.8,B0200,N001VE,SEARCH,None,0.0,0.0,0.0,0.0,0.0,Enemy
323.0,A0100,AN/APG-68(V)9,SEARCH,B0200,130.47894429675753,0.0,0.0,0.0,0.0,Friendly
323.0,A0200,AN/APG-68(V)9,SEARCH,B0200,120.78412613356288,0.0,0.0,0.0,0.0,Friendly
323.0,B0200,N001VE,SEARCH,None,0.0,0.0,0.0,0.0,0.0,Enemy
323.20000000000005,A0100,AN/APG-68(V)9,SEARCH,B0200,130.56617552548028,0.0,0.0,0.0,0.0,Friendly
323.20000000000005,A0200,AN/APG-68(V)9,SEARCH,B0200,120.8729264884636,0.0,0.0,0.0,0.0,Friendly
323.20000000000005,B0200,N001VE,SEARCH,None,0.0,0.0,0.0,0.0,0.0,Enemy
323.40000000000003,A0100,AN/APG-68(V)9,SEARCH,B0200,130.65331845704202,0.0,0.0,0.0,0.0,Friendly
323.40000000000003,A0200,AN/APG-68(V)9,SEARCH,B0200,120.9615882789911,0.0,0.0,0.0,0.0,Friendly
323.40000000000003,B0200,N001VE,SEARCH,None,0.0,0.0,0.0,0.0,0.0,Enemy
323.6,A0100,AN/APG-68(V)9,SEARCH,B0200,130.74045507551762,0.0,0.0,0.0,0.0,Friendly
323.6,A0200,AN/APG-68(V)9,SEARCH,B0200,121.05020850322268,0.0,0.0,0.0,0.0,Friendly
323.6,B0200,N001VE,SEARCH,None,0.0,0.0,0.0,0.0,0.0,Enemy
323.8,A0100,AN/APG-68(V)9,SEARCH,B0200,130.82755829888276,0.0,0.0,0.0,0.0,Friendly
323.8,A0200,AN/APG-68(V)9,SEARCH,B0200,121.13883056034604,0.0,0.0,0.0,0.0,Friendly
323.8,B0200,N001VE,SEARCH,None,0.0,0.0,0.0,0.0,0.0,Enemy
324.0,A0100,AN/APG-68(V)9,SEARCH,B0200,130.9146394789783,0.0,0.0,0.0,0.0,Friendly
324.0,A0200,AN/APG-68(V)9,SEARCH,B0200,121.2274875481679,0.0,0.0,0.0,0.0,Friendly
324.0,B0200,N001VE,SEARCH,None,0.0,0.0,0.0,0.0,0.0,Enemy
324.20000000000005,A0100,AN/APG-68(V)9,SEARCH,B0200,131.00160443923428,0.0,0.0,0.0,0.0,Friendly
324.20000000000005,A0200,AN/APG-68(V)9,SEARCH,B0200,121.31610813342088,0.0,0.0,0.0,0.0,Friendly
324.20000000000005,B0200,N001VE,SEARCH,None,0.0,0.0,0.0,0.0,0.0,Enemy
324.40000000000003,A0100,AN/APG-68(V)9,SEARCH,B0200,131.08856799068826,0.0,0.0,0.0,0.0,Friendly
324.40000000000003,A0200,AN/APG-68(V)9,SEARCH,B0200,121.40468111697636,0.0,0.0,0.0,0.0,Friendly
324.40000000000003,B0200,N001VE,SEARCH,None,0.0,0.0,0.0,0.0,0.0,Enemy
324.6,A0100,AN/APG-68(V)9,SEARCH,B0200,131.17556053972604,0.0,0.0,0.0,0.0,Friendly
324.6,A0200,AN/APG-68(V)9,SEARCH,B0200,121.49330861510838,0.0,0.0,0.0,0.0,Friendly
324.6,B0200,N001VE,SEARCH,None,0.0,0.0,0.0,0.0,0.0,Enemy
324.8,A0100,AN/APG-68(V)9,SEARCH,B0200,131.26246633061436,0.0,0.0,0.0,0.0,Friendly
324.8,A0200,AN/APG-68(V)9,SEARCH,B0200,121.58196003781092,0.0,0.0,0.0,0.0,Friendly
324.8,B0200,N001VE,SEARCH,None,0.0,0.0,0.0,0.0,0.0,Enemy
325.0,A0100,AN/APG-68(V)9,SEARCH,B0200,131.3492875727199,0.0,0.0,0.0,0.0,Friendly
325.0,A0200,AN/APG-68(V)9,SEARCH,B0200,121.67055853250532,0.0,0.0,0.0,0.0,Friendly
325.0,B0200,N001VE,SEARCH,None,0.0,0.0,0.0,0.0,0.0,Enemy
325.20000000000005,A0100,AN/APG-68(V)9,SEARCH,B0200,131.43616237362778,0.0,0.0,0.0,0.0,Friendly
325.20000000000005,A0200,AN/APG-68(V)9,SEARCH,B0200,121.75911038632415,0.0,0.0,0.0,0.0,Friendly
325.20000000000005,B0200,N001VE,SEARCH,None,0.0,0.0,0.0,0.0,0.0,Enemy
325.40000000000003,A0100,AN/APG-68(V)9,SEARCH,B0200,131.52302495953978,0.0,0.0,0.0,0.0,Friendly
325.40000000000003,A0200,AN/APG-68(V)9,SEARCH,B0200,121.84762795556152,0.0,0.0,0.0,0.0,Friendly
325.40000000000003,B0200,N001VE,SEARCH,None,0.0,0.0,0.0,0.0,0.0,Enemy
325.6,A0100,AN/APG-68(V)9,SEARCH,B0200,131.6099054565059,0.0,0.0,0.0,0.0,Friendly
325.6,A0200,AN/APG-68(V)9,SEARCH,B0200,121.93620975820373,0.0,0.0,0.0,0.0,Friendly
325.6,B0200,N001VE,SEARCH,None,0.0,0.0,0.0,0.0,0.0,Enemy
325.8,A0100,AN/APG-68(V)9,SEARCH,B0200,131.69680442158835,0.0,0.0,0.0,0.0,Friendly
325.8,A0200,AN/APG-68(V)9,SEARCH,B0200,122.02483285360368,0.0,0.0,0.0,0.0,Friendly
325.8,B0200,N001VE,SEARCH,None,0.0,0.0,0.0,0.0,0.0,Enemy
326.0,A0100,AN/APG-68(V)9,SEARCH,B0200,131.78362585894985,0.0,0.0,0.0,0.0,Friendly
326.0,A0200,AN/APG-68(V)9,SEARCH,B0200,122.11345236429403,0.0,0.0,0.0,0.0,Friendly
326.0,B0200,N001VE,SEARCH,None,0.0,0.0,0.0,0.0,0.0,Enemy
326.20000000000005,A0100,AN/APG-68(V)9,SEARCH,B0200,131.8704470295904,0.0,0.0,0.0,0.0,Friendly
326.20000000000005,A0200,AN/APG-68(V)9,SEARCH,B0200,122.20205847796332,0.0,0.0,0.0,0.0,Friendly
326.20000000000005,B0200,N001VE,SEARCH,None,0.0,0.0,0.0,0.0,0.0,Enemy
326.40000000000003,A0100,AN/APG-68(V)9,SEARCH,B0200,131.95728384543804,0.0,0.0,0.0,0.0,Friendly
326.40000000000003,A0200,AN/APG-68(V)9,SEARCH,B0200,122.29066565928709,0.0,0.0,0.0,0.0,Friendly
326.40000000000003,B0200,N001VE,SEARCH,None,0.0,0.0,0.0,0.0,0.0,Enemy
326.6,A0100,AN/APG-68(V)9,SEARCH,B0200,132.04408570266042,0.0,0.0,0.0,0.0,Friendly
326.6,A0200,AN/APG-68(V)9,SEARCH,B0200,122.37928209088109,0.0,0.0,0.0,0.0,Friendly
326.6,B0200,N001VE,SEARCH,None,0.0,0.0,0.0,0.0,0.0,Enemy
326.8,A0100,AN/APG-68(V)9,SEARCH,B0200,132.13092538885928,0.0,0.0,0.0,0.0,Friendly
326.8,A0200,AN/APG-68(V)9,SEARCH,B0200,122.46789806266811,0.0,0.0,0.0,0.0,Friendly
326.8,B0200,N001VE,SEARCH,None,0.0,0.0,0.0,0.0,0.0,Enemy
327.0,A0100,AN/APG-68(V)9,SEARCH,B0200,132.2178068654987,0.0,0.0,0.0,0.0,Friendly
327.0,A0200,AN/APG-68(V)9,SEARCH,B0200,122.55654515375011,0.0,0.0,0.0,0.0,Friendly
327.0,B0200,N001VE,SEARCH,None,0.0,0.0,0.0,0.0,0.0,Enemy
327.20000000000005,A0100,AN/APG-68(V)9,SEARCH,B0200,132.30463105934626,0.0,0.0,0.0,0.0,Friendly
327.20000000000005,A0200,AN/APG-68(V)9,SEARCH,B0200,122.64513317976395,0.0,0.0,0.0,0.0,Friendly
327.20000000000005,B0200,N001VE,SEARCH,None,0.0,0.0,0.0,0.0,0.0,Enemy
327.40000000000003,A0100,AN/APG-68(V)9,SEARCH,B0200,132.39137149688756,0.0,0.0,0.0,0.0,Friendly
327.40000000000003,A0200,AN/APG-68(V)9,SEARCH,B0200,122.73359690248776,0.0,0.0,0.0,0.0,Friendly
327.40000000000003,B0200,N001VE,SEARCH,None,0.0,0.0,0.0,0.0,0.0,Enemy
327.6,A0100,AN/APG-68(V)9,SEARCH,B0200,132.47800823610518,0.0,0.0,0.0,0.0,Friendly
327.6,A0200,AN/APG-68(V)9,SEARCH,B0200,122.82192078218355,0.0,0.0,0.0,0.0,Friendly
327.6,B0200,N001VE,SEARCH,None,0.0,0.0,0.0,0.0,0.0,Enemy
327.8,A0100,AN/APG-68(V)9,SEARCH,B0200,132.564546878488,0.0,0.0,0.0,0.0,Friendly
327.8,A0200,AN/APG-68(V)9,SEARCH,B0200,122.91022703443282,0.0,0.0,0.0,0.0,Friendly
327.8,B0200,N001VE,SEARCH,None,0.0,0.0,0.0,0.0,0.0,Enemy
328.0,A0100,AN/APG-68(V)9,SEARCH,B0200,132.65109021747998,0.0,0.0,0.0,0.0,Friendly
328.0,A0200,AN/APG-68(V)9,SEARCH,B0200,122.99856812905344,0.0,0.0,0.0,0.0,Friendly
328.0,B0200,N001VE,SEARCH,None,0.0,0.0,0.0,0.0,0.0,Enemy
328.20000000000005,A0100,AN/APG-68(V)9,SEARCH,B0200,132.73764686727517,0.0,0.0,0.0,0.0,Friendly
328.20000000000005,A0200,AN/APG-68(V)9,SEARCH,B0200,123.08691150924321,0.0,0.0,0.0,0.0,Friendly
328.20000000000005,B0200,N001VE,SEARCH,None,0.0,0.0,0.0,0.0,0.0,Enemy
328.40000000000003,A0100,AN/APG-68(V)9,SEARCH,B0200,132.82416400674072,0.0,0.0,0.0,0.0,Friendly
328.40000000000003,A0200,AN/APG-68(V)9,SEARCH,B0200,123.1752077777643,0.0,0.0,0.0,0.0,Friendly
328.40000000000003,B0200,N001VE,SEARCH,None,0.0,0.0,0.0,0.0,0.0,Enemy
328.6,A0100,AN/APG-68(V)9,SEARCH,B0200,132.91077740631968,0.0,0.0,0.0,0.0,Friendly
328.6,A0200,AN/APG-68(V)9,SEARCH,B0200,123.26355428557555,0.0,0.0,0.0,0.0,Friendly
328.6,B0200,N001VE,SEARCH,None,0.0,0.0,0.0,0.0,0.0,Enemy
328.8,A0100,AN/APG-68(V)9,SEARCH,B0200,132.99742405347618,0.0,0.0,0.0,0.0,Friendly
328.8,A0200,AN/APG-68(V)9,SEARCH,B0200,123.35193598030617,0.0,0.0,0.0,0.0,Friendly
328.8,B0200,N001VE,SEARCH,None,0.0,0.0,0.0,0.0,0.0,Enemy
329.0,A0100,AN/APG-68(V)9,SEARCH,B0200,133.08393018350515,0.0,0.0,0.0,0.0,Friendly
329.0,A0200,AN/APG-68(V)9,SEARCH,B0200,123.44023149153792,0.0,0.0,0.0,0.0,Friendly
329.0,B0200,N001VE,SEARCH,None,0.0,0.0,0.0,0.0,0.0,Enemy
329.20000000000005,A0100,AN/APG-68(V)9,SEARCH,B0200,133.17036161352175,0.0,0.0,0.0,0.0,Friendly
329.20000000000005,A0200,AN/APG-68(V)9,SEARCH,B0200,123.52842329529037,0.0,0.0,0.0,0.0,Friendly
329.20000000000005,B0200,N001VE,SEARCH,None,0.0,0.0,0.0,0.0,0.0,Enemy
329.40000000000003,A0100,AN/APG-68(V)9,SEARCH,B0200,133.25677134574448,0.0,0.0,0.0,0.0,Friendly
329.40000000000003,A0200,AN/APG-68(V)9,SEARCH,B0200,123.61654362806284,0.0,0.0,0.0,0.0,Friendly
329.40000000000003,B0200,N001VE,SEARCH,None,0.0,0.0,0.0,0.0,0.0,Enemy
329.6,A0100,AN/APG-68(V)9,SEARCH,B0200,133.3432446134328,0.0,0.0,0.0,0.0,Friendly
329.6,A0200,AN/APG-68(V)9,SEARCH,B0200,123.70471708549849,0.0,0.0,0.0,0.0,Friendly
329.6,B0200,N001VE,SEARCH,None,0.0,0.0,0.0,0.0,0.0,Enemy
329.8,A0100,AN/APG-68(V)9,SEARCH,B0200,133.42970381345765,0.0,0.0,0.0,0.0,Friendly
329.8,A0200,AN/APG-68(V)9,SEARCH,B0200,123.79293102551574,0.0,0.0,0.0,0.0,Friendly
329.8,B0200,N001VE,SEARCH,None,0.0,0.0,0.0,0.0,0.0,Enemy
330.0,A0100,AN/APG-68(V)9,SEARCH,B0200,133.5160368093997,0.0,0.0,0.0,0.0,Friendly
330.0,A0200,AN/APG-68(V)9,SEARCH,B0200,123.88103376647466,0.0,0.0,0.0,0.0,Friendly
330.0,B0200,N001VE,SEARCH,None,0.0,0.0,0.0,0.0,0.0,Enemy
330.20000000000005,A0100,AN/APG-68(V)9,SEARCH,B0200,133.6024069538029,0.0,0.0,0.0,0.0,Friendly
330.20000000000005,A0200,AN/APG-68(V)9,SEARCH,B0200,123.96915109014856,0.0,0.0,0.0,0.0,Friendly
330.20000000000005,B0200,N001VE,SEARCH,None,0.0,0.0,0.0,0.0,0.0,Enemy
330.40000000000003,A0100,AN/APG-68(V)9,SEARCH,B0200,133.68884287552422,0.0,0.0,0.0,0.0,Friendly
330.40000000000003,A0200,AN/APG-68(V)9,SEARCH,B0200,124.05731312696629,0.0,0.0,0.0,0.0,Friendly
330.40000000000003,B0200,N001VE,SEARCH,None,0.0,0.0,0.0,0.0,0.0,Enemy
330.6,A0100,AN/APG-68(V)9,SEARCH,B0200,133.77534079108057,0.0,0.0,0.0,0.0,Friendly
330.6,A0200,AN/APG-68(V)9,SEARCH,B0200,124.1455018888343,0.0,0.0,0.0,0.0,Friendly
330.6,B0200,N001VE,SEARCH,None,0.0,0.0,0.0,0.0,0.0,Enemy
330.8,A0100,AN/APG-68(V)9,SEARCH,B0200,133.86178858719813,0.0,0.0,0.0,0.0,Friendly
330.8,A0200,AN/APG-68(V)9,SEARCH,B0200,124.23364388729304,0.0,0.0,0.0,0.0,Friendly
330.8,B0200,N001VE,SEARCH,None,0.0,0.0,0.0,0.0,0.0,Enemy
331.0,A0100,AN/APG-68(V)9,SEARCH,B0200,133.94811437549808,0.0,0.0,0.0,0.0,Friendly
331.0,A0200,AN/APG-68(V)9,SEARCH,B0200,124.3216417537858,0.0,0.0,0.0,0.0,Friendly
331.0,B0200,N001VE,SEARCH,None,0.0,0.0,0.0,0.0,0.0,Enemy
331.20000000000005,A0100,AN/APG-68(V)9,SEARCH,B0200,134.03440405367255,0.0,0.0,0.0,0.0,Friendly
331.20000000000005,A0200,AN/APG-68(V)9,SEARCH,B0200,124.409676223977,0.0,0.0,0.0,0.0,Friendly
331.20000000000005,B0200,N001VE,SEARCH,None,0.0,0.0,0.0,0.0,0.0,Enemy
331.40000000000003,A0100,AN/APG-68(V)9,SEARCH,B0200,134.12078349748452,0.0,0.0,0.0,0.0,Friendly
331.40000000000003,A0200,AN/APG-68(V)9,SEARCH,B0200,124.49783179182673,0.0,0.0,0.0,0.0,Friendly
331.40000000000003,B0200,N001VE,SEARCH,None,0.0,0.0,0.0,0.0,0.0,Enemy
331.6,A0100,AN/APG-68(V)9,SEARCH,B0200,134.20718582164824,0.0,0.0,0.0,0.0,Friendly
331.6,A0200,AN/APG-68(V)9,SEARCH,B0200,124.58598089525034,0.0,0.0,0.0,0.0,Friendly
331.6,B0200,N001VE,SEARCH,None,0.0,0.0,0.0,0.0,0.0,Enemy
331.8,A0100,AN/APG-68(V)9,SEARCH,B0200,134.29351080690196,0.0,0.0,0.0,0.0,Friendly
331.8,A0200,AN/APG-68(V)9,SEARCH,B0200,124.67405973741661,0.0,0.0,0.0,0.0,Friendly
331.8,B0200,N001VE,SEARCH,None,0.0,0.0,0.0,0.0,0.0,Enemy
332.0,A0100,AN/APG-68(V)9,SEARCH,B0200,134.37981337555846,0.0,0.0,0.0,0.0,Friendly
332.0,A0200,AN/APG-68(V)9,SEARCH,B0200,124.76210615319057,0.0,0.0,0.0,0.0,Friendly
332.0,B0200,N001VE,SEARCH,None,0.0,0.0,0.0,0.0,0.0,Enemy
332.20000000000005,A0100,AN/APG-68(V)9,SEARCH,B0200,134.46611143125133,0.0,0.0,0.0,0.0,Friendly
332.20000000000005,A0200,AN/APG-68(V)9,SEARCH,B0200,124.85014380087846,0.0,0.0,0.0,0.0,Friendly
332.20000000000005,B0200,N001VE,SEARCH,None,0.0,0.0,0.0,0.0,0.0,Enemy
332.40000000000003,A0100,AN/APG-68(V)9,SEARCH,B0200,134.55249086382298,0.0,0.0,0.0,0.0,Friendly
332.40000000000003,A0200,AN/APG-68(V)9,SEARCH,B0200,124.9382169295649,0.0,0.0,0.0,0.0,Friendly
332.40000000000003,B0200,N001VE,SEARCH,None,0.0,0.0,0.0,0.0,0.0,Enemy
332.6,A0100,AN/APG-68(V)9,SEARCH,B0200,134.63889423453665,0.0,0.0,0.0,0.0,Friendly
332.6,A0200,AN/APG-68(V)9,SEARCH,B0200,125.02631215887793,0.0,0.0,0.0,0.0,Friendly
332.6,B0200,N001VE,SEARCH,None,0.0,0.0,0.0,0.0,0.0,Enemy
332.8,A0100,AN/APG-68(V)9,SEARCH,B0200,134.72525002778391,0.0,0.0,0.0,0.0,Friendly
332.8,A0200,AN/APG-68(V)9,SEARCH,B0200,125.11438392372735,0.0,0.0,0.0,0.0,Friendly
332.8,B0200,N001VE,SEARCH,None,0.0,0.0,0.0,0.0,0.0,Enemy
333.0,A0100,AN/APG-68(V)9,SEARCH,B0200,134.8114936890328,0.0,0.0,0.0,0.0,Friendly
333.0,A0200,AN/APG-68(V)9,SEARCH,B0200,125.2024348146733,0.0,0.0,0.0,0.0,Friendly
333.0,B0200,N001VE,SEARCH,None,0.0,0.0,0.0,0.0,0.0,Enemy
333.20000000000005,A0100,AN/APG-68(V)9,SEARCH,B0200,134.89772378358649,0.0,0.0,0.0,0.0,Friendly
333.20000000000005,A0200,AN/APG-68(V)9,SEARCH,B0200,125.29052604910403,0.0,0.0,0.0,0.0,Friendly
333.20000000000005,B0200,N001VE,SEARCH,None,0.0,0.0,0.0,0.0,0.0,Enemy
333.40000000000003,A0100,AN/APG-68(V)9,SEARCH,B0200,134.98404998006552,0.0,0.0,0.0,0.0,Friendly
333.40000000000003,A0200,AN/APG-68(V)9,SEARCH,B0200,125.37871908314665,0.0,0.0,0.0,0.0,Friendly
333.40000000000003,B0200,N001VE,SEARCH,None,0.0,0.0,0.0,0.0,0.0,Enemy
333.6,A0100,AN/APG-68(V)9,SEARCH,B0200,135.0703640843099,0.0,0.0,0.0,0.0,Friendly
333.6,A0200,AN/APG-68(V)9,SEARCH,B0200,125.46691608356804,0.0,0.0,0.0,0.0,Friendly
333.6,B0200,N001VE,SEARCH,None,0.0,0.0,0.0,0.0,0.0,Enemy
333.8,A0100,AN/APG-68(V)9,SEARCH,B0200,135.15666806913424,0.0,0.0,0.0,0.0,Friendly
333.8,A0200,AN/APG-68(V)9,SEARCH,B0200,125.55500741641391,0.0,0.0,0.0,0.0,Friendly
333.8,B0200,N001VE,SEARCH,None,0.0,0.0,0.0,0.0,0.0,Enemy
334.0,A0100,AN/APG-68(V)9,SEARCH,B0200,135.24296497362295,0.0,0.0,0.0,0.0,Friendly
334.0,A0200,AN/APG-68(V)9,SEARCH,B0200,125.64309594227166,0.0,0.0,0.0,0.0,Friendly
334.0,B0200,N001VE,SEARCH,None,0.0,0.0,0.0,0.0,0.0,Enemy
334.20000000000005,A0100,AN/APG-68(V)9,SEARCH,B0200,135.3292922214128,0.0,0.0,0.0,0.0,Friendly
334.20000000000005,A0200,AN/APG-68(V)9,SEARCH,B0200,125.73121968132715,0.0,0.0,0.0,0.0,Friendly
334.20000000000005,B0200,N001VE,SEARCH,None,0.0,0.0,0.0,0.0,0.0,Enemy
334.40000000000003,A0100,AN/APG-68(V)9,SEARCH,B0200,135.415538533997,0.0,0.0,0.0,0.0,Friendly
334.40000000000003,A0200,AN/APG-68(V)9,SEARCH,B0200,125.81929684923102,0.0,0.0,0.0,0.0,Friendly
334.40000000000003,B0200,N001VE,SEARCH,None,0.0,0.0,0.0,0.0,0.0,Enemy
334.6,A0100,AN/APG-68(V)9,SEARCH,B0200,135.50154927861928,0.0,0.0,0.0,0.0,Friendly
334.6,A0200,AN/APG-68(V)9,SEARCH,B0200,125.90727931129565,0.0,0.0,0.0,0.0,Friendly
334.6,B0200,N001VE,SEARCH,None,0.0,0.0,0.0,0.0,0.0,Enemy
334.8,A0100,AN/APG-68(V)9,SEARCH,B0200,135.5873868926365,0.0,0.0,0.0,0.0,Friendly
334.8,A0200,AN/APG-68(V)9,SEARCH,B0200,125.99516484464984,0.0,0.0,0.0,0.0,Friendly
334.8,B0200,N001VE,SEARCH,None,0.0,0.0,0.0,0.0,0.0,Enemy
335.0,A0100,AN/APG-68(V)9,SEARCH,B0200,135.6732579514397,0.0,0.0,0.0,0.0,Friendly
335.0,A0200,AN/APG-68(V)9,SEARCH,B0200,126.0829918668299,0.0,0.0,0.0,0.0,Friendly
335.0,B0200,N001VE,SEARCH,None,0.0,0.0,0.0,0.0,0.0,Enemy
335.20000000000005,A0100,AN/APG-68(V)9,SEARCH,B0200,135.75926231005818,0.0,0.0,0.0,0.0,Friendly
335.20000000000005,A0200,AN/APG-68(V)9,SEARCH,B0200,126.1708378527129,0.0,0.0,0.0,0.0,Friendly
335.20000000000005,B0200,N001VE,SEARCH,None,0.0,0.0,0.0,0.0,0.0,Enemy
335.40000000000003,A0100,AN/APG-68(V)9,SEARCH,B0200,135.84530476159713,0.0,0.0,0.0,0.0,Friendly
335.40000000000003,A0200,AN/APG-68(V)9,SEARCH,B0200,126.25876693458993,0.0,0.0,0.0,0.0,Friendly
335.40000000000003,B0200,N001VE,SEARCH,None,0.0,0.0,0.0,0.0,0.0,Enemy
335.6,A0100,AN/APG-68(V)9,SEARCH,B0200,135.93130203647226,0.0,0.0,0.0,0.0,Friendly
335.6,A0200,AN/APG-68(V)9,SEARCH,B0200,126.34672042792678,0.0,0.0,0.0,0.0,Friendly
335.6,B0200,N001VE,SEARCH,None,0.0,0.0,0.0,0.0,0.0,Enemy
335.8,A0100,AN/APG-68(V)9,SEARCH,B0200,136.01724711035405,0.0,0.0,0.0,0.0,Friendly
335.8,A0200,AN/APG-68(V)9,SEARCH,B0200,126.43462064467947,0.0,0.0,0.0,0.0,Friendly
335.8,B0200,N001VE,SEARCH,None,0.0,0.0,0.0,0.0,0.0,Enemy
336.0,A0100,AN/APG-68(V)9,SEARCH,B0200,136.10329142650207,0.0,0.0,0.0,0.0,Friendly
336.0,A0200,AN/APG-68(V)9,SEARCH,B0200,126.5224759328049,0.0,0.0,0.0,0.0,Friendly
336.0,B0200,N001VE,SEARCH,None,0.0,0.0,0.0,0.0,0.0,Enemy
336.20000000000005,A0100,AN/APG-68(V)9,SEARCH,B0200,136.1894441860367,0.0,0.0,0.0,0.0,Friendly
336.20000000000005,A0200,AN/APG-68(V)9,SEARCH,B0200,126.61040012811607,0.0,0.0,0.0,0.0,Friendly
336.20000000000005,B0200,N001VE,SEARCH,None,0.0,0.0,0.0,0.0,0.0,Enemy
336.40000000000003,A0100,AN/APG-68(V)9,SEARCH,B0200,136.27557231994712,0.0,0.0,0.0,0.0,Friendly
336.40000000000003,A0200,AN/APG-68(V)9,SEARCH,B0200,126.69841322847422,0.0,0.0,0.0,0.0,Friendly
336.40000000000003,B0200,N001VE,SEARCH,None,0.0,0.0,0.0,0.0,0.0,Enemy
336.6,A0100,AN/APG-68(V)9,SEARCH,B0200,136.36160597142376,0.0,0.0,0.0,0.0,Friendly
336.6,A0200,AN/APG-68(V)9,SEARCH,B0200,126.78638166113537,0.0,0.0,0.0,0.0,Friendly
336.6,B0200,N001VE,SEARCH,None,0.0,0.0,0.0,0.0,0.0,Enemy
336.8,A0100,AN/APG-68(V)9,SEARCH,B0200,136.4476530675035,0.0,0.0,0.0,0.0,Friendly
336.8,A0200,AN/APG-68(V)9,SEARCH,B0200,126.87434252549073,0.0,0.0,0.0,0.0,Friendly
336.8,B0200,N001VE,SEARCH,None,0.0,0.0,0.0,0.0,0.0,Enemy
337.0,A0100,AN/APG-68(V)9,SEARCH,B0200,136.53381419080867,0.0,0.0,0.0,0.0,Friendly
337.0,A0200,AN/APG-68(V)9,SEARCH,B0200,126.96235217797268,0.0,0.0,0.0,0.0,Friendly
337.0,B0200,N001VE,SEARCH,None,0.0,0.0,0.0,0.0,0.0,Enemy
337.20000000000005,A0100,AN/APG-68(V)9,SEARCH,B0200,136.6199760734474,0.0,0.0,0.0,0.0,Friendly
337.20000000000005,A0200,AN/APG-68(V)9,SEARCH,B0200,127.05034080573574,0.0,0.0,0.0,0.0,Friendly
337.20000000000005,B0200,N001VE,SEARCH,None,0.0,0.0,0.0,0.0,0.0,Enemy
337.40000000000003,A0100,AN/APG-68(V)9,SEARCH,B0200,136.7060256600403,0.0,0.0,0.0,0.0,Friendly
337.40000000000003,A0200,AN/APG-68(V)9,SEARCH,B0200,127.13820040954901,0.0,0.0,0.0,0.0,Friendly
337.40000000000003,B0200,N001VE,SEARCH,None,0.0,0.0,0.0,0.0,0.0,Enemy
337.6,A0100,AN/APG-68(V)9,SEARCH,B0200,136.79215955836543,0.0,0.0,0.0,0.0,Friendly
337.6,A0200,AN/APG-68(V)9,SEARCH,B0200,127.22609179271035,0.0,0.0,0.0,0.0,Friendly
337.6,B0200,N001VE,SEARCH,None,0.0,0.0,0.0,0.0,0.0,Enemy
337.8,A0100,AN/APG-68(V)9,SEARCH,B0200,136.87839770877727,0.0,0.0,0.0,0.0,Friendly
337.8,A0200,AN/APG-68(V)9,SEARCH,B0200,127.31404987801773,0.0,0.0,0.0,0.0,Friendly
337.8,B0200,N001VE,SEARCH,None,0.0,0.0,0.0,0.0,0.0,Enemy
338.0,A0100,AN/APG-68(V)9,SEARCH,B0200,136.96456225961262,0.0,0.0,0.0,0.0,Friendly
338.0,A0200,AN/APG-68(V)9,SEARCH,B0200,127.40192238068826,0.0,0.0,0.0,0.0,Friendly
338.0,B0200,N001VE,SEARCH,None,0.0,0.0,0.0,0.0,0.0,Enemy
338.20000000000005,A0100,AN/APG-68(V)9,SEARCH,B0200,137.0506486910535,0.0,0.0,0.0,0.0,Friendly
338.20000000000005,A0200,AN/APG-68(V)9,SEARCH,B0200,127.48976461496441,0.0,0.0,0.0,0.0,Friendly
338.20000000000005,B0200,N001VE,SEARCH,None,0.0,0.0,0.0,0.0,0.0,Enemy
338.40000000000003,A0100,AN/APG-68(V)9,SEARCH,B0200,137.13679991866127,0.0,0.0,0.0,0.0,Friendly
338.40000000000003,A0200,AN/APG-68(V)9,SEARCH,B0200,127.57770099081421,0.0,0.0,0.0,0.0,Friendly
338.40000000000003,B0200,N001VE,SEARCH,None,0.0,0.0,0.0,0.0,0.0,Enemy
338.6,A0100,AN/APG-68(V)9,SEARCH,B0200,137.22296870307093,0.0,0.0,0.0,0.0,Friendly
338.6,A0200,AN/APG-68(V)9,SEARCH,B0200,127.66566066830019,0.0,0.0,0.0,0.0,Friendly
338.6,B0200,N001VE,SEARCH,None,0.0,0.0,0.0,0.0,0.0,Enemy
338.8,A0100,AN/APG-68(V)9,SEARCH,B0200,137.30909312485292,0.0,0.0,0.0,0.0,Friendly
338.8,A0200,AN/APG-68(V)9,SEARCH,B0200,127.75357224722381,0.0,0.0,0.0,0.0,Friendly
338.8,B0200,N001VE,SEARCH,None,0.0,0.0,0.0,0.0,0.0,Enemy
339.0,A0100,AN/APG-68(V)9,SEARCH,B0200,137.395144386533,0.0,0.0,0.0,0.0,Friendly
339.0,A0200,AN/APG-68(V)9,SEARCH,B0200,127.84138182312175,0.0,0.0,0.0,0.0,Friendly
339.0,B0200,N001VE,SEARCH,None,0.0,0.0,0.0,0.0,0.0,Enemy
339.20000000000005,A0100,AN/APG-68(V)9,SEARCH,B0200,137.48120099221424,0.0,0.0,0.0,0.0,Friendly
339.20000000000005,A0200,AN/APG-68(V)9,SEARCH,B0200,127.92918235349245,0.0,0.0,0.0,0.0,Friendly
339.20000000000005,B0200,N001VE,SEARCH,None,0.0,0.0,0.0,0.0,0.0,Enemy
339.40000000000003,A0100,AN/APG-68(V)9,SEARCH,B0200,137.56718275879894,0.0,0.0,0.0,0.0,Friendly
339.40000000000003,A0200,AN/APG-68(V)9,SEARCH,B0200,128.01697899415132,0.0,0.0,0.0,0.0,Friendly
339.40000000000003,B0200,N001VE,SEARCH,None,0.0,0.0,0.0,0.0,0.0,Enemy
339.6,A0100,AN/APG-68(V)9,SEARCH,B0200,137.65311262806435,0.0,0.0,0.0,0.0,Friendly
339.6,A0200,AN/APG-68(V)9,SEARCH,B0200,128.10480973439869,0.0,0.0,0.0,0.0,Friendly
339.6,B0200,N001VE,SEARCH,None,0.0,0.0,0.0,0.0,0.0,Enemy
339.8,A0100,AN/APG-68(V)9,SEARCH,B0200,137.73898470916347,0.0,0.0,0.0,0.0,Friendly
339.8,A0200,AN/APG-68(V)9,SEARCH,B0200,128.19257048890987,0.0,0.0,0.0,0.0,Friendly
339.8,B0200,N001VE,SEARCH,None,0.0,0.0,0.0,0.0,0.0,Enemy
340.0,A0100,AN/APG-68(V)9,SEARCH,B0200,137.82482610382758,0.0,0.0,0.0,0.0,Friendly
340.0,A0200,AN/APG-68(V)9,SEARCH,B0200,128.28026985294207,0.0,0.0,0.0,0.0,Friendly
340.0,B0200,N001VE,SEARCH,None,0.0,0.0,0.0,0.0,0.0,Enemy
340.20000000000005,A0100,AN/APG-68(V)9,SEARCH,B0200,137.91073333618007,0.0,0.0,0.0,0.0,Friendly
340.20000000000005,A0200,AN/APG-68(V)9,SEARCH,B0200,128.36803241731153,0.0,0.0,0.0,0.0,Friendly
340.20000000000005,B0200,N001VE,SEARCH,None,0.0,0.0,0.0,0.0,0.0,Enemy
340.40000000000003,A0100,AN/APG-68(V)9,SEARCH,B0200,137.99666520280513,0.0,0.0,0.0,0.0,Friendly
340.40000000000003,A0200,AN/APG-68(V)9,SEARCH,B0200,128.45587199152416,0.0,0.0,0.0,0.0,Friendly
340.40000000000003,B0200,N001VE,SEARCH,None,0.0,0.0,0.0,0.0,0.0,Enemy
340.6,A0100,AN/APG-68(V)9,SEARCH,B0200,138.08249704620377,0.0,0.0,0.0,0.0,Friendly
340.6,A0200,AN/APG-68(V)9,SEARCH,B0200,128.5436439443305,0.0,0.0,0.0,0.0,Friendly
340.6,B0200,N001VE,SEARCH,None,0.0,0.0,0.0,0.0,0.0,Enemy
340.8,A0100,AN/APG-68(V)9,SEARCH,B0200,138.16834016523333,0.0,0.0,0.0,0.0,Friendly
340.8,A0200,AN/APG-68(V)9,SEARCH,B0200,128.63131159280786,0.0,0.0,0.0,0.0,Friendly
340.8,B0200,N001VE,SEARCH,None,0.0,0.0,0.0,0.0,0.0,Enemy
341.0,A0100,AN/APG-68(V)9,SEARCH,B0200,138.25418362835666,0.0,0.0,0.0,0.0,Friendly
341.0,A0200,AN/APG-68(V)9,SEARCH,B0200,128.71889281347373,0.0,0.0,0.0,0.0,Friendly
341.0,B0200,N001VE,SEARCH,None,0.0,0.0,0.0,0.0,0.0,Enemy
341.20000000000005,A0100,AN/APG-68(V)9,SEARCH,B0200,138.33999315742358,0.0,0.0,0.0,0.0,Friendly
341.20000000000005,A0200,AN/APG-68(V)9,SEARCH,B0200,128.80643998895272,0.0,0.0,0.0,0.0,Friendly
341.20000000000005,B0200,N001VE,SEARCH,None,0.0,0.0,0.0,0.0,0.0,Enemy
341.40000000000003,A0100,AN/APG-68(V)9,SEARCH,B0200,138.4257773496747,0.0,0.0,0.0,0.0,Friendly
341.40000000000003,A0200,AN/APG-68(V)9,SEARCH,B0200,128.8940045454645,0.0,0.0,0.0,0.0,Friendly
341.40000000000003,B0200,N001VE,SEARCH,None,0.0,0.0,0.0,0.0,0.0,Enemy
341.6,A0100,AN/APG-68(V)9,SEARCH,B0200,138.5115363749261,0.0,0.0,0.0,0.0,Friendly
341.6,A0200,AN/APG-68(V)9,SEARCH,B0200,128.9815644331488,0.0,0.0,0.0,0.0,Friendly
341.6,B0200,N001VE,SEARCH,None,0.0,0.0,0.0,0.0,0.0,Enemy
341.8,A0100,AN/APG-68(V)9,SEARCH,B0200,138.59728276684626,0.0,0.0,0.0,0.0,Friendly
341.8,A0200,AN/APG-68(V)9,SEARCH,B0200,129.06909970322897,0.0,0.0,0.0,0.0,Friendly
341.8,B0200,N001VE,SEARCH,None,0.0,0.0,0.0,0.0,0.0,Enemy
342.0,A0100,AN/APG-68(V)9,SEARCH,B0200,138.68300340286606,0.0,0.0,0.0,0.0,Friendly
342.0,A0200,AN/APG-68(V)9,SEARCH,B0200,129.15663306948278,0.0,0.0,0.0,0.0,Friendly
342.0,B0200,N001VE,SEARCH,None,0.0,0.0,0.0,0.0,0.0,Enemy
342.20000000000005,A0100,AN/APG-68(V)9,SEARCH,B0200,138.76868944796468,0.0,0.0,0.0,0.0,Friendly
342.20000000000005,A0200,AN/APG-68(V)9,SEARCH,B0200,129.24414952981186,0.0,0.0,0.0,0.0,Friendly
342.20000000000005,B0200,N001VE,SEARCH,None,0.0,0.0,0.0,0.0,0.0,Enemy
342.40000000000003,A0100,AN/APG-68(V)9,SEARCH,B0200,138.85433602666086,0.0,0.0,0.0,0.0,Friendly
342.40000000000003,A0200,AN/APG-68(V)9,SEARCH,B0200,129.33169175746127,0.0,0.0,0.0,0.0,Friendly
342.40000000000003,B0200,N001VE,SEARCH,None,0.0,0.0,0.0,0.0,0.0,Enemy
342.6,A0100,AN/APG-68(V)9,SEARCH,B0200,138.9398999373262,0.0,0.0,0.0,0.0,Friendly
342.6,A0200,AN/APG-68(V)9,SEARCH,B0200,129.41918955477064,0.0,0.0,0.0,0.0,Friendly
342.6,B0200,N001VE,SEARCH,None,0.0,0.0,0.0,0.0,0.0,Enemy
342.8,A0100,AN/APG-68(V)9,SEARCH,B0200,139.0255163314087,0.0,0.0,0.0,0.0,Friendly
342.8,A0200,AN/APG-68(V)9,SEARCH,B0200,129.5066229643992,0.0,0.0,0.0,0.0,Friendly
342.8,B0200,N001VE,SEARCH,None,0.0,0.0,0.0,0.0,0.0,Enemy
343.0,A0100,AN/APG-68(V)9,SEARCH,B0200,139.11115121041098,0.0,0.0,0.0,0.0,Friendly
343.0,A0200,AN/APG-68(V)9,SEARCH,B0200,129.59402011277683,0.0,0.0,0.0,0.0,Friendly
343.0,B0200,N001VE,SEARCH,None,0.0,0.0,0.0,0.0,0.0,Enemy
343.20000000000005,A0100,AN/APG-68(V)9,SEARCH,B0200,139.19667933375877,0.0,0.0,0.0,0.0,Friendly
343.20000000000005,A0200,AN/APG-68(V)9,SEARCH,B0200,129.68135673901799,0.0,0.0,0.0,0.0,Friendly
343.20000000000005,B0200,N001VE,SEARCH,None,0.0,0.0,0.0,0.0,0.0,Enemy
343.40000000000003,A0100,AN/APG-68(V)9,SEARCH,B0200,139.28222643987598,0.0,0.0,0.0,0.0,Friendly
343.40000000000003,A0200,AN/APG-68(V)9,SEARCH,B0200,129.7687632808555,0.0,0.0,0.0,0.0,Friendly
343.40000000000003,B0200,N001VE,SEARCH,None,0.0,0.0,0.0,0.0,0.0,Enemy
343.6,A0100,AN/APG-68(V)9,SEARCH,B0200,139.36783968952307,0.0,0.0,0.0,0.0,Friendly
343.6,A0200,AN/APG-68(V)9,SEARCH,B0200,129.8561990703015,0.0,0.0,0.0,0.0,Friendly
343.6,B0200,N001VE,SEARCH,None,0.0,0.0,0.0,0.0,0.0,Enemy
343.8,A0100,AN/APG-68(V)9,SEARCH,B0200,139.45339139418599,0.0,0.0,0.0,0.0,Friendly
343.8,A0200,AN/APG-68(V)9,SEARCH,B0200,129.9434891869225,0.0,0.0,0.0,0.0,Friendly
343.8,B0200,N001VE,SEARCH,None,0.0,0.0,0.0,0.0,0.0,Enemy
344.0,A0100,AN/APG-68(V)9,SEARCH,B0200,139.5390356167061,0.0,0.0,0.0,0.0,Friendly
344.0,A0200,AN/APG-68(V)9,SEARCH,B0200,130.0308179519741,0.0,0.0,0.0,0.0,Friendly
344.0,B0200,N001VE,SEARCH,None,0.0,0.0,0.0,0.0,0.0,Enemy
344.20000000000005,A0100,AN/APG-68(V)9,SEARCH,B0200,139.62475499065835,0.0,0.0,0.0,0.0,Friendly
344.20000000000005,A0200,AN/APG-68(V)9,SEARCH,B0200,130.11826998288794,0.0,0.0,0.0,0.0,Friendly
344.20000000000005,B0200,N001VE,SEARCH,None,0.0,0.0,0.0,0.0,0.0,Enemy
344.40000000000003,A0100,AN/APG-68(V)9,SEARCH,B0200,139.71043317521475,0.0,0.0,0.0,0.0,Friendly
344.40000000000003,A0200,AN/APG-68(V)9,SEARCH,B0200,130.20572575601284,0.0,0.0,0.0,0.0,Friendly
344.40000000000003,B0200,N001VE,SEARCH,None,0.0,0.0,0.0,0.0,0.0,Enemy
344.6,A0100,AN/APG-68(V)9,SEARCH,B0200,139.79607462727773,0.0,0.0,0.0,0.0,Friendly
344.6,A0200,AN/APG-68(V)9,SEARCH,B0200,130.2931041282635,0.0,0.0,0.0,0.0,Friendly
344.6,B0200,N001VE,SEARCH,None,0.0,0.0,0.0,0.0,0.0,Enemy
344.8,A0100,AN/APG-68(V)9,SEARCH,B0200,139.881685230035,0.0,0.0,0.0,0.0,Friendly
344.8,A0200,AN/APG-68(V)9,SEARCH,B0200,130.38039592949985,0.0,0.0,0.0,0.0,Friendly
344.8,B0200,N001VE,SEARCH,None,0.0,0.0,0.0,0.0,0.0,Enemy
345.0,A0100,AN/APG-68(V)9,SEARCH,B0200,139.96723204750606,0.0,0.0,0.0,0.0,Friendly
345.0,A0200,AN/APG-68(V)9,SEARCH,B0200,130.4677203907718,0.0,0.0,0.0,0.0,Friendly
345.0,B0200,N001VE,SEARCH,None,0.0,0.0,0.0,0.0,0.0,Enemy
345.20000000000005,A0100,AN/APG-68(V)9,SEARCH,B0200,140.05283401464655,0.0,0.0,0.0,0.0,Friendly
345.20000000000005,A0200,AN/APG-68(V)9,SEARCH,B0200,130.55513850801992,0.0,0.0,0.0,0.0,Friendly
345.20000000000005,B0200,N001VE,SEARCH,None,0.0,0.0,0.0,0.0,0.0,Enemy
345.40000000000003,A0100,AN/APG-68(V)9,SEARCH,B0200,140.13853204228172,0.0,0.0,0.0,0.0,Friendly
345.40000000000003,A0200,AN/APG-68(V)9,SEARCH,B0200,130.64261620295318,0.0,0.0,0.0,0.0,Friendly
345.40000000000003,B0200,N001VE,SEARCH,None,0.0,0.0,0.0,0.0,0.0,Enemy
345.6,A0100,AN/APG-68(V)9,SEARCH,B0200,140.22427367473003,0.0,0.0,0.0,0.0,Friendly
345.6,A0200,AN/APG-68(V)9,SEARCH,B0200,130.73007415428097,0.0,0.0,0.0,0.0,Friendly
345.6,B0200,N001VE,SEARCH,None,0.0,0.0,0.0,0.0,0.0,Enemy
345.8,A0100,AN/APG-68(V)9,SEARCH,B0200,140.31001906470036,0.0,0.0,0.0,0.0,Friendly
345.8,A0200,AN/APG-68(V)9,SEARCH,B0200,130.8174890891827,0.0,0.0,0.0,0.0,Friendly
345.8,B0200,N001VE,SEARCH,None,0.0,0.0,0.0,0.0,0.0,Enemy
346.0,A0100,AN/APG-68(V)9,SEARCH,B0200,140.39568847120282,0.0,0.0,0.0,0.0,Friendly
346.0,A0200,AN/APG-68(V)9,SEARCH,B0200,130.90492699430482,0.0,0.0,0.0,0.0,Friendly
346.0,B0200,N001VE,SEARCH,None,0.0,0.0,0.0,0.0,0.0,Enemy
346.20000000000005,A0100,AN/APG-68(V)9,SEARCH,B0200,140.48135889097676,0.0,0.0,0.0,0.0,Friendly
346.20000000000005,A0200,AN/APG-68(V)9,SEARCH,B0200,130.99246188459242,0.0,0.0,0.0,0.0,Friendly
346.20000000000005,B0200,N001VE,SEARCH,None,0.0,0.0,0.0,0.0,0.0,Enemy
346.40000000000003,A0100,AN/APG-68(V)9,SEARCH,B0200,140.56708318265515,0.0,0.0,0.0,0.0,Friendly
346.40000000000003,A0200,AN/APG-68(V)9,SEARCH,B0200,131.080012327062,0.0,0.0,0.0,0.0,Friendly
346.40000000000003,B0200,N001VE,SEARCH,None,0.0,0.0,0.0,0.0,0.0,Enemy
346.6,A0100,AN/APG-68(V)9,SEARCH,B0200,140.652826183209,0.0,0.0,0.0,0.0,Friendly
346.6,A0200,AN/APG-68(V)9,SEARCH,B0200,131.16745275093476,0.0,0.0,0.0,0.0,Friendly
346.6,B0200,N001VE,SEARCH,None,0.0,0.0,0.0,0.0,0.0,Enemy
346.8,A0100,AN/APG-68(V)9,SEARCH,B0200,140.73853495902068,0.0,0.0,0.0,0.0,Friendly
346.8,A0200,AN/APG-68(V)9,SEARCH,B0200,131.25482852023958,0.0,0.0,0.0,0.0,Friendly
346.8,B0200,N001VE,SEARCH,None,0.0,0.0,0.0,0.0,0.0,Enemy
347.0,A0100,AN/APG-68(V)9,SEARCH,B0200,140.82412551995264,0.0,0.0,0.0,0.0,Friendly
347.0,A0200,AN/APG-68(V)9,SEARCH,B0200,131.3421548611748,0.0,0.0,0.0,0.0,Friendly
347.0,B0200,N001VE,SEARCH,None,0.0,0.0,0.0,0.0,0.0,Enemy
347.20000000000005,A0100,AN/APG-68(V)9,SEARCH,B0200,140.90965390241158,0.0,0.0,0.0,0.0,Friendly
347.20000000000005,A0200,AN/APG-68(V)9,SEARCH,B0200,131.42944168050647,0.0,0.0,0.0,0.0,Friendly
347.20000000000005,B0200,N001VE,SEARCH,None,0.0,0.0,0.0,0.0,0.0,Enemy
347.40000000000003,A0100,AN/APG-68(V)9,SEARCH,B0200,140.99521912950038,0.0,0.0,0.0,0.0,Friendly
347.40000000000003,A0200,AN/APG-68(V)9,SEARCH,B0200,131.51674478407557,0.0,0.0,0.0,0.0,Friendly
347.40000000000003,B0200,N001VE,SEARCH,None,0.0,0.0,0.0,0.0,0.0,Enemy
347.6,A0100,AN/APG-68(V)9,SEARCH,B0200,141.08076015338162,0.0,0.0,0.0,0.0,Friendly
347.6,A0200,AN/APG-68(V)9,SEARCH,B0200,131.60400956747975,0.0,0.0,0.0,0.0,Friendly
347.6,B0200,N001VE,SEARCH,None,0.0,0.0,0.0,0.0,0.0,Enemy
347.8,A0100,AN/APG-68(V)9,SEARCH,B0200,141.1661967041286,0.0,0.0,0.0,0.0,Friendly
347.8,A0200,AN/APG-68(V)9,SEARCH,B0200,131.6912244946865,0.0,0.0,0.0,0.0,Friendly
347.8,B0200,N001VE,SEARCH,None,0.0,0.0,0.0,0.0,0.0,Enemy
348.0,A0100,AN/APG-68(V)9,SEARCH,B0200,141.25169249830984,0.0,0.0,0.0,0.0,Friendly
348.0,A0200,AN/APG-68(V)9,SEARCH,B0200,131.77852259419709,0.0,0.0,0.0,0.0,Friendly
348.0,B0200,N001VE,SEARCH,None,0.0,0.0,0.0,0.0,0.0,Enemy
348.20000000000005,A0100,AN/APG-68(V)9,SEARCH,B0200,141.33729757867823,0.0,0.0,0.0,0.0,Friendly
348.20000000000005,A0200,AN/APG-68(V)9,SEARCH,B0200,131.86585978874092,0.0,0.0,0.0,0.0,Friendly
348.20000000000005,B0200,N001VE,SEARCH,None,0.0,0.0,0.0,0.0,0.0,Enemy
348.40000000000003,A0100,AN/APG-68(V)9,SEARCH,B0200,141.42285118571095,0.0,0.0,0.0,0.0,Friendly
348.40000000000003,A0200,AN/APG-68(V)9,SEARCH,B0200,131.95305936535456,0.0,0.0,0.0,0.0,Friendly
348.40000000000003,B0200,N001VE,SEARCH,None,0.0,0.0,0.0,0.0,0.0,Enemy
348.6,A0100,AN/APG-68(V)9,SEARCH,B0200,141.5083476327948,0.0,0.0,0.0,0.0,Friendly
348.6,A0200,AN/APG-68(V)9,SEARCH,B0200,132.04012578069282,0.0,0.0,0.0,0.0,Friendly
348.6,B0200,N001VE,SEARCH,None,0.0,0.0,0.0,0.0,0.0,Enemy
348.8,A0100,AN/APG-68(V)9,SEARCH,B0200,141.5938866169998,0.0,0.0,0.0,0.0,Friendly
348.8,A0200,AN/APG-68(V)9,SEARCH,B0200,132.12724001129914,0.0,0.0,0.0,0.0,Friendly
348.8,B0200,N001VE,SEARCH,None,0.0,0.0,0.0,0.0,0.0,Enemy
349.0,A0100,AN/APG-68(V)9,SEARCH,B0200,141.6794755387571,0.0,0.0,0.0,0.0,Friendly
349.0,A0200,AN/APG-68(V)9,SEARCH,B0200,132.21446285688484,0.0,0.0,0.0,0.0,Friendly
349.0,B0200,N001VE,SEARCH,None,0.0,0.0,0.0,0.0,0.0,Enemy
349.20000000000005,A0100,AN/APG-68(V)9,SEARCH,B0200,141.7650469527484,0.0,0.0,0.0,0.0,Friendly
349.20000000000005,A0200,AN/APG-68(V)9,SEARCH,B0200,132.3017682231562,0.0,0.0,0.0,0.0,Friendly
349.20000000000005,B0200,N001VE,SEARCH,None,0.0,0.0,0.0,0.0,0.0,Enemy
349.40000000000003,A0100,AN/APG-68(V)9,SEARCH,B0200,141.8505588715914,0.0,0.0,0.0,0.0,Friendly
349.40000000000003,A0200,AN/APG-68(V)9,SEARCH,B0200,132.3889934105619,0.0,0.0,0.0,0.0,Friendly
349.40000000000003,B0200,N001VE,SEARCH,None,0.0,0.0,0.0,0.0,0.0,Enemy
349.6,A0100,AN/APG-68(V)9,SEARCH,B0200,141.93599170933695,0.0,0.0,0.0,0.0,Friendly
349.6,A0200,AN/APG-68(V)9,SEARCH,B0200,132.47610183677878,0.0,0.0,0.0,0.0,Friendly
349.6,B0200,N001VE,SEARCH,None,0.0,0.0,0.0,0.0,0.0,Enemy
349.8,A0100,AN/APG-68(V)9,SEARCH,B0200,142.02144496576773,0.0,0.0,0.0,0.0,Friendly
349.8,A0200,AN/APG-68(V)9,SEARCH,B0200,132.56328161659235,0.0,0.0,0.0,0.0,Friendly
349.8,B0200,N001VE,SEARCH,None,0.0,0.0,0.0,0.0,0.0,Enemy
350.0,A0100,AN/APG-68(V)9,SEARCH,B0200,142.10702207801265,0.0,0.0,0.0,0.0,Friendly
350.0,A0200,AN/APG-68(V)9,SEARCH,B0200,132.65057321000796,0.0,0.0,0.0,0.0,Friendly
350.0,B0200,N001VE,SEARCH,None,0.0,0.0,0.0,0.0,0.0,Enemy
350.20000000000005,A0100,AN/APG-68(V)9,SEARCH,B0200,142.1926254924005,0.0,0.0,0.0,0.0,Friendly
350.20000000000005,A0200,AN/APG-68(V)9,SEARCH,B0200,132.73785611638232,0.0,0.0,0.0,0.0,Friendly
350.20000000000005,B0200,N001VE,SEARCH,None,0.0,0.0,0.0,0.0,0.0,Enemy
350.40000000000003,A0100,AN/APG-68(V)9,SEARCH,B0200,142.27811971227194,0.0,0.0,0.0,0.0,Friendly
350.40000000000003,A0200,AN/APG-68(V)9,SEARCH,B0200,132.82512340674128,0.0,0.0,0.0,0.0,Friendly
350.40000000000003,B0200,N001VE,SEARCH,None,0.0,0.0,0.0,0.0,0.0,Enemy
350.6,A0100,AN/APG-68(V)9,SEARCH,B0200,142.36357788891593,0.0,0.0,0.0,0.0,Friendly
350.6,A0200,AN/APG-68(V)9,SEARCH,B0200,132.91240589070014,0.0,0.0,0.0,0.0,Friendly
350.6,B0200,N001VE,SEARCH,None,0.0,0.0,0.0,0.0,0.0,Enemy
350.8,A0100,AN/APG-68(V)9,SEARCH,B0200,142.44903901217765,0.0,0.0,0.0,0.0,Friendly
350.8,A0200,AN/APG-68(V)9,SEARCH,B0200,132.9996568835059,0.0,0.0,0.0,0.0,Friendly
350.8,B0200,N001VE,SEARCH,None,0.0,0.0,0.0,0.0,0.0,Enemy
351.0,A0100,AN/APG-68(V)9,SEARCH,B0200,142.53455015779247,0.0,0.0,0.0,0.0,Friendly
351.0,A0200,AN/APG-68(V)9,SEARCH,B0200,133.0868438162493,0.0,0.0,0.0,0.0,Friendly
351.0,B0200,N001VE,SEARCH,None,0.0,0.0,0.0,0.0,0.0,Enemy
351.20000000000005,A0100,AN/APG-68(V)9,SEARCH,B0200,142.61994230459536,0.0,0.0,0.0,0.0,Friendly
351.20000000000005,A0200,AN/APG-68(V)9,SEARCH,B0200,133.17389838621347,0.0,0.0,0.0,0.0,Friendly
351.20000000000005,B0200,N001VE,SEARCH,None,0.0,0.0,0.0,0.0,0.0,Enemy
351.40000000000003,A0100,AN/APG-68(V)9,SEARCH,B0200,142.7050687254956,0.0,0.0,0.0,0.0,Friendly
351.40000000000003,A0200,AN/APG-68(V)9,SEARCH,B0200,133.26086799594805,0.0,0.0,0.0,0.0,Friendly
351.40000000000003,B0200,N001VE,SEARCH,None,0.0,0.0,0.0,0.0,0.0,Enemy
351.6,A0100,AN/APG-68(V)9,SEARCH,B0200,142.79006114135066,0.0,0.0,0.0,0.0,Friendly
351.6,A0200,AN/APG-68(V)9,SEARCH,B0200,133.34790996736788,0.0,0.0,0.0,0.0,Friendly
351.6,B0200,N001VE,SEARCH,None,0.0,0.0,0.0,0.0,0.0,Enemy
351.8,A0100,AN/APG-68(V)9,SEARCH,B0200,142.87504569419926,0.0,0.0,0.0,0.0,Friendly
351.8,A0200,AN/APG-68(V)9,SEARCH,B0200,133.4350573664961,0.0,0.0,0.0,0.0,Friendly
351.8,B0200,N001VE,SEARCH,None,0.0,0.0,0.0,0.0,0.0,Enemy
352.0,A0100,AN/APG-68(V)9,SEARCH,B0200,142.9600040743294,0.0,0.0,0.0,0.0,Friendly
352.0,A0200,AN/APG-68(V)9,SEARCH,B0200,133.5221591702168,0.0,0.0,0.0,0.0,Friendly
352.0,B0200,N001VE,SEARCH,None,0.0,0.0,0.0,0.0,0.0,Enemy
352.20000000000005,A0100,AN/APG-68(V)9,SEARCH,B0200,143.0449089379395,0.0,0.0,0.0,0.0,Friendly
352.20000000000005,A0200,AN/APG-68(V)9,SEARCH,B0200,133.60918708365182,0.0,0.0,0.0,0.0,Friendly
352.20000000000005,B0200,N001VE,SEARCH,None,0.0,0.0,0.0,0.0,0.0,Enemy
352.40000000000003,A0100,AN/APG-68(V)9,SEARCH,B0200,143.12979111857805,0.0,0.0,0.0,0.0,Friendly
352.40000000000003,A0200,AN/APG-68(V)9,SEARCH,B0200,133.69625720435994,0.0,0.0,0.0,0.0,Friendly
352.40000000000003,B0200,N001VE,SEARCH,None,0.0,0.0,0.0,0.0,0.0,Enemy
352.6,A0100,AN/APG-68(V)9,SEARCH,B0200,143.2147882143098,0.0,0.0,0.0,0.0,Friendly
352.6,A0200,AN/APG-68(V)9,SEARCH,B0200,133.78343414253362,0.0,0.0,0.0,0.0,Friendly
352.6,B0200,N001VE,SEARCH,None,0.0,0.0,0.0,0.0,0.0,Enemy
352.8,A0100,AN/APG-68(V)9,SEARCH,B0200,143.2999634307504,0.0,0.0,0.0,0.0,Friendly
352.8,A0200,AN/APG-68(V)9,SEARCH,B0200,133.870622622514,0.0,0.0,0.0,0.0,Friendly
352.8,B0200,N001VE,SEARCH,None,0.0,0.0,0.0,0.0,0.0,Enemy
353.0,A0100,AN/APG-68(V)9,SEARCH,B0200,143.38521048348258,0.0,0.0,0.0,0.0,Friendly
353.0,A0200,AN/APG-68(V)9,SEARCH,B0200,133.95766188817407,0.0,0.0,0.0,0.0,Friendly
353.0,B0200,N001VE,SEARCH,None,0.0,0.0,0.0,0.0,0.0,Enemy
353.20000000000005,A0100,AN/APG-68(V)9,SEARCH,B0200,143.47050615948046,0.0,0.0,0.0,0.0,Friendly
353.20000000000005,A0200,AN/APG-68(V)9,SEARCH,B0200,134.0445253380572,0.0,0.0,0.0,0.0,Friendly
353.20000000000005,B0200,N001VE,SEARCH,None,0.0,0.0,0.0,0.0,0.0,Enemy
353.40000000000003,A0100,AN/APG-68(V)9,SEARCH,B0200,143.5558232938964,0.0,0.0,0.0,0.0,Friendly
353.40000000000003,A0200,AN/APG-68(V)9,SEARCH,B0200,134.13132308773658,0.0,0.0,0.0,0.0,Friendly
353.40000000000003,B0200,N001VE,SEARCH,None,0.0,0.0,0.0,0.0,0.0,Enemy
353.6,A0100,AN/APG-68(V)9,SEARCH,B0200,143.64103505046882,0.0,0.0,0.0,0.0,Friendly
353.6,A0200,AN/APG-68(V)9,SEARCH,B0200,134.21808971716675,0.0,0.0,0.0,0.0,Friendly
353.6,B0200,N001VE,SEARCH,None,0.0,0.0,0.0,0.0,0.0,Enemy
353.8,A0100,AN/APG-68(V)9,SEARCH,B0200,143.72596345190473,0.0,0.0,0.0,0.0,Friendly
353.8,A0200,AN/APG-68(V)9,SEARCH,B0200,134.30480417386676,0.0,0.0,0.0,0.0,Friendly
353.8,B0200,N001VE,SEARCH,None,0.0,0.0,0.0,0.0,0.0,Enemy
354.0,A0100,AN/APG-68(V)9,SEARCH,B0200,143.81082976313894,0.0,0.0,0.0,0.0,Friendly
354.0,A0200,AN/APG-68(V)9,SEARCH,B0200,134.39156460523222,0.0,0.0,0.0,0.0,Friendly
354.0,B0200,N001VE,SEARCH,None,0.0,0.0,0.0,0.0,0.0,Enemy
354.20000000000005,A0100,AN/APG-68(V)9,SEARCH,B0200,143.8958110783972,0.0,0.0,0.0,0.0,Friendly
354.20000000000005,A0200,AN/APG-68(V)9,SEARCH,B0200,134.47838295001478,0.0,0.0,0.0,0.0,Friendly
354.20000000000005,B0200,N001VE,SEARCH,None,0.0,0.0,0.0,0.0,0.0,Enemy
354.40000000000003,A0100,AN/APG-68(V)9,SEARCH,B0200,143.9808308188908,0.0,0.0,0.0,0.0,Friendly
354.40000000000003,A0200,AN/APG-68(V)9,SEARCH,B0200,134.56515987076793,0.0,0.0,0.0,0.0,Friendly
354.40000000000003,B0200,N001VE,SEARCH,None,0.0,0.0,0.0,0.0,0.0,Enemy
354.6,A0100,AN/APG-68(V)9,SEARCH,B0200,144.06579193567586,0.0,0.0,0.0,0.0,Friendly
354.6,A0200,AN/APG-68(V)9,SEARCH,B0200,134.65194885529064,0.0,0.0,0.0,0.0,Friendly
354.6,B0200,N001VE,SEARCH,None,0.0,0.0,0.0,0.0,0.0,Enemy
354.8,A0100,AN/APG-68(V)9,SEARCH,B0200,144.1505959578715,0.0,0.0,0.0,0.0,Friendly
354.8,A0200,AN/APG-68(V)9,SEARCH,B0200,134.73869854722258,0.0,0.0,0.0,0.0,Friendly
354.8,B0200,N001VE,SEARCH,None,0.0,0.0,0.0,0.0,0.0,Enemy
355.0,A0100,AN/APG-68(V)9,SEARCH,B0200,144.23542937851113,0.0,0.0,0.0,0.0,Friendly
355.0,A0200,AN/APG-68(V)9,SEARCH,B0200,134.82548199936286,0.0,0.0,0.0,0.0,Friendly
355.0,B0200,N001VE,SEARCH,None,0.0,0.0,0.0,0.0,0.0,Enemy
355.20000000000005,A0100,AN/APG-68(V)9,SEARCH,B0200,144.32037987546462,0.0,0.0,0.0,0.0,Friendly
355.20000000000005,A0200,AN/APG-68(V)9,SEARCH,B0200,134.91231428999458,0.0,0.0,0.0,0.0,Friendly
355.20000000000005,B0200,N001VE,SEARCH,None,0.0,0.0,0.0,0.0,0.0,Enemy
355.40000000000003,A0100,AN/APG-68(V)9,SEARCH,B0200,144.40538743298478,0.0,0.0,0.0,0.0,Friendly
355.40000000000003,A0200,AN/APG-68(V)9,SEARCH,B0200,134.99906181055033,0.0,0.0,0.0,0.0,Friendly
355.40000000000003,B0200,N001VE,SEARCH,None,0.0,0.0,0.0,0.0,0.0,Enemy
355.6,A0100,AN/APG-68(V)9,SEARCH,B0200,144.4903808079322,0.0,0.0,0.0,0.0,Friendly
355.6,A0200,AN/APG-68(V)9,SEARCH,B0200,135.08574841814342,0.0,0.0,0.0,0.0,Friendly
355.6,B0200,N001VE,SEARCH,None,0.0,0.0,0.0,0.0,0.0,Enemy
355.8,A0100,AN/APG-68(V)9,SEARCH,B0200,144.57528064127197,0.0,0.0,0.0,0.0,Friendly
355.8,A0200,AN/APG-68(V)9,SEARCH,B0200,135.17245140157837,0.0,0.0,0.0,0.0,Friendly
355.8,B0200,N001VE,SEARCH,None,0.0,0.0,0.0,0.0,0.0,Enemy
356.0,A0100,AN/APG-68(V)9,SEARCH,B0200,144.66019259104294,0.0,0.0,0.0,0.0,Friendly
356.0,A0200,AN/APG-68(V)9,SEARCH,B0200,135.25920814151752,0.0,0.0,0.0,0.0,Friendly
356.0,B0200,N001VE,SEARCH,None,0.0,0.0,0.0,0.0,0.0,Enemy
356.20000000000005,A0100,AN/APG-68(V)9,SEARCH,B0200,144.7452136414674,0.0,0.0,0.0,0.0,Friendly
356.20000000000005,A0200,AN/APG-68(V)9,SEARCH,B0200,135.3459972572038,0.0,0.0,0.0,0.0,Friendly
356.20000000000005,B0200,N001VE,SEARCH,None,0.0,0.0,0.0,0.0,0.0,Enemy
356.40000000000003,A0100,AN/APG-68(V)9,SEARCH,B0200,144.83028286199723,0.0,0.0,0.0,0.0,Friendly
356.40000000000003,A0200,AN/APG-68(V)9,SEARCH,B0200,135.43269894984257,0.0,0.0,0.0,0.0,Friendly
356.40000000000003,B0200,N001VE,SEARCH,None,0.0,0.0,0.0,0.0,0.0,Enemy
356.6,A0100,AN/APG-68(V)9,SEARCH,B0200,144.9153270978848,0.0,0.0,0.0,0.0,Friendly
356.6,A0200,AN/APG-68(V)9,SEARCH,B0200,135.51938309885395,0.0,0.0,0.0,0.0,Friendly
356.6,B0200,N001VE,SEARCH,None,0.0,0.0,0.0,0.0,0.0,Enemy
356.8,A0100,AN/APG-68(V)9,SEARCH,B0200,145.0004607649303,0.0,0.0,0.0,0.0,Friendly
356.8,A0200,AN/APG-68(V)9,SEARCH,B0200,135.60618301151004,0.0,0.0,0.0,0.0,Friendly
356.8,B0200,N001VE,SEARCH,None,0.0,0.0,0.0,0.0,0.0,Enemy
357.0,A0100,AN/APG-68(V)9,SEARCH,B0200,145.08568126557304,0.0,0.0,0.0,0.0,Friendly
357.0,A0200,AN/APG-68(V)9,SEARCH,B0200,135.69305596882813,0.0,0.0,0.0,0.0,Friendly
357.0,B0200,N001VE,SEARCH,None,0.0,0.0,0.0,0.0,0.0,Enemy
357.20000000000005,A0100,AN/APG-68(V)9,SEARCH,B0200,145.17087591342994,0.0,0.0,0.0,0.0,Friendly
357.20000000000005,A0200,AN/APG-68(V)9,SEARCH,B0200,135.77990158775404,0.0,0.0,0.0,0.0,Friendly
357.20000000000005,B0200,N001VE,SEARCH,None,0.0,0.0,0.0,0.0,0.0,Enemy
357.40000000000003,A0100,AN/APG-68(V)9,SEARCH,B0200,145.25610888137572,0.0,0.0,0.0,0.0,Friendly
357.40000000000003,A0200,AN/APG-68(V)9,SEARCH,B0200,135.86667933375182,0.0,0.0,0.0,0.0,Friendly
357.40000000000003,B0200,N001VE,SEARCH,None,0.0,0.0,0.0,0.0,0.0,Enemy
357.6,A0100,AN/APG-68(V)9,SEARCH,B0200,145.34140870269374,0.0,0.0,0.0,0.0,Friendly
357.6,A0200,AN/APG-68(V)9,SEARCH,B0200,135.9533553052953,0.0,0.0,0.0,0.0,Friendly
357.6,B0200,N001VE,SEARCH,None,0.0,0.0,0.0,0.0,0.0,Enemy
357.8,A0100,AN/APG-68(V)9,SEARCH,B0200,145.42664053006078,0.0,0.0,0.0,0.0,Friendly
357.8,A0200,AN/APG-68(V)9,SEARCH,B0200,136.03989424642685,0.0,0.0,0.0,0.0,Friendly
357.8,B0200,N001VE,SEARCH,None,0.0,0.0,0.0,0.0,0.0,Enemy
358.0,A0100,AN/APG-68(V)9,SEARCH,B0200,145.51170021856927,0.0,0.0,0.0,0.0,Friendly
358.0,A0200,AN/APG-68(V)9,SEARCH,B0200,136.1263475598597,0.0,0.0,0.0,0.0,Friendly
358.0,B0200,N001VE,SEARCH,None,0.0,0.0,0.0,0.0,0.0,Enemy
358.20000000000005,A0100,AN/APG-68(V)9,SEARCH,B0200,145.5967093988983,0.0,0.0,0.0,0.0,Friendly
358.20000000000005,A0200,AN/APG-68(V)9,SEARCH,B0200,136.21281527521504,0.0,0.0,0.0,0.0,Friendly
358.20000000000005,B0200,N001VE,SEARCH,None,0.0,0.0,0.0,0.0,0.0,Enemy
358.40000000000003,A0100,AN/APG-68(V)9,SEARCH,B0200,145.68175214785003,0.0,0.0,0.0,0.0,Friendly
358.40000000000003,A0200,AN/APG-68(V)9,SEARCH,B0200,136.29930477778478,0.0,0.0,0.0,0.0,Friendly
358.40000000000003,B0200,N001VE,SEARCH,None,0.0,0.0,0.0,0.0,0.0,Enemy
358.6,A0100,AN/APG-68(V)9,SEARCH,B0200,145.76684603238783,0.0,0.0,0.0,0.0,Friendly
358.6,A0200,AN/APG-68(V)9,SEARCH,B0200,136.38578352206704,0.0,0.0,0.0,0.0,Friendly
358.6,B0200,N001VE,SEARCH,None,0.0,0.0,0.0,0.0,0.0,Enemy
358.8,A0100,AN/APG-68(V)9,SEARCH,B0200,145.85192700561683,0.0,0.0,0.0,0.0,Friendly
358.8,A0200,AN/APG-68(V)9,SEARCH,B0200,136.47224789346245,0.0,0.0,0.0,0.0,Friendly
358.8,B0200,N001VE,SEARCH,None,0.0,0.0,0.0,0.0,0.0,Enemy
359.0,A0100,AN/APG-68(V)9,SEARCH,B0200,145.93697819371312,0.0,0.0,0.0,0.0,Friendly
359.0,A0200,AN/APG-68(V)9,SEARCH,B0200,136.5586865276841,0.0,0.0,0.0,0.0,Friendly
359.0,B0200,N001VE,SEARCH,None,0.0,0.0,0.0,0.0,0.0,Enemy
359.20000000000005,A0100,AN/APG-68(V)9,SEARCH,B0200,146.02204803606753,0.0,0.0,0.0,0.0,Friendly
359.20000000000005,A0200,AN/APG-68(V)9,SEARCH,B0200,136.64511374873754,0.0,0.0,0.0,0.0,Friendly
359.20000000000005,B0200,N001VE,SEARCH,None,0.0,0.0,0.0,0.0,0.0,Enemy
359.40000000000003,A0100,AN/APG-68(V)9,SEARCH,B0200,146.10708248448736,0.0,0.0,0.0,0.0,Friendly
359.40000000000003,A0200,AN/APG-68(V)9,SEARCH,B0200,136.73144442412863,0.0,0.0,0.0,0.0,Friendly
359.40000000000003,B0200,N001VE,SEARCH,None,0.0,0.0,0.0,0.0,0.0,Enemy
359.6,A0100,AN/APG-68(V)9,SEARCH,B0200,146.1921099368206,0.0,0.0,0.0,0.0,Friendly
359.6,A0200,AN/APG-68(V)9,SEARCH,B0200,136.81769876875143,0.0,0.0,0.0,0.0,Friendly
359.6,B0200,N001VE,SEARCH,None,0.0,0.0,0.0,0.0,0.0,Enemy
359.8,A0100,AN/APG-68(V)9,SEARCH,B0200,146.27723460786768,0.0,0.0,0.0,0.0,Friendly
359.8,A0200,AN/APG-68(V)9,SEARCH,B0200,136.90390422453044,0.0,0.0,0.0,0.0,Friendly
359.8,B0200,N001VE,SEARCH,None,0.0,0.0,0.0,0.0,0.0,Enemy
360.0,A0100,AN/APG-68(V)9,SEARCH,B0200,146.36238868736083,0.0,0.0,0.0,0.0,Friendly
360.0,A0200,AN/APG-68(V)9,SEARCH,B0200,136.99003338422548,0.0,0.0,0.0,0.0,Friendly
360.0,B0200,N001VE,SEARCH,None,0.0,0.0,0.0,0.0,0.0,Enemy
360.20000000000005,A0100,AN/APG-68(V)9,SEARCH,B0200,146.447524896498,0.0,0.0,0.0,0.0,Friendly
360.20000000000005,A0200,AN/APG-68(V)9,SEARCH,B0200,137.07618192700252,0.0,0.0,0.0,0.0,Friendly
360.20000000000005,B0200,N001VE,SEARCH,None,0.0,0.0,0.0,0.0,0.0,Enemy
360.40000000000003,A0100,AN/APG-68(V)9,SEARCH,B0200,146.53250107395718,0.0,0.0,0.0,0.0,Friendly
360.40000000000003,A0200,AN/APG-68(V)9,SEARCH,B0200,137.16234077362404,0.0,0.0,0.0,0.0,Friendly
360.40000000000003,B0200,N001VE,SEARCH,None,0.0,0.0,0.0,0.0,0.0,Enemy
360.6,A0100,AN/APG-68(V)9,SEARCH,B0200,146.6173474106176,0.0,0.0,0.0,0.0,Friendly
360.6,A0200,AN/APG-68(V)9,SEARCH,B0200,137.24850548662246,0.0,0.0,0.0,0.0,Friendly
360.6,B0200,N001VE,SEARCH,None,0.0,0.0,0.0,0.0,0.0,Enemy
360.8,A0100,AN/APG-68(V)9,SEARCH,B0200,146.70227256003042,0.0,0.0,0.0,0.0,Friendly
360.8,A0200,AN/APG-68(V)9,SEARCH,B0200,137.33471179860592,0.0,0.0,0.0,0.0,Friendly
360.8,B0200,N001VE,SEARCH,None,0.0,0.0,0.0,0.0,0.0,Enemy
361.0,A0100,AN/APG-68(V)9,SEARCH,B0200,146.78734089925112,0.0,0.0,0.0,0.0,Friendly
361.0,A0200,AN/APG-68(V)9,SEARCH,B0200,137.42096545861511,0.0,0.0,0.0,0.0,Friendly
361.0,B0200,N001VE,SEARCH,None,0.0,0.0,0.0,0.0,0.0,Enemy
361.20000000000005,A0100,AN/APG-68(V)9,SEARCH,B0200,146.8723871248126,0.0,0.0,0.0,0.0,Friendly
361.20000000000005,A0200,AN/APG-68(V)9,SEARCH,B0200,137.50719091518815,0.0,0.0,0.0,0.0,Friendly
361.20000000000005,B0200,N001VE,SEARCH,None,0.0,0.0,0.0,0.0,0.0,Enemy
361.40000000000003,A0100,AN/APG-68(V)9,SEARCH,B0200,146.95735598883167,0.0,0.0,0.0,0.0,Friendly
361.40000000000003,A0200,AN/APG-68(V)9,SEARCH,B0200,137.59328293015514,0.0,0.0,0.0,0.0,Friendly
361.40000000000003,B0200,N001VE,SEARCH,None,0.0,0.0,0.0,0.0,0.0,Enemy
361.6,A0100,AN/APG-68(V)9,SEARCH,B0200,147.04225593466973,0.0,0.0,0.0,0.0,Friendly
361.6,A0200,AN/APG-68(V)9,SEARCH,B0200,137.67919941946346,0.0,0.0,0.0,0.0,Friendly
361.6,B0200,N001VE,SEARCH,None,0.0,0.0,0.0,0.0,0.0,Enemy
361.8,A0100,AN/APG-68(V)9,SEARCH,B0200,147.12715846848081,0.0,0.0,0.0,0.0,Friendly
361.8,A0200,AN/APG-68(V)9,SEARCH,B0200,137.76509952644176,0.0,0.0,0.0,0.0,Friendly
361.8,B0200,N001VE,SEARCH,None,0.0,0.0,0.0,0.0,0.0,Enemy
362.0,A0100,AN/APG-68(V)9,SEARCH,B0200,147.21215175801458,0.0,0.0,0.0,0.0,Friendly
362.0,A0200,AN/APG-68(V)9,SEARCH,B0200,137.85101822182355,0.0,0.0,0.0,0.0,Friendly
362.0,B0200,N001VE,SEARCH,None,0.0,0.0,0.0,0.0,0.0,Enemy
362.20000000000005,A0100,AN/APG-68(V)9,SEARCH,B0200,147.2971663809736,0.0,0.0,0.0,0.0,Friendly
362.20000000000005,A0200,AN/APG-68(V)9,SEARCH,B0200,137.9369317455768,0.0,0.0,0.0,0.0,Friendly
362.20000000000005,B0200,N001VE,SEARCH,None,0.0,0.0,0.0,0.0,0.0,Enemy
362.40000000000003,A0100,AN/APG-68(V)9,SEARCH,B0200,147.3821016435368,0.0,0.0,0.0,0.0,Friendly
362.40000000000003,A0200,AN/APG-68(V)9,SEARCH,B0200,138.0228355189675,0.0,0.0,0.0,0.0,Friendly
362.40000000000003,B0200,N001VE,SEARCH,None,0.0,0.0,0.0,0.0,0.0,Enemy
362.6,A0100,AN/APG-68(V)9,SEARCH,B0200,147.46695698667938,0.0,0.0,0.0,0.0,Friendly
362.6,A0200,AN/APG-68(V)9,SEARCH,B0200,138.10867312580163,0.0,0.0,0.0,0.0,Friendly
362.6,B0200,N001VE,SEARCH,None,0.0,0.0,0.0,0.0,0.0,Enemy
362.8,A0100,AN/APG-68(V)9,SEARCH,B0200,147.55190474920013,0.0,0.0,0.0,0.0,Friendly
362.8,A0200,AN/APG-68(V)9,SEARCH,B0200,138.19459529066057,0.0,0.0,0.0,0.0,Friendly
362.8,B0200,N001VE,SEARCH,None,0.0,0.0,0.0,0.0,0.0,Enemy
363.0,A0100,AN/APG-68(V)9,SEARCH,B0200,147.63695351826073,0.0,0.0,0.0,0.0,Friendly
363.0,A0200,AN/APG-68(V)9,SEARCH,B0200,138.2806161767605,0.0,0.0,0.0,0.0,Friendly
363.0,B0200,N001VE,SEARCH,None,0.0,0.0,0.0,0.0,0.0,Enemy
363.20000000000005,A0100,AN/APG-68(V)9,SEARCH,B0200,147.72200434668406,0.0,0.0,0.0,0.0,Friendly
363.20000000000005,A0200,AN/APG-68(V)9,SEARCH,B0200,138.36659410528745,0.0,0.0,0.0,0.0,Friendly
363.20000000000005,B0200,N001VE,SEARCH,None,0.0,0.0,0.0,0.0,0.0,Enemy
363.40000000000003,A0100,AN/APG-68(V)9,SEARCH,B0200,147.80699575171232,0.0,0.0,0.0,0.0,Friendly
363.40000000000003,A0200,AN/APG-68(V)9,SEARCH,B0200,138.45254903259837,0.0,0.0,0.0,0.0,Friendly
363.40000000000003,B0200,N001VE,SEARCH,None,0.0,0.0,0.0,0.0,0.0,Enemy
363.6,A0100,AN/APG-68(V)9,SEARCH,B0200,147.89197466771049,0.0,0.0,0.0,0.0,Friendly
363.6,A0200,AN/APG-68(V)9,SEARCH,B0200,138.5384948794427,0.0,0.0,0.0,0.0,Friendly
363.6,B0200,N001VE,SEARCH,None,0.0,0.0,0.0,0.0,0.0,Enemy
363.8,A0100,AN/APG-68(V)9,SEARCH,B0200,147.97702454717657,0.0,0.0,0.0,0.0,Friendly
363.8,A0200,AN/APG-68(V)9,SEARCH,B0200,138.62436714417726,0.0,0.0,0.0,0.0,Friendly
363.8,B0200,N001VE,SEARCH,None,0.0,0.0,0.0,0.0,0.0,Enemy
364.0,A0100,AN/APG-68(V)9,SEARCH,B0200,148.0622033354014,0.0,0.0,0.0,0.0,Friendly
364.0,A0200,AN/APG-68(V)9,SEARCH,B0200,138.7102285494303,0.0,0.0,0.0,0.0,Friendly
364.0,B0200,N001VE,SEARCH,None,0.0,0.0,0.0,0.0,0.0,Enemy
364.20000000000005,A0100,AN/APG-68(V)9,SEARCH,B0200,148.14735188928248,0.0,0.0,0.0,0.0,Friendly
364.20000000000005,A0200,AN/APG-68(V)9,SEARCH,B0200,138.796116234634,0.0,0.0,0.0,0.0,Friendly
364.20000000000005,B0200,N001VE,SEARCH,None,0.0,0.0,0.0,0.0,0.0,Enemy
364.40000000000003,A0100,AN/APG-68(V)9,SEARCH,B0200,148.232468718705,0.0,0.0,0.0,0.0,Friendly
364.40000000000003,A0200,AN/APG-68(V)9,SEARCH,B0200,138.88204888761484,0.0,0.0,0.0,0.0,Friendly
364.40000000000003,B0200,N001VE,SEARCH,None,0.0,0.0,0.0,0.0,0.0,Enemy
364.6,A0100,AN/APG-68(V)9,SEARCH,B0200,148.3175875265139,0.0,0.0,0.0,0.0,Friendly
364.6,A0200,AN/APG-68(V)9,SEARCH,B0200,138.9680176645996,0.0,0.0,0.0,0.0,Friendly
364.6,B0200,N001VE,SEARCH,None,0.0,0.0,0.0,0.0,0.0,Enemy
364.8,A0100,AN/APG-68(V)9,SEARCH,B0200,148.40269021692114,0.0,0.0,0.0,0.0,Friendly
364.8,A0200,AN/APG-68(V)9,SEARCH,B0200,139.05400626916122,0.0,0.0,0.0,0.0,Friendly
364.8,B0200,N001VE,SEARCH,None,0.0,0.0,0.0,0.0,0.0,Enemy
365.0,A0100,AN/APG-68(V)9,SEARCH,B0200,148.48768236354755,0.0,0.0,0.0,0.0,Friendly
365.0,A0200,AN/APG-68(V)9,SEARCH,B0200,139.13997481630645,0.0,0.0,0.0,0.0,Friendly
365.0,B0200,N001VE,SEARCH,None,0.0,0.0,0.0,0.0,0.0,Enemy
365.20000000000005,A0100,AN/APG-68(V)9,SEARCH,B0200,148.57260185116672,0.0,0.0,0.0,0.0,Friendly
365.20000000000005,A0200,AN/APG-68(V)9,SEARCH,B0200,139.2259475418355,0.0,0.0,0.0,0.0,Friendly
365.20000000000005,B0200,N001VE,SEARCH,None,0.0,0.0,0.0,0.0,0.0,Enemy
365.40000000000003,A0100,AN/APG-68(V)9,SEARCH,B0200,148.65754667248638,0.0,0.0,0.0,0.0,Friendly
365.40000000000003,A0200,AN/APG-68(V)9,SEARCH,B0200,139.31196008285713,0.0,0.0,0.0,0.0,Friendly
365.40000000000003,B0200,N001VE,SEARCH,None,0.0,0.0,0.0,0.0,0.0,Enemy
365.6,A0100,AN/APG-68(V)9,SEARCH,B0200,148.74255257587188,0.0,0.0,0.0,0.0,Friendly
365.6,A0200,AN/APG-68(V)9,SEARCH,B0200,139.3979787022304,0.0,0.0,0.0,0.0,Friendly
365.6,B0200,N001VE,SEARCH,None,0.0,0.0,0.0,0.0,0.0,Enemy
365.8,A0100,AN/APG-68(V)9,SEARCH,B0200,148.8275497231718,0.0,0.0,0.0,0.0,Friendly
365.8,A0200,AN/APG-68(V)9,SEARCH,B0200,139.48393077592092,0.0,0.0,0.0,0.0,Friendly
365.8,B0200,N001VE,SEARCH,None,0.0,0.0,0.0,0.0,0.0,Enemy
366.0,A0100,AN/APG-68(V)9,SEARCH,B0200,148.91264861129648,0.0,0.0,0.0,0.0,Friendly
366.0,A0200,AN/APG-68(V)9,SEARCH,B0200,139.56990816249674,0.0,0.0,0.0,0.0,Friendly
366.0,B0200,N001VE,SEARCH,None,0.0,0.0,0.0,0.0,0.0,Enemy
366.20000000000005,A0100,AN/APG-68(V)9,SEARCH,B0200,148.9977877088252,0.0,0.0,0.0,0.0,Friendly
366.20000000000005,A0200,AN/APG-68(V)9,SEARCH,B0200,139.6558679307928,0.0,0.0,0.0,0.0,Friendly
366.20000000000005,B0200,N001VE,SEARCH,None,0.0,0.0,0.0,0.0,0.0,Enemy
366.40000000000003,A0100,AN/APG-68(V)9,SEARCH,B0200,149.08277674502582,0.0,0.0,0.0,0.0,Friendly
366.40000000000003,A0200,AN/APG-68(V)9,SEARCH,B0200,139.7417750924686,0.0,0.0,0.0,0.0,Friendly
366.40000000000003,B0200,N001VE,SEARCH,None,0.0,0.0,0.0,0.0,0.0,Enemy
366.6,A0100,AN/APG-68(V)9,SEARCH,B0200,149.16781579820932,0.0,0.0,0.0,0.0,Friendly
366.6,A0200,AN/APG-68(V)9,SEARCH,B0200,139.82773729836254,0.0,0.0,0.0,0.0,Friendly
366.6,B0200,N001VE,SEARCH,None,0.0,0.0,0.0,0.0,0.0,Enemy
366.8,A0100,AN/APG-68(V)9,SEARCH,B0200,149.25301248211898,0.0,0.0,0.0,0.0,Friendly
366.8,A0200,AN/APG-68(V)9,SEARCH,B0200,139.9137238684685,0.0,0.0,0.0,0.0,Friendly
366.8,B0200,N001VE,SEARCH,None,0.0,0.0,0.0,0.0,0.0,Enemy
367.0,A0100,AN/APG-68(V)9,SEARCH,B0200,149.33826288171377,0.0,0.0,0.0,0.0,Friendly
367.0,A0200,AN/APG-68(V)9,SEARCH,B0200,139.99974223861665,0.0,0.0,0.0,0.0,Friendly
367.0,B0200,N001VE,SEARCH,None,0.0,0.0,0.0,0.0,0.0,Enemy
367.20000000000005,A0100,AN/APG-68(V)9,SEARCH,B0200,149.42345585105076,0.0,0.0,0.0,0.0,Friendly
367.20000000000005,A0200,AN/APG-68(V)9,SEARCH,B0200,140.08582077166758,0.0,0.0,0.0,0.0,Friendly
367.20000000000005,B0200,N001VE,SEARCH,None,0.0,0.0,0.0,0.0,0.0,Enemy
367.40000000000003,A0100,AN/APG-68(V)9,SEARCH,B0200,149.50861255240517,0.0,0.0,0.0,0.0,Friendly
367.40000000000003,A0200,AN/APG-68(V)9,SEARCH,B0200,140.1718794200871,0.0,0.0,0.0,0.0,Friendly
367.40000000000003,B0200,N001VE,SEARCH,None,0.0,0.0,0.0,0.0,0.0,Enemy
367.6,A0100,AN/APG-68(V)9,SEARCH,B0200,149.59384773050635,0.0,0.0,0.0,0.0,Friendly
367.6,A0200,AN/APG-68(V)9,SEARCH,B0200,140.25787145654292,0.0,0.0,0.0,0.0,Friendly
367.6,B0200,N001VE,SEARCH,None,0.0,0.0,0.0,0.0,0.0,Enemy
367.8,A0100,AN/APG-68(V)9,SEARCH,B0200,149.67917866253146,0.0,0.0,0.0,0.0,Friendly
367.8,A0200,AN/APG-68(V)9,SEARCH,B0200,140.34385201422606,0.0,0.0,0.0,0.0,Friendly
367.8,B0200,N001VE,SEARCH,None,0.0,0.0,0.0,0.0,0.0,Enemy
368.0,A0100,AN/APG-68(V)9,SEARCH,B0200,149.764513655743,0.0,0.0,0.0,0.0,Friendly
368.0,A0200,AN/APG-68(V)9,SEARCH,B0200,140.42989641181236,0.0,0.0,0.0,0.0,Friendly
368.0,B0200,N001VE,SEARCH,None,0.0,0.0,0.0,0.0,0.0,Enemy
368.20000000000005,A0100,AN/APG-68(V)9,SEARCH,B0200,149.84986623308285,0.0,0.0,0.0,0.0,Friendly
368.20000000000005,A0200,AN/APG-68(V)9,SEARCH,B0200,140.51603619269085,0.0,0.0,0.0,0.0,Friendly
368.20000000000005,B0200,N001VE,SEARCH,None,0.0,0.0,0.0,0.0,0.0,Enemy
368.40000000000003,A0100,AN/APG-68(V)9,SEARCH,B0200,149.93513747265985,0.0,0.0,0.0,0.0,Friendly
368.40000000000003,A0200,AN/APG-68(V)9,SEARCH,B0200,140.6021888968682,0.0,0.0,0.0,0.0,Friendly
368.40000000000003,B0200,N001VE,SEARCH,None,0.0,0.0,0.0,0.0,0.0,Enemy
368.6,A0100,AN/APG-68(V)9,SEARCH,B0200,150.02027787434494,0.0,0.0,0.0,0.0,Friendly
368.6,A0200,AN/APG-68(V)9,SEARCH,B0200,140.68824356256576,0.0,0.0,0.0,0.0,Friendly
368.6,B0200,N001VE,SEARCH,None,0.0,0.0,0.0,0.0,0.0,Enemy
368.8,A0100,AN/APG-68(V)9,SEARCH,B0200,150.10548066719562,0.0,0.0,0.0,0.0,Friendly
368.8,A0200,AN/APG-68(V)9,SEARCH,B0200,140.7743344098545,0.0,0.0,0.0,0.0,Friendly
368.8,B0200,N001VE,SEARCH,None,0.0,0.0,0.0,0.0,0.0,Enemy
369.0,A0100,AN/APG-68(V)9,SEARCH,B0200,150.190778379029,0.0,0.0,0.0,0.0,Friendly
369.0,A0200,AN/APG-68(V)9,SEARCH,B0200,140.86054688960476,0.0,0.0,0.0,0.0,Friendly
369.0,B0200,N001VE,SEARCH,None,0.0,0.0,0.0,0.0,0.0,Enemy
369.20000000000005,A0100,AN/APG-68(V)9,SEARCH,B0200,150.27600551395437,0.0,0.0,0.0,0.0,Friendly
369.20000000000005,A0200,AN/APG-68(V)9,SEARCH,B0200,140.94677438018542,0.0,0.0,0.0,0.0,Friendly
369.20000000000005,B0200,N001VE,SEARCH,None,0.0,0.0,0.0,0.0,0.0,Enemy
369.40000000000003,A0100,AN/APG-68(V)9,SEARCH,B0200,150.36125013993015,0.0,0.0,0.0,0.0,Friendly
369.40000000000003,A0200,AN/APG-68(V)9,SEARCH,B0200,141.0329558153932,0.0,0.0,0.0,0.0,Friendly
369.40000000000003,B0200,N001VE,SEARCH,None,0.0,0.0,0.0,0.0,0.0,Enemy
369.6,A0100,AN/APG-68(V)9,SEARCH,B0200,150.44655853359532,0.0,0.0,0.0,0.0,Friendly
369.6,A0200,AN/APG-68(V)9,SEARCH,B0200,141.11906488034168,0.0,0.0,0.0,0.0,Friendly
369.6,B0200,N001VE,SEARCH,None,0.0,0.0,0.0,0.0,0.0,Enemy
369.8,A0100,AN/APG-68(V)9,SEARCH,B0200,150.5318196544224,0.0,0.0,0.0,0.0,Friendly
369.8,A0200,AN/APG-68(V)9,SEARCH,B0200,141.20509391229723,0.0,0.0,0.0,0.0,Friendly
369.8,B0200,N001VE,SEARCH,None,0.0,0.0,0.0,0.0,0.0,Enemy
370.0,A0100,AN/APG-68(V)9,SEARCH,B0200,150.61699317143055,0.0,0.0,0.0,0.0,Friendly
370.0,A0200,AN/APG-68(V)9,SEARCH,B0200,141.29099989554635,0.0,0.0,0.0,0.0,Friendly
370.0,B0200,N001VE,SEARCH,None,0.0,0.0,0.0,0.0,0.0,Enemy
370.20000000000005,A0100,AN/APG-68(V)9,SEARCH,B0200,150.70213156328728,0.0,0.0,0.0,0.0,Friendly
370.20000000000005,A0200,AN/APG-68(V)9,SEARCH,B0200,141.3768937913621,0.0,0.0,0.0,0.0,Friendly
370.20000000000005,B0200,N001VE,SEARCH,None,0.0,0.0,0.0,0.0,0.0,Enemy
370.40000000000003,A0100,AN/APG-68(V)9,SEARCH,B0200,150.7872641033151,0.0,0.0,0.0,0.0,Friendly
370.40000000000003,A0200,AN/APG-68(V)9,SEARCH,B0200,141.46285616371478,0.0,0.0,0.0,0.0,Friendly
370.40000000000003,B0200,N001VE,SEARCH,None,0.0,0.0,0.0,0.0,0.0,Enemy
370.6,A0100,AN/APG-68(V)9,SEARCH,B0200,150.87230635786224,0.0,0.0,0.0,0.0,Friendly
370.6,A0200,AN/APG-68(V)9,SEARCH,B0200,141.54882833837908,0.0,0.0,0.0,0.0,Friendly
370.6,B0200,N001VE,SEARCH,None,0.0,0.0,0.0,0.0,0.0,Enemy
370.8,A0100,AN/APG-68(V)9,SEARCH,B0200,150.9572755215376,0.0,0.0,0.0,0.0,Friendly
370.8,A0200,AN/APG-68(V)9,SEARCH,B0200,141.63480352191138,0.0,0.0,0.0,0.0,Friendly
370.8,B0200,N001VE,SEARCH,None,0.0,0.0,0.0,0.0,0.0,Enemy
371.0,A0100,AN/APG-68(V)9,SEARCH,B0200,151.04234799309884,0.0,0.0,0.0,0.0,Friendly
371.0,A0200,AN/APG-68(V)9,SEARCH,B0200,141.72087764445104,0.0,0.0,0.0,0.0,Friendly
371.0,B0200,N001VE,SEARCH,None,0.0,0.0,0.0,0.0,0.0,Enemy
371.20000000000005,A0100,AN/APG-68(V)9,SEARCH,B0200,151.1274895998053,0.0,0.0,0.0,0.0,Friendly
371.20000000000005,A0200,AN/APG-68(V)9,SEARCH,B0200,141.80697429820495,0.0,0.0,0.0,0.0,Friendly
371.20000000000005,B0200,N001VE,SEARCH,None,0.0,0.0,0.0,0.0,0.0,Enemy
371.40000000000003,A0100,AN/APG-68(V)9,SEARCH,B0200,151.21259841969027,0.0,0.0,0.0,0.0,Friendly
371.40000000000003,A0200,AN/APG-68(V)9,SEARCH,B0200,141.89302261485952,0.0,0.0,0.0,0.0,Friendly
371.40000000000003,B0200,N001VE,SEARCH,None,0.0,0.0,0.0,0.0,0.0,Enemy
371.6,A0100,AN/APG-68(V)9,SEARCH,B0200,151.29769517491746,0.0,0.0,0.0,0.0,Friendly
371.6,A0200,AN/APG-68(V)9,SEARCH,B0200,141.97904799635683,0.0,0.0,0.0,0.0,Friendly
371.6,B0200,N001VE,SEARCH,None,0.0,0.0,0.0,0.0,0.0,Enemy
371.8,A0100,AN/APG-68(V)9,SEARCH,B0200,151.38272993774925,0.0,0.0,0.0,0.0,Friendly
371.8,A0200,AN/APG-68(V)9,SEARCH,B0200,142.0649883965449,0.0,0.0,0.0,0.0,Friendly
371.8,B0200,N001VE,SEARCH,None,0.0,0.0,0.0,0.0,0.0,Enemy
372.0,A0100,AN/APG-68(V)9,SEARCH,B0200,151.46768418035083,0.0,0.0,0.0,0.0,Friendly
372.0,A0200,AN/APG-68(V)9,SEARCH,B0200,142.15076952975573,0.0,0.0,0.0,0.0,Friendly
372.0,B0200,N001VE,SEARCH,None,0.0,0.0,0.0,0.0,0.0,Enemy
372.20000000000005,A0100,AN/APG-68(V)9,SEARCH,B0200,151.5526461981135,0.0,0.0,0.0,0.0,Friendly
372.20000000000005,A0200,AN/APG-68(V)9,SEARCH,B0200,142.23644513115596,0.0,0.0,0.0,0.0,Friendly
372.20000000000005,B0200,N001VE,SEARCH,None,0.0,0.0,0.0,0.0,0.0,Enemy
372.40000000000003,A0100,AN/APG-68(V)9,SEARCH,B0200,151.63763328139243,0.0,0.0,0.0,0.0,Friendly
372.40000000000003,A0200,AN/APG-68(V)9,SEARCH,B0200,142.32212613952612,0.0,0.0,0.0,0.0,Friendly
372.40000000000003,B0200,N001VE,SEARCH,None,0.0,0.0,0.0,0.0,0.0,Enemy
372.6,A0100,AN/APG-68(V)9,SEARCH,B0200,151.72266245207632,0.0,0.0,0.0,0.0,Friendly
372.6,A0200,AN/APG-68(V)9,SEARCH,B0200,142.40782242479375,0.0,0.0,0.0,0.0,Friendly
372.6,B0200,N001VE,SEARCH,None,0.0,0.0,0.0,0.0,0.0,Enemy
372.8,A0100,AN/APG-68(V)9,SEARCH,B0200,151.8076891038235,0.0,0.0,0.0,0.0,Friendly
372.8,A0200,AN/APG-68(V)9,SEARCH,B0200,142.49355555778752,0.0,0.0,0.0,0.0,Friendly
372.8,B0200,N001VE,SEARCH,None,0.0,0.0,0.0,0.0,0.0,Enemy
373.0,A0100,AN/APG-68(V)9,SEARCH,B0200,151.89256119978316,0.0,0.0,0.0,0.0,Friendly
373.0,A0200,AN/APG-68(V)9,SEARCH,B0200,142.5791993026398,0.0,0.0,0.0,0.0,Friendly
373.0,B0200,N001VE,SEARCH,None,0.0,0.0,0.0,0.0,0.0,Enemy
373.20000000000005,A0100,AN/APG-68(V)9,SEARCH,B0200,151.97748736127755,0.0,0.0,0.0,0.0,Friendly
373.20000000000005,A0200,AN/APG-68(V)9,SEARCH,B0200,142.66482435022962,0.0,0.0,0.0,0.0,Friendly
373.20000000000005,B0200,N001VE,SEARCH,None,0.0,0.0,0.0,0.0,0.0,Enemy
373.40000000000003,A0100,AN/APG-68(V)9,SEARCH,B0200,152.062573051557,0.0,0.0,0.0,0.0,Friendly
373.40000000000003,A0200,AN/APG-68(V)9,SEARCH,B0200,142.75053272018735,0.0,0.0,0.0,0.0,Friendly
373.40000000000003,B0200,N001VE,SEARCH,None,0.0,0.0,0.0,0.0,0.0,Enemy
373.6,A0100,AN/APG-68(V)9,SEARCH,B0200,152.14768232335464,0.0,0.0,0.0,0.0,Friendly
373.6,A0200,AN/APG-68(V)9,SEARCH,B0200,142.83627997889306,0.0,0.0,0.0,0.0,Friendly
373.6,B0200,N001VE,SEARCH,None,0.0,0.0,0.0,0.0,0.0,Enemy
373.8,A0100,AN/APG-68(V)9,SEARCH,B0200,152.23267448840113,0.0,0.0,0.0,0.0,Friendly
373.8,A0200,AN/APG-68(V)9,SEARCH,B0200,142.92198655919788,0.0,0.0,0.0,0.0,Friendly
373.8,B0200,N001VE,SEARCH,None,0.0,0.0,0.0,0.0,0.0,Enemy
374.0,A0100,AN/APG-68(V)9,SEARCH,B0200,152.31768068053765,0.0,0.0,0.0,0.0,Friendly
374.0,A0200,AN/APG-68(V)9,SEARCH,B0200,143.00765597438237,0.0,0.0,0.0,0.0,Friendly
374.0,B0200,N001VE,SEARCH,None,0.0,0.0,0.0,0.0,0.0,Enemy
374.20000000000005,A0100,AN/APG-68(V)9,SEARCH,B0200,152.40281314002382,0.0,0.0,0.0,0.0,Friendly
374.20000000000005,A0200,AN/APG-68(V)9,SEARCH,B0200,143.09320329000948,0.0,0.0,0.0,0.0,Friendly
374.20000000000005,B0200,N001VE,SEARCH,None,0.0,0.0,0.0,0.0,0.0,Enemy
374.40000000000003,A0100,AN/APG-68(V)9,SEARCH,B0200,152.487952550783,0.0,0.0,0.0,0.0,Friendly
374.40000000000003,A0200,AN/APG-68(V)9,SEARCH,B0200,143.17859027776342,0.0,0.0,0.0,0.0,Friendly
374.40000000000003,B0200,N001VE,SEARCH,None,0.0,0.0,0.0,0.0,0.0,Enemy
374.6,A0100,AN/APG-68(V)9,SEARCH,B0200,152.57299551666569,0.0,0.0,0.0,0.0,Friendly
374.6,A0200,AN/APG-68(V)9,SEARCH,B0200,143.26391611205827,0.0,0.0,0.0,0.0,Friendly
374.6,B0200,N001VE,SEARCH,None,0.0,0.0,0.0,0.0,0.0,Enemy
374.8,A0100,AN/APG-68(V)9,SEARCH,B0200,152.65803659484706,0.0,0.0,0.0,0.0,Friendly
374.8,A0200,AN/APG-68(V)9,SEARCH,B0200,143.34923745786784,0.0,0.0,0.0,0.0,Friendly
374.8,B0200,N001VE,SEARCH,None,0.0,0.0,0.0,0.0,0.0,Enemy
375.0,A0100,AN/APG-68(V)9,SEARCH,B0200,152.74317045868997,0.0,0.0,0.0,0.0,Friendly
375.0,A0200,AN/APG-68(V)9,SEARCH,B0200,143.43461709200005,0.0,0.0,0.0,0.0,Friendly
375.0,B0200,N001VE,SEARCH,None,0.0,0.0,0.0,0.0,0.0,Enemy
375.20000000000005,A0100,AN/APG-68(V)9,SEARCH,B0200,152.8283404381669,0.0,0.0,0.0,0.0,Friendly
375.20000000000005,A0200,AN/APG-68(V)9,SEARCH,B0200,143.52006214801276,0.0,0.0,0.0,0.0,Friendly
375.20000000000005,B0200,N001VE,SEARCH,None,0.0,0.0,0.0,0.0,0.0,Enemy
375.40000000000003,A0100,AN/APG-68(V)9,SEARCH,B0200,152.9134207673581,0.0,0.0,0.0,0.0,Friendly
375.40000000000003,A0200,AN/APG-68(V)9,SEARCH,B0200,143.60543424315378,0.0,0.0,0.0,0.0,Friendly
375.40000000000003,B0200,N001VE,SEARCH,None,0.0,0.0,0.0,0.0,0.0,Enemy
375.6,A0100,AN/APG-68(V)9,SEARCH,B0200,152.9984871986288,0.0,0.0,0.0,0.0,Friendly
375.6,A0200,AN/APG-68(V)9,SEARCH,B0200,143.69071171908973,0.0,0.0,0.0,0.0,Friendly
375.6,B0200,N001VE,SEARCH,None,0.0,0.0,0.0,0.0,0.0,Enemy
375.8,A0100,AN/APG-68(V)9,SEARCH,B0200,153.0836512846487,0.0,0.0,0.0,0.0,Friendly
375.8,A0200,AN/APG-68(V)9,SEARCH,B0200,143.77604690623426,0.0,0.0,0.0,0.0,Friendly
375.8,B0200,N001VE,SEARCH,None,0.0,0.0,0.0,0.0,0.0,Enemy
376.0,A0100,AN/APG-68(V)9,SEARCH,B0200,153.1688431032601,0.0,0.0,0.0,0.0,Friendly
376.0,A0200,AN/APG-68(V)9,SEARCH,B0200,143.86148590840722,0.0,0.0,0.0,0.0,Friendly
376.0,B0200,N001VE,SEARCH,None,0.0,0.0,0.0,0.0,0.0,Enemy
376.20000000000005,A0100,AN/APG-68(V)9,SEARCH,B0200,153.2540041937373,0.0,0.0,0.0,0.0,Friendly
376.20000000000005,A0200,AN/APG-68(V)9,SEARCH,B0200,143.94687735220862,0.0,0.0,0.0,0.0,Friendly
376.20000000000005,B0200,N001VE,SEARCH,None,0.0,0.0,0.0,0.0,0.0,Enemy
376.40000000000003,A0100,AN/APG-68(V)9,SEARCH,B0200,153.33911316316582,0.0,0.0,0.0,0.0,Friendly
376.40000000000003,A0200,AN/APG-68(V)9,SEARCH,B0200,144.03211096986928,0.0,0.0,0.0,0.0,Friendly
376.40000000000003,B0200,N001VE,SEARCH,None,0.0,0.0,0.0,0.0,0.0,Enemy
376.6,A0100,AN/APG-68(V)9,SEARCH,B0200,153.42418944890423,0.0,0.0,0.0,0.0,Friendly
376.6,A0200,AN/APG-68(V)9,SEARCH,B0200,144.11723538080327,0.0,0.0,0.0,0.0,Friendly
376.6,B0200,N001VE,SEARCH,None,0.0,0.0,0.0,0.0,0.0,Enemy
376.8,A0100,AN/APG-68(V)9,SEARCH,B0200,153.50919701187158,0.0,0.0,0.0,0.0,Friendly
376.8,A0200,AN/APG-68(V)9,SEARCH,B0200,144.20235405781648,0.0,0.0,0.0,0.0,Friendly
376.8,B0200,N001VE,SEARCH,None,0.0,0.0,0.0,0.0,0.0,Enemy
377.0,A0100,AN/APG-68(V)9,SEARCH,B0200,153.59417803259345,0.0,0.0,0.0,0.0,Friendly
377.0,A0200,AN/APG-68(V)9,SEARCH,B0200,144.28751558744526,0.0,0.0,0.0,0.0,Friendly
377.0,B0200,N001VE,SEARCH,None,0.0,0.0,0.0,0.0,0.0,Enemy
377.20000000000005,A0100,AN/APG-68(V)9,SEARCH,B0200,153.67910383007765,0.0,0.0,0.0,0.0,Friendly
377.20000000000005,A0200,AN/APG-68(V)9,SEARCH,B0200,144.3726656743035,0.0,0.0,0.0,0.0,Friendly
377.20000000000005,B0200,N001VE,SEARCH,None,0.0,0.0,0.0,0.0,0.0,Enemy
377.40000000000003,A0100,AN/APG-68(V)9,SEARCH,B0200,153.76394346969585,0.0,0.0,0.0,0.0,Friendly
377.40000000000003,A0200,AN/APG-68(V)9,SEARCH,B0200,144.45779738788409,0.0,0.0,0.0,0.0,Friendly
377.40000000000003,B0200,N001VE,SEARCH,None,0.0,0.0,0.0,0.0,0.0,Enemy
377.6,A0100,AN/APG-68(V)9,SEARCH,B0200,153.84879411699487,0.0,0.0,0.0,0.0,Friendly
377.6,A0200,AN/APG-68(V)9,SEARCH,B0200,144.54297787241336,0.0,0.0,0.0,0.0,Friendly
377.6,B0200,N001VE,SEARCH,None,0.0,0.0,0.0,0.0,0.0,Enemy
377.8,A0100,AN/APG-68(V)9,SEARCH,B0200,153.93374821577086,0.0,0.0,0.0,0.0,Friendly
377.8,A0200,AN/APG-68(V)9,SEARCH,B0200,144.62815517638953,0.0,0.0,0.0,0.0,Friendly
377.8,B0200,N001VE,SEARCH,None,0.0,0.0,0.0,0.0,0.0,Enemy
378.0,A0100,AN/APG-68(V)9,SEARCH,B0200,154.0187049102691,0.0,0.0,0.0,0.0,Friendly
378.0,A0200,AN/APG-68(V)9,SEARCH,B0200,144.71332508835093,0.0,0.0,0.0,0.0,Friendly
378.0,B0200,N001VE,SEARCH,None,0.0,0.0,0.0,0.0,0.0,Enemy
378.20000000000005,A0100,AN/APG-68(V)9,SEARCH,B0200,154.10353980719466,0.0,0.0,0.0,0.0,Friendly
378.20000000000005,A0200,AN/APG-68(V)9,SEARCH,B0200,144.79850953847904,0.0,0.0,0.0,0.0,Friendly
378.20000000000005,B0200,N001VE,SEARCH,None,0.0,0.0,0.0,0.0,0.0,Enemy
378.40000000000003,A0100,AN/APG-68(V)9,SEARCH,B0200,154.1884290371441,0.0,0.0,0.0,0.0,Friendly
378.40000000000003,A0200,AN/APG-68(V)9,SEARCH,B0200,144.88374158086296,0.0,0.0,0.0,0.0,Friendly
378.40000000000003,B0200,N001VE,SEARCH,None,0.0,0.0,0.0,0.0,0.0,Enemy
378.6,A0100,AN/APG-68(V)9,SEARCH,B0200,154.27347035256824,0.0,0.0,0.0,0.0,Friendly
378.6,A0200,AN/APG-68(V)9,SEARCH,B0200,144.96905689471663,0.0,0.0,0.0,0.0,Friendly
378.6,B0200,N001VE,SEARCH,None,0.0,0.0,0.0,0.0,0.0,Enemy
378.8,A0100,AN/APG-68(V)9,SEARCH,B0200,154.35860465889957,0.0,0.0,0.0,0.0,Friendly
378.8,A0200,AN/APG-68(V)9,SEARCH,B0200,145.0544034503788,0.0,0.0,0.0,0.0,Friendly
378.8,B0200,N001VE,SEARCH,None,0.0,0.0,0.0,0.0,0.0,Enemy
379.0,A0100,AN/APG-68(V)9,SEARCH,B0200,154.44363250004633,0.0,0.0,0.0,0.0,Friendly
379.0,A0200,AN/APG-68(V)9,SEARCH,B0200,145.1396820681681,0.0,0.0,0.0,0.0,Friendly
379.0,B0200,N001VE,SEARCH,None,0.0,0.0,0.0,0.0,0.0,Enemy
379.20000000000005,A0100,AN/APG-68(V)9,SEARCH,B0200,154.5286124075691,0.0,0.0,0.0,0.0,Friendly
379.20000000000005,A0200,AN/APG-68(V)9,SEARCH,B0200,145.22494949219754,0.0,0.0,0.0,0.0,Friendly
379.20000000000005,B0200,N001VE,SEARCH,None,0.0,0.0,0.0,0.0,0.0,Enemy
379.40000000000003,A0100,AN/APG-68(V)9,SEARCH,B0200,154.61373648514814,0.0,0.0,0.0,0.0,Friendly
379.40000000000003,A0200,AN/APG-68(V)9,SEARCH,B0200,145.3102659385833,0.0,0.0,0.0,0.0,Friendly
379.40000000000003,B0200,N001VE,SEARCH,None,0.0,0.0,0.0,0.0,0.0,Enemy
379.6,A0100,AN/APG-68(V)9,SEARCH,B0200,154.69892328805275,0.0,0.0,0.0,0.0,Friendly
379.6,A0200,AN/APG-68(V)9,SEARCH,B0200,145.39561090283766,0.0,0.0,0.0,0.0,Friendly
379.6,B0200,N001VE,SEARCH,None,0.0,0.0,0.0,0.0,0.0,Enemy
379.8,A0100,AN/APG-68(V)9,SEARCH,B0200,154.78398061750804,0.0,0.0,0.0,0.0,Friendly
379.8,A0200,AN/APG-68(V)9,SEARCH,B0200,145.48087467705307,0.0,0.0,0.0,0.0,Friendly
379.8,B0200,N001VE,SEARCH,None,0.0,0.0,0.0,0.0,0.0,Enemy
380.0,A0100,AN/APG-68(V)9,SEARCH,B0200,154.86897926915157,0.0,0.0,0.0,0.0,Friendly
380.0,A0200,AN/APG-68(V)9,SEARCH,B0200,145.5661557013304,0.0,0.0,0.0,0.0,Friendly
380.0,B0200,N001VE,SEARCH,None,0.0,0.0,0.0,0.0,0.0,Enemy
380.20000000000005,A0100,AN/APG-68(V)9,SEARCH,B0200,154.95408470107222,0.0,0.0,0.0,0.0,Friendly
380.20000000000005,A0200,AN/APG-68(V)9,SEARCH,B0200,145.65157350624813,0.0,0.0,0.0,0.0,Friendly
380.20000000000005,B0200,N001VE,SEARCH,None,0.0,0.0,0.0,0.0,0.0,Enemy
380.40000000000003,A0100,AN/APG-68(V)9,SEARCH,B0200,155.03924743821233,0.0,0.0,0.0,0.0,Friendly
380.40000000000003,A0200,AN/APG-68(V)9,SEARCH,B0200,145.7370637192685,0.0,0.0,0.0,0.0,Friendly
380.40000000000003,B0200,N001VE,SEARCH,None,0.0,0.0,0.0,0.0,0.0,Enemy
380.6,A0100,AN/APG-68(V)9,SEARCH,B0200,155.1243622053432,0.0,0.0,0.0,0.0,Friendly
380.6,A0200,AN/APG-68(V)9,SEARCH,B0200,145.8225428786265,0.0,0.0,0.0,0.0,Friendly
380.6,B0200,N001VE,SEARCH,None,0.0,0.0,0.0,0.0,0.0,Enemy
380.8,A0100,AN/APG-68(V)9,SEARCH,B0200,155.20948602500172,0.0,0.0,0.0,0.0,Friendly
380.8,A0200,AN/APG-68(V)9,SEARCH,B0200,145.9080093819811,0.0,0.0,0.0,0.0,Friendly
380.8,B0200,N001VE,SEARCH,None,0.0,0.0,0.0,0.0,0.0,Enemy
381.0,A0100,AN/APG-68(V)9,SEARCH,B0200,155.29467889793648,0.0,0.0,0.0,0.0,Friendly
381.0,A0200,AN/APG-68(V)9,SEARCH,B0200,145.99352485988354,0.0,0.0,0.0,0.0,Friendly
381.0,B0200,N001VE,SEARCH,None,0.0,0.0,0.0,0.0,0.0,Enemy
381.20000000000005,A0100,AN/APG-68(V)9,SEARCH,B0200,155.37993588501564,0.0,0.0,0.0,0.0,Friendly
381.20000000000005,A0200,AN/APG-68(V)9,SEARCH,B0200,146.07908744964917,0.0,0.0,0.0,0.0,Friendly
381.20000000000005,B0200,N001VE,SEARCH,None,0.0,0.0,0.0,0.0,0.0,Enemy
381.40000000000003,A0100,AN/APG-68(V)9,SEARCH,B0200,155.46511535134317,0.0,0.0,0.0,0.0,Friendly
381.40000000000003,A0200,AN/APG-68(V)9,SEARCH,B0200,146.1646353250649,0.0,0.0,0.0,0.0,Friendly
381.40000000000003,B0200,N001VE,SEARCH,None,0.0,0.0,0.0,0.0,0.0,Enemy
381.6,A0100,AN/APG-68(V)9,SEARCH,B0200,155.5502938581113,0.0,0.0,0.0,0.0,Friendly
381.6,A0200,AN/APG-68(V)9,SEARCH,B0200,146.25021286759562,0.0,0.0,0.0,0.0,Friendly
381.6,B0200,N001VE,SEARCH,None,0.0,0.0,0.0,0.0,0.0,Enemy
381.8,A0100,AN/APG-68(V)9,SEARCH,B0200,155.6356095034401,0.0,0.0,0.0,0.0,Friendly
381.8,A0200,AN/APG-68(V)9,SEARCH,B0200,146.33580528089135,0.0,0.0,0.0,0.0,Friendly
381.8,B0200,N001VE,SEARCH,None,0.0,0.0,0.0,0.0,0.0,Enemy
382.0,A0100,AN/APG-68(V)9,SEARCH,B0200,155.7209765432863,0.0,0.0,0.0,0.0,Friendly
382.0,A0200,AN/APG-68(V)9,SEARCH,B0200,146.42141203652963,0.0,0.0,0.0,0.0,Friendly
382.0,B0200,N001VE,SEARCH,None,0.0,0.0,0.0,0.0,0.0,Enemy
382.20000000000005,A0100,AN/APG-68(V)9,SEARCH,B0200,155.80626409058814,0.0,0.0,0.0,0.0,Friendly
382.20000000000005,A0200,AN/APG-68(V)9,SEARCH,B0200,146.5070357317305,0.0,0.0,0.0,0.0,Friendly
382.20000000000005,B0200,N001VE,SEARCH,None,0.0,0.0,0.0,0.0,0.0,Enemy
382.40000000000003,A0100,AN/APG-68(V)9,SEARCH,B0200,155.89153436769234,0.0,0.0,0.0,0.0,Friendly
382.40000000000003,A0200,AN/APG-68(V)9,SEARCH,B0200,146.59271522348448,0.0,0.0,0.0,0.0,Friendly
382.40000000000003,B0200,N001VE,SEARCH,None,0.0,0.0,0.0,0.0,0.0,Enemy
382.6,A0100,AN/APG-68(V)9,SEARCH,B0200,155.9769496537129,0.0,0.0,0.0,0.0,Friendly
382.6,A0200,AN/APG-68(V)9,SEARCH,B0200,146.678481272263,0.0,0.0,0.0,0.0,Friendly
382.6,B0200,N001VE,SEARCH,None,0.0,0.0,0.0,0.0,0.0,Enemy
382.8,A0100,AN/APG-68(V)9,SEARCH,B0200,156.06242397798994,0.0,0.0,0.0,0.0,Friendly
382.8,A0200,AN/APG-68(V)9,SEARCH,B0200,146.76418518510246,0.0,0.0,0.0,0.0,Friendly
382.8,B0200,N001VE,SEARCH,None,0.0,0.0,0.0,0.0,0.0,Enemy
383.0,A0100,AN/APG-68(V)9,SEARCH,B0200,156.14776906377153,0.0,0.0,0.0,0.0,Friendly
383.0,A0200,AN/APG-68(V)9,SEARCH,B0200,146.84964231827857,0.0,0.0,0.0,0.0,Friendly
383.0,B0200,N001VE,SEARCH,None,0.0,0.0,0.0,0.0,0.0,Enemy
383.20000000000005,A0100,AN/APG-68(V)9,SEARCH,B0200,156.23317264954062,0.0,0.0,0.0,0.0,Friendly
383.20000000000005,A0200,AN/APG-68(V)9,SEARCH,B0200,146.93500528641516,0.0,0.0,0.0,0.0,Friendly
383.20000000000005,B0200,N001VE,SEARCH,None,0.0,0.0,0.0,0.0,0.0,Enemy
383.40000000000003,A0100,AN/APG-68(V)9,SEARCH,B0200,156.31870408389102,0.0,0.0,0.0,0.0,Friendly
383.40000000000003,A0200,AN/APG-68(V)9,SEARCH,B0200,147.02042502718865,0.0,0.0,0.0,0.0,Friendly
383.40000000000003,B0200,N001VE,SEARCH,None,0.0,0.0,0.0,0.0,0.0,Enemy
383.6,A0100,AN/APG-68(V)9,SEARCH,B0200,156.40421224718617,0.0,0.0,0.0,0.0,Friendly
383.6,A0200,AN/APG-68(V)9,SEARCH,B0200,147.10589636781748,0.0,0.0,0.0,0.0,Friendly
383.6,B0200,N001VE,SEARCH,None,0.0,0.0,0.0,0.0,0.0,Enemy
383.8,A0100,AN/APG-68(V)9,SEARCH,B0200,156.48965970466517,0.0,0.0,0.0,0.0,Friendly
383.8,A0200,AN/APG-68(V)9,SEARCH,B0200,147.19139120405873,0.0,0.0,0.0,0.0,Friendly
383.8,B0200,N001VE,SEARCH,None,0.0,0.0,0.0,0.0,0.0,Enemy
384.0,A0100,AN/APG-68(V)9,SEARCH,B0200,156.57515995349186,0.0,0.0,0.0,0.0,Friendly
384.0,A0200,AN/APG-68(V)9,SEARCH,B0200,147.27687719222013,0.0,0.0,0.0,0.0,Friendly
384.0,B0200,N001VE,SEARCH,None,0.0,0.0,0.0,0.0,0.0,Enemy
384.20000000000005,A0100,AN/APG-68(V)9,SEARCH,B0200,156.66078668186617,0.0,0.0,0.0,0.0,Friendly
384.20000000000005,A0200,AN/APG-68(V)9,SEARCH,B0200,147.362374639401,0.0,0.0,0.0,0.0,Friendly
384.20000000000005,B0200,N001VE,SEARCH,None,0.0,0.0,0.0,0.0,0.0,Enemy
384.40000000000003,A0100,AN/APG-68(V)9,SEARCH,B0200,156.74641108149555,0.0,0.0,0.0,0.0,Friendly
384.40000000000003,A0200,AN/APG-68(V)9,SEARCH,B0200,147.44784438177192,0.0,0.0,0.0,0.0,Friendly
384.40000000000003,B0200,N001VE,SEARCH,None,0.0,0.0,0.0,0.0,0.0,Enemy
384.6,A0100,AN/APG-68(V)9,SEARCH,B0200,156.8319632950854,0.0,0.0,0.0,0.0,Friendly
384.6,A0200,AN/APG-68(V)9,SEARCH,B0200,147.5332706619178,0.0,0.0,0.0,0.0,Friendly
384.6,B0200,N001VE,SEARCH,None,0.0,0.0,0.0,0.0,0.0,Enemy
384.8,A0100,AN/APG-68(V)9,SEARCH,B0200,156.91754037419594,0.0,0.0,0.0,0.0,Friendly
384.8,A0200,AN/APG-68(V)9,SEARCH,B0200,147.61876042225492,0.0,0.0,0.0,0.0,Friendly
384.8,B0200,N001VE,SEARCH,None,0.0,0.0,0.0,0.0,0.0,Enemy
385.0,A0100,AN/APG-68(V)9,SEARCH,B0200,157.00317102687032,0.0,0.0,0.0,0.0,Friendly
385.0,A0200,AN/APG-68(V)9,SEARCH,B0200,147.7042866420332,0.0,0.0,0.0,0.0,Friendly
385.0,B0200,N001VE,SEARCH,None,0.0,0.0,0.0,0.0,0.0,Enemy
385.20000000000005,A0100,AN/APG-68(V)9,SEARCH,B0200,157.0888695182632,0.0,0.0,0.0,0.0,Friendly
385.20000000000005,A0200,AN/APG-68(V)9,SEARCH,B0200,147.78977587945144,0.0,0.0,0.0,0.0,Friendly
385.20000000000005,B0200,N001VE,SEARCH,None,0.0,0.0,0.0,0.0,0.0,Enemy
385.40000000000003,A0100,AN/APG-68(V)9,SEARCH,B0200,157.17459339379064,0.0,0.0,0.0,0.0,Friendly
385.40000000000003,A0200,AN/APG-68(V)9,SEARCH,B0200,147.8751882309095,0.0,0.0,0.0,0.0,Friendly
385.40000000000003,B0200,N001VE,SEARCH,None,0.0,0.0,0.0,0.0,0.0,Enemy
385.6,A0100,AN/APG-68(V)9,SEARCH,B0200,157.26021350949952,0.0,0.0,0.0,0.0,Friendly
385.6,A0200,AN/APG-68(V)9,SEARCH,B0200,147.96055170905944,0.0,0.0,0.0,0.0,Friendly
385.6,B0200,N001VE,SEARCH,None,0.0,0.0,0.0,0.0,0.0,Enemy
385.8,A0100,AN/APG-68(V)9,SEARCH,B0200,157.3458086881318,0.0,0.0,0.0,0.0,Friendly
385.8,A0200,AN/APG-68(V)9,SEARCH,B0200,148.04593664021877,0.0,0.0,0.0,0.0,Friendly
385.8,B0200,N001VE,SEARCH,None,0.0,0.0,0.0,0.0,0.0,Enemy
386.0,A0100,AN/APG-68(V)9,SEARCH,B0200,157.4315139801877,0.0,0.0,0.0,0.0,Friendly
386.0,A0200,AN/APG-68(V)9,SEARCH,B0200,148.13140419941703,0.0,0.0,0.0,0.0,Friendly
386.0,B0200,N001VE,SEARCH,None,0.0,0.0,0.0,0.0,0.0,Enemy
386.20000000000005,A0100,AN/APG-68(V)9,SEARCH,B0200,157.5172349217043,0.0,0.0,0.0,0.0,Friendly
386.20000000000005,A0200,AN/APG-68(V)9,SEARCH,B0200,148.2168926759528,0.0,0.0,0.0,0.0,Friendly
386.20000000000005,B0200,N001VE,SEARCH,None,0.0,0.0,0.0,0.0,0.0,Enemy
386.40000000000003,A0100,AN/APG-68(V)9,SEARCH,B0200,157.60288360487561,0.0,0.0,0.0,0.0,Friendly
386.40000000000003,A0200,AN/APG-68(V)9,SEARCH,B0200,148.30232478847418,0.0,0.0,0.0,0.0,Friendly
386.40000000000003,B0200,N001VE,SEARCH,None,0.0,0.0,0.0,0.0,0.0,Enemy
386.6,A0100,AN/APG-68(V)9,SEARCH,B0200,157.68854120079115,0.0,0.0,0.0,0.0,Friendly
386.6,A0200,AN/APG-68(V)9,SEARCH,B0200,148.38778675872084,0.0,0.0,0.0,0.0,Friendly
386.6,B0200,N001VE,SEARCH,None,0.0,0.0,0.0,0.0,0.0,Enemy
386.8,A0100,AN/APG-68(V)9,SEARCH,B0200,157.77429721689518,0.0,0.0,0.0,0.0,Friendly
386.8,A0200,AN/APG-68(V)9,SEARCH,B0200,148.4733716783774,0.0,0.0,0.0,0.0,Friendly
386.8,B0200,N001VE,SEARCH,None,0.0,0.0,0.0,0.0,0.0,Enemy
387.0,A0100,AN/APG-68(V)9,SEARCH,B0200,157.8600321037175,0.0,0.0,0.0,0.0,Friendly
387.0,A0200,AN/APG-68(V)9,SEARCH,B0200,148.55895268378916,0.0,0.0,0.0,0.0,Friendly
387.0,B0200,N001VE,SEARCH,None,0.0,0.0,0.0,0.0,0.0,Enemy
387.20000000000005,A0100,AN/APG-68(V)9,SEARCH,B0200,157.94572033854197,0.0,0.0,0.0,0.0,Friendly
387.20000000000005,A0200,AN/APG-68(V)9,SEARCH,B0200,148.64450726900137,0.0,0.0,0.0,0.0,Friendly
387.20000000000005,B0200,N001VE,SEARCH,None,0.0,0.0,0.0,0.0,0.0,Enemy
387.40000000000003,A0100,AN/APG-68(V)9,SEARCH,B0200,158.03143218333847,0.0,0.0,0.0,0.0,Friendly
387.40000000000003,A0200,AN/APG-68(V)9,SEARCH,B0200,148.73008905320822,0.0,0.0,0.0,0.0,Friendly
387.40000000000003,B0200,N001VE,SEARCH,None,0.0,0.0,0.0,0.0,0.0,Enemy
387.6,A0100,AN/APG-68(V)9,SEARCH,B0200,158.11722716864833,0.0,0.0,0.0,0.0,Friendly
387.6,A0200,AN/APG-68(V)9,SEARCH,B0200,148.81567642603045,0.0,0.0,0.0,0.0,Friendly
387.6,B0200,N001VE,SEARCH,None,0.0,0.0,0.0,0.0,0.0,Enemy
387.8,A0100,AN/APG-68(V)9,SEARCH,B0200,158.20303378050798,0.0,0.0,0.0,0.0,Friendly
387.8,A0200,AN/APG-68(V)9,SEARCH,B0200,148.90123267566207,0.0,0.0,0.0,0.0,Friendly
387.8,B0200,N001VE,SEARCH,None,0.0,0.0,0.0,0.0,0.0,Enemy
388.0,A0100,AN/APG-68(V)9,SEARCH,B0200,158.28878818156514,0.0,0.0,0.0,0.0,Friendly
388.0,A0200,AN/APG-68(V)9,SEARCH,B0200,148.98680249527507,0.0,0.0,0.0,0.0,Friendly
388.0,B0200,N001VE,SEARCH,None,0.0,0.0,0.0,0.0,0.0,Enemy
388.20000000000005,A0100,AN/APG-68(V)9,SEARCH,B0200,158.37448535168755,0.0,0.0,0.0,0.0,Friendly
388.20000000000005,A0200,AN/APG-68(V)9,SEARCH,B0200,149.07233890258698,0.0,0.0,0.0,0.0,Friendly
388.20000000000005,B0200,N001VE,SEARCH,None,0.0,0.0,0.0,0.0,0.0,Enemy
388.40000000000003,A0100,AN/APG-68(V)9,SEARCH,B0200,158.46019556391383,0.0,0.0,0.0,0.0,Friendly
388.40000000000003,A0200,AN/APG-68(V)9,SEARCH,B0200,149.15784526763395,0.0,0.0,0.0,0.0,Friendly
388.40000000000003,B0200,N001VE,SEARCH,None,0.0,0.0,0.0,0.0,0.0,Enemy
388.6,A0100,AN/APG-68(V)9,SEARCH,B0200,158.54585095098952,0.0,0.0,0.0,0.0,Friendly
388.6,A0200,AN/APG-68(V)9,SEARCH,B0200,149.2433870308234,0.0,0.0,0.0,0.0,Friendly
388.6,B0200,N001VE,SEARCH,None,0.0,0.0,0.0,0.0,0.0,Enemy
388.8,A0100,AN/APG-68(V)9,SEARCH,B0200,158.63128352275143,0.0,0.0,0.0,0.0,Friendly
388.8,A0200,AN/APG-68(V)9,SEARCH,B0200,149.32890937855487,0.0,0.0,0.0,0.0,Friendly
388.8,B0200,N001VE,SEARCH,None,0.0,0.0,0.0,0.0,0.0,Enemy
389.0,A0100,AN/APG-68(V)9,SEARCH,B0200,158.71665246854192,0.0,0.0,0.0,0.0,Friendly
389.0,A0200,AN/APG-68(V)9,SEARCH,B0200,149.41447773536933,0.0,0.0,0.0,0.0,Friendly
389.0,B0200,N001VE,SEARCH,None,0.0,0.0,0.0,0.0,0.0,Enemy
389.20000000000005,A0100,AN/APG-68(V)9,SEARCH,B0200,158.80206024928793,0.0,0.0,0.0,0.0,Friendly
389.20000000000005,A0200,AN/APG-68(V)9,SEARCH,B0200,149.5001334617956,0.0,0.0,0.0,0.0,Friendly
389.20000000000005,B0200,N001VE,SEARCH,None,0.0,0.0,0.0,0.0,0.0,Enemy
389.40000000000003,A0100,AN/APG-68(V)9,SEARCH,B0200,158.88744229773272,0.0,0.0,0.0,0.0,Friendly
389.40000000000003,A0200,AN/APG-68(V)9,SEARCH,B0200,149.58576643146054,0.0,0.0,0.0,0.0,Friendly
389.40000000000003,B0200,N001VE,SEARCH,None,0.0,0.0,0.0,0.0,0.0,Enemy
389.6,A0100,AN/APG-68(V)9,SEARCH,B0200,158.97275023110737,0.0,0.0,0.0,0.0,Friendly
389.6,A0200,AN/APG-68(V)9,SEARCH,B0200,149.67125860495784,0.0,0.0,0.0,0.0,Friendly
389.6,B0200,N001VE,SEARCH,None,0.0,0.0,0.0,0.0,0.0,Enemy
389.8,A0100,AN/APG-68(V)9,SEARCH,B0200,159.05807466593785,0.0,0.0,0.0,0.0,Friendly
389.8,A0200,AN/APG-68(V)9,SEARCH,B0200,149.75663653969107,0.0,0.0,0.0,0.0,Friendly
389.8,B0200,N001VE,SEARCH,None,0.0,0.0,0.0,0.0,0.0,Enemy
390.0,A0100,AN/APG-68(V)9,SEARCH,B0200,159.14342176921264,0.0,0.0,0.0,0.0,Friendly
390.0,A0200,AN/APG-68(V)9,SEARCH,B0200,149.84203613034228,0.0,0.0,0.0,0.0,Friendly
390.0,B0200,N001VE,SEARCH,None,0.0,0.0,0.0,0.0,0.0,Enemy
390.20000000000005,A0100,AN/APG-68(V)9,SEARCH,B0200,159.2287403870345,0.0,0.0,0.0,0.0,Friendly
390.20000000000005,A0200,AN/APG-68(V)9,SEARCH,B0200,149.92757127230337,0.0,0.0,0.0,0.0,Friendly
390.20000000000005,B0200,N001VE,SEARCH,None,0.0,0.0,0.0,0.0,0.0,Enemy
390.40000000000003,A0100,AN/APG-68(V)9,SEARCH,B0200,159.3140744574075,0.0,0.0,0.0,0.0,Friendly
390.40000000000003,A0200,AN/APG-68(V)9,SEARCH,B0200,150.0131485951087,0.0,0.0,0.0,0.0,Friendly
390.40000000000003,B0200,N001VE,SEARCH,None,0.0,0.0,0.0,0.0,0.0,Enemy
390.6,A0100,AN/APG-68(V)9,SEARCH,B0200,159.39947640759016,0.0,0.0,0.0,0.0,Friendly
390.6,A0200,AN/APG-68(V)9,SEARCH,B0200,150.09869872868748,0.0,0.0,0.0,0.0,Friendly
390.6,B0200,N001VE,SEARCH,None,0.0,0.0,0.0,0.0,0.0,Enemy
390.8,A0100,AN/APG-68(V)9,SEARCH,B0200,159.4849172057171,0.0,0.0,0.0,0.0,Friendly
390.8,A0200,AN/APG-68(V)9,SEARCH,B0200,150.1842039735493,0.0,0.0,0.0,0.0,Friendly
390.8,B0200,N001VE,SEARCH,None,0.0,0.0,0.0,0.0,0.0,Enemy
391.0,A0100,AN/APG-68(V)9,SEARCH,B0200,159.57036393155548,0.0,0.0,0.0,0.0,Friendly
391.0,A0200,AN/APG-68(V)9,SEARCH,B0200,150.2697801143812,0.0,0.0,0.0,0.0,Friendly
391.0,B0200,N001VE,SEARCH,None,0.0,0.0,0.0,0.0,0.0,Enemy
391.20000000000005,A0100,AN/APG-68(V)9,SEARCH,B0200,159.65581114505522,0.0,0.0,0.0,0.0,Friendly
391.20000000000005,A0200,AN/APG-68(V)9,SEARCH,B0200,150.35543077022774,0.0,0.0,0.0,0.0,Friendly
391.20000000000005,B0200,N001VE,SEARCH,None,0.0,0.0,0.0,0.0,0.0,Enemy
391.40000000000003,A0100,AN/APG-68(V)9,SEARCH,B0200,159.74126551095443,0.0,0.0,0.0,0.0,Friendly
391.40000000000003,A0200,AN/APG-68(V)9,SEARCH,B0200,150.44101284309204,0.0,0.0,0.0,0.0,Friendly
391.40000000000003,B0200,N001VE,SEARCH,None,0.0,0.0,0.0,0.0,0.0,Enemy
391.6,A0100,AN/APG-68(V)9,SEARCH,B0200,159.82677250751192,0.0,0.0,0.0,0.0,Friendly
391.6,A0200,AN/APG-68(V)9,SEARCH,B0200,150.526538939831,0.0,0.0,0.0,0.0,Friendly
391.6,B0200,N001VE,SEARCH,None,0.0,0.0,0.0,0.0,0.0,Enemy
391.8,A0100,AN/APG-68(V)9,SEARCH,B0200,159.91229617196674,0.0,0.0,0.0,0.0,Friendly
391.8,A0200,AN/APG-68(V)9,SEARCH,B0200,150.61205543499474,0.0,0.0,0.0,0.0,Friendly
391.8,B0200,N001VE,SEARCH,None,0.0,0.0,0.0,0.0,0.0,Enemy
392.0,A0100,AN/APG-68(V)9,SEARCH,B0200,159.9977930356201,0.0,0.0,0.0,0.0,Friendly
392.0,A0200,AN/APG-68(V)9,SEARCH,B0200,150.69759164223223,0.0,0.0,0.0,0.0,Friendly
392.0,B0200,N001VE,SEARCH,None,0.0,0.0,0.0,0.0,0.0,Enemy
392.20000000000005,A0100,AN/APG-68(V)9,SEARCH,B0200,160.08322496559913,0.0,0.0,0.0,0.0,Friendly
392.20000000000005,A0200,AN/APG-68(V)9,SEARCH,B0200,150.78319635305218,0.0,0.0,0.0,0.0,Friendly
392.20000000000005,B0200,N001VE,SEARCH,None,0.0,0.0,0.0,0.0,0.0,Enemy
392.40000000000003,A0100,AN/APG-68(V)9,SEARCH,B0200,160.16867661203187,0.0,0.0,0.0,0.0,Friendly
392.40000000000003,A0200,AN/APG-68(V)9,SEARCH,B0200,150.868825535712,0.0,0.0,0.0,0.0,Friendly
392.40000000000003,B0200,N001VE,SEARCH,None,0.0,0.0,0.0,0.0,0.0,Enemy
392.6,A0100,AN/APG-68(V)9,SEARCH,B0200,160.25422072294623,0.0,0.0,0.0,0.0,Friendly
392.6,A0200,AN/APG-68(V)9,SEARCH,B0200,150.9544546929712,0.0,0.0,0.0,0.0,Friendly
392.6,B0200,N001VE,SEARCH,None,0.0,0.0,0.0,0.0,0.0,Enemy
392.8,A0100,AN/APG-68(V)9,SEARCH,B0200,160.33971985001344,0.0,0.0,0.0,0.0,Friendly
392.8,A0200,AN/APG-68(V)9,SEARCH,B0200,151.04007098847083,0.0,0.0,0.0,0.0,Friendly
392.8,B0200,N001VE,SEARCH,None,0.0,0.0,0.0,0.0,0.0,Enemy
393.0,A0100,AN/APG-68(V)9,SEARCH,B0200,160.42518397964903,0.0,0.0,0.0,0.0,Friendly
393.0,A0200,AN/APG-68(V)9,SEARCH,B0200,151.1256666191473,0.0,0.0,0.0,0.0,Friendly
393.0,B0200,N001VE,SEARCH,None,0.0,0.0,0.0,0.0,0.0,Enemy
393.20000000000005,A0100,AN/APG-68(V)9,SEARCH,B0200,160.5107397392654,0.0,0.0,0.0,0.0,Friendly
393.20000000000005,A0200,AN/APG-68(V)9,SEARCH,B0200,151.21134928805594,0.0,0.0,0.0,0.0,Friendly
393.20000000000005,B0200,N001VE,SEARCH,None,0.0,0.0,0.0,0.0,0.0,Enemy
393.40000000000003,A0100,AN/APG-68(V)9,SEARCH,B0200,160.59635532445898,0.0,0.0,0.0,0.0,Friendly
393.40000000000003,A0200,AN/APG-68(V)9,SEARCH,B0200,151.29710726997072,0.0,0.0,0.0,0.0,Friendly
393.40000000000003,B0200,N001VE,SEARCH,None,0.0,0.0,0.0,0.0,0.0,Enemy
393.6,A0100,AN/APG-68(V)9,SEARCH,B0200,160.68195767769882,0.0,0.0,0.0,0.0,Friendly
393.6,A0200,AN/APG-68(V)9,SEARCH,B0200,151.38284004141653,0.0,0.0,0.0,0.0,Friendly
393.6,B0200,N001VE,SEARCH,None,0.0,0.0,0.0,0.0,0.0,Enemy
393.8,A0100,AN/APG-68(V)9,SEARCH,B0200,160.7675102676581,0.0,0.0,0.0,0.0,Friendly
393.8,A0200,AN/APG-68(V)9,SEARCH,B0200,151.4685103772367,0.0,0.0,0.0,0.0,Friendly
393.8,B0200,N001VE,SEARCH,None,0.0,0.0,0.0,0.0,0.0,Enemy
394.0,A0100,AN/APG-68(V)9,SEARCH,B0200,160.8529924598735,0.0,0.0,0.0,0.0,Friendly
394.0,A0200,AN/APG-68(V)9,SEARCH,B0200,151.55414773335156,0.0,0.0,0.0,0.0,Friendly
394.0,B0200,N001VE,SEARCH,None,0.0,0.0,0.0,0.0,0.0,Enemy
394.20000000000005,A0100,AN/APG-68(V)9,SEARCH,B0200,160.93849583974057,0.0,0.0,0.0,0.0,Friendly
394.20000000000005,A0200,AN/APG-68(V)9,SEARCH,B0200,151.63981038797252,0.0,0.0,0.0,0.0,Friendly
394.20000000000005,B0200,N001VE,SEARCH,None,0.0,0.0,0.0,0.0,0.0,Enemy
394.40000000000003,A0100,AN/APG-68(V)9,SEARCH,B0200,161.02401969867995,0.0,0.0,0.0,0.0,Friendly
394.40000000000003,A0200,AN/APG-68(V)9,SEARCH,B0200,151.72552836346318,0.0,0.0,0.0,0.0,Friendly
394.40000000000003,B0200,N001VE,SEARCH,None,0.0,0.0,0.0,0.0,0.0,Enemy
394.6,A0100,AN/APG-68(V)9,SEARCH,B0200,161.10951127827127,0.0,0.0,0.0,0.0,Friendly
394.6,A0200,AN/APG-68(V)9,SEARCH,B0200,151.81123242646504,0.0,0.0,0.0,0.0,Friendly
394.6,B0200,N001VE,SEARCH,None,0.0,0.0,0.0,0.0,0.0,Enemy
394.8,A0100,AN/APG-68(V)9,SEARCH,B0200,161.19508087530946,0.0,0.0,0.0,0.0,Friendly
394.8,A0200,AN/APG-68(V)9,SEARCH,B0200,151.8968934008945,0.0,0.0,0.0,0.0,Friendly
394.8,B0200,N001VE,SEARCH,None,0.0,0.0,0.0,0.0,0.0,Enemy
395.0,A0100,AN/APG-68(V)9,SEARCH,B0200,161.28062563608447,0.0,0.0,0.0,0.0,Friendly
395.0,A0200,AN/APG-68(V)9,SEARCH,B0200,151.98252911577703,0.0,0.0,0.0,0.0,Friendly
395.0,B0200,N001VE,SEARCH,None,0.0,0.0,0.0,0.0,0.0,Enemy
395.20000000000005,A0100,AN/APG-68(V)9,SEARCH,B0200,161.36591893104446,0.0,0.0,0.0,0.0,Friendly
395.20000000000005,A0200,AN/APG-68(V)9,SEARCH,B0200,152.06810573543942,0.0,0.0,0.0,0.0,Friendly
395.20000000000005,B0200,N001VE,SEARCH,None,0.0,0.0,0.0,0.0,0.0,Enemy
395.40000000000003,A0100,AN/APG-68(V)9,SEARCH,B0200,161.45098072144293,0.0,0.0,0.0,0.0,Friendly
395.40000000000003,A0200,AN/APG-68(V)9,SEARCH,B0200,152.15359982004543,0.0,0.0,0.0,0.0,Friendly
395.40000000000003,B0200,N001VE,SEARCH,None,0.0,0.0,0.0,0.0,0.0,Enemy
395.6,A0100,AN/APG-68(V)9,SEARCH,B0200,161.5360489190676,0.0,0.0,0.0,0.0,Friendly
395.6,A0200,AN/APG-68(V)9,SEARCH,B0200,152.239042213974,0.0,0.0,0.0,0.0,Friendly
395.6,B0200,N001VE,SEARCH,None,0.0,0.0,0.0,0.0,0.0,Enemy
395.8,A0100,AN/APG-68(V)9,SEARCH,B0200,161.62117046066143,0.0,0.0,0.0,0.0,Friendly
395.8,A0200,AN/APG-68(V)9,SEARCH,B0200,152.32443311596063,0.0,0.0,0.0,0.0,Friendly
395.8,B0200,N001VE,SEARCH,None,0.0,0.0,0.0,0.0,0.0,Enemy
396.0,A0100,AN/APG-68(V)9,SEARCH,B0200,161.7061983161788,0.0,0.0,0.0,0.0,Friendly
396.0,A0200,AN/APG-68(V)9,SEARCH,B0200,152.40982475359124,0.0,0.0,0.0,0.0,Friendly
396.0,B0200,N001VE,SEARCH,None,0.0,0.0,0.0,0.0,0.0,Enemy
396.20000000000005,A0100,AN/APG-68(V)9,SEARCH,B0200,161.79103049091566,0.0,0.0,0.0,0.0,Friendly
396.20000000000005,A0200,AN/APG-68(V)9,SEARCH,B0200,152.49528199237594,0.0,0.0,0.0,0.0,Friendly
396.20000000000005,B0200,N001VE,SEARCH,None,0.0,0.0,0.0,0.0,0.0,Enemy
396.40000000000003,A0100,AN/APG-68(V)9,SEARCH,B0200,161.87568668917095,0.0,0.0,0.0,0.0,Friendly
396.40000000000003,A0200,AN/APG-68(V)9,SEARCH,B0200,152.58074681445834,0.0,0.0,0.0,0.0,Friendly
396.40000000000003,B0200,N001VE,SEARCH,None,0.0,0.0,0.0,0.0,0.0,Enemy
396.6,A0100,AN/APG-68(V)9,SEARCH,B0200,161.96026601626167,0.0,0.0,0.0,0.0,Friendly
396.6,A0200,AN/APG-68(V)9,SEARCH,B0200,152.66611901262254,0.0,0.0,0.0,0.0,Friendly
396.6,B0200,N001VE,SEARCH,None,0.0,0.0,0.0,0.0,0.0,Enemy
396.8,A0100,AN/APG-68(V)9,SEARCH,B0200,162.0447927234777,0.0,0.0,0.0,0.0,Friendly
396.8,A0200,AN/APG-68(V)9,SEARCH,B0200,152.75141275688472,0.0,0.0,0.0,0.0,Friendly
396.8,B0200,N001VE,SEARCH,None,0.0,0.0,0.0,0.0,0.0,Enemy
397.0,A0100,AN/APG-68(V)9,SEARCH,B0200,162.12931852032222,0.0,0.0,0.0,0.0,Friendly
397.0,A0200,AN/APG-68(V)9,SEARCH,B0200,152.83677512026134,0.0,0.0,0.0,0.0,Friendly
397.0,B0200,N001VE,SEARCH,None,0.0,0.0,0.0,0.0,0.0,Enemy
397.20000000000005,A0100,AN/APG-68(V)9,SEARCH,B0200,162.2137962188072,0.0,0.0,0.0,0.0,Friendly
397.20000000000005,A0200,AN/APG-68(V)9,SEARCH,B0200,152.92218181832615,0.0,0.0,0.0,0.0,Friendly
397.20000000000005,B0200,N001VE,SEARCH,None,0.0,0.0,0.0,0.0,0.0,Enemy
397.40000000000003,A0100,AN/APG-68(V)9,SEARCH,B0200,162.2982971170792,0.0,0.0,0.0,0.0,Friendly
397.40000000000003,A0200,AN/APG-68(V)9,SEARCH,B0200,153.00751854744496,0.0,0.0,0.0,0.0,Friendly
397.40000000000003,B0200,N001VE,SEARCH,None,0.0,0.0,0.0,0.0,0.0,Enemy
397.6,A0100,AN/APG-68(V)9,SEARCH,B0200,162.3829254245778,0.0,0.0,0.0,0.0,Friendly
397.6,A0200,AN/APG-68(V)9,SEARCH,B0200,153.09279156623072,0.0,0.0,0.0,0.0,Friendly
397.6,B0200,N001VE,SEARCH,None,0.0,0.0,0.0,0.0,0.0,Enemy
397.8,A0100,AN/APG-68(V)9,SEARCH,B0200,162.4676796611887,0.0,0.0,0.0,0.0,Friendly
397.8,A0200,AN/APG-68(V)9,SEARCH,B0200,153.1780769692662,0.0,0.0,0.0,0.0,Friendly
397.8,B0200,N001VE,SEARCH,None,0.0,0.0,0.0,0.0,0.0,Enemy
398.0,A0100,AN/APG-68(V)9,SEARCH,B0200,162.55240585133512,0.0,0.0,0.0,0.0,Friendly
398.0,A0200,AN/APG-68(V)9,SEARCH,B0200,153.26330879282193,0.0,0.0,0.0,0.0,Friendly
398.0,B0200,N001VE,SEARCH,None,0.0,0.0,0.0,0.0,0.0,Enemy
398.20000000000005,A0100,AN/APG-68(V)9,SEARCH,B0200,162.6370432185293,0.0,0.0,0.0,0.0,Friendly
398.20000000000005,A0200,AN/APG-68(V)9,SEARCH,B0200,153.34854081906545,0.0,0.0,0.0,0.0,Friendly
398.20000000000005,B0200,N001VE,SEARCH,None,0.0,0.0,0.0,0.0,0.0,Enemy
398.40000000000003,A0100,AN/APG-68(V)9,SEARCH,B0200,162.72159869899792,0.0,0.0,0.0,0.0,Friendly
398.40000000000003,A0200,AN/APG-68(V)9,SEARCH,B0200,153.43375172363733,0.0,0.0,0.0,0.0,Friendly
398.40000000000003,B0200,N001VE,SEARCH,None,0.0,0.0,0.0,0.0,0.0,Enemy
398.6,A0100,AN/APG-68(V)9,SEARCH,B0200,162.80606032692745,0.0,0.0,0.0,0.0,Friendly
398.6,A0200,AN/APG-68(V)9,SEARCH,B0200,153.5189307352949,0.0,0.0,0.0,0.0,Friendly
398.6,B0200,N001VE,SEARCH,None,0.0,0.0,0.0,0.0,0.0,Enemy
398.8,A0100,AN/APG-68(V)9,SEARCH,B0200,162.89048760462072,0.0,0.0,0.0,0.0,Friendly
398.8,A0200,AN/APG-68(V)9,SEARCH,B0200,153.60414636683515,0.0,0.0,0.0,0.0,Friendly
398.8,B0200,N001VE,SEARCH,None,0.0,0.0,0.0,0.0,0.0,Enemy
399.0,A0100,AN/APG-68(V)9,SEARCH,B0200,162.97480511912508,0.0,0.0,0.0,0.0,Friendly
399.0,A0200,AN/APG-68(V)9,SEARCH,B0200,153.68933200839572,0.0,0.0,0.0,0.0,Friendly
399.0,B0200,N001VE,SEARCH,None,0.0,0.0,0.0,0.0,0.0,Enemy
399.20000000000005,A0100,AN/APG-68(V)9,SEARCH,B0200,163.05908692096094,0.0,0.0,0.0,0.0,Friendly
399.20000000000005,A0200,AN/APG-68(V)9,SEARCH,B0200,153.77454061254474,0.0,0.0,0.0,0.0,Friendly
399.20000000000005,B0200,N001VE,SEARCH,None,0.0,0.0,0.0,0.0,0.0,Enemy
399.40000000000003,A0100,AN/APG-68(V)9,SEARCH,B0200,163.14332850475446,0.0,0.0,0.0,0.0,Friendly
399.40000000000003,A0200,AN/APG-68(V)9,SEARCH,B0200,153.8597844758564,0.0,0.0,0.0,0.0,Friendly
399.40000000000003,B0200,N001VE,SEARCH,None,0.0,0.0,0.0,0.0,0.0,Enemy
399.6,A0100,AN/APG-68(V)9,SEARCH,B0200,163.22758831512732,0.0,0.0,0.0,0.0,Friendly
399.6,A0200,AN/APG-68(V)9,SEARCH,B0200,153.94507403552885,0.0,0.0,0.0,0.0,Friendly
399.6,B0200,N001VE,SEARCH,None,0.0,0.0,0.0,0.0,0.0,Enemy
399.8,A0100,AN/APG-68(V)9,SEARCH,B0200,163.31189997040119,0.0,0.0,0.0,0.0,Friendly
399.8,A0200,AN/APG-68(V)9,SEARCH,B0200,154.03027189225014,0.0,0.0,0.0,0.0,Friendly
399.8,B0200,N001VE,SEARCH,None,0.0,0.0,0.0,0.0,0.0,Enemy
400.0,A0100,AN/APG-68(V)9,SEARCH,B0200,163.39615287727713,0.0,0.0,0.0,0.0,Friendly
400.0,A0200,AN/APG-68(V)9,SEARCH,B0200,154.1152698179944,0.0,0.0,0.0,0.0,Friendly
400.0,B0200,N001VE,SEARCH,None,0.0,0.0,0.0,0.0,0.0,Enemy
400.20000000000005,A0100,AN/APG-68(V)9,SEARCH,B0200,163.48049129323866,0.0,0.0,0.0,0.0,Friendly
400.20000000000005,A0200,AN/APG-68(V)9,SEARCH,B0200,154.20020939797044,0.0,0.0,0.0,0.0,Friendly
400.20000000000005,B0200,N001VE,SEARCH,None,0.0,0.0,0.0,0.0,0.0,Enemy
400.40000000000003,A0100,AN/APG-68(V)9,SEARCH,B0200,163.56494306389138,0.0,0.0,0.0,0.0,Friendly
400.40000000000003,A0200,AN/APG-68(V)9,SEARCH,B0200,154.28521282847368,0.0,0.0,0.0,0.0,Friendly
400.40000000000003,B0200,N001VE,SEARCH,None,0.0,0.0,0.0,0.0,0.0,Enemy
400.6,A0100,AN/APG-68(V)9,SEARCH,B0200,163.64944363875907,0.0,0.0,0.0,0.0,Friendly
400.6,A0200,AN/APG-68(V)9,SEARCH,B0200,154.37028688566272,0.0,0.0,0.0,0.0,Friendly
400.6,B0200,N001VE,SEARCH,None,0.0,0.0,0.0,0.0,0.0,Enemy
400.8,A0100,AN/APG-68(V)9,SEARCH,B0200,163.7338654015135,0.0,0.0,0.0,0.0,Friendly
400.8,A0200,AN/APG-68(V)9,SEARCH,B0200,154.45534618588096,0.0,0.0,0.0,0.0,Friendly
400.8,B0200,N001VE,SEARCH,None,0.0,0.0,0.0,0.0,0.0,Enemy
401.0,A0100,AN/APG-68(V)9,SEARCH,B0200,163.81824023511123,0.0,0.0,0.0,0.0,Friendly
401.0,A0200,AN/APG-68(V)9,SEARCH,B0200,154.54038181050404,0.0,0.0,0.0,0.0,Friendly
401.0,B0200,N001VE,SEARCH,None,0.0,0.0,0.0,0.0,0.0,Enemy
401.20000000000005,A0100,AN/APG-68(V)9,SEARCH,B0200,163.90266017388862,0.0,0.0,0.0,0.0,Friendly
401.20000000000005,A0200,AN/APG-68(V)9,SEARCH,B0200,154.6254524000415,0.0,0.0,0.0,0.0,Friendly
401.20000000000005,B0200,N001VE,SEARCH,None,0.0,0.0,0.0,0.0,0.0,Enemy
401.40000000000003,A0100,AN/APG-68(V)9,SEARCH,B0200,163.9871635494331,0.0,0.0,0.0,0.0,Friendly
401.40000000000003,A0200,AN/APG-68(V)9,SEARCH,B0200,154.71054748355962,0.0,0.0,0.0,0.0,Friendly
401.40000000000003,B0200,N001VE,SEARCH,None,0.0,0.0,0.0,0.0,0.0,Enemy
401.6,A0100,AN/APG-68(V)9,SEARCH,B0200,164.07161792184763,0.0,0.0,0.0,0.0,Friendly
401.6,A0200,AN/APG-68(V)9,SEARCH,B0200,154.7956374843652,0.0,0.0,0.0,0.0,Friendly
401.6,B0200,N001VE,SEARCH,None,0.0,0.0,0.0,0.0,0.0,Enemy
401.8,A0100,AN/APG-68(V)9,SEARCH,B0200,164.1560288935025,0.0,0.0,0.0,0.0,Friendly
401.8,A0200,AN/APG-68(V)9,SEARCH,B0200,154.88070749584986,0.0,0.0,0.0,0.0,Friendly
401.8,B0200,N001VE,SEARCH,None,0.0,0.0,0.0,0.0,0.0,Enemy
402.0,A0100,AN/APG-68(V)9,SEARCH,B0200,164.24045443548744,0.0,0.0,0.0,0.0,Friendly
402.0,A0200,AN/APG-68(V)9,SEARCH,B0200,154.96565087254916,0.0,0.0,0.0,0.0,Friendly
402.0,B0200,N001VE,SEARCH,None,0.0,0.0,0.0,0.0,0.0,Enemy
402.20000000000005,A0100,AN/APG-68(V)9,SEARCH,B0200,164.32499204803233,0.0,0.0,0.0,0.0,Friendly
402.20000000000005,A0200,AN/APG-68(V)9,SEARCH,B0200,155.05045593208575,0.0,0.0,0.0,0.0,Friendly
402.20000000000005,B0200,N001VE,SEARCH,None,0.0,0.0,0.0,0.0,0.0,Enemy
402.40000000000003,A0100,AN/APG-68(V)9,SEARCH,B0200,164.4096164230589,0.0,0.0,0.0,0.0,Friendly
402.40000000000003,A0200,AN/APG-68(V)9,SEARCH,B0200,155.13516666220116,0.0,0.0,0.0,0.0,Friendly
402.40000000000003,B0200,N001VE,SEARCH,None,0.0,0.0,0.0,0.0,0.0,Enemy
402.6,A0100,AN/APG-68(V)9,SEARCH,B0200,164.49414661893303,0.0,0.0,0.0,0.0,Friendly
402.6,A0200,AN/APG-68(V)9,SEARCH,B0200,155.21979180026656,0.0,0.0,0.0,0.0,Friendly
402.6,B0200,N001VE,SEARCH,None,0.0,0.0,0.0,0.0,0.0,Enemy
402.8,A0100,AN/APG-68(V)9,SEARCH,B0200,164.57869110752512,0.0,0.0,0.0,0.0,Friendly
402.8,A0200,AN/APG-68(V)9,SEARCH,B0200,155.30448309205016,0.0,0.0,0.0,0.0,Friendly
402.8,B0200,N001VE,SEARCH,None,0.0,0.0,0.0,0.0,0.0,Enemy
403.0,A0100,AN/APG-68(V)9,SEARCH,B0200,164.66328136438105,0.0,0.0,0.0,0.0,Friendly
403.0,A0200,AN/APG-68(V)9,SEARCH,B0200,155.3892581918211,0.0,0.0,0.0,0.0,Friendly
403.0,B0200,N001VE,SEARCH,None,0.0,0.0,0.0,0.0,0.0,Enemy
403.20000000000005,A0100,AN/APG-68(V)9,SEARCH,B0200,164.74791776541653,0.0,0.0,0.0,0.0,Friendly
403.20000000000005,A0200,AN/APG-68(V)9,SEARCH,B0200,155.47400387621096,0.0,0.0,0.0,0.0,Friendly
403.20000000000005,B0200,N001VE,SEARCH,None,0.0,0.0,0.0,0.0,0.0,Enemy
403.40000000000003,A0100,AN/APG-68(V)9,SEARCH,B0200,164.83258229907145,0.0,0.0,0.0,0.0,Friendly
403.40000000000003,A0200,AN/APG-68(V)9,SEARCH,B0200,155.55860343128444,0.0,0.0,0.0,0.0,Friendly
403.40000000000003,B0200,N001VE,SEARCH,None,0.0,0.0,0.0,0.0,0.0,Enemy
403.6,A0100,AN/APG-68(V)9,SEARCH,B0200,164.91718226814032,0.0,0.0,0.0,0.0,Friendly
403.6,A0200,AN/APG-68(V)9,SEARCH,B0200,155.64316526072307,0.0,0.0,0.0,0.0,Friendly
403.6,B0200,N001VE,SEARCH,None,0.0,0.0,0.0,0.0,0.0,Enemy
403.8,A0100,AN/APG-68(V)9,SEARCH,B0200,165.00178319603626,0.0,0.0,0.0,0.0,Friendly
403.8,A0200,AN/APG-68(V)9,SEARCH,B0200,155.72779745497547,0.0,0.0,0.0,0.0,Friendly
403.8,B0200,N001VE,SEARCH,None,0.0,0.0,0.0,0.0,0.0,Enemy
404.0,A0100,AN/APG-68(V)9,SEARCH,B0200,165.0865229141053,0.0,0.0,0.0,0.0,Friendly
404.0,A0200,AN/APG-68(V)9,SEARCH,B0200,155.81249646387667,0.0,0.0,0.0,0.0,Friendly
404.0,B0200,N001VE,SEARCH,None,0.0,0.0,0.0,0.0,0.0,Enemy
404.20000000000005,A0100,AN/APG-68(V)9,SEARCH,B0200,165.1713210542919,0.0,0.0,0.0,0.0,Friendly
404.20000000000005,A0200,AN/APG-68(V)9,SEARCH,B0200,155.89718546006657,0.0,0.0,0.0,0.0,Friendly
404.20000000000005,B0200,N001VE,SEARCH,None,0.0,0.0,0.0,0.0,0.0,Enemy
404.40000000000003,A0100,AN/APG-68(V)9,SEARCH,B0200,165.25605792789582,0.0,0.0,0.0,0.0,Friendly
404.40000000000003,A0200,AN/APG-68(V)9,SEARCH,B0200,155.9818104187861,0.0,0.0,0.0,0.0,Friendly
404.40000000000003,B0200,N001VE,SEARCH,None,0.0,0.0,0.0,0.0,0.0,Enemy
404.6,A0100,AN/APG-68(V)9,SEARCH,B0200,165.34082444227852,0.0,0.0,0.0,0.0,Friendly
404.6,A0200,AN/APG-68(V)9,SEARCH,B0200,156.06634574087875,0.0,0.0,0.0,0.0,Friendly
404.6,B0200,N001VE,SEARCH,None,0.0,0.0,0.0,0.0,0.0,Enemy
404.8,A0100,AN/APG-68(V)9,SEARCH,B0200,165.42570925474388,0.0,0.0,0.0,0.0,Friendly
404.8,A0200,AN/APG-68(V)9,SEARCH,B0200,156.150912598583,0.0,0.0,0.0,0.0,Friendly
404.8,B0200,N001VE,SEARCH,None,0.0,0.0,0.0,0.0,0.0,Enemy
405.0,A0100,AN/APG-68(V)9,SEARCH,B0200,165.5105907500204,0.0,0.0,0.0,0.0,Friendly
405.0,A0200,AN/APG-68(V)9,SEARCH,B0200,156.2355130623308,0.0,0.0,0.0,0.0,Friendly
405.0,B0200,N001VE,SEARCH,None,0.0,0.0,0.0,0.0,0.0,Enemy
405.20000000000005,A0100,AN/APG-68(V)9,SEARCH,B0200,165.59540506494992,0.0,0.0,0.0,0.0,Friendly
405.20000000000005,A0200,AN/APG-68(V)9,SEARCH,B0200,156.32008443958895,0.0,0.0,0.0,0.0,Friendly
405.20000000000005,B0200,N001VE,SEARCH,None,0.0,0.0,0.0,0.0,0.0,Enemy
405.40000000000003,A0100,AN/APG-68(V)9,SEARCH,B0200,165.68032185519493,0.0,0.0,0.0,0.0,Friendly
405.40000000000003,A0200,AN/APG-68(V)9,SEARCH,B0200,156.40473454221544,0.0,0.0,0.0,0.0,Friendly
405.40000000000003,B0200,N001VE,SEARCH,None,0.0,0.0,0.0,0.0,0.0,Enemy
405.6,A0100,AN/APG-68(V)9,SEARCH,B0200,165.7653537128091,0.0,0.0,0.0,0.0,Friendly
405.6,A0200,AN/APG-68(V)9,SEARCH,B0200,156.4894116372501,0.0,0.0,0.0,0.0,Friendly
405.6,B0200,N001VE,SEARCH,None,0.0,0.0,0.0,0.0,0.0,Enemy
405.8,A0100,AN/APG-68(V)9,SEARCH,B0200,165.85034902179171,0.0,0.0,0.0,0.0,Friendly
405.8,A0200,AN/APG-68(V)9,SEARCH,B0200,156.57408064182923,0.0,0.0,0.0,0.0,Friendly
405.8,B0200,N001VE,SEARCH,None,0.0,0.0,0.0,0.0,0.0,Enemy
406.0,A0100,AN/APG-68(V)9,SEARCH,B0200,165.9353745835582,0.0,0.0,0.0,0.0,Friendly
406.0,A0200,AN/APG-68(V)9,SEARCH,B0200,156.65881613514748,0.0,0.0,0.0,0.0,Friendly
406.0,B0200,N001VE,SEARCH,None,0.0,0.0,0.0,0.0,0.0,Enemy
406.20000000000005,A0100,AN/APG-68(V)9,SEARCH,B0200,166.02045029934982,0.0,0.0,0.0,0.0,Friendly
406.20000000000005,A0200,AN/APG-68(V)9,SEARCH,B0200,156.74360885813297,0.0,0.0,0.0,0.0,Friendly
406.20000000000005,B0200,N001VE,SEARCH,None,0.0,0.0,0.0,0.0,0.0,Enemy
406.40000000000003,A0100,AN/APG-68(V)9,SEARCH,B0200,166.1055558545088,0.0,0.0,0.0,0.0,Friendly
406.40000000000003,A0200,AN/APG-68(V)9,SEARCH,B0200,156.828452345927,0.0,0.0,0.0,0.0,Friendly
406.40000000000003,B0200,N001VE,SEARCH,None,0.0,0.0,0.0,0.0,0.0,Enemy
406.6,A0100,AN/APG-68(V)9,SEARCH,B0200,166.19068141265197,0.0,0.0,0.0,0.0,Friendly
406.6,A0200,AN/APG-68(V)9,SEARCH,B0200,156.91326236674266,0.0,0.0,0.0,0.0,Friendly
406.6,B0200,N001VE,SEARCH,None,0.0,0.0,0.0,0.0,0.0,Enemy
406.8,A0100,AN/APG-68(V)9,SEARCH,B0200,166.27581696633172,0.0,0.0,0.0,0.0,Friendly
406.8,A0200,AN/APG-68(V)9,SEARCH,B0200,156.9979889600792,0.0,0.0,0.0,0.0,Friendly
406.8,B0200,N001VE,SEARCH,None,0.0,0.0,0.0,0.0,0.0,Enemy
407.0,A0100,AN/APG-68(V)9,SEARCH,B0200,166.36102482812387,0.0,0.0,0.0,0.0,Friendly
407.0,A0200,AN/APG-68(V)9,SEARCH,B0200,157.08277037512707,0.0,0.0,0.0,0.0,Friendly
407.0,B0200,N001VE,SEARCH,None,0.0,0.0,0.0,0.0,0.0,Enemy
407.20000000000005,A0100,AN/APG-68(V)9,SEARCH,B0200,166.44626269862593,0.0,0.0,0.0,0.0,Friendly
407.20000000000005,A0200,AN/APG-68(V)9,SEARCH,B0200,157.16765528492482,0.0,0.0,0.0,0.0,Friendly
407.20000000000005,B0200,N001VE,SEARCH,None,0.0,0.0,0.0,0.0,0.0,Enemy
407.40000000000003,A0100,AN/APG-68(V)9,SEARCH,B0200,166.53154249594255,0.0,0.0,0.0,0.0,Friendly
407.40000000000003,A0200,AN/APG-68(V)9,SEARCH,B0200,157.25253150257447,0.0,0.0,0.0,0.0,Friendly
407.40000000000003,B0200,N001VE,SEARCH,None,0.0,0.0,0.0,0.0,0.0,Enemy
407.6,A0100,AN/APG-68(V)9,SEARCH,B0200,166.61686601263875,0.0,0.0,0.0,0.0,Friendly
407.6,A0200,AN/APG-68(V)9,SEARCH,B0200,157.33738500061995,0.0,0.0,0.0,0.0,Friendly
407.6,B0200,N001VE,SEARCH,None,0.0,0.0,0.0,0.0,0.0,Enemy
407.8,A0100,AN/APG-68(V)9,SEARCH,B0200,166.7021473141322,0.0,0.0,0.0,0.0,Friendly
407.8,A0200,AN/APG-68(V)9,SEARCH,B0200,157.4222921901464,0.0,0.0,0.0,0.0,Friendly
407.8,B0200,N001VE,SEARCH,None,0.0,0.0,0.0,0.0,0.0,Enemy
408.0,A0100,AN/APG-68(V)9,SEARCH,B0200,166.78748712934814,0.0,0.0,0.0,0.0,Friendly
408.0,A0200,AN/APG-68(V)9,SEARCH,B0200,157.5073055248369,0.0,0.0,0.0,0.0,Friendly
408.0,B0200,N001VE,SEARCH,None,0.0,0.0,0.0,0.0,0.0,Enemy
408.20000000000005,A0100,AN/APG-68(V)9,SEARCH,B0200,166.87292690118878,0.0,0.0,0.0,0.0,Friendly
408.20000000000005,A0200,AN/APG-68(V)9,SEARCH,B0200,157.5922914144407,0.0,0.0,0.0,0.0,Friendly
408.20000000000005,B0200,N001VE,SEARCH,None,0.0,0.0,0.0,0.0,0.0,Enemy
408.40000000000003,A0100,AN/APG-68(V)9,SEARCH,B0200,166.95834618830642,0.0,0.0,0.0,0.0,Friendly
408.40000000000003,A0200,AN/APG-68(V)9,SEARCH,B0200,157.6771257339581,0.0,0.0,0.0,0.0,Friendly
408.40000000000003,B0200,N001VE,SEARCH,None,0.0,0.0,0.0,0.0,0.0,Enemy
408.6,A0100,AN/APG-68(V)9,SEARCH,B0200,167.0437626548686,0.0,0.0,0.0,0.0,Friendly
408.6,A0200,AN/APG-68(V)9,SEARCH,B0200,157.7619510680551,0.0,0.0,0.0,0.0,Friendly
408.6,B0200,N001VE,SEARCH,None,0.0,0.0,0.0,0.0,0.0,Enemy
408.8,A0100,AN/APG-68(V)9,SEARCH,B0200,167.1292612066548,0.0,0.0,0.0,0.0,Friendly
408.8,A0200,AN/APG-68(V)9,SEARCH,B0200,157.84681312827956,0.0,0.0,0.0,0.0,Friendly
408.8,B0200,N001VE,SEARCH,None,0.0,0.0,0.0,0.0,0.0,Enemy
409.0,A0100,AN/APG-68(V)9,SEARCH,B0200,167.2147893816303,0.0,0.0,0.0,0.0,Friendly
409.0,A0200,AN/APG-68(V)9,SEARCH,B0200,157.9317200410111,0.0,0.0,0.0,0.0,Friendly
409.0,B0200,N001VE,SEARCH,None,0.0,0.0,0.0,0.0,0.0,Enemy
409.20000000000005,A0100,AN/APG-68(V)9,SEARCH,B0200,167.30029744759477,0.0,0.0,0.0,0.0,Friendly
409.20000000000005,A0200,AN/APG-68(V)9,SEARCH,B0200,158.01666726515535,0.0,0.0,0.0,0.0,Friendly
409.20000000000005,B0200,N001VE,SEARCH,None,0.0,0.0,0.0,0.0,0.0,Enemy
409.40000000000003,A0100,AN/APG-68(V)9,SEARCH,B0200,167.3857160819499,0.0,0.0,0.0,0.0,Friendly
409.40000000000003,A0200,AN/APG-68(V)9,SEARCH,B0200,158.10155954944779,0.0,0.0,0.0,0.0,Friendly
409.40000000000003,B0200,N001VE,SEARCH,None,0.0,0.0,0.0,0.0,0.0,Enemy
409.6,A0100,AN/APG-68(V)9,SEARCH,B0200,167.47112048461716,0.0,0.0,0.0,0.0,Friendly
409.6,A0200,AN/APG-68(V)9,SEARCH,B0200,158.18648856050817,0.0,0.0,0.0,0.0,Friendly
409.6,B0200,N001VE,SEARCH,None,0.0,0.0,0.0,0.0,0.0,Enemy
409.8,A0100,AN/APG-68(V)9,SEARCH,B0200,167.55654668520708,0.0,0.0,0.0,0.0,Friendly
409.8,A0200,AN/APG-68(V)9,SEARCH,B0200,158.27151164356474,0.0,0.0,0.0,0.0,Friendly
409.8,B0200,N001VE,SEARCH,None,0.0,0.0,0.0,0.0,0.0,Enemy
410.0,A0100,AN/APG-68(V)9,SEARCH,B0200,167.64191975294466,0.0,0.0,0.0,0.0,Friendly
410.0,A0200,AN/APG-68(V)9,SEARCH,B0200,158.35651989321408,0.0,0.0,0.0,0.0,Friendly
410.0,B0200,N001VE,SEARCH,None,0.0,0.0,0.0,0.0,0.0,Enemy
410.20000000000005,A0100,AN/APG-68(V)9,SEARCH,B0200,167.72734795834214,0.0,0.0,0.0,0.0,Friendly
410.20000000000005,A0200,AN/APG-68(V)9,SEARCH,B0200,158.44152070622604,0.0,0.0,0.0,0.0,Friendly
410.20000000000005,B0200,N001VE,SEARCH,None,0.0,0.0,0.0,0.0,0.0,Enemy
410.40000000000003,A0100,AN/APG-68(V)9,SEARCH,B0200,167.81286308177167,0.0,0.0,0.0,0.0,Friendly
410.40000000000003,A0200,AN/APG-68(V)9,SEARCH,B0200,158.5265302334753,0.0,0.0,0.0,0.0,Friendly
410.40000000000003,B0200,N001VE,SEARCH,None,0.0,0.0,0.0,0.0,0.0,Enemy
410.6,A0100,AN/APG-68(V)9,SEARCH,B0200,167.89834327156117,0.0,0.0,0.0,0.0,Friendly
410.6,A0200,AN/APG-68(V)9,SEARCH,B0200,158.61158800519496,0.0,0.0,0.0,0.0,Friendly
410.6,B0200,N001VE,SEARCH,None,0.0,0.0,0.0,0.0,0.0,Enemy
410.8,A0100,AN/APG-68(V)9,SEARCH,B0200,167.98369080675025,0.0,0.0,0.0,0.0,Friendly
410.8,A0200,AN/APG-68(V)9,SEARCH,B0200,158.6966237951257,0.0,0.0,0.0,0.0,Friendly
410.8,B0200,N001VE,SEARCH,None,0.0,0.0,0.0,0.0,0.0,Enemy
411.0,A0100,AN/APG-68(V)9,SEARCH,B0200,168.06906552872798,0.0,0.0,0.0,0.0,Friendly
411.0,A0200,AN/APG-68(V)9,SEARCH,B0200,158.7817077073768,0.0,0.0,0.0,0.0,Friendly
411.0,B0200,N001VE,SEARCH,None,0.0,0.0,0.0,0.0,0.0,Enemy
411.20000000000005,A0100,AN/APG-68(V)9,SEARCH,B0200,168.15457599775996,0.0,0.0,0.0,0.0,Friendly
411.20000000000005,A0200,AN/APG-68(V)9,SEARCH,B0200,158.86683149385982,0.0,0.0,0.0,0.0,Friendly
411.20000000000005,B0200,N001VE,SEARCH,None,0.0,0.0,0.0,0.0,0.0,Enemy
411.40000000000003,A0100,AN/APG-68(V)9,SEARCH,B0200,168.24013513335586,0.0,0.0,0.0,0.0,Friendly
411.40000000000003,A0200,AN/APG-68(V)9,SEARCH,B0200,158.95196421374132,0.0,0.0,0.0,0.0,Friendly
411.40000000000003,B0200,N001VE,SEARCH,None,0.0,0.0,0.0,0.0,0.0,Enemy
411.6,A0100,AN/APG-68(V)9,SEARCH,B0200,168.32566246234788,0.0,0.0,0.0,0.0,Friendly
411.6,A0200,AN/APG-68(V)9,SEARCH,B0200,159.03710494473464,0.0,0.0,0.0,0.0,Friendly
411.6,B0200,N001VE,SEARCH,None,0.0,0.0,0.0,0.0,0.0,Enemy
411.8,A0100,AN/APG-68(V)9,SEARCH,B0200,168.41126290279064,0.0,0.0,0.0,0.0,Friendly
411.8,A0200,AN/APG-68(V)9,SEARCH,B0200,159.12230040338406,0.0,0.0,0.0,0.0,Friendly
411.8,B0200,N001VE,SEARCH,None,0.0,0.0,0.0,0.0,0.0,Enemy
412.0,A0100,AN/APG-68(V)9,SEARCH,B0200,168.4969076714302,0.0,0.0,0.0,0.0,Friendly
412.0,A0200,AN/APG-68(V)9,SEARCH,B0200,159.2074858688685,0.0,0.0,0.0,0.0,Friendly
412.0,B0200,N001VE,SEARCH,None,0.0,0.0,0.0,0.0,0.0,Enemy
412.20000000000005,A0100,AN/APG-68(V)9,SEARCH,B0200,168.58245030027496,0.0,0.0,0.0,0.0,Friendly
412.20000000000005,A0200,AN/APG-68(V)9,SEARCH,B0200,159.2925885219101,0.0,0.0,0.0,0.0,Friendly
412.20000000000005,B0200,N001VE,SEARCH,None,0.0,0.0,0.0,0.0,0.0,Enemy
412.40000000000003,A0100,AN/APG-68(V)9,SEARCH,B0200,168.66799519202146,0.0,0.0,0.0,0.0,Friendly
412.40000000000003,A0200,AN/APG-68(V)9,SEARCH,B0200,159.37766428798358,0.0,0.0,0.0,0.0,Friendly
412.40000000000003,B0200,N001VE,SEARCH,None,0.0,0.0,0.0,0.0,0.0,Enemy
412.6,A0100,AN/APG-68(V)9,SEARCH,B0200,168.75359483301872,0.0,0.0,0.0,0.0,Friendly
412.6,A0200,AN/APG-68(V)9,SEARCH,B0200,159.46275738326037,0.0,0.0,0.0,0.0,Friendly
412.6,B0200,N001VE,SEARCH,None,0.0,0.0,0.0,0.0,0.0,Enemy
412.8,A0100,AN/APG-68(V)9,SEARCH,B0200,168.8392557972886,0.0,0.0,0.0,0.0,Friendly
412.8,A0200,AN/APG-68(V)9,SEARCH,B0200,159.54795196865408,0.0,0.0,0.0,0.0,Friendly
412.8,B0200,N001VE,SEARCH,None,0.0,0.0,0.0,0.0,0.0,Enemy
413.0,A0100,AN/APG-68(V)9,SEARCH,B0200,168.92496387423282,0.0,0.0,0.0,0.0,Friendly
413.0,A0200,AN/APG-68(V)9,SEARCH,B0200,159.63318011741669,0.0,0.0,0.0,0.0,Friendly
413.0,B0200,N001VE,SEARCH,None,0.0,0.0,0.0,0.0,0.0,Enemy
413.20000000000005,A0100,AN/APG-68(V)9,SEARCH,B0200,169.01064748251298,0.0,0.0,0.0,0.0,Friendly
413.20000000000005,A0200,AN/APG-68(V)9,SEARCH,B0200,159.71826593160387,0.0,0.0,0.0,0.0,Friendly
413.20000000000005,B0200,N001VE,SEARCH,None,0.0,0.0,0.0,0.0,0.0,Enemy
413.40000000000003,A0100,AN/APG-68(V)9,SEARCH,B0200,169.09627952183752,0.0,0.0,0.0,0.0,Friendly
413.40000000000003,A0200,AN/APG-68(V)9,SEARCH,B0200,159.80332315949522,0.0,0.0,0.0,0.0,Friendly
413.40000000000003,B0200,N001VE,SEARCH,None,0.0,0.0,0.0,0.0,0.0,Enemy
413.6,A0100,AN/APG-68(V)9,SEARCH,B0200,169.18192726722285,0.0,0.0,0.0,0.0,Friendly
413.6,A0200,AN/APG-68(V)9,SEARCH,B0200,159.88848480250667,0.0,0.0,0.0,0.0,Friendly
413.6,B0200,N001VE,SEARCH,None,0.0,0.0,0.0,0.0,0.0,Enemy
413.8,A0100,AN/APG-68(V)9,SEARCH,B0200,169.26764510167288,0.0,0.0,0.0,0.0,Friendly
413.8,A0200,AN/APG-68(V)9,SEARCH,B0200,159.9737077099994,0.0,0.0,0.0,0.0,Friendly
413.8,B0200,N001VE,SEARCH,None,0.0,0.0,0.0,0.0,0.0,Enemy
414.0,A0100,AN/APG-68(V)9,SEARCH,B0200,169.35339164967948,0.0,0.0,0.0,0.0,Friendly
414.0,A0200,AN/APG-68(V)9,SEARCH,B0200,160.05893396158638,0.0,0.0,0.0,0.0,Friendly
414.0,B0200,N001VE,SEARCH,None,0.0,0.0,0.0,0.0,0.0,Enemy
414.20000000000005,A0100,AN/APG-68(V)9,SEARCH,B0200,169.43908170861002,0.0,0.0,0.0,0.0,Friendly
414.20000000000005,A0200,AN/APG-68(V)9,SEARCH,B0200,160.1441382706933,0.0,0.0,0.0,0.0,Friendly
414.20000000000005,B0200,N001VE,SEARCH,None,0.0,0.0,0.0,0.0,0.0,Enemy
414.40000000000003,A0100,AN/APG-68(V)9,SEARCH,B0200,169.5247151776968,0.0,0.0,0.0,0.0,Friendly
414.40000000000003,A0200,AN/APG-68(V)9,SEARCH,B0200,160.22932026462814,0.0,0.0,0.0,0.0,Friendly
414.40000000000003,B0200,N001VE,SEARCH,None,0.0,0.0,0.0,0.0,0.0,Enemy
414.6,A0100,AN/APG-68(V)9,SEARCH,B0200,169.6104003485761,0.0,0.0,0.0,0.0,Friendly
414.6,A0200,AN/APG-68(V)9,SEARCH,B0200,160.3144890952564,0.0,0.0,0.0,0.0,Friendly
414.6,B0200,N001VE,SEARCH,None,0.0,0.0,0.0,0.0,0.0,Enemy
414.8,A0100,AN/APG-68(V)9,SEARCH,B0200,169.6961449316342,0.0,0.0,0.0,0.0,Friendly
414.8,A0200,AN/APG-68(V)9,SEARCH,B0200,160.39967119633624,0.0,0.0,0.0,0.0,Friendly
414.8,B0200,N001VE,SEARCH,None,0.0,0.0,0.0,0.0,0.0,Enemy
415.0,A0100,AN/APG-68(V)9,SEARCH,B0200,169.7819087117184,0.0,0.0,0.0,0.0,Friendly
415.0,A0200,AN/APG-68(V)9,SEARCH,B0200,160.48487697364862,0.0,0.0,0.0,0.0,Friendly
415.0,B0200,N001VE,SEARCH,None,0.0,0.0,0.0,0.0,0.0,Enemy
415.20000000000005,A0100,AN/APG-68(V)9,SEARCH,B0200,169.86756451250386,0.0,0.0,0.0,0.0,Friendly
415.20000000000005,A0200,AN/APG-68(V)9,SEARCH,B0200,160.57003740118682,0.0,0.0,0.0,0.0,Friendly
415.20000000000005,B0200,N001VE,SEARCH,None,0.0,0.0,0.0,0.0,0.0,Enemy
415.40000000000003,A0100,AN/APG-68(V)9,SEARCH,B0200,169.95317240065867,0.0,0.0,0.0,0.0,Friendly
415.40000000000003,A0200,AN/APG-68(V)9,SEARCH,B0200,160.65515458587367,0.0,0.0,0.0,0.0,Friendly
415.40000000000003,B0200,N001VE,SEARCH,None,0.0,0.0,0.0,0.0,0.0,Enemy
415.6,A0100,AN/APG-68(V)9,SEARCH,B0200,170.03888484912218,0.0,0.0,0.0,0.0,Friendly
415.6,A0200,AN/APG-68(V)9,SEARCH,B0200,160.74034275924063,0.0,0.0,0.0,0.0,Friendly
415.6,B0200,N001VE,SEARCH,None,0.0,0.0,0.0,0.0,0.0,Enemy
415.8,A0100,AN/APG-68(V)9,SEARCH,B0200,170.12468755155334,0.0,0.0,0.0,0.0,Friendly
415.8,A0200,AN/APG-68(V)9,SEARCH,B0200,160.8256442279552,0.0,0.0,0.0,0.0,Friendly
415.8,B0200,N001VE,SEARCH,None,0.0,0.0,0.0,0.0,0.0,Enemy
416.0,A0100,AN/APG-68(V)9,SEARCH,B0200,170.2104149211249,0.0,0.0,0.0,0.0,Friendly
416.0,A0200,AN/APG-68(V)9,SEARCH,B0200,160.91096001527976,0.0,0.0,0.0,0.0,Friendly
416.0,B0200,N001VE,SEARCH,None,0.0,0.0,0.0,0.0,0.0,Enemy
416.20000000000005,A0100,AN/APG-68(V)9,SEARCH,B0200,170.2960886652498,0.0,0.0,0.0,0.0,Friendly
416.20000000000005,A0200,AN/APG-68(V)9,SEARCH,B0200,160.99620081710057,0.0,0.0,0.0,0.0,Friendly
416.20000000000005,B0200,N001VE,SEARCH,None,0.0,0.0,0.0,0.0,0.0,Enemy
416.40000000000003,A0100,AN/APG-68(V)9,SEARCH,B0200,170.38182576993856,0.0,0.0,0.0,0.0,Friendly
416.40000000000003,A0200,AN/APG-68(V)9,SEARCH,B0200,161.08132003186267,0.0,0.0,0.0,0.0,Friendly
416.40000000000003,B0200,N001VE,SEARCH,None,0.0,0.0,0.0,0.0,0.0,Enemy
416.6,A0100,AN/APG-68(V)9,SEARCH,B0200,170.46760775280094,0.0,0.0,0.0,0.0,Friendly
416.6,A0200,AN/APG-68(V)9,SEARCH,B0200,161.16644536374443,0.0,0.0,0.0,0.0,Friendly
416.6,B0200,N001VE,SEARCH,None,0.0,0.0,0.0,0.0,0.0,Enemy
416.8,A0100,AN/APG-68(V)9,SEARCH,B0200,170.5533453935995,0.0,0.0,0.0,0.0,Friendly
416.8,A0200,AN/APG-68(V)9,SEARCH,B0200,161.25163983801085,0.0,0.0,0.0,0.0,Friendly
416.8,B0200,N001VE,SEARCH,None,0.0,0.0,0.0,0.0,0.0,Enemy
417.0,A0100,AN/APG-68(V)9,SEARCH,B0200,170.6390770466158,0.0,0.0,0.0,0.0,Friendly
417.0,A0200,AN/APG-68(V)9,SEARCH,B0200,161.33688749964068,0.0,0.0,0.0,0.0,Friendly
417.0,B0200,N001VE,SEARCH,None,0.0,0.0,0.0,0.0,0.0,Enemy
417.20000000000005,A0100,AN/APG-68(V)9,SEARCH,B0200,170.72480913999607,0.0,0.0,0.0,0.0,Friendly
417.20000000000005,A0200,AN/APG-68(V)9,SEARCH,B0200,161.42210246045894,0.0,0.0,0.0,0.0,Friendly
417.20000000000005,B0200,N001VE,SEARCH,None,0.0,0.0,0.0,0.0,0.0,Enemy
417.40000000000003,A0100,AN/APG-68(V)9,SEARCH,B0200,170.81043100439285,0.0,0.0,0.0,0.0,Friendly
417.40000000000003,A0200,AN/APG-68(V)9,SEARCH,B0200,161.50721430699065,0.0,0.0,0.0,0.0,Friendly
417.40000000000003,B0200,N001VE,SEARCH,None,0.0,0.0,0.0,0.0,0.0,Enemy
417.6,A0100,AN/APG-68(V)9,SEARCH,B0200,170.8960794908458,0.0,0.0,0.0,0.0,Friendly
417.6,A0200,AN/APG-68(V)9,SEARCH,B0200,161.592395935521,0.0,0.0,0.0,0.0,Friendly
417.6,B0200,N001VE,SEARCH,None,0.0,0.0,0.0,0.0,0.0,Enemy
417.8,A0100,AN/APG-68(V)9,SEARCH,B0200,170.98181022061243,0.0,0.0,0.0,0.0,Friendly
417.8,A0200,AN/APG-68(V)9,SEARCH,B0200,161.67768426756425,0.0,0.0,0.0,0.0,Friendly
417.8,B0200,N001VE,SEARCH,None,0.0,0.0,0.0,0.0,0.0,Enemy
418.0,A0100,AN/APG-68(V)9,SEARCH,B0200,171.06751266635436,0.0,0.0,0.0,0.0,Friendly
418.0,A0200,AN/APG-68(V)9,SEARCH,B0200,161.7629797089109,0.0,0.0,0.0,0.0,Friendly
418.0,B0200,N001VE,SEARCH,None,0.0,0.0,0.0,0.0,0.0,Enemy
418.20000000000005,A0100,AN/APG-68(V)9,SEARCH,B0200,171.15320929597806,0.0,0.0,0.0,0.0,Friendly
418.20000000000005,A0200,AN/APG-68(V)9,SEARCH,B0200,161.84825717496,0.0,0.0,0.0,0.0,Friendly
418.20000000000005,B0200,N001VE,SEARCH,None,0.0,0.0,0.0,0.0,0.0,Enemy
418.40000000000003,A0100,AN/APG-68(V)9,SEARCH,B0200,171.2389483757194,0.0,0.0,0.0,0.0,Friendly
418.40000000000003,A0200,AN/APG-68(V)9,SEARCH,B0200,161.93355550370953,0.0,0.0,0.0,0.0,Friendly
418.40000000000003,B0200,N001VE,SEARCH,None,0.0,0.0,0.0,0.0,0.0,Enemy
418.6,A0100,AN/APG-68(V)9,SEARCH,B0200,171.3246403891676,0.0,0.0,0.0,0.0,Friendly
418.6,A0200,AN/APG-68(V)9,SEARCH,B0200,162.01884616998092,0.0,0.0,0.0,0.0,Friendly
418.6,B0200,N001VE,SEARCH,None,0.0,0.0,0.0,0.0,0.0,Enemy
418.8,A0100,AN/APG-68(V)9,SEARCH,B0200,171.41020216169537,0.0,0.0,0.0,0.0,Friendly
418.8,A0200,AN/APG-68(V)9,SEARCH,B0200,162.10407463347758,0.0,0.0,0.0,0.0,Friendly
418.8,B0200,N001VE,SEARCH,None,0.0,0.0,0.0,0.0,0.0,Enemy
419.0,A0100,AN/APG-68(V)9,SEARCH,B0200,171.49576376148804,0.0,0.0,0.0,0.0,Friendly
419.0,A0200,AN/APG-68(V)9,SEARCH,B0200,162.18925712957852,0.0,0.0,0.0,0.0,Friendly
419.0,B0200,N001VE,SEARCH,None,0.0,0.0,0.0,0.0,0.0,Enemy
419.20000000000005,A0100,AN/APG-68(V)9,SEARCH,B0200,171.5814048432521,0.0,0.0,0.0,0.0,Friendly
419.20000000000005,A0200,AN/APG-68(V)9,SEARCH,B0200,162.2745066504375,0.0,0.0,0.0,0.0,Friendly
419.20000000000005,B0200,N001VE,SEARCH,None,0.0,0.0,0.0,0.0,0.0,Enemy
419.40000000000003,A0100,AN/APG-68(V)9,SEARCH,B0200,171.66699951058618,0.0,0.0,0.0,0.0,Friendly
419.40000000000003,A0200,AN/APG-68(V)9,SEARCH,B0200,162.35980322703801,0.0,0.0,0.0,0.0,Friendly
419.40000000000003,B0200,N001VE,SEARCH,None,0.0,0.0,0.0,0.0,0.0,Enemy
419.6,A0100,AN/APG-68(V)9,SEARCH,B0200,171.7526575850967,0.0,0.0,0.0,0.0,Friendly
419.6,A0200,AN/APG-68(V)9,SEARCH,B0200,162.44513211886607,0.0,0.0,0.0,0.0,Friendly
419.6,B0200,N001VE,SEARCH,None,0.0,0.0,0.0,0.0,0.0,Enemy
419.8,A0100,AN/APG-68(V)9,SEARCH,B0200,171.83835554057097,0.0,0.0,0.0,0.0,Friendly
419.8,A0200,AN/APG-68(V)9,SEARCH,B0200,162.5304228721062,0.0,0.0,0.0,0.0,Friendly
419.8,B0200,N001VE,SEARCH,None,0.0,0.0,0.0,0.0,0.0,Enemy
420.0,A0100,AN/APG-68(V)9,SEARCH,B0200,171.92399303906745,0.0,0.0,0.0,0.0,Friendly
420.0,A0200,AN/APG-68(V)9,SEARCH,B0200,162.61569048598327,0.0,0.0,0.0,0.0,Friendly
420.0,B0200,N001VE,SEARCH,None,0.0,0.0,0.0,0.0,0.0,Enemy
420.20000000000005,A0100,AN/APG-68(V)9,SEARCH,B0200,172.00962345214663,0.0,0.0,0.0,0.0,Friendly
420.20000000000005,A0200,AN/APG-68(V)9,SEARCH,B0200,162.7010171658013,0.0,0.0,0.0,0.0,Friendly
420.20000000000005,B0200,N001VE,SEARCH,None,0.0,0.0,0.0,0.0,0.0,Enemy
420.40000000000003,A0100,AN/APG-68(V)9,SEARCH,B0200,172.09531460605135,0.0,0.0,0.0,0.0,Friendly
420.40000000000003,A0200,AN/APG-68(V)9,SEARCH,B0200,162.78640706501,0.0,0.0,0.0,0.0,Friendly
420.40000000000003,B0200,N001VE,SEARCH,None,0.0,0.0,0.0,0.0,0.0,Enemy
420.6,A0100,AN/APG-68(V)9,SEARCH,B0200,172.18101834907384,0.0,0.0,0.0,0.0,Friendly
420.6,A0200,AN/APG-68(V)9,SEARCH,B0200,162.8717660692618,0.0,0.0,0.0,0.0,Friendly
420.6,B0200,N001VE,SEARCH,None,0.0,0.0,0.0,0.0,0.0,Enemy
420.8,A0100,AN/APG-68(V)9,SEARCH,B0200,172.26664693875813,0.0,0.0,0.0,0.0,Friendly
420.8,A0200,AN/APG-68(V)9,SEARCH,B0200,162.9570870914502,0.0,0.0,0.0,0.0,Friendly
420.8,B0200,N001VE,SEARCH,None,0.0,0.0,0.0,0.0,0.0,Enemy
421.0,A0100,AN/APG-68(V)9,SEARCH,B0200,172.35227962714507,0.0,0.0,0.0,0.0,Friendly
421.0,A0200,AN/APG-68(V)9,SEARCH,B0200,163.04240484694412,0.0,0.0,0.0,0.0,Friendly
421.0,B0200,N001VE,SEARCH,None,0.0,0.0,0.0,0.0,0.0,Enemy
421.20000000000005,A0100,AN/APG-68(V)9,SEARCH,B0200,172.43794157512787,0.0,0.0,0.0,0.0,Friendly
421.20000000000005,A0200,AN/APG-68(V)9,SEARCH,B0200,163.12779006717722,0.0,0.0,0.0,0.0,Friendly
421.20000000000005,B0200,N001VE,SEARCH,None,0.0,0.0,0.0,0.0,0.0,Enemy
421.40000000000003,A0100,AN/APG-68(V)9,SEARCH,B0200,172.523535066687,0.0,0.0,0.0,0.0,Friendly
421.40000000000003,A0200,AN/APG-68(V)9,SEARCH,B0200,163.2131440400304,0.0,0.0,0.0,0.0,Friendly
421.40000000000003,B0200,N001VE,SEARCH,None,0.0,0.0,0.0,0.0,0.0,Enemy
421.6,A0100,AN/APG-68(V)9,SEARCH,B0200,172.60903659909044,0.0,0.0,0.0,0.0,Friendly
421.6,A0200,AN/APG-68(V)9,SEARCH,B0200,163.29829961138336,0.0,0.0,0.0,0.0,Friendly
421.6,B0200,N001VE,SEARCH,None,0.0,0.0,0.0,0.0,0.0,Enemy
421.8,A0100,AN/APG-68(V)9,SEARCH,B0200,172.69449913447755,0.0,0.0,0.0,0.0,Friendly
421.8,A0200,AN/APG-68(V)9,SEARCH,B0200,163.38341674602765,0.0,0.0,0.0,0.0,Friendly
421.8,B0200,N001VE,SEARCH,None,0.0,0.0,0.0,0.0,0.0,Enemy
422.0,A0100,AN/APG-68(V)9,SEARCH,B0200,172.7799181859517,0.0,0.0,0.0,0.0,Friendly
422.0,A0200,AN/APG-68(V)9,SEARCH,B0200,163.4686428948039,0.0,0.0,0.0,0.0,Friendly
422.0,B0200,N001VE,SEARCH,None,0.0,0.0,0.0,0.0,0.0,Enemy
422.20000000000005,A0100,AN/APG-68(V)9,SEARCH,B0200,172.8653153210596,0.0,0.0,0.0,0.0,Friendly
422.20000000000005,A0200,AN/APG-68(V)9,SEARCH,B0200,163.55394074087346,0.0,0.0,0.0,0.0,Friendly
422.20000000000005,B0200,N001VE,SEARCH,None,0.0,0.0,0.0,0.0,0.0,Enemy
422.40000000000003,A0100,AN/APG-68(V)9,SEARCH,B0200,172.95076736430602,0.0,0.0,0.0,0.0,Friendly
422.40000000000003,A0200,AN/APG-68(V)9,SEARCH,B0200,163.63928356126266,0.0,0.0,0.0,0.0,Friendly
422.40000000000003,B0200,N001VE,SEARCH,None,0.0,0.0,0.0,0.0,0.0,Enemy
422.6,A0100,AN/APG-68(V)9,SEARCH,B0200,173.0361838422348,0.0,0.0,0.0,0.0,Friendly
422.6,A0200,AN/APG-68(V)9,SEARCH,B0200,163.72454353122083,0.0,0.0,0.0,0.0,Friendly
422.6,B0200,N001VE,SEARCH,None,0.0,0.0,0.0,0.0,0.0,Enemy
422.8,A0100,AN/APG-68(V)9,SEARCH,B0200,173.1215297433042,0.0,0.0,0.0,0.0,Friendly
422.8,A0200,AN/APG-68(V)9,SEARCH,B0200,163.80969909398235,0.0,0.0,0.0,0.0,Friendly
422.8,B0200,N001VE,SEARCH,None,0.0,0.0,0.0,0.0,0.0,Enemy
423.0,A0100,AN/APG-68(V)9,SEARCH,B0200,173.2068868422056,0.0,0.0,0.0,0.0,Friendly
423.0,A0200,AN/APG-68(V)9,SEARCH,B0200,163.89482251306296,0.0,0.0,0.0,0.0,Friendly
423.0,B0200,N001VE,SEARCH,None,0.0,0.0,0.0,0.0,0.0,Enemy
423.20000000000005,A0100,AN/APG-68(V)9,SEARCH,B0200,173.29225154426203,0.0,0.0,0.0,0.0,Friendly
423.20000000000005,A0200,AN/APG-68(V)9,SEARCH,B0200,163.9799045115491,0.0,0.0,0.0,0.0,Friendly
423.20000000000005,B0200,N001VE,SEARCH,None,0.0,0.0,0.0,0.0,0.0,Enemy
423.40000000000003,A0100,AN/APG-68(V)9,SEARCH,B0200,173.37763314712066,0.0,0.0,0.0,0.0,Friendly
423.40000000000003,A0200,AN/APG-68(V)9,SEARCH,B0200,164.06491386142523,0.0,0.0,0.0,0.0,Friendly
423.40000000000003,B0200,N001VE,SEARCH,None,0.0,0.0,0.0,0.0,0.0,Enemy
423.6,A0100,AN/APG-68(V)9,SEARCH,B0200,173.46300098907034,0.0,0.0,0.0,0.0,Friendly
423.6,A0200,AN/APG-68(V)9,SEARCH,B0200,164.1498727474466,0.0,0.0,0.0,0.0,Friendly
423.6,B0200,N001VE,SEARCH,None,0.0,0.0,0.0,0.0,0.0,Enemy
423.8,A0100,AN/APG-68(V)9,SEARCH,B0200,173.54829872344095,0.0,0.0,0.0,0.0,Friendly
423.8,A0200,AN/APG-68(V)9,SEARCH,B0200,164.23487288266054,0.0,0.0,0.0,0.0,Friendly
423.8,B0200,N001VE,SEARCH,None,0.0,0.0,0.0,0.0,0.0,Enemy
424.0,A0100,AN/APG-68(V)9,SEARCH,B0200,173.63346263497252,0.0,0.0,0.0,0.0,Friendly
424.0,A0200,AN/APG-68(V)9,SEARCH,B0200,164.3198739531808,0.0,0.0,0.0,0.0,Friendly
424.0,B0200,N001VE,SEARCH,None,0.0,0.0,0.0,0.0,0.0,Enemy
424.20000000000005,A0100,AN/APG-68(V)9,SEARCH,B0200,173.71852828625796,0.0,0.0,0.0,0.0,Friendly
424.20000000000005,A0200,AN/APG-68(V)9,SEARCH,B0200,164.40479696839878,0.0,0.0,0.0,0.0,Friendly
424.20000000000005,B0200,N001VE,SEARCH,None,0.0,0.0,0.0,0.0,0.0,Enemy
424.40000000000003,A0100,AN/APG-68(V)9,SEARCH,B0200,173.80361317618008,0.0,0.0,0.0,0.0,Friendly
424.40000000000003,A0200,AN/APG-68(V)9,SEARCH,B0200,164.48972196502464,0.0,0.0,0.0,0.0,Friendly
424.40000000000003,B0200,N001VE,SEARCH,None,0.0,0.0,0.0,0.0,0.0,Enemy
424.6,A0100,AN/APG-68(V)9,SEARCH,B0200,173.88872281405358,0.0,0.0,0.0,0.0,Friendly
424.6,A0200,AN/APG-68(V)9,SEARCH,B0200,164.57467529276425,0.0,0.0,0.0,0.0,Friendly
424.6,B0200,N001VE,SEARCH,None,0.0,0.0,0.0,0.0,0.0,Enemy
424.8,A0100,AN/APG-68(V)9,SEARCH,B0200,173.97378747665815,0.0,0.0,0.0,0.0,Friendly
424.8,A0200,AN/APG-68(V)9,SEARCH,B0200,164.65959364849843,0.0,0.0,0.0,0.0,Friendly
424.8,B0200,N001VE,SEARCH,None,0.0,0.0,0.0,0.0,0.0,Enemy
425.0,A0100,AN/APG-68(V)9,SEARCH,B0200,174.05880227825284,0.0,0.0,0.0,0.0,Friendly
425.0,A0200,AN/APG-68(V)9,SEARCH,B0200,164.7444663573111,0.0,0.0,0.0,0.0,Friendly
425.0,B0200,N001VE,SEARCH,None,0.0,0.0,0.0,0.0,0.0,Enemy
425.20000000000005,A0100,AN/APG-68(V)9,SEARCH,B0200,174.14377901970104,0.0,0.0,0.0,0.0,Friendly
425.20000000000005,A0200,AN/APG-68(V)9,SEARCH,B0200,164.82920120852467,0.0,0.0,0.0,0.0,Friendly
425.20000000000005,B0200,N001VE,SEARCH,None,0.0,0.0,0.0,0.0,0.0,Enemy
425.40000000000003,A0100,AN/APG-68(V)9,SEARCH,B0200,174.2287149418552,0.0,0.0,0.0,0.0,Friendly
425.40000000000003,A0200,AN/APG-68(V)9,SEARCH,B0200,164.91375361878931,0.0,0.0,0.0,0.0,Friendly
425.40000000000003,B0200,N001VE,SEARCH,None,0.0,0.0,0.0,0.0,0.0,Enemy
425.6,A0100,AN/APG-68(V)9,SEARCH,B0200,174.31363049950096,0.0,0.0,0.0,0.0,Friendly
425.6,A0200,AN/APG-68(V)9,SEARCH,B0200,164.99825754556176,0.0,0.0,0.0,0.0,Friendly
425.6,B0200,N001VE,SEARCH,None,0.0,0.0,0.0,0.0,0.0,Enemy
425.8,A0100,AN/APG-68(V)9,SEARCH,B0200,174.3986416844981,0.0,0.0,0.0,0.0,Friendly
425.8,A0200,AN/APG-68(V)9,SEARCH,B0200,165.08284128717563,0.0,0.0,0.0,0.0,Friendly
425.8,B0200,N001VE,SEARCH,None,0.0,0.0,0.0,0.0,0.0,Enemy
426.0,A0100,AN/APG-68(V)9,SEARCH,B0200,174.48366167664804,0.0,0.0,0.0,0.0,Friendly
426.0,A0200,AN/APG-68(V)9,SEARCH,B0200,165.167438627628,0.0,0.0,0.0,0.0,Friendly
426.0,B0200,N001VE,SEARCH,None,0.0,0.0,0.0,0.0,0.0,Enemy
426.20000000000005,A0100,AN/APG-68(V)9,SEARCH,B0200,174.5685237917765,0.0,0.0,0.0,0.0,Friendly
426.20000000000005,A0200,AN/APG-68(V)9,SEARCH,B0200,165.25190010431953,0.0,0.0,0.0,0.0,Friendly
426.20000000000005,B0200,N001VE,SEARCH,None,0.0,0.0,0.0,0.0,0.0,Enemy
426.40000000000003,A0100,AN/APG-68(V)9,SEARCH,B0200,174.65336916042864,0.0,0.0,0.0,0.0,Friendly
426.40000000000003,A0200,AN/APG-68(V)9,SEARCH,B0200,165.3361428413054,0.0,0.0,0.0,0.0,Friendly
426.40000000000003,B0200,N001VE,SEARCH,None,0.0,0.0,0.0,0.0,0.0,Enemy
426.6,A0100,AN/APG-68(V)9,SEARCH,B0200,174.7383007650333,0.0,0.0,0.0,0.0,Friendly
426.6,A0200,AN/APG-68(V)9,SEARCH,B0200,165.42033921783462,0.0,0.0,0.0,0.0,Friendly
426.6,B0200,N001VE,SEARCH,None,0.0,0.0,0.0,0.0,0.0,Enemy
426.8,A0100,AN/APG-68(V)9,SEARCH,B0200,174.82322407625003,0.0,0.0,0.0,0.0,Friendly
426.8,A0200,AN/APG-68(V)9,SEARCH,B0200,165.5045821857575,0.0,0.0,0.0,0.0,Friendly
426.8,B0200,N001VE,SEARCH,None,0.0,0.0,0.0,0.0,0.0,Enemy
427.0,A0100,AN/APG-68(V)9,SEARCH,B0200,174.90810548780036,0.0,0.0,0.0,0.0,Friendly
427.0,A0200,AN/APG-68(V)9,SEARCH,B0200,165.58890230762444,0.0,0.0,0.0,0.0,Friendly
427.0,B0200,N001VE,SEARCH,None,0.0,0.0,0.0,0.0,0.0,Enemy
427.20000000000005,A0100,AN/APG-68(V)9,SEARCH,B0200,174.99301516876758,0.0,0.0,0.0,0.0,Friendly
427.20000000000005,A0200,AN/APG-68(V)9,SEARCH,B0200,165.6731761049018,0.0,0.0,0.0,0.0,Friendly
427.20000000000005,B0200,N001VE,SEARCH,None,0.0,0.0,0.0,0.0,0.0,Enemy
427.40000000000003,A0100,AN/APG-68(V)9,SEARCH,B0200,175.0779311596224,0.0,0.0,0.0,0.0,Friendly
427.40000000000003,A0200,AN/APG-68(V)9,SEARCH,B0200,165.75727038229027,0.0,0.0,0.0,0.0,Friendly
427.40000000000003,B0200,N001VE,SEARCH,None,0.0,0.0,0.0,0.0,0.0,Enemy
427.6,A0100,AN/APG-68(V)9,SEARCH,B0200,175.16267855954655,0.0,0.0,0.0,0.0,Friendly
427.6,A0200,AN/APG-68(V)9,SEARCH,B0200,165.84112278394585,0.0,0.0,0.0,0.0,Friendly
427.6,B0200,N001VE,SEARCH,None,0.0,0.0,0.0,0.0,0.0,Enemy
427.8,A0100,AN/APG-68(V)9,SEARCH,B0200,175.24726124068297,0.0,0.0,0.0,0.0,Friendly
427.8,A0200,AN/APG-68(V)9,SEARCH,B0200,165.92486739531066,0.0,0.0,0.0,0.0,Friendly
427.8,B0200,N001VE,SEARCH,None,0.0,0.0,0.0,0.0,0.0,Enemy
428.0,A0100,AN/APG-68(V)9,SEARCH,B0200,175.33182505402257,0.0,0.0,0.0,0.0,Friendly
428.0,A0200,AN/APG-68(V)9,SEARCH,B0200,166.0086456811645,0.0,0.0,0.0,0.0,Friendly
428.0,B0200,N001VE,SEARCH,None,0.0,0.0,0.0,0.0,0.0,Enemy
428.20000000000005,A0100,AN/APG-68(V)9,SEARCH,B0200,175.4163503590404,0.0,0.0,0.0,0.0,Friendly
428.20000000000005,A0200,AN/APG-68(V)9,SEARCH,B0200,166.09236007401736,0.0,0.0,0.0,0.0,Friendly
428.20000000000005,B0200,N001VE,SEARCH,None,0.0,0.0,0.0,0.0,0.0,Enemy
428.40000000000003,A0100,AN/APG-68(V)9,SEARCH,B0200,175.50086836863304,0.0,0.0,0.0,0.0,Friendly
428.40000000000003,A0200,AN/APG-68(V)9,SEARCH,B0200,166.17600231239268,0.0,0.0,0.0,0.0,Friendly
428.40000000000003,B0200,N001VE,SEARCH,None,0.0,0.0,0.0,0.0,0.0,Enemy
428.6,A0100,AN/APG-68(V)9,SEARCH,B0200,175.58539499144192,0.0,0.0,0.0,0.0,Friendly
428.6,A0200,AN/APG-68(V)9,SEARCH,B0200,166.25963428712325,0.0,0.0,0.0,0.0,Friendly
428.6,B0200,N001VE,SEARCH,None,0.0,0.0,0.0,0.0,0.0,Enemy
428.8,A0100,AN/APG-68(V)9,SEARCH,B0200,175.66992492965593,0.0,0.0,0.0,0.0,Friendly
428.8,A0200,AN/APG-68(V)9,SEARCH,B0200,166.34328793265027,0.0,0.0,0.0,0.0,Friendly
428.8,B0200,N001VE,SEARCH,None,0.0,0.0,0.0,0.0,0.0,Enemy
429.0,A0100,AN/APG-68(V)9,SEARCH,B0200,175.75445718986532,0.0,0.0,0.0,0.0,Friendly
429.0,A0200,AN/APG-68(V)9,SEARCH,B0200,166.4268514636411,0.0,0.0,0.0,0.0,Friendly
429.0,B0200,N001VE,SEARCH,None,0.0,0.0,0.0,0.0,0.0,Enemy
429.20000000000005,A0100,AN/APG-68(V)9,SEARCH,B0200,175.8390230119363,0.0,0.0,0.0,0.0,Friendly
429.20000000000005,A0200,AN/APG-68(V)9,SEARCH,B0200,166.51033905659193,0.0,0.0,0.0,0.0,Friendly
429.20000000000005,B0200,N001VE,SEARCH,None,0.0,0.0,0.0,0.0,0.0,Enemy
429.40000000000003,A0100,AN/APG-68(V)9,SEARCH,B0200,175.92359260374198,0.0,0.0,0.0,0.0,Friendly
429.40000000000003,A0200,AN/APG-68(V)9,SEARCH,B0200,166.5938220454091,0.0,0.0,0.0,0.0,Friendly
429.40000000000003,B0200,N001VE,SEARCH,None,0.0,0.0,0.0,0.0,0.0,Enemy
429.6,A0100,AN/APG-68(V)9,SEARCH,B0200,176.00809222391985,0.0,0.0,0.0,0.0,Friendly
429.6,A0200,AN/APG-68(V)9,SEARCH,B0200,166.67733600702883,0.0,0.0,0.0,0.0,Friendly
429.6,B0200,N001VE,SEARCH,None,0.0,0.0,0.0,0.0,0.0,Enemy
429.8,A0100,AN/APG-68(V)9,SEARCH,B0200,176.09252781553616,0.0,0.0,0.0,0.0,Friendly
429.8,A0200,AN/APG-68(V)9,SEARCH,B0200,166.76077981562054,0.0,0.0,0.0,0.0,Friendly
429.8,B0200,N001VE,SEARCH,None,0.0,0.0,0.0,0.0,0.0,Enemy
430.0,A0100,AN/APG-68(V)9,SEARCH,B0200,176.17698304340314,0.0,0.0,0.0,0.0,Friendly
430.0,A0200,AN/APG-68(V)9,SEARCH,B0200,166.84412280468501,0.0,0.0,0.0,0.0,Friendly
430.0,B0200,N001VE,SEARCH,None,0.0,0.0,0.0,0.0,0.0,Enemy
430.20000000000005,A0100,AN/APG-68(V)9,SEARCH,B0200,176.2614313236403,0.0,0.0,0.0,0.0,Friendly
430.20000000000005,A0200,AN/APG-68(V)9,SEARCH,B0200,166.92734498798248,0.0,0.0,0.0,0.0,Friendly
430.20000000000005,B0200,N001VE,SEARCH,None,0.0,0.0,0.0,0.0,0.0,Enemy
430.40000000000003,A0100,AN/APG-68(V)9,SEARCH,B0200,176.34579301928792,0.0,0.0,0.0,0.0,Friendly
430.40000000000003,A0200,AN/APG-68(V)9,SEARCH,B0200,167.010462639521,0.0,0.0,0.0,0.0,Friendly
430.40000000000003,B0200,N001VE,SEARCH,None,0.0,0.0,0.0,0.0,0.0,Enemy
430.6,A0100,AN/APG-68(V)9,SEARCH,B0200,176.43025873880848,0.0,0.0,0.0,0.0,Friendly
430.6,A0200,AN/APG-68(V)9,SEARCH,B0200,167.09362167202087,0.0,0.0,0.0,0.0,Friendly
430.6,B0200,N001VE,SEARCH,None,0.0,0.0,0.0,0.0,0.0,Enemy
430.8,A0100,AN/APG-68(V)9,SEARCH,B0200,176.5148287597607,0.0,0.0,0.0,0.0,Friendly
430.8,A0200,AN/APG-68(V)9,SEARCH,B0200,167.17683088473885,0.0,0.0,0.0,0.0,Friendly
430.8,B0200,N001VE,SEARCH,None,0.0,0.0,0.0,0.0,0.0,Enemy
431.0,A0100,AN/APG-68(V)9,SEARCH,B0200,176.59930772163577,0.0,0.0,0.0,0.0,Friendly
431.0,A0200,AN/APG-68(V)9,SEARCH,B0200,167.2599440280299,0.0,0.0,0.0,0.0,Friendly
431.0,B0200,N001VE,SEARCH,None,0.0,0.0,0.0,0.0,0.0,Enemy
431.20000000000005,A0100,AN/APG-68(V)9,SEARCH,B0200,176.68371964241103,0.0,0.0,0.0,0.0,Friendly
431.20000000000005,A0200,AN/APG-68(V)9,SEARCH,B0200,167.34293097108295,0.0,0.0,0.0,0.0,Friendly
431.20000000000005,B0200,N001VE,SEARCH,None,0.0,0.0,0.0,0.0,0.0,Enemy
431.40000000000003,A0100,AN/APG-68(V)9,SEARCH,B0200,176.76815767008878,0.0,0.0,0.0,0.0,Friendly
431.40000000000003,A0200,AN/APG-68(V)9,SEARCH,B0200,167.42591560721058,0.0,0.0,0.0,0.0,Friendly
431.40000000000003,B0200,N001VE,SEARCH,None,0.0,0.0,0.0,0.0,0.0,Enemy
431.6,A0100,AN/APG-68(V)9,SEARCH,B0200,176.85264490645483,0.0,0.0,0.0,0.0,Friendly
431.6,A0200,AN/APG-68(V)9,SEARCH,B0200,167.50896708411875,0.0,0.0,0.0,0.0,Friendly
431.6,B0200,N001VE,SEARCH,None,0.0,0.0,0.0,0.0,0.0,Enemy
431.8,A0100,AN/APG-68(V)9,SEARCH,B0200,176.93707350454395,0.0,0.0,0.0,0.0,Friendly
431.8,A0200,AN/APG-68(V)9,SEARCH,B0200,167.59202622939236,0.0,0.0,0.0,0.0,Friendly
431.8,B0200,N001VE,SEARCH,None,0.0,0.0,0.0,0.0,0.0,Enemy
432.0,A0100,AN/APG-68(V)9,SEARCH,B0200,177.0215302182629,0.0,0.0,0.0,0.0,Friendly
432.0,A0200,AN/APG-68(V)9,SEARCH,B0200,167.67510394230288,0.0,0.0,0.0,0.0,Friendly
432.0,B0200,N001VE,SEARCH,None,0.0,0.0,0.0,0.0,0.0,Enemy
432.20000000000005,A0100,AN/APG-68(V)9,SEARCH,B0200,177.1059691942691,0.0,0.0,0.0,0.0,Friendly
432.20000000000005,A0200,AN/APG-68(V)9,SEARCH,B0200,167.75809706992175,0.0,0.0,0.0,0.0,Friendly
432.20000000000005,B0200,N001VE,SEARCH,None,0.0,0.0,0.0,0.0,0.0,Enemy
432.40000000000003,A0100,AN/APG-68(V)9,SEARCH,B0200,177.19026865180103,0.0,0.0,0.0,0.0,Friendly
432.40000000000003,A0200,AN/APG-68(V)9,SEARCH,B0200,167.84102671434286,0.0,0.0,0.0,0.0,Friendly
432.40000000000003,B0200,N001VE,SEARCH,None,0.0,0.0,0.0,0.0,0.0,Enemy
432.6,A0100,AN/APG-68(V)9,SEARCH,B0200,177.27458493531975,0.0,0.0,0.0,0.0,Friendly
432.6,A0200,AN/APG-68(V)9,SEARCH,B0200,167.92398121433772,0.0,0.0,0.0,0.0,Friendly
432.6,B0200,N001VE,SEARCH,None,0.0,0.0,0.0,0.0,0.0,Enemy
432.8,A0100,AN/APG-68(V)9,SEARCH,B0200,177.3590132261545,0.0,0.0,0.0,0.0,Friendly
432.8,A0200,AN/APG-68(V)9,SEARCH,B0200,168.00704786810047,0.0,0.0,0.0,0.0,Friendly
432.8,B0200,N001VE,SEARCH,None,0.0,0.0,0.0,0.0,0.0,Enemy
433.0,A0100,AN/APG-68(V)9,SEARCH,B0200,177.44338572843208,0.0,0.0,0.0,0.0,Friendly
433.0,A0200,AN/APG-68(V)9,SEARCH,B0200,168.09016510733974,0.0,0.0,0.0,0.0,Friendly
433.0,B0200,N001VE,SEARCH,None,0.0,0.0,0.0,0.0,0.0,Enemy
433.20000000000005,A0100,AN/APG-68(V)9,SEARCH,B0200,177.52753827543395,0.0,0.0,0.0,0.0,Friendly
433.20000000000005,A0200,AN/APG-68(V)9,SEARCH,B0200,168.17314350092155,0.0,0.0,0.0,0.0,Friendly
433.20000000000005,B0200,N001VE,SEARCH,None,0.0,0.0,0.0,0.0,0.0,Enemy
433.40000000000003,A0100,AN/APG-68(V)9,SEARCH,B0200,177.61154980331614,0.0,0.0,0.0,0.0,Friendly
433.40000000000003,A0200,AN/APG-68(V)9,SEARCH,B0200,168.25601435741243,0.0,0.0,0.0,0.0,Friendly
433.40000000000003,B0200,N001VE,SEARCH,None,0.0,0.0,0.0,0.0,0.0,Enemy
433.6,A0100,AN/APG-68(V)9,SEARCH,B0200,177.69550755888784,0.0,0.0,0.0,0.0,Friendly
433.6,A0200,AN/APG-68(V)9,SEARCH,B0200,168.33897454525052,0.0,0.0,0.0,0.0,Friendly
433.6,B0200,N001VE,SEARCH,None,0.0,0.0,0.0,0.0,0.0,Enemy
433.8,A0100,AN/APG-68(V)9,SEARCH,B0200,177.77936745570562,0.0,0.0,0.0,0.0,Friendly
433.8,A0200,AN/APG-68(V)9,SEARCH,B0200,168.42205658301972,0.0,0.0,0.0,0.0,Friendly
433.8,B0200,N001VE,SEARCH,None,0.0,0.0,0.0,0.0,0.0,Enemy
434.0,A0100,AN/APG-68(V)9,SEARCH,B0200,177.8629900564153,0.0,0.0,0.0,0.0,Friendly
434.0,A0200,AN/APG-68(V)9,SEARCH,B0200,168.50511607214094,0.0,0.0,0.0,0.0,Friendly
434.0,B0200,N001VE,SEARCH,None,0.0,0.0,0.0,0.0,0.0,Enemy
434.20000000000005,A0100,AN/APG-68(V)9,SEARCH,B0200,177.9464129744044,0.0,0.0,0.0,0.0,Friendly
434.20000000000005,A0200,AN/APG-68(V)9,SEARCH,B0200,168.58810771787063,0.0,0.0,0.0,0.0,Friendly
434.20000000000005,B0200,N001VE,SEARCH,None,0.0,0.0,0.0,0.0,0.0,Enemy
434.40000000000003,A0100,AN/APG-68(V)9,SEARCH,B0200,178.02976827854724,0.0,0.0,0.0,0.0,Friendly
434.40000000000003,A0200,AN/APG-68(V)9,SEARCH,B0200,168.67102734019113,0.0,0.0,0.0,0.0,Friendly
434.40000000000003,B0200,N001VE,SEARCH,None,0.0,0.0,0.0,0.0,0.0,Enemy
434.6,A0100,AN/APG-68(V)9,SEARCH,B0200,178.11319235866415,0.0,0.0,0.0,0.0,Friendly
434.6,A0200,AN/APG-68(V)9,SEARCH,B0200,168.75400358887302,0.0,0.0,0.0,0.0,Friendly
434.6,B0200,N001VE,SEARCH,None,0.0,0.0,0.0,0.0,0.0,Enemy
434.8,A0100,AN/APG-68(V)9,SEARCH,B0200,178.1966789024471,0.0,0.0,0.0,0.0,Friendly
434.8,A0200,AN/APG-68(V)9,SEARCH,B0200,168.83706351298946,0.0,0.0,0.0,0.0,Friendly
434.8,B0200,N001VE,SEARCH,None,0.0,0.0,0.0,0.0,0.0,Enemy
435.0,A0100,AN/APG-68(V)9,SEARCH,B0200,178.2802115241846,0.0,0.0,0.0,0.0,Friendly
435.0,A0200,AN/APG-68(V)9,SEARCH,B0200,168.92013779183273,0.0,0.0,0.0,0.0,Friendly
435.0,B0200,N001VE,SEARCH,None,0.0,0.0,0.0,0.0,0.0,Enemy
435.20000000000005,A0100,AN/APG-68(V)9,SEARCH,B0200,178.36384947327554,0.0,0.0,0.0,0.0,Friendly
435.20000000000005,A0200,AN/APG-68(V)9,SEARCH,B0200,169.00322800312364,0.0,0.0,0.0,0.0,Friendly
435.20000000000005,B0200,N001VE,SEARCH,None,0.0,0.0,0.0,0.0,0.0,Enemy
435.40000000000003,A0100,AN/APG-68(V)9,SEARCH,B0200,178.44756862759436,0.0,0.0,0.0,0.0,Friendly
435.40000000000003,A0200,AN/APG-68(V)9,SEARCH,B0200,169.08621369541828,0.0,0.0,0.0,0.0,Friendly
435.40000000000003,B0200,N001VE,SEARCH,None,0.0,0.0,0.0,0.0,0.0,Enemy
435.6,A0100,AN/APG-68(V)9,SEARCH,B0200,178.53131172324026,0.0,0.0,0.0,0.0,Friendly
435.6,A0200,AN/APG-68(V)9,SEARCH,B0200,169.16911652681134,0.0,0.0,0.0,0.0,Friendly
435.6,B0200,N001VE,SEARCH,None,0.0,0.0,0.0,0.0,0.0,Enemy
435.8,A0100,AN/APG-68(V)9,SEARCH,B0200,178.61506055134396,0.0,0.0,0.0,0.0,Friendly
435.8,A0200,AN/APG-68(V)9,SEARCH,B0200,169.25211190635238,0.0,0.0,0.0,0.0,Friendly
435.8,B0200,N001VE,SEARCH,None,0.0,0.0,0.0,0.0,0.0,Enemy
436.0,A0100,AN/APG-68(V)9,SEARCH,B0200,178.6987813381149,0.0,0.0,0.0,0.0,Friendly
436.0,A0200,AN/APG-68(V)9,SEARCH,B0200,169.33521060188158,0.0,0.0,0.0,0.0,Friendly
436.0,B0200,N001VE,SEARCH,None,0.0,0.0,0.0,0.0,0.0,Enemy
436.20000000000005,A0100,AN/APG-68(V)9,SEARCH,B0200,178.78241983743993,0.0,0.0,0.0,0.0,Friendly
436.20000000000005,A0200,AN/APG-68(V)9,SEARCH,B0200,169.41825996615202,0.0,0.0,0.0,0.0,Friendly
436.20000000000005,B0200,N001VE,SEARCH,None,0.0,0.0,0.0,0.0,0.0,Enemy
436.40000000000003,A0100,AN/APG-68(V)9,SEARCH,B0200,178.86608883593522,0.0,0.0,0.0,0.0,Friendly
436.40000000000003,A0200,AN/APG-68(V)9,SEARCH,B0200,169.5013153740519,0.0,0.0,0.0,0.0,Friendly
436.40000000000003,B0200,N001VE,SEARCH,None,0.0,0.0,0.0,0.0,0.0,Enemy
436.6,A0100,AN/APG-68(V)9,SEARCH,B0200,178.9498887787175,0.0,0.0,0.0,0.0,Friendly
436.6,A0200,AN/APG-68(V)9,SEARCH,B0200,169.58437520450536,0.0,0.0,0.0,0.0,Friendly
436.6,B0200,N001VE,SEARCH,None,0.0,0.0,0.0,0.0,0.0,Enemy
436.8,A0100,AN/APG-68(V)9,SEARCH,B0200,179.03376695242602,0.0,0.0,0.0,0.0,Friendly
436.8,A0200,AN/APG-68(V)9,SEARCH,B0200,169.6674079381411,0.0,0.0,0.0,0.0,Friendly
436.8,B0200,N001VE,SEARCH,None,0.0,0.0,0.0,0.0,0.0,Enemy
437.0,A0100,AN/APG-68(V)9,SEARCH,B0200,179.11765374992575,0.0,0.0,0.0,0.0,Friendly
437.0,A0200,AN/APG-68(V)9,SEARCH,B0200,169.75044848210996,0.0,0.0,0.0,0.0,Friendly
437.0,B0200,N001VE,SEARCH,None,0.0,0.0,0.0,0.0,0.0,Enemy
437.20000000000005,A0100,AN/APG-68(V)9,SEARCH,B0200,179.20156044721907,0.0,0.0,0.0,0.0,Friendly
437.20000000000005,A0200,AN/APG-68(V)9,SEARCH,B0200,169.83349150758804,0.0,0.0,0.0,0.0,Friendly
437.20000000000005,B0200,N001VE,SEARCH,None,0.0,0.0,0.0,0.0,0.0,Enemy
437.40000000000003,A0100,AN/APG-68(V)9,SEARCH,B0200,179.2854644609442,0.0,0.0,0.0,0.0,Friendly
437.40000000000003,A0200,AN/APG-68(V)9,SEARCH,B0200,169.91653083664488,0.0,0.0,0.0,0.0,Friendly
437.40000000000003,B0200,N001VE,SEARCH,None,0.0,0.0,0.0,0.0,0.0,Enemy
437.6,A0100,AN/APG-68(V)9,SEARCH,B0200,179.36934695981503,0.0,0.0,0.0,0.0,Friendly
437.6,A0200,AN/APG-68(V)9,SEARCH,B0200,169.99955398869312,0.0,0.0,0.0,0.0,Friendly
437.6,B0200,N001VE,SEARCH,None,0.0,0.0,0.0,0.0,0.0,Enemy
437.8,A0100,AN/APG-68(V)9,SEARCH,B0200,179.4532076235515,0.0,0.0,0.0,0.0,Friendly
437.8,A0200,AN/APG-68(V)9,SEARCH,B0200,170.08259401049307,0.0,0.0,0.0,0.0,Friendly
437.8,B0200,N001VE,SEARCH,None,0.0,0.0,0.0,0.0,0.0,Enemy
438.0,A0100,AN/APG-68(V)9,SEARCH,B0200,179.53705366579663,0.0,0.0,0.0,0.0,Friendly
438.0,A0200,AN/APG-68(V)9,SEARCH,B0200,170.1656474830557,0.0,0.0,0.0,0.0,Friendly
438.0,B0200,N001VE,SEARCH,None,0.0,0.0,0.0,0.0,0.0,Enemy
438.20000000000005,A0100,AN/APG-68(V)9,SEARCH,B0200,179.62098983356253,0.0,0.0,0.0,0.0,Friendly
438.20000000000005,A0200,AN/APG-68(V)9,SEARCH,B0200,170.24880149013362,0.0,0.0,0.0,0.0,Friendly
438.20000000000005,B0200,N001VE,SEARCH,None,0.0,0.0,0.0,0.0,0.0,Enemy
438.40000000000003,A0100,AN/APG-68(V)9,SEARCH,B0200,179.70501195480267,0.0,0.0,0.0,0.0,Friendly
438.40000000000003,A0200,AN/APG-68(V)9,SEARCH,B0200,170.33202206651694,0.0,0.0,0.0,0.0,Friendly
438.40000000000003,B0200,N001VE,SEARCH,None,0.0,0.0,0.0,0.0,0.0,Enemy
438.6,A0100,AN/APG-68(V)9,SEARCH,B0200,179.78905514305688,0.0,0.0,0.0,0.0,Friendly
438.6,A0200,AN/APG-68(V)9,SEARCH,B0200,170.4151882488618,0.0,0.0,0.0,0.0,Friendly
438.6,B0200,N001VE,SEARCH,None,0.0,0.0,0.0,0.0,0.0,Enemy
438.8,A0100,AN/APG-68(V)9,SEARCH,B0200,179.87316420374822,0.0,0.0,0.0,0.0,Friendly
438.8,A0200,AN/APG-68(V)9,SEARCH,B0200,170.49824635977785,0.0,0.0,0.0,0.0,Friendly
438.8,B0200,N001VE,SEARCH,None,0.0,0.0,0.0,0.0,0.0,Enemy
439.0,A0100,AN/APG-68(V)9,SEARCH,B0200,179.95734092392996,0.0,0.0,0.0,0.0,Friendly
439.0,A0200,AN/APG-68(V)9,SEARCH,B0200,170.5813073990754,0.0,0.0,0.0,0.0,Friendly
439.0,B0200,N001VE,SEARCH,None,0.0,0.0,0.0,0.0,0.0,Enemy
439.20000000000005,A0100,AN/APG-68(V)9,SEARCH,B0200,180.0414845584074,0.0,0.0,0.0,0.0,Friendly
439.20000000000005,A0200,AN/APG-68(V)9,SEARCH,B0200,170.66445680041866,0.0,0.0,0.0,0.0,Friendly
439.20000000000005,B0200,N001VE,SEARCH,None,0.0,0.0,0.0,0.0,0.0,Enemy
439.40000000000003,A0100,AN/APG-68(V)9,SEARCH,B0200,180.12559911274641,0.0,0.0,0.0,0.0,Friendly
439.40000000000003,A0200,AN/APG-68(V)9,SEARCH,B0200,170.74769146177718,0.0,0.0,0.0,0.0,Friendly
439.40000000000003,B0200,N001VE,SEARCH,None,0.0,0.0,0.0,0.0,0.0,Enemy
439.6,A0100,AN/APG-68(V)9,SEARCH,B0200,180.20969601766484,0.0,0.0,0.0,0.0,Friendly
439.6,A0200,AN/APG-68(V)9,SEARCH,B0200,170.83087857396507,0.0,0.0,0.0,0.0,Friendly
439.6,B0200,N001VE,SEARCH,None,0.0,0.0,0.0,0.0,0.0,Enemy
439.8,A0100,AN/APG-68(V)9,SEARCH,B0200,180.29384413896858,0.0,0.0,0.0,0.0,Friendly
439.8,A0200,AN/APG-68(V)9,SEARCH,B0200,170.913992733462,0.0,0.0,0.0,0.0,Friendly
439.8,B0200,N001VE,SEARCH,None,0.0,0.0,0.0,0.0,0.0,Enemy
440.0,A0100,AN/APG-68(V)9,SEARCH,B0200,180.37808883259783,0.0,0.0,0.0,0.0,Friendly
440.0,A0200,AN/APG-68(V)9,SEARCH,B0200,170.9971860339904,0.0,0.0,0.0,0.0,Friendly
440.0,B0200,N001VE,SEARCH,None,0.0,0.0,0.0,0.0,0.0,Enemy
440.20000000000005,A0100,AN/APG-68(V)9,SEARCH,B0200,180.46232135797797,0.0,0.0,0.0,0.0,Friendly
440.20000000000005,A0200,AN/APG-68(V)9,SEARCH,B0200,171.08047125495014,0.0,0.0,0.0,0.0,Friendly
440.20000000000005,B0200,N001VE,SEARCH,None,0.0,0.0,0.0,0.0,0.0,Enemy
440.40000000000003,A0100,AN/APG-68(V)9,SEARCH,B0200,180.5465772325274,0.0,0.0,0.0,0.0,Friendly
440.40000000000003,A0200,AN/APG-68(V)9,SEARCH,B0200,171.1637364120806,0.0,0.0,0.0,0.0,Friendly
440.40000000000003,B0200,N001VE,SEARCH,None,0.0,0.0,0.0,0.0,0.0,Enemy
440.6,A0100,AN/APG-68(V)9,SEARCH,B0200,180.6308627867762,0.0,0.0,0.0,0.0,Friendly
440.6,A0200,AN/APG-68(V)9,SEARCH,B0200,171.24690056120664,0.0,0.0,0.0,0.0,Friendly
440.6,B0200,N001VE,SEARCH,None,0.0,0.0,0.0,0.0,0.0,Enemy
440.8,A0100,AN/APG-68(V)9,SEARCH,B0200,180.71516063798586,0.0,0.0,0.0,0.0,Friendly
440.8,A0200,AN/APG-68(V)9,SEARCH,B0200,171.3300681165619,0.0,0.0,0.0,0.0,Friendly
440.8,B0200,N001VE,SEARCH,None,0.0,0.0,0.0,0.0,0.0,Enemy
441.0,A0100,AN/APG-68(V)9,SEARCH,B0200,180.79945805138604,0.0,0.0,0.0,0.0,Friendly
441.0,A0200,AN/APG-68(V)9,SEARCH,B0200,171.41323707520374,0.0,0.0,0.0,0.0,Friendly
441.0,B0200,N001VE,SEARCH,None,0.0,0.0,0.0,0.0,0.0,Enemy
441.20000000000005,A0100,AN/APG-68(V)9,SEARCH,B0200,180.88371525801165,0.0,0.0,0.0,0.0,Friendly
441.20000000000005,A0200,AN/APG-68(V)9,SEARCH,B0200,171.4963477480969,0.0,0.0,0.0,0.0,Friendly
441.20000000000005,B0200,N001VE,SEARCH,None,0.0,0.0,0.0,0.0,0.0,Enemy
441.40000000000003,A0100,AN/APG-68(V)9,SEARCH,B0200,180.96798924271218,0.0,0.0,0.0,0.0,Friendly
441.40000000000003,A0200,AN/APG-68(V)9,SEARCH,B0200,171.57951949186304,0.0,0.0,0.0,0.0,Friendly
441.40000000000003,B0200,N001VE,SEARCH,None,0.0,0.0,0.0,0.0,0.0,Enemy
441.6,A0100,AN/APG-68(V)9,SEARCH,B0200,181.05220961844873,0.0,0.0,0.0,0.0,Friendly
441.6,A0200,AN/APG-68(V)9,SEARCH,B0200,171.66276764458507,0.0,0.0,0.0,0.0,Friendly
441.6,B0200,N001VE,SEARCH,None,0.0,0.0,0.0,0.0,0.0,Enemy
441.8,A0100,AN/APG-68(V)9,SEARCH,B0200,181.13644154768298,0.0,0.0,0.0,0.0,Friendly
441.8,A0200,AN/APG-68(V)9,SEARCH,B0200,171.74604802416496,0.0,0.0,0.0,0.0,Friendly
441.8,B0200,N001VE,SEARCH,None,0.0,0.0,0.0,0.0,0.0,Enemy
442.0,A0100,AN/APG-68(V)9,SEARCH,B0200,181.22070289955482,0.0,0.0,0.0,0.0,Friendly
442.0,A0200,AN/APG-68(V)9,SEARCH,B0200,171.82924644792757,0.0,0.0,0.0,0.0,Friendly
442.0,B0200,N001VE,SEARCH,None,0.0,0.0,0.0,0.0,0.0,Enemy
442.20000000000005,A0100,AN/APG-68(V)9,SEARCH,B0200,181.30494190587277,0.0,0.0,0.0,0.0,Friendly
442.20000000000005,A0200,AN/APG-68(V)9,SEARCH,B0200,171.9124272282465,0.0,0.0,0.0,0.0,Friendly
442.20000000000005,B0200,N001VE,SEARCH,None,0.0,0.0,0.0,0.0,0.0,Enemy
442.40000000000003,A0100,AN/APG-68(V)9,SEARCH,B0200,181.389168240642,0.0,0.0,0.0,0.0,Friendly
442.40000000000003,A0200,AN/APG-68(V)9,SEARCH,B0200,171.99561026935766,0.0,0.0,0.0,0.0,Friendly
442.40000000000003,B0200,N001VE,SEARCH,None,0.0,0.0,0.0,0.0,0.0,Enemy
442.6,A0100,AN/APG-68(V)9,SEARCH,B0200,181.47338279303864,0.0,0.0,0.0,0.0,Friendly
442.6,A0200,AN/APG-68(V)9,SEARCH,B0200,172.07882389341557,0.0,0.0,0.0,0.0,Friendly
442.6,B0200,N001VE,SEARCH,None,0.0,0.0,0.0,0.0,0.0,Enemy
442.8,A0100,AN/APG-68(V)9,SEARCH,B0200,181.55749600182298,0.0,0.0,0.0,0.0,Friendly
442.8,A0200,AN/APG-68(V)9,SEARCH,B0200,172.1620677670437,0.0,0.0,0.0,0.0,Friendly
442.8,B0200,N001VE,SEARCH,None,0.0,0.0,0.0,0.0,0.0,Enemy
443.0,A0100,AN/APG-68(V)9,SEARCH,B0200,181.6415514048483,0.0,0.0,0.0,0.0,Friendly
443.0,A0200,AN/APG-68(V)9,SEARCH,B0200,172.2452097309262,0.0,0.0,0.0,0.0,Friendly
443.0,B0200,N001VE,SEARCH,None,0.0,0.0,0.0,0.0,0.0,Enemy
443.20000000000005,A0100,AN/APG-68(V)9,SEARCH,B0200,181.72569694193342,0.0,0.0,0.0,0.0,Friendly
443.20000000000005,A0200,AN/APG-68(V)9,SEARCH,B0200,172.32832828419194,0.0,0.0,0.0,0.0,Friendly
443.20000000000005,B0200,N001VE,SEARCH,None,0.0,0.0,0.0,0.0,0.0,Enemy
443.40000000000003,A0100,AN/APG-68(V)9,SEARCH,B0200,181.80990059552877,0.0,0.0,0.0,0.0,Friendly
443.40000000000003,A0200,AN/APG-68(V)9,SEARCH,B0200,172.41147052270074,0.0,0.0,0.0,0.0,Friendly
443.40000000000003,B0200,N001VE,SEARCH,None,0.0,0.0,0.0,0.0,0.0,Enemy
443.6,A0100,AN/APG-68(V)9,SEARCH,B0200,181.89411345659093,0.0,0.0,0.0,0.0,Friendly
443.6,A0200,AN/APG-68(V)9,SEARCH,B0200,172.49471853810462,0.0,0.0,0.0,0.0,Friendly
443.6,B0200,N001VE,SEARCH,None,0.0,0.0,0.0,0.0,0.0,Enemy
443.8,A0100,AN/APG-68(V)9,SEARCH,B0200,181.97833752137709,0.0,0.0,0.0,0.0,Friendly
443.8,A0200,AN/APG-68(V)9,SEARCH,B0200,172.5780353044893,0.0,0.0,0.0,0.0,Friendly
443.8,B0200,N001VE,SEARCH,None,0.0,0.0,0.0,0.0,0.0,Enemy
444.0,A0100,AN/APG-68(V)9,SEARCH,B0200,182.06256615267182,0.0,0.0,0.0,0.0,Friendly
444.0,A0200,AN/APG-68(V)9,SEARCH,B0200,172.66122187913322,0.0,0.0,0.0,0.0,Friendly
444.0,B0200,N001VE,SEARCH,None,0.0,0.0,0.0,0.0,0.0,Enemy
444.20000000000005,A0100,AN/APG-68(V)9,SEARCH,B0200,182.14681439809522,0.0,0.0,0.0,0.0,Friendly
444.20000000000005,A0200,AN/APG-68(V)9,SEARCH,B0200,172.7443486157029,0.0,0.0,0.0,0.0,Friendly
444.20000000000005,B0200,N001VE,SEARCH,None,0.0,0.0,0.0,0.0,0.0,Enemy
444.40000000000003,A0100,AN/APG-68(V)9,SEARCH,B0200,182.23107341586805,0.0,0.0,0.0,0.0,Friendly
444.40000000000003,A0200,AN/APG-68(V)9,SEARCH,B0200,172.82757280716498,0.0,0.0,0.0,0.0,Friendly
444.40000000000003,B0200,N001VE,SEARCH,None,0.0,0.0,0.0,0.0,0.0,Enemy
444.6,A0100,AN/APG-68(V)9,SEARCH,B0200,182.3153422176461,0.0,0.0,0.0,0.0,Friendly
444.6,A0200,AN/APG-68(V)9,SEARCH,B0200,172.91086856212604,0.0,0.0,0.0,0.0,Friendly
444.6,B0200,N001VE,SEARCH,None,0.0,0.0,0.0,0.0,0.0,Enemy
444.8,A0100,AN/APG-68(V)9,SEARCH,B0200,182.39968663948346,0.0,0.0,0.0,0.0,Friendly
444.8,A0200,AN/APG-68(V)9,SEARCH,B0200,172.99423480585315,0.0,0.0,0.0,0.0,Friendly
444.8,B0200,N001VE,SEARCH,None,0.0,0.0,0.0,0.0,0.0,Enemy
445.0,A0100,AN/APG-68(V)9,SEARCH,B0200,182.48400752460915,0.0,0.0,0.0,0.0,Friendly
445.0,A0200,AN/APG-68(V)9,SEARCH,B0200,173.0776001237302,0.0,0.0,0.0,0.0,Friendly
445.0,B0200,N001VE,SEARCH,None,0.0,0.0,0.0,0.0,0.0,Enemy
445.20000000000005,A0100,AN/APG-68(V)9,SEARCH,B0200,182.56811865226078,0.0,0.0,0.0,0.0,Friendly
445.20000000000005,A0200,AN/APG-68(V)9,SEARCH,B0200,173.1608938215535,0.0,0.0,0.0,0.0,Friendly
445.20000000000005,B0200,N001VE,SEARCH,None,0.0,0.0,0.0,0.0,0.0,Enemy
445.40000000000003,A0100,AN/APG-68(V)9,SEARCH,B0200,182.6521157391603,0.0,0.0,0.0,0.0,Friendly
445.40000000000003,A0200,AN/APG-68(V)9,SEARCH,B0200,173.24419429585015,0.0,0.0,0.0,0.0,Friendly
445.40000000000003,B0200,N001VE,SEARCH,None,0.0,0.0,0.0,0.0,0.0,Enemy
445.6,A0100,AN/APG-68(V)9,SEARCH,B0200,182.73614848922185,0.0,0.0,0.0,0.0,Friendly
445.6,A0200,AN/APG-68(V)9,SEARCH,B0200,173.32761169278356,0.0,0.0,0.0,0.0,Friendly
445.6,B0200,N001VE,SEARCH,None,0.0,0.0,0.0,0.0,0.0,Enemy
445.8,A0100,AN/APG-68(V)9,SEARCH,B0200,182.82021407568809,0.0,0.0,0.0,0.0,Friendly
445.8,A0200,AN/APG-68(V)9,SEARCH,B0200,173.41112417577298,0.0,0.0,0.0,0.0,Friendly
445.8,B0200,N001VE,SEARCH,None,0.0,0.0,0.0,0.0,0.0,Enemy
446.0,A0100,AN/APG-68(V)9,SEARCH,B0200,182.90423299547393,0.0,0.0,0.0,0.0,Friendly
446.0,A0200,AN/APG-68(V)9,SEARCH,B0200,173.4945590661903,0.0,0.0,0.0,0.0,Friendly
446.0,B0200,N001VE,SEARCH,None,0.0,0.0,0.0,0.0,0.0,Enemy
446.20000000000005,A0100,AN/APG-68(V)9,SEARCH,B0200,182.9882501049819,0.0,0.0,0.0,0.0,Friendly
446.20000000000005,A0200,AN/APG-68(V)9,SEARCH,B0200,173.57792109312976,0.0,0.0,0.0,0.0,Friendly
446.20000000000005,B0200,N001VE,SEARCH,None,0.0,0.0,0.0,0.0,0.0,Enemy
446.40000000000003,A0100,AN/APG-68(V)9,SEARCH,B0200,183.07229074622512,0.0,0.0,0.0,0.0,Friendly
446.40000000000003,A0200,AN/APG-68(V)9,SEARCH,B0200,173.66135859442025,0.0,0.0,0.0,0.0,Friendly
446.40000000000003,B0200,N001VE,SEARCH,None,0.0,0.0,0.0,0.0,0.0,Enemy
446.6,A0100,AN/APG-68(V)9,SEARCH,B0200,183.15630077926943,0.0,0.0,0.0,0.0,Friendly
446.6,A0200,AN/APG-68(V)9,SEARCH,B0200,173.7449244496445,0.0,0.0,0.0,0.0,Friendly
446.6,B0200,N001VE,SEARCH,None,0.0,0.0,0.0,0.0,0.0,Enemy
446.8,A0100,AN/APG-68(V)9,SEARCH,B0200,183.24039336585975,0.0,0.0,0.0,0.0,Friendly
446.8,A0200,AN/APG-68(V)9,SEARCH,B0200,173.82856804596804,0.0,0.0,0.0,0.0,Friendly
446.8,B0200,N001VE,SEARCH,None,0.0,0.0,0.0,0.0,0.0,Enemy
447.0,A0100,AN/APG-68(V)9,SEARCH,B0200,183.32450289537533,0.0,0.0,0.0,0.0,Friendly
447.0,A0200,AN/APG-68(V)9,SEARCH,B0200,173.91217391513288,0.0,0.0,0.0,0.0,Friendly
447.0,B0200,N001VE,SEARCH,None,0.0,0.0,0.0,0.0,0.0,Enemy
447.20000000000005,A0100,AN/APG-68(V)9,SEARCH,B0200,183.4085939728581,0.0,0.0,0.0,0.0,Friendly
447.20000000000005,A0200,AN/APG-68(V)9,SEARCH,B0200,173.99576455941997,0.0,0.0,0.0,0.0,Friendly
447.20000000000005,B0200,N001VE,SEARCH,None,0.0,0.0,0.0,0.0,0.0,Enemy
447.40000000000003,A0100,AN/APG-68(V)9,SEARCH,B0200,183.49269698855827,0.0,0.0,0.0,0.0,Friendly
447.40000000000003,A0200,AN/APG-68(V)9,SEARCH,B0200,174.07941854490605,0.0,0.0,0.0,0.0,Friendly
447.40000000000003,B0200,N001VE,SEARCH,None,0.0,0.0,0.0,0.0,0.0,Enemy
447.6,A0100,AN/APG-68(V)9,SEARCH,B0200,183.57686408933662,0.0,0.0,0.0,0.0,Friendly
447.6,A0200,AN/APG-68(V)9,SEARCH,B0200,174.16312319143157,0.0,0.0,0.0,0.0,Friendly
447.6,B0200,N001VE,SEARCH,None,0.0,0.0,0.0,0.0,0.0,Enemy
447.8,A0100,AN/APG-68(V)9,SEARCH,B0200,183.6610458386617,0.0,0.0,0.0,0.0,Friendly
447.8,A0200,AN/APG-68(V)9,SEARCH,B0200,174.2468252870719,0.0,0.0,0.0,0.0,Friendly
447.8,B0200,N001VE,SEARCH,None,0.0,0.0,0.0,0.0,0.0,Enemy
448.0,A0100,AN/APG-68(V)9,SEARCH,B0200,183.74518645237657,0.0,0.0,0.0,0.0,Friendly
448.0,A0200,AN/APG-68(V)9,SEARCH,B0200,174.33058781232626,0.0,0.0,0.0,0.0,Friendly
448.0,B0200,N001VE,SEARCH,None,0.0,0.0,0.0,0.0,0.0,Enemy
448.20000000000005,A0100,AN/APG-68(V)9,SEARCH,B0200,183.82923769475926,0.0,0.0,0.0,0.0,Friendly
448.20000000000005,A0200,AN/APG-68(V)9,SEARCH,B0200,174.4143314539457,0.0,0.0,0.0,0.0,Friendly
448.20000000000005,B0200,N001VE,SEARCH,None,0.0,0.0,0.0,0.0,0.0,Enemy
448.40000000000003,A0100,AN/APG-68(V)9,SEARCH,B0200,183.91324811700255,0.0,0.0,0.0,0.0,Friendly
448.40000000000003,A0200,AN/APG-68(V)9,SEARCH,B0200,174.49804141185083,0.0,0.0,0.0,0.0,Friendly
448.40000000000003,B0200,N001VE,SEARCH,None,0.0,0.0,0.0,0.0,0.0,Enemy
448.6,A0100,AN/APG-68(V)9,SEARCH,B0200,183.99731704742123,0.0,0.0,0.0,0.0,Friendly
448.6,A0200,AN/APG-68(V)9,SEARCH,B0200,174.5818282414123,0.0,0.0,0.0,0.0,Friendly
448.6,B0200,N001VE,SEARCH,None,0.0,0.0,0.0,0.0,0.0,Enemy
448.8,A0100,AN/APG-68(V)9,SEARCH,B0200,184.0814666517738,0.0,0.0,0.0,0.0,Friendly
448.8,A0200,AN/APG-68(V)9,SEARCH,B0200,174.66572040301097,0.0,0.0,0.0,0.0,Friendly
448.8,B0200,N001VE,SEARCH,None,0.0,0.0,0.0,0.0,0.0,Enemy
449.0,A0100,AN/APG-68(V)9,SEARCH,B0200,184.1655679092019,0.0,0.0,0.0,0.0,Friendly
449.0,A0200,AN/APG-68(V)9,SEARCH,B0200,174.74961562534847,0.0,0.0,0.0,0.0,Friendly
449.0,B0200,N001VE,SEARCH,None,0.0,0.0,0.0,0.0,0.0,Enemy
449.20000000000005,A0100,AN/APG-68(V)9,SEARCH,B0200,184.24959954179937,0.0,0.0,0.0,0.0,Friendly
449.20000000000005,A0200,AN/APG-68(V)9,SEARCH,B0200,174.83347211683434,0.0,0.0,0.0,0.0,Friendly
449.20000000000005,B0200,N001VE,SEARCH,None,0.0,0.0,0.0,0.0,0.0,Enemy
449.40000000000003,A0100,AN/APG-68(V)9,SEARCH,B0200,184.33369698503643,0.0,0.0,0.0,0.0,Friendly
449.40000000000003,A0200,AN/APG-68(V)9,SEARCH,B0200,174.91728982980726,0.0,0.0,0.0,0.0,Friendly
449.40000000000003,B0200,N001VE,SEARCH,None,0.0,0.0,0.0,0.0,0.0,Enemy
449.6,A0100,AN/APG-68(V)9,SEARCH,B0200,184.41791025439025,0.0,0.0,0.0,0.0,Friendly
449.6,A0200,AN/APG-68(V)9,SEARCH,B0200,175.00113691577207,0.0,0.0,0.0,0.0,Friendly
449.6,B0200,N001VE,SEARCH,None,0.0,0.0,0.0,0.0,0.0,Enemy
449.8,A0100,AN/APG-68(V)9,SEARCH,B0200,184.50211671682433,0.0,0.0,0.0,0.0,Friendly
449.8,A0200,AN/APG-68(V)9,SEARCH,B0200,175.08501394335659,0.0,0.0,0.0,0.0,Friendly
449.8,B0200,N001VE,SEARCH,None,0.0,0.0,0.0,0.0,0.0,Enemy
450.0,A0100,AN/APG-68(V)9,SEARCH,B0200,184.5862295301569,0.0,0.0,0.0,0.0,Friendly
450.0,A0200,AN/APG-68(V)9,SEARCH,B0200,175.16887807626932,0.0,0.0,0.0,0.0,Friendly
450.0,B0200,N001VE,SEARCH,None,0.0,0.0,0.0,0.0,0.0,Enemy
450.20000000000005,A0100,AN/APG-68(V)9,SEARCH,B0200,184.6702204511242,0.0,0.0,0.0,0.0,Friendly
450.20000000000005,A0200,AN/APG-68(V)9,SEARCH,B0200,175.2527490487389,0.0,0.0,0.0,0.0,Friendly
450.20000000000005,B0200,N001VE,SEARCH,None,0.0,0.0,0.0,0.0,0.0,Enemy
450.40000000000003,A0100,AN/APG-68(V)9,SEARCH,B0200,184.7542542378183,0.0,0.0,0.0,0.0,Friendly
450.40000000000003,A0200,AN/APG-68(V)9,SEARCH,B0200,175.3366057655158,0.0,0.0,0.0,0.0,Friendly
450.40000000000003,B0200,N001VE,SEARCH,None,0.0,0.0,0.0,0.0,0.0,Enemy
450.6,A0100,AN/APG-68(V)9,SEARCH,B0200,184.8383702819766,0.0,0.0,0.0,0.0,Friendly
450.6,A0200,AN/APG-68(V)9,SEARCH,B0200,175.42045480378505,0.0,0.0,0.0,0.0,Friendly
450.6,B0200,N001VE,SEARCH,None,0.0,0.0,0.0,0.0,0.0,Enemy
450.8,A0100,AN/APG-68(V)9,SEARCH,B0200,184.922538969397,0.0,0.0,0.0,0.0,Friendly
450.8,A0200,AN/APG-68(V)9,SEARCH,B0200,175.50441551153594,0.0,0.0,0.0,0.0,Friendly
450.8,B0200,N001VE,SEARCH,None,0.0,0.0,0.0,0.0,0.0,Enemy
451.0,A0100,AN/APG-68(V)9,SEARCH,B0200,185.00674460009208,0.0,0.0,0.0,0.0,Friendly
451.0,A0200,AN/APG-68(V)9,SEARCH,B0200,175.5884288257644,0.0,0.0,0.0,0.0,Friendly
451.0,B0200,N001VE,SEARCH,None,0.0,0.0,0.0,0.0,0.0,Enemy
451.20000000000005,A0100,AN/APG-68(V)9,SEARCH,B0200,185.09081723422617,0.0,0.0,0.0,0.0,Friendly
451.20000000000005,A0200,AN/APG-68(V)9,SEARCH,B0200,175.67230339577588,0.0,0.0,0.0,0.0,Friendly
451.20000000000005,B0200,N001VE,SEARCH,None,0.0,0.0,0.0,0.0,0.0,Enemy
451.40000000000003,A0100,AN/APG-68(V)9,SEARCH,B0200,185.1747026480603,0.0,0.0,0.0,0.0,Friendly
451.40000000000003,A0200,AN/APG-68(V)9,SEARCH,B0200,175.75604149364773,0.0,0.0,0.0,0.0,Friendly
451.40000000000003,B0200,N001VE,SEARCH,None,0.0,0.0,0.0,0.0,0.0,Enemy
451.6,A0100,AN/APG-68(V)9,SEARCH,B0200,185.25852976785345,0.0,0.0,0.0,0.0,Friendly
451.6,A0200,AN/APG-68(V)9,SEARCH,B0200,175.83972834795506,0.0,0.0,0.0,0.0,Friendly
451.6,B0200,N001VE,SEARCH,None,0.0,0.0,0.0,0.0,0.0,Enemy
451.8,A0100,AN/APG-68(V)9,SEARCH,B0200,185.34240715240304,0.0,0.0,0.0,0.0,Friendly
451.8,A0200,AN/APG-68(V)9,SEARCH,B0200,175.92343385188587,0.0,0.0,0.0,0.0,Friendly
451.8,B0200,N001VE,SEARCH,None,0.0,0.0,0.0,0.0,0.0,Enemy
452.0,A0100,AN/APG-68(V)9,SEARCH,B0200,185.4262708785738,0.0,0.0,0.0,0.0,Friendly
452.0,A0200,AN/APG-68(V)9,SEARCH,B0200,176.00717352217703,0.0,0.0,0.0,0.0,Friendly
452.0,B0200,N001VE,SEARCH,None,0.0,0.0,0.0,0.0,0.0,Enemy
452.20000000000005,A0100,AN/APG-68(V)9,SEARCH,B0200,185.51007475256418,0.0,0.0,0.0,0.0,Friendly
452.20000000000005,A0200,AN/APG-68(V)9,SEARCH,B0200,176.09092466291145,0.0,0.0,0.0,0.0,Friendly
452.20000000000005,B0200,N001VE,SEARCH,None,0.0,0.0,0.0,0.0,0.0,Enemy
452.40000000000003,A0100,AN/APG-68(V)9,SEARCH,B0200,185.5937886649188,0.0,0.0,0.0,0.0,Friendly
452.40000000000003,A0200,AN/APG-68(V)9,SEARCH,B0200,176.1746912147402,0.0,0.0,0.0,0.0,Friendly
452.40000000000003,B0200,N001VE,SEARCH,None,0.0,0.0,0.0,0.0,0.0,Enemy
452.6,A0100,AN/APG-68(V)9,SEARCH,B0200,185.6775579174103,0.0,0.0,0.0,0.0,Friendly
452.6,A0200,AN/APG-68(V)9,SEARCH,B0200,176.25846891547266,0.0,0.0,0.0,0.0,Friendly
452.6,B0200,N001VE,SEARCH,None,0.0,0.0,0.0,0.0,0.0,Enemy
452.8,A0100,AN/APG-68(V)9,SEARCH,B0200,185.76138100324764,0.0,0.0,0.0,0.0,Friendly
452.8,A0200,AN/APG-68(V)9,SEARCH,B0200,176.34227766800305,0.0,0.0,0.0,0.0,Friendly
452.8,B0200,N001VE,SEARCH,None,0.0,0.0,0.0,0.0,0.0,Enemy
453.0,A0100,AN/APG-68(V)9,SEARCH,B0200,185.8451515335197,0.0,0.0,0.0,0.0,Friendly
453.0,A0200,AN/APG-68(V)9,SEARCH,B0200,176.4261030633429,0.0,0.0,0.0,0.0,Friendly
453.0,B0200,N001VE,SEARCH,None,0.0,0.0,0.0,0.0,0.0,Enemy
453.20000000000005,A0100,AN/APG-68(V)9,SEARCH,B0200,185.92896555580228,0.0,0.0,0.0,0.0,Friendly
453.20000000000005,A0200,AN/APG-68(V)9,SEARCH,B0200,176.50996591762362,0.0,0.0,0.0,0.0,Friendly
453.20000000000005,B0200,N001VE,SEARCH,None,0.0,0.0,0.0,0.0,0.0,Enemy
453.40000000000003,A0100,AN/APG-68(V)9,SEARCH,B0200,186.01287353749484,0.0,0.0,0.0,0.0,Friendly
453.40000000000003,A0200,AN/APG-68(V)9,SEARCH,B0200,176.59388730681917,0.0,0.0,0.0,0.0,Friendly
453.40000000000003,B0200,N001VE,SEARCH,None,0.0,0.0,0.0,0.0,0.0,Enemy
453.6,A0100,AN/APG-68(V)9,SEARCH,B0200,186.0967456703103,0.0,0.0,0.0,0.0,Friendly
453.6,A0200,AN/APG-68(V)9,SEARCH,B0200,176.67782485565152,0.0,0.0,0.0,0.0,Friendly
453.6,B0200,N001VE,SEARCH,None,0.0,0.0,0.0,0.0,0.0,Enemy
453.8,A0100,AN/APG-68(V)9,SEARCH,B0200,186.18053288375344,0.0,0.0,0.0,0.0,Friendly
453.8,A0200,AN/APG-68(V)9,SEARCH,B0200,176.76168785307567,0.0,0.0,0.0,0.0,Friendly
453.8,B0200,N001VE,SEARCH,None,0.0,0.0,0.0,0.0,0.0,Enemy
454.0,A0100,AN/APG-68(V)9,SEARCH,B0200,186.26432384368587,0.0,0.0,0.0,0.0,Friendly
454.0,A0200,AN/APG-68(V)9,SEARCH,B0200,176.84550741458654,0.0,0.0,0.0,0.0,Friendly
454.0,B0200,N001VE,SEARCH,None,0.0,0.0,0.0,0.0,0.0,Enemy
454.20000000000005,A0100,AN/APG-68(V)9,SEARCH,B0200,186.34823391192705,0.0,0.0,0.0,0.0,Friendly
454.20000000000005,A0200,AN/APG-68(V)9,SEARCH,B0200,176.92941592227405,0.0,0.0,0.0,0.0,Friendly
454.20000000000005,B0200,N001VE,SEARCH,None,0.0,0.0,0.0,0.0,0.0,Enemy
454.40000000000003,A0100,AN/APG-68(V)9,SEARCH,B0200,186.43220399505975,0.0,0.0,0.0,0.0,Friendly
454.40000000000003,A0200,AN/APG-68(V)9,SEARCH,B0200,177.01342523152385,0.0,0.0,0.0,0.0,Friendly
454.40000000000003,B0200,N001VE,SEARCH,None,0.0,0.0,0.0,0.0,0.0,Enemy
454.6,A0100,AN/APG-68(V)9,SEARCH,B0200,186.51614341200792,0.0,0.0,0.0,0.0,Friendly
454.6,A0200,AN/APG-68(V)9,SEARCH,B0200,177.09742011371756,0.0,0.0,0.0,0.0,Friendly
454.6,B0200,N001VE,SEARCH,None,0.0,0.0,0.0,0.0,0.0,Enemy
454.8,A0100,AN/APG-68(V)9,SEARCH,B0200,186.60014482652508,0.0,0.0,0.0,0.0,Friendly
454.8,A0200,AN/APG-68(V)9,SEARCH,B0200,177.18135531899907,0.0,0.0,0.0,0.0,Friendly
454.8,B0200,N001VE,SEARCH,None,0.0,0.0,0.0,0.0,0.0,Enemy
455.0,A0100,AN/APG-68(V)9,SEARCH,B0200,186.6841814582542,0.0,0.0,0.0,0.0,Friendly
455.0,A0200,AN/APG-68(V)9,SEARCH,B0200,177.2653114025372,0.0,0.0,0.0,0.0,Friendly
455.0,B0200,N001VE,SEARCH,None,0.0,0.0,0.0,0.0,0.0,Enemy
455.20000000000005,A0100,AN/APG-68(V)9,SEARCH,B0200,186.76814442706146,0.0,0.0,0.0,0.0,Friendly
455.20000000000005,A0200,AN/APG-68(V)9,SEARCH,B0200,177.34931979705186,0.0,0.0,0.0,0.0,Friendly
455.20000000000005,B0200,N001VE,SEARCH,None,0.0,0.0,0.0,0.0,0.0,Enemy
455.40000000000003,A0100,AN/APG-68(V)9,SEARCH,B0200,186.85220453277094,0.0,0.0,0.0,0.0,Friendly
455.40000000000003,A0200,AN/APG-68(V)9,SEARCH,B0200,177.43342558896538,0.0,0.0,0.0,0.0,Friendly
455.40000000000003,B0200,N001VE,SEARCH,None,0.0,0.0,0.0,0.0,0.0,Enemy
455.6,A0100,AN/APG-68(V)9,SEARCH,B0200,186.93637229281933,0.0,0.0,0.0,0.0,Friendly
455.6,A0200,AN/APG-68(V)9,SEARCH,B0200,177.51760653231125,0.0,0.0,0.0,0.0,Friendly
455.6,B0200,N001VE,SEARCH,None,0.0,0.0,0.0,0.0,0.0,Enemy
455.8,A0100,AN/APG-68(V)9,SEARCH,B0200,187.02046965027543,0.0,0.0,0.0,0.0,Friendly
455.8,A0200,AN/APG-68(V)9,SEARCH,B0200,177.6017210812883,0.0,0.0,0.0,0.0,Friendly
455.8,B0200,N001VE,SEARCH,None,0.0,0.0,0.0,0.0,0.0,Enemy
456.0,A0100,AN/APG-68(V)9,SEARCH,B0200,187.1045457952492,0.0,0.0,0.0,0.0,Friendly
456.0,A0200,AN/APG-68(V)9,SEARCH,B0200,177.6857359584512,0.0,0.0,0.0,0.0,Friendly
456.0,B0200,N001VE,SEARCH,None,0.0,0.0,0.0,0.0,0.0,Enemy
456.20000000000005,A0100,AN/APG-68(V)9,SEARCH,B0200,187.18869636508978,0.0,0.0,0.0,0.0,Friendly
456.20000000000005,A0200,AN/APG-68(V)9,SEARCH,B0200,177.76974390576393,0.0,0.0,0.0,0.0,Friendly
456.20000000000005,B0200,N001VE,SEARCH,None,0.0,0.0,0.0,0.0,0.0,Enemy
456.40000000000003,A0100,AN/APG-68(V)9,SEARCH,B0200,187.2729695738895,0.0,0.0,0.0,0.0,Friendly
456.40000000000003,A0200,AN/APG-68(V)9,SEARCH,B0200,177.85381031494987,0.0,0.0,0.0,0.0,Friendly
456.40000000000003,B0200,N001VE,SEARCH,None,0.0,0.0,0.0,0.0,0.0,Enemy
456.6,A0100,AN/APG-68(V)9,SEARCH,B0200,187.3572223763241,0.0,0.0,0.0,0.0,Friendly
456.6,A0200,AN/APG-68(V)9,SEARCH,B0200,177.9378964205738,0.0,0.0,0.0,0.0,Friendly
456.6,B0200,N001VE,SEARCH,None,0.0,0.0,0.0,0.0,0.0,Enemy
456.8,A0100,AN/APG-68(V)9,SEARCH,B0200,187.44138019034446,0.0,0.0,0.0,0.0,Friendly
456.8,A0200,AN/APG-68(V)9,SEARCH,B0200,178.0219985316041,0.0,0.0,0.0,0.0,Friendly
456.8,B0200,N001VE,SEARCH,None,0.0,0.0,0.0,0.0,0.0,Enemy
457.0,A0100,AN/APG-68(V)9,SEARCH,B0200,187.52562487256264,0.0,0.0,0.0,0.0,Friendly
457.0,A0200,AN/APG-68(V)9,SEARCH,B0200,178.10614070360273,0.0,0.0,0.0,0.0,Friendly
457.0,B0200,N001VE,SEARCH,None,0.0,0.0,0.0,0.0,0.0,Enemy
457.20000000000005,A0100,AN/APG-68(V)9,SEARCH,B0200,187.6099946406439,0.0,0.0,0.0,0.0,Friendly
457.20000000000005,A0200,AN/APG-68(V)9,SEARCH,B0200,178.19029490844582,0.0,0.0,0.0,0.0,Friendly
457.20000000000005,B0200,N001VE,SEARCH,None,0.0,0.0,0.0,0.0,0.0,Enemy
457.40000000000003,A0100,AN/APG-68(V)9,SEARCH,B0200,187.69433978365504,0.0,0.0,0.0,0.0,Friendly
457.40000000000003,A0200,AN/APG-68(V)9,SEARCH,B0200,178.27444061823314,0.0,0.0,0.0,0.0,Friendly
457.40000000000003,B0200,N001VE,SEARCH,None,0.0,0.0,0.0,0.0,0.0,Enemy
457.6,A0100,AN/APG-68(V)9,SEARCH,B0200,187.778569910599,0.0,0.0,0.0,0.0,Friendly
457.6,A0200,AN/APG-68(V)9,SEARCH,B0200,178.35861508502774,0.0,0.0,0.0,0.0,Friendly
457.6,B0200,N001VE,SEARCH,None,0.0,0.0,0.0,0.0,0.0,Enemy
457.8,A0100,AN/APG-68(V)9,SEARCH,B0200,187.86289327031724,0.0,0.0,0.0,0.0,Friendly
457.8,A0200,AN/APG-68(V)9,SEARCH,B0200,178.4428648783436,0.0,0.0,0.0,0.0,Friendly
457.8,B0200,N001VE,SEARCH,None,0.0,0.0,0.0,0.0,0.0,Enemy
458.0,A0100,AN/APG-68(V)9,SEARCH,B0200,187.94733576854756,0.0,0.0,0.0,0.0,Friendly
458.0,A0200,AN/APG-68(V)9,SEARCH,B0200,178.52709645541657,0.0,0.0,0.0,0.0,Friendly
458.0,B0200,N001VE,SEARCH,None,0.0,0.0,0.0,0.0,0.0,Enemy
458.20000000000005,A0100,AN/APG-68(V)9,SEARCH,B0200,188.03169991799234,0.0,0.0,0.0,0.0,Friendly
458.20000000000005,A0200,AN/APG-68(V)9,SEARCH,B0200,178.61120111787363,0.0,0.0,0.0,0.0,Friendly
458.20000000000005,B0200,N001VE,SEARCH,None,0.0,0.0,0.0,0.0,0.0,Enemy
458.40000000000003,A0100,AN/APG-68(V)9,SEARCH,B0200,188.11595025678682,0.0,0.0,0.0,0.0,Friendly
458.40000000000003,A0200,AN/APG-68(V)9,SEARCH,B0200,178.695214637162,0.0,0.0,0.0,0.0,Friendly
458.40000000000003,B0200,N001VE,SEARCH,None,0.0,0.0,0.0,0.0,0.0,Enemy
458.6,A0100,AN/APG-68(V)9,SEARCH,B0200,188.20015856311622,0.0,0.0,0.0,0.0,Friendly
458.6,A0200,AN/APG-68(V)9,SEARCH,B0200,178.77919441693984,0.0,0.0,0.0,0.0,Friendly
458.6,B0200,N001VE,SEARCH,None,0.0,0.0,0.0,0.0,0.0,Enemy
458.8,A0100,AN/APG-68(V)9,SEARCH,B0200,188.28424715972707,0.0,0.0,0.0,0.0,Friendly
458.8,A0200,AN/APG-68(V)9,SEARCH,B0200,178.86312582184357,0.0,0.0,0.0,0.0,Friendly
458.8,B0200,N001VE,SEARCH,None,0.0,0.0,0.0,0.0,0.0,Enemy
459.0,A0100,AN/APG-68(V)9,SEARCH,B0200,188.36806476757906,0.0,0.0,0.0,0.0,Friendly
459.0,A0200,AN/APG-68(V)9,SEARCH,B0200,178.94691815344171,0.0,0.0,0.0,0.0,Friendly
459.0,B0200,N001VE,SEARCH,None,0.0,0.0,0.0,0.0,0.0,Enemy
459.20000000000005,A0100,AN/APG-68(V)9,SEARCH,B0200,188.45161690476087,0.0,0.0,0.0,0.0,Friendly
459.20000000000005,A0200,AN/APG-68(V)9,SEARCH,B0200,179.0306471448224,0.0,0.0,0.0,0.0,Friendly
459.20000000000005,B0200,N001VE,SEARCH,None,0.0,0.0,0.0,0.0,0.0,Enemy
459.40000000000003,A0100,AN/APG-68(V)9,SEARCH,B0200,188.53500111156285,0.0,0.0,0.0,0.0,Friendly
459.40000000000003,A0200,AN/APG-68(V)9,SEARCH,B0200,179.11439932910974,0.0,0.0,0.0,0.0,Friendly
459.40000000000003,B0200,N001VE,SEARCH,None,0.0,0.0,0.0,0.0,0.0,Enemy
459.6,A0100,AN/APG-68(V)9,SEARCH,B0200,188.6182688893326,0.0,0.0,0.0,0.0,Friendly
459.6,A0200,AN/APG-68(V)9,SEARCH,B0200,179.19806585156743,0.0,0.0,0.0,0.0,Friendly
459.6,B0200,N001VE,SEARCH,None,0.0,0.0,0.0,0.0,0.0,Enemy
459.8,A0100,AN/APG-68(V)9,SEARCH,B0200,188.7015333530755,0.0,0.0,0.0,0.0,Friendly
459.8,A0200,AN/APG-68(V)9,SEARCH,B0200,179.28169773089618,0.0,0.0,0.0,0.0,Friendly
459.8,B0200,N001VE,SEARCH,None,0.0,0.0,0.0,0.0,0.0,Enemy
460.0,A0100,AN/APG-68(V)9,SEARCH,B0200,188.78480873864046,0.0,0.0,0.0,0.0,Friendly
460.0,A0200,AN/APG-68(V)9,SEARCH,B0200,179.36527160667066,0.0,0.0,0.0,0.0,Friendly
460.0,B0200,N001VE,SEARCH,None,0.0,0.0,0.0,0.0,0.0,Enemy
460.20000000000005,A0100,AN/APG-68(V)9,SEARCH,B0200,188.86818164974835,0.0,0.0,0.0,0.0,Friendly
460.20000000000005,A0200,AN/APG-68(V)9,SEARCH,B0200,179.4488412602474,0.0,0.0,0.0,0.0,Friendly
460.20000000000005,B0200,N001VE,SEARCH,None,0.0,0.0,0.0,0.0,0.0,Enemy
460.40000000000003,A0100,AN/APG-68(V)9,SEARCH,B0200,188.95166461976842,0.0,0.0,0.0,0.0,Friendly
460.40000000000003,A0200,AN/APG-68(V)9,SEARCH,B0200,179.5324084467238,0.0,0.0,0.0,0.0,Friendly
460.40000000000003,B0200,N001VE,SEARCH,None,0.0,0.0,0.0,0.0,0.0,Enemy
460.6,A0100,AN/APG-68(V)9,SEARCH,B0200,189.03518112984085,0.0,0.0,0.0,0.0,Friendly
460.6,A0200,AN/APG-68(V)9,SEARCH,B0200,179.61591916266082,0.0,0.0,0.0,0.0,Friendly
460.6,B0200,N001VE,SEARCH,None,0.0,0.0,0.0,0.0,0.0,Enemy
460.8,A0100,AN/APG-68(V)9,SEARCH,B0200,189.11869142137297,0.0,0.0,0.0,0.0,Friendly
460.8,A0200,AN/APG-68(V)9,SEARCH,B0200,179.69932289324638,0.0,0.0,0.0,0.0,Friendly
460.8,B0200,N001VE,SEARCH,None,0.0,0.0,0.0,0.0,0.0,Enemy
461.0,A0100,AN/APG-68(V)9,SEARCH,B0200,189.2022013476396,0.0,0.0,0.0,0.0,Friendly
461.0,A0200,AN/APG-68(V)9,SEARCH,B0200,179.7826845268651,0.0,0.0,0.0,0.0,Friendly
461.0,B0200,N001VE,SEARCH,None,0.0,0.0,0.0,0.0,0.0,Enemy
461.20000000000005,A0100,AN/APG-68(V)9,SEARCH,B0200,189.28570140422855,0.0,0.0,0.0,0.0,Friendly
461.20000000000005,A0200,AN/APG-68(V)9,SEARCH,B0200,179.86612747988684,0.0,0.0,0.0,0.0,Friendly
461.20000000000005,B0200,N001VE,SEARCH,None,0.0,0.0,0.0,0.0,0.0,Enemy
461.40000000000003,A0100,AN/APG-68(V)9,SEARCH,B0200,189.3691456463028,0.0,0.0,0.0,0.0,Friendly
461.40000000000003,A0200,AN/APG-68(V)9,SEARCH,B0200,179.94960590862135,0.0,0.0,0.0,0.0,Friendly
461.40000000000003,B0200,N001VE,SEARCH,None,0.0,0.0,0.0,0.0,0.0,Enemy
461.6,A0100,AN/APG-68(V)9,SEARCH,B0200,189.4525990837242,0.0,0.0,0.0,0.0,Friendly
461.6,A0200,AN/APG-68(V)9,SEARCH,B0200,180.03312176153983,0.0,0.0,0.0,0.0,Friendly
461.6,B0200,N001VE,SEARCH,None,0.0,0.0,0.0,0.0,0.0,Enemy
461.8,A0100,AN/APG-68(V)9,SEARCH,B0200,189.53612617157114,0.0,0.0,0.0,0.0,Friendly
461.8,A0200,AN/APG-68(V)9,SEARCH,B0200,180.11665436648542,0.0,0.0,0.0,0.0,Friendly
461.8,B0200,N001VE,SEARCH,None,0.0,0.0,0.0,0.0,0.0,Enemy
462.0,A0100,AN/APG-68(V)9,SEARCH,B0200,189.61976563290702,0.0,0.0,0.0,0.0,Friendly
462.0,A0200,AN/APG-68(V)9,SEARCH,B0200,180.200190350605,0.0,0.0,0.0,0.0,Friendly
462.0,B0200,N001VE,SEARCH,None,0.0,0.0,0.0,0.0,0.0,Enemy
462.20000000000005,A0100,AN/APG-68(V)9,SEARCH,B0200,189.70340052453,0.0,0.0,0.0,0.0,Friendly
462.20000000000005,A0200,AN/APG-68(V)9,SEARCH,B0200,180.2836430090397,0.0,0.0,0.0,0.0,Friendly
462.20000000000005,B0200,N001VE,SEARCH,None,0.0,0.0,0.0,0.0,0.0,Enemy
462.40000000000003,A0100,AN/APG-68(V)9,SEARCH,B0200,189.7870646554103,0.0,0.0,0.0,0.0,Friendly
462.40000000000003,A0200,AN/APG-68(V)9,SEARCH,B0200,180.36703976627174,0.0,0.0,0.0,0.0,Friendly
462.40000000000003,B0200,N001VE,SEARCH,None,0.0,0.0,0.0,0.0,0.0,Enemy
462.6,A0100,AN/APG-68(V)9,SEARCH,B0200,189.87071755515532,0.0,0.0,0.0,0.0,Friendly
462.6,A0200,AN/APG-68(V)9,SEARCH,B0200,180.45040230257865,0.0,0.0,0.0,0.0,Friendly
462.6,B0200,N001VE,SEARCH,None,0.0,0.0,0.0,0.0,0.0,Enemy
462.8,A0100,AN/APG-68(V)9,SEARCH,B0200,189.95436268401104,0.0,0.0,0.0,0.0,Friendly
462.8,A0200,AN/APG-68(V)9,SEARCH,B0200,180.53382441113462,0.0,0.0,0.0,0.0,Friendly
462.8,B0200,N001VE,SEARCH,None,0.0,0.0,0.0,0.0,0.0,Enemy
463.0,A0100,AN/APG-68(V)9,SEARCH,B0200,190.03805698062718,0.0,0.0,0.0,0.0,Friendly
463.0,A0200,AN/APG-68(V)9,SEARCH,B0200,180.61730164772078,0.0,0.0,0.0,0.0,Friendly
463.0,B0200,N001VE,SEARCH,None,0.0,0.0,0.0,0.0,0.0,Enemy
463.20000000000005,A0100,AN/APG-68(V)9,SEARCH,B0200,190.12178177926037,0.0,0.0,0.0,0.0,Friendly
463.20000000000005,A0200,AN/APG-68(V)9,SEARCH,B0200,180.700699828777,0.0,0.0,0.0,0.0,Friendly
463.20000000000005,B0200,N001VE,SEARCH,None,0.0,0.0,0.0,0.0,0.0,Enemy
463.40000000000003,A0100,AN/APG-68(V)9,SEARCH,B0200,190.20548228970847,0.0,0.0,0.0,0.0,Friendly
463.40000000000003,A0200,AN/APG-68(V)9,SEARCH,B0200,180.78408119630822,0.0,0.0,0.0,0.0,Friendly
463.40000000000003,B0200,N001VE,SEARCH,None,0.0,0.0,0.0,0.0,0.0,Enemy
463.6,A0100,AN/APG-68(V)9,SEARCH,B0200,190.28917889327752,0.0,0.0,0.0,0.0,Friendly
463.6,A0200,AN/APG-68(V)9,SEARCH,B0200,180.86757773623836,0.0,0.0,0.0,0.0,Friendly
463.6,B0200,N001VE,SEARCH,None,0.0,0.0,0.0,0.0,0.0,Enemy
463.8,A0100,AN/APG-68(V)9,SEARCH,B0200,190.37288381584918,0.0,0.0,0.0,0.0,Friendly
463.8,A0200,AN/APG-68(V)9,SEARCH,B0200,180.9511195047139,0.0,0.0,0.0,0.0,Friendly
463.8,B0200,N001VE,SEARCH,None,0.0,0.0,0.0,0.0,0.0,Enemy
464.0,A0100,AN/APG-68(V)9,SEARCH,B0200,190.45663594865016,0.0,0.0,0.0,0.0,Friendly
464.0,A0200,AN/APG-68(V)9,SEARCH,B0200,181.0346231674225,0.0,0.0,0.0,0.0,Friendly
464.0,B0200,N001VE,SEARCH,None,0.0,0.0,0.0,0.0,0.0,Enemy
464.20000000000005,A0100,AN/APG-68(V)9,SEARCH,B0200,190.5403717786714,0.0,0.0,0.0,0.0,Friendly
464.20000000000005,A0200,AN/APG-68(V)9,SEARCH,B0200,181.1180307729096,0.0,0.0,0.0,0.0,Friendly
464.20000000000005,B0200,N001VE,SEARCH,None,0.0,0.0,0.0,0.0,0.0,Enemy
464.40000000000003,A0100,AN/APG-68(V)9,SEARCH,B0200,190.62406837628313,0.0,0.0,0.0,0.0,Friendly
464.40000000000003,A0200,AN/APG-68(V)9,SEARCH,B0200,181.20138317006393,0.0,0.0,0.0,0.0,Friendly
464.40000000000003,B0200,N001VE,SEARCH,None,0.0,0.0,0.0,0.0,0.0,Enemy
464.6,A0100,AN/APG-68(V)9,SEARCH,B0200,190.70780518272528,0.0,0.0,0.0,0.0,Friendly
464.6,A0200,AN/APG-68(V)9,SEARCH,B0200,181.28473740072317,0.0,0.0,0.0,0.0,Friendly
464.6,B0200,N001VE,SEARCH,None,0.0,0.0,0.0,0.0,0.0,Enemy
464.8,A0100,AN/APG-68(V)9,SEARCH,B0200,190.79151056041852,0.0,0.0,0.0,0.0,Friendly
464.8,A0200,AN/APG-68(V)9,SEARCH,B0200,181.36804329867581,0.0,0.0,0.0,0.0,Friendly
464.8,B0200,N001VE,SEARCH,None,0.0,0.0,0.0,0.0,0.0,Enemy
465.0,A0100,AN/APG-68(V)9,SEARCH,B0200,190.87519795305545,0.0,0.0,0.0,0.0,Friendly
465.0,A0200,AN/APG-68(V)9,SEARCH,B0200,181.45141742910673,0.0,0.0,0.0,0.0,Friendly
465.0,B0200,N001VE,SEARCH,None,0.0,0.0,0.0,0.0,0.0,Enemy
465.20000000000005,A0100,AN/APG-68(V)9,SEARCH,B0200,190.95883319475112,0.0,0.0,0.0,0.0,Friendly
465.20000000000005,A0200,AN/APG-68(V)9,SEARCH,B0200,181.53486572883517,0.0,0.0,0.0,0.0,Friendly
465.20000000000005,B0200,N001VE,SEARCH,None,0.0,0.0,0.0,0.0,0.0,Enemy
465.40000000000003,A0100,AN/APG-68(V)9,SEARCH,B0200,191.04245008563757,0.0,0.0,0.0,0.0,Friendly
465.40000000000003,A0200,AN/APG-68(V)9,SEARCH,B0200,181.61824869720311,0.0,0.0,0.0,0.0,Friendly
465.40000000000003,B0200,N001VE,SEARCH,None,0.0,0.0,0.0,0.0,0.0,Enemy
465.6,A0100,AN/APG-68(V)9,SEARCH,B0200,191.12608554364033,0.0,0.0,0.0,0.0,Friendly
465.6,A0200,AN/APG-68(V)9,SEARCH,B0200,181.70161697802726,0.0,0.0,0.0,0.0,Friendly
465.6,B0200,N001VE,SEARCH,None,0.0,0.0,0.0,0.0,0.0,Enemy
465.8,A0100,AN/APG-68(V)9,SEARCH,B0200,191.20975793731532,0.0,0.0,0.0,0.0,Friendly
465.8,A0200,AN/APG-68(V)9,SEARCH,B0200,181.78502923978695,0.0,0.0,0.0,0.0,Friendly
465.8,B0200,N001VE,SEARCH,None,0.0,0.0,0.0,0.0,0.0,Enemy
466.0,A0100,AN/APG-68(V)9,SEARCH,B0200,191.29338052955237,0.0,0.0,0.0,0.0,Friendly
466.0,A0200,AN/APG-68(V)9,SEARCH,B0200,181.86847224551138,0.0,0.0,0.0,0.0,Friendly
466.0,B0200,N001VE,SEARCH,None,0.0,0.0,0.0,0.0,0.0,Enemy
466.20000000000005,A0100,AN/APG-68(V)9,SEARCH,B0200,191.37689862602122,0.0,0.0,0.0,0.0,Friendly
466.20000000000005,A0200,AN/APG-68(V)9,SEARCH,B0200,181.95198104570323,0.0,0.0,0.0,0.0,Friendly
466.20000000000005,B0200,N001VE,SEARCH,None,0.0,0.0,0.0,0.0,0.0,Enemy
466.40000000000003,A0100,AN/APG-68(V)9,SEARCH,B0200,191.46034073725673,0.0,0.0,0.0,0.0,Friendly
466.40000000000003,A0200,AN/APG-68(V)9,SEARCH,B0200,182.03545734863323,0.0,0.0,0.0,0.0,Friendly
466.40000000000003,B0200,N001VE,SEARCH,None,0.0,0.0,0.0,0.0,0.0,Enemy
466.6,A0100,AN/APG-68(V)9,SEARCH,B0200,191.543787861464,0.0,0.0,0.0,0.0,Friendly
466.6,A0200,AN/APG-68(V)9,SEARCH,B0200,182.11892526850903,0.0,0.0,0.0,0.0,Friendly
466.6,B0200,N001VE,SEARCH,None,0.0,0.0,0.0,0.0,0.0,Enemy
466.8,A0100,AN/APG-68(V)9,SEARCH,B0200,191.62726413753597,0.0,0.0,0.0,0.0,Friendly
466.8,A0200,AN/APG-68(V)9,SEARCH,B0200,182.20243397432094,0.0,0.0,0.0,0.0,Friendly
466.8,B0200,N001VE,SEARCH,None,0.0,0.0,0.0,0.0,0.0,Enemy
467.0,A0100,AN/APG-68(V)9,SEARCH,B0200,191.71079663984784,0.0,0.0,0.0,0.0,Friendly
467.0,A0200,AN/APG-68(V)9,SEARCH,B0200,182.2860807179134,0.0,0.0,0.0,0.0,Friendly
467.0,B0200,N001VE,SEARCH,None,0.0,0.0,0.0,0.0,0.0,Enemy
467.20000000000005,A0100,AN/APG-68(V)9,SEARCH,B0200,191.79430320087806,0.0,0.0,0.0,0.0,Friendly
467.20000000000005,A0200,AN/APG-68(V)9,SEARCH,B0200,182.3697555942222,0.0,0.0,0.0,0.0,Friendly
467.20000000000005,B0200,N001VE,SEARCH,None,0.0,0.0,0.0,0.0,0.0,Enemy
467.40000000000003,A0100,AN/APG-68(V)9,SEARCH,B0200,191.87776183819076,0.0,0.0,0.0,0.0,Friendly
467.40000000000003,A0200,AN/APG-68(V)9,SEARCH,B0200,182.45329450458087,0.0,0.0,0.0,0.0,Friendly
467.40000000000003,B0200,N001VE,SEARCH,None,0.0,0.0,0.0,0.0,0.0,Enemy
467.6,A0100,AN/APG-68(V)9,SEARCH,B0200,191.96123415799389,0.0,0.0,0.0,0.0,Friendly
467.6,A0200,AN/APG-68(V)9,SEARCH,B0200,182.53680100377153,0.0,0.0,0.0,0.0,Friendly
467.6,B0200,N001VE,SEARCH,None,0.0,0.0,0.0,0.0,0.0,Enemy
467.8,A0100,AN/APG-68(V)9,SEARCH,B0200,192.0447704087144,0.0,0.0,0.0,0.0,Friendly
467.8,A0200,AN/APG-68(V)9,SEARCH,B0200,182.62037225831358,0.0,0.0,0.0,0.0,Friendly
467.8,B0200,N001VE,SEARCH,None,0.0,0.0,0.0,0.0,0.0,Enemy
468.0,A0100,AN/APG-68(V)9,SEARCH,B0200,192.12826352733492,0.0,0.0,0.0,0.0,Friendly
468.0,A0200,AN/APG-68(V)9,SEARCH,B0200,182.70404676804594,0.0,0.0,0.0,0.0,Friendly
468.0,B0200,N001VE,SEARCH,None,0.0,0.0,0.0,0.0,0.0,Enemy
468.20000000000005,A0100,AN/APG-68(V)9,SEARCH,B0200,192.21175558095885,0.0,0.0,0.0,0.0,Friendly
468.20000000000005,A0200,AN/APG-68(V)9,SEARCH,B0200,182.7877355088485,0.0,0.0,0.0,0.0,Friendly
468.20000000000005,B0200,N001VE,SEARCH,None,0.0,0.0,0.0,0.0,0.0,Enemy
468.40000000000003,A0100,AN/APG-68(V)9,SEARCH,B0200,192.29529851773324,0.0,0.0,0.0,0.0,Friendly
468.40000000000003,A0200,AN/APG-68(V)9,SEARCH,B0200,182.87134969963648,0.0,0.0,0.0,0.0,Friendly
468.40000000000003,B0200,N001VE,SEARCH,None,0.0,0.0,0.0,0.0,0.0,Enemy
468.6,A0100,AN/APG-68(V)9,SEARCH,B0200,192.37892891354437,0.0,0.0,0.0,0.0,Friendly
468.6,A0200,AN/APG-68(V)9,SEARCH,B0200,182.9549440395567,0.0,0.0,0.0,0.0,Friendly
468.6,B0200,N001VE,SEARCH,None,0.0,0.0,0.0,0.0,0.0,Enemy
468.8,A0100,AN/APG-68(V)9,SEARCH,B0200,192.46256294611229,0.0,0.0,0.0,0.0,Friendly
468.8,A0200,AN/APG-68(V)9,SEARCH,B0200,183.03849776834306,0.0,0.0,0.0,0.0,Friendly
468.8,B0200,N001VE,SEARCH,None,0.0,0.0,0.0,0.0,0.0,Enemy
469.0,A0100,AN/APG-68(V)9,SEARCH,B0200,192.5462120703345,0.0,0.0,0.0,0.0,Friendly
469.0,A0200,AN/APG-68(V)9,SEARCH,B0200,183.12193827842276,0.0,0.0,0.0,0.0,Friendly
469.0,B0200,N001VE,SEARCH,None,0.0,0.0,0.0,0.0,0.0,Enemy
469.20000000000005,A0100,AN/APG-68(V)9,SEARCH,B0200,192.62993271067327,0.0,0.0,0.0,0.0,Friendly
469.20000000000005,A0200,AN/APG-68(V)9,SEARCH,B0200,183.2053428818625,0.0,0.0,0.0,0.0,Friendly
469.20000000000005,B0200,N001VE,SEARCH,None,0.0,0.0,0.0,0.0,0.0,Enemy
469.40000000000003,A0100,AN/APG-68(V)9,SEARCH,B0200,192.713684116797,0.0,0.0,0.0,0.0,Friendly
469.40000000000003,A0200,AN/APG-68(V)9,SEARCH,B0200,183.28880526296624,0.0,0.0,0.0,0.0,Friendly
469.40000000000003,B0200,N001VE,SEARCH,None,0.0,0.0,0.0,0.0,0.0,Enemy
469.6,A0100,AN/APG-68(V)9,SEARCH,B0200,192.79733132550228,0.0,0.0,0.0,0.0,Friendly
469.6,A0200,AN/APG-68(V)9,SEARCH,B0200,183.37228281120113,0.0,0.0,0.0,0.0,Friendly
469.6,B0200,N001VE,SEARCH,None,0.0,0.0,0.0,0.0,0.0,Enemy
469.8,A0100,AN/APG-68(V)9,SEARCH,B0200,192.88089898599458,0.0,0.0,0.0,0.0,Friendly
469.8,A0200,AN/APG-68(V)9,SEARCH,B0200,183.455631074183,0.0,0.0,0.0,0.0,Friendly
469.8,B0200,N001VE,SEARCH,None,0.0,0.0,0.0,0.0,0.0,Enemy
470.0,A0100,AN/APG-68(V)9,SEARCH,B0200,192.9644435402826,0.0,0.0,0.0,0.0,Friendly
470.0,A0200,AN/APG-68(V)9,SEARCH,B0200,183.53886574125866,0.0,0.0,0.0,0.0,Friendly
470.0,B0200,N001VE,SEARCH,None,0.0,0.0,0.0,0.0,0.0,Enemy
470.20000000000005,A0100,AN/APG-68(V)9,SEARCH,B0200,193.04798265258762,0.0,0.0,0.0,0.0,Friendly
470.20000000000005,A0200,AN/APG-68(V)9,SEARCH,B0200,183.62212565761678,0.0,0.0,0.0,0.0,Friendly
470.20000000000005,B0200,N001VE,SEARCH,None,0.0,0.0,0.0,0.0,0.0,Enemy
470.40000000000003,A0100,AN/APG-68(V)9,SEARCH,B0200,193.13153750939674,0.0,0.0,0.0,0.0,Friendly
470.40000000000003,A0200,AN/APG-68(V)9,SEARCH,B0200,183.7054830747783,0.0,0.0,0.0,0.0,Friendly
470.40000000000003,B0200,N001VE,SEARCH,None,0.0,0.0,0.0,0.0,0.0,Enemy
470.6,A0100,AN/APG-68(V)9,SEARCH,B0200,193.21508744782227,0.0,0.0,0.0,0.0,Friendly
470.6,A0200,AN/APG-68(V)9,SEARCH,B0200,183.78888279588313,0.0,0.0,0.0,0.0,Friendly
470.6,B0200,N001VE,SEARCH,None,0.0,0.0,0.0,0.0,0.0,Enemy
470.8,A0100,AN/APG-68(V)9,SEARCH,B0200,193.29855097975445,0.0,0.0,0.0,0.0,Friendly
470.8,A0200,AN/APG-68(V)9,SEARCH,B0200,183.87216372478113,0.0,0.0,0.0,0.0,Friendly
470.8,B0200,N001VE,SEARCH,None,0.0,0.0,0.0,0.0,0.0,Enemy
471.0,A0100,AN/APG-68(V)9,SEARCH,B0200,193.38203524739882,0.0,0.0,0.0,0.0,Friendly
471.0,A0200,AN/APG-68(V)9,SEARCH,B0200,183.95527000290252,0.0,0.0,0.0,0.0,Friendly
471.0,B0200,N001VE,SEARCH,None,0.0,0.0,0.0,0.0,0.0,Enemy
471.20000000000005,A0100,AN/APG-68(V)9,SEARCH,B0200,193.46557739211735,0.0,0.0,0.0,0.0,Friendly
471.20000000000005,A0200,AN/APG-68(V)9,SEARCH,B0200,184.03827360696317,0.0,0.0,0.0,0.0,Friendly
471.20000000000005,B0200,N001VE,SEARCH,None,0.0,0.0,0.0,0.0,0.0,Enemy
471.40000000000003,A0100,AN/APG-68(V)9,SEARCH,B0200,193.54908615702584,0.0,0.0,0.0,0.0,Friendly
471.40000000000003,A0200,AN/APG-68(V)9,SEARCH,B0200,184.12127481349194,0.0,0.0,0.0,0.0,Friendly
471.40000000000003,B0200,N001VE,SEARCH,None,0.0,0.0,0.0,0.0,0.0,Enemy
471.6,A0100,AN/APG-68(V)9,SEARCH,B0200,193.63263591465213,0.0,0.0,0.0,0.0,Friendly
471.6,A0200,AN/APG-68(V)9,SEARCH,B0200,184.20434158587693,0.0,0.0,0.0,0.0,Friendly
471.6,B0200,N001VE,SEARCH,None,0.0,0.0,0.0,0.0,0.0,Enemy
471.8,A0100,AN/APG-68(V)9,SEARCH,B0200,193.7162176563266,0.0,0.0,0.0,0.0,Friendly
471.8,A0200,AN/APG-68(V)9,SEARCH,B0200,184.28741437108624,0.0,0.0,0.0,0.0,Friendly
471.8,B0200,N001VE,SEARCH,None,0.0,0.0,0.0,0.0,0.0,Enemy
472.0,A0100,AN/APG-68(V)9,SEARCH,B0200,193.79979369712586,0.0,0.0,0.0,0.0,Friendly
472.0,A0200,AN/APG-68(V)9,SEARCH,B0200,184.37048720202213,0.0,0.0,0.0,0.0,Friendly
472.0,B0200,N001VE,SEARCH,None,0.0,0.0,0.0,0.0,0.0,Enemy
472.20000000000005,A0100,AN/APG-68(V)9,SEARCH,B0200,193.88340445217693,0.0,0.0,0.0,0.0,Friendly
472.20000000000005,A0200,AN/APG-68(V)9,SEARCH,B0200,184.4535104780345,0.0,0.0,0.0,0.0,Friendly
472.20000000000005,B0200,N001VE,SEARCH,None,0.0,0.0,0.0,0.0,0.0,Enemy
472.40000000000003,A0100,AN/APG-68(V)9,SEARCH,B0200,193.9669783007005,0.0,0.0,0.0,0.0,Friendly
472.40000000000003,A0200,AN/APG-68(V)9,SEARCH,B0200,184.5365285687439,0.0,0.0,0.0,0.0,Friendly
472.40000000000003,B0200,N001VE,SEARCH,None,0.0,0.0,0.0,0.0,0.0,Enemy
472.6,A0100,AN/APG-68(V)9,SEARCH,B0200,194.0505774393188,0.0,0.0,0.0,0.0,Friendly
472.6,A0200,AN/APG-68(V)9,SEARCH,B0200,184.6195938654275,0.0,0.0,0.0,0.0,Friendly
472.6,B0200,N001VE,SEARCH,None,0.0,0.0,0.0,0.0,0.0,Enemy
472.8,A0100,AN/APG-68(V)9,SEARCH,B0200,194.13425737746732,0.0,0.0,0.0,0.0,Friendly
472.8,A0200,AN/APG-68(V)9,SEARCH,B0200,184.7026857586865,0.0,0.0,0.0,0.0,Friendly
472.8,B0200,N001VE,SEARCH,None,0.0,0.0,0.0,0.0,0.0,Enemy
473.0,A0100,AN/APG-68(V)9,SEARCH,B0200,194.2179349668002,0.0,0.0,0.0,0.0,Friendly
473.0,A0200,AN/APG-68(V)9,SEARCH,B0200,184.7857070549414,0.0,0.0,0.0,0.0,Friendly
473.0,B0200,N001VE,SEARCH,None,0.0,0.0,0.0,0.0,0.0,Enemy
473.20000000000005,A0100,AN/APG-68(V)9,SEARCH,B0200,194.30157270232976,0.0,0.0,0.0,0.0,Friendly
473.20000000000005,A0200,AN/APG-68(V)9,SEARCH,B0200,184.86863980337696,0.0,0.0,0.0,0.0,Friendly
473.20000000000005,B0200,N001VE,SEARCH,None,0.0,0.0,0.0,0.0,0.0,Enemy
473.40000000000003,A0100,AN/APG-68(V)9,SEARCH,B0200,194.3852093023182,0.0,0.0,0.0,0.0,Friendly
473.40000000000003,A0200,AN/APG-68(V)9,SEARCH,B0200,184.95144817738185,0.0,0.0,0.0,0.0,Friendly
473.40000000000003,B0200,N001VE,SEARCH,None,0.0,0.0,0.0,0.0,0.0,Enemy
473.6,A0100,AN/APG-68(V)9,SEARCH,B0200,194.46890474468523,0.0,0.0,0.0,0.0,Friendly
473.6,A0200,AN/APG-68(V)9,SEARCH,B0200,185.03422305127557,0.0,0.0,0.0,0.0,Friendly
473.6,B0200,N001VE,SEARCH,None,0.0,0.0,0.0,0.0,0.0,Enemy
473.8,A0100,AN/APG-68(V)9,SEARCH,B0200,194.55262946753564,0.0,0.0,0.0,0.0,Friendly
473.8,A0200,AN/APG-68(V)9,SEARCH,B0200,185.1170309725858,0.0,0.0,0.0,0.0,Friendly
473.8,B0200,N001VE,SEARCH,None,0.0,0.0,0.0,0.0,0.0,Enemy
474.0,A0100,AN/APG-68(V)9,SEARCH,B0200,194.63627188771326,0.0,0.0,0.0,0.0,Friendly
474.0,A0200,AN/APG-68(V)9,SEARCH,B0200,185.1998611171575,0.0,0.0,0.0,0.0,Friendly
474.0,B0200,N001VE,SEARCH,None,0.0,0.0,0.0,0.0,0.0,Enemy
474.20000000000005,A0100,AN/APG-68(V)9,SEARCH,B0200,194.71986666853627,0.0,0.0,0.0,0.0,Friendly
474.20000000000005,A0200,AN/APG-68(V)9,SEARCH,B0200,185.28274461535077,0.0,0.0,0.0,0.0,Friendly
474.20000000000005,B0200,N001VE,SEARCH,None,0.0,0.0,0.0,0.0,0.0,Enemy
474.40000000000003,A0100,AN/APG-68(V)9,SEARCH,B0200,194.8035028755474,0.0,0.0,0.0,0.0,Friendly
474.40000000000003,A0200,AN/APG-68(V)9,SEARCH,B0200,185.3656131247378,0.0,0.0,0.0,0.0,Friendly
474.40000000000003,B0200,N001VE,SEARCH,None,0.0,0.0,0.0,0.0,0.0,Enemy
474.6,A0100,AN/APG-68(V)9,SEARCH,B0200,194.8871579588514,0.0,0.0,0.0,0.0,Friendly
474.6,A0200,AN/APG-68(V)9,SEARCH,B0200,185.4484310667226,0.0,0.0,0.0,0.0,Friendly
474.6,B0200,N001VE,SEARCH,None,0.0,0.0,0.0,0.0,0.0,Enemy
474.8,A0100,AN/APG-68(V)9,SEARCH,B0200,194.970855668036,0.0,0.0,0.0,0.0,Friendly
474.8,A0200,AN/APG-68(V)9,SEARCH,B0200,185.5312393376416,0.0,0.0,0.0,0.0,Friendly
474.8,B0200,N001VE,SEARCH,None,0.0,0.0,0.0,0.0,0.0,Enemy
475.0,A0100,AN/APG-68(V)9,SEARCH,B0200,195.05452497711124,0.0,0.0,0.0,0.0,Friendly
475.0,A0200,AN/APG-68(V)9,SEARCH,B0200,185.61410031283455,0.0,0.0,0.0,0.0,Friendly
475.0,B0200,N001VE,SEARCH,None,0.0,0.0,0.0,0.0,0.0,Enemy
475.20000000000005,A0100,AN/APG-68(V)9,SEARCH,B0200,195.13813425383287,0.0,0.0,0.0,0.0,Friendly
475.20000000000005,A0200,AN/APG-68(V)9,SEARCH,B0200,185.696957651308,0.0,0.0,0.0,0.0,Friendly
475.20000000000005,B0200,N001VE,SEARCH,None,0.0,0.0,0.0,0.0,0.0,Enemy
475.40000000000003,A0100,AN/APG-68(V)9,SEARCH,B0200,195.22172302343907,0.0,0.0,0.0,0.0,Friendly
475.40000000000003,A0200,AN/APG-68(V)9,SEARCH,B0200,185.77968241199665,0.0,0.0,0.0,0.0,Friendly
475.40000000000003,B0200,N001VE,SEARCH,None,0.0,0.0,0.0,0.0,0.0,Enemy
475.6,A0100,AN/APG-68(V)9,SEARCH,B0200,195.30536056077318,0.0,0.0,0.0,0.0,Friendly
475.6,A0200,AN/APG-68(V)9,SEARCH,B0200,185.86230307427857,0.0,0.0,0.0,0.0,Friendly
475.6,B0200,N001VE,SEARCH,None,0.0,0.0,0.0,0.0,0.0,Enemy
475.8,A0100,AN/APG-68(V)9,SEARCH,B0200,195.3890423213465,0.0,0.0,0.0,0.0,Friendly
475.8,A0200,AN/APG-68(V)9,SEARCH,B0200,185.94483879291911,0.0,0.0,0.0,0.0,Friendly
475.8,B0200,N001VE,SEARCH,None,0.0,0.0,0.0,0.0,0.0,Enemy
476.0,A0100,AN/APG-68(V)9,SEARCH,B0200,195.47266548446748,0.0,0.0,0.0,0.0,Friendly
476.0,A0200,AN/APG-68(V)9,SEARCH,B0200,186.0273355113443,0.0,0.0,0.0,0.0,Friendly
476.0,B0200,N001VE,SEARCH,None,0.0,0.0,0.0,0.0,0.0,Enemy
476.20000000000005,A0100,AN/APG-68(V)9,SEARCH,B0200,195.55633473706277,0.0,0.0,0.0,0.0,Friendly
476.20000000000005,A0200,AN/APG-68(V)9,SEARCH,B0200,186.1098990005572,0.0,0.0,0.0,0.0,Friendly
476.20000000000005,B0200,N001VE,SEARCH,None,0.0,0.0,0.0,0.0,0.0,Enemy
476.40000000000003,A0100,AN/APG-68(V)9,SEARCH,B0200,195.64011819560946,0.0,0.0,0.0,0.0,Friendly
476.40000000000003,A0200,AN/APG-68(V)9,SEARCH,B0200,186.1924607504869,0.0,0.0,0.0,0.0,Friendly
476.40000000000003,B0200,N001VE,SEARCH,None,0.0,0.0,0.0,0.0,0.0,Enemy
476.6,A0100,AN/APG-68(V)9,SEARCH,B0200,195.72390523806354,0.0,0.0,0.0,0.0,Friendly
476.6,A0200,AN/APG-68(V)9,SEARCH,B0200,186.27493201643213,0.0,0.0,0.0,0.0,Friendly
476.6,B0200,N001VE,SEARCH,None,0.0,0.0,0.0,0.0,0.0,Enemy
476.8,A0100,AN/APG-68(V)9,SEARCH,B0200,195.80761426015135,0.0,0.0,0.0,0.0,Friendly
476.8,A0200,AN/APG-68(V)9,SEARCH,B0200,186.35738124911757,0.0,0.0,0.0,0.0,Friendly
476.8,B0200,N001VE,SEARCH,None,0.0,0.0,0.0,0.0,0.0,Enemy
477.0,A0100,AN/APG-68(V)9,SEARCH,B0200,195.89120446786202,0.0,0.0,0.0,0.0,Friendly
477.0,A0200,AN/APG-68(V)9,SEARCH,B0200,186.43990625265238,0.0,0.0,0.0,0.0,Friendly
477.0,B0200,N001VE,SEARCH,None,0.0,0.0,0.0,0.0,0.0,Enemy
477.20000000000005,A0100,AN/APG-68(V)9,SEARCH,B0200,195.97472998438627,0.0,0.0,0.0,0.0,Friendly
477.20000000000005,A0200,AN/APG-68(V)9,SEARCH,B0200,186.5224248464922,0.0,0.0,0.0,0.0,Friendly
477.20000000000005,B0200,N001VE,SEARCH,None,0.0,0.0,0.0,0.0,0.0,Enemy
477.40000000000003,A0100,AN/APG-68(V)9,SEARCH,B0200,196.0582343247112,0.0,0.0,0.0,0.0,Friendly
477.40000000000003,A0200,AN/APG-68(V)9,SEARCH,B0200,186.60480029947053,0.0,0.0,0.0,0.0,Friendly
477.40000000000003,B0200,N001VE,SEARCH,None,0.0,0.0,0.0,0.0,0.0,Enemy
477.6,A0100,AN/APG-68(V)9,SEARCH,B0200,196.14176628268405,0.0,0.0,0.0,0.0,Friendly
477.6,A0200,AN/APG-68(V)9,SEARCH,B0200,186.687065406012,0.0,0.0,0.0,0.0,Friendly
477.6,B0200,N001VE,SEARCH,None,0.0,0.0,0.0,0.0,0.0,Enemy
477.8,A0100,AN/APG-68(V)9,SEARCH,B0200,196.22531264946687,0.0,0.0,0.0,0.0,Friendly
477.8,A0200,AN/APG-68(V)9,SEARCH,B0200,186.76932079482282,0.0,0.0,0.0,0.0,Friendly
477.8,B0200,N001VE,SEARCH,None,0.0,0.0,0.0,0.0,0.0,Enemy
478.0,A0100,AN/APG-68(V)9,SEARCH,B0200,196.30878803746407,0.0,0.0,0.0,0.0,Friendly
478.0,A0200,AN/APG-68(V)9,SEARCH,B0200,186.85163864085507,0.0,0.0,0.0,0.0,Friendly
478.0,B0200,N001VE,SEARCH,None,0.0,0.0,0.0,0.0,0.0,Enemy
478.20000000000005,A0100,AN/APG-68(V)9,SEARCH,B0200,196.39230905962182,0.0,0.0,0.0,0.0,Friendly
478.20000000000005,A0200,AN/APG-68(V)9,SEARCH,B0200,186.9340664171795,0.0,0.0,0.0,0.0,Friendly
478.20000000000005,B0200,N001VE,SEARCH,None,0.0,0.0,0.0,0.0,0.0,Enemy
478.40000000000003,A0100,AN/APG-68(V)9,SEARCH,B0200,196.47593670541409,0.0,0.0,0.0,0.0,Friendly
478.40000000000003,A0200,AN/APG-68(V)9,SEARCH,B0200,187.01648827996885,0.0,0.0,0.0,0.0,Friendly
478.40000000000003,B0200,N001VE,SEARCH,None,0.0,0.0,0.0,0.0,0.0,Enemy
478.6,A0100,AN/APG-68(V)9,SEARCH,B0200,196.5595284643102,0.0,0.0,0.0,0.0,Friendly
478.6,A0200,AN/APG-68(V)9,SEARCH,B0200,187.09883148137692,0.0,0.0,0.0,0.0,Friendly
478.6,B0200,N001VE,SEARCH,None,0.0,0.0,0.0,0.0,0.0,Enemy
478.8,A0100,AN/APG-68(V)9,SEARCH,B0200,196.6430027358703,0.0,0.0,0.0,0.0,Friendly
478.8,A0200,AN/APG-68(V)9,SEARCH,B0200,187.18118582422443,0.0,0.0,0.0,0.0,Friendly
478.8,B0200,N001VE,SEARCH,None,0.0,0.0,0.0,0.0,0.0,Enemy
479.0,A0100,AN/APG-68(V)9,SEARCH,B0200,196.7263026465785,0.0,0.0,0.0,0.0,Friendly
479.0,A0200,AN/APG-68(V)9,SEARCH,B0200,187.26346882300706,0.0,0.0,0.0,0.0,Friendly
479.0,B0200,N001VE,SEARCH,None,0.0,0.0,0.0,0.0,0.0,Enemy
479.20000000000005,A0100,AN/APG-68(V)9,SEARCH,B0200,196.80949760109695,0.0,0.0,0.0,0.0,Friendly
479.20000000000005,A0200,AN/APG-68(V)9,SEARCH,B0200,187.34561804811923,0.0,0.0,0.0,0.0,Friendly
479.20000000000005,B0200,N001VE,SEARCH,None,0.0,0.0,0.0,0.0,0.0,Enemy
479.40000000000003,A0100,AN/APG-68(V)9,SEARCH,B0200,196.8925802423294,0.0,0.0,0.0,0.0,Friendly
479.40000000000003,A0200,AN/APG-68(V)9,SEARCH,B0200,187.4276183745525,0.0,0.0,0.0,0.0,Friendly
479.40000000000003,B0200,N001VE,SEARCH,None,0.0,0.0,0.0,0.0,0.0,Enemy
479.6,A0100,AN/APG-68(V)9,SEARCH,B0200,196.97571081243038,0.0,0.0,0.0,0.0,Friendly
479.6,A0200,AN/APG-68(V)9,SEARCH,B0200,187.50956965793287,0.0,0.0,0.0,0.0,Friendly
479.6,B0200,N001VE,SEARCH,None,0.0,0.0,0.0,0.0,0.0,Enemy
479.8,A0100,AN/APG-68(V)9,SEARCH,B0200,197.0588527171293,0.0,0.0,0.0,0.0,Friendly
479.8,A0200,AN/APG-68(V)9,SEARCH,B0200,187.59152885903845,0.0,0.0,0.0,0.0,Friendly
479.8,B0200,N001VE,SEARCH,None,0.0,0.0,0.0,0.0,0.0,Enemy
480.0,A0100,AN/APG-68(V)9,SEARCH,B0200,197.14191135134237,0.0,0.0,0.0,0.0,Friendly
480.0,A0200,AN/APG-68(V)9,SEARCH,B0200,187.67345892616962,0.0,0.0,0.0,0.0,Friendly
480.0,B0200,N001VE,SEARCH,None,0.0,0.0,0.0,0.0,0.0,Enemy
480.20000000000005,A0100,AN/APG-68(V)9,SEARCH,B0200,197.22489434570917,0.0,0.0,0.0,0.0,Friendly
480.20000000000005,A0200,AN/APG-68(V)9,SEARCH,B0200,187.75529365247735,0.0,0.0,0.0,0.0,Friendly
480.20000000000005,B0200,N001VE,SEARCH,None,0.0,0.0,0.0,0.0,0.0,Enemy
480.40000000000003,A0100,AN/APG-68(V)9,SEARCH,B0200,197.30778883134766,0.0,0.0,0.0,0.0,Friendly
480.40000000000003,A0200,AN/APG-68(V)9,SEARCH,B0200,187.83698644041323,0.0,0.0,0.0,0.0,Friendly
480.40000000000003,B0200,N001VE,SEARCH,None,0.0,0.0,0.0,0.0,0.0,Enemy
480.6,A0100,AN/APG-68(V)9,SEARCH,B0200,197.390398571796,0.0,0.0,0.0,0.0,Friendly
480.6,A0200,AN/APG-68(V)9,SEARCH,B0200,187.91836883195776,0.0,0.0,0.0,0.0,Friendly
480.6,B0200,N001VE,SEARCH,None,0.0,0.0,0.0,0.0,0.0,Enemy
480.8,A0100,AN/APG-68(V)9,SEARCH,B0200,197.47287237102057,0.0,0.0,0.0,0.0,Friendly
480.8,A0200,AN/APG-68(V)9,SEARCH,B0200,187.99962142337068,0.0,0.0,0.0,0.0,Friendly
480.8,B0200,N001VE,SEARCH,None,0.0,0.0,0.0,0.0,0.0,Enemy
481.0,A0100,AN/APG-68(V)9,SEARCH,B0200,197.55535427259844,0.0,0.0,0.0,0.0,Friendly
481.0,A0200,AN/APG-68(V)9,SEARCH,B0200,188.08093318343157,0.0,0.0,0.0,0.0,Friendly
481.0,B0200,N001VE,SEARCH,None,0.0,0.0,0.0,0.0,0.0,Enemy
481.20000000000005,A0100,AN/APG-68(V)9,SEARCH,B0200,197.6378039385422,0.0,0.0,0.0,0.0,Friendly
481.20000000000005,A0200,AN/APG-68(V)9,SEARCH,B0200,188.1623263538453,0.0,0.0,0.0,0.0,Friendly
481.20000000000005,B0200,N001VE,SEARCH,None,0.0,0.0,0.0,0.0,0.0,Enemy
481.40000000000003,A0100,AN/APG-68(V)9,SEARCH,B0200,197.72026185396277,0.0,0.0,0.0,0.0,Friendly
481.40000000000003,A0200,AN/APG-68(V)9,SEARCH,B0200,188.24386639608036,0.0,0.0,0.0,0.0,Friendly
481.40000000000003,B0200,N001VE,SEARCH,None,0.0,0.0,0.0,0.0,0.0,Enemy
481.6,A0100,AN/APG-68(V)9,SEARCH,B0200,197.80298881027892,0.0,0.0,0.0,0.0,Friendly
481.6,A0200,AN/APG-68(V)9,SEARCH,B0200,188.32565624109765,0.0,0.0,0.0,0.0,Friendly
481.6,B0200,N001VE,SEARCH,None,0.0,0.0,0.0,0.0,0.0,Enemy
481.8,A0100,AN/APG-68(V)9,SEARCH,B0200,197.88612112370467,0.0,0.0,0.0,0.0,Friendly
481.8,A0200,AN/APG-68(V)9,SEARCH,B0200,188.4077980973969,0.0,0.0,0.0,0.0,Friendly
481.8,B0200,N001VE,SEARCH,None,0.0,0.0,0.0,0.0,0.0,Enemy
482.0,A0100,AN/APG-68(V)9,SEARCH,B0200,197.96960822166557,0.0,0.0,0.0,0.0,Friendly
482.0,A0200,AN/APG-68(V)9,SEARCH,B0200,188.49030505233932,0.0,0.0,0.0,0.0,Friendly
482.0,B0200,N001VE,SEARCH,None,0.0,0.0,0.0,0.0,0.0,Enemy
482.20000000000005,A0100,AN/APG-68(V)9,SEARCH,B0200,198.0532399650513,0.0,0.0,0.0,0.0,Friendly
482.20000000000005,A0200,AN/APG-68(V)9,SEARCH,B0200,188.573080711769,0.0,0.0,0.0,0.0,Friendly
482.20000000000005,B0200,N001VE,SEARCH,None,0.0,0.0,0.0,0.0,0.0,Enemy
482.40000000000003,A0100,AN/APG-68(V)9,SEARCH,B0200,198.13696139135408,0.0,0.0,0.0,0.0,Friendly
482.40000000000003,A0200,AN/APG-68(V)9,SEARCH,B0200,188.65600670048684,0.0,0.0,0.0,0.0,Friendly
482.40000000000003,B0200,N001VE,SEARCH,None,0.0,0.0,0.0,0.0,0.0,Enemy
482.6,A0100,AN/APG-68(V)9,SEARCH,B0200,198.22093397137505,0.0,0.0,0.0,0.0,Friendly
482.6,A0200,AN/APG-68(V)9,SEARCH,B0200,188.73903498169432,0.0,0.0,0.0,0.0,Friendly
482.6,B0200,N001VE,SEARCH,None,0.0,0.0,0.0,0.0,0.0,Enemy
482.8,A0100,AN/APG-68(V)9,SEARCH,B0200,198.30503865926545,0.0,0.0,0.0,0.0,Friendly
482.8,A0200,AN/APG-68(V)9,SEARCH,B0200,188.82205982253566,0.0,0.0,0.0,0.0,Friendly
482.8,B0200,N001VE,SEARCH,None,0.0,0.0,0.0,0.0,0.0,Enemy
483.0,A0100,AN/APG-68(V)9,SEARCH,B0200,198.38911243414478,0.0,0.0,0.0,0.0,Friendly
483.0,A0200,AN/APG-68(V)9,SEARCH,B0200,188.9050484508111,0.0,0.0,0.0,0.0,Friendly
483.0,B0200,N001VE,SEARCH,None,0.0,0.0,0.0,0.0,0.0,Enemy
483.20000000000005,A0100,AN/APG-68(V)9,SEARCH,B0200,198.47316706732104,0.0,0.0,0.0,0.0,Friendly
483.20000000000005,A0200,AN/APG-68(V)9,SEARCH,B0200,188.98799415082064,0.0,0.0,0.0,0.0,Friendly
483.20000000000005,B0200,N001VE,SEARCH,None,0.0,0.0,0.0,0.0,0.0,Enemy
483.40000000000003,A0100,AN/APG-68(V)9,SEARCH,B0200,198.55716571985542,0.0,0.0,0.0,0.0,Friendly
483.40000000000003,A0200,AN/APG-68(V)9,SEARCH,B0200,189.07084498690574,0.0,0.0,0.0,0.0,Friendly
483.40000000000003,B0200,N001VE,SEARCH,None,0.0,0.0,0.0,0.0,0.0,Enemy
483.6,A0100,AN/APG-68(V)9,SEARCH,B0200,198.6408623454505,0.0,0.0,0.0,0.0,Friendly
483.6,A0200,AN/APG-68(V)9,SEARCH,B0200,189.15345074120907,0.0,0.0,0.0,0.0,Friendly
483.6,B0200,N001VE,SEARCH,None,0.0,0.0,0.0,0.0,0.0,Enemy
483.8,A0100,AN/APG-68(V)9,SEARCH,B0200,198.72439208713868,0.0,0.0,0.0,0.0,Friendly
483.8,A0200,AN/APG-68(V)9,SEARCH,B0200,189.23590552090778,0.0,0.0,0.0,0.0,Friendly
483.8,B0200,N001VE,SEARCH,None,0.0,0.0,0.0,0.0,0.0,Enemy
484.0,A0100,AN/APG-68(V)9,SEARCH,B0200,198.80802352817807,0.0,0.0,0.0,0.0,Friendly
484.0,A0200,AN/APG-68(V)9,SEARCH,B0200,189.31841177320777,0.0,0.0,0.0,0.0,Friendly
484.0,B0200,N001VE,SEARCH,None,0.0,0.0,0.0,0.0,0.0,Enemy
484.20000000000005,A0100,AN/APG-68(V)9,SEARCH,B0200,198.8917731135299,0.0,0.0,0.0,0.0,Friendly
484.20000000000005,A0200,AN/APG-68(V)9,SEARCH,B0200,189.40110080625766,0.0,0.0,0.0,0.0,Friendly
484.20000000000005,B0200,N001VE,SEARCH,None,0.0,0.0,0.0,0.0,0.0,Enemy
484.40000000000003,A0100,AN/APG-68(V)9,SEARCH,B0200,198.97573509040657,0.0,0.0,0.0,0.0,Friendly
484.40000000000003,A0200,AN/APG-68(V)9,SEARCH,B0200,189.48414624503823,0.0,0.0,0.0,0.0,Friendly
484.40000000000003,B0200,N001VE,SEARCH,None,0.0,0.0,0.0,0.0,0.0,Enemy
484.6,A0100,AN/APG-68(V)9,SEARCH,B0200,199.060017302137,0.0,0.0,0.0,0.0,Friendly
484.6,A0200,AN/APG-68(V)9,SEARCH,B0200,189.56755271019796,0.0,0.0,0.0,0.0,Friendly
484.6,B0200,N001VE,SEARCH,None,0.0,0.0,0.0,0.0,0.0,Enemy
484.8,A0100,AN/APG-68(V)9,SEARCH,B0200,199.14463903718763,0.0,0.0,0.0,0.0,Friendly
484.8,A0200,AN/APG-68(V)9,SEARCH,B0200,189.65123290266732,0.0,0.0,0.0,0.0,Friendly
484.8,B0200,N001VE,SEARCH,None,0.0,0.0,0.0,0.0,0.0,Enemy
485.0,A0100,AN/APG-68(V)9,SEARCH,B0200,199.22935317147682,0.0,0.0,0.0,0.0,Friendly
485.0,A0200,AN/APG-68(V)9,SEARCH,B0200,189.7350455664765,0.0,0.0,0.0,0.0,Friendly
485.0,B0200,N001VE,SEARCH,None,0.0,0.0,0.0,0.0,0.0,Enemy
485.20000000000005,A0100,AN/APG-68(V)9,SEARCH,B0200,199.31395902086666,0.0,0.0,0.0,0.0,Friendly
485.20000000000005,A0200,AN/APG-68(V)9,SEARCH,B0200,189.81884951889222,0.0,0.0,0.0,0.0,Friendly
485.20000000000005,B0200,N001VE,SEARCH,None,0.0,0.0,0.0,0.0,0.0,Enemy
485.40000000000003,A0100,AN/APG-68(V)9,SEARCH,B0200,199.39856918246824,0.0,0.0,0.0,0.0,Friendly
485.40000000000003,A0200,AN/APG-68(V)9,SEARCH,B0200,189.90272300540497,0.0,0.0,0.0,0.0,Friendly
485.40000000000003,B0200,N001VE,SEARCH,None,0.0,0.0,0.0,0.0,0.0,Enemy
485.6,A0100,AN/APG-68(V)9,SEARCH,B0200,199.48328826095127,0.0,0.0,0.0,0.0,Friendly
485.6,A0200,AN/APG-68(V)9,SEARCH,B0200,189.98676687855595,0.0,0.0,0.0,0.0,Friendly
485.6,B0200,N001VE,SEARCH,None,0.0,0.0,0.0,0.0,0.0,Enemy
485.8,A0100,AN/APG-68(V)9,SEARCH,B0200,199.568182036775,0.0,0.0,0.0,0.0,Friendly
485.8,A0200,AN/APG-68(V)9,SEARCH,B0200,190.07095842714534,0.0,0.0,0.0,0.0,Friendly
485.8,B0200,N001VE,SEARCH,None,0.0,0.0,0.0,0.0,0.0,Enemy
486.0,A0100,AN/APG-68(V)9,SEARCH,B0200,199.65325020554357,0.0,0.0,0.0,0.0,Friendly
486.0,A0200,AN/APG-68(V)9,SEARCH,B0200,190.1552917750485,0.0,0.0,0.0,0.0,Friendly
486.0,B0200,N001VE,SEARCH,None,0.0,0.0,0.0,0.0,0.0,Enemy
486.20000000000005,A0100,AN/APG-68(V)9,SEARCH,B0200,199.73838876707512,0.0,0.0,0.0,0.0,Friendly
486.20000000000005,A0200,AN/APG-68(V)9,SEARCH,B0200,190.23966204136616,0.0,0.0,0.0,0.0,Friendly
486.20000000000005,B0200,N001VE,SEARCH,None,0.0,0.0,0.0,0.0,0.0,Enemy
486.40000000000003,A0100,AN/APG-68(V)9,SEARCH,B0200,199.82341340795278,0.0,0.0,0.0,0.0,Friendly
486.40000000000003,A0200,AN/APG-68(V)9,SEARCH,B0200,190.32392369535725,0.0,0.0,0.0,0.0,Friendly
486.40000000000003,B0200,N001VE,SEARCH,None,0.0,0.0,0.0,0.0,0.0,Enemy
486.6,A0100,AN/APG-68(V)9,SEARCH,B0200,199.90836455091383,0.0,0.0,0.0,0.0,Friendly
486.6,A0200,AN/APG-68(V)9,SEARCH,B0200,190.4081372598752,0.0,0.0,0.0,0.0,Friendly
486.6,B0200,N001VE,SEARCH,None,0.0,0.0,0.0,0.0,0.0,Enemy
486.8,A0100,AN/APG-68(V)9,SEARCH,B0200,199.99320870348515,0.0,0.0,0.0,0.0,Friendly
486.8,A0200,AN/APG-68(V)9,SEARCH,B0200,190.49227677915013,0.0,0.0,0.0,0.0,Friendly
486.8,B0200,N001VE,SEARCH,None,0.0,0.0,0.0,0.0,0.0,Enemy
487.0,A0100,AN/APG-68(V)9,SEARCH,B0200,200.07802091723948,0.0,0.0,0.0,0.0,Friendly
487.0,A0200,AN/APG-68(V)9,SEARCH,B0200,190.57636487005368,0.0,0.0,0.0,0.0,Friendly
487.0,B0200,N001VE,SEARCH,None,0.0,0.0,0.0,0.0,0.0,Enemy
487.20000000000005,A0100,AN/APG-68(V)9,SEARCH,B0200,200.1629489643625,0.0,0.0,0.0,0.0,Friendly
487.20000000000005,A0200,AN/APG-68(V)9,SEARCH,B0200,190.66052355087726,0.0,0.0,0.0,0.0,Friendly
487.20000000000005,B0200,N001VE,SEARCH,None,0.0,0.0,0.0,0.0,0.0,Enemy
487.40000000000003,A0100,AN/APG-68(V)9,SEARCH,B0200,200.247905065135,0.0,0.0,0.0,0.0,Friendly
487.40000000000003,A0200,AN/APG-68(V)9,SEARCH,B0200,190.74471593321468,0.0,0.0,0.0,0.0,Friendly
487.40000000000003,B0200,N001VE,SEARCH,None,0.0,0.0,0.0,0.0,0.0,Enemy
487.6,A0100,AN/APG-68(V)9,SEARCH,B0200,200.33283891432652,0.0,0.0,0.0,0.0,Friendly
487.6,A0200,AN/APG-68(V)9,SEARCH,B0200,190.8290558329857,0.0,0.0,0.0,0.0,Friendly
487.6,B0200,N001VE,SEARCH,None,0.0,0.0,0.0,0.0,0.0,Enemy
487.8,A0100,AN/APG-68(V)9,SEARCH,B0200,200.41781774619548,0.0,0.0,0.0,0.0,Friendly
487.8,A0200,AN/APG-68(V)9,SEARCH,B0200,190.9135449858974,0.0,0.0,0.0,0.0,Friendly
487.8,B0200,N001VE,SEARCH,None,0.0,0.0,0.0,0.0,0.0,Enemy
488.0,A0100,AN/APG-68(V)9,SEARCH,B0200,200.5029050919265,0.0,0.0,0.0,0.0,Friendly
488.0,A0200,AN/APG-68(V)9,SEARCH,B0200,190.99805277822503,0.0,0.0,0.0,0.0,Friendly
488.0,B0200,N001VE,SEARCH,None,0.0,0.0,0.0,0.0,0.0,Enemy
488.20000000000005,A0100,AN/APG-68(V)9,SEARCH,B0200,200.58818371604406,0.0,0.0,0.0,0.0,Friendly
488.20000000000005,A0200,AN/APG-68(V)9,SEARCH,B0200,191.0826032014491,0.0,0.0,0.0,0.0,Friendly
488.20000000000005,B0200,N001VE,SEARCH,None,0.0,0.0,0.0,0.0,0.0,Enemy
488.40000000000003,A0100,AN/APG-68(V)9,SEARCH,B0200,200.67356124940213,0.0,0.0,0.0,0.0,Friendly
488.40000000000003,A0200,AN/APG-68(V)9,SEARCH,B0200,191.16716177527726,0.0,0.0,0.0,0.0,Friendly
488.40000000000003,B0200,N001VE,SEARCH,None,0.0,0.0,0.0,0.0,0.0,Enemy
488.6,A0100,AN/APG-68(V)9,SEARCH,B0200,200.75884615989347,0.0,0.0,0.0,0.0,Friendly
488.6,A0200,AN/APG-68(V)9,SEARCH,B0200,191.2517186881823,0.0,0.0,0.0,0.0,Friendly
488.6,B0200,N001VE,SEARCH,None,0.0,0.0,0.0,0.0,0.0,Enemy
488.8,A0100,AN/APG-68(V)9,SEARCH,B0200,200.84417971489057,0.0,0.0,0.0,0.0,Friendly
488.8,A0200,AN/APG-68(V)9,SEARCH,B0200,191.33637006601265,0.0,0.0,0.0,0.0,Friendly
488.8,B0200,N001VE,SEARCH,None,0.0,0.0,0.0,0.0,0.0,Enemy
489.0,A0100,AN/APG-68(V)9,SEARCH,B0200,200.9295944516256,0.0,0.0,0.0,0.0,Friendly
489.0,A0200,AN/APG-68(V)9,SEARCH,B0200,191.4210586142895,0.0,0.0,0.0,0.0,Friendly
489.0,B0200,N001VE,SEARCH,None,0.0,0.0,0.0,0.0,0.0,Enemy
489.20000000000005,A0100,AN/APG-68(V)9,SEARCH,B0200,201.01495901660763,0.0,0.0,0.0,0.0,Friendly
489.20000000000005,A0200,AN/APG-68(V)9,SEARCH,B0200,191.50563285956133,0.0,0.0,0.0,0.0,Friendly
489.20000000000005,B0200,N001VE,SEARCH,None,0.0,0.0,0.0,0.0,0.0,Enemy
489.40000000000003,A0100,AN/APG-68(V)9,SEARCH,B0200,201.10018712697257,0.0,0.0,0.0,0.0,Friendly
489.40000000000003,A0200,AN/APG-68(V)9,SEARCH,B0200,191.59006750569066,0.0,0.0,0.0,0.0,Friendly
489.40000000000003,B0200,N001VE,SEARCH,None,0.0,0.0,0.0,0.0,0.0,Enemy
489.6,A0100,AN/APG-68(V)9,SEARCH,B0200,201.18539108811333,0.0,0.0,0.0,0.0,Friendly
489.6,A0200,AN/APG-68(V)9,SEARCH,B0200,191.67452959818286,0.0,0.0,0.0,0.0,Friendly
489.6,B0200,N001VE,SEARCH,None,0.0,0.0,0.0,0.0,0.0,Enemy
489.8,A0100,AN/APG-68(V)9,SEARCH,B0200,201.27065434202058,0.0,0.0,0.0,0.0,Friendly
489.8,A0200,AN/APG-68(V)9,SEARCH,B0200,191.7591150339406,0.0,0.0,0.0,0.0,Friendly
489.8,B0200,N001VE,SEARCH,None,0.0,0.0,0.0,0.0,0.0,Enemy
490.0,A0100,AN/APG-68(V)9,SEARCH,B0200,201.35594316099323,0.0,0.0,0.0,0.0,Friendly
490.0,A0200,AN/APG-68(V)9,SEARCH,B0200,191.8437844425233,0.0,0.0,0.0,0.0,Friendly
490.0,B0200,N001VE,SEARCH,None,0.0,0.0,0.0,0.0,0.0,Enemy
490.20000000000005,A0100,AN/APG-68(V)9,SEARCH,B0200,201.44135878304306,0.0,0.0,0.0,0.0,Friendly
490.20000000000005,A0200,AN/APG-68(V)9,SEARCH,B0200,191.92850156317203,0.0,0.0,0.0,0.0,Friendly
490.20000000000005,B0200,N001VE,SEARCH,None,0.0,0.0,0.0,0.0,0.0,Enemy
490.40000000000003,A0100,AN/APG-68(V)9,SEARCH,B0200,201.52681530289493,0.0,0.0,0.0,0.0,Friendly
490.40000000000003,A0200,AN/APG-68(V)9,SEARCH,B0200,192.0131503810837,0.0,0.0,0.0,0.0,Friendly
490.40000000000003,B0200,N001VE,SEARCH,None,0.0,0.0,0.0,0.0,0.0,Enemy
490.6,A0100,AN/APG-68(V)9,SEARCH,B0200,201.61211728250498,0.0,0.0,0.0,0.0,Friendly
490.6,A0200,AN/APG-68(V)9,SEARCH,B0200,192.09768945575075,0.0,0.0,0.0,0.0,Friendly
490.6,B0200,N001VE,SEARCH,None,0.0,0.0,0.0,0.0,0.0,Enemy
490.8,A0100,AN/APG-68(V)9,SEARCH,B0200,201.69744358052913,0.0,0.0,0.0,0.0,Friendly
490.8,A0200,AN/APG-68(V)9,SEARCH,B0200,192.18224404277467,0.0,0.0,0.0,0.0,Friendly
490.8,B0200,N001VE,SEARCH,None,0.0,0.0,0.0,0.0,0.0,Enemy
491.0,A0100,AN/APG-68(V)9,SEARCH,B0200,201.78290565111269,0.0,0.0,0.0,0.0,Friendly
491.0,A0200,AN/APG-68(V)9,SEARCH,B0200,192.26689515331248,0.0,0.0,0.0,0.0,Friendly
491.0,B0200,N001VE,SEARCH,None,0.0,0.0,0.0,0.0,0.0,Enemy
491.20000000000005,A0100,AN/APG-68(V)9,SEARCH,B0200,201.86840255639336,0.0,0.0,0.0,0.0,Friendly
491.20000000000005,A0200,AN/APG-68(V)9,SEARCH,B0200,192.35159401337896,0.0,0.0,0.0,0.0,Friendly
491.20000000000005,B0200,N001VE,SEARCH,None,0.0,0.0,0.0,0.0,0.0,Enemy
491.40000000000003,A0100,AN/APG-68(V)9,SEARCH,B0200,201.95378627322816,0.0,0.0,0.0,0.0,Friendly
491.40000000000003,A0200,AN/APG-68(V)9,SEARCH,B0200,192.43620010158284,0.0,0.0,0.0,0.0,Friendly
491.40000000000003,B0200,N001VE,SEARCH,None,0.0,0.0,0.0,0.0,0.0,Enemy
491.6,A0100,AN/APG-68(V)9,SEARCH,B0200,202.03924125124078,0.0,0.0,0.0,0.0,Friendly
491.6,A0200,AN/APG-68(V)9,SEARCH,B0200,192.52085817883858,0.0,0.0,0.0,0.0,Friendly
491.6,B0200,N001VE,SEARCH,None,0.0,0.0,0.0,0.0,0.0,Enemy
491.8,A0100,AN/APG-68(V)9,SEARCH,B0200,202.1248121245166,0.0,0.0,0.0,0.0,Friendly
491.8,A0200,AN/APG-68(V)9,SEARCH,B0200,192.60562621735568,0.0,0.0,0.0,0.0,Friendly
491.8,B0200,N001VE,SEARCH,None,0.0,0.0,0.0,0.0,0.0,Enemy
492.0,A0100,AN/APG-68(V)9,SEARCH,B0200,202.21033700595027,0.0,0.0,0.0,0.0,Friendly
492.0,A0200,AN/APG-68(V)9,SEARCH,B0200,192.69038527203878,0.0,0.0,0.0,0.0,Friendly
492.0,B0200,N001VE,SEARCH,None,0.0,0.0,0.0,0.0,0.0,Enemy
492.20000000000005,A0100,AN/APG-68(V)9,SEARCH,B0200,202.29580697578305,0.0,0.0,0.0,0.0,Friendly
492.20000000000005,A0200,AN/APG-68(V)9,SEARCH,B0200,192.77511120021708,0.0,0.0,0.0,0.0,Friendly
492.20000000000005,B0200,N001VE,SEARCH,None,0.0,0.0,0.0,0.0,0.0,Enemy
492.40000000000003,A0100,AN/APG-68(V)9,SEARCH,B0200,202.38130161743732,0.0,0.0,0.0,0.0,Friendly
492.40000000000003,A0200,AN/APG-68(V)9,SEARCH,B0200,192.85981036556302,0.0,0.0,0.0,0.0,Friendly
492.40000000000003,B0200,N001VE,SEARCH,None,0.0,0.0,0.0,0.0,0.0,Enemy
492.6,A0100,AN/APG-68(V)9,SEARCH,B0200,202.46684463003908,0.0,0.0,0.0,0.0,Friendly
492.6,A0200,AN/APG-68(V)9,SEARCH,B0200,192.94450819269798,0.0,0.0,0.0,0.0,Friendly
492.6,B0200,N001VE,SEARCH,None,0.0,0.0,0.0,0.0,0.0,Enemy
492.8,A0100,AN/APG-68(V)9,SEARCH,B0200,202.55235748749573,0.0,0.0,0.0,0.0,Friendly
492.8,A0200,AN/APG-68(V)9,SEARCH,B0200,193.0292146573221,0.0,0.0,0.0,0.0,Friendly
492.8,B0200,N001VE,SEARCH,None,0.0,0.0,0.0,0.0,0.0,Enemy
493.0,A0100,AN/APG-68(V)9,SEARCH,B0200,202.63780827302068,0.0,0.0,0.0,0.0,Friendly
493.0,A0200,AN/APG-68(V)9,SEARCH,B0200,193.1138459522417,0.0,0.0,0.0,0.0,Friendly
493.0,B0200,N001VE,SEARCH,None,0.0,0.0,0.0,0.0,0.0,Enemy
493.20000000000005,A0100,AN/APG-68(V)9,SEARCH,B0200,202.72327036570886,0.0,0.0,0.0,0.0,Friendly
493.20000000000005,A0200,AN/APG-68(V)9,SEARCH,B0200,193.19853641905624,0.0,0.0,0.0,0.0,Friendly
493.20000000000005,B0200,N001VE,SEARCH,None,0.0,0.0,0.0,0.0,0.0,Enemy
493.40000000000003,A0100,AN/APG-68(V)9,SEARCH,B0200,202.8087717181299,0.0,0.0,0.0,0.0,Friendly
493.40000000000003,A0200,AN/APG-68(V)9,SEARCH,B0200,193.2833318147434,0.0,0.0,0.0,0.0,Friendly
493.40000000000003,B0200,N001VE,SEARCH,None,0.0,0.0,0.0,0.0,0.0,Enemy
493.6,A0100,AN/APG-68(V)9,SEARCH,B0200,202.8943328057377,0.0,0.0,0.0,0.0,Friendly
493.6,A0200,AN/APG-68(V)9,SEARCH,B0200,193.36809660827834,0.0,0.0,0.0,0.0,Friendly
493.6,B0200,N001VE,SEARCH,None,0.0,0.0,0.0,0.0,0.0,Enemy
493.8,A0100,AN/APG-68(V)9,SEARCH,B0200,202.97993875667444,0.0,0.0,0.0,0.0,Friendly
493.8,A0200,AN/APG-68(V)9,SEARCH,B0200,193.45282362465835,0.0,0.0,0.0,0.0,Friendly
493.8,B0200,N001VE,SEARCH,None,0.0,0.0,0.0,0.0,0.0,Enemy
494.0,A0100,AN/APG-68(V)9,SEARCH,B0200,203.06545000622364,0.0,0.0,0.0,0.0,Friendly
494.0,A0200,AN/APG-68(V)9,SEARCH,B0200,193.53755345796253,0.0,0.0,0.0,0.0,Friendly
494.0,B0200,N001VE,SEARCH,None,0.0,0.0,0.0,0.0,0.0,Enemy
494.20000000000005,A0100,AN/APG-68(V)9,SEARCH,B0200,203.15076828501495,0.0,0.0,0.0,0.0,Friendly
494.20000000000005,A0200,AN/APG-68(V)9,SEARCH,B0200,193.62229101537864,0.0,0.0,0.0,0.0,Friendly
494.20000000000005,B0200,N001VE,SEARCH,None,0.0,0.0,0.0,0.0,0.0,Enemy
494.40000000000003,A0100,AN/APG-68(V)9,SEARCH,B0200,203.2358849109093,0.0,0.0,0.0,0.0,Friendly
494.40000000000003,A0200,AN/APG-68(V)9,SEARCH,B0200,193.7069424078015,0.0,0.0,0.0,0.0,Friendly
494.40000000000003,B0200,N001VE,SEARCH,None,0.0,0.0,0.0,0.0,0.0,Enemy
494.6,A0100,AN/APG-68(V)9,SEARCH,B0200,203.3208016821748,0.0,0.0,0.0,0.0,Friendly
494.6,A0200,AN/APG-68(V)9,SEARCH,B0200,193.79150070404987,0.0,0.0,0.0,0.0,Friendly
494.6,B0200,N001VE,SEARCH,None,0.0,0.0,0.0,0.0,0.0,Enemy
494.8,A0100,AN/APG-68(V)9,SEARCH,B0200,203.40548884926258,0.0,0.0,0.0,0.0,Friendly
494.8,A0200,AN/APG-68(V)9,SEARCH,B0200,193.8759756372508,0.0,0.0,0.0,0.0,Friendly
494.8,B0200,N001VE,SEARCH,None,0.0,0.0,0.0,0.0,0.0,Enemy
495.0,A0100,AN/APG-68(V)9,SEARCH,B0200,203.49004185738795,0.0,0.0,0.0,0.0,Friendly
495.0,A0200,AN/APG-68(V)9,SEARCH,B0200,193.96040862804566,0.0,0.0,0.0,0.0,Friendly
495.0,B0200,N001VE,SEARCH,None,0.0,0.0,0.0,0.0,0.0,Enemy
495.20000000000005,A0100,AN/APG-68(V)9,SEARCH,B0200,203.5746833669582,0.0,0.0,0.0,0.0,Friendly
495.20000000000005,A0200,AN/APG-68(V)9,SEARCH,B0200,194.04500961919118,0.0,0.0,0.0,0.0,Friendly
495.20000000000005,B0200,N001VE,SEARCH,None,0.0,0.0,0.0,0.0,0.0,Enemy
495.40000000000003,A0100,AN/APG-68(V)9,SEARCH,B0200,203.65940985581545,0.0,0.0,0.0,0.0,Friendly
495.40000000000003,A0200,AN/APG-68(V)9,SEARCH,B0200,194.12977624251812,0.0,0.0,0.0,0.0,Friendly
495.40000000000003,B0200,N001VE,SEARCH,None,0.0,0.0,0.0,0.0,0.0,Enemy
495.6,A0100,AN/APG-68(V)9,SEARCH,B0200,203.74412011352047,0.0,0.0,0.0,0.0,Friendly
495.6,A0200,AN/APG-68(V)9,SEARCH,B0200,194.2145673870838,0.0,0.0,0.0,0.0,Friendly
495.6,B0200,N001VE,SEARCH,None,0.0,0.0,0.0,0.0,0.0,Enemy
495.8,A0100,AN/APG-68(V)9,SEARCH,B0200,203.82868219583818,0.0,0.0,0.0,0.0,Friendly
495.8,A0200,AN/APG-68(V)9,SEARCH,B0200,194.2992306169162,0.0,0.0,0.0,0.0,Friendly
495.8,B0200,N001VE,SEARCH,None,0.0,0.0,0.0,0.0,0.0,Enemy
496.0,A0100,AN/APG-68(V)9,SEARCH,B0200,203.91328876676013,0.0,0.0,0.0,0.0,Friendly
496.0,A0200,AN/APG-68(V)9,SEARCH,B0200,194.3838360892879,0.0,0.0,0.0,0.0,Friendly
496.0,B0200,N001VE,SEARCH,None,0.0,0.0,0.0,0.0,0.0,Enemy
496.20000000000005,A0100,AN/APG-68(V)9,SEARCH,B0200,203.99810057905043,0.0,0.0,0.0,0.0,Friendly
496.20000000000005,A0200,AN/APG-68(V)9,SEARCH,B0200,194.46851136459108,0.0,0.0,0.0,0.0,Friendly
496.20000000000005,B0200,N001VE,SEARCH,None,0.0,0.0,0.0,0.0,0.0,Enemy
496.40000000000003,A0100,AN/APG-68(V)9,SEARCH,B0200,204.08309180523202,0.0,0.0,0.0,0.0,Friendly
496.40000000000003,A0200,AN/APG-68(V)9,SEARCH,B0200,194.55329141072994,0.0,0.0,0.0,0.0,Friendly
496.40000000000003,B0200,N001VE,SEARCH,None,0.0,0.0,0.0,0.0,0.0,Enemy
496.6,A0100,AN/APG-68(V)9,SEARCH,B0200,204.16810411827993,0.0,0.0,0.0,0.0,Friendly
496.6,A0200,AN/APG-68(V)9,SEARCH,B0200,194.63805505728828,0.0,0.0,0.0,0.0,Friendly
496.6,B0200,N001VE,SEARCH,None,0.0,0.0,0.0,0.0,0.0,Enemy
496.8,A0100,AN/APG-68(V)9,SEARCH,B0200,204.25300110932488,0.0,0.0,0.0,0.0,Friendly
496.8,A0200,AN/APG-68(V)9,SEARCH,B0200,194.72269987486013,0.0,0.0,0.0,0.0,Friendly
496.8,B0200,N001VE,SEARCH,None,0.0,0.0,0.0,0.0,0.0,Enemy
497.0,A0100,AN/APG-68(V)9,SEARCH,B0200,204.33776609105598,0.0,0.0,0.0,0.0,Friendly
497.0,A0200,AN/APG-68(V)9,SEARCH,B0200,194.8072927694287,0.0,0.0,0.0,0.0,Friendly
497.0,B0200,N001VE,SEARCH,None,0.0,0.0,0.0,0.0,0.0,Enemy
497.20000000000005,A0100,AN/APG-68(V)9,SEARCH,B0200,204.42238451314518,0.0,0.0,0.0,0.0,Friendly
497.20000000000005,A0200,AN/APG-68(V)9,SEARCH,B0200,194.89185656376145,0.0,0.0,0.0,0.0,Friendly
497.20000000000005,B0200,N001VE,SEARCH,None,0.0,0.0,0.0,0.0,0.0,Enemy
497.40000000000003,A0100,AN/APG-68(V)9,SEARCH,B0200,204.50681622121724,0.0,0.0,0.0,0.0,Friendly
497.40000000000003,A0200,AN/APG-68(V)9,SEARCH,B0200,194.9763717507727,0.0,0.0,0.0,0.0,Friendly
497.40000000000003,B0200,N001VE,SEARCH,None,0.0,0.0,0.0,0.0,0.0,Enemy
497.6,A0100,AN/APG-68(V)9,SEARCH,B0200,204.59119404080985,0.0,0.0,0.0,0.0,Friendly
497.6,A0200,AN/APG-68(V)9,SEARCH,B0200,195.0608915282045,0.0,0.0,0.0,0.0,Friendly
497.6,B0200,N001VE,SEARCH,None,0.0,0.0,0.0,0.0,0.0,Enemy
497.8,A0100,AN/APG-68(V)9,SEARCH,B0200,204.67555404438693,0.0,0.0,0.0,0.0,Friendly
497.8,A0200,AN/APG-68(V)9,SEARCH,B0200,195.14537078089845,0.0,0.0,0.0,0.0,Friendly
497.8,B0200,N001VE,SEARCH,None,0.0,0.0,0.0,0.0,0.0,Enemy
498.0,A0100,AN/APG-68(V)9,SEARCH,B0200,204.75990038936035,0.0,0.0,0.0,0.0,Friendly
498.0,A0200,AN/APG-68(V)9,SEARCH,B0200,195.22982307270374,0.0,0.0,0.0,0.0,Friendly
498.0,B0200,N001VE,SEARCH,None,0.0,0.0,0.0,0.0,0.0,Enemy
498.20000000000005,A0100,AN/APG-68(V)9,SEARCH,B0200,204.84429724994692,0.0,0.0,0.0,0.0,Friendly
498.20000000000005,A0200,AN/APG-68(V)9,SEARCH,B0200,195.31437477351318,0.0,0.0,0.0,0.0,Friendly
498.20000000000005,B0200,N001VE,SEARCH,None,0.0,0.0,0.0,0.0,0.0,Enemy
498.40000000000003,A0100,AN/APG-68(V)9,SEARCH,B0200,204.92865559722173,0.0,0.0,0.0,0.0,Friendly
498.40000000000003,A0200,AN/APG-68(V)9,SEARCH,B0200,195.39891419384566,0.0,0.0,0.0,0.0,Friendly
498.40000000000003,B0200,N001VE,SEARCH,None,0.0,0.0,0.0,0.0,0.0,Enemy
498.6,A0100,AN/APG-68(V)9,SEARCH,B0200,205.01299170479322,0.0,0.0,0.0,0.0,Friendly
498.6,A0200,AN/APG-68(V)9,SEARCH,B0200,195.48337835151156,0.0,0.0,0.0,0.0,Friendly
498.6,B0200,N001VE,SEARCH,None,0.0,0.0,0.0,0.0,0.0,Enemy
498.8,A0100,AN/APG-68(V)9,SEARCH,B0200,205.09736300347882,0.0,0.0,0.0,0.0,Friendly
498.8,A0200,AN/APG-68(V)9,SEARCH,B0200,195.56776856219375,0.0,0.0,0.0,0.0,Friendly
498.8,B0200,N001VE,SEARCH,None,0.0,0.0,0.0,0.0,0.0,Enemy
499.0,A0100,AN/APG-68(V)9,SEARCH,B0200,205.18178599858555,0.0,0.0,0.0,0.0,Friendly
499.0,A0200,AN/APG-68(V)9,SEARCH,B0200,195.65218747450163,0.0,0.0,0.0,0.0,Friendly
499.0,B0200,N001VE,SEARCH,None,0.0,0.0,0.0,0.0,0.0,Enemy
499.20000000000005,A0100,AN/APG-68(V)9,SEARCH,B0200,205.2662599078809,0.0,0.0,0.0,0.0,Friendly
499.20000000000005,A0200,AN/APG-68(V)9,SEARCH,B0200,195.73665881418086,0.0,0.0,0.0,0.0,Friendly
499.20000000000005,B0200,N001VE,SEARCH,None,0.0,0.0,0.0,0.0,0.0,Enemy
499.40000000000003,A0100,AN/APG-68(V)9,SEARCH,B0200,205.3507663339141,0.0,0.0,0.0,0.0,Friendly
499.40000000000003,A0200,AN/APG-68(V)9,SEARCH,B0200,195.8211832615926,0.0,0.0,0.0,0.0,Friendly
499.40000000000003,B0200,N001VE,SEARCH,None,0.0,0.0,0.0,0.0,0.0,Enemy
499.6,A0100,AN/APG-68(V)9,SEARCH,B0200,205.43529725821844,0.0,0.0,0.0,0.0,Friendly
499.6,A0200,AN/APG-68(V)9,SEARCH,B0200,195.9057441074706,0.0,0.0,0.0,0.0,Friendly
499.6,B0200,N001VE,SEARCH,None,0.0,0.0,0.0,0.0,0.0,Enemy
499.8,A0100,AN/APG-68(V)9,SEARCH,B0200,205.51987130159048,0.0,0.0,0.0,0.0,Friendly
499.8,A0200,AN/APG-68(V)9,SEARCH,B0200,195.99028867505743,0.0,0.0,0.0,0.0,Friendly
499.8,B0200,N001VE,SEARCH,None,0.0,0.0,0.0,0.0,0.0,Enemy
