time,agent_id,x,y,z,vx,vy,vz
0.2,A0100,-60172.82939832384,-0.0009395901142852381,5812.529761755057,244.6585806497235,0.030963181056219532,-1.6295185850708518
0.2,A0200,-60170.107422960245,4468.193471045015,5810.996427718361,244.75883744710066,0.027591270881731623,-1.763583614977629
0.2,B0100,60177.78617877855,0.0006899218824401032,5812.519412190111,-244.04753121527256,-0.030491050038432777,-1.2002079810106907
0.2,B0200,60177.827227506394,540.2361197839382,5812.496225753013,-244.04753121527244,-0.030491050038492333,-1.2002079810106165
0.4,A0100,-60123.82404754221,0.022008127660228638,5812.6112909282165,245.27901817795336,0.18234395304698403,-1.670223984695841
0.4,A0200,-60121.0166583542,4468.135556406083,5810.803510379628,246.1075248560769,-0.012672432561303187,-4.647648787554682
0.4,B0100,60129.046841918556,-0.0259934822388459,5812.787935946835,-243.19740748193044,-0.18579388676545314,-0.21226114810176647
0.4,B0200,60129.08788715594,540.2168661364958,5812.764751480259,-243.19740748193058,-0.1857938867655794,-0.21226114810187366
0.6000000000000001,A0100,-60074.756474282156,0.06933272170499549,5812.9533107383795,245.30016208400053,0.16736644959123026,0.880591350888533
0.6000000000000001,A0200,-60071.66951628325,4468.098809792347,5810.185214065692,247.26255411295915,0.343296558938623,-6.022335045862261
0.6000000000000001,B0100,60080.47430007224,-0.05769590834461269,5813.365411688941,-242.67420120533617,-0.2011674327999444,1.062167752557002
0.6000000000000001,B0200,60080.51534105791,540.1925946414485,5813.342229625025,-242.67420120533652,-0.20116743280016694,1.062167752556889
0.8,A0100,-60025.70748240562,0.03611617517526611,5813.834572097356,245.35425666960265,-0.4154698598005535,2.852573501420534
0.8,A0200,-60022.10315096504,4468.216982374106,5809.378076450412,248.24949243210492,1.7793555769029872,-6.505508850633766
0.8,B0100,60032.00429535138,-0.12032585215274594,5814.073142887493,-242.02454380429995,-0.4285048127580029,1.5772213017710868
0.8,B0200,60032.04532738411,540.1373912268646,5814.0499658806475,-242.02454380430027,-0.4285048127583573,1.5772213017708052
1.0,A0100,-59976.586489361274,-0.059073866468679626,5814.85170792948,246.02533496185387,-0.47719290324066044,2.364751826881954
1.0,A0200,-59972.35435879812,4468.850097604511,5808.563927942196,249.08130609300224,5.55030923172001,-6.324961022241837
1.0,B0100,59983.69340819291,-0.23868770878470968,5814.990476560561,-241.04398628326538,-0.7610571975656905,3.4368999957821855
1.0,B0200,59983.734422801506,540.026449710982,5814.967309395768,-241.04398628326572,-0.7610571975659337,3.436899995781813
1.2000000000000002,A0100,-59927.30287655568,-0.14896914492419455,5815.698459799092,246.862542374476,-0.4145619311036134,1.5618683864673544
1.2000000000000002,A0200,-59922.49958380055,4470.521856993408,5807.738907205763,249.15638868283253,12.410398168604752,-6.6898316338920685
1.2000000000000002,B0100,59935.59898337718,-0.40881386292676325,5816.254775940433,-240.10977856209607,-0.9431428265070557,3.951794078893966
1.2000000000000002,B0200,59935.639972695375,539.8637407869974,5816.231623058826,-240.1097785620964,-0.9431428265074255,3.951794078893639
1.4000000000000001,A0100,-59877.87432107554,-0.21872282465847093,5816.51092822634,247.3688146569752,-0.33820437565365774,2.3912362187538445
1.4000000000000001,A0200,-59872.71474473753,4473.812309069803,5806.736853483686,248.48427062387844,21.100527888071472,-8.181214597694224
1.4000000000000001,B0100,59887.65070243984,-0.6099840737806517,5817.351788280372,-239.35618525570374,-1.0152170893471562,2.6405563360006297
1.4000000000000001,B0200,59887.69166174841,539.66995123788,5817.328652352957,-239.35618525570422,-1.015217089347501,2.6405563360004445
1.6,A0100,-59828.36998998208,-0.3028933355562913,5817.578468233638,247.8632774973306,-0.40507862387421867,3.1956898839894206
1.6,A0200,-59823.1252047566,4478.935012660728,5805.30869543882,246.9573415021822,31.19969230766773,-10.83407238617726
1.6,B0100,59839.89483477903,-0.809581435572909,5818.151423238822,-238.23520057847378,-0.9536693276033387,0.7300891458334502
1.6,B0200,59839.93576431193,539.4776797717241,5818.128304128102,-238.2352005784745,-0.9536693276036591,0.7300891458334005
1.8,A0100,-59778.71606017831,-0.36698641632392537,5818.617858122547,248.73355793933035,-0.23728884490649485,2.6772613337135787
1.8,A0200,-59773.94816169959,4486.258157551849,5803.315219575485,244.48706393904655,42.497414132791754,-13.531463276003437
1.8,B0100,59792.25945788672,-0.9903713481544401,5818.482881522919,-238.30723711578085,-0.9403607379623162,-2.0620316947761403
1.8,B0200,59792.30036049915,539.3041572578259,5818.459777619337,-238.30723711578136,-0.9403607379626299,-2.0620316947760786
2.0,A0100,-59728.91646356554,-0.388735996093601,5819.694070396494,249.23215150976395,-0.02105401500251501,3.8736477919213277
2.0,A0200,-59725.286322973596,4495.788484061937,5800.857144623871,241.69625952279716,53.3949683680066,-15.364167473623631
2.0,B0100,59744.62188575392,-1.1838378165011818,5818.338662451708,-238.0002585886875,-0.9607670292064496,-3.4254133664150617
2.0,B0200,59744.66275951483,539.1179176892983,5818.31557484495,-238.00025858868824,-0.9607670292067096,-3.4254133664152047
2.2,A0100,-59679.08572282406,-0.41276511613614275,5821.24786097484,249.1417760467351,-0.4032340512918186,7.124239449760575
2.2,A0200,-59677.21636711661,4507.481163522771,5798.131789942152,238.52769926873313,64.09087436102924,-16.102013132265842
2.2,B0100,59697.07770445772,-1.3825369815385784,5818.223393656612,-237.30293828643644,-1.0088738688513894,-1.3787911212385466
2.2,B0200,59697.11854857077,538.9264337173008,5818.200322795423,-237.30293828643707,-1.0088738688516026,-1.3787911212388475
2.4000000000000004,A0100,-59629.260742589235,-0.5879072798270499,5823.328388211452,249.4001873261991,-1.2179709852693041,8.575401131658761
2.4000000000000004,A0200,-59629.808041928016,4521.278057396699,5795.370877220914,235.06878853776854,74.39905451060177,-15.62631773355915
2.4000000000000004,B0100,59649.70019183267,-1.5770730347067001,5818.745050660153,-236.58292867885302,-0.9839158951314864,1.8451082867087725
2.4000000000000004,B0200,59649.74100693455,538.7391422013279,5818.72199618704,-236.5829286788536,-0.9839158951316173,1.8451082867084563
2.6,A0100,-59579.31515949875,-0.8461101091561432,5825.460233381265,250.2917011072262,-1.3206473348862178,7.934632827347116
2.6,A0200,-59583.11107007802,4537.0831227691815,5792.8224692299555,231.42736006197944,84.1340679277319,-13.889646486160554
2.6,B0100,59602.45905762104,-1.7816173506398627,5819.82552861669,-235.86358592496276,-1.0709357185294293,4.485108735337011
2.6,B0200,59602.49984219341,538.5418696657143,5819.802491389288,-235.86358592496336,-1.0709357185297057,4.485108735336665
2.8000000000000003,A0100,-59529.18062712007,-1.1241651063573954,5827.470096078716,251.21579470424743,-1.4573906978058113,7.564620788479534
2.8000000000000003,A0200,-59537.11474409586,4554.709331218743,5790.690742054543,228.26094421481866,92.3753671041893,-11.748839016581567
2.8000000000000003,B0100,59555.34118566362,-2.0046802341676084,5821.26000778273,-235.49441280129986,-1.1480417978091182,5.062883838876931
2.8000000000000003,B0200,59555.381936890015,538.3260902197944,5821.236989388712,-235.4944128013005,-1.1480417978094224,5.062883838876542
3.0,A0100,-59478.861861148725,-1.4231248953401519,5829.446141531094,252.13422445595552,-1.5102337894053564,7.561725751044318
3.0,A0200,-59491.720165819905,4573.883234627465,5788.926854698286,225.09258870092089,100.09735778911403,-9.929409431288464
3.0,B0100,59508.24453200218,-2.230603557480208,5822.505144715662,-235.6356820970442,-1.100318661192838,2.4844989311115055
3.0,B0200,59508.28524944768,538.1074308553798,5822.482145403901,-235.6356820970447,-1.1003186611931681,2.4844989311110184
3.2,A0100,-59428.38202135815,-1.72645027094768,5831.531343441904,252.7266629090924,-1.6033470544576869,9.005086356180332
3.2,A0200,-59447.0415202566,4594.663986295069,5787.515314187913,221.19323896106553,108.31424047073517,-8.270080499938471
3.2,B0100,59461.13085640657,-2.450495750785194,5823.142824281134,-235.42419800440908,-1.0613471987985208,-0.12406987311300309
3.2,B0200,59461.17154098417,537.8947530633523,5823.119843534856,-235.42419800440967,-1.0613471987988445,-0.12406987311346872
3.4000000000000004,A0100,-59377.79413427661,-2.063087809492572,5833.929874154823,253.47845921179712,-1.6568831111369722,9.843114268626811
3.4000000000000004,A0200,-59403.19387843916,4617.104910699265,5786.3744309227695,216.8050754766502,116.66132253376654,-7.1585842550455
3.4000000000000004,B0100,59414.089105216524,-2.654953429941088,5823.402965265021,-235.0480575868852,-0.9728571791258604,-1.6026289463020176
3.4000000000000004,B0200,59414.12975926744,537.6974664494519,5823.380001760725,-235.04805758688565,-0.9728571791262469,-1.6026289463025005
3.6,A0100,-59327.02892051137,-2.386790554752224,5836.418258787955,254.25999990872387,-1.675978615677796,10.775439008992487
3.6,A0200,-59360.26445440611,4641.217733044032,5785.380059763102,212.01134608047016,125.00310608835284,-6.718852716327337
3.6,B0100,59367.032225682626,-2.83107336755711,5823.376749780033,-235.65711244388734,-0.8570780548804787,-3.1846173748475524
3.6,B0200,59367.07285351353,537.5284952952861,5823.353801087222,-235.65711244388797,-0.8570780548808564,-3.1846173748480124
3.8000000000000003,A0100,-59276.18358598708,-2.7639500115001283,5839.332841456868,254.32072562853662,-2.307160014578169,13.956685250843043
3.8000000000000003,A0200,-59318.32903437262,4666.989523849246,5784.389279414427,206.85079255421854,133.2256654576072,-7.02415359381007
3.8000000000000003,B0100,59319.84148209501,-3.0042983865496353,5823.098663625617,-236.17043577191936,-0.8694365621501533,-3.61063265494613
3.8000000000000003,B0200,59319.88208414621,537.3624177824968,5823.075729493441,-236.1704357719198,-0.8694365621504191,-3.6106326549466012
4.0,A0100,-59225.34107960031,-3.351551396164723,5842.842996579846,254.53600784061723,-3.4126477054320867,15.96390218047322
4.0,A0200,-59277.517639857164,4694.44636522399,5783.260727300367,200.4132978621732,142.118623322762,-7.791422601782244
4.0,B0100,59272.59630398947,-3.192745743162959,5822.9574805193115,-236.09567924086267,-1.001216325631591,-1.7390340855900297
4.0,B0200,59272.636877946614,537.181137954849,5822.934562257171,-236.0956792408631,-1.001216325631993,-1.7390340855904325
4.2,A0100,-59174.37904997851,-4.058885630693112,5846.484481693446,255.50631252961455,-3.540231897902278,15.375220920807344
4.2,A0200,-59238.1440680544,4723.754076943482,5782.020629812778,192.89676805986207,151.27818777496546,-7.899939379398325
4.2,B0100,59225.402874352185,-3.3933243611063517,5823.265626498927,-235.93736992531484,-1.0423958706547491,0.05513988976458627
4.2,B0200,59225.44341837519,536.9877575738101,5823.242725145137,-235.93736992531544,-1.042395870655114,0.05513988976417045
4.4,A0100,-59123.19939323953,-4.7637136942285,5849.929656599816,256.5856999787217,-3.5160060268130175,14.398449840302918
4.4,A0200,-59200.24788837638,4754.803382385016,5780.8440775502495,185.54405269950996,159.59633653159707,-6.950245477576954
4.4,B0100,59178.20184560843,-3.6174057862590416,5823.796238166451,-236.07717674055232,-1.2374644211204227,1.072111484190403
4.4,B0200,59178.242356128474,536.7708946341845,5823.773355737925,-236.07717674055274,-1.2374644211207193,1.0721114841899526
4.6000000000000005,A0100,-59071.80364071302,-5.465364873136423,5853.220634410383,257.6451557714837,-3.494952743111281,13.831013791747788
4.6000000000000005,A0200,-59163.75527308546,4787.405046377247,5779.921883449759,179.15722317325665,166.61476758138807,-5.546165546601479
4.6000000000000005,B0100,59131.00928066849,-3.9095516954948835,5824.675771548398,-235.80058386513366,-1.7053076110281362,3.733202981070351
4.6000000000000005,B0200,59131.04974734162,536.4859958787274,5824.652913885802,-235.80058386513412,-1.7053076110284329,3.733202981069842
4.800000000000001,A0100,-59020.20101095273,-6.156103173565498,5856.441861110718,258.64739267763616,-3.3927302120178395,13.670678082283917
4.800000000000001,A0200,-59128.45639364786,4821.312417442932,5779.211488067685,173.1123960967858,172.99199265801127,-4.574613389509485
4.800000000000001,B0100,59083.90288251646,-4.272405093466659,5826.0918751311,-235.49543988693026,-1.8806530372888435,5.290598053162599
4.800000000000001,B0200,59083.943294602665,536.1304225979184,5826.069048300938,-235.4954398869307,-1.8806530372889874,5.290598053162313
5.0,A0100,-58968.42723470369,-6.814895902203716,5859.7419939552565,259.2436400663713,-3.266998449293611,14.971622084066711
5.0,A0200,-59094.450256908254,4856.51263797866,5778.653184302202,166.3461706397438,179.44247779654256,-3.9877427235445353
5.0,B0100,59036.78292948057,-4.647981742808042,5827.406789709836,-235.84846034087377,-1.8718288536064545,3.1152889971413704
5.0,B0200,59036.82328504378,535.7621194387648,5827.383994807846,-235.84846034087434,-1.8718288536066385,3.1152889971410573
5.2,A0100,-58916.61162810236,-7.512700427178061,5863.51739940844,259.1996383194785,-3.898444276094668,18.006638501443774
5.2,A0200,-59061.83589394167,4892.989335357379,5778.134246796049,159.1999769600857,185.72578309960082,-4.055002430191163
5.2,B0100,58989.61704559713,-5.027715473315766,5828.227201906862,-235.72296576389235,-1.8821860173045775,1.0745848040876465
5.2,B0200,58989.65734400354,535.3896237326007,5828.204439288915,-235.72296576389286,-1.8821860173047067,1.0745848040873454
5.4,A0100,-58864.778861331775,-8.390684029029217,5867.728432192478,259.64360283950924,-4.674194454565742,18.80282269529235
5.4,A0200,-59030.75453979142,4930.738874970219,5777.532059198929,150.60907209491404,192.31831083991705,-4.466109241271789
5.4,B0100,58942.516581497504,-5.396741230008047,5828.77594771493,-235.36418875299543,-1.7967116482622336,0.098226651629272
5.4,B0200,58942.556824374056,535.0278027407512,5828.753216463112,-235.36418875299591,-1.7967116482624248,0.09822665162898828
5.6000000000000005,A0100,-58812.77439930052,-9.304138694729772,5871.82325471448,260.8036105679557,-4.408624849916259,17.185870972875914
5.6000000000000005,A0200,-59001.55235087085,4969.830768773787,5776.8971680407885,140.95878978509555,198.83043350940545,-4.134713584776018
5.6000000000000005,B0100,58895.398212354456,-5.738711059111665,5829.132394379139,-235.98883342088016,-1.6866915031492709,-1.0395488880037433
5.6000000000000005,B0200,58895.43840381138,534.693023888889,5829.109692172839,-235.98883342088052,-1.686691503149477,-1.039548888003874
5.800000000000001,A0100,-58760.52745636978,-10.158910680976987,5875.5615150346675,261.98860842775343,-4.135950846327915,15.367512539277161
5.800000000000001,A0200,-58974.15409265356,5010.117056204741,5776.377130000405,132.79382274741462,204.19444690673384,-3.393724238215946
5.800000000000001,B0100,58848.1483418429,-6.077843047303759,5829.314518934061,-236.4694901830946,-1.6991507188942976,-1.1396215297873578
5.800000000000001,B0200,58848.18848230835,534.3610878982436,5829.291845529297,-236.46949018309496,-1.6991507188946324,-1.1396215297871435
6.0,A0100,-58708.04565841022,-10.96179579161253,5878.947922616109,263.117106438395,-3.9131400718013145,13.758239449269784
6.0,A0200,-58948.26792219147,5051.395741455461,5775.937430961603,125.25856301318514,208.96281964425017,-3.0951336449340503
6.0,B0100,58800.85342348508,-6.431701105237153,5829.689115361645,-236.33793886159202,-1.8192562224063347,0.9621672092135184
6.0,B0200,58800.89351072439,534.0144492049112,5829.666472023902,-236.33793886159222,-1.8192562224067172,0.9621672092140057
6.2,A0100,-58655.33841749978,-11.7288916685211,5882.071606082925,264.2069529384902,-3.7625030733331255,12.739429113452742
6.2,A0200,-58923.96478497055,5093.622329476253,5775.503160779423,117.08925262602072,213.59931468331988,-3.26108179387331
6.2,B0100,58753.62270669487,-6.791873772184772,5830.4921668714815,-236.13284304076566,-1.8128566802918993,1.9660826295540073
6.2,B0200,58753.66273975107,533.6615229230483,5830.469554139148,-236.13284304076598,-1.812856680292339,1.96608262955441
6.4,A0100,-58602.44274392002,-12.471789823470317,5885.126228107467,264.88010271518567,-3.778171164371806,13.392812654916813
6.4,A0200,-58901.40302595433,5136.771940782983,5774.968358067916,107.41904301426024,218.2530283459523,-3.7357303021783013
6.4,B0100,58706.37267373022,-7.153244604378415,5831.128550433707,-236.3960875882903,-1.7730715628671478,-0.17591844159217507
6.4,B0200,58706.412652420266,533.3073871072738,5831.105968409105,-236.39608758829067,-1.7730715628675502,-0.17591844159188866
6.6000000000000005,A0100,-58549.44126343514,-13.262620512796275,5888.390733813518,265.53747129533656,-3.9933150557630728,13.966279159578475
6.6000000000000005,A0200,-58880.937218664745,5180.842987956021,5774.388319297421,96.73545596421262,222.6141651937744,-3.4508221562190866
6.6000000000000005,B0100,58659.103975274484,-7.49923513405156,5831.2892863257985,-236.15032882006022,-1.6762966129781498,-2.209429824498532
6.6000000000000005,B0200,58659.1439019323,532.9685936005553,5831.266733690609,-236.15032882006034,-1.676296612978522,-2.2094298244983306
6.800000000000001,A0100,-58496.25370397064,-14.049172122729942,5891.599495771476,266.5777542294215,-3.907228528975899,13.392967841849616
6.800000000000001,A0200,-58862.46170310104,5225.707264132925,5773.9134954388865,87.74597135748003,226.16259112338938,-2.7447583080506424
6.800000000000001,B0100,58611.91478436586,-7.823830789304338,5831.153510652999,-235.7607600464201,-1.559554519610085,-3.4321541912802274
6.800000000000001,B0200,58611.95466224165,532.6511574319302,5831.130985575626,-235.76076004642027,-1.5595545196105332,-3.4321541912799662
7.0,A0100,-58442.894415179784,-14.834937829236878,5894.833906213007,267.1627509146567,-4.073262349071003,14.473433310954933
7.0,A0200,-58845.649644872756,5271.228317424069,5773.512733711905,79.4864011631257,229.26464324518435,-2.4609651777332426
7.0,B0100,58564.75409126901,-8.118326020983659,5830.7745618992085,-235.9337746228616,-1.4310859853606857,-4.868519980062725
7.0,B0200,58564.79392493419,532.3637964850532,5830.7520617921255,-235.9337746228618,-1.4310859853610691,-4.868519980062347
7.2,A0100,-58389.44643914755,-15.701076368022768,5898.346706150016,267.7446023433222,-4.437318936806328,15.329788058925745
7.2,A0200,-58830.56406464401,5317.349293907584,5773.11606024381,70.62132167834243,232.11396405394183,-2.6162098885233234
7.2,B0100,58517.52792645945,-8.40090629529368,5830.229114095964,-236.1692043923622,-1.3590997298974905,-4.081867977054721
7.2,B0200,58517.56771772221,532.0883461515696,5830.206637941017,-236.16920439236216,-1.3590997298978569,-4.081867977053698
7.4,A0100,-58335.82622627457,-16.58579807276692,5901.852796437299,268.7263982015767,-4.440559281612753,14.955888702340353
7.4,A0200,-58817.35616365639,5364.014403056804,5772.622530308399,60.281268733587,234.67800783514136,-3.0547244426510662
7.4,B0100,58470.29401079101,-8.654481691857654,5830.12214786042,-236.16521531918082,-1.229606034639876,-1.605612667404488
7.4,B0200,58470.33376406388,531.8419395115998,5830.099693163062,-236.16521531918056,-1.2296060346403799,-1.605612667402972
7.6000000000000005,A0100,-58282.04531020411,-17.486791442173853,5905.413988517175,269.2584286540188,-4.698821589479979,16.138661562069647
7.6000000000000005,A0200,-58806.37225170081,5411.150354687383,5772.0920946603765,49.016418960719555,236.7504616797992,-2.719457686566107
7.6000000000000005,B0100,58423.058491507036,-8.904042766422208,5830.397333440629,-236.15572395420793,-1.288009554316678,-0.11329036311342137
7.6000000000000005,B0200,58423.09820740273,531.5995802389698,5830.374899857965,-236.15572395420807,-1.2880095543171803,-0.11329036311165197
7.800000000000001,A0100,-58228.18620455483,-18.48743603217008,5909.267780608192,269.7930791369676,-5.147908896205093,17.052153377321773
7.800000000000001,A0200,-58797.480920828646,5458.653997322839,5771.675742429463,39.5839444972711,238.37720209699916,-1.9696546587024182
7.800000000000001,B0100,58375.83911174085,-9.174844429115183,5830.901303390729,-235.9948436129225,-1.3949127395635228,0.8945988802308139
7.800000000000001,B0200,58375.87878703326,531.3359975656931,5830.878892740748,-235.9948436129225,-1.3949127395640197,0.8945988802324696
8.0,A0100,-58174.163199069495,-19.519658479606733,5913.126168643648,270.73785361099783,-5.204734465802709,16.725116700426568
8.0,A0200,-58790.333663297715,5506.459561300984,5771.341809940997,30.95554938624143,239.72202704469953,-1.636512434773995
8.0,B0100,58328.665938065256,-9.449688861925097,5831.48224841417,-235.82044488455765,-1.3523988023137232,0.0590909460121248
8.0,B0200,58328.70557213682,531.0683717097709,5831.459861047842,-235.82044488455765,-1.352398802314227,0.059090946013472964
8.200000000000001,A0100,-58119.96289036986,-20.565855291893968,5916.970797084985,271.5854293287162,-5.235531954709471,16.82328713815872
8.200000000000001,A0200,-58784.981878891296,5554.499406941366,5771.0236650884435,21.77843904095628,240.70107383223953,-1.7223423726075913
8.200000000000001,B0100,58281.50808629483,-9.722294061455614,5831.817552459965,-235.70814544513374,-1.381579494925252,-0.37572006559026344
8.200000000000001,B0200,58281.547679485935,530.8029616699168,5831.795188185031,-235.70814544513385,-1.381579494925717,-0.37572006558912735
8.4,A0100,-58065.62133145817,-21.60773342509856,5920.929543987473,272.0404661394341,-5.274558253544343,18.205606027836797
8.4,A0200,-58781.56308248685,5602.689113916116,5770.624665731051,11.214452128334655,241.10588744746246,-2.0659721956068773
8.4,B0100,58234.39590816918,-10.003770512965275,5832.31705167098,-235.45096500925496,-1.3858873287735762,1.1360030756951611
8.4,B0200,58234.435459133216,530.5286875336897,5832.294711249142,-235.4509650092548,-1.3858873287741604,1.1360030756961335
8.6,A0100,-58011.26251806614,-22.731867143895215,5925.351105894366,271.90930473722057,-6.142812793694148,20.997883261257602
8.6,A0200,-58780.400718904304,5650.887200871952,5770.20985784975,-0.14702318833329633,240.84269069467766,-1.6230616660726898
8.6,B0100,58187.31839440819,-10.254839823923248,5833.0961618051115,-235.46803249421797,-1.189853482415665,2.0757150652709364
8.6,B0200,58187.3579077688,530.2848392716805,5833.073842623628,-235.468032494218,-1.1898534824161406,2.075715065271768
8.8,A0100,-57956.89697085594,-24.069192910712445,5930.145454231835,272.3094290551384,-6.993999184417552,21.5101679903126
8.8,A0200,-58781.34329168734,5699.0200844558785,5769.929249675155,-9.616256347429527,240.5195061154884,-0.783457218794744
8.8,B0100,58140.21875399088,-10.494239432096947,5833.987790660813,-235.5253442141724,-1.2045790086515085,2.5173513637905165
8.8,B0200,58140.25823151824,530.0526737323635,5833.965491717656,-235.52534421417238,-1.2045790086520802,2.517351363791307
9.0,A0100,-57902.37004284245,-25.446433795950725,5934.7860635126635,273.3878308914711,-6.74602731883148,19.833436876487283
9.0,A0200,-58784.035819742785,5747.095377097401,5769.748409742679,-18.24296245009608,240.09046166992837,-0.36208416319524134
9.0,B0100,58093.13086576032,-10.74338593714856,5834.941296731289,-235.35959671036318,-1.2454046331891073,2.8293350073893393
9.0,B0200,58093.170305978034,529.8107648216537,5834.919018863609,-235.3595967103632,-1.2454046331896749,2.82933500739008
9.200000000000001,A0100,-57847.62089296934,-26.76960452236017,5939.0660322252115,274.4689029489778,-6.481227484875548,17.98275516637466
9.200000000000001,A0200,-58788.515938622826,5795.037317123159,5769.603396760751,-27.3399016094014,239.19697824995606,-0.34149707934703954
9.200000000000001,B0100,58046.08356089964,-10.975032939528319,5835.8173870926585,-235.25620885997552,-1.0861698524999992,0.8606964778933163
9.200000000000001,B0200,58046.12296646202,529.5863425990938,5835.795128800099,-235.2562088599755,-1.086169852500693,0.8606964778938512
9.4,A0100,-57792.65839358821,-28.043448861990328,5942.989744386701,275.4919315095424,-6.290210133137188,16.381512375289656
9.4,A0200,-58794.82155722095,5842.76772485326,5769.3839235953055,-36.48373969698169,237.95226137299247,-0.9479316066984539
9.4,B0100,57999.049576050405,-11.175076569616067,5836.057105129341,-234.9240912348531,-0.885034309446335,-2.2583880813385773
9.4,B0200,57999.08895175774,529.393467100952,5836.034863700454,-234.92409123485282,-0.8850343094470539,-2.258388081338322
9.600000000000001,A0100,-57737.49103502469,-29.29302095128878,5946.659253933907,276.4751083679304,-6.218145231573199,15.432290727816186
9.600000000000001,A0200,-58803.03068680042,5890.1843764410005,5768.970846168504,-46.78292237283068,235.84216260714896,-1.9294958236370812
9.600000000000001,B0100,57952.1221711246,-11.33227481256472,5835.904002679123,-234.43248487238475,-0.685349347694713,-3.2614131050847806
9.600000000000001,B0200,57952.16152348429,529.2433870733767,5835.881774438189,-234.4324848723845,-0.685349347695403,-3.2614131050845057
9.8,A0100,-57682.13462458514,-30.52875200381459,5950.1978766868015,277.373812284369,-6.13100712973792,15.026080370808376
9.8,A0200,-58813.42884463229,5937.071699539611,5768.403231783912,-57.790773655927005,232.8631520432073,-2.2036695327486537
9.8,B0100,57905.181366340665,-11.438924190864782,5835.6737493779,-235.06394784310316,-0.43872149202196914,-3.403537269216633
9.8,B0200,57905.22070303383,529.143851324061,5835.651529986215,-235.06394784310308,-0.4387214920225662,-3.4035372692163204
10.0,A0100,-57626.62722231388,-31.740669768034422,5953.767051044826,277.8766109326427,-6.0791125348966695,16.050479603167553
10.0,A0200,-58825.93751654884,5983.351346903164,5767.864810692619,-67.98590933473821,229.6879678161207,-1.40083443162856
10.0,B0100,57858.115891100155,-11.517415980961232,5835.469305282899,-235.51590892738756,-0.35186595831960504,-2.597992237525732
10.0,B0200,57858.15521640729,529.0724943236528,5835.44709232264,-235.51590892738744,-0.35186595832024725,-2.5979922375254376
10.200000000000001,A0100,-57571.04662707548,-32.985818625962565,5957.60131260155,278.37909335892334,-6.265676475131515,16.850671029619978
10.200000000000001,A0200,-58840.35925629856,6029.014711536467,5767.5486534656375,-76.61386275659471,226.87438727421616,-0.1352422282851579
10.200000000000001,B0100,57811.011930456385,-11.596224369506672,5835.609992565023,-235.36460047870372,-0.41563045226500533,0.13452827194185876
10.200000000000001,B0200,57811.05124433233,529.0008561983341,5835.587786061686,-235.36460047870355,-0.41563045226570733,0.1345282719420385
10.4,A0100,-57515.31197666865,-34.23183042462915,5961.425414973157,279.2595371159719,-6.2176017805003365,16.493464455129512
10.4,A0200,-58856.383324883675,6074.158154547931,5767.417749713251,-84.52127760130465,224.14293554806656,0.7377397513711013
10.4,B0100,57763.97725514254,-11.66980075787069,5836.289134630057,-235.133763421759,-0.3539754419259804,1.626825397318098
10.4,B0200,57764.01655838474,528.9344857639444,5836.26693413535,-235.13376342175874,-0.3539754419267817,1.6268253973183384
10.600000000000001,A0100,-57459.43572460803,-35.47246992136934,5965.302336086494,279.70587231584864,-6.289260980813196,17.627275315250824
10.600000000000001,A0200,-58874.042980397375,6118.688925527556,5767.4250443803685,-92.81436944949375,220.80140988227106,1.2968666905953792
10.600000000000001,B0100,57716.92868983015,-11.736660078604473,5836.886522285964,-235.38464831392727,-0.29117261583630916,-0.14441716352598236
10.600000000000001,B0200,57716.96798345931,528.8748274890568,5836.86432721906,-235.38464831392682,-0.291172615837038,-0.14441716352572653
10.8,A0100,-57403.49739437299,-36.77201317858271,5969.460529063104,280.157158650869,-6.586899756625349,18.499400136500743
10.8,A0200,-58893.364197042,6162.5163123955535,5767.471995683223,-101.10316772304486,217.09316058083644,1.2705191096552486
10.8,B0100,57669.86053436537,-11.786062662140466,5837.075581347493,-235.15562552814126,-0.19429528052026232,-1.8803519349547935
10.8,B0200,57669.899821030805,528.8325938794878,5837.053390214056,-235.155625528141,-0.19429528052095807,-1.8803519349545552
11.0,A0100,-57347.414390180056,-38.08914475393249,5973.623051612529,280.9962094816793,-6.60665837181609,18.201494586891815
11.0,A0200,-58914.33457439696,6205.573300935543,5767.435994681491,-109.29382763156633,213.07470165243757,0.6110765047022546
11.0,B0100,57622.87136315168,-11.812667399375641,5837.024740319357,-234.7665808772335,-0.06320701966499932,-2.8425215602050127
11.0,B0200,57622.9106463162,528.8131255205117,5837.002551163419,-234.76658087723345,-0.0632070196656209,-2.842521560204848
11.200000000000001,A0100,-57291.19767796517,-39.4151631254681,5977.845194015259,281.4026621369164,-6.7609108317099835,19.347824706998747
11.200000000000001,A0200,-58936.9927552459,6247.742954019457,5767.1983214819265,-118.30297576614255,207.88537534914323,-0.42851315586325806
11.200000000000001,B0100,57575.92255346934,-11.808751807606313,5836.806664356689,-234.79552116019966,0.062169680859229096,-3.5819369340627527
11.200000000000001,B0200,57575.96183776911,528.8241570008249,5836.784474560576,-234.79552116019954,0.06216968085857764,-3.5819369340627594
11.4,A0100,-57234.9268701018,-40.81733997517949,5982.3487240297145,281.8166139622111,-7.133630648959534,20.224119215720048
11.4,A0200,-58961.54357478244,6288.730331202994,5766.796392929868,-127.73353504345918,201.62975712422997,-0.7710710043399087
11.4,B0100,57528.948146259136,-11.796123852280289,5836.632797873241,-234.79455541965143,0.09109940143696212,-1.552232983262794
11.4,B0200,57528.98743301917,528.8439085298342,5836.610606686372,-234.7945554196513,0.09109940143622997,-1.552232983263407
11.600000000000001,A0100,-57178.5181781657,-42.24856956195072,5986.859770436513,282.6243053645397,-7.201708426110673,19.94269125638649
11.600000000000001,A0200,-58987.892097269476,6328.4826610343625,5766.413356928017,-136.34639662384077,195.4289413208706,-0.03942098101015103
11.600000000000001,B0100,57482.023538502865,-11.76278069225009,5837.1268937580135,-234.53999071588115,0.19488150605003857,1.9059234853751577
11.600000000000001,B0200,57482.06283087484,528.8844250317197,5837.104699400166,-234.5399907158811,0.19488150604932983,1.9059234853742524
11.8,A0100,-57121.982096687076,-43.69962288548413,5991.431098485897,282.9971729832898,-7.422981458373181,21.078086528210058
11.8,A0200,-59015.85069530545,6367.052229049885,5766.241775447525,-143.59287019822642,190.06248161852156,1.1598969813341902
11.8,B0100,57435.13655103705,-11.730651232835953,5838.155182999068,-234.3745395022966,0.101113137945387,3.985118547218991
11.8,B0200,57435.175848841165,528.9237679701837,5838.132985573935,-234.37453950229653,0.10111313794457133,3.9851185472180553
12.0,A0100,-57065.39863254061,-45.241140728914615,5996.279573685693,283.379844447183,-7.858512796918197,21.937623666802086
12.0,A0200,-59045.1544179198,6404.630657864509,5766.245575279849,-150.17442619348694,185.01985962536898,1.9682398155778187
12.0,B0100,57388.288732985,-11.735111566842534,5839.519565943581,-234.13661737270527,-0.09846968088913621,5.493184207686561
12.0,B0200,57388.32803066158,528.9265440120216,5839.497368590481,-234.13661737270488,-0.09846968088996244,5.493184207685513
12.200000000000001,A0100,-57008.68294958932,-46.82125316869133,6001.13511744776,284.16049215401836,-7.967333223359548,21.65889964359742
12.200000000000001,A0200,-59075.80476639421,6441.122087417996,5766.37774178461,-156.92685182296222,179.28991493968815,2.46407104596539
12.200000000000001,B0100,57341.493699503844,-11.731569130613934,5841.037182990487,-234.05580708893817,0.09920697932321826,4.654222536797068
12.200000000000001,B0200,57341.53299826755,528.9373279552929,5841.014985023328,-234.05580708893797,0.09920697932215028,4.654222536796062
12.4,A0100,-56951.84552096486,-48.430989836608205,6006.049509914737,284.5027554200999,-8.25143169746928,22.773154085688127
12.4,A0200,-59107.796929691904,6476.435366220754,5766.541099592134,-163.55525609646133,173.23201034356185,2.38339509335222
12.4,B0100,57294.66665885543,-11.694961200821126,5841.995277186223,-234.2280133524808,0.32406253428560744,0.5902469267866011
12.4,B0200,57294.705963729015,528.9811342305075,5841.973075767884,-234.22801335248073,0.324062534284628,0.5902469267858473
12.600000000000001,A0100,-56894.96677001065,-50.14477331740636,6011.234533134968,284.85735476288386,-8.746237607937214,23.604467821508592
12.600000000000001,A0200,-59141.09755887155,6510.5137928527765,5766.615740578323,-169.99285716434105,166.92495727492374,1.68560184295657
12.600000000000001,B0100,57247.847845771976,-11.597634104964527,5842.15146799594,-233.79823762872581,0.6376643225687915,-2.747817123752106
12.600000000000001,B0200,57247.887165978726,529.0855895864952,5842.129257916637,-233.79823762872581,0.63766432256778,-2.747817123752851
12.8,A0100,-56837.96083740526,-51.90594144717761,6016.4241175528805,285.61364601529954,-8.892736363646682,23.319791670364747
12.8,A0200,-59175.707059117274,6543.235971049315,5766.486510878865,-176.84385321518582,159.25456534366992,0.6198528742575575
12.8,B0100,57201.147392579165,-11.451753447061492,5841.846949435232,-233.28125598837943,0.7953732041034657,-4.2409337505053815
12.8,B0200,57201.186735492294,529.2385409694107,5841.824726530198,-233.28125598837934,0.7953732041025422,-4.2409337505062865
13.0,A0100,-56780.83830700035,-53.70645937045265,6021.669693197258,285.92779073143026,-9.242185132781573,24.406002129995812
13.0,A0200,-59211.728569247134,6574.257137271845,5766.193062544342,-183.7689336127992,150.4298639969367,0.254320063421991
13.0,B0100,57154.48242427057,-11.28078095076853,5841.360280979174,-233.4106831526435,0.8807450718493847,-4.916017863571938
13.0,B0200,57154.52179369985,529.4165631600517,5841.33804309645,-233.41068315264337,0.8807450718484445,-4.9160178635730185
13.200000000000001,A0100,-56723.67994534473,-55.625298419028695,6027.1777228117535,286.2571621192748,-9.799045455478442,25.20034748337024
13.200000000000001,A0200,-59249.0245464071,6603.6281956365565,5765.891680300316,-189.4869451949527,142.98400307778385,0.4122842965734978
13.200000000000001,B0100,57107.78083657152,-11.110847226031183,5840.8635667543385,-233.41841493666507,0.8241084405135145,-3.4424400393446297
13.200000000000001,B0200,57107.820232359445,529.5935512836477,5840.841313981822,-233.41841493666476,0.8241084405124164,-3.4424400393463386
13.4,A0100,-56666.39376157192,-57.593633773631154,6032.659711033022,287.0577053473546,-9.888521778822543,24.51596356436202
13.4,A0200,-59287.375142723155,6631.63458848626,5765.572649212281,-194.5645445516936,136.1986235627753,0.22024781294201584
13.4,B0100,57061.11354290216,-10.944883480613498,5840.913250585381,-233.30692377160156,0.7984785699897047,-0.5605360233517187
13.4,B0200,57061.1529644519,529.7666111202125,5840.890983263405,-233.3069237716014,0.7984785699883912,-0.560536023354283
13.600000000000001,A0100,-56608.954555123324,-59.57280922580321,6038.002589000687,287.7913828649924,-9.902457009361456,23.86723155121638
13.600000000000001,A0200,-59326.74293934911,6658.2097644728565,5765.173391064636,-199.57355042006876,128.79952553356074,-0.3765654990348306
13.600000000000001,B0100,57014.456286427936,-10.79577290688394,5841.4008037133935,-233.26048331997447,0.6568856956323786,1.1035323451390857
13.600000000000001,B0200,57014.49573117855,529.922853843269,5841.378523284238,-233.26048331997433,0.656885695630962,1.1035323451362833
13.8,A0100,-56551.39182764875,-61.55204029156448,6043.320797341665,288.15320216596973,-9.991350044327444,24.604585215919506
13.8,A0200,-59367.116416857214,6683.201610646265,5764.600611445254,-204.72443629931897,119.94040990779719,-1.264773188526902
13.8,B0100,56967.817525479186,-10.6962640250822,5842.150214759738,-233.1032306057572,0.3740083939209464,2.2904016505426514
13.8,B0200,56967.85698589689,530.0295145427372,5842.127925482066,-233.10323060575718,0.3740083939193752,2.290401650539865
14.0,A0100,-56493.785801088845,-63.59346949213068,6048.8523769880885,288.50324692420725,-10.314789318759006,25.233700392919992
14.0,A0200,-59408.52678801622,6706.254570858066,5763.909610797706,-209.70309428540756,109.99737156560472,-1.40424702587611
14.0,B0100,56921.2179329222,-10.617119690232357,5842.995284439752,-233.05542850833953,0.4435440007084154,1.1905683190919778
14.0,B0200,56921.25740590597,530.1158129543765,5842.9729880630475,-233.05542850833945,0.4435440007067165,1.1905683190896508
14.200000000000001,A0100,-56436.05577742841,-65.66098029306522,6054.36119817603,289.23113932294814,-10.38676796971814,24.86526130172111
14.200000000000001,A0200,-59450.84797135937,6727.4583057193195,5763.256290543017,-213.77821090781936,101.67930927357249,-1.0588720056954055
14.200000000000001,B0100,56874.617197470114,-10.514158756988763,5843.360202041873,-232.80889882520268,0.6059581163898494,-1.2603812236807779
14.200000000000001,B0200,56874.65668664449,530.2258869229954,5843.337896519886,-232.80889882520262,0.6059581163882999,-1.2603812236829242
14.4,A0100,-56378.215231497496,-67.74748908211768,6059.912004946949,289.5146331987269,-10.589827303435634,25.886323578989273
14.4,A0200,-59493.92360433462,6747.135269642509,5762.623344638498,-217.36960381505781,94.10649150835653,-1.0690284699688113
14.4,B0100,56828.10726136626,-10.376990725417272,5843.436704824326,-232.36131140994982,0.7700832177330729,-1.870105209016052
14.4,B0200,56828.14677192405,530.3701294335115,5843.414387224948,-232.36131140995002,0.7700832177315341,-1.8701052090180488
14.600000000000001,A0100,-56320.345083098226,-69.9208793291291,6065.7153747818265,289.8089645656672,-11.024504638082957,26.654056191882756
14.600000000000001,A0200,-59537.705446119726,6765.221661396197,5761.953549127644,-220.77759431847747,85.9180864851174,-1.4501069427392757
14.600000000000001,B0100,56781.63158929278,-10.195903484491282,5843.498492394636,-232.46926214087313,0.9869974089354597,-1.776578647574534
14.600000000000001,B0200,56781.67112790783,530.55828468443,5843.476158947069,-232.46926214087318,0.9869974089338587,-1.776578647576466
14.8,A0100,-56262.36064367085,-72.13658253685571,6071.519012081724,290.495598861579,-11.158759684448533,26.375487297630993
14.8,A0200,-59582.1529850725,6781.565874082662,5761.161042440461,-224.0360388277907,76.25808562082565,-2.068084716882785
14.8,B0100,56735.112556597305,-9.993316944783146,5843.616010314043,-232.67348742108558,1.0271030851577196,-0.879037960538678
14.8,B0200,56735.152126536355,530.767950604095,5843.593659172002,-232.67348742108544,1.0271030851560472,-0.8790379605405535
15.0,A0100,-56204.27342002987,-74.38483800413451,6077.376504011765,290.7425921488776,-11.444361195414256,27.424165699439005
15.0,A0200,-59627.22578417737,6795.8157833816,5760.313856469449,-226.90666000220955,65.6042350610909,-1.9023007529241147
15.0,B0100,56688.593686079075,-9.803502124923398,5844.092506446075,-232.4305146182629,0.8844070687369613,1.9033371593527126
15.0,B0200,56688.63328540414,530.9648755947164,5844.070138706367,-232.43051461826298,0.8844070687351206,1.9033371593512767
15.200000000000001,A0100,-56146.16339429351,-76.7377309642543,6083.487043087276,291.0066962693221,-11.956746318906529,28.188405183400224
15.200000000000001,A0200,-59672.81798796008,6808.091474531677,5759.564676257498,-229.21862995931176,56.74351887563128,-1.3033711543883586
15.200000000000001,B0100,56642.15189288692,-9.623620914804633,5845.121705190872,-232.17626599414663,0.8962667300205299,3.497121930444942
15.200000000000001,B0200,56642.19152009116,531.151902705431,5845.099321701426,-232.1762659941469,0.8962667300188106,3.4971219304434844
15.4,A0100,-56087.93878994059,-79.13758315193991,6089.57149470651,291.74140172631945,-12.045515390885797,27.51535471282157
15.4,A0200,-59718.84169066228,6818.7395592422945,5758.885923739625,-231.2110286647117,48.69436539366578,-1.0786274050359215
15.4,B0100,56595.69710844298,-9.440630953988148,5846.087487083507,-232.44214785513347,0.9579574744376961,1.80849281782714
15.4,B0200,56595.736763998175,531.3420350979213,5846.065087581057,-232.44214785513347,0.9579574744359022,1.8084928178255903
15.600000000000001,A0100,-56029.5974168067,-81.55634927676147,6095.582609964156,292.06340177132984,-12.27524755577865,27.833355028955815
15.600000000000001,A0200,-59765.237773697794,6827.70415168866,5758.223502651104,-232.9052354975396,40.062984883203,-1.200115218550773
15.600000000000001,B0100,56549.217250543545,-9.241137953733414,5846.663809106885,-232.2465430159244,1.0384310502557401,0.16822463689041772
15.600000000000001,B0200,56549.25693695493,531.5486409090081,5846.641392177407,-232.24654301592435,1.0384310502539864,0.16822463688884756
15.8,A0100,-55971.214638700985,-84.07027734930307,6101.724285224409,292.40483491943536,-12.738829745104965,28.13900164522644
15.8,A0200,-59811.94452629901,6834.928956220865,5757.479950136039,-234.29291200397026,31.31450885001822,-1.8847201446863968
15.8,B0100,56502.813538958544,-9.025719288107211,5847.024173518912,-231.8585485367124,1.1341951604127365,-0.6577612227401619
15.8,B0200,56502.85325864452,531.7711422762586,5847.001737792085,-231.85854853671228,1.134195160411052,-0.6577612227417895
16.0,A0100,-55912.70715497995,-86.62372775421318,6107.774443511211,293.16532617057806,-12.808244315742003,27.234261467702545
16.0,A0200,-59858.88889971604,6840.312683926331,5756.551058066088,-235.19511938887644,21.216160060120238,-2.8789610204762335
16.0,B0100,56456.443122419296,-8.780094351546722,5847.205768610984,-231.96196434215125,1.2842817831744555,-1.8247985642235085
16.0,B0200,56456.4828799682,532.0238295077652,5847.183311497225,-231.9619643421514,1.2842817831729254,-1.8247985642250522
16.2,A0100,-55854.054803830324,-89.18639003958742,6113.649854778447,293.8532890106076,-12.827729438255282,26.454038370174562
16.2,A0200,-59905.94915205191,6843.5179302491815,5755.490120515322,-235.48554725854484,10.163553652232277,-3.131920480625545
16.2,B0100,56410.03683125285,-8.520850423465163,5847.249342524061,-231.96651219020538,1.323539178523792,-1.0260253062968103
16.2,B0200,56410.076628732386,532.29012933583,5847.2268628565,-231.9665121902053,1.323539178522191,-1.0260253062978455
16.400000000000002,A0100,-55795.289038548486,-91.75267410547531,6119.4801981749515,294.16047706885934,-12.94350999164067,27.090804862598194
16.400000000000002,A0200,-59953.03348096626,6844.594672359566,5754.483304950569,-235.38066579152047,-0.18333972250311792,-2.3132268677873706
16.400000000000002,B0100,56363.663675024996,-8.244513666395505,5847.723414707496,-231.8648601688775,1.3975477757419652,1.3743505164910754
16.400000000000002,B0200,56363.70351503699,532.5735539108282,5847.700911014337,-231.86486016887736,1.3975477757402288,1.3743505164904128
16.6,A0100,-55736.49098702236,-94.3884661832999,6125.502846368552,294.4490629406673,-13.314787494521994,27.648179560264616
16.6,A0200,-60000.08290414773,6843.727938790133,5753.719348099927,-235.19763990321664,-8.938813841187484,-1.0515571470899245
16.6,B0100,56317.29579262236,-7.971977740762668,5848.56243488795,-231.83453815866312,1.308170607836547,2.7895386798395694
16.6,B0200,56317.33567458983,532.8532081778867,5848.539907497241,-231.83453815866324,1.3081706078346604,2.7895386798389628
16.8,A0100,-55677.58323878959,-97.0606627549023,6131.500295527261,295.09797712809717,-13.438844319781177,27.30067900207196
16.8,A0200,-60047.10529680056,6841.242970649058,5753.155763647286,-234.90865231454484,-16.971016186009013,-0.1749657135985052
16.8,B0100,56270.94619120845,-7.732470499264309,5849.622253625632,-231.66481491059048,1.1260064515559582,3.797581903776399
16.8,B0200,56270.986110116224,533.0998499390334,5849.599705369139,-231.6648149105904,1.1260064515540689,3.7975819037756358
17.0,A0100,-55618.58020417506,-99.76279816803435,6137.539015598384,295.3115753940101,-13.702453235884393,28.274811490253192
17.0,A0200,-60094.02402462698,6837.080400612667,5752.7535554530405,-234.15816590787512,-25.553130647285858,0.43703752629592224
17.0,B0100,56224.63788397086,-7.487883611127472,5850.749036384848,-231.60512184879417,1.3187228369203123,2.585615869574597
17.0,B0200,56224.67784058786,533.351570816576,5850.726466826101,-231.60512184879428,1.3187228369183512,2.585615869573751
17.2,A0100,-55559.56047056405,-102.56561531613261,6143.814703587217,295.53948680304705,-14.211371118493975,28.98070105601367
17.2,A0200,-60140.76270136428,6831.189927693344,5752.424180419526,-233.07713911389854,-34.220758108851264,0.509411382527072
17.2,B0100,56178.33021014818,-7.20515817222622,5851.377602788409,-231.35081820161673,1.5289009319681701,0.05924369442743333
17.2,B0200,56178.37021026921,533.6413873839556,5851.35500865955,-231.35081820161676,1.5289009319662696,0.05924369442642194
17.400000000000002,A0100,-55500.43531219328,-105.41755903261947,6150.06035714535,296.22310294097286,-14.313050272897865,28.30675141834187
17.400000000000002,A0200,-60187.25729787934,6823.565264068635,5752.055944992917,-231.69148415585596,-42.87952429474458,0.008428882766230683
17.400000000000002,B0100,56132.11626676126,-6.878112346959824,5851.705352221183,-230.88094134931967,1.7464926161380139,-0.6123374079993991
17.400000000000002,B0200,56132.15631711924,533.9754842711664,5851.682729714841,-230.88094134931976,1.7464926161361085,-0.6123374080004624
17.6,A0100,-55441.20234099029,-108.28918238405095,6156.229054353331,296.50956132104557,-14.537722533193103,28.584983535961456
17.6,A0200,-60233.409793835046,6814.133265693079,5751.546303580588,-229.4340231320309,-52.673912251646755,-0.7775713913808716
17.6,B0100,56085.94064796243,-6.496500326327805,5852.00123219558,-230.97547311903753,2.013965793320765,-0.6136982022175501
17.6,B0200,56085.9807568487,534.3641387921452,5851.978576628371,-230.97547311903756,2.0139657933188113,-0.6136982022187998
17.8,A0100,-55381.93470078673,-111.25608114751958,6162.5198470745745,296.80983002583145,-15.019089202784887,28.873109815384094
17.8,A0200,-60278.999765894274,6802.610431126843,5750.955085558235,-226.28955898567614,-63.191705092598085,-0.808008025650334
17.8,B0100,56039.722017427404,-6.08378425967021,5852.329315515566,-231.1803618987431,2.1023409098588695,0.1453985185249946
17.8,B0200,56039.76218956695,534.7839066617271,5852.306624220713,-231.18036189874329,2.102340909856817,0.14539851852371033
18.0,A0100,-55322.55267932419,-114.26819484961379,6168.722833042932,297.5143048578256,-15.114911655334202,28.001477009869483
18.0,A0200,-60323.993893594285,6789.141328257887,5750.436484154165,-223.59841097575764,-71.91964180152331,-0.36482382577580363
18.0,B0100,55993.50408242333,-5.674218799591472,5852.974006655681,-230.95479145373724,1.9825275204188368,2.2460812532129673
18.0,B0200,55993.544317336986,535.2005509950504,5852.951279901703,-230.95479145373727,1.9825275204166162,2.2460812532114667
18.2,A0100,-55263.03647956004,-117.29343437670104,6174.755971228111,298.15111523376265,-15.152233264945062,27.24712427848331
18.2,A0200,-60368.501640560935,6774.0692444492815,5749.968793187021,-221.0856292869128,-79.75818831245805,-0.2794032688871302
18.2,B0100,55947.3308517419,-5.2823721554923395,5853.886731037506,-230.8947132929833,1.9671577256835082,2.4617651022798395
18.2,B0200,55947.37114674347,535.5994927263237,5853.863970343849,-230.89471329298354,1.9671577256811394,2.4617651022782305
18.400000000000002,A0100,-55203.4166344149,-120.32588474067597,6180.74810284569,298.41513822667713,-15.284743747293042,27.881165048821465
18.400000000000002,A0200,-60412.44711184749,6757.381666964055,5749.497450648723,-218.03004610864167,-87.91982513787563,-0.544156172003564
18.400000000000002,B0100,55901.17004429054,-4.8820253786834655,5854.704586147829,-230.67685135245358,2.078341694374386,1.6236498435286617
18.400000000000002,B0200,55901.210400670025,536.0069245586928,5854.681790783692,-230.6768513524539,2.0783416943719746,1.6236498435270101
18.6,A0100,-55143.7724864429,-123.43244913244052,6186.927986069659,298.65954704736,-15.690616483550764,28.42705573762776
18.6,A0200,-60455.75191307419,6739.06621134837,5748.926054351781,-214.67136394912689,-96.0029297778892,-1.36157338116097
18.6,B0100,55855.06333134466,-4.434384166783275,5855.160928694713,-230.46357917880934,2.3636414507095833,-1.5456493572701664
18.6,B0200,55855.10375628683,536.4616115752215,5855.1380946039135,-230.4635791788095,2.363641450707231,-1.5456493572716195
18.8,A0100,-55084.02934096678,-126.58328131652524,6193.087226578056,299.2501735932655,-15.85282764068833,28.11899710706128
18.8,A0200,-60498.30366714927,6719.0768096034335,5748.151920592285,-210.19979717681505,-104.97722877105242,-2.4964499397265176
18.8,B0100,55808.984015166934,-3.9443496314452204,5854.973126839028,-230.25771323604656,2.529748606042019,-3.534917199742767
18.8,B0200,55809.024515107325,536.9586324577249,5854.950250383226,-230.25771323604673,2.529748606039591,-3.5349171997442697
19.0,A0100,-55024.201519475675,-129.7709909870464,6199.291118974994,299.4196696636062,-16.148795066375722,29.07476830116783
19.0,A0200,-60539.820847660674,6697.187707818965,5747.226242547964,-204.6908617493854,-114.4718608729943,-2.9010256911863666
19.0,B0100,55762.95420868115,-3.4295389752005576,5854.804930344373,-230.028522740001,2.649961928458813,-1.8425710316473305
19.0,B0200,55762.99478738519,537.4804236180935,5854.78200940094,-230.02852274000125,2.649961928456326,-1.8425710316489483
19.200000000000003,A0100,-54964.364809066115,-133.06693799981076,6205.723451133756,299.60498418216605,-16.712097581759615,29.745671554884154
19.200000000000003,A0200,-60580.248549496006,6673.484724401624,5746.335414813937,-199.20258368243867,-123.18388448466503,-2.227583883250909
19.200000000000003,B0100,55716.96031527588,-2.8624938423999993,5855.067543735175,-229.99141094729987,2.965357791229443,0.21329707863981895
19.200000000000003,B0200,55717.00098068513,538.0544807795886,5855.044573816169,-229.9914109473001,2.9653577912267712,0.2132970786380214
19.400000000000002,A0100,-54904.44062784488,-136.42469673931555,6212.147872729784,300.17003741315784,-16.8715300392401,29.27148772012575
19.400000000000002,A0200,-60619.631842415125,6648.153059424032,5745.668756392832,-194.48064444951692,-130.5117364057671,-1.0942061395187344
19.400000000000002,B0100,55670.97274622259,-2.25800026401339,5855.710391561632,-229.81111666195625,3.0984293129743747,2.3389981774384876
19.400000000000002,B0200,55671.013504029404,538.6660180594517,5855.6873694517235,-229.81111666195645,3.0984293129716596,2.338998177436543
19.6,A0100,-54844.42399939453,-139.80736318686104,6218.5102700767275,300.41318331153377,-17.090140689302235,29.53743407831789
19.6,A0200,-60658.14988854592,6621.465645570301,5745.186078367911,-190.06132051206035,-137.16083603763806,-0.3364165092414937
19.6,B0100,55625.01234039418,-1.6214342941930227,5856.610464414382,-229.96461998156505,3.2242115015489032,2.051400843175551
19.6,B0200,55625.053195473854,539.3096456862186,5856.587387360814,-229.96461998156562,3.2242115015462267,2.051400843173675
19.8,A0100,-54784.38123810144,-143.28504527054247,6224.991957101105,300.6633496866814,-17.589800041571316,29.834888024844112
19.8,A0200,-60695.708070591485,6593.412701891135,5744.848643376339,-184.96939893768288,-144.03224875179637,0.15778194536807727
19.8,B0100,55578.993999556005,-0.9751601177849807,5857.222785451511,-230.2367406196401,3.2751373477010506,-0.1782067512951866
19.8,B0200,55579.03495338268,539.9629656222387,5857.199652619485,-230.2367406196403,3.2751373476983927,-0.1782067512969116
20.0,A0100,-54724.23542762718,-146.81370607004283,6231.392664533421,301.3125771308358,-17.709569530226062,28.998063043669713
20.0,A0200,-60732.21733861687,6563.992439539066,5744.569166072619,-179.56502273030785,-150.795037803678,0.12188625393993702
20.0,B0100,55532.95650855402,-0.3110628447793715,5857.338907929829,-229.99935843409716,3.3692161331213115,-2.308530224582437
20.0,B0200,55532.99756383285,540.6340689701719,5857.3157177924,-229.9993584340974,3.3692161331186594,-2.308530224583992
20.200000000000003,A0100,-54663.96559934699,-150.358744248093,6237.628240968192,301.90054974155623,-17.761621129627077,28.269977518987783
20.200000000000003,A0200,-60767.62227475573,6533.23386501077,5744.238326291143,-173.91643132945478,-157.38583285070013,-0.47230378327405254
20.200000000000003,B0100,55487.00227430576,0.3734717319130141,5857.158519511711,-229.54546020538004,3.4742169152150253,-3.333853829327222
20.200000000000003,B0200,55487.04343414023,541.3255715204687,5857.1352703180055,-229.54546020538015,3.4742169152122995,-3.3338538293286284
20.400000000000002,A0100,-54603.60155528987,-153.91350091811546,6243.82701980045,302.12240584995266,-17.90143651857016,28.902935294568326
20.400000000000002,A0200,-60801.80241319186,6501.126002853842,5743.756285799962,-166.93260343223224,-164.4886332503686,-1.3463141265794127
20.400000000000002,B0100,55441.089126751926,1.082879736317409,5856.860642768901,-229.65763695974294,3.581471227372675,-3.6129675944294126
20.400000000000002,B0200,55441.13039491822,542.0419311680635,5856.837332380583,-229.6576369597433,3.5814712273697933,-3.6129675944308497
20.6,A0100,-54543.22113260343,-157.54468356689904,6250.209721854764,302.3229095132698,-18.331984985053698,29.4414121137838
20.6,A0200,-60834.42061384503,6467.541487853003,5743.183620749489,-158.80448776410864,-171.75801962385418,-1.4641313567036578
20.6,B0100,55395.13841187323,1.7964920198573964,5856.688752295187,-229.69143723420777,3.577807239925956,-1.292362440202628
20.6,B0200,55395.179789015245,542.7625116179115,5856.665380352835,-229.69143723420805,3.5778072399228775,-1.2923624402041354
20.8,A0100,-54482.75223581083,-161.2266593936547,6256.576862301903,302.85651529883717,-18.526574798492472,29.174599960479814
20.8,A0200,-60865.5231230432,6432.618831377131,5742.675431418858,-152.00059500402455,-177.74996133066097,-1.0938069630986487
20.8,B0100,55349.23949091733,2.5301951411311165,5857.212151915352,-229.3527281764667,3.7036582866787864,1.9941145103461113
20.8,B0200,55349.28098009048,543.5032347157576,5857.188716692046,-229.352728176467,3.7036582866756373,1.9941145103445996
21.0,A0100,-54422.2090806339,-164.95067910222133,6262.992567461999,302.98218709140536,-18.841447665156952,30.116773754841528
21.0,A0200,-60895.384111070845,6396.592285609295,5742.211837934443,-145.8201322458662,-183.07867491863036,-1.0676273381974752
21.0,B0100,55303.377829655234,3.2657909492882027,5858.111165942311,-229.38634887431414,3.632551591321676,2.8150368420772702
21.0,B0200,55303.41943114899,544.2458770838202,5858.087667274533,-229.38634887431454,3.63255159131841,2.8150368420758713
21.200000000000003,A0100,-54361.66494945522,-168.78720896322193,6269.629772383487,303.1245690328532,-19.43660341153198,30.763776364497403
21.200000000000003,A0200,-60923.93251256668,6359.490191255431,5741.740441697675,-139.0075413321082,-188.40073252181142,-1.379572831868784
21.200000000000003,B0100,55257.50573802454,3.9716872342723946,5859.08376509864,-229.31543219899643,3.4748543041151274,3.0087613917157947
21.200000000000003,B0200,55257.54744732771,544.9588278279698,5859.060205533478,-229.31543219899677,3.474854304111783,3.008761391714586
21.400000000000002,A0100,-54301.01792421052,-172.67851136174068,6276.193471232302,303.9956009071734,-19.414809572976147,29.3549213008436
21.400000000000002,A0200,-60951.013787529555,6321.309570220972,5741.183450460125,-130.7491948846786,-193.97243275632235,-1.8879198520437968
21.400000000000002,B0100,55211.669020196336,4.684134353447007,5859.9857567604195,-229.12662989714786,3.6706814075870646,1.5702817841525207
21.400000000000002,B0200,55211.7108383013,545.6783179689992,5859.962135739472,-229.1266298971482,3.6706814075837304,1.570281784151244
21.6,A0100,-54240.177141865475,-176.53725991399915,6282.417789728333,304.8050468012694,-19.258301611046026,28.119950599266105
21.6,A0200,-60976.278554892546,6281.995634919978,5740.618660302076,-121.42226968925817,-199.44463822025682,-1.5936762213847024
21.6,B0100,55165.85675990209,5.43585305437955,5860.336155323839,-229.05648468541742,3.7454326792616133,-2.4339717592115644
21.6,B0200,55165.89869277655,546.4370286285084,5860.312469477303,-229.05648468541784,3.745432679258374,-2.433971759213122
21.8,A0100,-54179.23968326735,-180.3879160570832,6288.611935957921,304.9598183681733,-19.39877622968275,28.93359524377713
21.8,A0200,-60999.815293400825,6241.681221068156,5740.195306249712,-113.68633148400069,-203.91582954235375,-0.8921302716113296
21.8,B0100,55120.04126505285,6.179663310314936,5859.8902992894,-229.08083755089302,3.739192084409571,-5.441625340572706
21.8,B0200,55120.0833114868,547.1877629846422,5859.866549295402,-229.08083755089345,3.739192084406391,-5.441625340574011
22.0,A0100,-54118.295411384184,-184.33398343284716,6295.000287915569,305.1188064760299,-20.006482566902204,29.455398751687426
22.0,A0200,-61021.937751586855,6200.5400789651685,5739.878365341803,-106.66366078331443,-207.87521621668785,-0.5652933270965611
22.0,B0100,55074.211440417326,6.926121550059179,5859.226763230137,-229.050333290142,3.7174922862694126,-4.271122117767074
22.0,B0200,55074.25360081425,547.941128817889,5859.202948866121,-229.0503332901422,3.717492286266203,-4.271122117767656
22.200000000000003,A0100,-54057.268518655226,-188.3562112662512,6301.351097309871,305.6615268691195,-20.230467909532067,28.83750065368508
22.200000000000003,A0200,-61042.57717082528,6158.611734202561,5739.618695190402,-99.00001722197588,-211.71378648817173,-0.547907648510745
22.200000000000003,B0100,55028.417579163535,7.6727257119746355,5859.097347772989,-228.92429330267467,3.7084841188141295,-1.11343092192306
22.200000000000003,B0200,55028.459853543136,548.6946809545188,5859.07346902461,-228.9242933026751,3.7084841188107642,-1.1134309219228522
22.400000000000002,A0100,-53996.134701241615,-192.4106955918578,6307.5637611176535,306.1848980771948,-20.342271707487008,28.18801216818979
22.400000000000002,A0200,-61061.6635525743,6115.937321367768,5739.325423548886,-91.15244556818138,-215.30111634788418,-1.061438935560703
22.400000000000002,B0100,54982.64102518457,8.398467522994906,5859.528909420314,-228.77515722145947,3.51368666072734,1.4557671919636814
22.400000000000002,B0200,54982.68341038414,549.4274162636466,5859.50496807403,-228.77515722145955,3.5136866607239083,1.4557671919646085
22.6,A0100,-53934.918136129265,-196.48836425581248,6313.750677434098,306.3607747257245,-20.5636812779512,28.83518500800943
22.6,A0200,-61079.08038591239,6072.556549337969,5738.903311123093,-81.87464861928936,-218.79270451143995,-1.82310700706567
22.6,B0100,54936.92428630224,9.062192985406,5860.440029299123,-228.49377560269772,3.133850165346077,3.5810487083090616
22.6,B0200,54936.966772898784,550.0981672989838,5860.416030679677,-228.49377560269772,3.133850165342446,3.5810487083100773
22.8,A0100,-53873.6931018495,-200.66118848511542,6320.11702111526,306.5171937096122,-21.091111990305446,29.356250191144593
22.8,A0200,-61094.470614405,6028.496007572554,5738.4197901453845,-71.51643581365906,-221.95315951925392,-1.8081277614817848
22.8,B0100,54891.26057822439,9.667686864268035,5861.66548883645,-228.14453469634725,2.955878262283012,4.792186166407879
22.8,B0200,54891.30315736985,550.7107056762761,5861.641437940605,-228.14453469634716,2.9558782622793864,4.79218616640835
23.0,A0100,-53812.3845466128,-204.89348805222107,6326.442025249446,307.07137659087863,-21.245255364808532,28.691134471252195
23.0,A0200,-61107.93984542406,5983.862341171116,5738.028108297109,-62.911702586815835,-224.51527462995065,-1.3314236024585444
23.0,B0100,54845.68639997122,10.274902971166739,5862.990117342139,-227.78531439553436,3.1062589461673107,3.751394451285674
23.0,B0200,54845.72907192673,551.3249611874635,5862.966014022393,-227.78531439553421,3.1062589461637127,3.751394451285479
23.200000000000003,A0100,-53750.969887527484,-209.1452273437426,6332.628314807134,307.578444520943,-21.3001062464423,28.072269569426588
23.200000000000003,A0200,-61119.83512570502,5938.75163749923,5737.703155141866,-55.14155574783808,-226.74276992363497,-1.2056354628744137
23.200000000000003,B0100,54800.1355895254,10.91209747693938,5863.711083906575,-227.74793392164923,3.291129621480572,-0.5590970010718952
23.200000000000003,B0200,54800.17835884579,551.9691397313909,5863.686925591195,-227.7479339216492,3.2911296214771495,-0.5590970010726446
23.400000000000002,A0100,-53689.47513365038,-213.4029996201789,6338.794211505385,307.747568420603,-21.390420756788245,28.740005642426883
23.400000000000002,A0200,-61130.10185726182,5893.218532100553,5737.394742901117,-46.79028564953885,-228.70196388823666,-1.4003144450981373
23.400000000000002,B0100,54754.61261150072,11.582416878394724,5863.730386832445,-227.43383855808906,3.3633509044328296,-2.362366240134407
23.400000000000002,B0200,54754.65548321122,552.6463787116845,5863.706170681853,-227.43383855808884,3.36335090442928,-2.3623662401353416
23.6,A0100,-53627.97306539868,-217.72730266731378,6345.145056191308,307.89400716228,-21.80234294040077,29.297005375343154
23.6,A0200,-61138.684903338435,5847.31964219387,5737.011389712683,-38.335342119513584,-230.3710736691651,-2.123256516734255
23.6,B0100,54709.15056013547,12.242116508881736,5863.74712090486,-227.20492421876872,3.254733837641326,-1.0566507425859135
23.6,B0200,54709.19353262399,553.3129884405062,5863.722847830726,-227.20492421876864,3.2547338376377635,-1.056650742586888
23.8,A0100,-53566.39707462615,-222.1041771031596,6351.492768673968,308.34689258072547,-22.008920666815506,29.113185025782148
23.8,A0200,-61145.48280253171,5801.121098559743,5736.456450712507,-28.51701187895332,-231.61218052394483,-3.1204858776942634
23.8,B0100,54663.71946142826,12.908112127068307,5864.117844793243,-227.19291275863932,3.3610669710237544,0.6282130523059438
23.8,B0200,54663.76253565082,553.9859198372978,5864.09351425448,-227.1929127586392,3.361066971020112,0.6282130523050385
24.0,A0100,-53504.7605105766,-226.52037146417933,6357.898724376722,308.42326318078335,-22.2787888982533,30.055083685516685
24.0,A0200,-61150.15187091479,5754.7317075636165,5735.7902214917885,-17.69617783457467,-232.2848764798879,-3.359649325432464
24.0,B0100,54618.272444580834,13.577036682429025,5864.733295171529,-227.26739389962722,3.305145497687233,1.5600144309755992
24.0,B0200,54618.31562098446,554.6618036007058,5864.708906912416,-227.267393899627,3.305145497683577,1.5600144309746418
24.200000000000003,A0100,-53443.13138819157,-231.0399723591363,6364.521464843052,308.5140254498733,-22.859020153588833,30.697425602513775
24.200000000000003,A0200,-61152.81426342097,5708.229649698402,5735.169222669123,-8.704842538772649,-232.78930710502155,-3.09361950526465
24.200000000000003,B0100,54572.82597242377,14.220072321841144,5865.4939707963895,-227.22489303140287,3.1310152707732644,2.0506172806074674
24.200000000000003,B0200,54572.86924707648,555.3118108296621,5865.469527042205,-227.22489303140262,3.131015270769665,2.0506172806064074
24.400000000000002,A0100,-53381.41423395218,-235.61885186889413,6371.08063935515,309.29025172305023,-22.881679971825783,29.389765154159644
24.400000000000002,A0200,-61153.83035169661,5661.627231063176,5734.576750209355,-0.6123771239181202,-233.16142730049063,-3.1558356571497943
24.400000000000002,B0100,54527.40233055474,14.828689497488085,5866.2589530191835,-226.98714678334855,3.019321288470563,1.6263658012792326
24.400000000000002,B0200,54527.44569822675,555.9273964941058,5866.2344567218315,-226.98714678334855,3.019321288467032,1.6263658012781108
24.6,A0100,-53319.52303883167,-240.17029770143927,6377.322573437297,310.01568285906313,-22.711727261486587,28.24154074480946
24.6,A0200,-61153.16096612823,5614.990555798569,5733.962493265546,7.976101521793266,-233.13439469563437,-3.5441213210157816
24.6,B0100,54482.0439030105,15.453451404438965,5866.775527827209,-226.5967829424642,3.23324451754759,-0.4589486828229537
24.6,B0200,54482.087366152315,556.5590956577544,5866.750977604657,-226.596782942464,3.233244517544089,-0.4589486828241492
24.8,A0100,-53257.547359262244,-244.70496976257346,6383.540044877176,310.1296581290163,-22.7920686622173,29.030313644593253
24.8,A0200,-61150.68261058664,5568.4131210144915,5733.250575248436,17.856447630582366,-232.40560495496186,-4.121108170758477
24.8,B0100,54436.736057948736,16.122326832057297,5866.7945951527545,-226.601104965948,3.377765035435095,-3.425721411064356
24.8,B0200,54436.77962325863,557.2348579498794,5866.769987220407,-226.60110496594797,3.3777650354316084,-3.4257214110655463
25.0,A0100,-53195.572411181725,-249.32492232347795,6389.944632579409,310.23868205893183,-23.381665285689696,29.545811139146387
25.0,A0200,-61146.086000637835,5522.068342491242,5732.519117673855,28.5222103231682,-230.94526627587032,-3.8904675335742693
25.0,B0100,54391.38426446336,16.802218696615455,5866.29250062264,-226.84779807873954,3.4427081519272686,-4.884867799760262
25.0,B0200,54391.4279336136,557.9215986215131,5866.2678340359125,-226.8477980787393,3.4427081519237146,-4.884867799761441
25.200000000000003,A0100,-53133.52915364985,-254.02400327227224,6396.321170131578,310.70148174361833,-23.62673713521884,28.996713862595335
25.200000000000003,A0200,-61139.521797560774,5476.004268251312,5731.918286043368,37.32264984620715,-229.6954506026168,-3.2441064952474816
25.200000000000003,B0100,54346.0036855565,17.485406747669913,5865.865169323282,-226.7903242555685,3.3774098108906245,-2.4641028003856245
25.200000000000003,B0200,54346.047459049325,558.611646272002,5865.840443798486,-226.79032425556812,3.3774098108869124,-2.4641028003867875
25.400000000000002,A0100,-53071.39343882363,-258.7568458697315,6402.56976329799,311.1574184950846,-23.739768193984048,28.398805614413334
25.400000000000002,A0200,-61131.343827862234,5430.161661775466,5731.414693321825,45.24649725831356,-228.48612234129604,-2.9635562520081415
25.400000000000002,B0100,54300.68127546784,18.162945544008835,5866.156656263702,-226.50346652517914,3.3643521846143463,1.151949043242756
25.400000000000002,B0200,54300.7251524469,559.2960975297756,5866.131872284546,-226.50346652517894,3.364352184610479,1.1519490432413309
25.6,A0100,-53009.187262186366,-263.5093338817351,6408.8011536366175,311.285011209429,-23.911843990355706,29.058396760041756
25.6,A0200,-61121.52203886001,5384.614135456224,5730.960710342344,53.60082063052484,-226.7822053199598,-2.9818139137207145
25.6,B0100,54255.41640786648,18.819819316089706,5867.062136915058,-226.15518835429555,3.2076238881477956,3.9644264860647196
25.6,B0200,54255.46038519829,559.9599277235648,5867.037296252573,-226.1551883542952,3.207623888143997,3.9644264860628136
25.8,A0100,-52946.98135028234,-268.34666531650146,6415.211159207502,311.38774012018695,-24.418008514302127,29.59670256084684
25.8,A0200,-61110.026976114874,5339.43735305146,5730.467256279688,61.941978622115116,-224.7644715025155,-3.5196409591495557
25.8,B0100,54210.20602071422,19.45340525802021,5868.356954577735,-226.0878090964894,3.1513098177195262,4.757768357479917
25.8,B0200,54210.250094859395,560.6004952291332,5868.33205923007,-226.08780909648937,3.151309817715752,4.757768357478395
26.0,A0100,-52884.712290420546,-273.2536800044436,6421.621946993309,311.7830977925847,-24.703008103406884,29.447877045033717
26.0,A0200,-61096.79174366722,5294.734791211235,5729.841030914897,71.3497009205892,-221.7818895424773,-4.292010044371278
26.0,B0100,54164.968836338805,20.09824524146825,5869.516974535894,-226.428381628608,3.3178757550737976,2.4940296806891444
26.0,B0200,54165.013009007555,561.2523092764168,5869.492023535971,-226.42838162860792,3.3178757550700118,2.494029680687908
26.200000000000003,A0100,-52822.39283912874,-278.2166632590015,6428.093573820537,311.8176309090843,-25.066481000545533,30.369970651994038
26.200000000000003,A0200,-61081.551427788276,5250.748800844154,5729.151139111342,81.40820097058564,-217.8765437596942,-4.276213789366894
26.200000000000003,B0100,54119.6765684838,20.781069064159965,5870.105978778978,-226.40151857434464,3.5344719971452716,-0.2730735909990513
26.200000000000003,B0200,54119.72084544516,561.9420665167963,5870.08096886921,-226.40151857434458,3.534471997141531,-0.27307359099999556
26.400000000000002,A0100,-52760.088257405325,-283.3029129616625,6434.772809731934,311.86777495207815,-25.742387993281,30.974371903943396
26.400000000000002,A0200,-61064.45396604451,5207.496681241548,5728.551641741142,89.72310845829772,-214.5968295050721,-3.798692725703115
26.400000000000002,B0100,54074.442840673335,21.515291470968805,5870.177486624427,-225.90177741668634,3.8172509854737964,-2.959354880298427
26.400000000000002,B0200,54074.487229734,562.6831690279614,5870.152413395193,-225.90177741668649,3.8172509854700496,-2.9593548802992107
26.6,A0100,-52697.728344248666,-288.4762965150949,6441.449694521903,312.26585306913086,-26.005259570450736,30.563805207694443
26.6,A0200,-61045.83091721982,5164.838059078731,5728.017690597186,97.17866468461183,-211.56888386780554,-3.668645445752745
26.6,B0100,54029.29004509949,22.30735799642207,5869.678109172808,-225.74810216968004,4.047127642776334,-5.936718640011678
26.6,B0200,54029.33455504778,563.4820543502174,5869.652967660008,-225.7481021696801,4.047127642772583,-5.936718640012313
26.8,A0100,-52635.284936062846,-293.68217703128175,6448.013793385435,312.69214482060494,-26.095251356527022,30.001515823468228
26.8,A0200,-61025.672453074825,5122.850096384445,5727.500437667062,104.92641524596105,-207.96626257273851,-3.8483645659900256
26.8,B0100,53984.10977526079,23.13148114633077,5868.765043248466,-225.88867560560016,4.222249613835484,-6.098321249637411
26.8,B0200,53984.154410960895,564.3129649638613,5868.739830703496,-225.88867560559999,4.222249613831593,-6.0983212496374275
27.0,A0100,-52572.77693716615,-298.9009577174147,6454.566421916468,312.7885387685991,-26.220268105706705,30.68581381642
27.0,A0200,-61003.90371716817,5081.670039405111,5726.927420693952,113.55896475672047,-203.1823890288874,-4.179327164706285
27.0,B0100,53938.92437191361,24.004646072782634,5868.158625406035,-225.9689119189556,4.4634059775024,-3.899384345852012
27.0,B0200,53938.9691408234,565.1929444529305,5868.133337619503,-225.9689119189556,4.463405977498535,-3.899384345851412
27.200000000000003,A0100,-52510.27594480496,-304.19495618769724,6461.302502238272,312.85853571771213,-26.6955047055528,31.244122074458154
27.200000000000003,A0200,-60980.31818084199,5041.584237830371,5726.384565768421,122.5793728575391,-197.41807812159183,-3.678202381221172
27.200000000000003,B0100,53893.72179807804,24.90535123855807,5867.985996343155,-225.9282037280179,4.5043565876958445,-1.6058943175735532
27.200000000000003,B0200,53893.766704385474,566.1005040268574,5867.960630946287,-225.92820372801788,4.504356587691912,-1.6058943175727864
27.400000000000002,A0100,-52447.7014089308,-309.54522130953046,6468.00085873478,313.49592756695955,-26.801415049199463,30.406461666530433
27.400000000000002,A0200,-60955.07640359573,5002.571129929391,5726.018687878484,129.9843645869456,-192.63536301135179,-2.808590297159697
27.400000000000002,B0100,53848.560971398925,25.78950517550402,5868.257708123463,-225.7237607425195,4.337222124463401,0.3909830988045778
27.400000000000002,B0200,53848.606012592216,566.991544170116,5868.23226653611,-225.72376074251943,4.337222124459522,0.39098309880575166
27.6,A0100,-52384.98553361338,-314.88283198429053,6474.525271695347,314.0626661710403,-26.63292873769068,30.01496152126697
27.6,A0200,-60928.473955490685,4964.428456239319,5725.788055982062,136.62101147112887,-188.2516034323096,-2.325861133169826
27.6,B0100,53803.43953299342,26.647152216250106,5868.826825450316,-225.43558482338503,4.284194997644691,1.5534958411541056
27.6,B0200,53803.48470504393,567.8560969600585,5868.801309948067,-225.43558482338491,4.284194997640753,1.5534958411556892
27.8,A0100,-52322.216815013104,-320.19586568726663,6481.1366498385105,314.0434857666558,-26.667918300888093,31.171590562836002
27.8,A0200,-60900.51285102741,4927.236154095957,5725.6460229700715,143.44872071133793,-183.23574429650384,-2.128009778873448
27.8,B0100,53758.39743513493,27.53614439942976,5869.492329538636,-225.10646065230924,4.5599945324522855,0.532228467649146
27.8,B0200,53758.442742805346,568.7519911085292,5869.466737432336,-225.10646065230895,4.559994532448282,0.5322284676506273
28.0,A0100,-52259.47205052045,-325.5869631688838,6487.986361770942,314.05463722576525,-27.235978669033127,31.866064978732386
28.0,A0200,-60871.196102551,4891.075538318186,5725.504508907761,150.14381724506015,-177.93694227926923,-2.446718671032394
28.0,B0100,53713.37801748101,28.46387203780614,5869.562040033765,-225.0551998774635,4.732843742609842,-3.730322805626352
28.0,B0200,53713.423466652974,569.686566121909,5869.53636799903,-225.055199877463,4.732843742605755,-3.730322805625152
28.200000000000003,A0100,-52196.654990187584,-331.043530558567,6494.781034140149,314.7564610045394,-27.289038992652642,30.60270296227073
28.200000000000003,A0200,-60840.50417853009,4856.068912112609,5725.27241699447,157.41028585358416,-171.31340780815657,-2.9654096921413977
28.200000000000003,B0100,53668.38829613519,29.424692761545884,5868.9371588431095,-224.75113349506836,4.843822109108426,-5.525073862917364
28.200000000000003,B0200,53668.43389183419,570.6541700867856,5868.911404041286,-224.75113349506813,4.843822109104348,-5.5250738629161775
28.400000000000002,A0100,-52133.67760908143,-336.4764348454264,6501.266262909212,315.4184782808198,-27.144432179401825,29.48458130403291
28.400000000000002,A0200,-60808.29930727497,4822.546423644442,5725.026045000563,164.86406427033268,-163.59242388230027,-2.672405917094591
28.400000000000002,B0100,53623.45417041438,30.39106661147889,5868.310421361159,-224.5633409863925,4.84456795352047,-4.23120224984319
28.400000000000002,B0200,53623.49991348372,571.6273185702703,5868.28458331804,-224.56334098639203,4.844567953516426,-4.2312022498419655
28.6,A0100,-52070.62901472018,-341.90358055875186,6507.731459072544,315.46074072877167,-27.311131813941998,30.288493801239806
28.6,A0200,-60774.72672919095,4790.459773631897,5724.916181316432,170.98476993514421,-157.17899418023953,-1.9647799943999984
28.6,B0100,53578.5379580745,31.387424685657606,5868.049782212798,-224.63268255819293,5.07341030136818,-2.2424380477957255
28.6,B0200,53578.583853073076,572.6304799798963,5868.023858352215,-224.63268255819239,5.0734103013642935,-2.2424380477946038
28.8,A0100,-52007.59631365458,-347.4350276896039,6514.384409658072,315.4937875536679,-27.983514880159248,30.80752837846162
28.8,A0200,-60740.028243091234,4759.542377331778,5724.909876315138,176.43982550392386,-151.34921846513922,-1.6267128210120638
28.8,B0100,53533.60467995224,32.405869895352225,5868.18695138301,-224.58914870900327,5.0862598635403415,-0.07344581487741116
28.8,B0200,53533.65073023941,573.655765263462,5868.160939807429,-224.58914870900293,5.086259863536553,-0.07344581487620701
29.0,A0100,-51944.48916542289,-353.0428509635567,6520.959741823997,316.19682448546126,-28.038287159177486,29.48495557299715
29.0,A0200,-60704.2256931701,4729.868851732652,5724.958927989745,181.92787169507656,-144.8731831209065,-1.5863541963729357
29.0,B0100,53488.717260341626,33.40759398149385,5868.757836062516,-224.35681609933084,4.929777228592513,1.8980860545720788
29.0,B0200,53488.76346337961,574.664359685441,5868.731738205392,-224.3568160993303,4.929777228588897,1.8980860545732634
29.200000000000003,A0100,-51881.22223834802,-358.62554671855105,6527.220947435751,316.85021865626516,-27.925312473527974,28.365265665540356
29.200000000000003,A0200,-60667.342318455434,4701.514430739895,5724.973992900861,187.21443186594445,-138.16675232915304,-2.063515359787803
29.200000000000003,B0100,53443.873016339916,34.38239521644209,5869.62128237895,-224.05507295634877,4.868171516904965,3.0383594912373213
29.200000000000003,B0200,53443.9193680366,575.6460498087799,5869.595100551742,-224.05507295634845,4.868171516901341,3.038359491238496
29.400000000000002,A0100,-51817.88677482013,-364.2241165872765,6533.46132769941,316.8764155368425,-28.268380457817994,29.1502526361346
29.400000000000002,A0200,-60629.388502984075,4674.600279288756,5724.862043785033,192.74770528809282,-130.04319355154283,-2.7654788951210962
29.400000000000002,B0100,53399.10996492731,35.388574937740486,5870.576982932871,-223.72631636250983,5.132491438159194,2.003915449394452
29.400000000000002,B0200,53399.156470051654,576.6591139980919,5870.550714441808,-223.72631636250938,5.132491438155569,2.0039154493956866
29.6,A0100,-51754.56282222888,-369.95014895475833,6539.849697994203,316.9881384183734,-28.88173893541929,29.173967738459066
29.6,A0200,-60590.305709533015,4649.481651686914,5724.6923011452345,198.21971521115526,-120.78682042335161,-2.673304740973539
29.6,B0100,53354.36623320044,36.422879442587146,5870.936001652182,-223.70864125676522,5.2213696446224915,-2.27973124140419
29.6,B0200,53354.412896022965,577.7002488167564,5870.909644085063,-223.7086412567648,5.2213696446188615,-2.279731241403068
29.8,A0100,-51691.163113558796,-375.722986599103,6546.073624065029,317.485004606399,-28.906572135734496,27.90371503097173
29.8,A0200,-60550.2220136641,4626.082086779548,5724.618306305005,202.70358158500486,-113.10245298651853,-2.13112630408248
29.8,B0100,53309.6453510205,37.47717243331499,5870.590302087727,-223.42788113354442,5.310281328417057,-4.140595902049581
29.8,B0200,53309.69217457458,578.7613081569943,5870.563853731142,-223.4278811335439,5.310281328413373,-4.140595902048446
30.0,A0100,-51627.66938611425,-381.5032458518508,6552.060497595568,317.909269054674,-29.005397784000415,27.016957542153104
30.0,A0200,-60509.31108260947,4604.085338519057,5724.614620409819,206.67148997461302,-106.14866682775502,-1.9414256419366152
30.0,B0100,53264.97852763692,38.54427694498008,5870.230252978174,-223.23463278656752,5.388088669756092,-2.907788190534765
30.0,B0200,53265.02551386684,579.8351695708661,5870.20371273495,-223.2346327865669,5.388088669752472,-2.9077881905336715
30.200000000000003,A0100,-51564.094924043704,-387.3186918017018,6557.96278409303,318.2609728524082,-29.19824390105878,26.96047800362053
30.200000000000003,A0200,-60467.612006549294,4583.557732140627,5724.632375186604,210.51832568009002,-98.56449601264852,-2.0571160198078613
30.200000000000003,B0100,53220.332578971735,39.6552574883608,5870.199656042227,-223.27941736716605,5.670179619998873,-1.3446565129307189
30.200000000000003,B0200,53220.37973454861,580.9529321247974,5870.173020142054,-223.27941736716565,5.670179619995537,-1.3446565129294368
30.400000000000002,A0100,-51500.4782789857,-393.1644886402937,6563.943270994474,318.2557809167065,-29.417308795561834,27.980228176055284
30.400000000000002,A0200,-60425.16571431286,4564.565270704767,5724.581689342165,214.11089442991275,-90.81133615157724,-2.6891217619375247
30.400000000000002,B0100,53175.66069827777,40.798590719579806,5870.4041832249095,-223.3811514462982,5.746710009179262,-0.3685987100793701
30.400000000000002,B0200,53175.708028120425,582.1030714873996,5870.377448890438,-223.38115144629774,5.746710009175985,-0.36859871007775447
30.6,A0100,-51436.88528189656,-399.1059489951731,6570.151491281002,318.2620386689065,-29.961782793777594,28.670742051087768
30.6,A0200,-60382.0112968371,4547.221870770816,5724.368138970327,217.61188634828142,-81.62427510083714,-3.566389337637981
30.6,B0100,53130.96917597049,41.94836028365535,5870.703699876187,-223.57716294332215,5.742468196231216,-0.6472113103722685
30.6,B0200,53131.01668105716,583.259658321982,5870.676866555936,-223.57716294332178,5.742468196228001,-0.6472113103707124
30.8,A0100,-51373.246208015305,-405.120977677092,6576.382996249256,318.57770135577783,-30.262839971890823,28.617939674009797
30.8,A0200,-60338.17373027735,4531.888422946526,5724.054860312557,220.79744733400534,-71.3340198362073,-3.663821214371459
30.8,B0100,53086.2490818379,43.089697639145015,5870.873636554465,-223.50692176601123,5.665155014330066,-1.0566364085991113
30.8,B0200,53086.296760887606,584.407806168063,5870.846704970922,-223.50692176601106,5.665155014327,-1.0566364085976385
31.0,A0100,-51309.57278047196,-411.19739194684735,6582.694087338343,318.52878961846153,-30.676971631694553,29.63541902059064
31.0,A0200,-60293.75827936275,4518.464021138778,5723.798083279937,223.3924241857335,-62.794372435244064,-3.279311476236017
31.0,B0100,53041.58023552353,44.22001037613154,5871.071217833007,-223.23134282284065,5.669976978506785,-0.7149215484428559
31.0,B0200,53041.62808685856,585.5449239786467,5871.044188932767,-223.23134282284033,5.669976978503699,-0.7149215484415017
31.200000000000003,A0100,-51245.93171600749,-417.4093641383006,6589.228419388943,318.49670433803914,-31.397525735861446,30.295501857822277
31.200000000000003,A0200,-60248.860439578464,4506.600352049012,5723.579321293615,225.65252048136884,-55.090013663717464,-3.2310471568280144
31.200000000000003,B0100,52996.92853897322,45.37344097967434,5871.291892083038,-223.38424662197932,5.826072268154309,-1.0364053770723058
31.200000000000003,B0200,52996.97656610662,586.7051590329465,5871.26476388389,-223.38424662197914,5.826072268151272,-1.0364053770708799
31.400000000000002,A0100,-51182.25053485023,-423.713331218205,6595.770067799087,318.821375813363,-31.678348555994337,29.931561122566112
31.400000000000002,A0200,-60203.53413438076,4496.352166374363,5723.349358622232,227.64500178833143,-46.804531150326795,-3.4939548277890333
31.400000000000002,B0100,52952.22305238893,46.54574011879231,5871.437518187973,-223.61945773532977,5.862923134674976,-0.7757812653386241
31.400000000000002,B0200,52952.27125818703,587.8842643557509,5871.4102890687245,-223.6194577353295,5.862923134672081,-0.7757812653368525
31.6,A0100,-51118.49978458635,-430.0520650582621,6602.206950595228,319.1818506762131,-31.7760355660248,29.410833816499387
31.6,A0200,-60157.839971128284,4487.861781464726,5723.034055947366,229.26230292656166,-37.091318619461234,-3.9163287656857677
31.6,B0100,52907.50969297273,47.694565106732625,5871.908224746425,-223.3808335926478,5.607344430544568,2.2590557220330276
31.6,B0200,52907.55807387242,589.03992462713,5871.880896719704,-223.38083359264735,5.607344430541759,2.259055722035293
31.8,A0100,-51054.69845555423,-436.40894447127357,6608.643670038695,319.2007987261695,-31.959582123968826,30.16745921449381
31.8,A0200,-60111.87413673548,4481.471146999036,5722.714160209027,230.35323521636812,-26.454268605350645,-3.5120993957125526
31.8,B0100,52862.8872191357,48.813808616770984,5873.019103682309,-223.0720480218585,5.60112107636049,4.395100933026033
31.8,B0200,52862.93577064362,590.1660445595371,5872.991679288338,-223.07204802185814,5.601121076357792,4.395100933028484
32.0,A0100,-50990.92062802302,-442.85550333793435,6615.276088641902,319.19249707192597,-32.49005625141597,30.769236571145605
32.0,A0200,-60065.719495747646,4477.043626957584,5722.538701270867,231.21251945962166,-17.69195759678837,-2.7239321509538597
32.0,B0100,52818.24787302932,49.94011121488802,5874.159482082265,-223.45074501990663,5.645836249610849,2.907683089362371
32.0,B0200,52818.29659621956,591.2992286769841,5874.131960712206,-223.45074501990626,5.64583624960802,2.9076830893644674
32.2,A0100,-50927.08278789352,-449.36299796665116,6621.877417445583,319.7710066944992,-32.59581519601893,29.962089671439433
32.2,A0200,-60019.40047998172,4474.220764693408,5722.471637748,231.90883870344945,-9.782344236364379,-2.313830250859868
32.2,B0100,52773.5412681607,51.06559101401945,5874.914276064064,-223.54586820194396,5.64915607592329,1.0780704098834037
32.2,B0200,52773.59016290541,592.4315671194017,5874.88665779226,-223.54586820194336,5.649156075920456,1.0780704098851925
32.4,A0100,-50863.11528499439,-455.85792172587026,6628.313854613083,320.2749998926929,-32.44871470553184,29.640113131844565
32.4,A0200,-59972.98062948977,4473.050187721557,5722.46600574757,232.22956064957177,-1.3330891385388495,-2.189395050402152
32.4,B0100,52728.85180557459,52.21373041793049,5875.242753367744,-223.409608129017,5.79647480223729,-1.947105130300739
32.4,B0200,52728.900875313455,593.5865259662933,5875.215036252361,-223.4096081290165,5.796474802234364,-1.9471051302991365
32.6,A0100,-50799.10929122698,-462.33849196926167,6634.853936130563,320.1760891164227,-32.56216953865904,30.88456895468532
32.6,A0200,-59926.524989914265,4473.578347137791,5722.433610603512,232.24759929598616,7.1826542138112615,-2.5773290545145024
32.6,B0100,52684.18122368507,53.377427163788525,5874.960499942892,-223.2439513860971,5.841657103410909,-3.758558560174079
32.6,B0200,52684.230470779934,594.7569868617975,5874.932682646631,-223.2439513860966,5.841657103407909,-3.75855856017285
32.800000000000004,A0100,-50735.14422700203,-468.9136310725735,6641.645924948756,320.1059187254785,-33.19182354282881,31.625010095605294
32.800000000000004,A0200,-59880.11684252437,4475.8953029011755,5722.28278724106,231.58187294970338,16.972202897761687,-3.169210119574165
32.800000000000004,B0100,52639.54663441367,54.55435775152364,5874.721824620381,-223.07698205360896,5.969320671951182,-2.0101530489134363
32.800000000000004,B0200,52639.59606087592,595.9406798704731,5874.6939060060395,-223.07698205360865,5.969320671948304,-2.010153048913083
33.0,A0100,-50671.12076006603,-475.5588886601763,6648.389424510282,320.7501450170155,-33.23388887407894,30.385542077683187
33.0,A0200,-59833.92967991754,4480.316256579274,5722.085581681924,230.17258868619504,27.59901685055589,-2.9519200784755775
33.0,B0100,52594.9388495026,55.79174293761753,5874.909185310051,-223.07729948157925,6.3453015023233394,-0.04471666404720525
33.0,B0200,52594.9884645193,597.1848599729965,5874.881160190438,-223.07729948157868,6.345301502320652,-0.04471666404753877
33.2,A0100,-50606.94792031156,-482.17739732914197,6654.829129408503,321.3534492895187,-33.09316365278406,29.313200365437545
33.2,A0200,-59788.01595243287,4486.6997332189385,5721.9950082539035,228.96284791419785,36.3701040848439,-2.3078424000474778
33.2,B0100,52550.33084388757,57.08145418254935,5875.455123404365,-222.9220318381688,6.568454090030562,1.9820191602358863
33.2,B0200,52550.38065541316,598.4813969469069,5875.4269872853365,-222.9220318381683,6.568454090027886,1.9820191602351975
33.4,A0100,-50542.71761579871,-488.79600428007325,6661.261222874557,321.3181005539009,-33.309892085591166,30.187731743570808
33.4,A0200,-59742.31631872431,4494.689986937607,5721.983367831315,227.7974632270991,44.257238063929236,-2.0258093431307573
33.4,B0100,52505.74424887552,58.416383564621356,5876.255267383676,-223.10572802874213,6.71061075343703,1.7591555353538022
33.4,B0200,52505.794263786214,599.8231706225524,5876.227016385463,-223.10572802874165,6.710610753434504,1.7591555353529933
33.6,A0100,-50478.51985347638,-495.52951001018664,6667.892553891001,321.2709658583612,-34.01946036828866,30.74872936045553
33.6,A0200,-59696.9027229498,4504.316182895924,5722.002423375656,226.14650063256744,52.5703215910154,-2.0411462181002875
33.6,B0100,52461.092504539534,59.755357008278224,5876.788178780163,-223.43157495959846,6.6923556516673015,-0.32295544550067584
33.6,B0200,52461.14272344681,601.1689753231294,5876.759812554174,-223.43157495959792,6.692355651664746,-0.322955445501292
33.800000000000004,A0100,-50414.26128669566,-502.3413051338721,6674.452429787274,321.9179879633926,-34.06062028181443,29.448844447744243
33.800000000000004,A0200,-59651.84811044004,4515.605526092044,5721.962905025044,224.19053382759853,60.865410909609935,-2.5700252932232375
33.800000000000004,B0100,52416.4069418071,61.09473315589639,5876.861318446532,-223.2820796883735,6.704173570187914,-2.268544489176303
33.800000000000004,B0200,52416.45736476964,602.5151484025555,5876.83283695747,-223.2820796883731,6.704173570185166,-2.2685444891768203
34.0,A0100,-50349.85353977677,-509.1251346896497,6680.7033155816935,322.5141519880154,-33.94904226703185,28.370477782957888
34.0,A0200,-59607.253683040384,4528.624244974941,5721.771457238283,221.27478423549232,70.23768615543754,-3.3251799034417515
34.0,B0100,52371.79138507137,62.442241672797536,5876.676709749932,-222.87859043009155,6.776105914512042,-3.1236516640720984
34.0,B0200,52371.84201332246,603.8694210842732,5876.648112303315,-222.878590430091,6.776105914509329,-3.1236516640728325
34.2,A0100,-50285.39082678861,-515.9279604296389,6686.944878207294,322.4628748416304,-34.31742533104165,29.223267087749722
34.2,A0200,-59563.362104027714,4543.640751475326,5721.493947045747,217.4329520379834,80.271976147358,-3.2861766812254047
34.2,B0100,52327.20795534695,63.814780068081745,5876.3851367225,-223.02844947492426,6.9158409121850974,-3.4524195732506984
34.2,B0200,52327.25879269142,605.2487095851611,5876.356421170236,-223.02844947492375,6.91584091218231,-3.4524195732521146
34.4,A0100,-50220.96779540322,-522.8829032923823,6693.388770704991,322.35852661564587,-35.235356114178224,29.897096359273636
34.4,A0200,-59520.1930710131,4560.509239629275,5721.286116068233,214.212595791033,88.5564072308023,-2.7885007248672364
34.4,B0100,52282.56586287151,65.2095539085567,5876.135262661803,-223.30626054617244,7.005271815418634,-2.2318760196315
34.4,B0200,52282.61691268651,606.6502460207921,5876.10642709523,-223.306260546172,7.005271815415877,-2.2318760196341247
34.6,A0100,-50156.52236330146,-529.9779136719771,6699.864863711511,322.5839475997208,-35.75464540944548,29.71808224287791
34.6,A0200,-59477.60610315281,4578.896808230304,5721.127068991296,211.24306180224588,95.98427138517177,-2.6379363769955626
34.6,B0100,52237.92659798869,66.59623005789399,5876.384002183797,-222.96697383186572,6.82562457152087,1.1860125933330499
34.6,B0200,52237.977859047365,608.0437271381634,5876.3550472959105,-222.96697383186532,6.825624571518336,1.186012593329039
34.800000000000004,A0100,-50092.02923916621,-537.149553616382,6706.276500020138,322.8253533944396,-36.060834388674024,29.44957608448742
34.800000000000004,A0200,-59435.6776536061,4598.814056515228,5720.968000155655,207.70403053449527,103.70776495094573,-2.7922239804036413
34.800000000000004,B0100,52193.367773497375,67.94568353393333,5877.202053160603,-222.772817864687,6.6895353939014655,2.968681720474422
34.800000000000004,B0200,52193.419240147465,609.4000222260402,5877.172982143016,-222.77281786468674,6.689535393899045,2.9686817204703657
35.0,A0100,-50027.48855209484,-544.3811775020549,6712.690781004616,323.03544696892027,-36.31701516606244,29.692905797793443
35.0,A0200,-59394.48456326874,4620.26877873495,5720.71914990004,203.8743074140905,111.33492189048916,-3.4596759429928965
35.0,B0100,52148.8122484557,69.28648591551973,5878.151849115096,-222.86423494906,6.7354021631331005,2.5518110007906
35.0,B0200,52148.8639193844,610.747677026593,5878.122662712565,-222.8642349490595,6.735402163130761,2.5518110007871315
35.2,A0100,-49962.931782944615,-551.6504999823337,6719.227914930572,322.90448746031853,-36.56166439018264,30.887784641569272
35.2,A0200,-59354.140475453816,4643.300345228534,5720.285915642926,198.859450175995,119.78417512224237,-4.37216246332284
35.2,B0100,52104.250897201055,70.64412212341267,5878.903320302499,-222.6963463516897,6.861116596500609,1.3281479058471994
35.2,B0200,52104.30277496188,612.1121495153566,5878.874017068385,-222.6963463516893,6.861116596498095,1.3281479058444012
35.4,A0100,-49898.42446833929,-559.0205460257603,6726.0223634468875,322.7912740258225,-37.13360149627668,31.697118901797303
35.4,A0200,-59314.9446098124,4668.114899806125,5719.728975737846,192.78386687129313,128.6758550131303,-4.502740333329216
35.4,B0100,52059.735875514714,72.04430025751572,5879.244028528465,-222.51420367803306,7.089936312493457,-1.9815654879711198
35.4,B0200,52059.787966572185,613.5191216296844,5879.214604814486,-222.5142036780326,7.089936312490865,-1.981565487973134
35.6,A0100,-49833.873871862575,-566.4554397375687,6732.814981547852,323.30559025091236,-37.24204703221529,30.991555771013026
35.6,A0200,-59276.883252140746,4694.569125455608,5719.206689393817,187.71724961650204,136.01833759604972,-4.145819947712686
35.6,B0100,52015.24710223821,73.47474243633405,5878.924101483517,-222.31986407939627,7.224265717954459,-4.049148122350943
35.6,B0200,52015.29941118548,614.9562970918705,5878.894554692004,-222.31986407939584,7.22426571795191,-4.049148122352517
35.800000000000004,A0100,-49769.20478194959,-573.8758224512858,6739.458717604024,323.75714013026504,-37.071950628346436,30.741937361323362
35.800000000000004,A0200,-59239.74234288331,4722.371664568011,5718.704304260689,183.0942313901894,142.58149405129805,-4.12193419934509
35.800000000000004,B0100,51970.798937139894,74.93997077183667,5878.593476765283,-222.14121304519787,7.463059545540065,-2.571780724332794
35.800000000000004,B0200,51970.85146926434,616.4282516209423,5878.563803913945,-222.1412130451974,7.463059545537571,-2.571780724334442
36.0,A0100,-49704.50860960521,-581.2736976241649,6746.221471740517,323.59557841256276,-37.12918994045059,32.07187565539092
36.0,A0200,-59203.598758788794,4751.514243331087,5718.172705973837,177.84886002094882,149.29456508175178,-4.408930913798832
36.0,B0100,51926.37543131748,76.4850795977909,5878.64020170402,-222.15828383737997,7.9229410583564235,-0.8124230631380813
36.0,B0200,51926.42819875853,617.9801152839391,5878.610395933734,-222.15828383737957,7.922941058353966,-0.8124230631398053
36.2,A0100,-49639.86729134267,-588.7551753842272,6753.254196335603,323.45640789530887,-37.7133759892128,32.89771786254266
36.2,A0200,-59168.60182649884,4782.0370467537505,5717.537169421335,171.24613788720882,156.60255168508291,-4.854391847668374
36.2,B0100,51881.94628030544,78.09834831550688,5879.011199933495,-222.03894536908308,8.222567582907262,1.060976466844644
36.2,B0200,51881.999293420195,619.6001675278203,5878.9812553940355,-222.03894536908277,8.222567582904885,1.060976466842879
36.4,A0100,-49575.17937099895,-596.3009792177108,6760.251118075468,324.05291942764535,-37.745960192262054,31.699389654661527
36.4,A0200,-59135.0803108651,4814.078540498151,5716.876809812966,163.59294479795804,164.0748866136855,-4.469829573837632
36.4,B0100,51837.532794721556,79.77027145051034,5879.605711770764,-222.23850127632383,8.420218753119556,0.6931152808641904
36.4,B0200,51837.586062429655,621.2788909937954,5879.5756234238615,-222.2385012763231,8.420218753117165,0.6931152808623983
36.6,A0100,-49510.35070281893,-603.8192478652418,6766.950144058494,324.61285798310433,-37.58739067359691,30.660652501081056
36.6,A0200,-59102.97842626031,4847.490540309729,5716.342825042084,157.26920207491082,170.20212746552846,-3.6980364770207643
36.6,B0100,51793.05199291233,81.45579583270228,5879.908254678976,-222.56605075416388,8.443099583129197,-1.4943370065013581
36.6,B0200,51793.105517276614,622.9712008755268,5879.878021359433,-222.5660507541636,8.443099583126713,-1.494337006503037
36.800000000000004,A0100,-49445.47440795136,-611.3259822034452,6773.6517390284425,324.52191715374744,-37.70811338658001,31.60665870997766
36.800000000000004,A0200,-59072.030098617885,4882.030950215209,5715.902174610608,151.50808261446042,175.6733957937601,-3.3024688258715393
36.800000000000004,B0100,51748.53867345907,83.14886323597602,5879.733425181941,-222.4087968400418,8.487576501275162,-3.5122731584452382
36.800000000000004,B0200,51748.592455626116,624.6710177435853,5879.70304624211,-222.40879684004128,8.48757650127264,-3.512273158446841
37.0,A0100,-49380.64339576586,-618.9275906823132,6780.570312083071,324.4101371067742,-38.3338319731831,32.258951706560204
37.0,A0200,-59042.31278367587,4917.679411020126,5715.508009619214,145.08994138143987,181.18386337780603,-3.1927516331833803
37.0,B0100,51704.09613225054,84.85619184811003,5879.290023566471,-222.0026006252497,8.58792099827891,-4.410466428021875
37.0,B0200,51704.150174381866,626.3850620089324,5879.2594977854205,-222.00260062524916,8.58792099827642,-4.410466428023492
37.2,A0100,-49315.76278478517,-626.5974586213597,6787.430657912977,325.01139320276405,-38.361959230476565,30.997839116352925
37.2,A0200,-59013.903205582974,4954.41272539835,5715.07217427963,138.42955372180802,186.4965626872704,-3.594276497221855
37.2,B0100,51659.68571239045,86.59422795996943,5878.728481910366,-222.1552313976124,8.75644928578752,-4.804728827975393
37.2,B0200,51659.740019155215,628.1297987525068,5878.697806652843,-222.15523139761174,8.756449285785155,-4.804728827977417
37.4,A0100,-49250.74125143286,-634.2386627493142,6793.986743614836,325.566439771575,-38.22309156878376,29.947603571851715
37.4,A0200,-58986.92425803227,4992.220694559153,5714.502981499994,130.33866423059175,192.065141056045,-4.197870440263966
37.4,B0100,51615.21388270063,88.36050379028165,5878.1928546100025,-222.45984876621702,8.878423242526084,-3.676346637644997
37.4,B0200,51615.2684583871,629.902786771876,5878.162027448434,-222.4598487662164,8.87842324252367,-3.676346637647492
37.6,A0100,-49185.674002772066,-641.8811717563585,6800.543809240684,325.46284177173425,-38.44704034885488,30.880965512983064
37.6,A0200,-58961.731972565045,5031.164137255564,5713.87166692115,121.13059081670094,197.57285505499343,-3.9877460997252006
37.6,B0100,51570.73599678563,90.12577698349196,5878.140163435313,-222.2013172336693,8.731658036661642,-0.2644232121892223
37.6,B0200,51570.790841245725,631.6748145295569,5878.109184455483,-222.2013172336689,8.731658036659255,-0.26442321219207243
37.800000000000004,A0100,-49120.658812259964,-649.6450808500922,6807.325230065735,325.29391400872544,-39.23128508769447,31.67523667168521
37.800000000000004,A0200,-58938.24777425197,5071.115702875977,5713.333242325076,113.50555763208719,202.08595715662932,-3.3493259956778756
37.800000000000004,B0100,51526.32572271292,91.85652214846777,5878.6984117771535,-221.9976607012356,8.589837387863822,1.8965034360988826
37.800000000000004,B0200,51526.38083070394,633.4123564237634,5878.66728394468,-221.9976607012353,8.589837387861394,1.896503436095779
38.0,A0100,-49055.60844229878,-657.5085500715468,6814.098685416382,325.81825743030805,-39.37432951621943,30.718094988618784
38.0,A0200,-58916.15573119348,5111.900763919653,5712.8621926085325,106.59517461736661,206.08525105512413,-3.0727048928975482
38.0,B0100,51481.926453704495,93.57570935729746,5879.473506516755,-222.06482867404912,8.614128627330812,1.9390932287852733
38.0,B0200,51481.98182347015,635.1383573057974,5879.442230818335,-222.06482867404864,8.614128627328366,1.939093228782183
38.2,A0100,-48990.4301338792,-665.3549086473358,6820.617861324781,326.324344832032,-39.28295330836116,29.846673756865304
38.2,A0200,-58895.52418964848,5153.480637432418,5712.410388660326,99.04892306795641,209.96617841207225,-3.0944824700968456
38.2,B0100,51437.52256739332,95.3069349654179,5880.14130106875,-221.92490581424585,8.716995881792451,1.1560021938381966
38.2,B0200,51437.57820076255,636.8763880771185,5880.109876473445,-221.9249058142456,8.71699588179002,1.156002193835236
38.400000000000006,A0100,-48925.21481388979,-673.2211299046212,6827.160986229352,326.18191988557516,-39.641642686783165,30.840389847013018
38.400000000000006,A0200,-58876.4196989192,5195.8138657393065,5711.888546059614,91.32478662960504,213.59434650020242,-3.62993535241994
38.400000000000006,B0100,51393.158799647346,97.07726465832093,5880.47902072033,-221.77302792619614,8.932460868155083,-1.799000407383258
38.400000000000006,B0200,51393.21470256199,638.6534885026231,5880.447443874018,-221.77302792619577,8.932460868152644,-1.7990004073858177
38.6,A0100,-48860.058299067205,-681.2367202760397,6833.931556717989,325.98634578553,-40.54461069541382,31.62280902287158
38.6,A0200,-58858.957729230846,5238.8611134372695,5711.203325354396,82.15208212887663,217.1373341503283,-4.390087358524111
38.6,B0100,51348.81749815871,98.87499416130231,5880.219421674872,-221.58956265559968,9.056340562138704,-3.572288091775582
38.6,B0200,51348.87367477789,640.4579340494456,5880.18769022507,-221.58956265559937,9.056340562136334,-3.5722880917780024
38.800000000000004,A0100,-48794.870445513516,-689.3670863058178,6840.692915115946,326.4979918048232,-40.71914546849036,30.67254297431117
38.800000000000004,A0200,-58843.50065518984,5282.599406984238,5710.420492733352,71.88696346114274,220.36659551415636,-4.351075013316431
38.800000000000004,B0100,51304.49769604919,100.70803385493127,5879.925101389166,-221.66358946365878,9.228023478198098,-2.9645986166197202
38.800000000000004,B0200,51304.55415173611,642.297683540899,5879.893212307521,-221.66358946365833,9.228023478195711,-2.9645986166222595
39.0,A0100,-48729.55730344013,-697.4861173354293,6847.203735977619,326.98781996880695,-40.65869636763256,29.834725865054576
39.0,A0200,-58829.94604424735,5326.924454553697,5709.697623699438,63.384336714813664,222.99891508125293,-3.8529411279602575
39.0,B0100,51260.13364665636,102.55985072654585,5879.80390450179,-221.90279810231127,9.23319365095297,-1.4093438165786016
39.0,B0200,51260.19038426712,644.1562317942044,5879.77185617503,-221.9027981023109,9.233193650950634,-1.4093438165815686
39.2,A0100,-48664.20803090886,-705.5911307942224,6853.757789129557,326.8604546266783,-40.5740056482542,31.01079512441921
39.2,A0200,-58817.945504378135,5371.739541304174,5709.015211861792,55.702513177639595,225.29493252828047,-3.7029214690586683
39.2,B0100,51215.77971157858,104.3727670776425,5880.222309308767,-221.5626422043872,8.844885480127072,2.2070185678671503
39.2,B0200,51215.836725205554,645.9759243072222,5880.190105074889,-221.5626422043866,8.8448854801249,2.2070185678638543
39.400000000000006,A0100,-48598.94115995876,-713.7450387798381,6860.657140748437,326.30500830077824,-41.228842122290494,32.88434862936172
39.400000000000006,A0200,-58807.55563631721,5416.990602446618,5708.324511843155,47.435685855652565,227.3252210960384,-3.8598490376835612
39.400000000000006,B0100,51171.50842577416,106.107467422029,5881.2933196160775,-221.2844670314265,8.530324654513322,4.583408662686242
39.400000000000006,B0200,51171.56570353389,647.7174442751893,5881.260966186412,-221.28446703142603,8.530324654511304,4.58340866268276
39.6,A0100,-48533.75521304031,-722.0727536267987,6867.773135144997,326.2033154742757,-41.96774696656361,32.92128893593983
39.6,A0200,-58798.83010343251,5462.620942610978,5707.535667529421,39.06141680485519,229.06437157936998,-4.531325366279218
39.6,B0100,51127.25978314957,107.80451679699763,5882.625529719404,-221.31843727284266,8.467534247493871,4.863208166766844
39.6,B0200,51127.31731932202,649.4213322556934,5882.593030323846,-221.3184372728421,8.467534247491797,4.8632081667634335
39.800000000000004,A0100,-48468.50704667685,-730.4378479132938,6874.681427502643,326.8854834959378,-41.69646104776514,30.947346187649163
39.800000000000004,A0200,-58791.871027883295,5508.564439814629,5706.554092607086,29.298809284093426,230.38032473395677,-5.447180861958221
39.800000000000004,B0100,51083.0121051849,109.50253130287456,5883.900035094688,-221.1376136079709,8.531426087935348,4.44835411347598
39.800000000000004,B0200,51083.069899916234,651.1261802641748,5883.867389651743,-221.13761360797062,8.531426087933188,4.448354113472783
40.0,A0100,-48403.10889234769,-738.7406838299175,6881.197298085657,327.41911408332436,-41.587188898024294,29.77125755538528
40.0,A0200,-58787.02703134684,5554.71458027936,5705.440966086007,18.533041678034767,231.14010694725354,-5.576156705613238
40.0,B0100,51038.8296633229,111.24379355879137,5884.990422010294,-220.85554767194483,8.816386066876655,2.2173592557954613
40.0,B0200,51038.88772318287,652.8742503054782,5884.957626809031,-220.85554767194446,8.816386066874372,2.21735925579249
40.2,A0100,-48337.670840968785,-747.0456396087466,6887.728861586962,327.29177692142014,-41.68024571654911,30.896640191728007
40.2,A0200,-58784.17684335715,5600.9949797824665,5704.356319392649,9.612921838088385,231.73290782115325,-5.217384365543703
40.2,B0100,50994.656457527,113.02260286423916,5885.288222344472,-220.83628747471244,8.977825370631132,-2.778953264746894
40.2,B0200,50994.71478821884,654.6597979579383,5885.255274163414,-220.8362874747121,8.977825370628892,-2.7789532647492416
40.400000000000006,A0100,-48272.287675158164,-755.4223392927888,6894.516648935296,327.1405934093076,-42.125018031943355,31.721297233156807
40.400000000000006,A0200,-58782.95897236175,5647.392550708784,5703.286069231584,1.5727820625019218,232.18700272954968,-5.193443772244468
40.400000000000006,B0100,50950.5141983159,114.8345549394071,5884.783401202454,-220.50689650917613,9.105119200964776,-4.9841244171109915
40.400000000000006,B0200,50950.57280486715,656.4784147826831,5884.750297203918,-220.5068965091759,9.105119200962452,-4.984124417113593
40.6,A0100,-48206.8687126739,-763.8443023458276,6901.305417902504,327.61715277074404,-42.162787189429,31.033168603114767
40.6,A0200,-58783.41535942259,5693.840857229967,5702.1810928056,-6.969687154540103,232.24305542891048,-5.483695243066611
40.6,B0100,50906.429178762926,116.65778972670523,5884.211570263338,-220.33175518066454,9.141156045893666,-3.956795662420544
40.6,B0200,50906.48806288804,658.3082998664395,5884.178309475712,-220.3317551806644,9.141156045891266,-3.9567956624239464
40.800000000000004,A0100,-48141.339115760864,-772.2394050281691,6907.95087522211,328.02740775351646,-41.929358283205985,30.827025745740347
40.800000000000004,A0200,-58785.670239666244,5740.246358379023,5700.96656875149,-16.827672615057605,231.59800510945863,-5.931829445561485
40.800000000000004,B0100,50862.35782401996,118.51801921073275,5883.95551312856,-220.4202409806189,9.409556167775973,-2.2088107006049924
40.800000000000004,B0200,50862.41699134424,660.1752046776601,5883.922092375447,-220.4202409806186,9.40955616777355,-2.208810700609066
41.0,A0100,-48075.791252307725,-780.5970123901243,6914.725795511666,327.8187399540429,-41.901703894945214,32.21542277370535
41.0,A0200,-58790.03742451716,5786.437211801011,5699.722811590924,-27.46401885759195,230.2324209570173,-5.544449716635193
41.0,B0100,50818.261432104766,120.4101607351331,5884.045414176773,-220.43109887507023,9.478019670292493,-0.3038313703982447
41.0,B0200,50818.320887479866,662.0740550289811,5884.01183071878,-220.43109887507023,9.478019670290182,-0.3038313704030743
41.2,A0100,-48010.30872422194,-789.021592598845,6921.782660798841,327.625962396468,-42.41153757503447,33.09574824182123
41.2,A0200,-58796.365749520635,5832.367085416099,5698.602646235409,-36.21661133605051,229.07878598318396,-4.769248810617143
41.2,B0100,50774.20166879094,122.2975035152158,5884.528886663298,-220.22883542873697,9.380876388330012,1.5375960701856122
41.2,B0200,50774.26141148915,663.9681348527047,5884.495140908271,-220.22883542873686,9.380876388327716,1.537596070180813
41.400000000000006,A0100,-47944.79671626757,-797.5073912406406,6928.844524932134,328.0827921466325,-42.512866287049405,32.4046482913607
41.400000000000006,A0200,-58804.300108137904,5878.094100732069,5697.573178769566,-44.112254809681026,227.95464885634829,-4.371599901406877
41.400000000000006,B0100,50730.15512116576,124.17705995219876,5885.196626116387,-220.30516361641267,9.427229622106731,1.249905212871815
41.400000000000006,B0200,50730.2151500047,665.8544421424776,5885.162718732179,-220.30516361641244,9.427229622104406,1.2499052128675443
41.6,A0100,-47879.177192514275,-805.9785783875377,6935.76056054726,328.47512919900277,-42.354874845645604,32.18265068480705
41.6,A0200,-58813.87328896811,5923.543611748439,5696.587655399613,-52.44441839018728,226.33647713635818,-4.263646427747229
41.6,B0100,50686.10273575055,126.0736823972693,5885.676181099359,-220.14506967800932,9.549507641368999,0.051585993527100804
41.6,B0200,50686.16305332488,667.7578001739566,5885.642110624667,-220.14506967800924,9.549507641366624,0.05158599352333026
41.800000000000004,A0100,-47813.5444961155,-814.431085422093,6942.804273610163,328.2336099573905,-42.43488626845728,33.5692385238293
41.800000000000004,A0200,-58825.11429819641,5968.6396082481915,5695.557695749529,-60.77307410135342,224.40042951601535,-4.670000225705112
41.800000000000004,B0100,50642.095643525296,128.0123318150363,5885.751165486443,-219.96418365903597,9.783054073227602,-3.222528920239322
41.800000000000004,B0200,50642.15625621385,669.7031435677127,5885.716928316029,-219.96418365903577,9.783054073225012,-3.2225289202424605
42.0,A0100,-47747.98397438796,-822.9713931855513,6950.1292945485675,328.01006960065007,-43.03036049268372,34.447070603245464
42.0,A0200,-58838.09177259312,6013.277342443649,5694.391663117447,-70.19556022092834,221.49231164993915,-5.279448090239762
42.0,B0100,50598.11484045735,129.98248283031717,5885.16955329536,-219.77461571242478,9.917681077931348,-5.300294410803194
42.0,B0200,50598.175753046715,671.6799282018583,5885.135146725508,-219.77461571242475,9.91768107792882,-5.300294410806194
42.2,A0100,-47682.39107177378,-831.5757706126642,6957.426774570764,328.54931180155825,-43.05361632642756,33.280187190020996
42.2,A0200,-58853.07520084976,6057.214840044944,5693.162335272013,-80.26011915359905,217.67153285053706,-5.070678933131034
42.2,B0100,50554.17156561681,131.98608421598692,5884.566985634472,-219.62152768179348,10.146570528558087,-3.9088962662557516
42.2,B0200,50554.23278318801,673.6901557038473,5884.532406794089,-219.62152768179337,10.146570528555518,-3.908896266259002
42.400000000000006,A0100,-47616.668010322086,-840.1508807777464,6964.431783848197,329.0537013961973,-42.88917172152265,32.27402842136713
42.400000000000006,A0200,-58869.915628186776,6100.4368454048745,5692.026088397917,-88.5591982066434,214.48103518269465,-4.4326026684934385
42.400000000000006,B0100,50510.254758395655,134.06697846005045,5884.321548565149,-219.57313992992798,10.592796499249072,-2.2577244677851627
42.400000000000006,B0200,50510.31629269619,675.7777026961558,5884.286790819715,-219.5731399299281,10.592796499246523,-2.2577244677886994
42.6,A0100,-47550.91012500709,-848.7111197418453,6971.448006774937,328.8907384225866,-42.97874788939328,33.274339092904796
42.6,A0200,-58888.27990888707,6143.0827076594,5690.956872961782,-96.01701611799466,211.52644179072914,-4.158415145172102
42.6,B0100,50466.328778648836,136.20966751268497,5884.3166921946795,-219.6351986277835,10.80347383113635,-1.2973190859796109
42.6,B0200,50466.39063907205,677.9270665406984,5884.281750239417,-219.63519862778344,10.803473831133722,-1.29731908598339
42.800000000000004,A0100,-47485.213217293,-857.3588808188724,6978.693014297034,328.7017549090849,-43.56644116288399,33.98403502821214
42.800000000000004,A0200,-58908.180391589085,6185.073357336598,5689.906442745152,-103.77273989737364,207.99711822689557,-4.188216049084097
42.800000000000004,B0100,50422.38225651906,138.3857740473104,5884.407815097253,-219.85885726364276,10.91220535961694,-1.5528770802499585
42.800000000000004,B0200,50422.44444814235,680.1098592274866,5884.372686062052,-219.85885726364265,10.912205359614283,-1.5528770802537335
43.0,A0100,-47419.47989402609,-866.0687199847926,6985.888523181153,329.2491033387551,-43.575569977296354,32.75297054363238
43.0,A0200,-58929.625096521486,6226.329449082099,5688.785085090414,-111.44014052877057,204.16585775420535,-4.736084856574777
43.0,B0100,50378.400575379565,140.56221762323548,5884.3776858113815,-219.8323029948268,10.851307661031544,-1.9020627449969183
43.0,B0200,50378.46309825691,682.2929838906966,5884.34236966788,-219.8323029948268,10.851307661028848,-1.902062745000599
43.2,A0100,-47353.6156770269,-874.7473617242395,6992.784374711317,329.7519531560765,-43.41868684548302,31.7302273231282
43.2,A0200,-58952.65473232391,6266.733727244267,5687.499344322896,-119.94196662928888,199.13445376051104,-5.512096841335772
43.2,B0100,50334.46780875712,142.73789926263635,5884.409106059513,-219.50375903261207,10.920131254828087,-1.1620202394892518
43.2,B0200,50334.5306627724,684.4753444670387,5884.373602872245,-219.503759032612,10.920131254825494,-1.1620202394929509
43.400000000000006,A0100,-47287.717591003464,-883.4178182931391,6999.689201451776,329.5821627061178,-43.56425553302593,32.71863758059513
43.400000000000006,A0200,-58977.47654741927,6305.986790411513,5686.116686437792,-128.87197536826537,193.05292316776303,-5.485607218757046
43.400000000000006,B0100,50290.56795482548,144.94890670111272,5884.621445937177,-219.58515609822717,11.145559385143834,-0.32174121804306044
43.400000000000006,B0200,50290.63114534524,686.6930413703485,5884.585752674837,-219.5851560982273,11.145559385141256,-0.3217412180468223
43.6,A0100,-47221.881722060396,-892.1875417946212,7006.818716380216,329.3879030375984,-44.198949683851595,33.40484673447299
43.6,A0200,-59003.94516576635,6344.1066094523485,5684.7959127129325,-136.2393605585124,187.9906377991784,-4.997168586107181
43.6,B0100,50246.65191674582,147.19458637720527,5885.0086439629595,-219.49215814022386,11.300671179939414,0.9165009263884323
43.6,B0200,50246.71544903923,688.945427977651,5884.972757647105,-219.492158140224,11.300671179936767,0.9165009263845643
43.800000000000004,A0100,-47156.02207915861,-901.039015967588,7013.941989181454,329.78630331845017,-44.40030122608374,32.832463283552094
43.800000000000004,A0200,-59031.768557528834,6381.306569580411,5683.516577926188,-142.8373444295639,183.35689555831317,-4.858751943105915
43.800000000000004,B0100,50202.74274096417,149.47171172641174,5885.508548316149,-219.73245260160016,11.431989253786204,0.07468912334340727
43.800000000000004,B0200,50202.80661981511,691.2292688930102,5885.472466251027,-219.7324526016004,11.43198925378362,0.07468912333979699
44.0,A0100,-47090.06784907701,-909.8965463036111,7020.964398790649,330.1061952485195,-44.36494336399837,32.85892525613379
44.0,A0200,-59060.93928165038,6417.507172025547,5682.22965356824,-149.58431249137928,178.09787710131295,-5.034422645120262
44.0,B0100,50158.77491752233,151.7655316219316,5885.694159660648,-219.83725541303323,11.518143125307825,-1.5406719861433287
44.0,B0200,50158.83914546243,693.5297862876578,5885.657880409832,-219.8372554130334,11.51814312530507,-1.5406719861467126
44.2,A0100,-47024.11701408155,-918.7704410012084,7028.150523333006,329.78380177027435,-44.67271571889083,34.34933553595891
44.2,A0200,-59091.497493970586,6452.556787654481,5680.861659523809,-156.93317452126743,171.466953733302,-5.354391341549755
44.2,B0100,50114.84106948839,154.08899106525496,5885.575573791641,-219.4537842899246,11.705435895840893,-3.26325349467233
44.2,B0200,50114.905651022076,695.8599119541686,5885.539094811873,-219.45378428992498,11.70543589583829,-3.2632534946754963
44.400000000000006,A0100,-46958.243279791845,-927.765602435411,7035.594056350483,329.6202671525944,-45.26989966255502,34.76959482539548
44.400000000000006,A0200,-59123.582360115375,6486.12648255605,5679.4986116881955,-164.43308995485762,163.7962619441534,-4.827294354828184
44.400000000000006,B0100,50070.96126122429,156.44964177409565,5885.023800266899,-219.44667690266695,11.823831464063105,-5.91453306448569
44.400000000000006,B0200,50071.02620199778,698.2271834878084,5884.987118372115,-219.4466769026671,11.823831464060383,-5.91453306448877
44.6,A0100,-46892.31305896025,-936.7900709737878,7042.8690586709745,330.2961795108004,-45.054069114016116,32.84015766805083
44.6,A0200,-59157.04410378107,6518.276234231002,5678.291688040066,-170.5776770448695,157.46563790051732,-3.9358505227377725
44.6,B0100,50027.02863905655,158.82868755915842,5883.983416441719,-219.77044008375324,11.982023132534417,-7.384627359166731
44.6,B0200,50027.09394186434,700.6128161846536,5883.946530049165,-219.77044008375336,11.982023132531715,-7.384627359170277
44.800000000000004,A0100,-46826.23031664357,-945.7583784864546,7049.738779634879,330.86582971014565,-44.87565431099674,31.472149446655116
44.800000000000004,A0200,-59191.63998192175,6549.271276629126,5677.201911607102,-176.07413035032317,151.6812199985926,-3.4349587618912834
44.800000000000004,B0100,49983.0342583879,161.24220394727672,5882.920758100485,-220.06970674613953,12.09116824830122,-6.344055961263145
44.800000000000004,B0200,49983.09992846967,703.0329269557806,5882.88366425479,-220.0697067461398,12.091168248298459,-6.34405596126735
45.0,A0100,-46760.10621775634,-954.7261165791097,7056.570125640761,330.71070323917985,-45.105826266701996,32.29053717442701
45.0,A0200,-59227.35007080215,6579.03140974346,5676.182600505537,-181.60820524851331,145.23797453596288,-3.2247435449949613
45.0,B0100,49939.014400565524,163.63767553107755,5882.327339675077,-219.92403117890743,11.813118521708546,-2.3952866052638475
45.0,B0200,49939.08043518103,705.435037072999,5882.290039921951,-219.9240311789077,11.81311852170587,-2.3952866052684905
45.2,A0100,-46694.047343680795,-963.8166042121193,7063.609486051311,330.46968364542334,-45.88704974006412,33.03231413189342
45.2,A0200,-59264.15053277035,6607.4780304096785,5675.14510058079,-186.94727850419744,138.54323212287764,-3.5337027240645655
45.2,B0100,49895.08582897057,165.98664139744506,5882.675059245688,-219.413978983081,11.695163764791337,1.8316140995585493
45.2,B0200,49895.15222105809,707.7907083841092,5882.637557573944,-219.41397898308117,11.695163764788601,1.8316140995535726
45.400000000000006,A0100,-46627.975375887676,-973.0185800688487,7070.674961115134,330.8107397233999,-46.20908191346685,32.66377458471628
45.400000000000006,A0200,-59302.03114776356,6634.484737237817,5673.998412598408,-192.54526550636115,130.40123927775727,-4.03692604349098
45.400000000000006,B0100,49851.2110925529,168.33087819873253,5883.511949969288,-219.506543018225,11.716348411165177,2.6825165745286546
45.400000000000006,B0200,49851.277841394956,710.1416844413652,5883.47424678312,-219.50654301822533,11.716348411162514,2.682516574523496
45.6,A0100,-46561.820561454435,-982.2457749884779,7077.674029551114,331.07809015133887,-46.28684020973395,32.8164084165585
45.6,A0200,-59341.052735814585,6659.694968733915,5672.820145040805,-198.06966202034954,121.15351618370563,-3.7140757417081707
45.6,B0100,49807.300625916236,170.66979087721484,5884.405558809805,-219.5974705330067,11.65943279623665,2.807106230218022
45.6,B0200,49807.367730706326,712.4873466740282,5884.367654565842,-219.59747053300703,11.659432796233915,2.8071062302127334
45.800000000000004,A0100,-46495.679539226796,-991.5232860065771,7084.85117690038,330.70532654020127,-46.813094079764674,34.32226355701033
45.800000000000004,A0200,-59381.08679208358,6683.191907734868,5671.764977746974,-202.59171661165882,113.50212050773561,-2.9814205075176154
45.800000000000004,B0100,49763.39916724386,173.00162797919984,5885.276667346603,-219.40187878077987,11.673138830843245,2.4074905184905395
45.800000000000004,B0200,49763.46662690751,714.8259300305399,5885.238562652838,-219.40187878078012,11.673138830840518,2.4074905184854
46.0,A0100,-46429.62388286581,-1000.9621114948022,7092.279480273777,330.51321714908,-47.54290883683796,34.698398456122966
46.0,A0200,-59421.95807185718,6705.291343990575,5670.801167393503,-206.60388998140797,106.55105854640952,-2.6243803200612277
46.0,B0100,49719.5349797713,175.36057551890553,5885.837329394501,-219.35387964745274,11.866402943655222,-0.8824878493965368
46.0,B0200,49719.602798422566,717.1915915131067,5885.799021924959,-219.35387964745317,11.8664029436524,-0.8824878494010653
46.2,A0100,-46363.51507660756,-1010.4384073998954,7099.537537363136,331.18202882077003,-47.29039289230086,32.795509141588276
46.2,A0200,-59463.6276352122,6725.922569309685,5669.880217386661,-210.49519690902827,98.96527891896578,-2.574169793179626
46.2,B0100,49675.67085152981,177.7486156120067,5885.5538229794365,-219.08881890076378,12.014341625846095,-4.88746568125088
46.2,B0200,49675.739033586,719.5862730751905,5885.515310240062,-219.08881890076412,12.014341625843247,-4.887465681254887
46.400000000000006,A0100,-46297.255776945785,-1019.8528817990482,7106.398611237191,331.7328048244427,-47.12111633374347,31.480474390328737
46.400000000000006,A0200,-59506.05310100406,6745.017693260033,5668.911931661962,-214.13440858671092,91.19479214418894,-3.047237150519655
46.400000000000006,B0100,49631.88754198703,180.17283947477335,5884.65495619375,-218.84819036088354,12.170067321223286,-7.614292217340884
46.400000000000006,B0200,49631.95609293875,722.0170733049781,5884.616235083162,-218.84819036088356,12.170067321220234,-7.614292217344771
46.6,A0100,-46230.957905629664,-1029.2399540676925,7113.244750877226,331.5782744636968,-47.000842137585444,32.49978703951225
46.6,A0200,-59549.19442209065,6762.4580959263185,5667.803328440736,-217.68661402051677,81.95934677685757,-3.7447826550543066
46.6,B0100,49588.072966647436,182.62036731222906,5883.273370505554,-219.19358541385498,12.264329437476624,-9.053024612916913
46.6,B0200,49588.14189003753,724.4711408243456,5883.23443902365,-219.19358541385515,12.264329437473663,-9.053024612921503
46.800000000000004,A0100,-46164.71963295585,-1038.6533961751775,7120.335807383344,331.3955422819631,-47.24118520816344,33.31385891092178
46.800000000000004,A0200,-59593.02777041275,6777.827093012409,5666.652965405847,-220.89162420029587,70.93551993653814,-3.1912333448740138
46.800000000000004,B0100,49544.203027144074,185.05654590906124,5881.964776542725,-219.29392654577953,12.012154786142926,-6.678984466196683
46.800000000000004,B0200,49544.272321248325,726.9138737825015,5881.925635660216,-219.2939265457799,12.012154786140053,-6.678984466202561
47.0,A0100,-46098.452390585815,-1048.0826328257062,7127.426334302381,331.83635277510507,-47.184670828054685,32.61561299754015
47.0,A0200,-59637.428713592955,6791.192165881974,5665.771225423159,-223.27974737237867,62.45844702666066,-1.1688894977814732
47.0,B0100,49500.374495981574,187.4276023859893,5881.410257808344,-218.90876570733323,11.769512584477486,-2.330735954991842
47.0,B0200,49500.44415090695,729.2915430575267,5881.3709131165415,-218.90876570733374,11.769512584474558,-2.330735954998677
47.2,A0100,-46032.081270387,-1057.467387242039,7134.370174585052,332.2158074013872,-46.82817756420795,32.39501349758461
47.2,A0200,-59682.240089261984,6803.165578266096,5665.3749375505395,-224.97719879051883,56.874740504165516,1.5878254765132294
47.2,B0100,49456.62149822915,189.80579355691225,5881.58294466151,-218.72406844586746,11.939821831775085,-0.014781134123156677
47.2,B0200,49456.69151506653,731.6763979707794,5881.543395543151,-218.72406844586786,11.939821831772111,-0.014781134130294936
47.400000000000006,A0100,-45965.69747748766,-1066.7745415715108,7141.443931777079,331.97879369984344,-46.52647404034861,33.81360429462559
47.400000000000006,A0200,-59727.3422686228,6814.263522437872,5665.544907838434,-226.1266186180728,53.60701982572549,4.408636281633975
47.400000000000006,B0100,49412.847683140855,192.19411608441078,5881.901300084282,-219.02554126772534,11.904919242903526,-0.3407120116761643
47.400000000000006,B0200,49412.91806342648,734.0713999070067,5881.861545671625,-219.02554126772603,11.904919242900537,-0.3407120116833328
47.6,A0100,-45899.38663847012,-1076.0918268858914,7148.81411197576,331.7399241007243,-46.79226253324962,34.785153140982814
47.6,A0200,-59772.63535958271,6824.894661736613,5666.243937703948,-226.85812968049345,52.11638629467417,6.847288565020975
47.6,B0100,49369.01155927715,194.5676718327486,5882.030994131765,-219.33796114763572,11.836253045367267,-2.0088845848524146
47.6,B0200,49369.08230076909,736.451628338702,5881.991035690102,-219.33796114763615,11.836253045364286,-2.0088845848592847
47.800000000000004,A0100,-45833.05541492438,-1085.4361848515546,7156.2016058136705,332.15445425802056,-46.78722105442111,34.12304635770511
47.800000000000004,A0200,-59818.04697466926,6835.368849242041,5667.373559283846,-227.28700240043597,51.95677638420141,8.70726346288808
47.800000000000004,B0100,49325.137577295725,196.93098878249293,5881.769886839065,-219.23700569609312,11.768308379415558,-3.655960060958448
47.800000000000004,B0200,49325.20867843591,738.8215901791918,5881.729725250603,-219.2370056960937,11.768308379412472,-3.6559600609650382
48.0,A0100,-45766.6238546079,-1094.745468424815,7163.443190448588,332.51911358510097,-46.47654897213886,33.8872210598133
48.0,A0200,-59863.525859972375,6845.9137083135065,5668.810879309225,-227.50773436275688,52.7657674858895,9.918562032233881
48.0,B0100,49281.325930931154,199.28266697767322,5881.30701240501,-218.86645420740183,11.742039115263001,-4.263480348388596
48.0,B0200,49281.39738994846,741.1798864747725,5881.266648668032,-218.86645420740237,11.742039115259816,-4.263480348395057
48.2,A0100,-45700.18326971071,-1103.9845751459252,7170.812826475085,332.2593506066883,-46.19985743244015,35.30969934961786
48.2,A0200,-59909.02975583537,6856.696416683008,5670.421338044936,-227.53779873913876,54.30239495108816,10.454512266050063
48.2,B0100,49237.54101216583,201.64757583539176,5880.773409589179,-219.0383281179268,11.846206612059794,-4.477100941611814
48.2,B0200,49237.61283107191,743.5514032984065,5880.732842569552,-219.03832811792742,11.846206612056639,-4.4771009416183984
48.400000000000006,A0100,-45633.820684490565,-1113.237448008509,7178.482388017606,331.99609276406346,-46.480168795356505,36.30661679213958
48.400000000000006,A0200,-59954.52664766518,6867.8457434846205,5672.071040675044,-227.44402177865808,56.40110820230549,10.30756905841671
48.400000000000006,B0100,49193.69100936959,204.01403309236412,5880.285026202429,-219.35866576097212,11.76676271320401,-3.3078247116880948
48.400000000000006,B0200,49193.7631883985,745.9244822918845,5880.244255766862,-219.35866576097283,11.766762713200748,-3.307824711695272
48.6,A0100,-45567.44153554166,-1122.5199416689175,7186.172856828305,332.3974369348578,-46.48686585133353,35.651546577194416
48.6,A0200,-60000.035068062556,6879.378429633864,5673.592222906565,-227.89875127735047,57.69548595703661,9.180697320136929
48.6,B0100,49149.83359236042,206.3318808895092,5880.285322267755,-219.1094073481761,11.349227388238136,0.12223679286112749
48.6,B0200,49149.90612412976,748.2489949033588,5880.244352586204,-219.10940734817692,11.349227388234787,0.12223679285353875
48.800000000000004,A0100,-45500.963977208245,-1131.7689886279113,7193.716316274678,332.75369835580403,-46.17409635844393,35.401162847359565
48.800000000000004,A0200,-60045.7490353961,6890.979201496117,5674.831032340444,-229.41773308068508,57.345543254203946,7.589562192156983
48.800000000000004,B0100,49106.04146367786,208.5715909343453,5880.905422401487,-218.90990919682991,11.047069200522834,2.331538092859745
48.800000000000004,B0200,49106.11433631486,750.495413042725,5880.864260181395,-218.90990919683082,11.047069200519461,2.3315380928518703
49.0,A0100,-45434.47929340697,-1140.943003882945,7201.385324360623,332.4825422064495,-45.8500984209135,36.81925020242784
49.0,A0200,-60091.757061519005,6902.565661147277,5675.7603202436,-230.7138090233738,57.7929304664551,6.212725178830991
49.0,B0100,49062.278558156235,210.7584486568703,5881.835640141235,-218.69307479578103,10.844578417770258,3.686591248931899
49.0,B0200,49062.35176363119,752.6890010393545,5881.794289914975,-218.6930747957819,10.844578417766709,3.6865912489239228
49.2,A0100,-45368.07527159267,-1150.120003116208,7209.356357965946,332.2055238241985,-46.083653672839155,37.8361320500654
49.2,A0200,-60138.034377524076,6914.243696709851,5676.407749853894,-232.358278588237,57.864846590680294,4.6074186807386495
49.2,B0100,49018.57264875782,212.94693760764858,5882.911425304126,-218.5416748092549,10.978868587830982,2.9460054796018893
49.2,B0200,49018.64618732267,754.884224098274,5882.869886933662,-218.54167480925602,10.978868587827446,2.9460054795942336
49.400000000000006,A0100,-45301.65695814501,-1159.3206435093853,7217.35095648298,332.59859989615643,-46.07550586578694,37.18468740108554
49.400000000000006,A0200,-60184.642216407505,6925.954190282497,5676.75624668465,-233.6521101829108,58.79941938249263,3.684533345965707
49.400000000000006,B0100,48974.84197801646,215.14155592582756,5883.426822466819,-218.7939066472304,10.948412936713703,-1.4461696285278884
49.400000000000006,B0200,48974.91585059651,757.0855321867784,5883.385095428424,-218.7939066472314,10.948412936710259,-1.446169628534977
49.6,A0100,-45235.14137639146,-1168.484994144288,7225.196811664373,332.95080124349903,-45.73414549707098,36.91579806351879
49.6,A0200,-60231.37912789353,6938.079023429091,5677.082806700688,-233.69036881883014,61.89552744384201,4.277701624953859
49.6,B0100,48931.09042722215,217.33072603466644,5883.057507608126,-218.5298649380292,10.94920198459252,-5.133501321368921
49.6,B0200,48931.1646329821,759.2813192953618,5883.015592371481,-218.52986493803004,10.949201984589136,-5.13350132137582
49.800000000000004,A0100,-45168.61938194068,-1177.5623917783632,7233.164444117965,332.6755701485605,-45.31986819693528,38.32141751609404
49.800000000000004,A0200,-60278.01375834015,6951.001974210347,5677.556805663389,-232.8167007903103,66.44278345608846,4.7650925432564035
49.800000000000004,B0100,48887.420203724694,219.5311856295375,5882.126312397686,-218.26971547742437,11.000250337190094,-7.65004245954728
49.800000000000004,B0200,48887.49474437844,761.4883353001387,5882.084207995766,-218.2697154774255,11.000250337186708,-7.65004245955431
50.0,A0100,-45102.209022821364,-1186.6369181601585,7241.506894080541,331.9635626343539,-45.81226597301708,40.31730239627795
50.0,A0200,-60324.527907304226,6964.715474294386,5677.973763997106,-232.77257612020807,69.33951159525752,3.848087706154028
50.0,B0100,48843.74112836176,221.72996524470364,5880.832084816604,-218.35282217845798,10.97321125063877,-7.746666705276781
50.0,B0200,48843.81600365055,763.6936415086784,5880.789791394494,-218.352822178459,10.973211250635435,-7.746666705284144
50.2,A0100,-45035.91344204422,-1195.8713971425786,7250.100047417096,331.7096287794118,-46.54527693337555,40.53067156298682
50.2,A0200,-60371.16844901072,6978.764010844148,5678.171703911743,-233.98392677917943,70.07186271882217,2.672845776317689
50.2,B0100,48800.06235684588,223.93534902639658,5879.842884273356,-218.41933517150304,11.030992049416282,-5.607020663073682
50.2,B0200,48800.13756777538,765.9055780203016,5879.800401264078,-218.4193351715044,11.030992049412873,-5.6070206630811015
50.400000000000006,A0100,-44969.578888546304,-1205.1491274233704,7258.508844603923,332.30758425193955,-46.337164121360665,38.613328642486564
50.400000000000006,A0200,-60418.05022956365,6992.978497111497,5678.130191957192,-235.0278180449876,71.30998595415811,1.521590715312868
50.400000000000006,B0100,48756.348869004825,226.14297093766436,5879.258498898416,-218.6014889649164,10.964684075160667,-3.2915334342671065
50.400000000000006,B0200,48756.42441591803,768.1197926872919,5879.215826108222,-218.60148896491793,10.964684075157079,-3.291533434274518
50.6,A0100,-44903.10716157475,-1214.371179414782,7266.52267261849,332.7900022619661,-46.20056958718222,37.31564267428016
50.6,A0200,-60465.11163115824,7007.501291269524,5677.874326748068,-235.83356293732857,73.09097468465392,0.5729275290917984
50.6,B0100,48712.65644712914,228.29128140878674,5879.320412990339,-218.1964900728941,10.46771160765695,0.6759210847238537
50.6,B0200,48712.73232101949,770.2747481879378,5879.277555508732,-218.19649007289559,10.467711607653127,0.6759210847168453
50.800000000000004,A0100,-44836.61659182641,-1223.6127657789948,7274.51220479053,332.4987414538107,-46.57905675736119,38.19987148665461
50.800000000000004,A0200,-60512.31532966954,7022.415763440989,5677.454386075424,-236.48172640239238,75.19958036892214,-0.08714089056691961
50.800000000000004,B0100,48669.07864888996,230.33829693613734,5880.151730573871,-217.6093921543997,10.041617582088476,4.383593368025922
50.800000000000004,B0200,48669.15483436383,772.3284573740239,5880.108697091702,-217.60939215440158,10.041617582084406,4.383593368018936
51.0,A0100,-44770.20585179743,-1232.9880073970562,7282.673126417081,332.2883317858536,-47.19409594240683,38.3434410856116
51.0,A0200,-60559.634679636365,7037.773348747007,5676.933533145904,-237.0155872853553,77.49715583325042,-0.41062824827887845
51.0,B0100,48625.61429216183,232.36789046390186,5881.576454589325,-217.27046374691267,10.207381500606177,5.735596173643456
51.0,B0200,48625.69078657687,774.3647782556436,5881.533246601259,-217.27046374691474,10.207381500602175,5.735596173636263
51.2,A0100,-44703.749528488166,-1242.385052591184,7290.638988807976,332.9075758884727,-46.892259812899816,36.40307181460475
51.2,A0200,-60607.010012319064,7053.66154446411,5676.421727329711,-236.83148426776793,80.82857151783465,0.12242541291612842
51.2,B0100,48582.1405228886,234.41377652186566,5882.815991116731,-217.59369929851835,10.220495376747595,2.851951956049892
51.2,B0200,48582.21732871735,776.417377204787,5882.772607225088,-217.59369929852042,10.220495376743669,2.851951956042057
51.400000000000006,A0100,-44637.123924546606,-1251.7080493878602,7298.133709899848,333.77553965871743,-46.60501166024534,34.17138423852489
51.400000000000006,A0200,-60654.30205445032,7070.273653270109,5676.008282692248,-236.68762017112627,83.95389206446123,0.22066935671861485
51.400000000000006,B0100,48538.621782730654,236.45648761268967,5883.394095032145,-217.49648089647494,10.209732450810577,-0.00027073705417117824
51.400000000000006,B0200,48538.69889948814,778.4667512416781,5883.350535512993,-217.49648089647704,10.209732450806758,-0.00027073706229051596
51.6,A0100,-44570.36973129934,-1260.9478719632389,7305.383226432434,334.11901764905997,-45.911076477476136,34.016001543891115
51.6,A0200,-60701.685438305176,7087.321232675746,5675.526322449336,-237.4459514659591,85.70475029255192,-0.29204112056256254
51.6,B0100,48495.15064903979,238.51136909004344,5883.50647522412,-217.31420516394437,10.27973995531337,-2.34691474767149
51.6,B0200,48495.22807857137,780.5282484576528,5883.462739034039,-217.31420516394633,10.27973995530947,-2.3469147476795933
51.800000000000004,A0100,-44503.60470734269,-1270.0004725266044,7312.770218565833,333.8954931393706,-44.88316665519149,35.4663148114116
51.800000000000004,A0200,-60749.18870916854,7104.769027793194,5674.983547210588,-237.93247107442608,87.88395779637553,-0.3622093540976429
51.800000000000004,B0100,48451.67307157222,240.56691360311743,5883.256597270425,-217.35951334407827,10.254242158219167,-2.5903636183553234
51.800000000000004,B0200,48451.75081398005,782.590378589266,5883.212684352788,-217.35951334408028,10.254242158215284,-2.5903636183628502
52.0,A0100,-44436.93065905429,-1278.9185479674707,7320.525544166028,333.3293295560498,-44.71664097233257,37.37386949967034
52.0,A0200,-60796.73784544715,7122.71711651859,5674.510354151313,-237.68360053101281,91.00565450171143,0.551897994337635
52.0,B0100,48408.207769637025,242.6273594204249,5883.275188434,-217.3593078811321,10.298948394957703,-0.638025654217949
52.0,B0200,48408.2858256609,784.6574312069461,5883.2310983687785,-217.3593078811344,10.298948394953708,-0.6380256542241278
52.2,A0100,-44370.35480280849,-1287.8963154296216,7328.559452793048,333.0586757389291,-45.21542421393949,38.06525395035987
52.2,A0200,-60844.10100801553,7141.465058616188,5674.28889241827,-236.22813910489361,95.63664019077795,1.7593540547635935
52.2,B0100,48364.724314997584,244.6884751374164,5883.639355666324,-217.40356526422553,10.241201104537941,1.0306242573719553
52.2,B0200,48364.80268474554,786.7251861439254,5883.595088392507,-217.4035652642279,10.241201104533813,1.0306242573667097
52.400000000000006,A0100,-44303.76719921154,-1296.9341717780771,7336.58221982127,333.4210501791453,-45.31357650373422,37.36944887828466
52.400000000000006,A0200,-60891.22974415412,7161.041581693673,5674.138711381598,-235.7261369437918,98.7778399127743,1.2864399094063081
52.400000000000006,B0100,48321.26848140171,246.70721743190734,5884.3502158625415,-217.22245449858596,9.922764830723933,2.7550098561154135
52.400000000000006,B0200,48321.347158435165,788.7505932227086,5884.305775019107,-217.22245449858852,9.922764830719903,2.755009856110146
52.6,A0100,-44237.09250689152,-1305.956601115362,7344.466454753941,333.6985649380972,-45.1549288993673,37.214689465235125
52.6,A0200,-60938.41736543872,7181.020356296267,5673.822175307443,-236.67522775112653,99.9421978258182,0.22993081202296584
52.6,B0100,48277.85025546278,248.67478164006752,5885.341334436947,-216.9356948510208,9.748334481412185,3.9460681132154085
52.6,B0200,48277.9292320079,790.7248405572518,5885.296724409607,-216.93569485102321,9.748334481408138,3.946068113209654
52.800000000000004,A0100,-44170.43066524749,-1314.9593752424262,7352.4942863945635,333.3138095361372,-45.22321980444002,38.69172271128676
52.800000000000004,A0200,-60985.79019551685,7201.25170394353,5673.292857677494,-237.41572567654313,101.54876839671681,-0.7351752691557738
52.800000000000004,B0100,48234.50850628437,250.6390225716168,5886.444786307744,-216.6435991352411,9.853643483580509,3.059679082891775
52.800000000000004,B0200,48234.58778183682,792.6957626361964,5886.400007389933,-216.64359913524362,9.853643483576592,3.059679082884906
53.0,A0100,-44103.870707264694,-1324.0477625294225,7360.823220776354,332.94522979616926,-45.80855137865657,39.679173264715246
53.0,A0200,-61033.28021179943,7221.851677350507,5672.595573479706,-237.89676182626366,103.57735350477408,-1.4185680166844057
53.0,B0100,48191.17656960323,252.61755845891457,5886.984665737404,-216.7019178631181,9.916641478825897,-1.11240310982763
53.0,B0200,48191.25614632861,794.6809298027074,5886.9397167015995,-216.70191786312034,9.916641478821921,-1.1124031098364056
53.2,A0100,-44037.30464079575,-1333.198549514138,7369.1475481569905,333.36978518441697,-45.824869934685225,38.6346368543261
53.2,A0200,-61080.846680912,7242.882743125025,5671.792395642897,-238.21189685027048,105.83000321395384,-1.7732979525395427
53.2,B0100,48147.85090416175,254.6080063569243,5886.819889722505,-216.4992535812191,9.943539554815219,-3.0619942837442267
53.2,B0200,48147.93078386481,796.6779475398034,5886.774769548221,-216.49925358122124,9.94353955481133,-3.061994283752806
53.400000000000006,A0100,-43970.63014845041,-1342.317276155707,7377.20321702414,333.76392307536037,-45.63619244615603,37.738725807825105
53.400000000000006,A0200,-61128.46398462517,7264.374443007091,5670.950981042501,-238.42973623412158,108.1576146343975,-1.7864252264379392
53.400000000000006,B0100,48104.569411382305,256.59529456182645,5886.623172625277,-216.3247310156409,9.935906572380519,-1.9029905592126348
53.400000000000006,B0200,48104.64959358311,798.6717961318591,5886.577881585745,-216.32473101564307,9.935906572376723,-1.9029905592198775
53.6,A0100,-43903.94520336584,-1351.412340845949,7385.289721934007,333.46926102925266,-45.66069546079792,38.8327188723316
53.6,A0200,-61176.07421632894,7286.381784152392,5670.184641405427,-237.90026784072356,111.2724678547947,-0.8888566225418699
53.6,B0100,48061.30456101119,258.6149017132011,5886.751055241555,-216.39657556505762,10.196458164844907,-0.1841820541104114
53.6,B0200,48061.38505062213,800.6979890008879,5886.705590559872,-216.3965755650598,10.196458164841081,-0.18418205411641694
53.800000000000004,A0100,-43837.34869474893,-1360.5814723568947,7393.625368334209,333.14523137082904,-46.19064576481578,39.65507381037369
53.800000000000004,A0200,-61223.43800166929,7309.166504001678,5669.653865402255,-236.16196307015224,115.67341447983064,0.16029815236637218
53.800000000000004,B0100,48018.03420229575,260.6694727635113,5887.27805811333,-216.17993899291744,10.333298230436318,2.4894967668563557
53.800000000000004,B0200,48018.115004634965,802.7591808653942,5887.232416787665,-216.17993899291997,10.333298230432613,2.489496766851509
54.0,A0100,-43770.74050718815,-1369.805398653596,7401.934524883471,333.58345058939256,-46.18440379342297,38.54419958035168
54.0,A0200,-61270.524366457066,7332.728198255489,5669.161994368231,-235.51558417139228,118.60255922091041,-0.4431574575813318
54.0,B0100,47974.82017253125,262.75538690982285,5888.236484399007,-216.19058145067456,10.450639839071153,3.266181151678355
54.0,B0200,47974.901292363706,804.8517443003802,5888.190663737863,-216.1905814506774,10.450639839067497,3.266181151673476
54.2,A0100,-43704.022197718165,-1378.9947214404383,7409.966943797122,333.9813637685557,-45.99233915624276,37.62503146949972
54.2,A0200,-61317.65000380136,7356.669457666347,5668.484174127792,-236.35430256762265,119.78800993629388,-1.5695455887166951
54.2,B0100,47931.55485548211,264.8476950643708,5889.125202268879,-216.51960698224474,10.441511621984104,2.134692031141468
54.2,B0200,47931.63629378055,806.9507035524985,5889.079201721732,-216.51960698224752,10.441511621980412,2.1346920311358866
54.400000000000006,A0100,-43637.293023976075,-1388.161458142531,7418.026452275437,333.6878725417768,-46.02964322326183,38.7009261007482
54.400000000000006,A0200,-61364.9270599886,7380.878865395109,5667.582629593631,-236.90519194419448,121.4509319942664,-2.5875211688580215
54.400000000000006,B0100,47888.238372754175,266.9298480388279,5889.713522359394,-216.56229796479374,10.378244941563686,0.6400198581528035
54.400000000000006,B0200,47888.320127971834,809.0394896135385,5889.667342798875,-216.56229796479644,10.378244941560187,0.6400198581465294
54.6,A0100,-43570.65200067723,-1397.4049195302468,7426.331117130241,333.3649515442598,-46.569291160567126,39.50467422705079
54.6,A0200,-61412.28335360631,7405.461061918777,5666.502578915191,-237.19711406001846,123.47283802878498,-3.3282779526136923
54.6,B0100,47844.96513910443,269.01792012398073,5890.00755936285,-216.16810696394384,10.499898993959391,-1.1488396231942974
54.6,B0200,47845.04721213507,811.1341629516919,5889.9612002841095,-216.16810696394634,10.499898993955894,-1.1488396232015636
54.800000000000004,A0100,-43503.99928623832,-1406.7039176687867,7434.607078068588,333.8019743108383,-46.56044811852977,38.39125255281837
54.800000000000004,A0200,-61459.67881321357,7430.4681674337735,5665.304074837899,-237.3325009378984,125.67209232223234,-3.756020289853522
54.800000000000004,B0100,47801.754668404916,271.1413776032059,5889.866697998736,-216.08900266152804,10.662306476907188,-3.6106326472184547
54.800000000000004,B0200,47801.83706462909,813.2641748191163,5889.820156366841,-216.0890026615308,10.662306476903701,-3.610632647225766
55.0,A0100,-43437.236891243716,-1415.9676435611873,7442.606891621306,334.196729852064,-46.37195613199786,37.47612862690307
55.0,A0200,-61507.09063844976,7455.921530538013,5664.050862961638,-237.3882598843236,127.91242839291908,-3.8646418367364714
55.0,B0100,47758.49000536899,273.28896562558293,5889.315519850978,-216.4838058440028,10.770856775937387,-4.577312852723169
55.0,B0200,47758.572728449435,815.4182902396678,5889.26879359275,-216.48380584400564,10.77085677593405,-4.57731285272878
55.2,A0100,-43370.46435897878,-1425.2123033681492,7450.6336796452615,333.8996110752249,-46.439068079924,38.545252709217486
55.2,A0200,-61554.462402030025,7481.866996030607,5662.8514410959615,-236.67898578236773,130.85961836030552,-3.0897092039758567
55.2,B0100,47715.176967454994,275.43325244426524,5888.922527271079,-216.48329586988123,10.611216374044737,-1.8709751898948515
55.2,B0200,47715.26001689014,817.5691253872883,5888.875616669815,-216.48329586988416,10.611216374041312,-1.8709751898977491
55.400000000000006,A0100,-43303.78050627268,-1434.5398537590008,7458.902901832595,333.5747177307385,-47.003350868055534,39.33336740647775
55.400000000000006,A0200,-61601.64339150764,7508.442939784942,5661.79242940545,-236.07174194380656,133.58596265605235,-2.8842162378900777
55.400000000000006,B0100,47671.91844071189,277.55093987862347,5889.273924488654,-216.18064226762658,10.558717134270466,1.7676849394952459
55.400000000000006,B0200,47672.001812464776,819.6934167643449,5889.22683182465,-216.18064226762948,10.55871713426721,1.767684939494843
55.6,A0100,-43237.0853461046,-1443.9256302050235,7467.14168186703,334.0095731799586,-46.99653823917101,38.21967235202666
55.6,A0200,-61648.84235716399,7535.413067755442,5660.66841711272,-236.48107910994548,135.24627970355743,-3.418319658157106
55.6,B0100,47628.69187995962,279.6736370996696,5890.133187766809,-216.1756836916565,10.60411521342585,3.2185050250144593
55.6,B0200,47628.775574795414,821.8227566660535,5890.085912611066,-216.17568369165932,10.604115213422759,3.2185050250152045
55.800000000000004,A0100,-43170.28107714682,-1453.2760605039184,7475.105318656175,334.40047611502007,-46.81606170717247,37.30992869301308
55.800000000000004,A0200,-61696.08813171384,7562.752106609481,5659.479563604527,-236.61294516432807,137.193577214767,-3.527730826120466
55.800000000000004,B0100,47585.46067773705,281.7825211595082,5891.2012615160675,-216.16996844430088,10.460061569429172,4.250716398096111
55.800000000000004,B0200,47585.544693558215,823.938302035127,5891.153805051243,-216.16996844430372,10.460061569426141,4.250716398097389
56.0,A0100,-43103.46761788966,-1462.6125874042882,7483.095890692788,334.09828444147894,-46.924415419154286,38.37156059437833
56.0,A0200,-61743.307635531855,7590.523604188682,5658.352606349443,-235.96889243889746,139.80994384424474,-2.6446665914839076
56.0,B0100,47542.22888810942,283.8745147351801,5892.34706643004,-216.2556276550333,10.456973201277359,3.62911583389694
56.0,B0200,47542.313222344696,826.0369636806954,5892.299430105311,-216.25562765503645,10.456973201274375,3.6291158338975853
56.2,A0100,-43036.743635459214,-1472.0404953144644,7491.325716098616,333.7703775101267,-47.52301464171744,39.141184837828966
56.2,A0200,-61790.34690806161,7618.861923034223,5657.395154671758,-235.39286092204955,142.28397729253933,-2.3174040129807154
56.2,B0100,47498.990041276265,285.97527459238336,5893.249609511611,-216.09212850053186,10.540162004368932,2.1975256114286044
56.2,B0200,47499.074695261676,828.1443717996717,5893.201792576594,-216.09212850053487,10.540162004366247,2.197525611428204
56.400000000000006,A0100,-42970.00885060992,-1481.5305351568204,7499.523052943927,334.20284899491236,-47.520717167357255,38.02720653643877
56.400000000000006,A0200,-61837.40549873983,7647.562130501858,5656.386408189861,-235.78376860784894,143.8362644617972,-2.793477237188844
56.400000000000006,B0100,47455.79441492318,288.1108060403494,5893.710058136334,-215.93943955184304,10.738004997782427,-1.2223393106382978
56.400000000000006,B0200,47455.87939393781,830.2865069922809,5893.66205760913,-215.93943955184605,10.738004997779699,-1.2223393106402165
56.6,A0100,-42903.165561505455,-1490.985469373787,7507.446429224645,334.58947882587063,-47.35160027112315,37.12366690969432
56.6,A0200,-61884.45963878398,7676.649782505112,5655.3765304029,-235.1518343691945,146.33004040042186,-2.2049423914891357
56.6,B0100,47412.61918352346,290.26999397957115,5893.48440179211,-215.76690753802347,10.840065857027048,-3.4838704069331365
56.6,B0200,47412.704491159726,832.4522366824804,5893.436215642469,-215.76690753802654,10.840065857024351,-3.4838704069352406
56.800000000000004,A0100,-42836.314203954906,-1500.433117393306,7515.3966406079035,334.2809899017921,-47.51187976351765,38.17600929717631
56.800000000000004,A0200,-61931.33261867886,7706.282160553314,5654.477905960972,-234.5827897799967,148.70177541274975,-2.126801190039345
56.800000000000004,B0100,47369.463732399454,292.46023421261634,5893.111118501147,-215.8561517165737,10.999247149943736,-3.4755370172442435
56.800000000000004,B0200,47369.54937337257,834.6490029881461,5893.062744065675,-215.85615171657705,10.99924714994127,-3.475537017244977
57.0,A0100,-42769.553335518605,-1509.9828133132978,7523.582197810207,333.9493063245142,-48.15374413623482,38.92296834437553
57.0,A0200,-61978.22738075956,7736.260363972036,5653.49091929373,-234.97350712082866,150.20385067615263,-2.7544706234106138
57.0,B0100,47326.2530512137,294.66972055176484,5892.7898792043525,-216.1792134937999,11.029140338196429,-2.525754789150095
57.0,B0200,47326.339028448245,836.8650282598428,5892.741314831099,-216.17921349380327,11.029140338193985,-2.5257547891488454
57.2,A0100,-42702.78224701881,-1519.5996379819117,7531.732744958508,334.3793169425168,-48.15791580605154,37.808425629850994
57.2,A0200,-62025.15822257716,7766.58020461968,5652.424468669928,-235.03274826575665,152.0281158239866,-2.926312849735143
57.2,B0100,47283.02918175105,296.8518264111626,5892.901031792961,-215.9602124354635,10.718450148059532,0.6415438112610972
57.2,B0200,47283.11549109228,839.0537121722828,5892.852279829804,-215.96021243546684,10.718450148056963,0.6415438112643328
57.400000000000006,A0100,-42635.90327741825,-1529.1818407928622,7539.610711487459,334.76123924503054,-48.00348197843474,36.9120333457518
57.400000000000006,A0200,-62072.04567325533,7797.306097634031,5651.408427613496,-234.29025843510425,154.48027587476474,-2.103916790894242
57.400000000000006,B0100,47239.865475807936,298.9752196084992,5893.590289032516,-215.77870152630106,10.498660768781054,2.6944107201508416
57.400000000000006,B0200,47239.95210833191,841.183723903685,5893.541354519086,-215.77870152630447,10.498660768778512,2.6944107201545795
57.6,A0100,-42569.01754965164,-1538.7649321219033,7547.515280353242,334.44513609397745,-48.227343196487844,37.95235327333404
57.6,A0200,-62118.73230956687,7828.56331375174,5650.547725120727,-233.62048787009886,156.80941963276013,-1.8541079321154235
57.6,B0100,47196.70753835625,301.0680153684825,5894.488951656291,-215.87572966259273,10.419188077104257,2.797303889466518
57.6,B0200,47196.79448941762,843.2831552970783,5894.4398372154465,-215.87572966259603,10.419188077101676,2.7973038894699185
57.800000000000004,A0100,-42502.215529057,-1548.4510985952002,7555.6196130144945,334.21413560146624,-48.7386931233762,38.22345541525757
57.800000000000004,A0200,-62165.41956508628,7860.167084297431,5649.623581174732,-233.90365210677223,158.32818951460746,-2.374586470102156
57.800000000000004,B0100,47153.53898285738,303.1450033946694,5895.306341428764,-215.7528550899586,10.359847406273063,2.3077070674630376
57.800000000000004,B0200,47153.62625005225,845.3667735928611,5895.257048418371,-215.7528550899617,10.359847406270552,2.307707067465912
58.0,A0100,-42435.37291160733,-1558.152836396952,7563.5445211158385,334.80375020515913,-48.46589606157728,36.31750924084688
58.0,A0200,-62212.12558253598,7892.108322895649,5648.64287363027,-233.89585143481298,160.098199960127,-2.4314052201885836
58.0,B0100,47110.425042738076,305.24649297822543,5895.931554855844,-215.51119398921273,10.566484484942098,0.07284874971294601
58.0,B0200,47110.51262979037,847.4748686512339,5895.882081173491,-215.51119398921577,10.566484484939572,0.0728487497148995
58.2,A0100,-42368.39570649981,-1567.789171884553,7571.07622307623,335.2807971967517,-48.265644682986796,35.020244526371286
58.2,A0200,-62258.77925601904,7924.43623565642,5647.738026397812,-233.13015915569886,162.3952556195925,-1.454031108538308
58.2,B0100,47067.31468218798,307.36713717830753,5895.76815920107,-215.52637541423888,10.618752994823152,-4.917500931285959
58.2,B0200,47067.40259200091,849.6020500889081,5895.718503209009,-215.52637541424173,10.618752994820511,-4.917500931285209
58.400000000000006,A0100,-42301.39711090542,-1577.425810396222,7578.579186430878,335.02031482245764,-48.516328994492724,35.8641101544048
58.400000000000006,A0200,-62305.137097349354,7957.335036866898,5647.0982380752175,-231.16492636107282,165.61878302507384,-0.24294125859770468
58.400000000000006,B0100,47024.229288603434,309.5007820061619,5894.804052391701,-215.25068880908302,10.67806104421256,-7.116470642774727
58.400000000000006,B0200,47024.317523149926,851.742159628473,5894.754212973385,-215.25068880908603,10.678061044209878,-7.116470642773686
58.6,A0100,-42234.484007679785,-1587.187962547303,7586.290191125156,334.68264667103716,-49.29799092258453,36.602169378981294
58.6,A0200,-62351.170318021126,7990.818785012219,5646.529115354049,-230.25299251181625,167.9425636048358,-0.7250193590397891
58.6,B0100,46981.19079972306,311.64193881555184,5893.776936726339,-215.0875536614822,10.733034680035487,-6.044287325549898
58.6,B0200,46981.27936014143,853.8897686145829,5893.7269132387955,-215.08755366148515,10.733034680032935,-6.0442873255479475
58.800000000000004,A0100,-42167.568328580885,-1597.0458781465459,7593.995353286393,335.05370476443517,-49.40672726245091,35.73150459783675
58.800000000000004,A0200,-62397.180939394515,8024.635085988204,5645.782109159674,-230.63280187836872,169.25303051139826,-1.8325278992404934
58.800000000000004,B0100,46938.17030443994,313.82674333351497,5893.062486843526,-215.12209730335582,11.044983601080467,-4.371290478229567
58.800000000000004,B0200,46938.25919736639,856.0810494131238,5893.01227553828,-215.1220973033588,11.044983601078137,-4.371290478226539
59.0,A0100,-42100.55485924575,-1606.8802860702526,7601.472145956233,335.39990729947453,-49.319985795373334,34.995165420628474
59.0,A0200,-62443.22938525087,8058.75421242314,5644.834032069495,-230.6131914037847,170.98977260821343,-2.660740166551964
59.0,B0100,46895.12662565335,316.0560258683927,5892.696464101147,-215.22132357264903,11.202645046058912,-2.093954937624717
59.0,B0200,46895.21585785025,858.3168416564367,5892.6460611584625,-215.22132357265178,11.202645046056919,-2.093954937620407
59.2,A0100,-42033.54009317779,-1616.7456079641306,7608.991595717936,335.064672784516,-49.76714247959051,36.0398447592844
59.2,A0200,-62489.24754177993,8093.242375157879,5643.755167822594,-230.38144337154972,172.90836188815737,-3.136327675293604
59.2,B0100,46852.11749261291,318.2971930841959,5892.980672192229,-214.7700938756839,11.145907302033388,1.8523982939035504
59.2,B0200,46852.207065887844,860.5645691478549,5892.930076591096,-214.77009387568668,11.145907302031526,1.852398293909346
59.400000000000006,A0100,-41966.61060564071,-1626.7561198087587,7616.700394853195,334.8356474252449,-50.41798015900512,36.243693126554625
59.400000000000006,A0200,-62535.20791881737,8128.118766099735,5642.613968435733,-230.0712204119013,174.84850879236814,-3.2848008043654295
59.400000000000006,B0100,46809.20403438416,320.5237030605622,5893.927419847361,-214.52357748303552,11.09688775963595,4.08845843235341
59.400000000000006,B0200,46809.29394651332,862.797681728427,5893.876632842825,-214.52357748303828,11.096887759634221,4.0884584323591255
59.6,A0100,-41899.63909314318,-1636.790168907486,7624.224782324556,335.43634800450326,-50.10112457548728,34.353449951321316
59.6,A0200,-62581.10491556207,8163.376545028055,5641.47266951311,-229.77150853034155,176.70515446913114,-3.13921115523808
59.6,B0100,46766.28110532943,322.7599121857784,5895.026015412368,-214.85731759150326,11.222151743471647,3.2118323505275566
59.6,B0200,46766.371357788725,865.0405079338179,5894.975036171829,-214.8573175915061,11.222151743470114,3.2118323505323914
59.800000000000004,A0100,-41832.50318199921,-1646.7440629361845,7631.287990393243,336.2796806911657,-49.77869301836992,32.162353813760795
59.800000000000004,A0200,-62626.90302193707,8199.021219912222,5640.440304507665,-228.82036800201791,178.9056757055334,-2.027081179272712
59.800000000000004,B0100,46723.28760960058,325.00670025159525,5895.8162703295675,-215.0252542127069,11.237436463148235,1.6873293222418935
59.800000000000004,B0200,46723.378203994806,867.2938973351229,5895.7650979476275,-215.0252542127097,11.237436463146755,1.6873293222458974
60.0,A0100,-41765.242271471834,-1656.6124303860124,7638.111717894657,336.6139785530135,-49.107749742869665,32.03284613501832
60.0,A0200,-62672.37330036701,8235.200388770463,5639.6967774745535,-226.71228298429682,181.89689278603257,-0.7187100023209294
60.0,B0100,46680.30278857947,327.2786044638324,5896.285904655408,-214.85241665524387,11.450596095520005,-0.48418646172279367
60.0,B0200,46680.39372872521,869.5723740434732,5896.234536974123,-214.85241665524651,11.450596095518662,-0.484186461720028
60.2,A0100,-41697.97060884507,-1666.3036463288045,7645.075889267486,336.39871906583153,-48.147973330867764,33.481089711672766
60.2,A0200,-62717.48799968514,8271.9293466981,5639.041379727791,-225.62271252392523,184.14035996628365,-1.128438865447371
60.2,B0100,46637.34774286367,329.58942793609094,5896.10589242083,-214.71143666567403,11.517271444587097,-4.829378184767495
60.2,B0200,46637.43903467191,871.8897097230238,5896.054326102443,-214.7114366656767,11.517271444585448,-4.829378184766061
60.400000000000006,A0100,-41630.787010465945,-1675.8740934348516,7652.402899826206,335.8482077701336,-48.041536680589125,35.336736196401276
60.400000000000006,A0200,-62762.53929034077,8308.994394252266,5638.220697366134,-225.76082693930698,185.5382092001949,-2.1650698262048804
60.400000000000006,B0100,46594.38396536812,331.88323377745655,5894.949601332759,-214.86691537601175,11.44473745771306,-9.382265075391123
60.400000000000006,B0200,46594.47560624389,874.1899452944253,5894.897837844106,-214.86691537601445,11.444737457711314,-9.38226507539027
60.6,A0100,-41563.69921537837,-1685.5122946340052,7659.996706010854,335.5821658827493,-48.5584983756003,35.97436527179774
60.6,A0200,-62807.58086506746,8346.373519052351,5637.21884043016,-225.5296727375011,187.27878773321893,-2.877276702313702
60.6,B0100,46551.375837486965,334.18075489820694,5893.268960759535,-215.04992269512627,11.467671980265532,-9.70814407890757
60.6,B0200,46551.4678279934,876.4938578783094,5893.216999779328,-215.04992269512908,11.467671980263802,-9.708144078905441
60.800000000000004,A0100,-41496.604450166706,-1695.2152100312105,7667.585011120138,335.88981165232104,-48.69863104167377,35.437372847079054
60.800000000000004,A0200,-62852.55457980006,8384.114890329674,5636.111032240013,-225.13251796778104,189.12946525174183,-3.2279021817020745
60.800000000000004,B0100,46508.36200311478,336.4746867669892,5891.94857055883,-214.97292568482376,11.467249520276845,-6.429220720524096
60.800000000000004,B0200,46508.45434270688,878.7942129991152,5891.896412398113,-214.97292568482632,11.467249520275292,-6.429220720520409
61.0,A0100,-41429.43353070207,-1704.9120635617983,7675.081672428712,336.1187709854402,-48.591617045824606,35.51596402386517
61.0,A0200,-62897.44220893608,8422.225401258973,5634.965535525644,-224.70197113452727,190.95007984361519,-3.2594505449413282
61.0,B0100,46465.37687860779,338.79625379952813,5891.286773857988,-214.86014149095183,11.677523608649578,-3.6742644499444364
61.0,B0200,46465.46957149079,881.1222554533942,5891.234416140367,-214.86014149095436,11.677523608648297,-3.6742644499397277
61.2,A0100,-41362.28379550757,-1714.6042050321685,7682.752567067171,335.7077086856813,-48.75609098652279,37.065699280064095
61.2,A0200,-62942.20026162445,8460.718230415976,5633.89163728114,-223.57578026653317,193.12701977939548,-2.3748845577450393
61.2,B0100,46422.41463238323,341.1441708273542,5891.087418178078,-214.6734460332681,11.761988230081695,-1.3292350896219003
61.2,B0200,46422.50768256513,883.4766841203127,5891.034858639625,-214.67344603327075,11.761988230080636,-1.3292350896164642
61.400000000000006,A0100,-41295.23942771224,-1724.399311897163,7690.728902359489,335.3246992897045,-49.401565817420774,38.04845593649043
61.400000000000006,A0200,-62986.68328569418,8499.675739343242,5632.979235911465,-222.5421598950553,195.2055932402,-2.117939720739327
61.400000000000006,B0100,46379.46724635358,343.5059826435281,5891.203975892226,-214.90007352751226,11.786367600894206,-1.2047665241584342
61.400000000000006,B0200,46379.560655944035,885.8450324343266,5891.151213340221,-214.9000735275151,11.786367600893312,-1.2047665241531174
61.6,A0100,-41228.19180531734,-1734.2629601403569,7698.701044440406,335.73362432451665,-49.422785924718156,37.019975991713935
61.6,A0200,-63031.08998949801,8538.962578521438,5632.012142947537,-222.41961940599245,196.706616175774,-2.5638727100253047
61.6,B0100,46336.44977761179,345.8596897787884,5891.128751811648,-215.2557782774614,11.732265815524084,-2.8814882156944797
61.6,B0200,46336.54354538076,888.2052702562978,5891.075786940892,-215.25577827746426,11.732265815523135,-2.881488215689724
61.800000000000004,A0100,-41161.039036159505,-1744.0946557358293,7706.408162174248,336.11534093667626,-49.255704674148376,36.12700332718231
61.800000000000004,A0200,-63075.44039778804,8578.569225877258,5631.002788299727,-222.07276679312776,198.33290971761713,-2.56374268021086
61.800000000000004,B0100,46293.38638675684,348.2035034575965,5890.6784148582665,-215.18940073172104,11.65451915562351,-4.379915413552766
61.800000000000004,B0200,46293.48051120121,890.5555894011286,5890.6252485210025,-215.18940073172357,11.654519155622642,-4.379915413548618
62.0,A0100,-41093.876699141794,-1753.9140084869796,7714.141376457152,335.82387378482764,-49.35943425283305,37.1735177497795
62.0,A0200,-63119.677831846195,8618.51758551917,5630.0784816392625,-221.04158613064675,200.27389144287395,-1.5631850228374755
62.0,B0100,46250.38974676492,350.52813830067134,5890.107939238827,-214.82587399403644,11.57564677931876,-4.332354332794511
62.0,B0200,46250.484224966815,892.8867092542041,5890.054573080008,-214.82587399403897,11.575646779318076,-4.3323543327905565
62.2,A0100,-41026.80167360123,-1763.8212483329407,7722.111600998976,335.50222576066403,-49.93393797763309,37.937867367545465
62.2,A0200,-63163.572536835054,8658.935035213446,5629.415739605163,-218.87199620971217,202.8954983033101,-0.40723544242957854
62.2,B0100,46207.40921158288,352.8601969476804,5889.605703839039,-215.01851020504822,11.673587270806856,-3.856980139282092
62.2,B0200,46207.5040446698,895.2252563214461,5889.5521372239455,-215.01851020505094,11.673587270806152,-3.856980139277714
62.400000000000006,A0100,-40959.715448854935,-1773.7872000822772,7730.048573735277,335.9325703008503,-49.92517345449159,36.82072654869053
62.400000000000006,A0200,-63207.0948126678,8699.84103053826,5628.82023835622,-217.66321631093479,204.9433389982016,-0.8708027362351112
62.400000000000006,B0100,46164.36659667685,355.1940735464286,5889.255062266828,-215.30398373354893,11.596911816874522,-2.3322641816026217
62.400000000000006,B0200,46164.46178492675,897.565643785545,5889.201295037368,-215.30398373355152,11.596911816874034,-2.332264181597086
62.6,A0100,-40892.52115666281,-1783.7178430778713,7737.709701097259,336.3224309179392,-49.75498920373766,35.8967108369212
62.6,A0200,-63250.51905892395,8741.068998373623,5628.057508694688,-217.5619369697329,206.36157718955477,-1.875012019554946
62.6,B0100,46121.3281684567,357.4820366034346,5889.438312968628,-214.96712568501977,11.209607861720388,1.1657279361997581
62.6,B0200,46121.42370489651,899.860162901472,5889.384349062497,-214.96712568502215,11.209607861720102,1.1657279362064241
62.800000000000004,A0100,-40825.31622435544,-1793.6382639834228,7745.391973637763,336.0347018151711,-49.88118851281225,36.919200917803934
62.800000000000004,A0200,-63293.88120306876,8782.61271975606,5627.124330820869,-217.0733356781953,208.0796913921893,-2.5298639404571284
62.800000000000004,B0100,46078.36634202071,359.70252057425205,5890.2068598207225,-214.8005749372423,10.97680830234779,3.0378699494480736
62.800000000000004,B0200,46078.462216400294,902.0872415315152,5890.152705030923,-214.8005749372445,10.976808302347699,3.0378699494546746
63.0,A0100,-40758.1977975997,-1803.6512949073258,7753.305798111356,335.7169242176025,-50.473847377584015,37.65748362307817
63.0,A0200,-63337.12606191826,8824.509644634352,5626.096786858321,-216.44197256786867,209.86556429006603,-2.828623584634431
63.0,B0100,46035.42102163937,361.8834080994984,5891.21244958985,-214.62836204068321,10.829370341999761,4.007910615304025
63.0,B0200,46035.517227940174,904.2747415577978,5891.158107310639,-214.62836204068518,10.829370341999825,4.007910615310531
63.2,A0100,-40691.067595379194,-1813.724714944381,7761.183242473415,336.14886685394634,-50.46325466404708,36.53647625574515
63.2,A0200,-63380.24094740688,8866.759753197755,5625.041149469242,-215.80670386898902,211.59496104411025,-2.8205981728140905
63.2,B0100,45992.52546257597,364.07148070795483,5892.294332629306,-214.49346104990556,10.96849433803783,2.975346087186883
63.2,B0200,45992.62200188989,906.469425652791,5892.239802248194,-214.4934610499075,10.968494338037871,2.9753460871926967
63.400000000000006,A0100,-40623.82925968975,-1823.762194391329,7768.785647497403,336.5375005270125,-50.29986444698295,35.61824903465661
63.400000000000006,A0200,-63423.18942688864,8909.366885061863,5624.062775903392,-214.51962299825797,213.58337097497028,-1.9316638640288988
63.400000000000006,B0100,45949.603266250706,366.2608552272195,5892.7726239769145,-214.7530477658577,10.899538720811325,-1.5557155380338317
63.400000000000006,B0200,45949.700138776585,908.6653638940134,5892.717905383717,-214.75304776585975,10.89953872081112,-1.5557155380290908
63.6,A0100,-40556.58076940581,-1833.79489418935,7776.40907043621,336.24683709678413,-50.47130481452406,36.63120236607932
63.6,A0200,-63465.831659217576,8952.39667169829,5623.242588506131,-213.3221780049457,215.50134927886342,-1.6965929415189676
63.6,B0100,45906.66013219745,368.4463184817796,5892.346844238498,-214.47999889781522,10.93415613430398,-5.337961875138948
63.6,B0200,45906.75733733129,910.8573164515783,5892.291937769045,-214.4799988978171,10.934156134303542,-5.337961875134937
63.800000000000004,A0100,-40489.419117318204,-1843.9295799201518,7784.26010893579,335.92859935103684,-51.1017619887172,37.34667134913684
63.800000000000004,A0200,-63508.35904158849,8995.740961700343,5622.370822666893,-212.9843181500877,216.96602352993648,-2.0993429477383234
63.800000000000004,B0100,45863.800445432265,370.64770331022555,5891.33680320199,-214.2202137302506,11.006285572495111,-7.963828517547548
63.800000000000004,B0200,45863.89798558746,913.0651277486522,5891.281707493068,-214.2202137302524,11.006285572494585,-7.963828517543501
64.0,A0100,-40422.245671543555,-1854.1288800363545,7792.072203456095,336.3607493996115,-51.09536703760358,36.22484625388147
64.0,A0200,-63550.788472993096,9039.39324390614,5621.465710201461,-212.43950633391646,218.51825605299365,-2.059047712732294
64.0,B0100,45820.93090434351,372.84956700241673,5889.93669630486,-214.31342146041519,10.988180570404067,-8.241520391963318
64.0,B0200,45821.02877959218,915.2733859239943,5889.88141132001,-214.3134214604171,10.988180570403548,-8.241520391958538
64.2,A0100,-40354.96421842666,-1864.2923968770829,7799.6106445756395,336.747085371349,-50.94478705739993,35.31415511935501
64.2,A0200,-63593.06880174091,9083.366086766735,5620.651533105698,-211.24996785515648,220.29663972559277,-1.056443931687122
64.2,B0100,45778.05694286458,375.0686791476455,5888.800157809248,-214.40869356764924,11.12026120427062,-6.319986389864358
64.2,B0200,45778.15515583003,917.498915848284,5888.74468206456,-214.40869356765091,11.120261204270385,-6.31998638985869
64.4,A0100,-40287.67343207338,-1874.458789851562,7807.169976961377,336.4512943454057,-51.17672049153137,36.31568976005627
64.4,A0200,-63635.0597844063,9127.721220609881,5620.02308892196,-210.09474616137283,222.0625822801486,-0.6931909894364777
64.4,B0100,45735.13966145713,377.2932444132621,5888.023727595875,-214.64231438401583,11.042882422551381,-4.223965036446048
64.4,B0200,45735.23821297067,919.7299363855309,5887.968060620704,-214.64231438401723,11.042882422551399,-4.22396503643936
64.60000000000001,A0100,-40220.47492543906,-1884.7442226491112,7814.964845961007,336.07982497462916,-51.92482710593971,37.17502353217356
64.60000000000001,A0200,-63676.93574200497,9172.371765631568,5619.364815630852,-209.73258151640042,223.45356913304352,-0.9828246316885417
64.60000000000001,B0100,45692.23181254983,379.4632425190739,5887.854802120168,-214.29789825766872,10.588222227962145,-0.4260537011045443
64.60000000000001,B0200,45692.330694323224,921.9064404802994,5887.79894859828,-214.29789825766977,10.588222227962575,-0.4260537010972068
64.8,A0100,-40153.278899489036,-1895.1212615760505,7822.770951825463,336.4332563086911,-52.033089501056836,36.358068921175224
64.8,A0200,-63718.66854905103,9217.330887012264,5618.7456827912865,-208.48730746038882,225.22699777190383,-0.21360427042421004
64.8,B0100,45649.402157266864,381.5545645346865,5888.328167999458,-214.12412307594587,10.305448302730216,1.699690343592267
64.8,B0200,45649.50135734711,924.0043117336718,5888.272134683597,-214.12412307594693,10.30544830273093,1.6996903435996369
65.0,A0100,-40085.98774756218,-1905.475126634181,7830.353798250855,336.77342820148755,-51.92486466886591,35.62580026081046
65.0,A0200,-63760.097939728454,9262.671939885586,5618.266510075635,-207.2727755269778,226.990037939445,-0.040521516692320056
65.0,B0100,45606.58980150628,383.5972116856283,5889.082502866113,-213.9569394018167,10.118274587887068,2.8672055742418
65.0,B0200,45606.68931249577,926.0535296126836,5889.0262939294735,-213.95693940181755,10.118274587887955,2.867205574249086
65.2,A0100,-40018.69498547207,-1915.8453553089548,7837.980086036772,336.4447932991297,-52.24866424563186,36.68762878569364
65.2,A0200,-63801.40008772677,9308.309721048456,5617.731326673449,-206.83462147590566,228.40190947615875,-0.432842022264106
65.2,B0100,45563.82606025674,385.64087157159884,5889.950170508266,-213.83095567373525,10.236224836510779,2.007693296210449
65.2,B0200,45563.92588231083,928.103762569106,5889.893785867378,-213.83095567373633,10.236224836511633,2.00769329621724
65.4,A0100,-39951.50008687225,-1926.3533511354635,7845.846679488101,336.0518023055966,-53.076649727606295,37.548668543294646
65.4,A0200,-63842.58192773161,9354.244350411336,5617.166785081798,-206.1740285788775,229.89667249535236,-0.36979402344376866
65.4,B0100,45521.04077314731,387.68268547443586,5890.269101607057,-214.00581565841782,10.151675772766328,-1.9537809368130998
65.4,B0200,45521.140905983615,930.1521057117407,5890.212541420358,-214.00581565841873,10.151675772766993,-1.953780936806633
65.60000000000001,A0100,-39884.310527599795,-1936.9638194748259,7853.725068473586,336.39742998645136,-53.21321098167396,36.74111904704731
65.60000000000001,A0200,-63883.59272817023,9400.485071733801,5616.696495785451,-204.88614562650872,231.57317634608754,0.6285831373522611
65.60000000000001,B0100,45478.2486541792,389.7132319097291,5889.951755165352,-213.85238521986233,10.12056968441609,-3.5383414761519534
65.60000000000001,B0200,45478.34909608268,932.1891278098792,5889.895020403721,-213.85238521986318,10.120569684416806,-3.538341476145741
65.8,A0100,-39817.027031677535,-1947.5548949449567,7861.38293400315,336.7303521050572,-53.1331257903783,36.01836706141355
65.8,A0200,-63924.29526518364,9447.085417009093,5616.407393870155,-203.6304532529446,233.25114552921244,0.9688728622615894
65.8,B0100,45435.477546728966,391.74598991378843,5889.605375793373,-213.92231041928068,10.139129974065163,-3.027593813385833
65.8,B0200,45435.578298031985,934.2283557912178,5889.548466264801,-213.92231041928162,10.13912997406609,-3.0275938133798426
66.0,A0100,-39749.744137973095,-1958.172983735889,7869.083688746203,336.3874874364495,-53.53166930999666,37.06387609498279
66.0,A0200,-63964.85868768765,9493.97211227889,5616.090031314678,-203.13299663212243,234.61432592380208,0.7070512782622033
66.0,B0100,45392.65573566076,393.7721507088354,5889.380666095873,-214.23299842038827,10.038440471658323,-1.8942448326948926
66.0,B0200,45392.756795365254,936.2610047138896,5889.323582366247,-214.23299842038904,10.038440471659523,-1.894244832688902
66.2,A0100,-39682.54862908931,-1968.9255541441125,7876.977214453373,336.145742828221,-54.1470402005332,37.29923130560093
66.2,A0200,-64005.25315313519,9541.157027929057,5615.8156324557785,-201.7706130112599,236.30157062058262,1.47181752465073
66.2,B0100,45349.82617142692,395.7420747757187,5889.616217516686,-213.92715810393628,9.60239689540301,1.6053899342089883
66.2,B0200,45349.92753098827,938.2374575940867,5889.558964413529,-213.92715810393693,9.602396895404635,1.6053899342153122
66.4,A0100,-39615.31336604321,-1979.7013396833045,7884.6917388344045,336.7368155942415,-53.85601804627254,35.42662258934062
66.4,A0200,-64045.321825818326,9588.703911053813,5615.676470785042,-200.44046163497217,237.98778576277834,1.6209459330054636
66.4,B0100,45307.092271879046,397.6585271763779,5890.559962464136,-213.6222118082003,9.546751188536547,4.057483921867694
66.4,B0200,45307.19392317422,940.1604850598451,5890.5025445725405,-213.62221180820092,9.546751188538682,4.0574839218741525
66.60000000000001,A0100,-39547.91562812516,-1990.4033025111366,7891.946296858512,337.57014960149775,-53.554384385423425,33.23900640061427
66.60000000000001,A0200,-64085.236356877416,9636.540173167374,5615.482490896848,-199.85440894356861,239.37796381508508,1.2522185721431922
66.60000000000001,B0100,45264.3358430035,399.57374392706515,5891.595370760962,-214.05176367224186,9.542073430301725,2.9019271110370544
66.60000000000001,B0200,45264.437785846756,942.0822881704062,5891.537788189053,-214.05176367224263,9.542073430303958,2.901927111043376
66.8,A0100,-39480.394249614146,-2001.0174462675313,7898.960337147597,337.90666364872044,-52.83974356274779,33.08595035463065
66.8,A0200,-64125.001545292034,9684.666548375451,5615.26355996844,-199.05302869741024,240.83229027747842,1.333387732153638
66.8,B0100,45221.48863800392,401.48065020837566,5892.274880254747,-214.4469728922142,9.505462805968175,0.68357247165299
66.8,B0200,45221.59087113371,943.99576405675,5892.2171337151085,-214.44697289221514,9.505462805970302,0.6835724716588854
67.0,A0100,-39412.85984083072,-2011.4388015059212,7906.107320848863,337.70938643120036,-51.764757186240004,34.48947280849739
67.0,A0200,-64164.56929479533,9733.087912371073,5615.140611051123,-197.64571160885254,242.42608095809808,2.3157397291332926
67.0,B0100,45178.59380097812,403.3829801605152,5892.486176536346,-214.37527797681412,9.466306254031744,-1.2612726002366157
67.0,B0200,45178.69632369269,945.9046306590626,5892.428266421091,-214.37527797681471,9.466306254033887,-1.2612726002308983
67.2,A0100,-39345.40926025945,-2021.711503607943,7913.609024580175,337.1778786743835,-51.50957252568333,36.31552990076097
67.2,A0200,-64203.80592458116,9781.849927581552,5615.191874423494,-196.2723273544123,244.03036894974943,2.6237148024854875
67.2,B0100,45135.7581891162,405.2783534508726,5892.451558521003,-214.0031068419873,9.456779543663766,-2.0363785027140437
67.2,B0200,45135.86100035748,947.8065104926227,5892.393485434201,-214.003106841988,9.456779543666096,-2.0363785027085006
67.4,A0100,-39278.05254873858,-2032.0257218431943,7921.377167027522,336.9123566133778,-51.92316273051851,36.970365233259805
67.4,A0200,-64242.87658640474,9830.890773176663,5615.214912280429,-195.62949190695784,245.3692816439326,2.380286685857763
67.4,B0100,45092.949884524394,407.1863146423566,5892.3013853509765,-214.1726306481383,9.551984743395145,-2.521032201631215
67.4,B0200,45093.05298620096,949.7209641572554,5892.243148211357,-214.17263064813903,9.551984743397627,-2.521032201625362
67.60000000000001,A0100,-39210.68923283315,-2042.389732216221,7929.1422284742475,337.2174319144153,-52.01205784865209,36.435838524623506
67.60000000000001,A0200,-64281.75051658691,9880.22054502377,5615.282481549442,-194.13974245636646,246.97901285522195,3.127528901115994
67.60000000000001,B0100,45050.073714544196,409.10515911219045,5892.130330284541,-214.51991117396713,9.56161906703322,-1.7528266466440436
67.60000000000001,B0200,45050.17710831611,951.6463096220486,5892.071928154419,-214.51991117396798,9.56161906703598,-1.7528266466374014
67.8,A0100,-39143.249551499444,-2052.737458105401,7936.813014402662,337.4534175907687,-51.835077373222376,36.48793569054987
67.8,A0200,-64320.27438052961,9929.894064437769,5615.477944666072,-192.68587804680726,248.59438684594218,3.241560977265372
67.8,B0100,45007.18268040631,410.9957504061422,5892.369324980595,-214.2982432095819,9.259397922735143,1.3365839406812403
67.8,B0200,45007.286361979815,953.543439369003,5892.310760284225,-214.29824320958238,9.259397922738316,1.3365839406889635
68.0,A0100,-39075.82833091827,-2063.0582965716585,7944.652379540943,337.0597209004548,-51.84657891182418,38.01644439345409
68.0,A0200,-64358.6159410042,9979.84983727324,5615.617804753794,-191.94756430038944,249.9612998622227,2.8854709280605078
68.0,B0100,44964.35296356829,412.8290931950105,5893.176775511594,-214.10876062939388,9.041525919537971,3.363215591112977
68.0,B0200,44964.45692424661,955.3833600858234,5893.118053163518,-214.1087606293943,9.04152591954148,3.363215591121207
68.2,A0100,-39008.50988026323,-2073.449575591534,7952.798241139621,336.68172510871784,-52.35066483017298,39.02395521995676
68.2,A0200,-64396.778189502205,10030.088883419961,5615.734798218757,-191.00021488700148,251.37599679558633,2.9732078873388237
68.2,B0100,44921.52966823408,414.6310463266582,5894.190626200369,-214.20700059704453,8.95260923151505,3.4606510545080873
68.2,B0200,44921.63390324887,957.1919078887204,5894.131748892909,-214.20700059704532,8.952609231518856,3.4606510545160636
68.4,A0100,-38941.195797715234,-2083.8989367177164,7960.974698951737,336.9865178092434,-52.42960270977635,38.459215704981716
68.4,A0200,-64434.71534165518,10080.612409660924,5615.94725671627,-189.4663312392974,252.89313605107148,3.927944725931875
68.4,B0100,44878.69511358136,416.41617752018465,5895.124043750548,-214.08970276261599,8.889627341362825,2.9834190477883666
68.4,B0200,44878.799620376856,958.9836285632227,5895.065012927338,-214.08970276261635,8.889627341366753,2.9834190477960445
68.60000000000001,A0100,-38873.80273173149,-2094.327975719505,7969.026697129282,337.2416565258751,-52.241000156564425,38.3166200161899
68.60000000000001,A0200,-64472.29725175092,10131.45880409861,5616.324638614828,-187.9704863808987,254.42706588241006,4.193216109647584
68.60000000000001,B0100,44835.913070726994,418.22113930536216,5895.868626868003,-213.86473628264446,9.059112829617561,0.7712759658610209
68.60000000000001,B0200,44836.01785231165,960.7951556355856,5895.809440829715,-213.86473628264497,9.059112829621338,0.7712759658680163
68.8,A0100,-38806.42401802894,-2104.7267078241803,7977.216592578354,336.8597537145309,-52.219418511776446,39.739221514079354
68.8,A0200,-64509.685682384734,10182.576373706444,5616.671811981796,-187.1807325574365,255.73904053798483,3.9564840108970794
68.8,B0100,44793.1301248277,420.0371476128821,5895.830070663251,-213.91421540826482,9.0658176941808,-4.199716520600827
68.8,B0200,44793.235182878634,962.6176621440845,5895.770728462561,-213.9142154082651,9.065817694184247,-4.199716520595019
69.0,A0100,-38739.14700077817,-2115.187881059079,7985.699131080262,336.48242973817275,-52.68717419803034,40.706340796350574
69.0,A0200,-64546.84903198849,10233.973635898303,5617.062480051238,-185.55639988531303,257.2767939343959,4.673494157138261
69.0,B0100,44750.36584575786,421.8588143071938,5894.989994212177,-213.66045918138926,9.106008447578823,-6.425788159910433
69.0,B0200,44750.47118112771,964.4457554046694,5894.9304953664,-213.66045918138963,9.106008447582225,-6.425788159904228
69.2,A0100,-38671.874376937325,-2125.7023920435677,7994.206998796728,336.7864843158324,-52.75367216116268,40.124677543375256
69.2,A0200,-64583.636338997756,10285.69768732673,5617.571725245518,-183.97685042866198,258.8229025228464,4.744520383136526
69.2,B0100,44707.62792250081,423.6904061188379,5894.016506149641,-213.75111515053456,9.139618694353574,-6.321819942405602
69.2,B0200,44707.73353669737,966.2837583239489,5893.9568498070985,-213.75111515053493,9.1396186943572,-6.321819942397722
69.4,A0100,-38604.52307970775,-2136.194720519861,8002.587555263834,337.03802302620295,-52.55268548679566,39.9683316703815
69.4,A0200,-64620.21496589029,10337.695821746154,5618.022289729615,-183.10033879073256,260.1592983748296,4.386205552971991
69.4,B0100,44664.853963892885,425.5186181480931,5893.207000567818,-213.81215708779158,9.092561461741228,-4.0171020951348675
69.4,B0200,44664.95985640288,968.1184010142533,5893.147187019502,-213.81215708779175,9.09256146174536,-4.017102095124838
69.60000000000001,A0100,-38537.18733072965,-2146.6524200227923,8011.103215348796,336.6478152156059,-52.50016956316821,41.37808121982261
69.60000000000001,A0200,-64656.586595633664,10389.969615668608,5618.44937993012,-182.0165915285426,261.53358031094643,4.469567649526669
69.60000000000001,B0100,44622.11323582906,427.3505632135166,5893.097260165829,-213.62307202480986,9.150938204696985,-0.3267387374961702
69.60000000000001,B0200,44622.21940722615,969.9568317545636,5893.0372890887775,-213.62307202480946,9.15093820470201,-0.32673873748459653
69.8,A0100,-38469.95511812897,-2157.16591659432,8019.910044612388,336.26170280171925,-52.939216678540554,42.34322967390838
69.8,A0200,-64692.7044881333,10442.518869370073,5618.970872857895,-180.32462189941108,262.9945971301066,5.40698253595005
69.8,B0100,44579.42475267203,429.1757559422422,5893.693885527966,-213.1904289863837,9.037515610631758,3.378165200005822
69.8,B0200,44579.531201933394,971.7885628549429,5893.633757499923,-213.19042898638313,9.037515610637604,3.3781652000188687
70.0,A0100,-38402.72862205178,-2167.728942396294,8028.742027652677,336.56117169967905,-52.99511567289091,41.76053455684268
70.0,A0200,-64728.435179960004,10495.37752270143,5619.6518745126305,-178.68840907547573,264.4674971252095,5.647031699718664
70.0,B0100,44536.831805377115,430.97170951180124,5894.919201869496,-212.91252474497944,8.891568729567199,5.565352302679455
70.0,B0200,44536.93852806183,973.5910942410374,5894.858919396778,-212.9125247449787,8.891568729573658,5.565352302692902
70.2,A0100,-38335.42422487064,-2178.267944218802,8037.445863965824,336.80819583881527,-52.780562571929465,41.5959716341011
70.2,A0200,-64763.947428103995,10548.498945752453,5620.301244647129,-177.77438796285173,265.74622052247065,5.411027491075341
70.2,B0100,44494.23509996479,432.7594322895129,5896.297489869459,-213.23191264344692,8.930406726578974,4.692431564616925
70.2,B0200,44494.34209482227,975.3854085389394,5896.237053659537,-213.2319126434463,8.930406726585597,4.692431564629337
70.4,A0100,-38268.13660385793,-2188.76765514621,8046.282636530046,336.4101158428936,-52.694942699879356,42.99443368812178
70.4,A0200,-64799.24956633149,10601.881128072437,5620.952716756412,-176.69139540843202,267.0334810749624,5.623650448186821
70.4,B0100,44451.56796944775,434.5414545334388,5897.362479729225,-213.402380678058,8.869847587684491,3.1326181621492664
70.4,B0200,44451.67523560941,977.1740061104247,5897.3018902727235,-213.40238067805734,8.869847587691195,3.132618162160796
70.60000000000001,A0100,-38200.95424072931,-2199.3160665767937,8055.40934498424,336.01574708172086,-53.103395804860114,43.95859593750049
70.60000000000001,A0200,-64834.302015949084,10655.51771437134,5621.726337770313,-175.03350112686292,268.3635110387911,6.72336629681354
70.60000000000001,B0100,44408.908755927805,436.3346593238366,5898.099293185471,-213.24305917900816,9.018618716582983,0.9078974368792397
70.60000000000001,B0200,44409.01629509296,978.9737568584897,5898.038549522524,-213.24305917900753,9.018618716589518,0.9078974368893363
70.8,A0100,-38133.77885117827,-2209.9099602472015,8064.561146249833,336.3108276486262,-53.14809993322025,43.37496853665212
70.8,A0200,-64868.897349025385,10709.456990157527,5622.751284567821,-172.34284486448271,270.0271177546737,7.707561282087173
70.8,B0100,44366.27422067813,438.1536938252193,5898.1734427313095,-213.13646037236603,9.01793807547003,-3.5014896084996825
70.8,B0200,44366.38203676427,980.7992766823136,5898.11254264805,-213.13646037236555,9.017938075475978,-3.5014896084912643
71.0,A0100,-38066.52627433276,-2220.477880687411,8073.583866172392,336.5538972742679,-52.91899509454676,43.201120280802876
71.0,A0200,-64903.00644807357,10763.723175615498,5623.821415992159,-170.47883795135016,271.53864008357465,7.2136116884689425
71.0,B0100,44323.62366783533,439.941219015358,5897.256917909872,-213.32976595146724,8.872360931626421,-8.149616477407758
71.0,B0200,44323.73175605153,982.5932045942118,5897.195864113528,-213.32976595146695,8.872360931631865,-8.149616477400025
71.2,A0100,-37999.291521358624,-2231.0014702593617,8082.737096962997,336.1491221108372,-52.7974679671688,44.58702108767022
71.2,A0200,-64936.858039409046,10818.261278970833,5624.7413581425135,-169.43548029618105,272.8673971285353,6.393602185427998
71.2,B0100,44280.923650576784,441.7226358543394,5895.794294451043,-213.52405024112068,8.88032027332409,-8.590334933854917
71.2,B0200,44281.03200999103,984.3809847951379,5895.733087469136,-213.52405024112048,8.880320273329687,-8.590334933845925
71.4,A0100,-37932.16351320481,-2241.5660502879873,8092.178892448343,335.74743725688273,-53.172676049196944,45.55001000056826
71.4,A0200,-64970.45692732649,10873.080033999631,5625.5372904057,-168.0326829337554,274.31664196628003,5.975312862013343
71.4,B0100,44238.21807976421,443.50448733111625,5894.670603099636,-213.43214804503893,8.924401197685542,-5.391886206508214
71.4,B0200,44238.32671044415,986.1692295707962,5894.609242892886,-213.43214804503842,8.924401197691925,-5.391886206497954
71.60000000000001,A0100,-37865.04361332964,-2252.1717224280674,8101.645677445507,336.03849662243107,-53.205293250132044,44.96505080907621
71.60000000000001,A0200,-65003.76445645756,10928.18640322937,5626.288521742292,-166.57630913012002,275.73185652558186,5.917851154054745
71.60000000000001,B0100,44195.54220754667,445.32484784040753,5894.214864508154,-213.3145970280652,9.200263836633995,-2.351608631907527
71.60000000000001,B0200,44195.65111534731,987.9960361979211,5894.153347769348,-213.31459702806447,9.200263836641293,-2.3516086318963865
71.8,A0100,-37797.84715787716,-2262.7493244489033,8110.982278469504,336.2782636235496,-52.96044878134047,44.7806145908297
71.8,A0200,-65036.78650321855,10983.566067057214,5627.061591298134,-165.2082266671169,277.04478309892403,6.168416312387712
71.8,B0100,44152.904858957794,447.18769966453874,5894.356940883874,-212.94365904888463,9.377889549294736,1.0519900525573476
71.8,B0200,44153.01405034038,989.865379605264,5894.295263964439,-212.94365904888357,9.377889549302909,1.0519900525690469
72.0,A0100,-37730.66937396649,-2273.277117754278,8120.44666782698,335.8680780143581,-52.79981627058508,46.152508694257364
72.0,A0200,-65069.50616465359,11039.202073373894,5627.958376508166,-163.2834837873503,278.36849745805193,7.236097643412007
72.0,B0100,44110.33953788446,449.0790394810265,5895.058454200454,-212.9066440273525,9.439508459463315,2.448500358596039
72.0,B0200,44110.44901718195,991.7632480772281,5894.996614649699,-212.9066440273513,9.439508459472053,2.448500358607626
72.2,A0100,-37663.59956658825,-2283.8374923051833,8130.198089777372,335.4601021063051,-53.13874000168331,47.114073595081415
72.2,A0200,-65101.79188259213,11095.116061820456,5629.038854317572,-161.43307086818632,279.70409224572415,7.579732371806354
72.2,B0100,44067.73281019612,450.96518728226147,5895.811803331857,-213.21037502251667,9.363533028929863,1.8969454064807754
72.2,B0200,44067.842576619325,993.6559352763688,5895.749801599843,-213.21037502251554,9.363533028938885,1.8969454064921476
72.4,A0100,-37596.538868092866,-2294.4341705095067,8139.974346247871,335.74754434293857,-53.15820960142763,46.52734428382835
72.4,A0200,-65133.82185560823,11151.27247800092,5630.106853246081,-160.34780080096942,280.88903223936154,7.4337252370345395
72.4,B0100,44025.077293194096,452.8247013503387,5896.376218957168,-213.27905688153376,9.20399832835343,0.9397456769802073
72.4,B0200,44025.187342696416,995.5219799380666,5896.314057325344,-213.27905688153243,9.203998328362633,0.9397456769913305
72.60000000000001,A0100,-37529.40215687057,-2305.0005080604606,8149.619137231824,335.9847055898523,-52.896276215500215,46.33094077865761
72.60000000000001,A0200,-65165.56504309825,11207.674687537281,5631.237735135775,-158.3769182402766,282.2027774646344,8.244040459309053
72.60000000000001,B0100,43982.44421737579,454.67955337551575,5896.701222814172,-213.0837870938206,9.323046921907624,-1.0493389950021992
72.60000000000001,B0200,43982.55454924674,997.3833385962189,5896.638901688129,-213.08378709381913,9.323046921916855,-1.0493389949917689
72.8,A0100,-37462.28475154113,-2315.5110681668575,8159.3886761160775,335.5704804437189,-52.69295830294864,47.68726226483556
72.8,A0200,-65196.85997952768,11264.353093764523,5632.504574038285,-156.47146683691864,283.5269779459348,8.392221006297758
72.8,B0100,43939.83394675311,456.5670478671782,5896.3890105832215,-213.03597709605265,9.413754139773914,-5.385690043906625
72.8,B0200,43939.944565949336,999.27728155968,5896.326527158912,-213.03597709605157,9.413754139782663,-5.385690043896828
73.0,A0100,-37395.27628203943,-2326.04501459745,8169.44353977034,335.15730906648946,-52.99216012672685,48.64712565053057
73.0,A0200,-65227.888395969436,11321.273106634468,5633.729914923297,-155.31213636010193,284.7196170288052,8.122572842382784
73.0,B0100,43897.19627109452,458.44657885709057,5895.102792860605,-213.30322171570288,9.375739080973096,-9.950397840698352
73.0,B0200,43897.30717639916,1001.1631815796718,5895.0401478275235,-213.30322171570202,9.375739080981338,-9.950397840688801
73.2,A0100,-37328.27777824911,-2336.61002101924,8179.523026875155,335.44156922296804,-52.997252765992215,48.058157883935486
73.2,A0200,-65258.654189933965,11378.435112525807,5634.95128383824,-153.95875841240817,285.91401855794163,8.307904633102021
73.2,B0100,43854.49207744307,460.324779525763,5893.297948058138,-213.55637261169122,9.304598698495184,-10.141647764653941
73.2,B0200,43854.60326865099,1003.0477168662183,5893.235141532146,-213.55637261169016,9.304598698503645,-10.141647764643576
73.4,A0100,-37261.20370908481,-2347.1422166014763,8189.469574683095,335.67687170498226,-52.71670359049685,47.848298110781194
73.4,A0200,-65289.1104816462,11435.831567138554,5636.2897509977665,-151.9552005155681,287.1221888470629,9.358912676100736
73.4,B0100,43811.77937800489,462.1698495812125,5891.896313502195,-213.44388265260687,9.126365931901875,-6.592617231590922
73.4,B0200,43811.890850082615,1004.8991574450502,5891.833348327531,-213.44388265260568,9.126365931911295,-6.592617231579892
73.60000000000001,A0100,-37194.14935078316,-2357.612105991946,8199.537483681303,335.2601029893562,-52.46647359547787,49.187325018063724
73.60000000000001,A0200,-65319.11490336931,11493.481323348442,5637.808818756879,-150.0266165877946,288.3492828110663,9.690051857257403
73.60000000000001,B0100,43769.09759454223,464.009971463538,5891.20472404367,-213.3864868526738,9.202053403964062,-3.621603745097976
73.60000000000001,B0200,43769.20934674353,1006.7457061007299,5891.141600640771,-213.38648685267208,9.20205340397444,-3.621603745086597
73.8,A0100,-37127.20458870088,-2368.095242514837,8209.888820340217,334.8429383674301,-52.72178064781381,50.14523433160627
73.8,A0200,-65348.848684194636,11551.357430962762,5639.315370163411,-148.85589907776642,289.4670487145881,9.551576468160683
73.8,B0100,43726.424563776236,465.85247730786614,5891.01053605483,-213.23757249171427,9.165659090842656,-1.1354533381941558
73.8,B0200,43726.53659646894,1008.5946800852253,5890.9472542180665,-213.2375724917124,9.165659090853767,-1.1354533381825735
74.0,A0100,-37060.27049003188,-2378.603626811464,8220.264517342719,335.1245016784747,-52.71092202951688,49.55353758419866
74.0,A0200,-65378.274685590004,11609.46352393521,5640.886192101098,-146.75776182514818,290.68258835186924,10.358146015690243
74.0,B0100,43683.765696527764,467.6878643532473,5891.158799261713,-213.4578653876339,9.117484724549577,-0.8853219655830665
74.0,B0200,43683.8780086285,1010.4365625120645,5891.095359599825,-213.45786538763193,9.117484724561065,-0.8853219655713412
74.2,A0100,-36993.26116533964,-2389.0764713771187,8230.505585360597,335.3587955513457,-52.40979098323945,49.32852201421015
74.2,A0200,-65407.227038642326,11667.823568306045,5642.590345087116,-144.74627945269157,291.90742607837933,10.492518257474481
74.2,B0100,43641.051342060564,469.49742272094954,5891.200021049903,-213.59711978226218,8.959638555481515,-1.4926187004438705
74.2,B0200,43641.163929645125,1012.2526155077339,5891.136425779485,-213.59711978226022,8.959638555493157,-1.4926187004320883
74.4,A0100,-36926.27169583765,-2399.4797715358,8240.86422885423,334.94115668472534,-52.10749690345034,50.64826009808863
74.4,A0200,-65435.89379507874,11726.41034845862,5644.252599827127,-143.48754491524497,293.0353822028427,10.224800507060882
74.4,B0100,43598.341813035484,471.3023112009996,5891.083085149025,-213.48540197480568,9.047623764818722,-3.0087169118969848
74.4,B0200,43598.454675395624,1014.063984307566,5891.019334672263,-213.48540197480403,9.047623764830439,-3.0087169118855432
74.60000000000001,A0100,-36859.39215310255,-2409.885045740135,8251.504185759703,334.5213190302194,-52.313907289926355,51.60392119469191
74.60000000000001,A0200,-65464.27666577211,11785.22499363188,5645.911400479243,-142.02411736930677,294.1580644936441,10.41317460404293
74.60000000000001,B0100,43555.653241213644,473.12261117632806,5890.4182674470685,-213.3763647028173,8.99337241831347,-6.946831476780226
74.60000000000001,B0200,43555.76638068458,1015.8907143849574,5890.354360443849,-213.37636470281566,8.993372418324713,-6.946831476769229
74.8,A0100,-36792.52379724657,-2420.309085705212,8262.168175078028,334.80072151989054,-52.28525963442573,51.00890712915701
74.8,A0200,-65492.32587138888,11844.258252584503,5647.687803795663,-139.88206428519044,295.2703423629037,11.45537575137554
74.8,B0100,43512.9521181112,474.8983125214145,5888.84643622697,-213.56572680497214,8.780270640826936,-11.220085843635552
74.8,B0200,43513.06552791048,1017.6727698855648,5888.782376527299,-213.56572680497078,8.780270640837667,-11.220085843624638
75.0,A0100,-36725.58043504754,-2430.694561819504,8272.695593823833,335.0349437475433,-51.961318867121406,50.766763941886786
75.0,A0200,-65519.8959098756,11903.5230296544,5649.641071315615,-137.83912463602007,296.40010028300384,11.767415517473609
75.0,B0100,43470.194033778345,476.66219322700636,5886.787322894885,-213.87966551548138,8.779259463276945,-11.718780650881929
75.0,B0200,43470.30771210731,1019.4429715774859,5886.723111516883,-213.8796655154799,8.779259463287792,-11.718780650870466
75.2,A0100,-36658.656785837535,-2441.002442006804,8283.336335026193,334.6182701580083,-51.601018497725406,52.064844900065175
75.2,A0200,-65547.17502514333,11962.999527171098,5651.580561191382,-136.5661292151687,297.45387861331113,11.626333326998022
75.2,B0100,43427.38737738646,478.39086595361914,5884.951199938016,-213.95140381599,8.380625499395066,-8.846122217580843
75.2,B0200,43427.50131889661,1021.177991809951,5884.886839901712,-213.9514038159881,8.380625499406774,-8.846122217568402
75.4,A0100,-36591.843032997014,-2451.299706555965,8294.256008419323,334.1972018928978,-51.75268636006055,53.01784429399991
75.4,A0200,-65574.12308944885,12022.690295748096,5653.582713754135,-134.33230267182248,298.56961606655153,12.410533382625609
75.4,B0100,43384.646626282316,480.02588295946407,5884.043057120598,-213.26551887192366,8.050738828786546,-2.8006504572598945
75.4,B0200,43384.760816747046,1022.8194259654665,5883.97855646085,-213.2655188719211,8.050738828799652,-2.8006504572466184
75.60000000000001,A0100,-36525.04079959763,-2461.608470014751,8305.199301700955,334.4750348393746,-51.70409989221669,52.41881215743148
75.60000000000001,A0200,-65600.5707481331,12082.612302181271,5655.712028107409,-132.20880893487666,299.6937296023066,12.517124727604143
75.60000000000001,B0100,43342.08396065215,481.6968164410009,5884.294604786508,-212.4538555825109,8.591882630169353,1.675080102417059
75.60000000000001,B0200,43342.198405532225,1024.4968490759584,5884.229960418794,-212.453855582508,8.591882630183663,1.6750801024305448
75.8,A0100,-36458.1636468849,-2471.87530662288,8316.003789150483,334.7102229272843,-51.35480070991988,52.15723635769323
75.8,A0200,-65626.71271161211,12142.74586912675,5657.79677798185,-130.84807595103055,300.75438131460106,12.23957682925469
75.8,B0100,43299.609651714934,483.4379560603247,5885.000516533339,-212.48301467949977,8.66442360727699,1.8026745575907777
75.8,B0200,43299.72436168427,1026.2445039001577,5884.935722429549,-212.4830146794966,8.66442360729163,1.8026745576041112
76.0,A0100,-36391.305747214545,-2482.055552699452,8326.916789479888,334.2965496818365,-50.92955442835879,53.43077837060178
76.0,A0200,-65652.5493075305,12203.092482707118,5659.875978359021,-129.27395629028146,301.80170567672235,12.417303609737033
76.0,B0100,43257.08415665188,485.15821482495085,5885.441081796154,-212.77587858713318,8.473367174920464,-0.49485951117167837
76.0,B0200,43257.199128536595,1027.9712628737252,5885.376139750122,-212.77587858712997,8.473367174934978,-0.49485951115865473
76.2,A0100,-36324.55731364559,-2492.2110439367407,8338.106000201542,333.8758483539921,-51.01955035384388,54.380500078084715
76.2,A0200,-65678.02795051265,12263.640995423226,5662.070353938878,-126.99377689459548,302.8123850350828,13.434527628803863
76.2,B0100,43214.50479520641,486.8381557492339,5885.290817870242,-212.99189889177404,8.304810363284162,-4.084355628977873
76.2,B0200,43214.620022874195,1029.6576614747682,5885.225731344752,-212.99189889177097,8.304810363298332,-4.0843556289650085
76.4,A0100,-36257.82051970663,-2502.3698350456925,8349.318301351865,334.1527743337285,-50.94848121875561,53.77658496417165
76.4,A0200,-65703.00047276918,12324.398021638564,5664.434846317818,-124.83832912805146,303.8401556312715,13.715606752158836
76.4,B0100,43171.90760274853,488.49462901348306,5884.414246204557,-212.7771926728895,8.209321513054892,-7.112576758855806
76.4,B0200,43172.0230826297,1031.3205327819524,5884.349017214881,-212.77719267288663,8.209321513068742,-7.112576758843267
76.60000000000001,A0100,-36191.00874448779,-2512.482944646006,8360.389211471216,334.39009035841264,-50.57089165443966,53.492825292681545
76.60000000000001,A0200,-65727.66205855264,12385.351354088703,5666.782303273896,-123.46500607061597,304.8257895628962,13.561895569328154
76.60000000000001,B0100,43129.39113969536,490.1356288465613,5883.130463606329,-212.40774294897835,8.155022526885386,-8.509138007202807
76.60000000000001,B0200,43129.506869433884,1032.9678834374354,5883.065093485406,-212.40774294897528,8.15502252689915,-8.50913800719016
76.80000000000001,A0100,-36124.215005759084,-2522.498008559978,8371.562673935849,334.0103635905566,-50.00935887374109,54.68850324368302
76.80000000000001,A0200,-65751.96983275986,12446.502187771763,5669.188515234964,-121.09950285334885,305.8348350901106,14.310502162919638
76.80000000000001,B0100,43086.89284411355,491.7791523916694,5881.630441938269,-212.56321244704154,8.194108800911529,-9.363143997605118
76.80000000000001,B0200,43087.0088240926,1034.6177364800678,5881.564930469674,-212.5632124470388,8.194108800925589,-9.363143997592452
77.0,A0100,-36057.54562601382,-2532.4405892478444,8383.056550099402,333.2052758843489,-50.012193940681435,56.53698736099649
77.0,A0200,-65775.7515205182,12507.860109168734,5671.7131524375145,-118.8690491364873,306.85269085087623,14.378773198265282
77.0,B0100,43044.32727494459,493.4213239996334,5880.056857417501,-212.96067540546065,8.182521532319566,-8.739402947631177
77.0,B0200,43044.44350495718,1036.2662414953775,5879.991204716007,-212.96067540545752,8.182521532334057,-8.739402947618306
77.2,A0100,-35991.02114337736,-2542.4630547840934,8394.829444110306,332.75160049094717,-50.56144712671772,57.209915708073694
77.2,A0200,-65799.20823646085,12569.413480102481,5674.188730584876,-117.41052981031979,307.8412214427282,14.082146724547624
77.2,B0100,43001.71817241369,495.04992761712856,5878.908762515432,-212.95151505620933,8.0089184456872,-5.191095778765072
77.2,B0200,43001.8346504028,1037.9012216597257,5878.842969742946,-212.9515150562058,8.008918445702834,-5.191095778752134
77.4,A0100,-35924.50710058941,-2552.5466598189905,8406.566259280546,333.1057426603219,-50.60024476686128,56.14071969281503
77.4,A0200,-65822.33887550412,12631.164058936618,5676.654680257758,-115.72911474570557,308.80810303124906,14.238854716764418
77.4,B0100,42959.15037639011,496.62952570599555,5878.555198082235,-212.67389296268266,7.730822282620693,-1.3443603968843076
77.4,B0200,42959.267094912924,1039.4872582195785,5878.489269443919,-212.6738929626788,7.730822282637469,-1.3443603968711704
77.60000000000001,A0100,-35857.897413599705,-2562.6047659316537,8418.035607148551,333.4264037324968,-50.45924679805043,55.19925461003891
77.60000000000001,A0200,-65845.08796088432,12693.098656617793,5679.231090964553,-113.31555806489646,309.7100071423263,15.218136771340097
77.60000000000001,B0100,42916.641793008894,498.1649216566839,5878.8530631847825,-212.46925073237227,7.570834648818638,1.1365207011167386
77.60000000000001,B0200,42916.75874535251,1041.0291395625882,5878.7870024734875,-212.46925073236835,7.570834648836084,1.136520701129876
77.80000000000001,A0100,-35791.29663949889,-2572.649963240505,8429.508195133018,333.0139162898677,-50.5171205255353,56.08959156442292
77.80000000000001,A0200,-65867.30521593575,12755.21729136098,5681.96834154968,-111.053594804954,310.63009375509705,15.45777709691352
77.80000000000001,B0100,42874.14568368242,499.6695685003797,5879.45922124272,-212.54682679278315,7.4437027919710586,1.7711942353646482
77.80000000000001,B0200,42874.26286517301,1042.5402963652068,5879.393031096344,-212.5468267927791,7.4437027919889625,1.7711942353776209
78.0,A0100,-35724.79982865823,-2582.7599509327156,8441.163283394246,332.6882984207126,-50.89520574653791,56.37141793993455
78.0,A0200,-65889.19248914026,12817.515880435338,5684.683481499989,-109.58449979264113,311.5429601324609,15.282376151534283
78.0,B0100,42831.60418350187,501.1698419117165,5879.935353971494,-212.95855780554987,7.5216457868929325,-0.3593816728112264
78.0,B0200,42831.72159347861,1044.0470754722883,5879.869034765434,-212.95855780554578,7.521645786910599,-0.3593816727981221
78.2,A0100,-35658.27665333399,-2592.8828724105206,8452.653050698973,333.23108262181006,-50.701828319993574,54.566995101269285
78.2,A0200,-65910.70412460738,12879.994083057372,5687.451394034539,-107.09340373038083,312.43824081980483,15.98331709775966
78.2,B0100,42788.99405735418,502.6837786465858,5879.897572183836,-212.98452029400684,7.55804437097878,-2.4929279737179675
78.2,B0200,42789.11169788639,1045.5674842179305,5879.831122747095,-212.98452029400283,7.558044370996372,-2.492927973704896
78.4,A0100,-35591.62693207877,-2602.9544183021662,8463.76116394019,333.6645723448045,-50.51076647708605,53.24344232238392
78.4,A0200,-65931.66551022747,12942.65377384279,5690.32660790021,-104.76314247949907,313.3442335322974,16.00332921101605
78.4,B0100,42746.439837568076,504.2018372306793,5879.6559630458,-212.6225219149953,7.582928693642522,-2.6214596095847127
78.4,B0200,42746.55770928272,1047.0919888193966,5879.589383025301,-212.62252191499113,7.582928693660274,-2.621459609572206
78.60000000000001,A0100,-35524.96795665665,-2613.007106793868,8474.819652558535,333.32663752797544,-50.55316150201543,53.943350470157355
78.60000000000001,A0200,-65952.28380599471,13005.491868651308,5693.14653547504,-103.2122445088483,314.25595475503206,15.678933784895086
78.60000000000001,B0100,42703.90355354459,505.7464623408596,5879.455952843953,-212.80601365410425,7.771054427317978,-2.2801558795256813
78.60000000000001,B0200,42704.02166047938,1048.643060795017,5879.389239960059,-212.80601365409996,7.7710544273361295,-2.2801558795139476
78.80000000000001,A0100,-35458.39993129175,-2623.120973898356,8486.028865115402,333.0503849358592,-50.90119204288438,54.09760226472712
78.80000000000001,A0200,-65972.55626989328,13068.510340713288,5695.950881350793,-101.42766578857841,315.1374254899124,15.804777553707003
78.80000000000001,B0100,42661.30561262216,507.3121260927419,5879.377257131011,-213.09090986794448,7.814258147318719,-0.9232050496975253
78.80000000000001,B0200,42661.423957976804,1050.215191192363,5879.310409575301,-213.09090986794007,7.814258147337699,-0.9232050496867485
79.0,A0100,-35391.799211490536,-2633.2389355024043,8497.05600504424,333.6094162180454,-50.65090193796955,52.25225172067017
79.0,A0200,-65992.42440464557,13131.693815514791,5698.8587837322375,-98.88620303528417,315.9236453226809,16.73355681860974
79.0,B0100,42618.71276552692,508.86440746243534,5879.801306196514,-212.73946902459264,7.622172535259919,2.4419099801263746
79.0,B0200,42618.83134726828,1051.773981588929,5879.73432511526,-212.7394690245879,7.6221725352798915,2.441909980136467
79.2,A0100,-35325.038891720236,-2643.2996239962104,8507.62420985964,334.46018460334017,-50.42692997715693,49.97508377355456
79.2,A0200,-66011.7364088906,13195.03545455469,5701.915769657324,-96.52452872580676,316.7306857815361,16.921419997821644
79.2,B0100,42576.20008378259,510.3785098879707,5880.793482481808,-212.54721073896292,7.483291688392539,4.2876301625725475
79.2,B0200,42576.31889611071,1053.294629626842,5880.726371154342,-212.54721073895809,7.483291688413239,4.287630162582488
79.4,A0100,-35258.150565637894,-2653.27810136631,8517.907542054547,334.8007449952498,-49.69064673024237,49.512262150379435
79.4,A0200,-66030.70047720196,13258.53981829045,5704.943785491818,-94.96461692034019,317.5664734970657,16.715494408880314
79.4,B0100,42533.68758467947,511.88090455758356,5881.944105472616,-212.66801825474622,7.502170939524186,4.074932534074536
79.4,B0200,42533.8066258208,1054.8035834821676,5881.876864900729,-212.6680182547409,7.502170939545149,4.074932534084569
79.60000000000001,A0100,-35191.24395361181,-2663.06580213292,8528.206216199158,334.7133070944378,-48.709490804430565,49.721648620635186
79.60000000000001,A0200,-66049.32219043512,13322.207180311652,5707.981001164026,-93.21630287580706,318.3537719563675,16.96677500320996
79.60000000000001,B0100,42491.13999342546,513.4006735081148,5882.874250715402,-212.85220466702492,7.651018082644037,2.1277814580198373
79.60000000000001,B0200,42491.25926601494,1056.3298980237232,5882.806879410731,-212.85220466701963,7.651018082664845,2.1277814580303516
79.80000000000001,A0100,-35124.349595656175,-2672.7418593842376,8538.363627618775,334.7373304737066,-48.62328387204254,47.73186920660797
79.80000000000001,A0200,-66067.55196706337,13386.017878088362,5711.148865538689,-90.75845487154764,319.00794502954113,18.05733050452498
79.80000000000001,B0100,42448.58195988812,514.950959287049,5883.342114595667,-212.65421167659514,7.807882628633063,-0.18224687751568497
79.80000000000001,B0200,42448.70146856323,1057.886691302292,5883.274609935532,-212.65421167658988,7.807882628653541,-0.18224687750473284
80.0,A0100,-35057.41367264611,-2682.441591255749,8547.825867738646,335.1725890338212,-48.783456706087854,42.74327681895372
80.0,A0200,-66085.23975707009,13449.959866285146,5714.500812226081,-88.43543531549625,319.7026768751684,18.401180193456227
80.0,B0100,42406.07718295683,516.5458797498159,5883.228945776937,-212.40509493237877,8.035221865602582,-4.190696948945699
80.0,B0200,42406.196934494335,1059.4880612936176,5883.161303937744,-212.40509493237377,8.035221865622551,-4.190696948933822
80.2,A0100,-34990.33277628901,-2692.2133595098912,8556.038737617993,336.0313042250392,-49.675455570308856,35.53477618456244
80.2,A0200,-66102.58428603868,13514.047004873191,5717.848857168283,-86.89879957416859,320.4554632564327,18.312928891298416
80.2,B0100,42363.609508101246,518.1691868733651,5882.322722490411,-212.2060019911273,8.160095727729045,-6.925229877844877
80.2,B0200,42363.729506810676,1061.1177442334774,5882.254941033636,-212.20600199112224,8.16009572774874,-6.925229877833158
80.4,A0100,-34923.09763829924,-2702.2992896566648,8562.841476999647,336.47960717015945,-51.72523222866124,29.207708110178952
80.4,A0200,-66119.54322237999,13578.274076852551,5721.2693988708415,-84.36741626910728,321.0992031145373,19.127554676091346
80.4,B0100,42321.161264207796,519.8282229066408,5881.173744939322,-212.31084665583498,8.342392385895735,-7.400632300642768
80.4,B0200,42321.28151551774,1062.7831322922411,5881.105820799687,-212.3108466558298,8.34239238591583,-7.40063230063201
80.60000000000001,A0100,-34855.823900494215,-2712.757461583835,8568.535678779095,336.42600149563515,-53.111673755893634,24.26687661315143
80.60000000000001,A0200,-66135.9424337734,13642.628976247444,5724.821384480536,-81.97776648772516,321.7768984496449,19.255924098051498
80.60000000000001,B0100,42278.64630289363,521.5170411410127,5879.9754130502915,-212.73348651271314,8.444803065308458,-6.991824355435511
80.60000000000001,B0200,42278.766811327725,1064.4783084535375,5879.907343675823,-212.73348651270786,8.44480306532904,-6.991824355426044
80.80000000000001,A0100,-34788.571099368804,-2723.396891403845,8573.31353746761,336.27270902237814,-53.68104669516213,19.994277042026315
80.80000000000001,A0200,-66151.98544371138,13707.126867840696,5728.336855571968,-80.35993118749562,322.523988389983,19.02188360526794
80.80000000000001,B0100,42236.08347352279,523.1901124767846,5879.144881774591,-212.69321961759053,8.193974414776479,-3.4981885283251266
80.80000000000001,B0200,42236.204236694255,1066.1577765627299,5879.076668511327,-212.69321961758513,8.193974414798292,-3.498188528317274
81.0,A0100,-34721.34142777222,-2734.1057764133966,8577.336122322113,336.153462411652,-53.83937661950824,16.974027254785877
81.0,A0200,-66167.67249968153,13771.768578874518,5731.856277876956,-78.53715452757545,323.21393524111085,19.248336574907245
81.0,B0100,42193.58625863891,524.8295910444285,5879.164374559914,-212.31120920700192,8.166972707068437,0.29645596371007266
81.0,B0200,42193.707271446474,1067.8037148966578,5879.096020290384,-212.3112092069966,8.166972707091503,0.29645596371669547
81.2,A0100,-34654.12928096164,-2744.8273317013427,8580.854016699986,336.13520222270597,-53.79695703715457,14.182811586662883
81.2,A0200,-66182.951112846,13836.531961205106,5735.501071096678,-75.98737027801494,323.73714721385534,20.30127817098554
81.2,B0100,42151.1281240355,526.4712232595921,5879.603932057533,-212.37915387304136,8.164477055425522,0.9358310375441548
81.2,B0200,42151.24938680563,1069.4518369977632,5879.535436594124,-212.3791538730358,8.164477055449028,0.9358310375506584
81.4,A0100,-34586.89537299314,-2755.527211822364,8583.62050900647,336.2284695028662,-53.752986308684385,9.82842378720361
81.4,A0200,-66197.67032327529,13901.39799232881,5739.321341053346,-73.5910870505452,324.30805044025675,20.607952482406233
81.4,B0100,42108.62871414727,528.1020257247928,5880.032199567071,-212.65704863925797,8.07685918920629,0.323744574556596
81.4,B0200,42108.750225237774,1071.0891346514381,5879.963563842728,-212.65704863925205,8.076859189229976,0.32374457456324374
81.60000000000001,A0100,-34519.65321671892,-2766.233702187801,8585.644676577142,336.1697400698527,-53.813364099206915,7.371826796456625
81.60000000000001,A0200,-66212.03264923464,13966.390073004633,5743.132952378433,-71.98464506834001,324.9743324311714,20.49877176870466
81.60000000000001,B0100,42066.080418306476,529.7044439196343,5880.268870982985,-212.7394650372334,7.915840435532026,-0.6238833727031612
81.60000000000001,B0200,42066.20217340135,1072.6980390185345,5880.200097430257,-212.7394650372278,7.915840435555947,-0.6238833726962498
81.80000000000001,A0100,-34452.405513089994,-2776.9496693124256,8587.34935461282,336.3821370964188,-53.82775437522587,6.127313412060976
81.80000000000001,A0200,-66225.99384315572,14031.500969920864,5747.011463879964,-69.3669897405068,325.4848383582597,21.270651951292564
81.80000000000001,B0100,42023.56360793337,531.2950185610061,5880.317794875467,-212.41054765907978,7.962894454469271,-1.9240985388851128
81.80000000000001,B0200,42023.68560523052,1074.2950789315746,5880.2488845133375,-212.41054765907393,7.962894454493052,-1.9240985388776952
82.0,A0100,-34385.11201607569,-2787.663839431336,8588.933560643254,336.4769272513887,-53.85324111322188,6.452988227013349
82.0,A0200,-66239.37915743496,14096.710469347501,5751.01171535514,-66.90971458198018,326.03674595836105,21.35756174080947
82.0,B0100,41981.100114083514,532.9132228986855,5880.009735690252,-212.3636166128155,8.104461002059413,-4.085151391487558
82.0,B0200,41981.222357780796,1075.9197097928081,5879.940686148628,-212.36361661280986,8.104461002083028,-4.085151391480064
82.2,A0100,-34317.80563177131,-2798.3962192316994,8590.616578652129,336.6424407161734,-53.94140500777478,6.632553863251677
82.2,A0200,-66252.39549413227,14162.043496595103,5754.969940540021,-65.225645639495,326.694672087264,21.098409907417942
82.2,B0100,41938.57616479536,534.5423596902474,5879.328651455591,-212.79392010784866,8.136285287516642,-4.958238555504916
82.2,B0200,41938.69865655388,1077.5552502792725,5879.259461798338,-212.79392010784278,8.13628528754039,-4.958238555498832
82.4,A0100,-34250.4694213026,-2809.1369318727848,8592.36474836557,336.6518717163792,-54.02136602049702,7.52261705927931
82.4,A0200,-66265.04176565548,14227.50087712581,5758.9267245278825,-63.329152010132184,327.2853109578976,21.296615340833338
82.4,B0100,41895.99946982653,536.1659711180073,5878.820797706998,-212.80677437728804,8.027044240644088,-2.21450340460561
82.4,B0200,41896.12220880473,1079.1852882841322,5878.751468408398,-212.80677437728184,8.027044240669008,-2.2145034046019156
82.60000000000001,A0100,-34183.13654885356,-2819.906968176798,8594.232466026955,336.7413443098799,-54.12739483625907,6.949619323494589
82.60000000000001,A0200,-66277.26369501057,14293.057758455743,5763.002478604041,-60.69337980730899,327.674372023201,22.30407987682631
82.60000000000001,B0100,41853.47574660211,537.7793449943401,5879.048424539513,-212.4679588319358,8.058678560947158,1.1755566464404408
82.60000000000001,B0200,41853.598731249724,1080.8051438219027,5878.978956470961,-212.46795883192982,8.058678560972947,1.1755566464422686
82.80000000000001,A0100,-34115.77469227746,-2830.6858504124466,8595.68979121255,336.8005164228477,-54.180478784513944,3.9967547904921346
82.80000000000001,A0200,-66288.91036788754,14358.688046899097,5767.24341021667,-58.2312536483658,328.1194537906886,22.566116466709417
82.80000000000001,B0100,41810.97997145884,539.4087340065525,5879.638549122283,-212.6459190476606,8.138281484463786,1.5281865431063646
82.80000000000001,B0200,41811.103204210944,1082.4410413639362,5879.568940912595,-212.6459190476543,8.138281484489848,1.5281865431081232
83.0,A0100,-34048.40945098982,-2841.4687186397277,8596.69800949738,336.78471917894103,-54.15816600001256,3.0742306254848724
83.0,A0200,-66300.18778515089,14424.424966830233,5771.46959848866,-56.56098254477006,328.69756254352154,22.429317763919837
83.0,B0100,41768.41774630725,541.0399146521722,5880.144364720774,-212.9998367954288,8.106196016560002,0.5369495372811302
83.0,B0200,41768.54122743834,1084.0787334010838,5880.074616212762,-212.99983679542248,8.106196016586289,0.5369495372833024
83.2,A0100,-33981.02841643249,-2852.2486112284223,8597.657326199344,337.033233892561,-54.13787284854132,2.8725493192027716
83.2,A0200,-66311.08141526059,14490.264593978904,5775.7357455003,-54.534725273064076,329.1604962895431,22.875925617197677
83.2,B0100,41725.7999738805,542.6544958370305,5880.388559474992,-213.0820355632514,8.005654190612903,-0.7371173734445422
83.2,B0200,41725.923700866086,1085.699811960254,5880.31867209783,-213.0820355632452,8.00565419063904,-0.7371173734416792
83.4,A0100,-33913.60285835033,-2863.014198637584,8598.63464955882,337.1141882739627,-54.07184767923572,3.6285755136700244
83.4,A0200,-66321.64195279079,14556.202058711944,5780.065543068253,-53.476332571807234,329.74084845857465,22.846971382520316
83.4,B0100,41683.21677469827,544.2676561613134,5880.387564822919,-212.7287905789143,8.092933944815934,-2.272367757673302
83.4,B0200,41683.34074732034,1087.3194433599256,5880.317538695468,-212.72879057890796,8.092933944841846,-2.2723677576693624
83.60000000000001,A0100,-33846.16608328132,-2873.7818979416097,8599.770955229735,337.2777288780455,-54.09794135961598,4.005261785385919
83.60000000000001,A0200,-66332.05314224624,14622.25604712465,5784.402372739321,-52.59691448288756,330.1920492200449,23.443170773060764
83.60000000000001,B0100,41640.68999930179,545.9107311710704,5879.991105072491,-212.67470948737332,8.232993017987805,-4.601220227323849
83.60000000000001,B0200,41640.8142221021,1088.968946923631,5879.920937632549,-212.67470948736675,8.23299301801356,-4.601220227319489
83.80000000000001,A0100,-33778.698081076596,-2884.5440421697276,8600.999171026771,337.3077407811908,-54.08878076186292,4.986829832408102
83.80000000000001,A0200,-66342.24611167627,14688.357548753356,5788.998338032561,-51.53876644380764,330.29810331325456,25.05750387205724
83.80000000000001,B0100,41598.104431483,547.5733333038861,5879.192589524428,-213.10124912921484,8.330144880048794,-5.609340386849854
83.80000000000001,B0200,41598.22890742765,1090.6379520349456,5879.122279094441,-213.10124912920855,8.330144880074554,-5.609340386847415
84.0,A0100,-33711.229309342285,-2895.3201954090637,8602.360840904817,337.40656625748557,-54.162045122419265,4.461082963115187
84.0,A0200,-66352.27097241204,14754.474980826035,5793.9065311203485,-50.882988566038456,330.34709213009535,26.576695842879943
84.0,B0100,41555.463044088654,549.2384327019918,5878.539390117232,-213.1432153821805,8.242130337759814,-2.9877830484232653
84.0,B0200,41555.58777356082,1092.3094753658988,5878.468936482914,-213.14321538217396,8.242130337786612,-2.987783048424064
84.2,A0100,-33643.744832114084,-2906.107189314327,8603.363518554135,337.2800059135361,-54.280874557871186,2.168172884114848
84.2,A0200,-66362.18649127109,14820.581259835624,5799.163241874729,-50.203001775752966,330.1075754380426,28.75274260398636
84.2,B0100,41512.86531113906,550.8958950616234,5878.609872019393,-212.89363282770145,8.286033658401665,0.5371204862134424
84.2,B0200,41512.99029298139,1093.973417143834,5878.539275831259,-212.893632827695,8.286033658429403,0.5371204862099642
84.4,A0100,-33576.279053859886,-2916.923792013882,8603.973814566602,337.38672758884957,-54.39495562448507,0.6027820631028964
84.4,A0200,-66371.90849198893,14886.6367809876,5804.832492713194,-49.25105775538476,330.0265158779355,30.073556401208993
84.4,B0100,41470.289363159834,552.5732944398496,5879.167756223576,-212.93105861849455,8.386107215590396,1.8989876261155836
84.4,B0200,41470.41460040588,1095.6573344676963,5879.097015772399,-212.93105861848818,8.38610721561856,1.8989876261110745
84.60000000000001,A0100,-33508.779229670574,-2927.7608740219894,8604.455304731746,337.47530738164636,-54.54787442611125,1.0348542482997811
84.60000000000001,A0200,-66381.49394905551,14952.702273610408,5810.676217467753,-48.669966344674165,330.1105026281543,30.912362485740356
84.60000000000001,B0100,41427.701150696324,554.2511227612231,5879.920852955958,-212.96110188748779,8.321528942376588,2.8817183478692963
84.60000000000001,B0200,41427.82664341108,1097.3416993567225,5879.849968202889,-212.9611018874815,8.321528942405228,2.881718347864406
84.80000000000001,A0100,-33441.26671183357,-2938.6395503270614,8605.05369612971,337.6402160178756,-54.73459982335032,1.284388809631823
84.80000000000001,A0200,-66390.97040937588,15018.768278699219,5816.752773759112,-47.953450799779766,329.92197466177254,32.64011243645013
84.80000000000001,B0100,41385.10557568061,555.9156520152919,5880.748540175957,-213.06874933017542,8.283211854765252,2.296728821045454
84.80000000000001,B0200,41385.231321844854,1099.0127726978662,5880.677512261549,-213.06874933016894,8.283211854794038,2.2967288210415253
85.0,A0100,-33373.723587058805,-2949.543391566951,8605.729755736586,337.6471644358657,-54.89945105745197,2.2981477423883514
85.0,A0200,-66400.2420490713,15084.788894684167,5823.176573195513,-46.95893913711768,329.8561401649574,33.73590786935117
85.0,B0100,41342.49942000302,557.5804681078389,5881.3473408185055,-212.9286644194746,8.32265412997898,0.9511823890159544
85.0,B0200,41342.62541965733,1100.684114839034,5881.276169719844,-212.92866441946853,8.322654130007628,0.9511823890133794
85.2,A0100,-33306.23348134064,-2960.5374888603274,8606.771340465004,337.1304246618254,-55.819380555854316,4.726430928275674
85.2,A0200,-66409.40422979984,15150.849520591564,5829.653045328381,-46.794968321722145,330.29329634470196,33.37876293600977
85.2,B0100,41299.93245953329,559.2669371735283,5881.520373429763,-212.79523498674988,8.43122407332715,-2.395432455940672
85.2,B0200,41300.05871596404,1102.3770674491407,5881.449057290536,-212.7952349867436,8.431224073355553,-2.395432455941436
85.4,A0100,-33238.86901037461,-2971.842637558899,8608.231191263909,336.4612615179053,-57.97256417178255,6.244982200641795
85.4,A0200,-66418.58058331179,15217.001360033715,5836.071193958513,-46.950578444875504,330.5600352811492,33.67111361115247
85.4,B0100,41257.36291278334,560.9648242066087,5880.927356064347,-212.911201485212,8.49364924267208,-5.853012641059238
85.4,B0200,41257.489427722365,1104.0813726635133,5880.855893905255,-212.91120148520557,8.493649242700108,-5.853012641059798
85.60000000000001,A0100,-33171.68083546498,-2983.7331430436534,8609.91044113432,335.18848210014164,-62.04466201460681,7.146431199360235
85.60000000000001,A0200,-66427.74632256455,15283.142855474365,5842.719507726233,-46.537923062013995,330.24054135620105,35.543232573043674
85.60000000000001,B0100,41214.75603557549,562.6629088298232,5879.987034332229,-213.01559300922813,8.378416082774143,-5.4689570113145205
85.60000000000001,B0200,41214.88280905332,1105.7858513288284,5879.915426138163,-213.01559300922204,8.378416082802731,-5.468957011316899
85.80000000000001,A0100,-33104.86480752058,-2996.8857673428665,8611.744288952797,332.75829639957834,-70.73877148754046,7.399014878743165
85.80000000000001,A0200,-66436.76266392213,15349.228232204408,5849.691090017252,-45.861003546293574,330.19118717591243,36.13334643138385
85.80000000000001,B0100,41172.16618853148,564.3273141607224,5879.484150332526,-212.84116789825242,8.264293717313993,-2.167434336412806
85.80000000000001,B0200,41172.29321542949,1107.4566856629554,5879.412398992614,-212.84116789824634,8.264293717343431,-2.1674343364168993
86.0,A0100,-33038.61512328558,-3011.9977132738295,8613.322157025488,329.7139286476408,-80.7274191492574,4.745291552849579
86.0,A0200,-66445.7633231084,15415.372409112675,5856.4976103026565,-46.276409117434895,330.8181469640551,34.11927987111343
86.0,B0100,41129.62446260829,566.0134611745907,5879.628546627044,-212.59302950576316,8.484277873644738,0.38834164476586575
86.0,B0200,41129.75174623452,1109.149309928267,5879.556650274872,-212.59302950575707,8.48427787367485,0.38834164476008326
86.2,A0100,-32972.958107631224,-3029.0108210234266,8614.287779604914,326.7276179520723,-89.88962150128087,1.694821644157584
86.2,A0200,-66454.85539015487,15481.653074475409,5862.888169954178,-46.655208186447084,331.3224013449147,32.84956305720425
86.2,B0100,41087.12262086424,567.7212237929762,5880.102490092837,-212.47491312889392,8.531877583621306,1.6847935406482235
86.2,B0200,41087.250164505036,1110.8635720246148,5880.030446869967,-212.47491312888783,8.531877583651902,1.6847935406426726
86.4,A0100,-32907.94306213804,-3047.8758788203722,8614.710602161867,323.1882725884143,-99.33461100942041,-0.5454484888263135
86.4,A0200,-66463.98008208578,15547.961589315262,5869.290057438011,-46.51423738969307,331.1254025991542,34.031828115106656
86.4,B0100,41044.60696193411,569.4370836250127,5880.661017216336,-212.79607884835863,8.536133349084604,0.5991592758227595
86.4,B0200,41044.734766821515,1112.5859406947366,5880.588826428982,-212.79607884835204,8.536133349115312,0.5991592758187816
86.60000000000001,A0100,-32843.675134537436,-3068.6325671932864,8614.796140515326,319.27230813816414,-108.72976844873136,-1.595816706259383
86.60000000000001,A0200,-66472.99071634223,15614.223352356155,5875.9618552461325,-45.80686209911975,331.05351215661045,34.88728625109827
86.60000000000001,B0100,41002.02177120191,571.140962709258,5880.857335750072,-212.97728643306843,8.456222749329317,-1.3343589456305838
86.60000000000001,B0200,41002.14983551562,1114.296308090812,5880.784998425366,-212.97728643306175,8.456222749359938,-1.334358945632836
86.80000000000001,A0100,-32780.17736786434,-3091.1897098221325,8614.78213356902,315.6399981128767,-117.06821319024863,-1.4055999029035005
86.80000000000001,A0200,-66481.94445628635,15680.532151374991,5882.597450846151,-45.98045229740227,331.5894254012766,33.63562625482352
86.80000000000001,B0100,40959.44924618659,572.8340074286625,5880.679310637353,-212.62440640509172,8.425172103679403,-2.978668515781116
86.80000000000001,B0200,40959.57756827255,1115.9958070663924,5880.6068277106715,-212.62440640508538,8.425172103709851,-2.97866851578182
87.0,A0100,-32717.39277499037,-3115.2973565167376,8615.012460438382,312.0290983398213,-124.33823933581026,1.0025560426754245
87.0,A0200,-66490.96511011974,15746.979586947386,5888.818280485222,-46.31717459008244,332.27319953203977,30.926053009891252
87.0,B0100,40916.952981567214,574.5350581943476,5880.169396136229,-212.46722199144563,8.492507469337628,-4.99338494132922
87.0,B0200,40917.081562644125,1117.7032720105562,5880.09676691811,-212.46722199143915,8.492507469367938,-4.993384941328979
87.2,A0100,-32655.25674457648,-3140.677261780731,8615.896232856348,309.4744552984506,-129.44117103606467,4.698885326083299
87.2,A0200,-66500.02393765419,15813.510107868886,5894.362789626859,-46.46025381418484,332.4045640253984,26.91200162820787
87.2,B0100,40874.43283288775,576.2408048480665,5879.378182282866,-212.59679793125704,8.51476575528563,-4.799722550440775
87.2,B0200,40874.561673665194,1119.4154123242406,5879.305406370362,-212.59679793125025,8.51476575531616,-4.799722550441359
87.4,A0100,-32593.452504734145,-3166.743416796495,8617.352152628933,308.60492233844076,-131.3549479280916,6.326978408020084
87.4,A0200,-66509.12070454685,15880.0428600255,5898.895275663104,-46.962544817839095,332.44538413688923,20.661673556430273
87.4,B0100,40831.91212364742,577.9699765573514,5878.926372785514,-212.6471778880613,8.674920439763127,-2.5897388164580755
87.4,B0200,40832.04122768482,1121.1510069138785,5878.853448170215,-212.6471778880544,8.674920439794247,-2.589738816460107
87.60000000000001,A0100,-32531.743121592222,-3193.0364874137504,8618.903682426311,308.294867398041,-132.09009710513087,6.112421378815216
87.60000000000001,A0200,-66518.29580613767,15946.593522489191,5902.153852893596,-47.25520441581088,332.5735128000167,14.910739950359472
87.60000000000001,B0100,40789.36741550459,579.7128481188265,5878.854806717927,-212.70336135808122,8.653533966228935,-0.8013900194882582
87.60000000000001,B0200,40789.49678488982,1122.9003376413239,5878.78173222264,-212.70336135807423,8.653533966260786,-0.8013900194919918
87.80000000000001,A0100,-32470.157840221447,-3219.419178045242,8620.359823367718,307.28980778742556,-132.23995192644475,5.435340394977138
87.80000000000001,A0200,-66527.50590544705,16013.149865868309,5904.555215444001,-47.45722605287035,332.4942526408065,12.137556789870215
87.80000000000001,B0100,40746.84670626924,581.4242950436092,5879.153511519677,-212.5437529418704,8.394439021755792,1.0490136005643453
87.80000000000001,B0200,40746.976336230764,1124.618271869058,5879.0802898364,-212.54375294186335,8.394439021788285,1.0490136005604687
88.0,A0100,-32408.768900148236,-3245.859490421186,8621.544689710063,306.4655998390279,-132.73009426494062,3.13530009281785
88.0,A0200,-66536.7583211298,16079.703608005864,5906.480280853681,-47.769281117341244,332.6348753983039,9.709543841653705
88.0,B0100,40704.35762601068,583.0877292992682,5879.760284751879,-212.2910857665938,8.213742432177582,2.391013168108962
88.0,B0200,40704.48750925201,1126.2882150659661,5879.686920004187,-212.29108576658692,8.2137424322105,2.3910131681062725
88.2,A0100,-32347.51239495733,-3272.4102172366256,8622.217838883586,305.87733023174815,-133.3277375678789,0.6628686082692696
88.2,A0200,-66546.06544814265,16146.298333854396,5907.954929184438,-48.04027487026269,332.8675162275336,7.740259517895924
88.2,B0100,40661.9377706371,584.7583294089272,5880.514532998777,-212.03704704702304,8.39463584105912,1.7014864662860558
88.2,B0200,40662.06790824685,1127.9653262559405,5880.44102456855,-212.03704704701624,8.394635841091999,1.7014864662853109
88.4,A0100,-32286.35443575375,-3299.079246887366,8622.416599473778,305.50433813228955,-133.87722915817525,-1.3805755945077243
88.4,A0200,-66555.42765217472,16212.921179032954,5909.1635935602535,-48.34112116200299,332.88087833397725,7.368761067245918
88.4,B0100,40619.52230491779,586.4484206618963,5880.74458928023,-212.12764460456725,8.443922667996409,-2.310153751154713
88.4,B0200,40619.65269985544,1129.661882926137,5880.670935499014,-212.12764460456077,8.443922668029016,-2.3101537511532384
88.60000000000001,A0100,-32225.27274318219,-3325.8329979115424,8622.318791775728,305.12717788903177,-134.18426564205686,-2.515937703313721
88.60000000000001,A0200,-66564.84043175759,16279.556666573506,5910.323065410594,-48.61311970623717,333.07905618562467,6.6540734122513046
88.60000000000001,B0100,40577.109376306704,588.147194988911,5880.294440391206,-211.93360255654144,8.470263081387703,-4.120741990230278
88.60000000000001,B0200,40577.240029885215,1131.3670638970343,5880.220640515234,-211.93360255653496,8.470263081420189,-4.1207419902287175
88.80000000000001,A0100,-32164.220774479698,-3352.6327603757927,8622.110021871613,305.11112168037295,-134.33139345831407,-2.164701972335368
88.80000000000001,A0200,-66574.31357870296,16346.243052145142,5911.269658964971,-48.920224284475054,333.3384069960014,5.4455585998322995
88.80000000000001,B0100,40534.735818351146,589.8483309176718,5879.858723824453,-211.79937109622196,8.515340349078762,-2.6758678399075664
88.80000000000001,B0200,40534.86673092924,1133.0746017262209,5879.784777653231,-211.79937109621545,8.515340349111522,-2.6758678399067866
89.0,A0100,-32103.202434166174,-3379.4391581857526,8622.064246453732,304.7891307844202,-134.31269156285185,-1.1814177877098182
89.0,A0200,-66583.83809432891,16412.96037193268,5912.0511851359515,-49.20092927125065,333.3480845036895,5.399782319989616
89.0,B0100,40492.38169059546,591.5943710433767,5879.793648304058,-211.78698872774032,8.84243388582552,-0.7923846016281973
89.0,B0200,40492.51286900404,1134.827072613578,5879.719551978076,-211.7869887277336,8.842433885858645,-0.7923846016284746
89.2,A0100,-32042.25006534992,-3406.261061827474,8622.182559896602,304.54558606695315,-134.45003196033238,-0.7542233117997539
89.2,A0200,-66593.41435333957,16479.689308924313,5912.832892074624,-49.461798382158534,333.5397256155425,4.8610556041686355
89.2,B0100,40450.03962353847,593.3895625358145,5880.146488269191,-211.52401535706676,9.05874032703762,1.9091786498107686
89.2,B0200,40450.17107524694,1136.6287289080901,5880.072237572558,-211.52401535706008,9.058740327071268,1.909178649809456
89.4,A0100,-31981.312479046814,-3433.102020203991,8622.396285046976,304.5380210856809,-134.5249291992093,0.2290804604415353
89.4,A0200,-66603.04939939057,16546.444965650062,5913.526797712126,-49.71040263120954,333.53952224276014,5.100717682238328
89.4,B0100,40407.75298439781,595.2301317776528,5880.934337292649,-211.55374969064076,9.224052972928996,2.7249404188733033
89.4,B0200,40407.88471630167,1138.4757918664782,5880.859928322941,-211.5537496906339,9.224052972963083,2.724940418872175
89.60000000000001,A0100,-31920.40761863951,-3459.953295398296,8622.812930423763,304.32427444638273,-134.53938846823198,0.7972378836120935
89.60000000000001,A0200,-66612.71002675987,16613.215021398868,5914.2607257008385,-49.8305789170659,333.7471377093708,4.700359014928907
89.60000000000001,B0100,40365.41145196943,597.0827492727276,5881.6648559950845,-211.90356646564166,9.225705174833339,1.6787364542938705
89.60000000000001,B0200,40365.54346590073,1140.3349064994745,5881.590287722805,-211.9035664656347,9.225705174867455,1.678736454293627
89.80000000000001,A0100,-31859.511214840044,-3486.8008252977597,8623.334139509065,304.3585329258495,-134.50742053110255,1.7651122666533732
89.80000000000001,A0200,-66622.39160870943,16680.02021856103,5914.88805188,-49.86367709548817,333.79788319836535,4.413730178400655
89.80000000000001,B0100,40323.01415034853,598.9242390043364,5882.11858992986,-211.98408370433043,9.144123208039753,0.32655218735905717
89.80000000000001,B0200,40323.146444614424,1142.1828780858687,5882.043863312294,-211.98408370432327,9.14412320807375,0.3265521873596712
90.0,A0100,-31798.63997926402,-3513.639392361867,8624.053922024432,304.1766266114717,-134.44387654559833,2.30883922035462
90.0,A0200,-66632.06857706231,16746.840949454545,5915.383288258741,-49.90089570412387,333.98556603423816,3.1002148090204003
90.0,B0100,40280.64639845481,600.7720575489275,5882.289555094363,-211.6873151577024,9.28241737471887,-1.4988100961870512
90.0,B0200,40280.77897401729,1144.037149723521,5882.214669582781,-211.68731515769542,9.282417374752628,-1.498810096185048
90.2,A0100,-31737.82332780445,-3540.4352591703355,8624.873089420762,303.65289074081363,-134.0581950787315,3.286854046373735
90.2,A0200,-66641.75174415806,16813.706973066237,5915.575174858284,-49.942226421463914,334.2190355785051,1.5793160860349453
90.2,B0100,40238.32491514135,602.6571779462811,5882.021891012124,-211.67476412362583,9.440174816435968,-3.976238310314308
90.2,B0200,40238.457777663236,1145.9286785284876,5881.94684341215,-211.67476412361856,9.44017481646958,-3.9762383103117167
90.4,A0100,-31677.10984723686,-3567.1865305037554,8626.05042163279,303.1787337808125,-134.21159941644632,5.809114968231924
90.4,A0200,-66651.44656749765,16880.599054752845,5915.566995536861,-50.01649749206309,334.22708798111813,1.4743131927450066
90.4,B0100,40195.938867075536,604.5591447753668,5881.334523262127,-212.10723733982283,9.536358022234257,-4.994592883139094
90.4,B0200,40196.07201911429,1147.8370275507204,5881.2593121270365,-212.10723733981553,9.536358022267962,-4.9945928831378685
90.60000000000001,A0100,-31616.5293602005,-3594.0722353041747,8627.677037448764,302.5510464046488,-135.16770650781646,7.193171609784159
90.60000000000001,A0200,-66661.1444809567,16947.503880336484,5915.5623557257895,-50.03904155158834,334.41617434659,1.004033228618769
90.60000000000001,B0100,40153.48151137187,606.4793001978778,5880.716723073727,-212.39447914888612,9.54672548507304,-3.5561786710112564
90.60000000000001,B0200,40153.614955696205,1149.7635819750121,5880.641346840677,-212.39447914887882,9.546725485107103,-3.5561786710117307
90.80000000000001,A0100,-31556.05135173074,-3621.1270695750627,8629.46214318254,301.91822947547234,-136.10577584150153,8.062829733820678
90.80000000000001,A0200,-66670.8474512542,17014.43721481809,5915.475599930756,-50.02253646466827,334.4371733234389,1.1557855853115295
90.80000000000001,B0100,40111.01287515963,608.3612648381786,5880.580712015049,-212.18850468520415,9.16033886905725,-0.2908003594412742
90.80000000000001,B0200,40111.14660596746,1151.6519886869992,5880.505173962427,-212.18850468519668,9.160338869092113,-0.2908003594434399
91.0,A0100,-31495.748392672376,-3648.440831735199,8631.485667409752,300.9636311814096,-137.6842981681951,9.1359203057438
91.0,A0200,-66680.53529840043,17081.385022972663,5915.390216431322,-49.975931943637804,334.63042844137317,0.5294433254284054
91.0,B0100,40068.59983028512,610.1646629659008,5881.037573455991,-212.01835767795166,8.840749974716996,1.853463632720727
91.0,B0200,40068.733835640654,1153.461871329886,5880.961880325747,-212.01835767794444,8.840749974752274,1.8534636327179332
91.2,A0100,-31435.649839973055,-3676.13251377266,8633.638188000707,299.7901958725028,-139.939829305404,9.523187117664849
91.2,A0200,-66690.21473668073,17148.36136837625,5915.197207794048,-49.885196095590196,334.65489593524865,0.5929604271006367
91.2,B0100,40026.190255489906,611.9281911075104,5881.725190999128,-212.1352770711012,8.759390188649586,2.0562328241518264
91.2,B0200,40026.324529334765,1155.2319032682735,5881.649346211207,-212.13527707109353,8.759390188685003,2.0562328241493617
91.4,A0100,-31375.786692499532,-3704.3057269496057,8635.788036214424,298.8015445264799,-142.22038482866438,9.073958066284336
91.4,A0200,-66699.86605046553,17215.35254501035,5914.994076882675,-49.792396624168326,334.84733110037735,-0.06698496723786533
91.4,B0100,39983.765920775724,613.6852664197977,5882.352980881626,-212.04181440248567,8.767878745187744,1.6918831779747543
91.4,B0200,39983.90046212864,1156.9954794855057,5882.276984991366,-212.04181440247842,8.767878745223117,1.6918831779727028
91.60000000000001,A0100,-31316.044802627002,-3732.8504648870257,8637.796011148432,298.41112503426876,-143.83557441594036,8.282362206411976
91.60000000000001,A0200,-66709.4998871779,17282.37245380085,5914.679175739977,-49.64820148929639,334.87671399147115,-0.017238015756953756
91.60000000000001,B0100,39941.38858914745,615.4764674513899,5882.817804578142,-211.84138766078578,9.028380462853658,-0.3825532067731519
91.60000000000001,B0200,39941.52340319533,1158.7931602912522,5882.741654655709,-211.8413876607785,9.028380462888828,-0.38255320677425864
91.80000000000001,A0100,-31256.388678958992,-3761.7248686356106,8639.682351286643,297.9395191231871,-145.49377066581656,7.896368444830363
91.80000000000001,A0200,-66719.09596358682,17349.408030481278,5914.352369789929,-49.521395015770196,335.07083958418383,-0.6822914796008176
91.80000000000001,B0100,39899.007733538565,617.2994207643223,5882.525969968203,-211.91072124897968,9.13975584908434,-5.214111318037823
91.80000000000001,B0200,39899.142825101604,1160.622528959968,5882.449663289837,-211.91072124897266,9.139755849119398,-5.214111318037513
92.0,A0100,-31196.823436974755,-3790.91677657167,8641.527250737046,297.5053664194204,-146.9972857886085,7.8681183615494446
92.0,A0200,-66728.66746003041,17416.47127372587,5913.924340837122,-49.328470117853236,335.0964906237806,-0.45786208180462895
92.0,B0100,39856.64299461956,619.1442766510263,5881.458146231109,-211.66470130742442,9.22885105241877,-7.345448088725084
92.0,B0200,39856.77836701717,1162.4737311456538,5881.381680923967,-211.66470130741715,9.228851052453564,-7.345448088725406
92.2,A0100,-31137.311923691617,-3820.3669466055344,8643.353078962245,297.5316797240712,-147.96154908534007,7.512393012099671
92.2,A0200,-66738.19051707917,17483.552108395666,5913.54529390324,-49.14988572050529,335.30304742408714,-0.7834271278330439
92.2,B0100,39814.32095540044,621.004922309723,5880.33674575544,-211.52361771173335,9.324511047081632,-6.2616316358366255
92.2,B0200,39814.45661103264,1164.340712014753,5880.260120462808,-211.52361771172622,9.324511047116635,-6.26163163583859
92.4,A0100,-31077.756424306714,-3849.9560955372617,8645.107149820687,297.671370894167,-148.61720682782425,7.571198490052523
92.4,A0200,-66747.68909051793,17550.68256795977,5913.004533695344,-49.0794245167622,335.5508673285382,-1.8627567364772706
92.4,B0100,39772.01048994818,622.9047871727125,5879.519257517595,-211.59169683419276,9.580402020132498,-4.666143858450091
92.4,B0200,39772.14643478009,1166.2469364177523,5879.442468871133,-211.5916968341857,9.580402020167654,-4.666143858453983
92.60000000000001,A0100,-31018.237545561755,-3879.7106645319473,8647.011507958643,297.1546379737611,-149.66968615782608,8.917700443451022
92.60000000000001,A0200,-66757.1810474503,17617.83983281942,5912.323950805454,-49.06744464389732,335.5583632701172,-1.7603207250840611
92.60000000000001,B0100,39729.6857966457,624.8453730409583,5879.100463720006,-211.51995347349776,9.780137398407456,-1.6130466189975152
92.60000000000001,B0200,39729.82203686537,1168.1939182087335,5879.0235082222425,-211.51995347349077,9.780137398443062,-1.6130466190034363
92.80000000000001,A0100,-30958.861656185127,-3909.7287953294526,8649.17076090313,296.52561056238216,-151.01843188665214,9.708718805781416
92.80000000000001,A0200,-66766.6421406437,17684.98707243617,5911.856990804179,-48.541624483851194,335.40668058587124,0.35778728154257133
92.80000000000001,B0100,39687.419575876644,626.834443432479,5879.425671845638,-211.11661154373755,10.012480185217179,2.0325747972789867
92.80000000000001,B0200,39687.55611885804,1170.1894395022337,5879.348545331375,-211.1166115437309,10.012480185253022,2.032574797271424
93.0,A0100,-30899.531619818816,-3939.9535325256275,8651.353623457562,296.66553422727196,-151.7597531722708,9.281100288668716
93.0,A0200,-66775.8470087393,17752.097071551016,5911.905797634961,-46.45488364574675,335.28556813285167,2.761653970830183
93.0,B0100,39645.23029774897,628.859220861319,5880.325898358022,-210.9109378540735,10.151441641945471,4.048917571292063
93.0,B0200,39645.3671489195,1172.2207054950413,5880.248597764796,-210.91093785406687,10.151441641981698,4.048917571284127
93.2,A0100,-30840.14724816428,-3970.2944001113156,8653.455232957302,296.8101801335012,-152.36864663480847,9.324111540419416
93.2,A0200,-66784.42303276388,17819.191539926444,5912.384966086574,-41.65797213949214,335.2384345846281,4.979598824269736
93.2,B0100,39603.03555631762,630.9047885665459,5881.362586844161,-211.15970691707312,10.19802457417853,3.1864058497132977
93.2,B0200,39603.172718836344,1174.272774309573,5881.285110383287,-211.15970691706613,10.19802457421473,3.186405849706206
93.4,A0100,-30780.806139996126,-4000.8019141221357,8655.70159993341,296.2271323338505,-153.47684299248368,10.605207356944453
93.4,A0200,-66791.4646370664,17886.298002353073,5913.364337537812,-31.021535879365008,335.42540920171825,6.977087136272961
93.4,B0100,39560.77241717776,632.9510318794346,5882.043320853689,-211.5209658615563,10.200877023109587,0.8103925502857308
93.4,B0200,39560.90989114675,1176.325498571361,5881.965668470724,-211.5209658615489,10.200877023145694,0.8103925502799867
93.60000000000001,A0100,-30721.621382974692,-4031.5850446374407,8658.180790725526,295.54635423957205,-154.86901154060072,11.270734231914942
93.60000000000001,A0200,-66796.10062976019,17953.417109452716,5914.421597968983,-18.6147349386533,335.47218337766304,5.649731960500865
93.60000000000001,B0100,39518.455699947546,634.9933166870251,5882.201057923323,-211.52925160416405,10.173637400451033,-1.659049492984559
93.60000000000001,B0200,39518.59348476483,1178.3742275767218,5882.123229958292,-211.52925160415705,10.173637400486916,-1.6590494929890593
93.80000000000001,A0100,-30662.503431386227,-4062.5912486768375,8660.688258243512,295.36915429796096,-155.86202424674897,11.24360276133333
93.80000000000001,A0200,-66798.33062377638,18020.507008945828,5915.179425513939,-6.885059368180768,335.21077013716024,4.215550446156237
93.80000000000001,B0100,39476.18831161775,637.044377073049,5881.90223782523,-211.10819410251082,10.282089295746651,-4.126452038208191
93.80000000000001,B0200,39476.326408613764,1180.4316854735644,5881.824233525562,-211.10819410250397,10.2820892957822,-4.12645203821119
94.0,A0100,-30603.40847681201,-4093.7832876625944,8663.190894059902,295.48287489862014,-156.57927764916272,10.990993773173761
94.0,A0200,-66798.18848736258,18087.47504128302,5915.798386752598,5.118951842990299,334.3495520170851,4.093515615363946
94.0,B0100,39433.9865333468,639.1230898253798,5881.039105748101,-211.02253209027606,10.389210096600497,-7.236349677864327
94.0,B0200,39434.12494671496,1182.5167373260592,5880.960922745135,-211.02253209026918,10.38921009663587,-7.236349677866642
94.2,A0100,-30544.255973738622,-4125.072869365347,8665.64286075706,295.67961633731295,-157.0266840423446,11.167641623110521
94.2,A0200,-66795.5943500332,18154.188134704116,5916.562400087678,17.944724181154193,332.70997395653103,5.1384584479869915
94.2,B0100,39391.73904205058,641.2159103815648,5879.62699942926,-211.34800538099026,10.473581503102883,-8.910756338441049
94.2,B0200,39391.87777393543,1184.6158568083702,5879.548636508449,-211.34800538098312,10.473581503138204,-8.910756338445065
94.4,A0100,-30485.129345069272,-4156.481008454946,8668.26584640924,295.21328881546333,-157.8263552306924,12.590592660473314
94.4,A0200,-66790.39143416754,18220.504092195322,5917.439817761093,30.51628996544034,330.72681307857385,4.8802474760460814
94.4,B0100,39349.44302863155,643.3129788285805,5878.243187846481,-211.44665646640766,10.405380171747215,-6.795144595738705
94.4,B0200,39349.582079676984,1186.7192339823232,5878.16464464839,-211.4466564664007,10.405380171782884,-6.795144595745954
94.60000000000001,A0100,-30426.136214295922,-4188.102629104256,8671.15419232392,294.63238945092377,-158.94942400166875,13.406620200574455
94.60000000000001,A0200,-66782.83219987396,18286.417744209433,5918.310189499374,41.9428018592768,328.64680272669125,5.141945916688996
94.60000000000001,B0100,39307.160503831845,645.4056029034564,5877.523339982899,-211.3714308014854,10.418935752044568,-3.2662597896177066
94.60000000000001,B0200,39307.29987336835,1188.8182217294725,5877.4446168835675,-211.3714308014788,10.418935752080715,-3.2662597896280414
94.80000000000001,A0100,-30367.179828301734,-4219.895851514426,8674.067458795049,294.8114350982841,-159.56405361371972,12.977375409494133
94.80000000000001,A0200,-66772.94024689138,18351.82675909289,5919.400709307905,54.13765039309156,325.69478902138985,6.598329606768396
94.80000000000001,B0100,39264.906465034015,647.4805515103271,5877.478825109474,-211.05680121339765,10.239291064053933,0.3060333293602156
94.80000000000001,B0200,39265.04615037957,1190.8995876478039,5877.399923627059,-211.05680121339145,10.239291064090411,0.30603332934770633
95.0,A0100,-30308.16341855887,-4251.784911857329,8676.900277734565,294.9703303691481,-160.0787447464675,13.033537691351686
95.0,A0200,-66760.4490727502,18416.51859722003,5920.674671327975,67.73539624894768,321.7070190693677,6.006494683785039
95.0,B0100,39222.726593747866,649.5149040717588,5878.044648411025,-210.86120132279632,10.055165440271413,2.4321630818842355
95.0,B0200,39222.866588735524,1192.9403986407378,5877.965572027855,-210.86120132278998,10.055165440308105,2.432163081871328
95.2,A0100,-30249.19012063409,-4283.819842868274,8679.879911388383,294.376830385585,-161.07260781619547,14.314897932845707
95.2,A0200,-66745.39040448226,18480.42467338643,5921.451737271094,79.32546015271424,318.2004289058149,1.7657289212611924
95.2,B0100,39180.53113644848,651.5383945918766,5878.755676356868,-211.21310815355477,10.109053057290728,1.5366094982110283
95.2,B0200,39180.6714394306,1194.9703624249305,5878.6764260014825,-211.21310815354823,10.109053057327431,1.5366094981993603
95.4,A0100,-30190.375397806794,-4316.106306166885,8683.090439829479,293.69343190799265,-162.3485330983521,14.9621600943503
95.4,A0200,-66728.17658018903,18543.65496602382,5921.34814271675,89.58120243875106,314.91282802716137,-2.644067016180609
95.4,B0100,39138.26126377645,653.5610053609144,5879.151480624452,-211.4060201718196,10.066864829870825,-0.01691276413657448
95.4,B0200,39138.401874613926,1196.9994307085744,5879.072056374358,-211.40602017181328,10.066864829907477,-0.01691276414718441
95.60000000000001,A0100,-30131.61183610169,-4348.586480694816,8686.302474525164,293.8211910961983,-163.04287558403416,14.46933689250707
95.60000000000001,A0200,-66708.88193520713,18606.15314192451,5920.468730013959,100.18030083794908,310.9429009108164,-6.164222143707486
95.60000000000001,B0100,39096.00096405306,655.5964171302621,5879.249144743948,-211.1725222518732,10.224335944792012,-1.7485169369016196
95.60000000000001,B0200,39096.14188469331,1199.0412729472737,5879.169545501283,-211.1725222518672,10.224335944828514,-1.7485169369107916
95.80000000000001,A0100,-30072.77816744213,-4381.170864777014,8689.382333671943,294.26047130536494,-163.4581765331689,13.87915018838414
95.80000000000001,A0200,-66687.44825137257,18667.787683623257,5919.031460792812,110.87717186560234,306.45272475484387,-8.41921378981737
95.80000000000001,B0100,39053.78544455067,657.6713240653517,5878.934434055091,-211.09616058826495,10.388627416229514,-4.110342242266371
95.80000000000001,B0200,39053.92668099243,1201.122568145005,5878.85465643359,-211.09616058825836,10.388627416266054,-4.11034224227463
96.0,A0100,-30013.860845116247,-4413.801537514606,8692.43675301571,294.58234414180316,-163.5140209910857,14.366449609284324
96.0,A0200,-66663.8917395923,18728.477794949427,5917.31100823716,121.3772543676823,301.6408707323655,-9.21530886621371
96.0,B0100,39011.52202220805,659.7644419592816,5878.221673383794,-211.47888797118222,10.500295441788332,-5.034536301326896
96.0,B0200,39011.66357721591,1203.2220474170954,5878.14171581974,-211.47888797117585,10.50029544182493,-5.034536301336475
96.2,A0100,-29954.91956753491,-4446.425660011482,8695.719836582703,294.4750896344769,-163.4724813523048,16.114728590265127
96.2,A0200,-66638.27754782239,18788.172963637164,5915.61025432844,131.45729640543428,296.6320150691585,-8.447063244580146
96.2,B0100,38969.190766634645,661.8827272628405,5877.592721319652,-211.76248204299463,10.559188190608372,-3.5506179195409
96.2,B0200,38969.3326440327,1205.3467115973526,5877.512581653,-211.76248204298824,10.559188190645287,-3.550617919552183
96.4,A0100,-29896.073219104634,-4479.101228004896,8699.429028429851,293.68140748925305,-164.12798124123282,18.326406989845992
96.4,A0200,-66610.663624607,18846.806220902352,5914.255381078805,141.75480791484995,290.8795710190639,-6.147537934188467
96.4,B0100,38926.84889885783,663.9738483593846,5877.450864970206,-211.55460955228762,10.234462439096612,-0.268774947445181
96.4,B0200,38926.99109452283,1207.444254996357,5877.370545531052,-211.5546095522816,10.234462439133862,-0.2687749474580498
96.60000000000001,A0100,-29837.425884055418,-4511.993424821809,8703.4941607921,292.51786392630567,-165.60837616791875,19.66642760169024
96.60000000000001,A0200,-66580.86146227238,18904.107864419897,5913.334110367716,153.40148919312176,283.4290635376928,-5.012456968623106
96.60000000000001,B0100,38884.562730748905,665.9979462331248,5877.905061972779,-211.38330669730226,9.963412226455123,1.8917326820075242
96.60000000000001,B0200,38884.70523449889,1209.474817873026,5877.824568510279,-211.38330669729643,9.96341222649258,1.8917326819940816
96.80000000000001,A0100,-29779.00648099545,-4545.217031859696,8707.70630599735,291.61497312015894,-167.1956780556068,19.78141228408607
96.80000000000001,A0200,-66548.79629892987,18959.896153751662,5912.291738068994,163.93514888921683,276.33573425506654,-7.395284847610193
96.80000000000001,B0100,38842.280100981865,667.9896326638336,5878.593782857271,-211.50133628638818,9.9081083369407,2.1156070641242573
96.80000000000001,B0200,38842.42290789211,1211.4729888997517,5878.513118155297,-211.5013362863825,9.908108336978229,2.115607064111162
97.0,A0100,-29720.691655207214,-4578.6993620689755,8711.86618761429,291.2644329691289,-168.36901407645308,19.40487882247573
97.0,A0200,-66514.78233478413,19014.347852937946,5910.7382347691455,173.05675341739595,270.04548440139297,-9.905414781034706
97.0,B0100,38799.963116519444,669.9902280266851,5879.149507648133,-211.7008073265486,10.0438582889322,0.5996019862992814
97.0,B0200,38800.10622794111,1213.4800626653687,5879.068670940273,-211.70080732654264,10.043858288969497,0.5996019862872426
97.2,A0100,-29662.436073608078,-4612.40873016675,8715.957876627015,291.2039762591303,-169.29232693403668,18.942512861984493
97.2,A0200,-66478.99279253726,19067.519081067465,5908.812407307178,181.871618790379,263.4749152500625,-11.280879450850584
97.2,B0100,38757.62991340193,672.0201780949028,5879.324984430183,-211.51694613087975,10.192007381756138,-1.2323423521313415
97.2,B0200,38757.77333379764,1215.5164609596904,5879.243973196793,-211.51694613087423,10.192007381793147,-1.2323423521425383
97.4,A0100,-29604.13683406349,-4646.251047357891,8719.932100455859,291.5405680381904,-169.80629522038387,18.430771847306048
97.4,A0200,-66441.4628643876,19119.327129205663,5906.766521920214,190.45522890418786,256.5771266782393,-11.29746508079853
97.4,B0100,38715.36987985953,674.0994844290581,5879.103286083258,-211.11162736383537,10.463288657092507,-3.993252822864472
97.4,B0200,38715.51361672324,1217.6021703071474,5879.022096094566,-211.11162736382997,10.463288657129135,-3.993252822874768
97.60000000000001,A0100,-29545.771573168207,-4680.155324110396,8723.891504039846,291.780737427816,-169.9262985505624,18.948590876514604
97.60000000000001,A0200,-66402.22910193108,19169.689799130498,5904.886395836555,199.2023612188653,248.84829218283016,-10.025229935856622
97.60000000000001,B0100,38673.156918716806,676.2104293823868,5878.16960825372,-211.04591322340605,10.58598713915305,-7.680126658386854
97.60000000000001,B0200,38673.30097685463,1219.7194500045043,5878.088236792855,-211.04591322340045,10.585987139189749,-7.680126658396884
97.80000000000001,A0100,-29487.39834627987,-4714.062307317205,8728.083462560386,291.59552865891806,-169.90672364305402,20.71511442346999
97.80000000000001,A0200,-66361.24548000097,19218.419951584958,5903.2046178493,207.63858151226782,240.87712375764224,-9.672189004335104
97.80000000000001,B0100,38630.93337231639,678.3434465232749,5876.807874061949,-211.0607529978963,10.640982326374951,-7.60933938367539
97.80000000000001,B0200,38631.077755078855,1221.8587667546963,5876.726319237421,-211.06075299789083,10.640982326411645,-7.609339383687974
98.0,A0100,-29429.137483734426,-4748.021074371642,8732.707611410853,290.7023677187989,-170.55120905395418,22.9728351835971
98.0,A0200,-66318.70172375145,19265.6447698159,5901.633756361542,215.11431149166503,233.56895996079356,-8.806212524421154
98.0,B0100,38588.73161806661,680.4875101834259,5875.844459608908,-210.8986490949587,10.768149877008353,-4.438351206897646
98.0,B0200,38588.87632713441,1224.0091609032697,5875.762720469249,-210.8986490949535,10.768149877045015,-4.4383512069131
98.2,A0100,-29371.09653144567,-4782.193939582128,8737.69688980855,289.430945944594,-172.01917329139005,24.35309276181789
98.2,A0200,-66274.67966791098,19311.33079536354,5900.404442115232,222.68253049456047,225.32393142776638,-6.601085598005659
98.2,B0100,38546.57228876959,682.6866208602605,5875.504720520548,-210.6880339326251,11.094834807699344,-1.98794687349246
98.2,B0200,38546.71733250852,1226.214649155263,5875.422792339241,-210.6880339326203,11.094834807735769,-1.9879468735096428
98.4,A0100,-29313.304211584476,-4816.696663652012,8742.839898224607,288.4363006585425,-173.60473826569216,24.497192852633372
98.4,A0200,-66229.08425908259,19355.169094405723,5899.567240840013,230.93559835009776,215.2165409780895,-5.715189642211365
98.4,B0100,38504.443361772246,684.9280460276259,5875.474227615625,-210.61936722345754,11.24770223205287,-0.7771112449926342
98.4,B0200,38504.5887466178,1228.462473822985,5875.392106761856,-210.61936722345237,11.24770223208917,-0.7771112450101333
98.60000000000001,A0100,-29255.63251263289,-4851.459069669563,8747.93715791636,288.00807217314934,-174.78446322480008,24.16057678355732
98.60000000000001,A0200,-66181.90955628394,19397.00137945112,5898.55678819634,238.25387428921763,205.90916381668544,-8.320766992063438
98.60000000000001,B0100,38462.29329388862,687.1945536203875,5875.517205494478,-210.95926190205265,11.299840350115604,-1.8987400921257183
98.60000000000001,B0200,38462.43902365354,1230.7353904325282,5875.434889813549,-210.9592619020474,11.299840350152069,-1.8987400921420898
98.80000000000001,A0100,-29198.03355078689,-4886.447671421423,8752.972912375968,287.8978540124132,-175.69781168198293,23.722681323054132
98.80000000000001,A0200,-66133.38259656577,19437.091021943834,5896.965958828769,244.60140813120782,197.6794119120756,-11.269066807925213
98.80000000000001,B0100,38420.07150446743,689.4545665208352,5875.192333723138,-211.150106485659,11.239178095101233,-3.845821599092683
98.80000000000001,B0200,38420.21757816202,1233.0017916771449,5875.109823773,-211.15010648565394,11.239178095137671,-3.8458215991076274
99.0,A0100,-29140.397402660972,-4921.566996924443,8757.893277353942,288.21393280839897,-176.19541942635672,23.208358579253026
99.0,A0200,-66083.62459263249,19475.510941982215,5894.8885735925105,250.6913853372077,189.09849784300363,-13.302417595369745
99.0,B0100,38377.860736992785,691.7064014637126,5874.494593929847,-210.80793212454665,11.219617102057805,-5.465242070905253
99.0,B0200,38378.00715337017,1235.2599812812896,5874.411890414804,-210.8079321245417,11.219617102094086,-5.465242070918955
99.2,A0100,-29082.6987403061,-4956.743220968168,8762.797381843251,288.4388233564954,-176.27592428092663,23.714679316280556
99.2,A0200,-66032.67326490818,19512.161841895915,5892.538090569451,256.5663546759504,180.14480323806265,-14.13612059171012
99.2,B0100,38335.72497565465,693.9692162027604,5873.469818896398,-210.65009729752228,11.297760915634864,-7.467937516937908
99.2,B0200,38335.87173638273,1237.5291112097766,5873.386920875408,-210.65009729751702,11.29776091567103,-7.467937516950879
99.4,A0100,-29024.994710842475,-4991.9098405995555,8767.931878209543,288.24208801897726,-176.17069983141505,25.47447963255994
99.4,A0200,-65980.58870171088,19547.007365427507,5890.17126284667,262.09415284725696,171.15062787477035,-13.611997974705922
99.4,B0100,38293.54356739992,696.2413580251741,5872.0600145027365,-211.0808501550506,11.339196292903997,-8.665956114170147
99.4,B0200,38293.690673891586,1239.8075421112208,5871.9769211755865,-211.08085015504508,11.33919629294011,-8.665956114184748
99.60000000000001,A0100,-28967.406692699908,-5027.106833196971,8773.500207212692,287.32003559395037,-176.69667865572893,27.75862023542046
99.60000000000001,A0200,-65927.43439294734,19580.00397046394,5888.077971174207,267.4964910921008,161.37193155636092,-11.70232195328951
99.60000000000001,B0100,38251.2950462461,698.5049715302212,5870.748306865942,-211.21913309429482,11.179427075942584,-6.2624886798358865
99.60000000000001,B0200,38251.442497209726,1242.0774633113542,5870.665018962203,-211.21913309428973,11.179427075979087,-6.262488679854371
99.80000000000001,A0100,-28910.04663518936,-5062.4957457794535,8779.4418102218,285.99790167450396,-178.06308287347508,29.19054329962934
99.80000000000001,A0200,-65873.1880867336,19610.82752388067,5886.332039294743,273.13061040541487,149.47292604358668,-10.901916311903381
99.80000000000001,B0100,38209.06487418023,700.7368997178019,5870.122064478515,-211.1013564632791,11.04824812392808,-2.92420179994466
99.80000000000001,B0200,38209.21266480407,1244.3157552462817,5870.038584717178,-211.10135646327473,11.048248123964767,-2.924201799966547
100.0,A0100,-28852.946322741307,-5098.197768188389,8785.548203080543,284.94943812801256,-179.5867847864882,29.387568302235984
100.0,A0200,-65817.88065039499,19639.27324192772,5884.408493373034,278.03411884907786,138.33572592214068,-13.456689439747361
100.0,B0100,38166.856051556926,702.9298638566615,5870.051139670713,-210.91943702046044,10.79292945430529,-0.32236944014152424
100.0,B0200,38167.00417592171,1246.5151275568714,5869.967471395292,-210.91943702045631,10.79292945434211,-0.322369440165473
100.2,A0100,-28795.961364231312,-5134.1402289385005,8791.602379186234,284.7971885135088,-180.49487619555245,28.78067134363477
100.2,A0200,-65761.67834580579,19665.645233983556,5881.918742868504,282.20191255673643,128.62448555947347,-16.27997561518201
100.2,B0100,38124.674213557504,705.0784505911652,5870.367142914642,-210.95970272190831,10.629229575177046,0.6061518659354344
100.2,B0200,38124.82266492318,1248.6701515747682,5870.283289933326,-210.95970272190422,10.629229575213891,0.6061518659114944
100.4,A0100,-28738.94720865362,-5170.221707878409,8797.504104928998,285.0826200260687,-181.06578438040873,28.05796632637861
100.4,A0200,-65704.68705844383,19690.089212724157,5878.970163695463,286.0289760597541,118.8392566333968,-18.12698031105511
100.4,B0100,38082.44884743843,707.209134643459,5870.594080007682,-211.36597218580079,10.635246349209037,-1.3382327301029902
100.4,B0200,38082.597623082285,1250.8072718810527,5870.510043855204,-211.36597218579632,10.635246349245739,-1.3382327301249592
100.60000000000001,A0100,-28681.892144608108,-5206.394500155284,8803.361063167195,285.1041388250221,-181.4300003530539,28.488372763061303
100.60000000000001,A0200,-65646.96609677207,19712.528674584417,5875.786022071421,289.5669442900979,108.72290604000557,-18.731896680589806
100.60000000000001,B0100,38040.155341506535,709.3440987442209,5870.347012092434,-211.40431897545744,10.621909530572552,-3.2756188619212003
100.60000000000001,B0200,38040.30444208278,1252.9486419031527,5870.2627924024655,-211.4043189754531,10.62190953060931,-3.2756188619419047
100.80000000000001,A0100,-28624.88896532939,-5242.635897334068,8809.43435480307,284.5445707105041,-181.81788241644804,30.152174132271107
100.80000000000001,A0200,-65588.58205343063,19732.942974400048,5872.630827945275,292.7602811128907,98.67512326150731,-17.943718051005952
100.80000000000001,B0100,37997.914803291394,711.4692562032633,5869.9284019903935,-211.06085374200416,10.567962272171332,-3.2859499421577687
100.80000000000001,B0200,37998.06422730311,1255.080182511163,5869.843999608473,-211.06085374200035,10.567962272207915,-3.2859499421782026
101.0,A0100,-28568.080672639247,-5279.017979064998,8815.89735384506,283.23782500929525,-182.89485936475495,32.07908184373412
101.0,A0200,-65529.60725074628,19751.309274491552,5869.803139953299,295.6381989930061,87.89649700373027,-15.694361640119038
101.0,B0100,37955.68894188777,713.6062012083003,5869.568798252334,-211.25876087793176,10.690158713739898,-2.885622889668619
101.0,B0200,37955.83869112632,1257.2235134952443,5869.484212163392,-211.25876087792776,10.690158713776377,-2.885622889689696
101.2,A0100,-28511.530705108395,-5315.662840384715,8822.610936809851,282.19497540306384,-184.2218210742484,32.60880679611463
101.2,A0200,-65470.10291811319,19767.295743762155,5867.405331864069,298.1913314598164,74.85869928739042,-14.343248436420419
101.2,B0100,37913.39821651431,715.7510318546283,5869.336498458844,-211.56178608548169,10.653649360264712,-1.5216311846590362
101.2,B0200,37913.54829218008,1259.3747509086643,5869.251727988056,-211.56178608547793,10.65364936030109,-1.5216311846824089
101.4,A0100,-28455.094777346138,-5352.517965622694,8829.32034164471,282.05437207066024,-185.0145767538337,32.163094994186544
101.4,A0200,-65410.15660920778,19780.661144736634,5864.943470109287,300.1825306307839,62.47914748960437,-16.30717500595237
101.4,B0100,37871.10761961362,717.8614193985286,5869.60653725044,-211.23905556776222,10.335948592701184,1.836564248916107
101.4,B0200,37871.25801647711,1261.491588318484,5869.521585349556,-211.23905556775912,10.335948592737639,1.8365642488906162
101.60000000000001,A0100,-28398.663780736653,-5389.507402762372,8835.959436978826,281.81675682221754,-185.75840766253498,32.27636042341425
101.60000000000001,A0200,-65349.860953344185,19791.73489960699,5862.024844349115,301.7962428000763,51.80541097155357,-18.573160985521486
101.60000000000001,B0100,37828.89139576032,719.9108127520394,5870.4442065919575,-211.06847959610633,10.107232272194423,3.6837712183368523
101.60000000000001,B0200,37829.04210455389,1263.5474689624007,5870.359078496886,-211.06847959610332,10.107232272230814,3.6837712183112616
101.80000000000001,A0100,-28342.37666103278,-5426.697110119392,8842.741548491296,280.62575348661926,-187.05231113555874,33.45097651445476
101.80000000000001,A0200,-65289.279639584944,19800.73071599605,5858.75499848678,303.0964424404156,41.40735111118448,-19.8425351068864
101.80000000000001,B0100,37786.67176591918,721.9356284523619,5871.4414974806405,-211.20304942786757,10.084944555699115,3.4814042145546025
101.80000000000001,B0200,37786.82278290986,1265.5787861739373,5871.356195299959,-211.20304942786453,10.08494455573527,3.4814042145301727
102.0,A0100,-28286.367520384065,-5464.193594627668,8849.718433996264,279.4103250853247,-188.56039214740298,33.92622589410563
102.0,A0200,-65228.48601842925,19807.610284583574,5855.363791265896,304.0268872562464,30.76820426742839,-19.83710167311538
102.0,B0100,37744.43500532723,723.9623835849397,5872.299446734391,-211.09729332490224,10.124650693780437,2.7359817976394627
102.0,B0200,37744.58633080823,1267.6120334585576,5872.213970303543,-211.09729332489968,10.124650693816474,2.735981797616245
102.2,A0100,-28230.495110061904,-5501.924287068958,8856.682253600367,279.19148467972167,-189.4355249603948,33.46282963381012
102.2,A0200,-65167.55249577199,19812.377583528392,5852.120185422384,304.62813120109473,20.34531659166784,-18.425244342184577
102.2,B0100,37702.25046837947,726.0247243574086,5872.924852918015,-210.87323824153464,10.353877156008975,0.3577120111783967
102.2,B0200,37702.40210775959,1269.680838485383,5872.839199181839,-210.87323824153233,10.353877156045067,0.35771201115689094
102.4,A0100,-28174.60328232649,-5539.78831062983,8863.517747595504,279.4397649069765,-189.97569903225335,32.84673751051323
102.4,A0200,-65106.55782880068,19815.041981966348,5849.328028418146,304.7222083956174,9.348248630778661,-15.477500033287447
102.4,B0100,37660.066268172945,728.1049962896614,5872.739577540502,-210.90799306558057,10.375930865768249,-4.745216303280192
102.4,B0200,37660.21822416848,1271.7675050334055,5872.653744962554,-210.90799306557787,10.375930865804472,-4.745216303299467
102.60000000000001,A0100,-28118.677071421873,-5577.734643451888,8870.327490148253,279.42953970546415,-190.28029114825816,33.35593229878549
102.60000000000001,A0200,-65045.650338666856,19815.2937146093,5847.121997817205,303.897626027741,-3.8829768120489274,-13.18493969802385
102.60000000000001,B0100,37617.90353340107,730.1951376846719,5871.729235085828,-210.6616670146119,10.449655476208944,-7.068756123541635
102.60000000000001,B0200,37618.05580750576,1273.8639669597087,5871.643222823432,-210.6616670146092,10.449655476245038,-7.068756123561334
102.80000000000001,A0100,-28062.81042758093,-5615.736461660801,8877.363586634323,278.8230242158706,-190.59911484540132,35.03819110182092
102.80000000000001,A0200,-64984.98551625541,19812.868625646788,5845.042980237387,302.64476243675267,-16.638857574969,-14.18188111871963
102.80000000000001,B0100,37575.764889719656,732.304482115338,5870.563639468215,-210.76508366202447,10.536918327107234,-7.0925981651306955
102.80000000000001,B0200,37575.917484850885,1275.9796149340018,5870.477445872415,-210.76508366202216,10.536918327143368,-7.092598165152494
103.0,A0100,-28007.14933116807,-5653.8631115660355,8884.786438116318,277.46158325850547,-191.58568065249457,36.92196933467955
103.0,A0200,-64924.57264751046,19808.093123534603,5842.683247907793,301.4745950629517,-27.538789368681496,-15.587680548860193
103.0,B0100,37533.56134922658,734.4248032554915,5869.420852849546,-211.18460318466566,10.5322751878992,-6.45406936361343
103.0,B0200,37533.71426705374,1278.1062514382938,5869.33447698059,-211.1846031846636,10.532275187935234,-6.454069363636989
103.2,A0100,-27951.75598043509,-5692.23469650396,8892.450497792182,276.38134952415845,-192.83354282192718,37.41182719266665
103.2,A0200,-64864.41060296409,19801.229074778243,5840.133780725511,300.12940450102155,-37.857848485496945,-16.0244571228623
103.2,B0100,37491.31708765621,736.4996440188152,5868.675485346917,-211.06856499748363,10.087771970829738,-2.8662311619746914
103.2,B0200,37491.470321272594,1280.1874478691789,5868.588931103934,-211.0685649974822,10.087771970865703,-2.8662311620004854
103.4,A0100,-27896.482146980274,-5730.805242752099,8900.104875125944,276.2189580188539,-193.59232729741132,36.950926953246814
103.4,A0200,-64804.5739243153,19792.284245001796,5837.627206938287,298.36425576532736,-48.25986610921822,-15.159866158176657
103.4,B0100,37449.149477639294,738.5021290676832,5868.791747988702,-210.6617799942732,9.89487946854653,0.962657692419477
103.4,B0200,37449.303016052734,1282.196350895556,5868.70502158063,-210.66177999427268,9.894879468582037,0.9626576923918768
103.60000000000001,A0100,-27841.21881116842,-5769.5058000125455,8907.68675557166,275.93725010307617,-194.3169116765951,37.04792966173197
103.60000000000001,A0200,-64745.16208572649,19781.23164472727,5835.444921318038,295.87746945076015,-59.301362668183145,-12.924079219498505
103.60000000000001,B0100,37407.01390578879,740.483403224669,5869.3349050548295,-210.82367543425252,9.819894343414509,1.6411267720249485
103.60000000000001,B0200,37407.16774577719,1284.1840748070208,5869.248008301685,-210.8236754342521,9.819894343449956,1.6411267719972835
103.80000000000001,A0100,-27786.11186453235,-5808.400976786161,8915.404673227054,274.6689504603839,-195.57038468809836,38.168358551134865
103.80000000000001,A0200,-64686.39958461919,19767.786466944974,5833.66620291505,291.99976489706637,-72.23647654136545,-11.705923732109868
103.80000000000001,B0100,37364.83256299462,742.4395065820299,5869.930439535245,-210.9623090019934,9.654271700141045,1.8563695694273101
103.80000000000001,B0200,37364.98670073318,1286.1466393709707,5869.843374596392,-210.96230900199345,9.654271700176361,1.8563695693999722
104.0,A0100,-27731.297878290185,-5847.592760207592,8923.30480518355,273.39121974170183,-197.02744302598146,38.58618066286403
104.0,A0200,-64628.478512824615,19751.78427481942,5831.775049445376,287.9589366388645,-84.18694582292017,-13.873659027761017
104.0,B0100,37322.652105100766,744.3574595033533,5870.541055903897,-210.77064554031827,9.481074309361066,1.8966768830864136
104.0,B0200,37322.80653479314,1288.0710546581158,5870.453826054481,-210.7706455403184,9.48107430939615,1.8966768830597154
104.2,A0100,-27676.629653436692,-5887.011693065685,8931.183771392794,273.1383027669788,-197.88348947734485,38.097712578624794
104.2,A0200,-64571.313459743,19733.59884485556,5829.364746404313,284.4457535330892,-94.30146525341921,-16.453953090039597
104.2,B0100,37280.540562368384,746.2810319353739,5871.0589511720045,-210.45988699589958,9.606693974428453,0.12685003454734606
104.2,B0200,37280.695284867645,1290.001071026847,5870.971555930171,-210.45988699590018,9.60669397446345,0.12685003452179258
104.4,A0100,-27621.948926650475,-5926.56325623616,8938.9326626595,273.34437469228317,-198.43240580091788,37.48685939163901
104.4,A0200,-64514.81055414288,19713.52843930318,5826.517967393254,281.4211064629754,-103.07282167116912,-18.064990389404322
104.4,B0100,37238.45317044979,748.1964252540965,5870.86712600305,-210.37024848326578,9.479137127125782,-4.671452324471062
104.4,B0200,37238.60818450778,1291.9228436913709,5870.779566071678,-210.37024848326624,9.479137127161296,-4.671452324494967
104.60000000000001,A0100,-27567.24464100157,-5966.200214203122,8946.657001004634,273.26529429263854,-198.75795423909994,37.996570182442824
104.60000000000001,A0200,-64458.94402833287,19691.713892564356,5823.550921452188,277.9816445009747,-112.01561426619973,-17.452542250447642
104.60000000000001,B0100,37196.40245159899,750.0959258049752,5869.869171083485,-210.0982123314918,9.44418731914099,-6.991904105339909
104.60000000000001,B0200,37196.55775479625,1293.8286488175745,5869.781447831352,-210.09821233149222,9.444187319176459,-6.991904105364072
104.80000000000001,A0100,-27512.616652718643,-6005.897545176985,8954.60460769635,272.5611276975722,-199.1016452435316,39.644659939464624
104.80000000000001,A0200,-64403.814282273735,19668.193677418192,5820.977969520965,274.35108280627634,-119.87253975199886,-14.133940983434067
104.80000000000001,B0100,37154.379533623476,752.0008952232201,5868.713428693209,-210.1672705034699,9.48351294946939,-7.038667548306813
104.80000000000001,B0200,37154.53512679087,1295.739905041717,5868.625541655274,-210.16727050347052,9.483512949504783,-7.03866754833222
105.0,A0100,-27458.215445826027,-6045.7227026824485,8962.926680757751,271.0916101809687,-200.0883455690214,41.44393204227033
105.0,A0200,-64349.343264426556,19643.296229714924,5819.30189877715,271.6480607899142,-125.72599070919935,-8.558911466560177
105.0,B0100,37112.29697752514,753.8972899078108,5867.580034192195,-210.57483964683996,9.36179153833525,-6.348951993981251
105.0,B0200,37112.452859357974,1297.642597515156,5867.4919841011415,-210.57483964684107,9.361791538370557,-6.348951994007997
105.2,A0100,-27404.100338232525,-6085.790192587461,8971.472575241405,269.9383956055409,-201.3175142373076,41.858264115920974
105.2,A0200,-64295.32560902922,19617.486304202434,5818.903758498222,269.96713308372455,-129.1283776750325,-1.7198954910659279
105.2,B0100,37070.177306678605,755.7337269739255,5866.862074785644,-210.4340248788927,8.877434675337977,-2.6698931684001486
105.2,B0200,37070.33346806782,1299.4853736683199,5866.773866784601,-210.43402487889452,8.87743467537285,-2.669893168428632
105.4,A0100,-27350.115859200298,-6126.054656418296,8979.998059581827,269.7322983362579,-202.07676674828468,41.36440258267291
105.4,A0200,-64241.54194835138,19591.216118941138,5819.554996496718,269.4271558755169,-130.4899573288357,1.0340672288486024
105.4,B0100,37028.13863203376,757.4901954146535,5867.01923763111,-210.01094371286396,8.641463970710623,1.2071053626336947
105.4,B0200,37028.2950608339,1301.2482440101812,5866.930878583669,-210.0109437128667,8.641463970744775,1.207105362603877
105.60000000000001,A0100,-27296.15162046991,-6166.451334433158,8988.445460171764,269.3831114142401,-202.8192424087487,41.42221489251842
105.60000000000001,A0200,-64187.85822377708,19564.781279085717,5820.226897996403,268.76096356390434,-131.0301056148758,-1.155132936050107
105.60000000000001,B0100,36986.14308788091,759.2159043387146,5867.61115822986,-210.06407384513068,8.515446928807542,1.9107486961528761
105.60000000000001,B0200,36986.29977941732,1302.980385598672,5867.522650775423,-210.06407384513383,8.515446928841373,1.9107486961233138
105.80000000000001,A0100,-27242.361654148517,-6207.045969872375,8997.015329393485,268.0083772417755,-204.08260081521036,42.44673419125635
105.80000000000001,A0200,-64134.34408696524,19538.247006179165,5820.299326197681,267.73683657784784,-131.3865946445416,-3.8308402909586143
105.80000000000001,B0100,36944.121977024726,760.9064824870202,5868.258206500423,-210.14415781064562,8.302785017151326,2.1392960983190923
105.80000000000001,B0200,36944.27892596148,1304.677405031096,5868.169553654081,-210.1441578106489,8.302785017184949,2.1392960982897127
106.0,A0100,-27188.884705603996,-6247.936364680811,9005.745699941788,266.64772030359075,-205.52709976628697,42.76598758585207
106.0,A0200,-64081.007961065625,19511.670317683926,5819.99873861712,267.03220577009165,-131.50373834202978,-5.078208526143236
106.0,B0100,36902.10569928491,762.5502656271383,5868.922868364925,-209.94972742632848,8.088822334242963,2.19168881846874
106.0,B0200,36902.26289850887,1306.3276302305549,5868.834074142404,-209.9497274263321,8.088822334276244,2.1916888184400123
106.2,A0100,-27135.565892640017,-6289.052834025789,9014.440958443374,266.34655745928194,-206.3871442392453,42.23340293432101
106.2,A0200,-64027.783610114435,19485.08680267975,5819.620009458071,266.57899198706406,-131.48645826038756,-4.484334292693527
106.2,B0100,36860.15850011977,764.192477666802,5869.49771700905,-209.64023077907467,8.189328318096077,0.440004607455516
106.2,B0200,36860.31594939137,1307.976266122867,5869.408781544593,-209.64023077907837,8.189328318129343,0.440004607427526
106.4,A0100,-27082.243825575653,-6330.305055054023,9023.001204823773,266.49954292218854,-206.9632151061486,41.611009411913656
106.4,A0200,-63974.624262592384,19458.49865936411,5819.4925587906,266.43613273383636,-131.54013223050367,-2.9853734936091803
106.4,B0100,36818.235004097754,765.8241459662604,5869.366689604263,-209.55723937472945,8.0582669012999,-4.352485085105605
106.4,B0200,36818.39270181005,1309.6142940847676,5869.277613808767,-209.5572393747328,8.05826690133352,-4.352485085132452
106.60000000000001,A0100,-27028.912480061575,-6371.651197188612,9031.534601846215,266.32597859764695,-207.34785255572785,42.10270656512085
106.60000000000001,A0200,-63921.50061931686,19431.949377179404,5819.738272350474,266.071314719074,-131.07977442651256,-0.4738756576449348
106.60000000000001,B0100,36776.34596645222,767.4387257111775,5868.425705346575,-209.29684200422471,8.011350908476409,-6.707999987442315
106.60000000000001,B0200,36776.50391000297,1311.2351587277135,5868.336490688853,-209.29684200422793,8.011350908510137,-6.707999987469278
106.80000000000001,A0100,-26975.680560894398,-6413.072204568393,9040.283553827147,265.48734491990734,-207.77233735662443,43.68740935939323
106.80000000000001,A0200,-63868.47638434917,19405.47942587967,5820.347935548536,265.62776685141415,-130.91181307848814,-0.38900798688134686
106.80000000000001,B0100,36734.48283634518,769.0554181223961,5867.317933421673,-209.37384050410066,8.032573039556636,-6.807808815135731
106.80000000000001,B0200,36734.64102605277,1312.8581177847973,5867.228579722945,-209.37384050410412,8.032573039590035,-6.807808815163777
107.0,A0100,-26922.70371229032,-6454.6356135836895,9049.386462657654,263.8797517207877,-208.8133463091468,45.350629274266915
107.0,A0200,-63815.55580138714,19379.025082052518,5820.694792125232,264.8638726135374,-130.80223941056104,-1.9873730712814666
107.0,B0100,36692.55873546505,770.6600664378457,5866.22259226104,-209.78503136777425,7.893479866082077,-6.159301925506262
107.0,B0200,36692.71716950041,1314.4690430799765,5866.133100550183,-209.78503136777786,7.893479866115343,-6.159301925535631
107.2,A0100,-26870.035105777766,-6496.447005445689,9058.685199448917,262.64321636203965,-210.05261588505968,45.642035127621796
107.2,A0200,-63762.779441875246,19352.60837948307,5820.867007045868,264.34855926051796,-130.58939214110333,-1.9265662660569454
107.2,B0100,36650.59724420524,772.2013539688614,5865.534977830597,-209.6438166655173,7.391901361017753,-2.5216521117795057
107.2,B0200,36650.755912943845,1316.016648271343,5865.445353548319,-209.64381666552208,7.39190136105048,-2.5216521118104414
107.4,A0100,-26817.50965355507,-6538.457719574567,9067.945714557354,262.3875094784121,-210.82904866733185,45.090673097285084
107.4,A0200,-63710.0647428065,19326.21734536445,5821.212307336842,264.2631021513479,-130.54566471789764,-0.7170168089443638
107.4,B0100,36608.71638098039,773.658830841594,5865.713820477811,-209.22456906111745,7.136914282227941,1.3150818357426948
107.4,B0200,36608.87527168794,1317.4805049272782,5865.624070818181,-209.2245690611233,7.136914282259794,1.3150818357104124
107.60000000000001,A0100,-26764.973951604836,-6580.591911049903,9077.065796126717,262.57350359403057,-211.34874220477866,44.43638796479432
107.60000000000001,A0200,-63657.37414259906,19299.873457754307,5821.889463887979,263.9265951713142,-130.08993346552586,1.6655017742813316
107.60000000000001,B0100,36566.87809372238,775.0824970405047,5866.322485958088,-209.2781275854934,6.999052061868555,2.0068687277895094
107.60000000000001,B0200,36567.03720126717,1318.9105813339738,5866.232613815462,-209.27812758549922,6.999052061900164,2.0068687277569848
107.80000000000001,A0100,-26712.417901273537,-6622.802490641381,9086.151399319493,262.48431764927165,-211.6015444250595,44.88940228929667
107.80000000000001,A0200,-63604.777295102314,19273.606353258852,5822.910549212473,263.54035491178524,-129.910171218464,1.6702664944684193
107.80000000000001,B0100,36525.01404852132,776.4689429287118,5866.98456471841,-209.3594232990682,6.776105778235555,2.2328727665506807
107.80000000000001,B0200,36525.17336724322,1320.3034459308838,5866.894573292075,-209.35942329907422,6.776105778266881,2.232872766518347
108.0,A0100,-26659.938461710513,-6665.050558637814,9095.449670381087,261.78588007609153,-211.7847276592102,46.49504561340655
108.0,A0200,-63552.26646733644,19247.36185153969,5823.660243990045,262.8614628103182,-129.76935448391296,0.049938389882058565
108.0,B0100,36483.154681250686,777.8065842916494,5867.665391304181,-209.16646262155467,6.552061504040082,2.2971192117558945
108.0,B0200,36483.3142037375,1321.6475069022454,5867.575284781988,-209.16646262156107,6.552061504071197,2.2971192117240253
108.2,A0100,-26607.6868625568,-6707.386092557056,9105.120444264769,260.2891178066182,-212.54777782200384,48.32231162755304
108.2,A0200,-63499.8903557924,19221.15409716172,5824.225126332356,262.35250985022185,-129.60597069101289,0.02426273058460375
108.2,B0100,36441.36353720222,779.141099888926,5868.259786167377,-208.86296070269773,6.651896111509954,0.5679805176597967
108.2,B0200,36441.5232629774,1322.9884243205524,5868.169564816366,-208.8629607027045,6.651896111541005,0.5679805176289935
108.4,A0100,-26555.731182804786,-6749.925042767583,9115.025139649415,259.07447134088414,-213.62790078820174,48.793679793616896
108.4,A0200,-63447.58017572583,19194.95282944161,5824.901807426348,262.2439229529285,-129.69588745561313,0.5417063213136379
108.4,B0100,36399.5949185778,780.466894174986,5868.15354054391,-208.78875744206076,6.536058203471925,-4.2002357381536415
108.4,B0200,36399.754846308424,1324.3205568648882,5868.063205120199,-208.7887574420674,6.536058203503567,-4.2002357381825695
108.60000000000001,A0100,-26503.917202813136,-6792.640810472551,9124.918414284923,258.82150135571834,-214.3256444623786,48.331139190626985
108.60000000000001,A0200,-63395.29546852388,19168.75435858938,5825.705810026677,261.8749882874893,-129.54532994800593,1.7971014918899884
108.60000000000001,B0100,36357.85894181235,781.7778405653062,5867.239374179184,-208.53515438501486,6.491988682314142,-6.561317042244179
108.60000000000001,B0200,36358.019069238246,1325.6377672001527,5867.148925957288,-208.53515438502134,6.49198868234582,-6.561317042273527
108.80000000000001,A0100,-26452.130502238742,-6835.47600813144,9134.737251713994,258.4453751866993,-214.96813795114755,48.40101410248722
108.80000000000001,A0200,-63343.107816860334,19142.583093977126,5826.667356812355,261.484359957655,-129.47512208240536,1.0814281177184975
108.80000000000001,B0100,36316.14783434776,783.0899424161435,5866.15484383862,-208.6166731008436,6.504876776564413,-6.688355719411308
108.80000000000001,B0200,36316.30816164067,1326.9561145950556,5866.064282718322,-208.61667310085025,6.504876776595801,-6.68835571944248
109.0,A0100,-26400.523307557065,-6878.477800064269,9144.68304070784,257.04060654488,-216.02453340180415,49.46570771908901
109.0,A0200,-63290.997608779246,19116.425417216604,5827.2387085896735,260.8926431644675,-129.3989724829806,-1.0855488843431105
109.0,B0100,36274.3749339405,784.3881078755658,5865.076400120022,-209.0312238960262,6.353757641776616,-6.0751419386501855
109.0,B0200,36274.535458988255,1328.2605355109717,5864.985727300804,-209.03122389603305,6.35375764180787,-6.075141938683081
109.2,A0100,-26349.23815647422,-6921.733685406978,9154.801612262374,255.62394256649887,-217.29634684175917,49.85366590862212
109.2,A0200,-63238.96095029334,19090.25421108566,5827.549889301292,260.7675624337525,-129.70587261588997,-1.2089049518776804
109.2,B0100,36232.56401901454,785.619816122793,5864.397833327463,-208.89259618657061,5.832590746581012,-2.481374191405166
109.2,B0200,36232.724731717266,1329.498539317452,5864.307054509984,-208.89259618657863,5.832590746611607,-2.481374191440381
109.4,A0100,-26298.121423681845,-6965.192201402939,9164.89575969628,255.27834327343015,-218.08289169209547,49.3580574936374
109.4,A0200,-63186.9779220794,19063.95534955358,5827.991393192671,260.35427961515506,-130.75547593351916,-0.21032936094399624
109.4,B0100,36190.83273621171,786.7631394030414,5864.576855401434,-208.47963162139573,5.555871334340599,1.3162115439960747
109.4,B0200,36190.99362314308,1330.648219669887,5864.485978169567,-208.47963162140468,5.5558713343704405,1.3162115439593092
109.60000000000001,A0100,-26247.00786646507,-7008.775948512752,9174.858452472738,255.41241014405176,-218.609271361148,48.73513298451892
109.60000000000001,A0200,-63135.136058714656,19037.341125656196,5828.6677172139025,259.3930854651711,-132.88080305570014,1.0628198214009663
109.60000000000001,B0100,36149.1429942834,787.8695683193037,5865.1803565926275,-208.53610488760847,5.407973773444297,1.990877934861662
109.60000000000001,B0200,36149.30404984079,1331.761035782778,5865.089384114228,-208.53610488761765,5.407973773473772,1.9908779348251608
109.80000000000001,A0100,-26195.88546145657,-7052.43830803794,9184.790597196445,255.25297584508058,-218.87985664195458,49.19333008575784
109.80000000000001,A0200,-63083.49728208552,19010.250499238115,5829.528735900323,258.6408072027372,-135.18344100230468,1.4035123238281555
109.80000000000001,B0100,36107.42692027213,788.9371307472229,5865.834801166548,-208.62025624880795,5.176939373080425,2.2113700360000714
109.80000000000001,B0200,36107.58813854639,1332.8349937825096,5865.743736777282,-208.6202562488176,5.176939373109504,2.211370035963934
110.0,A0100,-26144.85665768203,-7096.143438033089,9194.93121382552,254.45631499931915,-219.09520269014524,50.74860525029581
110.0,A0200,-63031.89270265224,18982.81057689553,5830.328232487293,259.0387790699434,-136.41160036305232,0.4989736707862868
110.0,B0100,36065.71509949498,789.9543115399956,5866.50869782693,-208.42996052202668,4.944914137633793,2.2859214128204997
110.0,B0200,36065.87647283361,1333.8585711728338,5866.417545847167,-208.42996052203665,4.944914137662501,2.2859214127848073
110.2,A0100,-26094.076056881462,-7139.94091999925,9205.426783467705,252.86235306772386,-219.8672324242712,52.45695987730732
110.2,A0200,-62980.11817379848,18955.19218718053,5830.840384711231,260.1724419743418,-137.1102272820083,-1.3236068673274657
110.2,B0100,36024.07043213773,790.9672686762788,5867.099306562026,-208.13295737194002,5.046874217161652,0.5782424679729663
110.2,B0200,36024.231959895034,1334.8779075497441,5867.008067359708,-208.13295737195006,5.0468742171903225,0.5782424679381326
110.4,A0100,-26043.606430802487,-7183.940162152995,9216.13192369199,251.5925326927716,-220.93018064866112,52.8212475309831
110.4,A0200,-62928.125215389824,18927.44614838992,5831.099574080625,261.0850875057089,-137.62789741631715,-1.590634333731353
110.4,B0100,35982.44719773444,791.9740518760518,5866.994288220421,-208.06617743198083,4.950628278814789,-4.1652318494310965
110.4,B0200,35982.60887896914,1335.891007023045,5866.902962325092,-208.06617743199035,4.950628278844025,-4.165231849464534
110.60000000000001,A0100,-25993.286940570935,-7228.114454107711,9226.809908401603,251.3041645465947,-221.62953337474352,52.306665141727805
110.60000000000001,A0200,-62875.990902200116,18899.63920293351,5831.53319714723,261.5796218144202,-137.7707481800498,0.28081773528695825
110.60000000000001,B0100,35940.85511338443,792.9689946858107,5866.083965654059,-207.81821783968675,4.9118371617290215,-6.527851214466373
110.60000000000001,B0200,35941.016946290576,1336.8921922481459,5865.992554086877,-207.81821783969622,4.9118371617583705,-6.527851214499936
110.80000000000001,A0100,-25943.0037693186,-7272.411246388697,9237.404236126406,250.86064901520317,-222.2995899861987,52.31423504472658
110.80000000000001,A0200,-62823.84442450938,18871.761337464784,5832.48832056221,261.2606208865283,-138.5200694065269,3.2444357069160485
110.80000000000001,B0100,35899.286935026204,793.9643162716966,5865.000611430743,-207.90430773214467,4.916356813452815,-6.677185251548838
110.80000000000001,B0200,35899.44891965969,1337.8937377631937,5864.909114161212,-207.90430773215445,4.916356813481894,-6.677185251583245
111.0,A0100,-25892.918050028627,-7316.881276248673,9248.105099250548,249.35065554954778,-223.3875073354729,53.237645082276224
111.0,A0200,-62771.82433662186,18843.637253266126,5833.960725880101,260.4153302997305,-140.24621482480052,5.399703230157333
111.0,B0100,35857.65610790866,794.9437146574437,5863.9178153790235,-208.32288032167153,4.751929475606744,-6.0965959111267125
111.0,B0200,35857.81824184932,1338.8793696459688,5863.826233772041,-208.32288032168157,4.751929475635455,-6.0965959111620815
111.2,A0100,-25843.173006795863,-7361.6084586582865,9258.947039318125,247.8614436393853,-224.66150986993026,53.48045911893205
111.2,A0200,-62719.979814317805,18815.120791797257,5835.72738847839,259.820667202692,-142.1481716947038,6.0433820633859305
111.2,B0100,35815.98637173616,795.8529894213716,5863.227430714744,-208.18885413861034,4.206685802314961,-2.544818868236483
111.2,B0200,35816.14864433394,1339.794917504878,5863.13577078814,-208.18885413862125,4.206685802342826,-2.544818868273218
111.4,A0100,-25793.607116134564,-7406.539310700812,9269.74347134227,247.4723983998868,-225.4597903465073,52.9143631375792
111.4,A0200,-62668.15590527412,18786.304544333107,5837.490070195821,260.0298756772161,-143.4163630353757,5.683209242610644
111.4,B0100,35774.394832544676,796.6683146643518,5863.386232318477,-207.7841497516343,3.9039093152318984,1.2158717432237132
111.4,B0200,35774.5572295247,1340.6165768533829,5863.294502133305,-207.78414975164634,3.903909315258736,1.2158717431863326
111.60000000000001,A0100,-25744.053782668274,-7451.600110613954,9280.399590354855,247.54594397177678,-226.02410851428888,52.26413461886824
111.60000000000001,A0200,-62616.2964288987,18757.231777036694,5839.223960370891,260.1769058232438,-144.69256453110197,5.793977573018551
111.60000000000001,B0100,35732.84349758232,797.44309307816,5863.964374821353,-207.84465175261724,3.7443447241511696,1.873479063901051
111.60000000000001,B0200,35733.00601278444,1341.397719259552,5863.872577858239,-207.8446517526297,3.7443447241775996,1.8734790638636185
111.80000000000001,A0100,-25694.50938216927,-7496.752148275079,9291.019524151743,247.2635925549347,-226.38606160271044,52.684029292403665
111.80000000000001,A0200,-62564.44022058448,18727.89968204251,5841.083309376758,259.82775766163104,-146.17299668540204,7.1607547752126575
111.80000000000001,B0100,35691.265085265084,798.1770945746193,5864.590949186135,-207.93243529152528,3.5039588639693515,2.08781927422201
111.80000000000001,B0200,35691.42771249697,1342.138093020938,5864.4990889428445,-207.93243529153798,3.503958863995383,2.087819274184726
112.0,A0100,-25645.089106186104,-7541.970483226466,9301.834352651196,246.28939233365725,-226.73882174281056,54.13566542551339
112.0,A0200,-62512.7061529979,18698.229389816654,5843.237542947882,259.4107177938113,-147.78137279711882,8.104136242776756
112.0,B0100,35649.6903586796,798.8589192571635,5865.237445537417,-207.7454399592117,3.2630201155483145,2.1711800297251447
112.0,B0200,35649.853090009085,1342.8262911201855,5865.1455264955075,-207.74543995922477,3.2630201155741094,2.171180029688199
112.2,A0100,-25595.95307672793,-7587.308089046123,9312.972134053583,244.5286840310667,-227.62495887088238,55.63552556296865
112.2,A0200,-62460.97694291313,18668.30112837022,5845.465467853257,259.55802299653396,-148.9442776372987,8.312258717588241
112.2,B0100,35608.18154095259,799.5304774768229,5865.803448365654,-207.455510097813,3.3356646695838537,0.4833418593334536
112.2,B0200,35608.344374818626,1343.5042058300805,5865.711471404737,-207.45551009782625,3.3356646696096757,0.48334185929704326
112.4,A0100,-25547.15252161894,-7632.862270421571,9324.276671593754,243.17514860420889,-228.7296696100625,55.810470558798556
112.4,A0200,-62409.252120724865,18638.133447293912,5847.83019830539,259.21687397220717,-150.30320985891612,9.696613721312149
112.4,B0100,35566.69320802583,800.2056489338793,5865.677737510858,-207.39654502705798,3.3359807319229438,-4.25585019356487
112.4,B0200,35566.85614497391,1344.1856712892077,5865.585702324959,-207.39654502707094,3.3359807319493107,-4.255850193600244
112.60000000000001,A0100,-25498.514474502874,-7678.598466352045,9335.526149031262,242.83640978605192,-229.46306974705251,55.20244304285336
112.60000000000001,A0200,-62357.64821609992,18607.651543991728,5850.49007043675,258.8013149570073,-151.81452283853577,10.628620935927051
112.60000000000001,B0100,35525.23436640255,800.8821011072723,5864.741974193439,-207.1416911946173,3.332041539809048,-6.659962756718984
112.60000000000001,B0200,35525.39740662044,1344.8683434496488,5864.649880674364,-207.14169119463003,3.3320415398355303,-6.659962756754422
112.80000000000001,A0100,-25449.926119798558,-7724.467732065053,9346.67523904877,242.29101338612395,-230.21307831969332,55.0981336242301
112.80000000000001,A0200,-62306.04883110299,18576.925905845623,5853.219408214878,258.94313792287784,-152.923210369453,10.818920039535929
112.80000000000001,B0100,35483.800807643114,801.5622806225074,5863.623551100325,-207.23694905495677,3.3437089482148448,-6.862887846193427
112.80000000000001,B0200,35483.963951696685,1345.5547234317037,5863.531398929505,-207.23694905496973,3.3437089482410394,-6.8628878462294844
113.0,A0100,-25401.56209291887,-7770.530763550722,9357.895069600974,240.62607586485026,-231.413070857596,55.77697531810668
113.0,A0200,-62254.45807702517,18545.970309958604,5856.084896923305,258.57016135391524,-154.23309261964715,12.19573203940239
113.0,B0100,35442.30592270826,802.2271429678858,5862.496457123267,-207.6182380061467,3.175169781134405,-6.316920142675938
113.0,B0200,35442.46916826822,1346.225794816959,5862.40424761748,-207.61823800615983,3.1751697811602626,-6.316920142712691
113.2,A0100,-25353.564740389153,-7816.868184065531,9369.201356510743,239.04226766944782,-232.74258598754096,55.77054876544802
113.2,A0200,-62202.99467629017,18514.710469620055,5859.240337389427,258.1240472680066,-155.70461487305968,13.096788958541469
113.2,B0100,35400.77683336074,802.8191081529894,5861.754462979261,-207.48947587186956,2.605952483501062,-2.80729835551441
113.2,B0200,35400.94016935606,1346.824007299936,5861.66220239199,-207.48947587188374,2.6059524835259085,-2.807298355552081
113.4,A0100,-25305.760084793445,-7863.41809425698,9380.42600228684,238.59887755086748,-233.58187285685253,55.08332498724962
113.4,A0200,-62151.54164857839,18483.21186751149,5862.46078072926,258.23064909173075,-156.7991449050123,13.275533826961126
113.4,B0100,35359.32689863832,803.3113117144949,5861.852936996938,-207.05377157625412,2.2771545329757967,0.9108362141983943
113.4,B0200,35359.49030991178,1347.3225182745045,5861.760633888694,-207.05377157626933,2.277154532999551,0.9108362141602298
113.60000000000001,A0100,-25257.98038012568,-7910.108365267181,9391.4942323691,238.58714173159274,-234.21838040978955,54.37591111170319
113.60000000000001,A0200,-62100.10641370963,18451.485404964507,5865.8155060313875,257.8028860316532,-158.0983131332307,14.631385323503737
113.60000000000001,B0100,35317.92252379793,803.7598786253966,5862.363914374,-207.10961967403043,2.1107010690939996,1.5455775081110787
113.60000000000001,B0200,35318.08600371702,1347.7774210827265,5862.271572491169,-207.10961967404577,2.110701069117266,1.5455775080732086
113.80000000000001,A0100,-25210.236567568056,-7956.913520200944,9402.513788481087,238.11200860545927,-234.75127658081348,54.71362241254147
113.80000000000001,A0200,-62048.80948805054,18419.45716958859,5869.452373438711,257.30647390165194,-159.56151737541697,15.492987137693532
113.80000000000001,B0100,35276.489893282655,804.1675897848945,5862.920416293557,-207.20525193052669,1.871661722585401,1.751318473059978
113.80000000000001,B0200,35276.65343564271,1348.1914763434652,5862.828039140848,-207.2052519305425,1.8716617226082484,1.7513184730221805
114.0,A0100,-25162.664873708567,-8003.828779879012,9413.701762819484,236.85998702811193,-235.36025008120228,55.973541841445204
114.0,A0200,-61997.53217844314,18387.19024221071,5873.149167154032,257.36375219146754,-160.66214079088758,15.656763648168221
114.0,B0100,35235.05938312432,804.5214785838652,5863.496329989246,-207.02714290036303,1.616607565000874,1.838183115270348
114.0,B0200,35235.22297974363,1348.5517105892613,5863.403922185971,-207.02714290037912,1.616607565023265,1.8381831152325858
114.2,A0100,-25115.43182704488,-8050.9143315713045,9425.156067666712,234.86093767707007,-236.46906423038166,57.11439491598281
114.2,A0200,-61946.28433571933,18354.69348365924,5876.97661995043,256.86821775514505,-161.97331993976613,16.979940366129373
114.2,B0100,35193.69776602753,804.8633221225537,5864.014866002994,-206.6677835725279,1.691407940719942,0.5556398273581857
114.2,B0200,35193.861415074934,1348.8998841783887,5863.922428585634,-206.667783572544,1.6914079407422662,0.555639827320619
114.4,A0100,-25068.56641346069,-8098.246756688271,9436.705132051937,233.41011890854233,-237.6645082912768,56.976724911001234
114.4,A0200,-61895.188292009305,18321.892978659787,5881.076062773893,256.31072760012347,-163.44652144424234,17.79314248842054
114.4,B0100,35152.372897928566,805.2121653577778,5864.062262839125,-206.67352004311422,1.7095678321420948,-2.3313206914781937
114.4,B0200,35152.53660046686,1349.2550114389142,5863.9697952084225,-206.67352004313025,1.7095678321645937,-2.331320691515372
114.60000000000001,A0100,-25021.877061605363,-8145.775162296069,9448.153282475534,233.0168727892103,-238.4584212924033,56.214093374845376
114.60000000000001,A0200,-61844.122919502144,18288.850996154244,5885.229221263926,256.31087779815454,-164.56550860744088,17.93627190913811
114.60000000000001,B0100,35111.02152167288,805.5563457198023,5863.7584818038795,-206.75312871538628,1.6178145137722753,-2.1865548810756508
114.60000000000001,B0200,35111.185276988996,1349.6054497111363,5863.665984360476,-206.75312871540248,1.6178145137944717,-2.1865548811136906
114.80000000000001,A0100,-24975.207130820312,-8193.439216376119,9459.432654349153,233.01279815758429,-239.08536019029663,55.45614131752966
114.80000000000001,A0200,-61793.0328152934,18255.603018868314,5889.390289890263,256.77849519569315,-165.3883387378882,17.542792333920993
114.80000000000001,B0100,35069.6794916552,805.8815556262398,5863.74769402092,-206.72795814031377,1.5349270641896475,-0.477724497102198
114.80000000000001,B0200,35069.84329686698,1349.9369412551987,5863.655168393867,-206.7279581403307,1.534927064211181,-0.477724497141387
115.0,A0100,-24928.572348227106,-8241.215921095198,9470.653520447293,232.5409762117315,-239.59989115962523,55.74551010444312
115.0,A0200,-61741.81550877208,18222.226755197516,5893.477913165596,257.25253201509673,-165.9745250287003,17.78361372174191
115.0,B0100,35028.33402168365,806.1866350809087,5864.025132312887,-206.6763525132979,1.4091885909107613,1.0262509619976417
115.0,B0200,35028.49787373903,1350.2483276143885,5863.932580225093,-206.67635251331535,1.4091885909316775,1.02625096195779
115.2,A0100,-24882.10855894417,-8289.096260318149,9482.034719273703,231.29685354810138,-240.16020399966317,56.97636765741271
115.2,A0200,-61690.59455533558,18188.710839381783,5897.791696471337,256.80068687943566,-166.89670007208775,19.63856969850031
115.2,B0100,34986.99493364406,806.4661931658939,5864.503580563363,-206.77048773586918,1.3090691125631262,1.1948644378808995
115.2,B0200,34987.158828664134,1350.5342088872076,5864.411004210104,-206.7704877358868,1.3090691125836422,1.1948644378413087
115.4,A0100,-24835.983130212408,-8337.13425657775,9493.680137257885,229.28701290758758,-241.1986266623404,58.125251201560616
115.4,A0200,-61639.52342419278,18154.949769140287,5902.449532015791,256.18924856819217,-168.2220772710997,20.683987408888328
115.4,B0100,34945.60320998641,806.7384988867943,5864.76834263745,-207.21163331976365,1.359390583381097,-1.2789627579974712
115.4,B0200,34945.76714686488,1350.8128274508726,5864.675742639336,-207.21163331978087,1.35939058340167,-1.2789627580360559
115.60000000000001,A0100,-24790.22960621406,-8385.407102815228,9505.423407276063,227.80859937600158,-242.3498765548104,58.00331219911246
115.60000000000001,A0200,-61588.46717505688,18120.976500737306,5907.1410892561835,256.6126890138055,-169.04404349263282,20.14635276486809
115.60000000000001,B0100,34904.14109257098,807.0263359403762,5864.464642358345,-207.24474813218544,1.4169806520426178,-3.634000477258476
115.60000000000001,B0200,34904.305073667834,1351.1069392516547,5864.37201738234,-207.24474813220252,1.4169806520631907,-3.6340004772966172
115.80000000000001,A0100,-24744.65735946658,-8433.870429197523,9517.067886198629,227.3923832140492,-243.12914610506084,57.24619023448081
115.80000000000001,A0200,-61537.29711874842,18086.86482906963,5911.733390986097,256.99162885065164,-169.7356579111363,20.237282744359533
115.80000000000001,B0100,34862.73566215026,807.3179603498429,5863.915003651029,-206.85845178303848,1.4207265975176273,-3.996856053558401
115.80000000000001,B0200,34862.899688038655,1351.4048086811435,5863.82235337659,-206.85845178305559,1.4207265975379628,-3.9968560535972473
116.0,A0100,-24699.107715732935,-8482.467503830601,9528.543255779721,227.38021385545963,-243.74585675261784,56.4791341218301
116.0,A0200,-61486.15416986896,18052.57769030118,5916.517467984915,256.3421960648419,-170.89620990320913,21.869387568593954
116.0,B0100,34821.34885854303,807.6282324381318,5863.348114878081,-207.07363334923517,1.558877388035146,-3.9903111122767805
116.0,B0200,34821.51293205463,1351.7213214772055,5863.255437702535,-207.0736333492525,1.5588773880552202,-3.9903111123167707
116.2,A0100,-24653.593304011134,-8531.173537986731,9539.957060998246,226.91487735814056,-244.23058383185457,56.74877485102189
116.2,A0200,-61435.198409082055,18017.999908628466,5921.592770735402,255.57620118561857,-172.40192046643583,22.672662447565145
116.2,B0100,34779.88636927061,807.9531412934539,5862.823706513043,-207.46237894872613,1.5752286134706943,-3.093309470016666
116.2,B0200,34780.050492634,1352.0524861889899,5862.7310011797035,-207.46237894874383,1.5752286134902687,-3.0933094700585557
116.4,A0100,-24608.247369126195,-8579.974367036659,9551.527439344005,225.68876887368546,-244.73103409745144,57.96474774886895
116.4,A0200,-61384.30910252412,17983.170056554532,5926.710223812002,255.43255308976984,-173.56653175425768,22.715909368863052
116.4,B0100,34738.4025578007,808.2577103388376,5862.7160465218785,-207.24312216202418,1.3433264592877858,-0.08077622901089553
116.4,B0200,34738.56672792666,1352.3633501043878,5862.62331477463,-207.24312216204277,1.343326459306685,-0.08077622905473432
116.60000000000001,A0100,-24563.236773131444,-8628.917958024227,9563.361579116663,223.68510253486232,-245.687320166667,59.12518719342196
116.60000000000001,A0200,-61333.42663411166,17948.122881487012,5931.824084263884,255.733877772898,-174.45263281081375,22.343174658857148
116.60000000000001,B0100,34696.977655151015,808.5108537172619,5863.129779229523,-207.11646086061177,1.1138761605892187,1.638587236333223
116.60000000000001,B0200,34697.141864227495,1352.6228241586487,5863.037025479944,-207.1164608606308,1.1138761606074619,1.6385872362893692
116.80000000000001,A0100,-24518.599034964547,-8678.08210627324,9575.297176065877,222.19402516078685,-246.78404543600305,59.02105656356343
116.80000000000001,A0200,-61282.450310166714,17912.935737656146,5936.875795523283,256.03235355855315,-175.1026589200565,22.62104815330214
116.80000000000001,B0100,34655.5424430991,808.7314369969627,5863.690254984222,-207.2783160253805,1.0201925251630402,1.4148972642864028
116.80000000000001,B0200,34655.70668617672,1352.8497522755497,5863.597482027972,-207.27831602539956,1.0201925251808945,1.4148972642435982
117.0,A0100,-24474.14539070227,-8727.429550335375,9587.13640166333,221.76387645634898,-247.54231530124363,58.27037111624797
117.0,A0200,-61231.5090875098,17877.591716284078,5942.143105086958,255.369594833614,-176.13394475648616,24.33011074609952
117.0,B0100,34614.08501010256,808.9319951832877,5864.110983522029,-207.20280547524987,0.9334790155283175,0.6826182968733446
117.0,B0200,34614.24928414149,1353.056646681427,5864.0181930793715,-207.2028054752692,0.9334790155457928,0.6826182968313522
117.2,A0100,-24429.716428621643,-8776.908009811294,9598.806538186178,221.74599762493384,-248.14660395389984,57.49728294032601
117.2,A0200,-61180.75803838066,17841.98244118745,5947.715470624033,254.5729216834256,-177.54464753724065,25.20269378503895
117.2,B0100,34572.67818439355,809.1491025214582,5864.326789257362,-206.92489167217266,1.0995386784064491,-1.2476780172149873
117.2,B0200,34572.84249190451,1353.280064957793,5864.233979906921,-206.92489167219222,1.099538678424054,-1.247678017255924
117.4,A0100,-24385.32249282327,-8826.491503227517,9610.412761461279,221.2883483287621,-248.6012923279473,57.750437257729445
117.4,A0200,-61130.05639984124,17806.14542062812,5953.3062772258345,254.82943923471657,-178.43854277694612,24.685727619613893
117.4,B0100,34531.29558882632,809.3790714352926,5863.970900834194,-206.96274131625253,1.1186681358619366,-4.401410480546795
117.4,B0200,34531.4599317604,1353.51629205268,5863.878071474941,-206.96274131627146,1.118668135879886,-4.40141048058702
117.60000000000001,A0100,-24341.094285894604,-8876.161178106075,9622.17209123319,220.081537045336,-249.04453067241366,58.95055331502966
117.60000000000001,A0200,-61079.27509846698,17770.156540959542,5958.8095999669895,255.02668639079917,-179.20323353502388,24.81530624851484
117.60000000000001,B0100,34489.8833022881,809.6132780069056,5863.254613481853,-207.05702449947267,1.1319955235454093,-4.199038191166738
117.60000000000001,B0200,34490.04768128712,1353.756730383855,5863.1617637512645,-207.05702449949186,1.1319955235629717,-4.199038191208158
117.80000000000001,A0100,-24297.19785955274,-8925.959341641586,9634.193960034207,218.08859043477108,-249.92129051823093,60.116372484657674
117.80000000000001,A0200,-61028.56087355704,17733.973650616143,5964.49244968918,254.16341100017746,-180.473616509453,26.28330450115023
117.80000000000001,B0100,34448.469225798246,809.8618141652169,5862.864710127727,-207.12780421308574,1.2282494320013926,-2.098498785767112
117.80000000000001,B0200,34448.63364304231,1354.0115265882123,5862.771838794366,-207.1278042131057,1.2282494320180466,-2.098498785809831
118.0,A0100,-24253.674134064655,-8975.96400653883,9646.319654938847,216.59045096870753,-250.96343276006021,60.02482785925138
118.0,A0200,-60978.07366137835,17697.481106716114,5970.42321643715,253.21717611947994,-182.0572951305695,26.89254430591848
118.0,B0100,34407.04788448916,810.1103930879344,5862.919896517127,-206.9718081906068,1.1544334667747347,0.5987187911087438
118.0,B0200,34407.212339987665,1354.266404867134,5862.827003575692,-206.97180819062757,1.1544334667903569,0.5987187910651736
118.2,A0100,-24210.336417073493,-9026.144691135396,9658.350635388466,216.14964268034257,-251.70018196778938,59.277963514659
118.2,A0200,-60927.68789415295,17660.720690367714,5976.372652757116,252.89213782171038,-183.306835583491,26.85919761236604
118.2,B0100,34365.67586482089,810.3376163917692,5863.460661363142,-206.84355951197833,1.0405571071890483,2.288368190454875
118.2,B0200,34365.84035533127,1354.4999617131525,5863.367748646264,-206.84355951199976,1.0405571072036763,2.2883681904112163
118.4,A0100,-24167.025132890907,-9076.453672099862,9670.212255727401,216.1260310718382,-252.29310208693227,58.498272002056474
118.4,A0200,-60877.34546900761,17623.725909829074,5982.30752018885,253.01655716318513,-184.2745109969492,26.49260435691001
118.4,B0100,34324.280131554246,810.5605108819818,5864.080390188939,-207.2242110606075,1.0915380318730603,1.1461937697129267
118.4,B0200,34324.44465641721,1354.7292001291098,5863.987458066878,-207.2242110606288,1.0915380318875711,1.1461937696701285
118.60000000000001,A0100,-24123.748963015765,-9126.864301059817,9682.007505846606,215.6732668993401,-252.7223420758181,58.73388659920192
118.60000000000001,A0200,-60826.94578414014,17586.57459560642,5988.189728158712,253.11545126752677,-185.02289600085513,26.80015126920622
118.60000000000001,B0100,34282.80425580204,810.7817126382215,5864.343732404495,-207.4421792997883,1.050442503832006,-0.5780369277622535
118.60000000000001,B0200,34282.96881476066,1354.9567273949342,5864.2507810234565,-207.44217929980928,1.0504425038465328,-0.578036927804521
118.80000000000001,A0100,-24080.636529935953,-9177.353825008006,9693.951864283987,214.48130642550097,-253.11693635837193,59.91344846624641
118.80000000000001,A0200,-60776.62519290768,17549.241129735907,5994.27300496359,252.2162733574869,-186.20451812628605,28.32902598113709
118.80000000000001,B0100,34241.333437205205,811.0124044554195,5864.285363575653,-207.23058352848724,1.1792083905986501,-2.372069215886663
118.80000000000001,B0200,34241.49803170044,1355.1937163397924,5864.1923921217,-207.23058352850788,1.179208390613315,-2.3720692159282106
119.0,A0100,-24037.853014571956,-9227.959422862597,9706.156016123085,212.49735875249888,-253.92294227921275,61.07459725148562
119.0,A0200,-60726.53864580611,17511.615928914507,6000.613490822689,251.22452462254094,-187.72151442322408,28.98242775596165
119.0,B0100,34199.906135859535,811.2777316876782,5863.808536324121,-207.15817680347803,1.3170134963767721,-4.760393914493329
119.0,B0200,34200.07077115062,1355.4652981666695,5863.715541827638,-207.15817680349863,1.3170134963915507,-4.760393914534333
119.2,A0100,-23995.441961813256,-9278.758754073882,9718.464348079895,210.99383045625984,-254.9145986432567,60.98692199461164
119.2,A0200,-60676.53752374853,17473.744000737897,6006.948866910057,251.3074849453723,-188.70329011320382,28.447577047552898
119.2,B0100,34158.43018561168,811.5541857639782,5862.913070936011,-207.5191927304582,1.4001113792845774,-5.85659172828829
119.2,B0200,34158.59486338777,1355.7479782963437,5862.820052440733,-207.51919273047878,1.4001113792991382,-5.856591728330121
119.4,A0100,-23953.21852909302,-9329.727370242037,9730.678344931006,210.54340055884865,-255.63161207091238,60.23954576255352
119.4,A0200,-60626.46481103581,17435.705727046385,6013.146362161337,251.76288521352745,-189.4399827868512,27.84443826655785
119.4,B0100,34116.892664101164,811.8566926766907,5862.06591830121,-207.79808042959348,1.497301788842073,-4.547180377530252
119.4,B0200,34117.057388319896,1356.0567247634663,5861.972873573808,-207.79808042961432,1.4973017888558084,-4.547180377573093
119.60000000000001,A0100,-23911.02328096756,-9380.8219237544,9742.722150946267,210.51268740662286,-256.2156536706337,59.45140401362069
119.60000000000001,A0200,-60576.30789165984,17397.56144531339,6019.329910443292,252.07685399481267,-189.73018575240008,28.47394366331267
119.60000000000001,B0100,34075.337635787226,812.1475575774439,5861.672217121317,-207.63591882914906,1.2857113532487445,-1.4179092007616914
119.60000000000001,B0200,34075.502404685176,1356.3538708037122,5861.579147156792,-207.63591882917092,1.2857113532612907,-1.4179092008059502
119.80000000000001,A0100,-23868.863912606394,-9432.01564478816,9754.696750535284,210.0592542023829,-256.62642421732966,59.66697723968151
119.80000000000001,A0200,-60526.14284422361,17359.379403735715,6025.773345255824,251.79065396368108,-189.95523078745202,30.312273838488043
119.80000000000001,B0100,34033.82971056758,812.3928503794505,5861.851129117822,-207.49780185670582,1.0982495481348196,0.6590205166790519
119.80000000000001,B0200,34033.99451722111,1356.6054867381608,5861.758037824859,-207.49780185672807,1.0982495481462111,0.6590205166342883
120.0,A0100,-23826.86774465852,-9483.282882837602,9766.815602456618,208.8735415161536,-256.9842714028197,60.819489175693136
120.0,A0200,-60476.13350100633,17321.09145892316,6032.625973710765,250.65106328065178,-190.87179698797755,32.26252618585108
120.0,B0100,33992.31887567286,812.6170151749957,5862.253284502696,-207.64825691644884,1.0723426665561966,0.849627976932125
120.0,B0200,33992.48371687415,1356.8359942730094,5862.160173697519,-207.64825691647098,1.0723426665669944,0.8496279768876397
120.2,A0100,-23785.199200122686,-9534.65636455137,9779.189492821315,206.8926877010748,-257.73196878046633,61.962863512290596
120.2,A0200,-60426.359485485875,17282.565742430474,6039.728077716518,249.71445737179934,-192.17319118354956,32.76854566449647
120.2,B0100,33950.7673006736,812.8492371655702,5862.521181571496,-207.88014545395924,1.1748954111049457,-0.6409933354384239
120.2,B0200,33950.93217764474,1357.0745536698687,5862.428050560589,-207.8801454539814,1.1748954111156493,-0.640993335481823
120.4,A0100,-23743.90343028489,-9586.212713572331,9791.66525751194,205.3832863618234,-258.679580118827,61.867420489134375
120.4,A0200,-60376.677776116405,17243.81471170862,6046.820554217262,249.700301624742,-193.11908119019992,32.29139872821083
120.4,B0100,33909.197499764196,813.1042091523959,5862.4398077737005,-207.68234919089815,1.286248830791424,-2.1044303564254285
120.4,B0200,33909.36241596034,1357.335835849679,5862.346654605421,-207.68234919092032,1.2862488308020283,-2.1044303564682885
120.60000000000001,A0100,-23702.796893914798,-9637.93250535305,9804.04535605201,204.9231839634019,-259.37992554093455,61.113748829595295
120.60000000000001,A0200,-60326.97138947658,17204.904688149538,6053.8511066121755,249.62862016703556,-193.87307026145825,32.599868345177114
120.60000000000001,B0100,33867.6862954522,813.3908218486376,5862.09810924567,-207.5656341717604,1.4560089930760487,-3.68089274486412
120.60000000000001,B0200,33867.85125568204,1357.628727491001,5862.004931205958,-207.5656341717821,1.4560089930866786,-3.680892744906748
120.80000000000001,A0100,-23661.72048762236,-9689.776440582786,9816.25367920355,204.88290101725883,-259.958534684234,60.314612596983125
120.80000000000001,A0200,-60277.38846896596,17165.813097694918,6061.098925404054,248.45588985373837,-195.05344450772424,34.26901400613369
120.80000000000001,B0100,33826.12392492271,813.7007955575609,5861.44522809871,-208.00617156675966,1.52846898886055,-4.593355320155422
120.80000000000001,B0200,33826.28893273021,1357.9449612058434,5861.352023185751,-208.00617156678138,1.5284689888710588,-4.593355320199292
121.0,A0100,-23620.681764893627,-9741.71823432895,9828.389443005552,204.4205634659561,-260.3596430033571,60.50684581706625
121.0,A0200,-60228.10059012047,17126.426608648922,6068.632939677354,247.15544300159794,-196.61208051623288,35.072606762898445
121.0,B0100,33784.50186248464,813.9976856296907,5860.92791578339,-208.05805684378217,1.2973637547418109,-2.0931107134318525
121.0,B0200,33784.666915888374,1358.2481319940198,5860.834685113192,-208.0580568438048,1.2973637547511716,-2.093110713479003
121.2,A0100,-23579.80785426104,-9793.730545011142,9840.663510000508,203.22834308630286,-260.6954445520891,61.62420643185254
121.2,A0200,-60178.954992243394,17086.782968968364,6076.194570542106,246.98864924556875,-197.64686548125414,34.72089965850575
121.2,B0100,33742.920152413644,814.2516586838119,5861.103245717217,-207.83100104203632,1.1938070183885938,1.2471614269574547
121.2,B0200,33743.08524489241,1358.508439086947,5861.009992977562,-207.83100104205994,1.1938070183961402,1.2471614269076559
121.4,A0100,-23539.26269716735,-9845.842478411498,9853.185342758543,201.2407430000494,-261.40044528623196,62.733266640030976
121.4,A0200,-60129.81097617769,17046.964208036472,6083.7123325048815,246.76954149108911,-198.51093047164446,35.06612919010975
121.4,B0100,33701.3510106591,814.5085667731637,5861.721531564466,-207.91757453164936,1.2510701608848034,2.3981737808190426
121.4,B0200,33701.51614266602,1358.7717173283127,5861.628256496209,-207.91757453167347,1.2510701608912926,2.398173780768607
121.60000000000001,A0100,-23499.091732864825,-9898.128831641447,9865.803360925529,199.72327118766464,-262.3123542697671,62.61518259110913
121.60000000000001,A0200,-60080.82766763272,17006.93201200656,6091.435067247188,245.38602710309056,-199.88577846500695,36.56931854378406
121.60000000000001,B0100,33659.76269203394,814.7593894410584,5862.509133935053,-207.96815368857395,1.157084957508523,3.324554053096514
121.60000000000001,B0200,33659.92786264089,1359.0289275959713,5862.415837063507,-207.96815368859842,1.1570849575140914,3.3245540530457927
121.80000000000001,A0100,-23459.1118408664,-9950.573958990177,9878.322192636573,199.2526904951915,-263.00012950749937,61.84782297843966
121.80000000000001,A0200,-60032.172636849384,16966.572731817214,6099.395007892272,243.9823334555154,-201.5492477510961,37.11441120545998
121.80000000000001,B0100,33618.163020150656,814.994706018475,5863.372469728005,-208.09927196003827,1.1153145851963635,2.779810978356189
121.80000000000001,B0200,33618.32822700424,1359.2706400011484,5863.279152383564,-208.09927196006262,1.1153145852014676,2.779810978306549
122.0,A0100,-23419.1643773667,-10003.142174614499,9890.666703194189,199.1992412863576,-263.5776324499795,61.034458726257625
122.0,A0200,-59983.67300804548,16925.94181358209,6107.344245962791,243.76810444957206,-202.63927947488884,36.635399570131554
122.0,B0100,33576.54633921755,815.2202704267966,5864.02128687217,-207.97303632653134,1.0823490345916524,1.667515771254573
122.0,B0200,33576.71158083486,1359.5025844051725,5863.927949890314,-207.973036326556,1.0823490345965945,1.6675157712059478
122.2,A0100,-23379.257838228048,-10055.808372221709,9902.934638311373,198.71674841018674,-263.97973267063,61.19909105861345
122.2,A0200,-59935.14290347567,16885.130215357392,6115.16112745809,244.09085445603998,-203.4249660009562,36.005968793400726
122.2,B0100,33534.98680773075,815.4640843589896,5864.374333532964,-207.72146465699183,1.1887429529421294,-0.9667370795027365
122.2,B0200,33535.152086880466,1359.7527442626906,5864.280975350868,-207.7214646570166,1.1887429529476319,-0.9667370795498781
122.4,A0100,-23339.520648962964,-10108.544945425541,9915.333523733243,197.5006179266334,-264.3110795927926,62.27099329696328
122.4,A0200,-59886.56368941892,16844.1960600425,6122.964484605724,244.16463058978144,-203.84320166787097,36.67227515561062
122.4,B0100,33493.45033183288,815.6938387493046,5863.865225313193,-207.56044955562658,1.029171035953099,-6.387640504474211
122.4,B0200,33493.61564637505,1359.9887670679436,5863.771847138547,-207.56044955565028,1.0291710359602138,-6.387640504519037
122.60000000000001,A0100,-23300.11670424437,-10161.378366309713,9927.969707184464,195.49227568017452,-264.9921587045557,63.32474743743798
122.60000000000001,A0200,-59838.03632805759,16803.191731945677,6131.0314293409065,243.52923013508388,-204.2562407556434,38.49041921643626
122.60000000000001,B0100,33451.96304981699,815.90482472033,5862.466639355831,-207.2811827417775,1.0248737449954561,-8.98049960501046
122.60000000000001,B0200,33452.12839689123,1360.2059376270572,5862.373242807536,-207.28118274180096,1.0248737450030596,-8.980499605055941
122.80000000000001,A0100,-23261.09003011815,-10214.380677260106,9940.69209954247,193.9629851648929,-265.8784732072672,63.165216083070675
122.80000000000001,A0200,-59789.74646482076,16762.042531745414,6139.497931767361,241.92937198324486,-205.3798983625573,40.41381481704522
122.80000000000001,B0100,33410.507645565056,816.1319200241542,5860.893081074064,-207.28288682870945,1.1307599601972027,-8.813493543399897
122.80000000000001,B0200,33410.6730276187,1360.4391976553761,5860.799664767597,-207.2828868287333,1.1307599602037492,-8.813493543447937
123.0,A0100,-23222.25667972892,-10267.538525155956,9953.30901915612,193.48052756701912,-266.5587257435763,62.37484000430704
123.0,A0200,-59741.77832710849,16720.616678272258,6148.20988486116,240.62433330169384,-206.83771430382862,40.8953583866564
123.0,B0100,33369.008496398426,816.3701902947214,5859.4574633594275,-207.57800450437676,1.1331991623356963,-7.306973354821362
123.0,B0200,33369.173915131236,1360.6836511384936,5859.364026334681,-207.57800450440092,1.133199162340782,-7.3069733548718965
123.2,A0100,-23183.458556717495,-10320.819313025695,9965.747852426959,193.40910198079402,-267.1403621982107,61.543062439269676
123.2,A0200,-59693.95881969516,16678.94459863301,6156.908362237202,240.40737773640097,-207.85353260968725,40.419880489478736
123.2,B0100,33327.502064705084,816.5838311548105,5858.5924258134855,-207.30678005469028,0.8885123924083705,-2.950441372165239
123.2,B0200,33327.66751637738,1360.9035252955855,5858.498970181743,-207.30678005471609,0.8885123924109036,-2.950441372219092
123.4,A0100,-23144.706488806918,-10374.199923257163,9978.105195512568,192.89172979810402,-267.55615102671106,61.67417652126016
123.4,A0200,-59646.1550543183,16637.09717668545,6165.54605919262,240.07982291866077,-208.72823392444195,40.70230340111285
123.4,B0100,33286.097072290446,816.7712844534035,5858.707498193138,-206.80798342111902,0.9182960275117354,1.300175043732331
123.4,B0200,33286.26255292683,1361.0972806072223,5858.61402620206,-206.80798342114625,0.9182960275114428,1.300175043676533
123.60000000000001,A0100,-23106.132120828945,-10427.654151850222,9990.584222564818,191.6290678972615,-267.9037363004275,62.68682843824519
123.60000000000001,A0200,-59598.540948191134,16595.036806022094,6174.376652560106,238.52032237067223,-210.08266154550088,42.145796316838386
123.60000000000001,B0100,33244.74364856524,816.9689016517277,5859.314004023494,-206.83568734283764,0.9343917584491728,2.240999584656378
123.60000000000001,B0200,33244.90915971364,1361.3012341636531,5859.220514795517,-206.83568734286533,0.9343917584476045,2.240999584601039
123.80000000000001,A0100,-23067.89986304048,-10481.206956296077,10003.285905601499,189.581720498774,-268.58278742871653,63.65823802328782
123.80000000000001,A0200,-59551.29112639102,16552.65591999115,6183.432597925548,236.95399347098393,-211.71279950251267,42.64727406647978
123.80000000000001,B0100,33203.35983561461,817.156271857797,5859.968880130169,-207.0399571513385,0.8332547857637125,1.9387849083640893
123.80000000000001,B0200,33203.52537571754,1361.494949501497,5859.875374549323,-207.03995715136602,0.8332547857615341,1.9387849083098183
124.0,A0100,-23030.050133167875,-10534.926502495779,10016.05836832058,188.0356357566579,-269.4551453483376,63.43359562940869
124.0,A0200,-59504.22213891439,16510.007835524448,6192.473111261221,236.63981604377162,-212.79288829076867,42.1645482993562
124.0,B0100,33161.94365329182,817.3093796324629,5860.49702157998,-207.07900192361376,0.6302430190521642,1.3295924637861716
124.0,B0200,33162.109217143,1361.6543964469874,5860.403502581688,-207.0790019236416,0.6302430190494868,1.3295924637330507
124.2,A0100,-22992.396517919336,-10588.799999860512,10028.715605832149,187.5395586778574,-270.13374124466304,62.608540713262265
124.2,A0200,-59457.13922756869,16467.179614426947,6201.3826746021805,236.88794450645338,-213.57825883255143,41.549504535304244
124.2,B0100,33120.54579183564,817.4477996677742,5860.869068413851,-206.9328076233553,0.6917867906789213,-0.19161559231125827
124.2,B0200,33120.71137720448,1361.7991394707897,5860.7755372623415,-206.93280762338313,0.6917867906761231,-0.19161559236225265
124.4,A0100,-22954.78155144642,-10642.797352989428,10041.18944015074,187.4441080857912,-270.7256904976705,61.752728564009516
124.4,A0200,-59410.02298232322,16424.230098038686,6210.281680209377,236.87437606927878,-213.98200274340195,42.23056390973699
124.4,B0100,33079.16893171334,817.607505033584,5860.6887049639045,-206.85302072143077,0.7261618459275141,-4.148835281075653
124.4,B0200,33079.334541829776,1361.9651172160939,5860.595159834747,-206.85302072145814,0.7261618459261261,-4.148835281124037
124.60000000000001,A0100,-22917.22015707912,-10696.89839466906,10053.575565462468,186.87326523035648,-271.17010532387525,61.84145650168215
124.60000000000001,A0200,-59362.9779301995,16381.216619520317,6219.446211766972,236.13164106501392,-214.34521612971676,44.05442057443639
124.60000000000001,B0100,33037.77607892483,817.7446734350851,5859.593053712319,-207.0777914276697,0.6001375414902849,-8.564067810914656
124.60000000000001,B0200,33037.941710356354,1362.1084818602685,5859.499496543303,-207.077791427696,0.6001375414903432,-8.56406781096178
124.80000000000001,A0100,-22879.84959108998,-10751.080240368867,10066.071336758685,185.5359063442718,-271.55780083879597,62.77544939310961
124.80000000000001,A0200,-59316.194660949084,16338.072699814002,6229.0092854285795,234.3975207852915,-215.38072704862503,45.96462345979305
124.80000000000001,B0100,32996.32066033029,817.8707570257211,5857.971417148106,-207.34527655486647,0.5509703496229706,-8.97470903299206
124.80000000000001,B0200,32996.48631139215,1362.2407260523778,5857.877848890865,-207.34527655489262,0.5509703496226454,-8.974709033041211
125.0,A0100,-22842.835382842906,-10805.36751678145,10078.769505347684,183.42747853095545,-272.2593977547779,63.62919264418721
125.0,A0200,-59269.75891636099,16294.669321976216,6238.814612916602,232.97746583487876,-216.76463058260904,46.43645351259002
125.0,B0100,32954.852212884354,817.9834952157707,5856.689654596556,-207.24294200414042,0.5210641791715386,-5.755575135572052
125.0,B0200,32955.01788154957,1362.359655996228,5856.596076396036,-207.24294200416787,0.5210641791688079,-5.755575135623786
125.2,A0100,-22806.21151314805,-10859.823114818277,10091.51607576257,181.85919314961976,-273.1303788313313,63.30988725720954
125.2,A0200,-59223.490340149314,16251.030286149413,6248.606210254409,232.68540263025017,-217.74834266540498,45.969170174203924
125.2,B0100,32913.4137227494,818.1204909332191,5856.07586800239,-207.1448212960534,0.7341402347969747,-2.7708657905603054
125.2,B0200,32913.5794127063,1362.5028962528504,5855.982277775225,-207.14482129608155,0.7341402347917625,-2.7708657906135694
125.4,A0100,-22769.78708610279,-10914.432859003326,10104.133377451551,181.34790307613991,-273.81368869463904,62.435792634866516
125.4,A0200,-59177.25190436184,16207.221621087127,6258.338924953234,232.2752946241514,-218.582106764915,46.258077245494306
125.4,B0100,32872.0043526247,818.2890062385286,5856.0406517958545,-206.83107632441042,0.8609143754945169,0.5099749729114885
125.4,B0200,32872.17006866857,1362.6777013358696,5855.947046833429,-206.83107632443992,0.8609143754869324,0.5099749728569121
125.60000000000001,A0100,-22733.40540950804,-10969.168559401172,10116.559988726374,181.22130098103074,-274.4229974569678,61.548170131256
125.60000000000001,A0200,-59131.22306677925,16163.214174168337,6268.264177758148,230.59894364785268,-219.8361169163014,47.69492466127193
125.60000000000001,B0100,32830.6798103925,818.478055772508,5856.608780831673,-206.51527847740567,0.9207156391758289,2.7075222420778733
125.60000000000001,B0200,32830.845555646236,1362.8730795466836,5856.515159370008,-206.51527847743588,0.9207156391664453,2.7075222420231952
125.80000000000001,A0100,-22697.08769965702,-11024.014148824572,10128.890690552395,180.57446997103867,-274.913233032277,61.580601069142645
125.80000000000001,A0200,-59085.582417022044,16118.908137879851,6278.413096879842,228.92312693812318,-221.3694582134507,48.19440210678567
125.80000000000001,B0100,32789.36410126758,818.6724123750464,5857.339200241002,-206.75364951624474,0.904317283210102,1.9428862784091918
125.80000000000001,B0200,32789.52987653791,1363.0737774127283,5857.245561824411,-206.75364951627475,0.9043172832002622,1.9428862783558367
126.0,A0100,-22660.97966767147,-11078.952200994643,10141.314825427327,179.12910515498342,-275.36770889397917,62.40768215414601
126.0,A0200,-59040.14017518381,16074.348394744826,6288.547574236625,228.5373953436185,-222.4083863125631,47.72417774983369
126.0,B0100,32747.978923438466,818.8529698171187,5857.7302592840515,-207.12341574088984,0.8354218684161332,-0.32809495045166925
126.0,B0200,32748.144726626117,1363.2606575468253,5857.636605097257,-207.12341574091946,0.8354218684064696,-0.3280949505031666
126.2,A0100,-22625.24842821598,-11134.008122925998,10153.9133905956,176.93530942970241,-276.11785751506613,63.097317531025986
126.2,A0200,-58994.69642381589,16029.613649014078,6298.554569393833,228.72761807881056,-223.17377651184805,47.13091998487533
126.2,B0100,32706.538623671135,819.0281613817788,5857.6254454610735,-207.15012360209843,0.8360006000210048,-2.650239745249368
126.2,B0200,32706.704453960265,1363.4421376170467,5857.531775965963,-207.15012360212782,0.8360006000114634,-2.6502397452997344
126.4,A0100,-22589.91791627331,-11189.23775331639,10166.529173093457,175.34055664064851,-276.9997938746315,62.6470432419234
126.4,A0200,-58949.23044729744,15984.76393675583,6308.554564705704,228.65925677663265,-223.52956651106234,47.82416860773448
126.4,B0100,32665.14748470109,819.214584155905,5857.092819248281,-206.71473369855022,0.9596060491605547,-4.9774049528643145
126.4,B0200,32665.31334379228,1363.6348047014199,5856.999133484287,-206.7147336985797,0.9596060491511522,-4.977404952913422
126.60000000000001,A0100,-22554.790475010053,-11244.623458116093,10178.996451192219,174.8134542949172,-277.6940853446185,61.706725157480555
126.60000000000001,A0200,-58903.8467651669,15939.864528160491,6318.821239723591,227.85712659770857,-223.796553477808,49.65088931953608
126.60000000000001,B0100,32623.826867679745,819.4337148213999,5856.01947039317,-206.5944619247148,1.095466648986143,-8.013794469956753
126.60000000000001,B0200,32623.992760542067,1363.8601225435632,5855.925765553498,-206.59446192474365,1.0954666489774987,-8.013794470004983
126.80000000000001,A0100,-22519.71049793053,-11300.138442318934,10191.263288761249,174.64801919003028,-278.3283724220643,60.776439464963
126.80000000000001,A0200,-58858.73021036989,15894.860891610246,6329.473666530146,226.15124222293477,-224.65369313314955,51.39073619844851
126.80000000000001,B0100,32582.464437074203,819.6688250448806,5854.391287411909,-206.94214175525866,1.1627090157328488,-9.814909516332621
126.80000000000001,B0200,32582.630366133344,1364.1013786756594,5854.297562128544,-206.94214175528663,1.162709015724152,-9.81490951638216
127.0,A0100,-22484.70813307801,-11355.772090297869,10203.422968266139,173.89953256312296,-278.883392028146,60.730568361392514
127.0,A0200,-58813.94768936098,15849.639409020798,6340.327235779201,224.8080174375428,-225.84151495988692,51.686403906377876
127.0,B0100,32541.04582828483,819.9032910101396,5852.759968549028,-207.07281426708045,1.0542616966932892,-7.883206937123249
127.0,B0200,32541.21179344186,1364.3419988153746,5852.6662228757195,-207.07281426710952,1.0542616966830745,-7.8832069371760625
127.2,A0100,-22449.940699626168,-11411.51468465781,10215.653520404016,172.30964433715062,-279.43274265369945,61.40925820843546
127.2,A0200,-58769.32176524088,15804.208611329603,6351.143209061498,224.5322556089583,-226.74955468361,51.14310899686239
127.2,B0100,32499.671889134625,820.1164789428294,5851.889371599615,-206.48963621887364,1.1227149455983212,-2.524351717252958
127.2,B0200,32499.837887161695,1364.5613994334217,5851.795607356404,-206.48963621890462,1.1227149455843501,-2.5243517173098864
127.4,A0100,-22415.576920927593,-11467.393214629563,10228.019937405445,170.00748143242623,-280.25626919794666,61.874249498502074
127.4,A0200,-58724.727024813794,15758.619753005354,6361.889558844261,224.09617894659658,-227.51448014164447,51.39612065429629
127.4,B0100,32458.45637641204,820.4362493488406,5852.082484405735,-205.75213085615087,1.9416537389327726,1.636124410186471
127.4,B0200,32458.622423511726,1364.8874497549787,5851.9886924469865,-205.75213085618387,1.9416537389152215,1.6361244101283903
127.60000000000001,A0100,-22381.626214502317,-11523.454227795584,10240.361448307689,168.38569271036678,-281.1592316054505,61.249841924591095
127.60000000000001,A0200,-58680.34959281566,15712.853510409659,6372.824696039126,222.3671036055,-228.62427633786155,52.83375444849543
127.60000000000001,B0100,32417.324603790745,820.8665078990489,5852.700194079662,-205.65744398920623,2.196714329429511,2.0206288070921725
127.60000000000001,B0200,32417.490716750875,1365.324011939685,5852.606364918474,-205.6574439892397,2.1967143294109586,2.020628807034731
127.80000000000001,A0100,-22347.88191752647,-11579.67464242713,10252.529194889248,167.84434393625176,-281.8697124816932,60.223788585834924
127.80000000000001,A0200,-58636.37458494358,15666.818119973927,6383.987821511993,220.6097805034818,-230.03463410656371,53.37029294288218
127.80000000000001,B0100,32376.169812161555,821.303892391903,5853.115841836634,-205.972696463578,1.9927513828004684,-0.4452379739722111
127.80000000000001,B0200,32376.335992068438,1365.767686220739,5853.021974861538,-205.9726964636111,1.9927513827825982,-0.44523797402784776
128.0,A0100,-22314.19014519287,-11636.028775155724,10264.483789880162,167.6329418004065,-282.5364776787338,59.2359807531866
128.0,A0200,-58592.611864399325,15620.546135140656,6395.14302391962,220.16518160128285,-231.0194589090258,52.929383133977765
128.0,B0100,32334.946941413455,821.6722964648616,5852.873183379226,-206.20001998883282,1.6147592275888842,-4.192310592141944
128.0,B0200,32335.113177779935,1366.1423339219455,5852.779284512841,-206.2000199888652,1.6147592275723137,-4.192310592195696
128.20000000000002,A0100,-22280.561654635403,-11692.512532702396,10276.285744064397,167.27161460793673,-283.1265247793257,58.71188164157659
128.20000000000002,A0200,-58548.90912172402,15574.101656647203,6406.241782291894,219.57181035603037,-231.8835818758292,53.18360560525454
128.20000000000002,B0100,32293.694441605243,821.979176083827,5851.820806046173,-206.240268742413,1.391109965979919,-8.371735633572534
128.20000000000002,B0200,32293.86072507604,1366.4553921651368,5851.726880572844,-206.24026874244458,1.3911099659645398,-8.371735633624793
128.4,A0100,-22246.997836884304,-11749.07919517746,10288.054590063826,166.870318970584,-283.35459919476614,59.01166712752552
128.4,A0200,-58505.46098665047,15527.451788063881,6417.506859405377,217.64443558558875,-233.1590029715128,54.39438076338752
128.4,B0100,32252.453933714023,822.2483638232279,5850.104353572606,-206.0584073395218,1.2083940719195763,-10.136292292855261
128.4,B0200,32252.620258555893,1366.7306997073392,5850.01040472969,-206.05840733955313,1.2083940719043003,-10.136292292908347
128.6,A0100,-22213.55367374538,-11805.66060793585,10299.974441557935,166.05821347138414,-283.29502217441797,60.189070169036164
128.6,A0200,-58462.443351223454,15480.506310408964,6428.941189312754,215.81409602185565,-234.6520291905666,54.64245832572086
128.6,B0100,32211.242704880373,822.4871439022099,5848.378032945773,-206.00553780641425,1.1159371111266785,-8.997654241276864
128.6,B0200,32211.40906647256,1366.9755942896627,5848.284063343317,-206.005537806446,1.1159371111100964,-8.997654241332786
128.8,A0100,-22180.35093294564,-11862.235655667255,10312.181122954416,164.46103091796903,-283.38166549572463,61.661745407076204
128.8,A0200,-58419.64638694907,15433.312526150934,6440.3253600713615,215.33705634935293,-235.68448953650767,54.06005860818496
128.8,B0100,32170.02467987749,822.7318825393304,5846.95091955098,-206.1619140552487,1.223565685374856,-7.485639038843748
128.8,B0200,32170.191079129152,1367.226474147932,5846.856928676509,-206.16191405528107,1.2235656853567225,-7.485639038901961
129.0,A0100,-22147.50601196073,-11918.87587268125,10324.59368548841,162.5164864552267,-283.92974888416114,62.23160980845467
129.0,A0200,-58376.86887720405,15385.939960140837,6451.571235176369,215.3875704492385,-236.49461223712123,53.457697024786135
129.0,B0100,32128.760431565315,822.9885741718917,5845.835125249974,-206.36838125045796,1.2522534198961428,-5.392765950879583
129.0,B0200,32128.92687029478,1367.4893407491818,5845.741112076403,-206.3683812504914,1.2522534198761635,-5.392765950940166
129.20000000000002,A0100,-22115.037588500796,-11975.65826565594,10337.015199929505,160.93364995655566,-284.70384139235045,61.792854245230096
129.20000000000002,A0200,-58334.10851134005,15338.436274227512,6462.809763772017,215.05529511532745,-236.97649940152354,54.14028468869098
129.20000000000002,B0100,32087.504248430156,823.2376785238303,5845.3336628905945,-206.05436084325154,1.1211306532331817,-1.601954385324017
129.20000000000002,B0200,32087.670725488962,1367.7446715784663,5845.239628069845,-206.05436084328653,1.121130653211006,-1.6019543853868796
129.4,A0100,-22082.77667724166,-12032.58368893656,10349.289567855176,160.36798125010282,-285.36472428404926,60.8491593459053
129.4,A0200,-58291.494635844385,15290.850559247148,6474.30144761076,213.89158272702372,-237.42727863371255,55.82760403385109
129.4,B0100,32046.318870441402,823.4545690117684,5845.478170891789,-205.88993541310396,0.9662687919621054,0.6141443251836056
129.4,B0200,32046.485380936523,1367.9678332298972,5845.384117183417,-205.8899354131396,0.9662687919383194,0.614144325120992
129.6,A0100,-22050.567879784452,-12089.634156962553,10361.359220066466,160.20560845933414,-285.9757561248284,59.881310396052875
129.6,A0200,-58249.228080827925,15243.125615123783,6486.140484943717,211.7464092003969,-238.45281619526645,57.38291044225588
129.6,B0100,32005.128220938586,823.654623874414,5845.848114713595,-206.05314183114874,0.9440492381554202,0.6870848712210655
129.6,B0200,32005.294762313006,1368.1741794104964,5845.754043560866,-206.05314183118443,0.9440492381309239,0.687084871159864
129.8,A0100,-22018.428698823547,-12146.793938051578,10373.313177140002,159.53497973636678,-286.45176798303896,59.797576833372986
129.8,A0200,-58207.376064935816,15195.15278701378,6498.148498880495,210.06592471027102,-239.75632887341388,57.54003908174763
129.8,B0100,31963.894741421605,823.8501201123381,5846.054237655222,-206.28303203401993,0.9356270738363734,-0.9383471882908678
129.8,B0200,31964.061312982303,1368.3759594126313,5845.9601494517265,-206.2830320340555,0.9356270738116998,-0.9383471883502149
130.0,A0100,-21986.502499210485,-12204.039000156943,10385.336122544762,158.08233963944926,-286.84268468541165,60.50482512311239
130.0,A0200,-58165.73187239054,15146.954529208713,6510.097775761482,209.60222778211673,-240.72557536642208,56.933575825255964
130.0,B0100,31922.645598870717,824.0486091915882,5845.888255701942,-206.07333958552667,0.970972758055332,-2.514054533660671
130.0,B0200,31922.812201071603,1368.5807026972525,5845.794150192363,-206.07333958556256,0.9709727580304992,-2.514054533718862
130.20000000000002,A0100,-21954.95494540832,-12261.381421763323,10397.513651430138,155.86307377655274,-287.45832626587054,61.122330639305886
130.20000000000002,A0200,-58124.10375241628,15098.586734850913,6521.90133636598,209.68852037801423,-241.48745440448872,56.278421637560534
130.20000000000002,B0100,31881.455007842625,824.2658257558505,5845.434081582614,-205.96440156444302,1.0744683165077875,-4.255026782582065
130.20000000000002,B0200,31881.621643525665,1368.804139829128,5845.339957159516,-205.9644015644786,1.0744683164830895,-4.255026782639499
130.4,A0100,-21923.815803690584,-12318.871615272856,10409.697768457261,154.22058134124623,-288.2337123377649,60.629652660561916
130.4,A0200,-58082.47806541609,15050.1044317501,6533.686577897377,209.47462952434537,-241.83395887564862,56.91573091109829
130.4,B0100,31840.211469587863,824.4944183589232,5844.633753991091,-206.41877069896432,1.1143999781180998,-5.343520185284206
130.4,B0200,31840.378140479595,1369.0389313327378,5844.539609680307,-206.41877069899925,1.1143999780930383,-5.343520185342072
130.6,A0100,-21892.890162631837,-12376.504414296816,10421.726145347851,153.63966987920364,-288.89320489041285,59.65733146019285
130.6,A0200,-58040.96604107216,15001.580289666425,6545.725501805318,208.50452500640017,-242.02190299935341,58.66993327262208
130.6,B0100,31798.903224679656,824.7132113865882,5843.9380572022965,-206.50648115700807,0.9613739815250051,-2.9774107599428046
130.6,B0200,31799.069929293437,1369.2639420740215,5843.8438938446325,-206.50648115704413,0.961373981498312,-2.977410760002592
130.8,A0100,-21862.021010969933,-12434.263225547682,10433.546513545854,153.43960975507258,-289.5172231882573,58.67701021922987
130.8,A0200,-57999.757182311805,14952.97756241956,6558.132502572691,206.60663009876643,-242.71363485104962,60.31420786546208
130.8,B0100,31757.6258007277,824.9134614040831,5843.910221769478,-206.32328480259076,0.9585373831991398,0.2648923742740782
130.8,B0200,31757.79253624798,1369.4704624517854,5843.816040954229,-206.32328480262817,0.9585373831702789,0.2648923742129438
131.0,A0100,-21831.23542587029,-12492.137479330755,10445.245763455323,152.66292900208904,-290.04390104954865,58.5405598780975
131.0,A0200,-57958.91836333116,14904.189756481173,6570.722880228041,205.10107611369827,-243.76043058148065,60.54252175542223
131.0,B0100,31716.356395288625,825.1175652044731,5844.320951182772,-206.41565881848177,0.9641900235403921,1.4447441083372903
131.0,B0200,31716.523162304846,1369.6808730402063,5844.226752575925,-206.41565881851952,0.9641900235102728,1.4447441082759913
131.20000000000002,A0100,-21800.689663450223,-12550.111122971422,10456.994404677542,151.05432598975213,-290.5217657208956,59.100486202352634
131.20000000000002,A0200,-57918.26345756487,14855.211866211961,6583.266909326325,204.70646346334007,-244.61495840316263,59.97828254207178
131.20000000000002,B0100,31675.066572060176,825.3079152713435,5844.9045959545765,-206.47445503975493,0.8391272171181212,2.3741385448602936
131.20000000000002,B0200,31675.23336848624,1369.8775478377283,5844.810380737674,-206.4744550397933,0.8391272170868951,2.374138544798854
131.4,A0100,-21770.496484593128,-12608.19687987148,10468.81824251818,149.50162364413154,-291.12786599718396,59.07969982047224
131.4,A0200,-57877.66364599109,14806.084207148459,6595.736841398695,204.1304495487629,-245.31973758118247,60.18908704281906
131.4,B0100,31633.764046919852,825.4724187746087,5845.563447141241,-206.60484463907468,0.7415219168067094,1.8434792636948967
131.4,B0200,31633.930868822776,1370.0483844598584,5845.469217530488,-206.60484463911277,0.7415219167749278,1.8434792636344457
131.6,A0100,-21740.494412708016,-12666.397597503239,10480.554020558571,149.0488564447554,-291.6815832457632,58.316052914849855
131.6,A0200,-57837.313933743935,14756.80192130743,6608.380070444418,202.21500605753272,-246.257227450858,61.52208448158617
131.6,B0100,31592.4455027676,825.6292297476666,5846.011547148586,-206.50412747682577,0.7539434767945965,0.6208595835150421
131.6,B0200,31592.612348982228,1370.2115128968308,5845.917303807466,-206.50412747686406,0.7539434767626063,0.6208595834554974
131.8,A0100,-21710.558641063115,-12724.703634798689,10492.145932055528,148.45044952492646,-292.20607034674833,57.887433323660176
131.8,A0200,-57797.403586123546,14707.290333950194,6621.229318463153,200.28809807784387,-247.48536206833398,61.97111806770291
131.8,B0100,31551.158363163104,825.8043775966489,5846.063986725232,-206.41378086800458,0.8675400406314568,-2.563597433846541
131.8,B0200,31551.325236471515,1370.392939471909,5845.969728082284,-206.4137808680424,0.8675400406002103,-2.5635974339045697
132.0,A0100,-21680.852014562362,-12783.120556824048,10503.72254448727,146.78721018015816,-292.7979705283639,58.06997806939039
132.0,A0200,-57757.73355662996,14657.566669146181,6634.059289271721,199.72230917612995,-248.40131433898392,61.50147116280145
132.0,B0100,31509.860410463887,825.9924815568975,5845.3661575131355,-206.58145866760864,0.9268811894287994,-6.061404359310251
132.0,B0200,31510.027312829974,1370.5872594023058,5845.271882455849,-206.58145866764568,0.9268811893983239,-6.061404359368012
132.20000000000002,A0100,-21651.510273831736,-12841.673000036124,10515.29425795568,145.19775827604116,-293.49985637022314,57.68783792011938
132.20000000000002,A0200,-57718.14797154648,14607.681144674432,6646.826900169879,198.9858668084981,-249.1936929865615,61.70402168477945
132.20000000000002,B0100,31468.516662865688,826.1791838448971,5844.296402596421,-206.7267779462657,0.800706518242253,-5.86763460889233
132.20000000000002,B0200,31468.68359407479,1370.7801526912026,5844.202111246041,-206.72677794630292,0.8007065182111964,-5.867634608952603
132.4,A0100,-21622.364016734697,-12900.355074324742,10526.725004079915,144.72621821377342,-294.10917433929546,56.7518341797239
132.4,A0200,-57678.85003042575,14557.615493105564,6659.742622135425,196.8742497348533,-250.28432004065473,62.7936920773723
132.4,B0100,31427.185288548557,826.3329750729299,5843.6228070818615,-206.5487316942994,0.6899244651042745,-2.7893667333423804
132.4,B0200,31427.35224360274,1370.940167047329,5843.528502264691,-206.548731694338,0.6899244650711378,-2.7893667334054295
132.6,A0100,-21593.264792758815,-12959.156566906458,10537.95762235783,144.50654785971784,-294.70763782596447,55.85194677858654
132.6,A0200,-57640.017697884534,14507.295757582287,6672.802621369447,194.88749780775134,-251.59151477026765,62.94272007558549
132.6,B0100,31385.89464759643,826.4964625433659,5843.546663427847,-206.37166724485058,0.8217452818231383,-0.4707938165573958
132.6,B0200,31386.061627972325,1371.109922741487,5843.452344305528,-206.37166724489038,0.8217452817882908,-0.47079381662123293
132.8,A0100,-21564.248103686525,-13018.06524133334,10549.085610309512,143.7735942400202,-295.1727000675209,55.79436761051324
132.8,A0200,-57601.43195378712,14456.752533020692,6685.799449057871,194.296369970417,-252.554347556481,62.325004165684355
132.8,B0100,31344.629678184334,826.6705108552487,5843.764792872198,-206.30292023680644,0.8286891203526021,0.7277172012076751
132.8,B0200,31344.796685487658,1371.290260635329,5843.67045853988,-206.30292023684694,0.8286891203165209,0.7277172011439657
133.0,A0100,-21535.45710383365,-13077.057476085205,10560.278162571805,142.25750949955008,-295.5558043146515,56.42691779582849
133.0,A0200,-57562.88753778024,14406.037719207372,6698.65414830872,194.2319193082263,-253.3447761064305,61.711076799415125
133.0,B0100,31303.343989735968,826.8450130825076,5844.065581308705,-206.64757318031192,0.8021196505556726,-0.3076814827839494
133.0,B0200,31303.511024034873,1371.4710626867072,5843.97123172682,-206.64757318035205,0.8021196505191356,-0.3076814828469511
133.20000000000002,A0100,-21507.053307743558,-13136.142433407469,10571.59950888796,140.0274798590936,-296.1253018771298,56.87397156065306
133.20000000000002,A0200,-57524.38614407361,14355.196478350459,6711.496316387656,193.75027515998926,-253.79414434498602,62.346625723410554
133.20000000000002,B0100,31261.9846159575,826.9999476851062,5844.020063486871,-206.8346732839251,0.6901865463619828,-2.0102619755730466
133.20000000000002,B0200,31262.151674279496,1371.6322785857592,5843.9257003365765,-206.83467328396512,0.6901865463253896,-2.010261975635673
133.4,A0100,-21479.05355427672,-13195.362718450659,10582.895025772092,138.4240292566041,-296.836341365863,56.24717502674869
133.4,A0200,-57486.06346209277,14304.284713669113,6724.575721581368,192.41673210149162,-254.1530522174085,63.92481775138109
133.4,B0100,31220.643075461754,827.1525601752892,5843.678629270742,-206.53896654049237,0.7555943265849213,-3.6119379762914043
133.4,B0200,31220.810157450134,1371.7911442612676,5843.584252753524,-206.53896654053253,0.7555943265483659,-3.6119379763538206
133.6,A0100,-21451.260514721795,-13254.7167901277,10594.014988057055,137.86480452651713,-297.472697054248,55.20478522321455
133.6,A0200,-57448.12172513118,14253.262179789424,6737.973404553999,190.10560709419107,-254.99266926011856,65.31184575755248
133.6,B0100,31179.357266958854,827.325455478438,5842.930420070146,-206.42422999227992,0.8181691928784617,-6.039377980196415
133.6,B0200,31179.52437569279,1371.9702493632012,5842.836028445661,-206.4242299923195,0.8181691928423683,-6.039377980258647
133.8,A0100,-21423.525135643144,-13314.195919409189,10604.916670481602,137.62431035444843,-298.1064011368585,54.180347903788046
133.8,A0200,-57410.62369983354,14202.029279496557,6751.50884063101,188.29765000359228,-256.132757372421,65.346291145897
133.8,B0100,31138.028192524034,827.4958380110784,5841.741963905284,-206.7866443157835,0.842918263096736,-7.308836597928142
133.8,B0200,31138.195327616908,1372.1468104783817,5841.647557390843,-206.78664431582288,0.8429182630603177,-7.308836597991019
134.0,A0100,-21395.859106548116,-13373.797683860043,10615.655902817663,137.22688944797846,-298.669430620926,53.59836053891736
134.0,A0200,-57373.35525869955,14150.593072694384,6764.968319257565,187.73361046395138,-257.040739272755,64.68658065892421
134.0,B0100,31096.632929258303,827.6837939900543,5840.570079243824,-207.10241029707498,0.9115651469828358,-6.126148893949036
134.0,B0200,31096.80009338748,1372.340956523347,5840.475656328184,-207.1024102971149,0.911565146945058,-6.1261488940130056
134.20000000000002,A0100,-21368.264983133096,-13433.481478948146,10626.349136776624,136.7926540142338,-298.90797283509403,53.82257611843688
134.20000000000002,A0200,-57336.12336591687,14098.9926786508,6778.275992014809,187.7051748326028,-257.7956000095716,64.01460053772998
134.20000000000002,B0100,31055.206469706376,827.8601875008426,5839.85959654177,-207.0336693325399,0.6973759886032396,-2.6317339145989695
134.20000000000002,B0200,31055.373661111393,1372.5235844452764,5839.765158219328,-207.03366933258124,0.6973759885631424,-2.6317339146645824
134.4,A0100,-21340.795275440316,-13493.182852996457,10637.174247542838,135.96797546543164,-298.8606072892874,54.88240124979472
134.4,A0200,-57298.920916341376,14047.278124380704,6791.559593268117,187.33010783993657,-258.14328651981714,64.6026841688585
134.4,B0100,31013.829657363887,827.9668673561846,5839.915201315662,-206.6871508275217,0.2936802313844717,0.998583342676686
134.4,B0200,31013.996865460977,1372.6365569282061,5839.820753566813,-206.68715082756466,0.29368023134212207,0.9985833426099641
134.6,A0100,-21313.565915093055,-13552.873597643811,10648.259279295014,134.3822256572251,-298.8796328444242,56.21687193259465
134.6,A0200,-57261.867825576184,13995.52390729713,6805.079569468533,186.1696518388045,-258.29652558558536,66.23270850298891
134.6,B0100,30972.519573404286,828.008566940207,5840.547314026198,-206.5214114891914,0.05632048670258154,3.0102942205882925
134.6,B0200,30972.68678831801,1372.6845884859595,5840.4528624237555,-206.5214114892348,0.056320486658588166,3.01029422052164
134.8,A0100,-21286.691567975242,-13612.608242023254,10659.523388014073,132.45774577287838,-299.28447019132483,56.65251763263331
134.8,A0200,-57225.155008138456,13943.70699973579,6818.933347825765,184.09717596241217,-258.86675620704654,67.6744896713806
134.8,B0100,30931.206097082333,828.0241407022004,5841.388305942068,-206.67262779269288,0.01811794180609854,3.079468721223591
134.8,B0200,30931.373314845758,1372.7065126675807,5841.29385273104,-206.67262779273653,0.018117941761207405,3.079468721157857
135.0,A0100,-21260.19066940471,-13672.453779064093,10670.772712749238,130.87734295629556,-299.9160099737559,56.11542145966759
135.0,A0200,-57188.84083716702,13891.731785892807,6832.9319153424985,182.47321847402696,-259.7902209727803,67.74415953368498
135.0,B0100,30889.85143248998,828.0377123319959,5842.070041363602,-206.901904761308,0.045548874346079564,1.4896681791124893
135.0,B0200,30890.018652796593,1372.7264273061755,5841.975586717119,-206.9019047613514,0.045548874301055406,1.4896681790482098
135.20000000000002,A0100,-21233.899599815126,-13732.423308627267,10681.85910496702,130.2858924286744,-300.5245738181537,55.1082546401297
135.20000000000002,A0200,-57152.73090888636,13839.582689826384,6846.861119275109,181.9820017900483,-260.60499562303534,67.10496785459506
135.20000000000002,B0100,30848.475189265817,828.0632867205913,5842.364602281241,-206.77274060408462,0.1323362823672359,-0.4575106862712551
135.20000000000002,B0200,30848.642413937283,1372.7583147495043,5842.270145167122,-206.77274060412813,0.13233628232217604,-0.4575106863344122
135.4,A0100,-21207.668571738075,-13792.513435814571,10692.72941493121,130.0692509212246,-301.1295520314632,54.08168932085189
135.4,A0200,-57116.69905146586,13787.287294801688,6860.701451505625,181.25151863394197,-261.29225709006823,67.20631392204386
135.4,B0100,30807.137437677127,828.1190769888854,5842.148213740604,-206.6317564540832,0.29373946280569463,-4.1122478602163905
135.4,B0200,30807.30467130254,1372.8203683611773,5842.053751569905,-206.63175645412588,0.29373946276160623,-4.112247860277702
135.6,A0100,-21181.520444046077,-13852.712498518347,10703.467882049825,129.31871345101516,-301.6008841386415,53.88723594426222
135.6,A0200,-57080.954683558586,13734.847091699397,6874.678970412315,179.1278156575698,-262.13708163512723,68.29464122803321
135.6,B0100,30765.798602043662,828.1973592464237,5841.100699799103,-206.75820155671676,0.40221654902298365,-7.94904174794356
135.6,B0200,30765.965848037948,1372.904842785665,5841.006230641828,-206.7582015567582,0.4022165489799845,-7.94904174800432
135.8,A0100,-21155.602537401614,-13912.993613131954,10714.245796010204,127.7787500284476,-301.9579255173845,54.41277285159867
135.8,A0200,-57045.687073141526,13682.20305103872,6888.809921427259,177.04398204748085,-263.2370812234954,68.5162793362813
135.8,B0100,30724.426610467504,828.2846201160446,5839.630680730104,-206.82840267714462,0.3091723766901322,-7.88252052433908
135.8,B0200,30724.59387018918,1372.9982645933687,5839.536203818892,-206.828402677186,0.3091723766465263,-7.882520524402382
136.0,A0100,-21130.078106304583,-13973.357149992076,10725.136416885847,125.49823219990017,-302.4545011540881,54.80811910344925
136.0,A0200,-57010.685239279395,13629.36332732303,6902.889082420486,176.363275342698,-264.11527079016975,67.94125090538004
136.0,B0100,30683.094967669298,828.3283037722249,5838.673399659423,-206.3217689261161,0.1334104308391836,-2.94498053932733
136.0,B0200,30683.262234501017,1373.0481470704453,5838.57891873209,-206.32176892616013,0.1334104307922883,-2.944980539395393
136.20000000000002,A0100,-21104.97027035135,-14033.8419019203,10735.99397040598,123.82702300259719,-303.1078400692031,54.152429608514424
136.20000000000002,A0200,-56975.7375638986,13576.363746723036,6916.829643077628,176.2658491618089,-264.8511843340265,67.31980017237304
136.20000000000002,B0100,30641.918974785593,828.4297788540953,5838.886840632449,-205.44050780751905,0.8178165459891121,2.6695102523002676
136.20000000000002,B0200,30642.086257513693,1373.155897808976,5838.792350726024,-205.44050780756575,0.8178165459380463,2.669510252229266
136.4,A0100,-21080.082431679748,-14094.453351236527,10746.671062653548,123.20558531432957,-303.72647312812666,53.08897266335423
136.4,A0200,-56940.83217296542,13523.25427282042,6930.752167702016,175.8250856455573,-265.17629349387363,67.91382529622094
136.4,B0100,30600.904644363196,828.6491734519186,5839.916882998565,-204.85936410098287,1.2371086493994494,5.277829062130483
136.4,B0200,30601.071960913385,1373.3816135925208,5839.822373988745,-204.85936410103082,1.2371086493460473,5.2778290620597454
136.6,A0100,-21055.2615219344,-14155.188115739773,10757.124763505339,122.93695453783641,-304.35223224712314,52.03029566159049
136.6,A0200,-56906.09011930606,13470.110207316407,6944.905672713059,174.5927673415527,-265.29666229658073,69.4847482476474
136.6,B0100,30559.932695284217,828.9206231756671,5841.188182657803,-205.0188396951765,1.3011430644281259,4.918425270738624
136.6,B0200,30560.100053566013,1373.6593987686574,5841.093650071543,-205.01883969522464,1.301143064374211,4.9184252706696405
136.8,A0100,-21030.514257187206,-14216.043435029183,10767.407492631044,122.51863030402372,-304.90703764169837,51.40026354568307
136.8,A0200,-56871.70072389051,13416.913807351899,6959.374753729058,172.47140141967355,-265.7963205783489,70.81399591735608
136.8,B0100,30518.902471841513,829.1782590692055,5842.182745549768,-205.3292522803232,1.1738135391071964,2.8669839881186383
136.8,B0200,30519.069869756004,1373.9233552153382,5842.088190579059,-205.32925228037078,1.1738135390533422,2.86698398805192
137.0,A0100,-21005.842824031544,-14276.980970358012,10777.633824253078,122.06746844311667,-305.15164001723747,51.56813541383296
137.0,A0200,-56837.716419478405,13363.574129594519,6973.967464657937,170.82386167907904,-266.65119687716935,70.7970777268968
137.0,B0100,30477.826089861162,829.4049720909934,5842.7140670827375,-205.39494566936034,1.024664474404296,0.5074732039482298
137.0,B0200,30477.99352270495,1374.156356042422,5842.619492383232,-205.39494566940735,1.0246644743507554,0.5074732038831821
137.20000000000002,A0100,-20981.297714874883,-14337.936902264903,10787.980136328555,121.24237067060031,-305.10324016656807,52.56672251786859
137.20000000000002,A0200,-56803.94095861524,13310.069696830695,6988.478064756073,170.30434882050503,-267.442194175757,70.11438589703438
137.20000000000002,B0100,30436.773117363457,829.6100384608453,5842.785586312199,-205.03388192390503,0.9518289993207535,-1.538300227881774
137.20000000000002,B0200,30436.940581844152,1374.3676671927678,5842.6909937404,-205.03388192395224,0.9518289992675506,-1.5383002279459879
137.4,A0100,-20956.990819664392,-14398.878078060043,10798.575196167212,119.6688151505021,-305.0768595786297,53.85859584928977
137.4,A0200,-56770.25207312414,13256.42123053482,7002.890864181569,169.5093627374759,-268.11933197594675,70.14904753445077
137.4,B0100,30395.79530256687,829.8159414217971,5842.446086064665,-204.8863659321461,0.9824767111522852,-3.9745484769412216
137.4,B0200,30395.96279881156,1374.5797682288212,5842.351475553063,-204.88636593219283,0.9824767110994053,-3.97454847700512
137.6,A0100,-20933.037414756473,-14459.85079179594,10809.342608186853,117.75114111862976,-305.4057457737587,54.26228026424409
137.6,A0200,-56736.866354180725,13202.632654538284,7017.4191936154275,167.30071887096426,-268.92094982414676,71.09162514212768
137.6,B0100,30354.77021627479,830.0197918683443,5841.621294462759,-205.3317098343846,0.9559394509217123,-5.744085201163373
137.6,B0200,30354.93774396478,1374.7897822792384,5841.526666187094,-205.33170983443097,0.9559394508687238,-5.744085201228143
137.8,A0100,-20909.4573677675,-14520.918617999067,10820.089881545051,116.16183727214263,-305.96719299489865,53.7033061259133
137.8,A0200,-56703.97171272034,13148.652178640874,7032.0702605746665,165.15920857941316,-269.9602652494886,71.18155461510393
137.8,B0100,30313.674921994774,830.2015611332499,5840.780801796953,-205.47161938820054,0.7213859667921744,-3.892563270533552
137.8,B0200,30313.842477775732,1374.977724470209,5840.686157656202,-205.47161938824763,0.7213859667375686,-3.892563270600828
138.0,A0100,-20886.090292090787,-14582.100990181041,10830.670373210894,115.54939992751333,-306.5484762384886,52.67857864649191
138.0,A0200,-56671.35225033306,13094.483786388333,7046.650503206121,164.43293557400327,-270.8204264535534,70.54271719361923
138.0,B0100,30272.59347437018,830.3324891420452,5840.522514330747,-205.37736644268014,0.5193295156313793,-0.9794466245532875
138.0,B0200,30272.761050518653,1375.1148732778129,5840.427858686444,-205.3773664427284,0.5193295155746634,-0.9794466246225996
138.20000000000002,A0100,-20862.787741718406,-14643.401103765136,10841.03095634221,115.31046105560252,-307.1445818303773,51.628896694232324
138.20000000000002,A0200,-56638.79755102008,13040.155879713799,7061.083536015969,164.26723113372236,-271.5666393495546,69.88938776984628
138.20000000000002,B0100,30231.507975668585,830.4348375258414,5840.660853527232,-205.50675685547068,0.3971417818036044,0.06869152860156637
138.20000000000002,B0200,30231.675567845847,1375.2234771190124,5840.566188826899,-205.50675685551923,0.39714178174555254,0.06869152853168678
138.4,A0100,-20839.572083182575,-14704.807768857298,10851.253268060682,114.54208011308272,-307.5965664564012,51.391940281954405
138.4,A0200,-56606.3043319416,12985.713302678647,7075.490620132863,163.6972155263845,-271.93088702820955,70.42865772592566
138.4,B0100,30190.395405821408,830.4955624752984,5840.946567592739,-205.5892522031436,0.12313032648195844,0.8900858329423474
138.4,B0200,30190.56300770517,1375.290474294432,5840.851897409675,-205.5892522031929,0.12313032642267892,0.8900858328720975
138.6,A0100,-20816.5894736923,-14766.290337333607,10861.504607790032,112.99285813477562,-307.9096486217428,51.85809402613584
138.6,A0200,-56574.004741985045,12931.226707861184,7090.111184636586,162.3010064273363,-272.0985697362034,71.87643559996832
138.6,B0100,30149.29010386472,830.5065645453178,5841.3802751075,-205.39385521237654,-0.07428415486201541,1.6151239423813852
138.6,B0200,30149.457707897927,1375.307760188649,5841.285603711389,-205.3938552124263,-0.07428415492232732,1.6151239423109476
138.8,A0100,-20793.948640824747,-14827.846331659193,10871.817704462712,111.46469502141731,-308.3367062595104,51.793859704456494
138.8,A0200,-56542.09754834508,12876.68179887507,7105.023697657747,159.9245893945586,-272.61974401581057,73.14078296538335
138.8,B0100,30108.24572054837,830.5194116145813,5841.855508769177,-205.15002149721437,0.07133507010405846,0.4898805870320014
138.8,B0200,30108.41332701088,1375.3268853882437,5841.760836000871,-205.1500214972648,0.07133507004357072,0.48988058696246617
139.0,A0100,-20771.500173778582,-14889.494725487486,10882.035955230103,110.98055553992903,-308.8341118582826,50.99817987628306
139.0,A0200,-56510.648997775716,12821.987212674663,7120.054275731618,158.02916865144394,-273.5065535925053,73.10768515546798
139.0,B0100,30067.205732706425,830.5367667723185,5841.739531380801,-205.24750485330475,0.023641182902240664,-3.800361532053086
139.0,B0200,30067.373342277402,1375.3504672583294,5841.6448568556025,-205.24750485335406,0.023641182843135003,-3.800361532120462
139.20000000000002,A0100,-20749.1229860184,-14951.240379240524,10892.101901530106,110.38199480200761,-309.29089933494174,50.51661227861945
139.20000000000002,A0200,-56479.44772023505,12767.12390692694,7134.999353596413,157.37195399292284,-274.3123771744637,72.41604993207602
139.20000000000002,B0100,30026.167342354645,830.5491152348532,5840.889653797962,-205.0809483894723,0.005378116038784706,-5.892845986116063
139.20000000000002,B0200,30026.334954271188,1375.36897919685,5840.794977948934,-205.08094838952115,0.0053781159798510164,-5.892845986184154
139.4,A0100,-20726.968633210014,-15013.070780371392,10902.142002174744,108.7756614272591,-309.6887754451487,50.655861471411605
139.4,A0200,-56448.35863630643,12712.112306899562,7149.841221695693,156.43303954116345,-275.0190627688693,72.37140145151768
139.4,B0100,29985.140683392267,830.5632517116992,5839.91339559822,-205.24062250381795,0.012348002793008819,-5.849197859192745
139.4,B0200,29985.308297924268,1375.389266517759,5839.818718270777,-205.24062250386686,0.012348002733281287,-5.8491978592632075
139.6,A0100,-20705.170005910422,-15074.992535707006,10912.172650351988,107.20094880764805,-310.19220089575174,50.262901834527526
139.6,A0200,-56417.60492774054,12656.954475144827,7164.765371141511,154.05943636839996,-275.84234747986005,73.0684468067603
139.6,B0100,29944.04191831432,830.5643103723924,5838.966414020893,-205.66801838544174,-0.13510097233388577,-5.178715847941966
139.6,B0200,29944.209533476744,1375.3964894939982,5838.871736338426,-205.66801838549102,-0.13510097239476426,-5.178715848014286
139.8,A0100,-20683.569489489524,-15137.018670049616,10922.059562216436,106.69513593537332,-310.7355674838347,49.30585938756355
139.8,A0200,-56387.36599688392,12601.605228881373,7179.75709363876,151.84551658161385,-276.8630396182133,72.90980335318451
139.8,B0100,29902.90731622709,830.4986477905677,5838.418008642171,-205.50378340448833,-0.66001449454623,-1.645639010531552
139.8,B0200,29903.074921881558,1375.3370308854446,5838.323336330288,-205.50378340453892,-0.6600144946094033,-1.6456390106066467
140.0,A0100,-20662.02377505389,-15199.156677293508,10931.742105832904,106.44104424534189,-311.3013986713344,48.364824597209555
140.0,A0200,-56357.412889231025,12546.069739699924,7194.642038352256,151.06916845567696,-277.727597630651,72.14899148300444
140.0,B0100,29861.85495930052,830.3413358960461,5838.709768187287,-205.08671967524577,-0.9560067296558556,2.059736499873486
140.0,B0200,29862.022541526756,1375.18598258754,5838.615109109947,-205.0867196752981,-0.9560067297216162,2.059736499796594
140.20000000000002,A0100,-20640.562662174056,-15261.392764119035,10941.308877441184,105.7252812319516,-311.69617029404384,48.23767709285688
140.20000000000002,A0200,-56327.53790453567,12490.370883404885,7209.362925725407,150.80483524591116,-278.50838844993507,71.43084214035355
140.20000000000002,B0100,29820.835431772808,830.1451656074569,5839.416004155419,-205.23901373805083,-1.1088953922277751,2.721517833196865
140.20000000000002,B0200,29821.00298466382,1374.9961064840572,5839.321361645989,-205.23901373810332,-1.1088953922947822,2.7215178331206613
140.4,A0100,-20619.31828201524,-15323.690894468322,10950.925284452482,104.28118287774653,-311.92996218288914,48.796928950946565
140.4,A0200,-56297.7557257492,12434.544743010814,7224.042201294105,150.0106057859317,-278.9698226493604,71.86501181366181
140.4,B0100,29779.771104407067,829.9093526289707,5840.1731989093605,-205.37618027486855,-1.343942047982356,2.958833256490759
140.4,B0200,29779.93862194282,1374.7665988753943,5840.078576369329,-205.37618027492127,-1.3439420480505377,2.95883325641515
140.6,A0100,-20598.444989688192,-15386.040420286956,10960.660634458243,102.1157444229518,-312.2443828992497,49.224269876614194
140.6,A0200,-56268.22098724112,12378.650175818406,7238.90229560911,148.32093154920037,-279.2730433098233,73.08548663582565
140.6,B0100,29738.708147075857,829.6224772160167,5840.9584125495,-205.1868655962224,-1.5793834214585585,3.09766814161244
140.6,B0200,29738.875621494466,1374.486031027398,5840.8638143653225,-205.18686559627582,-1.579383421527503,3.097668141537341
140.8,A0100,-20577.970241770694,-15448.47678923269,10970.369604526111,100.50652488831957,-312.7543990245883,48.59661575171902
140.8,A0200,-56239.13102912853,12322.673091784109,7253.990921894994,145.7358535518032,-279.8860943410705,73.96522522258839
140.8,B0100,29697.709552327564,829.3309082702126,5841.676120045429,-204.91606805502704,-1.4690393065528553,1.4821548754484708
140.8,B0200,29697.87698291625,1374.2007540733975,5841.581546620793,-204.91606805508076,-1.4690393066218521,1.4821548753746128
141.0,A0100,-20557.707874697455,-15511.020127821166,10979.901419991369,99.90190907999438,-313.3130716966582,47.53833768702638
141.0,A0200,-56210.52515659392,12266.536213589578,7269.123024768909,143.7718659257011,-280.7923754118159,73.61620163516513
141.0,B0100,29656.726501713914,829.0383264674947,5841.7183281067555,-204.89637106758897,-1.5298287290775663,-3.1618291001485246
141.0,B0200,29656.893888313658,1373.914403914354,5841.62377952934,-204.89637106764144,-1.5298287291451078,-3.1618291002199594
141.20000000000002,A0100,-20537.512510871806,-15573.679461779417,10989.209511530005,99.62091967995077,-313.9107863189013,46.47418857654537
141.20000000000002,A0200,-56182.17647192793,12210.226630588983,7284.122932982555,143.06555071362544,-281.6235729675527,72.76294738375158
141.20000000000002,B0100,29615.7665653191,828.7394778678663,5840.967686779031,-204.6746473722828,-1.5562408986106606,-5.510213202738878
141.20000000000002,B0200,29615.933906970517,1373.6217153911311,5840.873163589678,-204.67464737233485,-1.556240898677859,-5.510213202810988
141.4,A0100,-20517.393395543335,-15636.453181494413,10998.344945775763,99.18862859148138,-314.4374907768221,45.832987991074454
141.4,A0200,-56153.89837718756,12153.756665889923,7298.943479464342,142.8163439626911,-282.39756332341926,71.97856348688104
141.4,B0100,29574.843827744706,828.4358475188401,5840.113346812492,-204.54998207333097,-1.5522888140858422,-4.689932473009771
141.4,B0200,29575.011123719953,1373.3242305634503,5840.0188494233935,-204.54998207338383,-1.5522888141540139,-4.689932473084877
141.6,A0100,-20497.351759204048,-15699.306102034085,11007.42096191437,98.73884578858407,-314.6746758076897,45.979288436626994
141.6,A0200,-56125.710157277856,12097.161807129458,7313.710040300255,142.04184172512007,-282.8349945405528,72.35724741257593
141.6,B0100,29533.927108556207,828.1542173530142,5839.505246215744,-204.65133747428806,-1.376392967038311,-3.407330335518444
141.6,B0200,29534.09436220499,1373.0487661409516,5839.410772734816,-204.65133747434166,-1.3763929671080775,-3.407330335595748
141.8,A0100,-20477.433627035094,-15762.176085852096,11016.610279422353,97.94104639142155,-314.6176858603933,46.9311968866196
141.8,A0200,-56097.76316868782,12040.50752341159,7328.65019515044,140.39103428230524,-283.0695031197468,73.56599846423485
141.8,B0100,29492.991049427175,827.8990897321455,5839.2065037420325,-204.56398484384874,-1.2393449906661875,-1.1484898436037239
141.8,B0200,29493.15826477596,1372.7998337561457,5839.112051895985,-204.56398484390354,-1.2393449907378904,-1.1484898436827906
142.0,A0100,-20457.745130665364,-15825.025370921545,11026.037463966371,96.41712719889695,-314.5310306115143,48.16844554353533
142.0,A0200,-56070.25504510504,11983.78878689769,7343.822541792899,137.81663990207227,-283.5784821581207,74.48881684789852
142.0,B0100,29452.089642815354,827.676693626423,5839.2846721989445,-204.58384281270648,-1.1311404082820713,-0.5014659340507519
142.0,B0200,29452.256824838765,1372.583659973523,5839.190239175714,-204.58384281276153,-1.1311404083548295,-0.5014659341292705
142.20000000000002,A0100,-20438.40090118844,-15887.889177469091,11035.6267071499,94.54343820507677,-314.7518402464783,48.52088397734702
142.20000000000002,A0200,-56043.233139738506,11926.928896904094,7359.047713101707,135.82550426935651,-284.41147168398544,74.18184201498946
142.20000000000002,B0100,29411.140043035317,827.4554757403475,5839.284094508963,-204.92784141795786,-1.179809151234178,-1.5962869921346676
142.20000000000002,B0200,29411.307191913736,1372.3686649755637,5839.1896802087995,-204.92784141801246,-1.1798091513074227,-1.5962869922116405
142.4,A0100,-20419.423172944782,-15950.824916455495,11045.187164993316,92.9733437822833,-315.207490342567,47.926509696177284
142.4,A0200,-56016.47444111166,11869.906384093018,7374.14669556847,135.089688307486,-285.2111156185811,73.34805828636615
142.4,B0100,29370.129612320976,827.2134361791541,5839.008100992769,-205.059438073687,-1.3108583731897536,-2.8934140045314383
142.4,B0200,29370.296724889056,1372.1328339043193,5838.913707201495,-205.0594380737414,-1.3108583732633652,-2.8934140046073615
142.6,A0100,-20400.657611301653,-16013.860755611078,11054.57473708958,92.3509193883092,-315.74670189072236,46.8744119190698
142.6,A0200,-55989.79027713778,11812.727834430407,7389.067904719694,134.83501549348162,-285.9649242921081,72.56215094280526
142.6,B0100,29329.138636278178,826.9673611075759,5838.47792550472,-204.8099131719847,-1.2156781230089,-4.517153572407994
142.6,B0200,29329.30571192059,1371.8929425488677,5838.383552568823,-204.809913172039,-1.2156781230825415,-4.517153572482786
142.8,A0100,-20381.960918148394,-16077.009933115616,11063.737069888111,92.08070351086636,-316.32968946854197,45.79636070335875
142.8,A0200,-55963.192862463875,11755.430602751268,7403.9337929806425,134.0987989525152,-286.3552043192215,72.93216657254783
142.8,B0100,29288.19456949415,826.7531865244036,5837.535890640653,-204.72551010334533,-1.0786105589442694,-6.939737444547875
142.8,B0200,29288.36161305596,1371.684909199621,5837.441535827673,-204.72551010339888,-1.0786105590173773,-6.939737444621773
143.0,A0100,-20363.332365249615,-16140.26886709721,11072.72400302579,91.71645921600305,-316.82822129987574,45.13511573489829
143.0,A0200,-55936.82502456708,11698.087435646448,7418.97340187147,132.5205251659768,-286.5005292963934,74.15600520834155
143.0,B0100,29247.202535045188,826.5472996711906,5836.1539026592,-205.10869203844737,-1.0435830386588762,-8.205623477249302
143.0,B0200,29247.369547785216,1371.485133106762,5836.05956525595,-205.10869203850058,-1.0435830387323501,-8.205623477324307
143.20000000000002,A0100,-20344.760301416933,-16203.600610358486,11081.644452092982,91.4173949171752,-317.02498192892267,45.23912723106175
143.20000000000002,A0200,-55910.88220775389,11640.701739550012,7434.253186938717,130.00012309280905,-286.88689133877074,75.14032841398975
143.20000000000002,B0100,29206.155569334704,826.348989670978,5834.864179566952,-205.21121984134766,-1.0191409352688385,-5.87591375392575
143.20000000000002,B0200,29206.32255240666,1371.292950134086,5834.76985892069,-205.21121984140225,-1.0191409353442984,-5.875913754003251
143.4,A0100,-20326.27135623292,-16266.93764070912,11090.673385048425,90.87285700341262,-316.8897726387841,46.19195795102178
143.4,A0200,-55885.42028468199,11583.196835059829,7449.599012190611,128.01189594263298,-287.6326217369481,74.89296204110236
143.4,B0100,29165.124111153047,826.173175585127,5834.256767954963,-205.11646346298932,-0.8553526183947032,-2.360431094982456
143.4,B0200,29165.291067977632,1371.1233192843538,5834.162462134565,-205.1164634630455,-0.8553526184729401,-2.3604310950613363
143.6,A0100,-20307.953624943915,-16330.232180749064,11099.95305998926,89.64595214416364,-316.66598439818824,47.5754428593639
143.6,A0200,-55860.22297756459,11525.541531954528,7464.827293137823,127.26358787161787,-288.3928248565955,74.08751102620481
143.6,B0100,29124.121183687592,826.0187082200446,5834.309179714412,-204.8118866222725,-0.7973527237030977,1.0853955002726863
143.6,B0200,29124.2881175106,1370.9750874586134,5834.21488688542,-204.81188662233055,-0.7973527237840581,1.0853955001935245
143.8,A0100,-20289.933053432156,-16393.513173367868,11109.435483425543,87.94850188079249,-316.7530786368213,48.1598533855131
143.8,A0200,-55835.101938872824,11467.735686724562,7479.880915067177,127.01011965809134,-289.1220460708889,73.30801280984045
143.8,B0100,29083.18892031167,825.8654475786898,5834.95190262972,-204.61898883917544,-0.8207023415432382,3.170010798598289
143.8,B0200,29083.35583132404,1370.8281022908704,5834.857622687496,-204.6189888392344,-0.8207023416261581,3.170010798519519
144.0,A0100,-20272.25710506866,-16456.842712733356,11118.935877540687,86.42603600467287,-317.11574277773855,47.771537931090705
144.0,A0200,-55810.062830884475,11409.818262994224,7494.879470506152,126.32420677395643,-289.4605378479125,73.67652334144155
144.0,B0100,29042.238894079892,825.7193319648395,5835.744270834792,-204.99773010806257,-0.7528207895754455,2.3435600393353506
144.0,B0200,29042.405783364207,1370.6882776931907,5835.650003165692,-204.99773010812112,-0.7528207896589654,2.3435600392582643
144.20000000000002,A0100,-20254.789752252123,-16520.258975441808,11128.293253886022,85.80629621341912,-317.6085855454476,46.81675790829638
144.20000000000002,A0200,-55785.23862985549,11351.869227571355,7510.0530531953955,124.83625159459585,-289.51306841754274,74.9199465808034
144.20000000000002,B0100,29001.20844851315,825.5715905398392,5836.238879995504,-205.25048551258942,-0.8025038696553263,0.816279849326831
144.20000000000002,B0200,29001.375315822486,1370.5468139454206,5836.144624737934,-205.25048551264786,-0.8025038697390564,0.8162798492509192
144.4,A0100,-20237.388268501105,-16583.781560147207,11137.437096982012,85.58139446921994,-318.15807935445974,45.77426968210573
144.4,A0200,-55760.821633746265,11293.900314908293,7525.47584864981,122.39067585203527,-289.77276743073844,75.97207082326375
144.4,B0100,28960.170579033365,825.4200755714573,5836.438786347915,-205.01205721547976,-0.7872361474242769,-0.5053573040049892
144.4,B0200,28960.337423793666,1370.4015524866063,5836.3445438261315,-205.01205721553825,-0.7872361475079509,-0.5053573040805971
144.6,A0100,-20220.058521042545,-16647.397054858535,11146.4438033903,84.96026971082772,-318.50725269266644,45.55340636098721
144.6,A0200,-55736.87663551182,11235.834961629742,7540.979411798497,120.41936270955223,-290.4272478069395,75.79171408431549
144.6,B0100,28919.216972680322,825.294694064014,5836.337516072026,-204.55263824683297,-0.5972643530202804,-2.836073397419854
144.6,B0200,28919.383798859286,1370.2823858315023,5836.243284048083,-204.55263824689138,-0.5972643531032803,-2.8360733974949053
144.8,A0100,-20202.919613386974,-16711.059099103048,11155.489201309898,83.67890921073707,-318.62991051801856,46.10563307962749
144.8,A0200,-55713.19557578329,11177.632115138033,7556.375223491941,119.666195761015,-291.1451430187123,75.0185064806256
144.8,B0100,28878.321962839065,825.1924924429131,5835.585527309686,-204.483567649529,-0.5110170496895358,-6.481094037728167
144.8,B0200,28878.488773953613,1370.1863343023324,5835.491303794901,-204.4835676495861,-0.5110170497713066,-6.481094037802539
145.0,A0100,-20186.119132289692,-16774.741984909262,11164.667420938858,81.63805672498445,-318.75884250653985,46.67693585821238
145.0,A0200,-55689.59137288924,11119.284650993326,7571.600030018351,119.41881699375455,-291.8483308368577,74.24724524385971
145.0,B0100,28837.40849675818,825.1017012296961,5834.354786453312,-204.54793848004613,-0.5122779940508839,-6.815236110688637
145.0,B0200,28837.57529453739,1370.101654887705,5834.260570467803,-204.5479384801032,-0.5122779941335072,-6.8152361107641415
145.20000000000002,A0100,-20169.70762663893,-16838.477763385665,11173.85093795315,80.01608220727178,-319.13223760829715,46.18463176249531
145.20000000000002,A0200,-55666.06297415199,11060.83288658232,7586.770230956856,118.79222765761745,-292.13465567015083,74.61437552675463
145.20000000000002,B0100,28796.49102863243,825.0188761392164,5833.372923263747,-204.6486034928519,-0.4343291147208294,-4.985331496724096
145.20000000000002,B0200,28796.657814293154,1370.0249635701293,5833.278714125523,-204.64860349291004,-0.43432911480578174,-4.985331496800716
145.4,A0100,-20153.516546632054,-16902.301648152687,11182.87591998294,79.35860169970643,-319.6302721825383,45.18140251694358
145.4,A0200,-55642.73248960092,11002.363820555598,7602.116732177863,117.40871147569266,-292.0947042904071,75.8771529795233
145.4,B0100,28755.536093844443,824.9368257548267,5832.71783628817,-204.80481742742217,-0.5128543878921821,-3.1481904746584086
145.4,B0200,28755.70286750234,1369.9490806986087,5832.623633929763,-204.80481742748108,-0.512854387979587,-3.1481904747358467
145.6,A0100,-20137.398838859943,-16966.23331133803,11191.681692428996,79.08433770758211,-320.1914404395323,44.11658242318185
145.6,A0200,-55619.788225748154,10943.897552679831,7617.721840235663,115.05434682732316,-292.22681650660894,77.00105912798462
145.6,B0100,28714.60148420222,824.8046586736273,5832.609190263791,-204.4359252936687,-0.9225404371188676,0.35538125959108186
145.6,B0200,28714.768238249635,1369.8231249486307,5832.514998982393,-204.43592529372918,-0.9225404372094224,0.3553812595126086
145.8,A0100,-20121.348608873734,-17030.270249395893,11200.31337235223,78.7238565434207,-320.6693344915718,43.45812203698144
145.8,A0200,-55597.30429632342,10885.357914067223,7633.423568036185,113.11056145627646,-292.7881225475878,76.89355540926492
145.8,B0100,28673.767042146825,824.5919191200192,5833.204414413291,-203.90176053200003,-1.2607500081397898,3.8640668395129354
145.8,B0200,28673.93376433932,1369.616641924822,5833.110241125194,-203.90176053206207,-1.2607500082336038,3.8640668394341806
146.0,A0100,-20105.35365627172,-17094.377307942832,11208.87823610549,78.4361418614222,-320.8572954327284,43.55430155051613
146.0,A0200,-55575.08207774316,10826.694071305188,7649.028263323395,112.35820801434016,-293.4618510769211,76.15576731821007
146.0,B0100,28633.030671894787,824.3601053699476,5834.376346551391,-203.64215975658422,-1.1534974204001387,5.249758947436452
146.0,B0200,28633.19735933867,1369.3911193039385,5834.282192890032,-203.64215975664712,-1.1534974204959636,5.249758947358537
146.20000000000002,A0100,-20089.438400117873,-17158.488322903424,11217.54800271867,77.9139186520392,-320.7170522021043,44.477508049196686
146.20000000000002,A0200,-55552.99046294065,10767.904279559269,7664.516397775871,111.34113148615951,-294.0091424543794,76.00241987495083
146.20000000000002,B0100,28592.27920054964,824.1373775614848,5835.391406414645,-203.95854485857026,-1.177221291022606,2.5717785482104114
146.20000000000002,B0200,28592.445854624042,1369.1746714545861,5835.297271602089,-203.95854485863237,-1.1772212911177866,2.5717785481345485
146.4,A0100,-20073.68807953487,-17222.554305360376,11226.460601165934,76.72509168989856,-320.46682992319546,45.81634077142332
146.4,A0200,-55531.244215497034,10709.02094014495,7680.056754556987,108.93923833638581,-294.4608038031252,76.52754362458889
146.4,B0100,28551.47458698393,823.9023048780728,5835.763442805839,-204.00317139117772,-1.228063473391511,-0.45578983542231566
146.4,B0200,28551.641205805936,1368.9458316117289,5835.669327904581,-204.0031713912391,-1.2280634734856568,-0.45578983549716345
146.6,A0100,-20058.227105880535,-17286.59876084343,11235.567333566274,75.06778929720073,-320.5015401599608,46.358600278361216
146.6,A0200,-55510.02055572172,10650.027655906913,7695.63515149906,106.65215629533738,-295.1198948394212,76.26432137985316
146.6,B0100,28510.687949640138,823.6782130236315,5835.521015063949,-203.88976564792847,-1.1321210159832154,-4.21366259189387
146.6,B0200,28510.854534881106,1368.727917119928,5835.426919130996,-203.88976564798904,-1.1321210160757968,-4.213662591968103
146.8,A0100,-20043.103480368718,-17350.680184248573,11244.684827079078,73.57259259975874,-320.8098244912982,45.940725659316556
146.8,A0200,-55489.10121989658,10590.896837199336,7711.091308858984,105.76217413442518,-295.8392407157183,75.44683839778654
146.8,B0100,28469.918713232353,823.4595979594251,5834.528502736839,-203.74344213992788,-1.132212437293426,-6.780320840628548
146.8,B0200,28470.085265713493,1368.5154123891461,5834.434425308322,-203.7434421399875,-1.1322124373851543,-6.780320840703157
147.0,A0100,-20028.18547216193,-17414.840711103727,11253.654382159973,72.95626041247596,-321.27944399771945,44.96510865734216
147.0,A0200,-55468.28296849837,10531.619751121914,7726.371619070855,105.38603889574583,-296.5608818462669,74.65386897642519
147.0,B0100,28429.1641288581,823.2561967080728,5833.317602741172,-203.840719670349,-1.018631762296163,-7.1829937665539765
147.0,B0200,28429.33065089267,1368.3181004977923,5833.223542511516,-203.84071967040907,-1.0186317623887124,-7.182993766629455
147.20000000000002,A0100,-20013.334675922335,-17479.10496298078,11262.406714210529,72.71604876448481,-321.8209423200354,43.90452285500594
147.20000000000002,A0200,-55447.579797645725,10472.229171070587,7741.58722534663,104.47606701651559,-296.9295083659629,74.92494433927867
147.20000000000002,B0100,28388.349614998777,823.0714097235468,5832.052974565766,-204.21938554223243,-0.9344120047263146,-6.887275435626217
147.20000000000002,B0200,28388.516109416196,1368.1394073683114,5831.958929935703,-204.21938554229288,-0.9344120048204639,-6.8872754357016275
147.4,A0100,-19998.559434717747,-17543.4605469069,11271.016958536475,72.07302701943381,-322.1593884262874,43.64938219878258
147.4,A0200,-55427.15188427977,10412.8001046438,7756.951468536048,102.6038930915991,-297.015495806741,76.03336349123242
147.4,B0100,28347.495534231246,822.8799095433715,5831.12422540154,-204.19234364063283,-1.0956531907541984,-3.753776227068012
147.4,B0200,28347.662000012348,1367.9540358875802,5831.030196945672,-204.19234364069447,-1.095653190851894,-3.753776227143557
147.6,A0100,-19983.97951872131,-17607.859469314757,11279.656589793522,70.77008652409192,-322.25950305253065,44.143277504247216
147.6,A0200,-55407.208106870865,10353.34507643155,7772.524492371151,99.82965446291404,-297.2859174867391,76.79163372985927
147.6,B0100,28306.68003478179,822.6487446438696,5830.920371334769,-203.91019280557532,-1.3016763608150939,-0.3003334235765485
147.6,B0200,28306.846465903705,1367.729056048891,5830.826362457268,-203.91019280563845,-1.3016763609163813,-0.3003334236519854
147.8,A0100,-19969.740981638024,-17672.27203735634,11288.415574051733,68.72116161172274,-322.33702889229943,44.64299956762178
147.8,A0200,-55387.77571462358,10293.798131076863,7788.111796016248,97.76997609398663,-297.9012517105968,76.30506343801275
147.8,B0100,28265.916536414872,822.3900878693676,5831.251355145738,-203.81583672028498,-1.375698023231868,1.4975998854196542
147.8,B0200,28266.082928701377,1367.4766223408478,5831.157368204475,-203.81583672034876,-1.3756980233358125,1.4975998853448107
148.0,A0100,-19955.891883942702,-17736.7265479887,11297.166969657987,67.09883077808766,-322.6606484612212,44.09680588486462
148.0,A0200,-55368.61775792575,10234.118336276118,7803.545491050623,96.97029779213737,-298.6137245263483,75.37191828426131
148.0,B0100,28225.138565438752,822.118972934617,5831.760842347567,-203.9956356613627,-1.4184674944902276,1.5129462082798153
148.0,B0200,28225.30491699872,1367.2117479948356,5831.666878408614,-203.9956356614266,-1.41846749459552,1.5129462082055587
148.20000000000002,A0100,-19942.264331689734,-17801.262292491458,11305.751522617289,66.42973517589594,-323.1380486163316,43.06240058771662
148.20000000000002,A0200,-55349.55366293116,10174.291564167066,7818.786215701544,96.57515289772864,-299.34391749650996,74.51468225258031
148.20000000000002,B0100,28184.297923912167,821.8469571361893,5832.0349634019,-204.4726036656988,-1.3728889949380296,-1.030463863069999
148.20000000000002,B0200,28184.46423461019,1366.945962109563,5831.94102254495,-204.47260366576228,-1.3728889950428051,-1.030463863143177
148.4,A0100,-19928.71364331081,-17865.903606490323,11314.111609133031,66.13190960401255,-323.6928368698402,41.97108225801173
148.4,A0200,-55330.614709535075,10114.348592592843,7833.948447138191,95.58844163465021,-299.73051629483143,74.7045400995826
148.4,B0100,28143.381152184338,821.5842000308367,5831.7324075191555,-204.53471556494057,-1.3470391832205293,-3.4079671941773673
148.4,B0200,28143.54742342183,1366.6893969814519,5831.638488952616,-204.53471556500332,-1.3470391833247017,-3.4079671942501557
148.6,A0100,-19915.23679583012,-17930.64921751057,11322.291249391077,65.72892824914624,-324.169296753501,41.27918164954418
148.6,A0200,-55311.96908544662,10054.363724462237,7849.239363136578,93.61871850577907,-299.82835874248707,75.6950157474649
148.6,B0100,28102.505035907194,821.3317705626687,5831.1536228695895,-204.28325968489023,-1.2558539638127852,-4.043773770212445
148.6,B0200,28102.67126925171,1366.4431296023322,5831.0597257069585,-204.28325968495318,-1.2558539639173238,-4.043773770285496
148.8,A0100,-19901.826400567712,-17995.466597602506,11330.397867064394,65.37098405370809,-324.3734407321971,41.343422039585406
148.8,A0200,-55293.76337470493,9994.343071081701,7864.67325499154,91.66744515007393,-300.1680536500634,75.90680263972973
148.8,B0100,28061.63430821868,821.1150740096309,5830.515694571724,-204.46739424223236,-1.0368520635694483,-4.1996503087932835
148.8,B0200,28061.800509100925,1366.2325892414192,5830.421815746524,-204.46739424229548,-1.036852063675215,-4.199650308866172
149.0,A0100,-19888.512065749837,-18060.292384664874,11338.601131208774,64.7567939771656,-324.25967418561936,42.21452480179488
149.0,A0200,-55275.808051890825,9934.22891772582,7880.0484368464095,91.00931933402177,-300.75013627095416,75.25634782913245
149.0,B0100,28020.698163010027,820.9291406875673,5829.8982015003585,-204.82186685563437,-0.8987805409236134,-3.3290554118629685
149.0,B0200,28020.864336104216,1366.052823805283,5829.804338370215,-204.82186685569778,-0.898780541031418,-3.3290554119353644
149.20000000000002,A0100,-19875.381304969793,-18125.077749622506,11347.032928368488,63.478370049131996,-324.021000276147,43.463891346137714
149.20000000000002,A0200,-55257.95540437501,9874.003606697155,7895.312419297217,90.19942847919405,-301.1961659466024,75.10078246027508
149.20000000000002,B0100,27979.740802147542,820.7699134298055,5829.6953735555,-204.62229032175009,-0.813521556207315,-0.35082274197003094
149.20000000000002,B0200,27979.906951516365,1365.8998032521013,5829.601523827732,-204.62229032181506,-0.8135215563184716,-0.35082274204239244
149.4,A0100,-19862.55397411516,-18189.84088031512,11355.638637839149,61.77260356368853,-324.03638282166617,43.89558210522706
149.4,A0200,-55240.39251355571,9813.717582003395,7910.633071139586,88.13045560773399,-301.4180367595791,75.68598672758762
149.4,B0100,27938.83724355884,820.6130293837614,5830.006013464728,-204.51144774837493,-0.8386629177461532,1.3571059636338771
149.4,B0200,27939.00336956205,1365.7491618118802,5829.9121769339945,-204.51144774844016,-0.8386629178597907,1.3571059635619096
149.6,A0100,-19850.06979769838,-18254.63510459617,11364.233533904273,60.26126557028871,-324.31258971888593,43.38317359410263
149.6,A0200,-55223.28780499306,9753.371531981196,7926.012352358237,86.12225511861942,-301.85599896348253,75.5269855375339
149.6,B0100,27897.902651838915,820.4653142691986,5830.392815005711,-204.9250336342092,-0.7424528110404736,0.18532869486125927
149.6,B0200,27898.068755870037,1365.607700553961,5830.298990884878,-204.92503363427417,-0.7424528111546533,0.18532869479083502
149.8,A0100,-19837.794244037974,-18319.504120598205,11372.66602574784,59.62766919997805,-324.77077965458767,42.355118876733464
149.8,A0200,-55206.440932030746,9692.91751216921,7941.280927995398,85.42626130297656,-302.48926868162295,74.71476883041662
149.8,B0100,27856.883188446685,820.3227092350553,5830.419345151204,-205.16779036797737,-0.7529508136681428,-1.544211637279616
149.8,B0200,27857.049271278884,1365.4713313502652,5830.325533005684,-205.16779036804206,-0.7529508137822905,-1.5442116373492532
150.0,A0100,-19825.590966659354,-18384.47607754099,11380.873394323182,59.34990559716851,-325.3123519465255,41.260427102496365
150.0,A0200,-55189.677583933066,9632.329704393771,7956.378063725435,85.04257196800758,-303.1441450460052,73.98386975961174
150.0,B0100,27815.863926638238,820.1965408383112,5830.128040274072,-204.97964892322523,-0.5920192911173535,-3.2939892088225315
150.0,B0200,27816.029990768864,1365.3513714690016,5830.0342386921675,-204.97964892328966,-0.5920192912311426,-3.2939892088918805
150.20000000000002,A0100,-19813.453249734604,-18449.548699270068,11388.900045740222,59.01227728947001,-325.76881012142667,40.56113236982194
150.20000000000002,A0200,-55173.0204430625,9571.646245460044,7971.422028780529,84.2523960949395,-303.3940246511415,74.30241393870065
150.20000000000002,B0100,27774.884856409568,820.1071227689281,5829.426743736087,-204.9203763623545,-0.45869837722970147,-5.6537617412029
150.20000000000002,B0200,27775.05090741864,1365.268120615894,5829.332949565911,-204.9203763624183,-0.458698377342753,-5.653761741271657
150.4,A0100,-19801.362330768567,-18514.689082524194,11396.849193086062,58.794230895108704,-325.9501182465246,40.59450754038973
150.4,A0200,-55156.59557389337,9510.952726602234,7986.616887460572,82.70046670902923,-303.30677362286474,75.36193540364823
150.4,B0100,27733.840737549366,820.0241880202211,5828.238779967873,-205.4635775065336,-0.42157630960453785,-7.562215842583246
150.4,B0200,27734.006776422055,1365.1913211938008,5828.144992652951,-205.46357750659664,-0.42157630971755866,-7.562215842651522
150.6,A0100,-19789.330055176237,-18579.831230845917,11404.891134097277,58.41441580086255,-325.79277805918827,41.46280813555023
150.6,A0200,-55140.58134214887,9450.27935838352,8002.0133552593215,80.27869399257953,-303.3071036073611,76.14131082505587
150.6,B0100,27692.707756859898,819.9568789268669,5827.002160031654,-205.7647713685766,-0.3890274240308693,-6.1346410692755295
150.6,B0200,27692.87378597026,1365.1301567524843,5826.908378230994,-205.76477136864034,-0.38902742414661595,-6.134641069344385
150.8,A0100,-19777.426383954673,-18644.919975210905,11413.170917170559,57.4258408104191,-325.46623681111544,42.82731893007522
150.8,A0200,-55125.030311932045,9389.56270326878,8017.441145294972,78.34153230834582,-303.7242867173563,75.76157728948728
150.8,B0100,27651.559351681302,819.8622888420996,5826.271901103346,-205.55125689156415,-0.6853522746313411,-2.564518431465465
150.8,B0200,27651.72536688814,1365.0417571328562,5826.178127156118,-205.55125689162892,-0.6853522747513926,-2.5645184315356744
151.0,A0100,-19765.777783093225,-18709.967083281783,11421.65821411182,55.910120368527565,-325.38491344768295,43.4546301542206
151.0,A0200,-55109.742530072,9328.741060357399,8032.731032304226,77.55334853644841,-304.3460659481451,74.87654066232582
151.0,B0100,27610.484266220265,819.7219866976884,5826.263374289334,-205.3286744005696,-0.7573416094129043,-0.026782895893635045
151.0,B0200,27610.65026057983,1364.9076962605286,5826.169612117719,-205.3286744006352,-0.7573416095365193,-0.026782895963742028
151.20000000000002,A0100,-19754.446481940417,-18775.027464311304,11430.175039600615,54.469139886595194,-325.58597967117504,43.12423700283846
151.20000000000002,A0200,-55094.54739262475,9267.785205424883,8047.832751234579,77.1803120179558,-305.01885183492215,74.03037717359342
151.20000000000002,B0100,27569.373285223926,819.5891628475856,5826.351095829925,-205.82625847680214,-0.6899360758149304,-1.2540693480490355
151.20000000000002,B0200,27569.53925987264,1364.781127400568,5826.257344790945,-205.82625847686725,-0.6899360759390992,-1.2540693481172043
151.4,A0100,-19743.316435516615,-18840.15145625494,11438.556240531012,53.85242516629277,-326.00428786953887,42.18450942856406
151.4,A0200,-55079.46120255433,9206.729127829582,8062.858569850734,76.34452501985857,-305.2911209333467,74.24270365789053
151.4,B0100,27528.17159647838,819.4543698234975,5826.121703815592,-206.10456807955046,-0.7354031270849044,-2.724405834071465
151.4,B0200,27528.33755111534,1364.6525759311216,5826.027964078141,-206.1045680796149,-0.7354031272093173,-2.724405834138828
151.6,A0100,-19732.254333031324,-18905.372590833675,11446.722960015986,53.619075948113874,-326.52137876754387,41.1208735964436
151.6,A0200,-55064.625105479885,9145.663260687033,8078.025045545757,74.64362186614197,-305.1760424705834,75.34103761840421
151.6,B0100,27486.96125646298,819.3151890876452,5825.633499288799,-205.86393433645247,-0.7302179670603882,-3.745847085560118
151.6,B0200,27487.12719042263,1364.5196158486888,5825.5397712341655,-205.86393433651725,-0.7302179671849629,-3.745847085627539
151.8,A0100,-19721.2592192733,-18970.678907385616,11454.745844653164,53.060863237116315,-326.81580696375937,40.85854531388403
151.8,A0200,-55050.238133872095,9084.62427042118,8093.409054631546,72.014509168615,-305.13589158982495,76.19056413334368
151.8,B0100,27445.812843560194,819.1917305136722,5824.928824209126,-205.74012137012252,-0.6272403595873322,-5.246281574200915
151.8,B0200,27445.978759229714,1364.4023499355308,5824.835106485703,-205.74012137018693,-0.627240359712001,-5.246281574268183
152.0,A0100,-19710.434564865067,-19036.015809848694,11462.799670970591,51.91802878824155,-326.83226889105975,41.37841610701873
152.0,A0200,-55036.34653236003,9023.55082907037,8108.827866708489,69.97299859168244,-305.515431018263,75.79554049639407
152.0,B0100,27404.613571987662,819.0787884342681,5823.9166411937695,-206.199935289764,-0.6081499213720151,-6.202498288128415
152.0,B0200,27404.77947096187,1364.295581848206,5823.822932898582,-206.19993528982806,-0.6081499214974042,-6.20249828819622
152.20000000000002,A0100,-19699.915854998693,-19101.34373565133,11470.986256625787,50.035415325641864,-326.76885871747265,41.989505262856525
152.20000000000002,A0200,-55022.7323475732,8962.37770888336,8124.105583121713,69.13552098922537,-306.1204498002398,74.89886409205921
152.20000000000002,B0100,27363.34770353762,818.9498859438263,5823.030131249714,-206.2979492570138,-0.81650610532645,-3.7419474151295753
152.20000000000002,B0200,27363.51358339535,1364.1728742593132,5822.936433755705,-206.29794925707844,-0.8165061054555927,-3.7419474151995242
152.4,A0100,-19689.76518148025,-19166.686212458735,11479.189999561351,48.465299384388466,-326.9753730229165,41.55237827202573
152.4,A0200,-55009.21933535904,8901.072382868912,8139.193159863684,68.72065223252345,-306.78703060381787,74.03989427735218
152.4,B0100,27322.11012419492,818.7782200323654,5822.826922249824,-206.12486154643258,-0.9663947360990182,-0.43435583087913565
152.4,B0200,27322.27597843984,1364.0074576060451,5822.733239220041,-206.12486154649847,-0.9663947362326627,-0.4343558309504143
152.6,A0100,-19679.83233699274,-19232.093009678025,11487.242377983854,47.7923087809101,-327.39571446033847,40.565644821920095
152.6,A0200,-54995.825997768545,8839.667462273308,8154.199701838428,67.81499149189465,-307.05902864853806,74.20968938082613
152.6,B0100,27280.879853471684,818.5883276799232,5823.078306335672,-206.21440652207926,-1.0420775083802185,0.8251122325504269
152.6,B0200,27281.04567933793,1363.8238524200424,5822.984639337768,-206.2144065221456,-1.0420775085166678,0.8251122324792348
152.8,A0100,-19669.977215192237,-19297.597720357175,11495.0750235143,47.505390256216685,-327.92046797921574,39.4809544164267
152.8,A0200,-54982.698940561844,8778.252580402135,8169.333265888792,66.02732780666966,-306.94339475358373,75.21384042382097
152.8,B0100,27239.629330975265,818.3654774678598,5823.51359122061,-206.27063786404815,-1.2733832871593533,1.8044015029741267
152.8,B0200,27239.79512345484,1363.6073082391813,5823.419943082286,-206.27063786411475,-1.2733832872982358,1.8044015029027896
153.0,A0100,-19660.188909701163,-19363.200106806984,11502.727563834716,47.15598059457332,-328.364096686468,38.784035361236796
153.0,A0200,-54970.03556112773,8716.866186930001,8184.659877605864,63.34650626132408,-306.8858653090344,75.92318363158593
153.0,B0100,27198.39004211172,818.100186572854,5824.123999720059,-206.05800796053114,-1.434708177297692,2.647992598645049
153.0,B0200,27198.555794755703,1363.348336701336,5824.030374082935,-206.05800796059847,-1.4347081774385568,2.647992598573561
153.20000000000002,A0100,-19650.450912861645,-19428.869096162132,11510.303239594017,46.91555248556307,-328.5452077843556,38.81835561010888
153.20000000000002,A0200,-54957.872368625365,8655.449816571963,8199.995397961855,61.297179160042084,-307.2426582580241,75.42241003637483
153.20000000000002,B0100,27157.213101300735,817.841245292977,5824.796330691906,-205.8214199876515,-1.2833920718581289,1.6023815572895628
153.20000000000002,B0200,27157.37881507452,1363.0957106192973,5824.7027270096005,-205.82141998771925,-1.283392071999307,1.6023815572188516
153.4,A0100,-19640.77708058804,-19494.540775208938,11517.969838639552,46.502380296685445,-328.39674353817827,39.6645283511141
153.4,A0200,-54945.98802637492,8593.936647050225,8215.174303289252,60.44780389064864,-307.84079778665773,74.47149211844678
153.4,B0100,27116.037628990336,817.5924025220665,5824.888375568111,-205.94099690012706,-1.2933755649587864,-2.6509628144828548
153.4,B0200,27116.203305423267,1362.8531330122469,5824.794792975703,-205.94099690019348,-1.2933755650976153,-2.650962814551528
153.60000000000002,A0100,-19631.238679678583,-19560.160555823022,11525.866103243134,45.48260693201381,-328.07046282287973,40.96910568717594
153.60000000000002,A0200,-54934.20958115887,8532.291609584208,8230.154900976264,59.99242453150768,-308.5084835257643,73.5759899361186
153.60000000000002,B0100,27074.85772627474,817.3432670845759,5824.246551431954,-205.79252515494187,-1.285241675732425,-4.76858176733234
153.60000000000002,B0200,27075.023365319183,1362.6102004178856,5824.152989961698,-205.79252515500755,-1.2852416758706893,-4.768581767401316
153.8,A0100,-19621.959330102185,-19625.736524777298,11533.955677065227,43.95936377733645,-327.96586336845826,41.5187683734696
153.8,A0200,-54922.56420522194,8470.545843297856,8245.044559240174,58.98973148973344,-308.79122103540413,73.67681791833425
153.8,B0100,27033.691510559085,817.1036263500828,5823.474304528945,-205.93987708846137,-1.2373290096831444,-4.750702526534954
153.8,B0200,27033.857113658498,1362.3767492513607,5823.380763363368,-205.9398770885272,-1.2373290098229675,-4.75070252660557
154.0,A0100,-19612.996714135817,-19691.319544283833,11542.059797635624,42.526286886077415,-328.1343769690452,41.12259343929173
154.0,A0200,-54911.208420966956,8408.787282194,8260.041073410583,57.07403306258384,-308.6906185881422,74.54735033144206
154.0,B0100,26992.455416747824,816.8578267699231,5822.728461865117,-206.352678753931,-1.3496835990960296,-4.0739621653383
154.0,B0200,26992.620982962828,1362.13715212454,5822.634941529477,-206.35267875399705,-1.3496835992384193,-4.073962165410373
154.20000000000002,A0100,-19604.234598678384,-19756.961617712674,11550.018079931166,41.90707058538495,-328.53925098269383,40.145080645684644
154.20000000000002,A0200,-54900.28031262217,8347.03881119885,8275.159434499103,55.15816242377402,-308.81545748419853,74.67915101524359
154.20000000000002,B0100,26951.186987068853,816.5573138121163,5822.35985014532,-206.17183761011472,-1.7694205036383257,-0.9457738616296795
154.20000000000002,B0200,26951.35250809051,1361.8428789153113,5822.26635533614,-206.17183761018177,-1.769420503785072,-0.9457738617039685
154.4,A0100,-19595.54290804214,-19822.69943602307,11557.756340505224,41.64897956504339,-329.05223369074827,39.05984261298368
154.4,A0200,-54889.60329215831,8285.225721941933,8290.207423637654,54.460140906757836,-309.313808138119,73.98424953877362
154.4,B0100,26909.985767909624,816.1947145783506,5822.634178054272,-205.98883842927088,-1.9098397566377507,1.229298563296611
154.4,B0200,26910.15123430783,1361.4865644076017,5822.540714103514,-205.9888384293387,-1.9098397567880276,1.2292985632218085
154.60000000000002,A0100,-19586.926202269096,-19888.521913941604,11565.345403005977,41.03493101744719,-329.3437748443334,38.759851404581944
154.60000000000002,A0200,-54879.038229781625,8223.314075770912,8305.133314374052,53.616337600242204,-309.6760401557124,73.74758308113942
154.60000000000002,B0100,26868.746295343113,815.8164596246206,5822.968774355386,-206.4603546041049,-1.9777074281414468,0.005840532879048792
154.60000000000002,B0200,26868.911704738188,1361.1146051657888,5822.875342601863,-206.46035460417215,-1.977707428292446,0.0058405328056802125
154.8,A0100,-19578.493555436507,-19954.374085758405,11572.954269129128,39.81482529104908,-329.3528357968606,39.20567345707692
154.8,A0200,-54868.76319307013,8161.369915779418,8320.093438082302,51.57664927666322,-309.69391034391873,74.20063066655669
154.8,B0100,26827.42179992825,815.4150086258542,5822.989001809294,-206.7093109860104,-2.110958635163831,-1.4634790049130058
154.8,B0200,26827.587148792536,1360.71943581495,5822.895604246676,-206.70931098607724,-2.110958635315145,-1.463479004985516
155.0,A0100,-19570.381559540994,-20020.21422072967,11580.6765247513,37.87043913111902,-329.2627140036727,39.701223102888555
155.0,A0200,-54858.93851818552,8099.412464908739,8335.087719619427,49.58833940410667,-309.9165526038354,73.94505730094848
155.0,B0100,26786.09415533839,814.9922060413555,5822.741768556054,-206.44249071499,-2.1864900044658335,-2.5590920011153306
155.0,B0200,26786.259440427908,1360.302892399066,5822.648407016719,-206.44249071505715,-2.186490004617429,-2.5590920011877376
155.20000000000002,A0100,-19562.64520287412,-20086.062480749642,11588.393631356097,36.280757237120255,-329.43742056693117,39.168655969939984
155.20000000000002,A0200,-54849.37427006398,8037.375887682079,8349.957015814936,48.84796098880259,-310.4651063033799,73.07931293400844
155.20000000000002,B0100,26744.831815844973,814.573858650745,5822.2621083808845,-206.31354508150915,-2.1199940437136213,-4.1407335087337795
155.20000000000002,B0200,26744.99703783115,1359.8907743000855,5822.168782485569,-206.31354508157577,-2.1199940438650997,-4.1407335088059325
155.4,A0100,-19555.12988772076,-20151.970695717016,11595.94504874263,35.59103373686177,-329.8451330455405,38.13137916422859
155.4,A0200,-54839.906015738015,7975.216518606936,8364.644384787302,48.389879177245575,-311.07362193382136,72.2880983547138
155.4,B0100,26703.543008481134,814.1527839808987,5821.56963645474,-206.4515995890854,-2.163269364630034,-3.705253249316336
155.4,B0200,26703.708166953104,1359.4759146778479,5821.4763464355165,-206.45159958915227,-2.16326936478358,-3.705253249390061
155.60000000000002,A0100,-19547.69697633091,-20217.975605374453,11603.269301771794,35.26963677377882,-330.3667939945199,37.015242862746696
155.60000000000002,A0200,-54830.55957402049,7912.970844791998,8379.261667956871,47.518609389380174,-311.26894613922366,72.49132970033706
155.60000000000002,B0100,26662.253400439135,813.7454598829645,5821.247764830827,-206.49538226985192,-2.035538177501642,-1.4150504209947965
155.60000000000002,B0200,26662.41849748405,1359.0748375625562,5821.154509506632,-206.49538226992004,-2.0355381776589567,-1.415050421069952
155.8,A0100,-19540.340969013512,-20284.07784344345,11610.406417071934,34.85264355738085,-330.8112221259957,36.283929911706295
155.8,A0200,-54821.46537258189,7850.733810456819,8394.008986185916,45.83317327864016,-311.0380503680658,73.49651903629578
155.8,B0100,26620.938797411403,813.3458543275765,5821.302271810326,-206.56924155801664,-2.0799530362981313,0.257426136841762
155.8,B0200,26621.103834209738,1358.681515093932,5821.209050517578,-206.56924155808517,-2.079953036458687,0.2574261367659613
156.0,A0100,-19533.0533260936,-20350.248512103924,11617.461252448844,34.495537866919875,-331.0084133169204,36.293736632176525
156.0,A0200,-54812.81057170231,7788.554565845632,8408.950133691691,43.277106622043085,-310.80786626591004,74.21529991867611
156.0,B0100,26579.64403265585,812.9125959129897,5821.706798676658,-206.41076017188482,-2.3488842254688795,2.0698864257485647
156.0,B0200,26579.80900409185,1358.2545667959075,5821.613614303924,-206.4107601719539,-2.348884225632472,2.0698864256729914
156.20000000000002,A0100,-19525.858071949937,-20416.426464487937,11624.60002693406,33.918747711504764,-330.8877152746139,37.092425758688385
156.20000000000002,A0200,-54804.63644513894,7726.378264065428,8423.903567002188,41.29030273185754,-311.0246556423212,73.7323015588174
156.20000000000002,B0100,26538.381464721566,812.4275014938485,5822.425778277862,-206.15318517311906,-2.553358472609778,3.4962147926032356
156.20000000000002,B0200,26538.546362919064,1357.7758045946284,5822.332635277218,-206.15318517318877,-2.553358472775956,3.496214792528034
156.4,A0100,-19518.833452195682,-20482.558279961464,11631.953089781038,32.72175113173728,-330.5838269705547,38.28642636395542
156.4,A0200,-54796.73467829736,7664.124951817717,8438.70247212123,40.447087221617906,-311.5584480010961,72.78376757218788
156.4,B0100,26497.18472303253,811.9451128576211,5823.31629266928,-205.94078694016733,-2.3851546772999193,2.9557717661766865
156.4,B0200,26497.34954840502,1357.299752897974,5823.223190800738,-205.9407869402375,-2.3851546774669568,2.955771766103161
156.60000000000002,A0100,-19512.09703292733,-20548.648502930286,11639.472204107313,31.08909550925003,-330.47609631269,38.682148685749745
156.60000000000002,A0200,-54788.94115414399,7601.7487175946335,8453.302498656427,39.97030145081625,-312.18717171246954,71.88199598838473
156.60000000000002,B0100,26455.97696272599,811.4812931171773,5823.69087966828,-206.18850041051851,-2.339122375275452,-1.3504944168325907
156.60000000000002,B0200,26456.141718091094,1356.842227484135,5823.5978173435215,-206.18850041058744,-2.339122375440122,-1.3504944169026674
156.8,A0100,-19505.69192600085,-20614.74316593877,11646.974952151166,29.613233971442654,-330.62682310175546,38.14825156936324
156.8,A0200,-54781.28257421357,7539.280960769127,8467.808592877234,38.9750700058523,-312.41142538650496,71.95662911132403
156.8,B0100,26414.740103425516,811.0318734163711,5823.161380386731,-205.99719748607444,-2.230588013878287,-5.200089148734488
156.8,B0200,26414.90479096964,1356.3990289265166,5823.068356370759,-205.99719748614268,-2.23058801404063,-5.200089148803109
157.0,A0100,-19499.493573105214,-20680.89463841611,11654.311105380299,28.967306167450758,-331.02704477816513,37.098214028506895
157.0,A0200,-54773.907749744045,7476.8158854427675,8482.414280433957,37.11064068846103,-312.2092208006788,72.78422295410306
157.0,B0100,26373.57667074327,810.609499094232,5822.032078301114,-205.76085471972914,-2.1128398766500656,-7.93554903864859
157.0,B0200,26373.74129457028,1355.9828131033737,5821.93909027585,-205.76085471979658,-2.1128398768109227,-7.935549038717593
157.20000000000002,A0100,-19493.37254287521,-20747.141807683503,11661.417097553087,28.65822114700418,-331.5414145475516,35.97351819478922
157.20000000000002,A0200,-54766.949547211276,7414.384303626681,8497.134301240876,35.234196408988296,-312.22324142298976,72.88755591103354
157.20000000000002,B0100,26332.4029849675,810.1941741689898,5820.4775160125355,-205.85810818359013,-2.132208527714836,-8.460395610603019
157.20000000000002,B0200,26332.56754614174,1355.5736117326396,5820.384563375712,-205.85810818365744,-2.1322085278768306,-8.460395610674276
157.4,A0100,-19487.323224751213,-20813.484214044027,11668.335015354956,28.28637852497886,-331.97565442495403,35.23333103624669
157.4,A0200,-54760.23977893582,7351.903338987042,8511.779696115947,34.52536036958031,-312.6750288589055,72.1754230281941
157.4,B0100,26291.22019678174,809.7870699502373,5819.127113891547,-205.98149971175403,-2.0606659334206854,-6.877181789367036
157.4,B0200,26291.384696559922,1355.1726499739389,5819.034195936529,-205.98149971182195,-2.060665933586121,-6.877181789440835
157.60000000000002,A0100,-19481.327969974944,-20879.893559242726,11675.166670951472,28.033678913937475,-332.16663649675957,35.21755805705858
157.60000000000002,A0200,-54753.64517751383,7289.331035880477,8526.298522090816,33.67331580571445,-312.9909301871552,71.90474390691543
157.60000000000002,B0100,26249.98365718926,809.3774056195653,5818.064458333925,-206.2893300353765,-2.164939138719265,-5.15675142014037
157.60000000000002,B0200,26250.148095179502,1354.769160970729,5817.971575277777,-206.28933003544503,-2.1649391388884265,-5.156751420215617
157.8,A0100,-19475.396679484464,-20946.308054727524,11682.079216805823,27.636933523028414,-332.0309232385981,36.01537530281845
157.8,A0200,-54747.33823193119,7226.741122475429,8540.842109786707,31.66457069815241,-312.903192686377,72.30192755630851
157.8,B0100,26208.737805014945,808.9157621312379,5817.539298625326,-205.99021677485533,-2.5500533630470312,-1.4904191189684861
157.8,B0200,26208.902173324772,1354.3137403649525,5817.446454930408,-205.99021677492496,-2.5500533632212705,-1.4904191190458376
158.0,A0100,-19469.593188679948,-21012.670748021017,11689.213595135028,26.66920848261857,-331.68181677478157,37.30162620158713
158.0,A0200,-54741.474424441454,7164.162109266508,8555.409682015455,29.700356496648233,-313.0132313968823,72.00647559667246
158.0,B0100,26167.57491660377,808.404682131737,5817.700808924095,-205.8198346830966,-2.6204536269052845,0.671756708512117
158.0,B0200,26167.73920772202,1353.8089295837226,5817.608008828818,-205.81983468316685,-2.620453627083501,0.6717567084348112
158.20000000000002,A0100,-19464.039566606276,-21078.980383735423,11696.541227466429,25.185965302278266,-331.5118963663678,37.85561214654093
158.20000000000002,A0200,-54735.87050395844,7101.519396407988,8569.8463005357,28.942805093119002,-313.51422028157134,71.11764718670116
158.20000000000002,B0100,26126.373589104285,807.8872147996444,5817.902145169863,-206.22170385211734,-2.66359253672373,-0.7247731690113091
158.20000000000002,B0200,26126.537802063103,1353.2977407302233,5817.809389226271,-206.22170385218706,-2.663592536902452,-0.724773169086629
158.4,A0100,-19458.79705579999,-21145.282242934503,11703.884818938326,23.764019450604334,-331.60764013322733,37.46710127863952
158.4,A0200,-54730.36819718661,7038.760515975835,8584.096360974803,28.45051674132839,-314.0931425933933,70.29976037660052
158.4,B0100,26085.102204937306,807.3505322161982,5817.754741793622,-206.42756531628203,-2.7751733495755286,-2.35339227725689
158.4,B0200,26085.266336814682,1352.7673173361718,5817.662031646869,-206.4275653163512,-2.7751733497544326,-2.3533922773309306
158.60000000000002,A0100,-19453.75595709588,-21211.632519456725,11711.083214512195,23.128477247789238,-331.97725742211344,36.48759594671051
158.60000000000002,A0200,-54724.994445806755,6975.921466170017,8598.268817504897,27.547284627485258,-314.25266851210785,70.4513757483411
158.60000000000002,B0100,26043.830861128008,806.7972554012213,5817.312699380114,-206.15501531621908,-2.824741155733423,-3.559245136890176
158.60000000000002,B0200,26043.994909400695,1352.2202744135275,5817.220036458668,-206.15501531628848,-2.824741155912459,-3.559245136963809
158.8,A0100,-19448.789341879856,-21278.074216805962,11718.059956756908,22.85202033264149,-332.475469306663,35.388186006379
158.8,A0200,-54719.87724122267,6913.10064610434,8612.557596983468,25.8544815001237,-313.9559760229652,71.37347325935288
158.8,B0100,26002.62500717838,806.2519320592619,5816.619264228497,-206.0282459782974,-2.752297215166735,-5.228842460138755
158.8,B0200,26002.788973052477,1351.681153432899,5816.526647850018,-206.0282459783665,-2.75229721534554,-5.2288424602118875
159.0,A0100,-19443.89897173364,-21344.597433283285,11724.883592985472,22.245857948866092,-332.7453935017486,35.06500117863439
159.0,A0200,-54715.197029949646,6850.356259122102,8627.021857000658,23.324391843613586,-313.6072780543293,71.99854401186028
159.0,B0100,25961.36843156279,805.7105847325565,5815.587643327701,-206.48809661647877,-2.7656771037265204,-6.312378146328142
159.0,B0200,25961.532315640918,1351.1459871456736,5815.495073151804,-206.48809661654732,-2.765677103906318,-6.3123781464013335
159.20000000000002,A0100,-19439.187983179905,-21411.143881625616,11731.722475920571,21.064499486173638,-332.7103274293978,35.49036900561565
159.20000000000002,A0200,-54710.991767198626,6787.638427085731,8641.482170477975,21.356965866392844,-313.7201125465,71.45121793403435
159.20000000000002,B0100,25920.044491142664,805.146802104261,5814.662585671575,-206.59260405998126,-3.006618235385789,-3.919137247009924
159.20000000000002,B0200,25920.208290014547,1350.5884049406395,5814.570063624553,-206.59260406005066,-3.006618235569529,-3.9191372470847954
159.4,A0100,-19434.787459160667,-21477.66537241876,11738.672953016105,19.172573763820417,-332.53228168745784,35.99177203381802
159.4,A0200,-54707.05835266608,6724.858310278712,8655.778177546305,20.49864255203505,-314.20599114614623,70.46559549245121
159.4,B0100,25878.74663704492,804.5337063099796,5814.411289116872,-206.4297523228975,-3.1887364844659523,-0.6429837950645215
159.4,B0200,25878.910343223906,1349.9815634430888,5814.318819426504,-206.42975232296797,-3.1887364846545987,-0.6429837951404045
159.60000000000002,A0100,-19430.755967041205,-21544.176594602395,11745.621030076472,17.59613635464418,-332.6234325660781,35.47248896639806
159.60000000000002,A0200,-54703.23918994486,6661.961859167783,8669.86881232063,19.979280027306555,-314.80635849434026,69.53043088285482
159.60000000000002,B0100,25837.4547307358,803.896248084452,5814.61155330194,-206.52178311797795,-3.292689138466038,0.6120407562094461
159.60000000000002,B0200,25837.6183405205,1349.3503973706574,5814.519138061105,-206.52178311804866,-3.2926891386577646,0.6120407561338577
159.8,A0100,-19426.946149110838,-21610.735625547008,11752.405048352015,16.890773025049274,-332.99036593030615,34.43782140266711
159.8,A0200,-54699.56494271946,6598.980170046689,8683.85588818694,18.92730052831637,-314.9922555254222,69.53729604542089
159.8,B0100,25796.142428439398,803.2204126903516,5814.994517764655,-206.57681988252827,-3.550129489962722,1.5817071964305625
159.8,B0200,25796.305936001234,1348.680872912253,5814.902160262425,-206.57681988259912,-3.5501294901571208,1.5817071963550369
160.0,A0100,-19423.22256011864,-21677.38612436296,11758.961168861359,16.553414408585233,-333.49291126541254,33.312119343816555
160.0,A0200,-54696.18501421542,6536.011290213544,8697.924061067013,17.019489986973817,-314.72240066554986,70.25046861520909
160.0,B0100,25754.841638983176,802.4975493306956,5815.549204714956,-206.36288392209636,-3.7312742423427476,2.40403225042132
160.0,B0200,25755.005037173945,1347.9643334794437,5815.456908993281,-206.36288392216792,-3.73127424253926,2.4040322503456486
160.20000000000002,A0100,-19419.57773673159,-21744.13001469934,11765.32762135061,16.130516741572205,-333.91921849174923,32.56632546560299
160.20000000000002,A0200,-54693.226953704616,6473.092161693607,8712.082668355495,15.123285173895214,-314.65680513255813,70.2498057570125
160.20000000000002,B0100,25713.603687521492,801.7815775989111,5816.161198186795,-206.12112236902638,-3.564693218813777,1.3307421575097171
160.20000000000002,B0200,25713.766977386458,1347.2546810434833,5816.068963649905,-206.12112236909817,-3.5646932190106164,1.3307421574349192
160.4,A0100,-19416.001204592736,-21810.9405270095,11771.608290359945,15.783817310680057,-334.1134412480569,32.55555508026081
160.4,A0200,-54690.52266649959,6410.134575981247,8726.151692095038,14.376631771284337,-315.0752265885562,69.48704157804409
160.4,B0100,25672.36905691972,801.0705410906967,5816.187310583726,-206.2275142311958,-3.622293219251178,-2.9385682240684066
160.4,B0200,25672.532239209846,1346.5499130366197,5816.095136813859,-206.22751423126633,-3.6222932194455217,-2.9385682241412967
160.60000000000002,A0100,-19412.5121427587,-21877.7579599405,11777.968342558352,15.246502872354263,-333.99071786601223,33.329740057940214
160.60000000000002,A0200,-54687.914352504566,6347.072816032589,8740.050619375808,13.960201879976076,-315.60168059284007,68.7326285023292
160.60000000000002,B0100,25631.13618276468,800.3536396462268,5815.489593256989,-206.05464002181432,-3.634574401318797,-4.9469446835710364
160.60000000000002,B0200,25631.299256582734,1345.8392176944271,5815.39748075774,-206.05464002188415,-3.6345744015124857,-4.946944683644313
160.8,A0100,-19409.182206308506,-21944.52657423659,11784.538778268397,14.118309713185583,-333.653009304543,34.51703009464525
160.8,A0200,-54685.39765523188,6283.942038177305,8753.884627920175,13.369816847280626,-315.6929627761467,68.96198544625305
160.8,B0100,25589.917434869254,799.6409551042607,5814.687995594106,-206.19988146696022,-3.61690189264885,-4.776093216816619
160.8,B0200,25590.080400853214,1345.1327281909362,5814.595944004039,-206.1998814670301,-3.616901892844397,-4.776093216891253
161.0,A0100,-19406.12820321843,-22011.242924846458,11791.276238619319,12.539292532049718,-333.4753783675564,34.92097870719869
161.0,A0200,-54683.04781412108,6220.844735124829,8767.854756448985,12.258812450488135,-315.30593217456595,69.98687052673779
161.0,B0100,25548.630398537767,798.915666428109,5813.940222967423,-206.60112198528824,-3.7646268052722514,-3.9859578382673067
161.0,B0200,25548.793254776392,1344.413649551574,5813.848233367182,-206.60112198535833,-3.764626805470709,-3.9859578383429146
161.20000000000002,A0100,-19403.39741095978,-22077.94834096343,11797.999563641371,11.086618394339734,-333.55236162399115,34.39801857280139
161.20000000000002,A0200,-54681.01132090313,6157.85319047017,8782.039888583931,10.29934043289646,-314.75947816303085,70.92233326504473
161.20000000000002,B0100,25507.314660539276,798.1279438394786,5813.588410588734,-206.3974001894979,-4.224441438867802,-0.7788524469335678
161.20000000000002,B0200,25507.477397543662,1343.6321753505545,5813.496488337067,-206.39740018956917,-4.224441439070841,-0.7788524470112007
161.4,A0100,-19400.87207068886,-22144.699826270746,11804.557456522432,10.433909492204672,-333.91701814271164,33.348243650576514
161.4,A0200,-54679.37180721218,6094.927644869251,8796.293837678426,8.545531867458854,-314.69372010019396,70.7169871010133
161.4,B0100,25466.069928095716,797.2709210162193,5813.892818765235,-206.2002061453804,-4.394092588816475,1.448508542688698
161.4,B0200,25466.232535341853,1342.7814464554285,5813.80096980985,-206.20020614545246,-4.394092589023207,1.4485085426109634
161.60000000000002,A0100,-19398.42674466945,-22211.54242729758,11810.884293053407,10.11022677077764,-334.41370645929857,32.21580005046522
161.60000000000002,A0200,-54677.98122918136,6031.967264814892,8810.433906093254,7.742418413460138,-315.07979237016633,69.89798638557319
161.60000000000002,B0100,25424.788703019814,796.3938512933728,5814.265243086793,-206.66714167047923,-4.477746182763187,0.253322824321062
161.60000000000002,B0200,25424.951177461124,1341.9106820427905,5814.173469146417,-206.66714167055062,-4.477746182970902,0.25332282424476643
161.8,A0100,-19396.055032663135,-22278.47668363465,11817.021151529674,9.732282865901919,-334.8325367599283,31.46458586712928
161.8,A0200,-54676.69194882262,5968.904518170893,8824.389389109372,7.341767941529025,-315.6268178488229,69.03338608864446
161.8,B0100,25383.42344507056,795.4910097453276,5814.327839398249,-206.91159896018806,-4.621863666572463,-1.1983816304218817
161.8,B0200,25383.585782788898,1341.0141319813256,5814.236142686057,-206.91159896025863,-4.6218636667806905,-1.19838163049748
162.0,A0100,-19393.737333571673,-22345.47684627801,11823.068961156623,9.489754946046492,-335.0261480675965,31.431916145565598
162.0,A0200,-54675.496671623936,5905.768851710298,8838.259340096476,6.7051939542089,-315.7302376868544,69.17309446619325
162.0,B0100,25342.05583655202,794.5652722544055,5814.125183154254,-206.64137405500165,-4.702089264098663,-2.2882673768460036
162.0,B0200,25342.218034064488,1340.0946635659366,5814.033565636493,-206.6413740550723,-4.702089264307094,-2.2882673769215813
162.20000000000002,A0100,-19391.478772037925,-22412.483363432777,11829.193779516158,9.131709877536965,-334.89873829401824,32.20811343229963
162.20000000000002,A0200,-54674.484260552046,5842.66988355984,8852.257807541384,5.471329663447613,-315.2945813265165,70.24225219838137
162.20000000000002,B0100,25300.75391787851,793.6420777400654,5813.690881789451,-206.51323870512607,-4.646888349121002,-3.8658387061233057
162.20000000000002,B0200,25300.915975573706,1339.177708259518,5813.599343250904,-206.51323870519633,-4.64688834932931,-3.865838706198747
162.4,A0100,-19389.336595310604,-22479.43804748399,11835.536787912175,8.234129021924531,-334.5314544842744,33.48724443692411
162.4,A0200,-54673.81636275028,5779.688206408944,8866.487651167918,3.3427017641371606,-314.68314539425194,71.25284903743727
162.4,B0100,25259.42554605882,792.7160583311197,5813.04566691796,-206.64849034294255,-4.690855809087926,-3.4139177349502585
162.4,B0200,25259.587463502383,1338.257913974935,5812.954207597555,-206.64849034301292,-4.69085580929843,-3.4139177350268732
162.60000000000002,A0100,-19387.431411270896,-22546.331842410444,11842.073934318556,6.807666443293332,-334.30370161064457,34.04954230879412
162.60000000000002,A0200,-54673.57230890454,5716.784838285683,8880.791306555573,1.5008288549114994,-314.57017985246506,71.03689386613581
162.60000000000002,B0100,25218.09731879983,791.8008896736565,5812.775240033174,-206.6865082204771,-4.584236057184382,-1.1021073438959827
162.60000000000002,B0200,25218.259097646616,1337.349002592222,5812.683859000437,-206.6865082205487,-4.584236057398823,-1.102107343973958
162.8,A0100,-19385.828560743408,-22613.20435139357,11848.629335979012,5.41248511288344,-334.3319178850568,33.67279374231818
162.8,A0200,-54673.58885579695,5653.853156064786,8894.978308184182,0.6584909723047176,-314.934811212279,70.20721344234664
162.8,B0200,25176.907037672696,1336.4437565036742,5812.7936904090875,-206.75202948116745,-4.647378133691952,0.5872792821700454
163.0,A0100,-19384.42518887377,-22680.115315968298,11855.040926947244,4.772754975460005,-334.66820546209783,32.694702119084404
163.0,A0200,-54673.71377554866,5590.822233131734,8908.97931426792,0.2198822123826343,-315.4689748039445,69.33515838225284
163.0,B0200,25135.576685450094,1335.5014339209056,5813.255628169953,-206.58366709586483,-4.932616482162841,2.401704034565138
163.20000000000002,A0100,-19383.098650952787,-22747.113498816852,11861.230197729876,4.4826414363708516,-335.15132796275833,31.58868459290789
163.20000000000002,A0200,-54673.943752247906,5527.72083374565,8922.891340269405,-0.49440482474613184,-315.5603741871931,69.44330687854023
163.20000000000002,B0200,25094.280134801127,1334.5045097115271,5814.031138330558,-206.318493413959,-5.147736914832274,3.8198947701609685
163.4,A0100,-19381.84897546685,-22814.190035925247,11867.264625351218,3.8872316738940373,-335.40022314915575,31.25590839060562
163.4,A0200,-54674.37600122104,5464.6583837333565,8936.92041078813,-1.839536405162298,-315.1140984695073,70.42767659325644
163.4,B0200,25053.050239411044,1333.5126275612229,5814.976312184397,-206.10550564788312,-4.9560450209238605,3.266565804911802
163.60000000000002,A0100,-19380.773438177304,-22881.283707292507,11873.312748979748,2.7474243033552836,-335.3242898744398,31.676416080241584
163.60000000000002,A0200,-54675.1732944311,5401.7153758405875,8951.156850622549,-4.050028066259399,-314.4915477888386,71.2920504744999
163.60000000000002,B0200,25011.809080717005,1332.5391047844687,5815.4017761271625,-206.35820872840353,-4.929879399412299,-1.0647828064057512
163.8,A0100,-19379.997683380734,-22948.34057912616,11879.473537922355,0.9117597261855221,-335.0653488629144,32.19556742929738
163.8,A0200,-54676.40355989522,5338.852723634835,8965.438810386542,-5.9119504799374045,-314.36950142428935,70.9565246868374
163.8,B0200,24970.53777871784,1331.5707164923288,5814.918266285442,-206.172693153769,-4.878023011403643,-4.931897320048091
164.0,A0100,-19379.58330395757,-23015.370023392752,11885.636519276512,-0.6454870469410312,-335.0774187351201,31.69694822706287
164.0,A0200,-54677.89722009316,5275.9627964810425,8979.586444999888,-6.769227693990629,-314.73168543279485,70.0656232709507
164.0,B0200,24929.338944063165,1330.6223699149732,5813.832704643319,-205.94126775868872,-4.784120675025212,-7.675917849409919
164.20000000000002,A0100,-19379.390025876015,-23082.435660021878,11891.6383245188,-1.3607500977297247,-335.40476175695585,30.670177261090952
164.20000000000002,A0200,-54679.50443624469,5212.974178096898,8993.539474478643,-7.251935013410385,-315.2606953464791,69.1595649175358
164.20000000000002,B0200,24888.12930340921,1329.675477237679,5812.321305076379,-206.0386172090687,-4.835923215168844,-8.19514265613644
164.4,A0100,-19379.2859722058,-23149.587603335258,11897.412605798263,-1.7117712496692854,-335.8881739658344,29.541828075398303
164.4,A0200,-54681.23208266674,5149.916365262528,9007.394837954449,-8.081014464042594,-315.34501614788763,69.20751823283906
164.4,B0200,24846.910750509363,1328.7394979922374,5811.0162504903365,-206.161075994829,-4.705363206796505,-6.59871321657231
164.60000000000002,A0100,-19379.262033718573,-23216.829035382278,11902.996495130905,-2.136357194904344,-336.29651444254836,28.792039230131934
164.60000000000002,A0200,-54683.19087172274,5086.898724675975,9021.348716840203,-9.592183698372905,-314.8940320106807,70.06481146552088
164.60000000000002,B0200,24805.64647261913,1327.8121208777084,5809.997618344763,-206.37201449315927,-4.738928318234831,-4.891540877399346
164.8,A0100,-19379.304936483542,-23284.13528466609,11908.493333149989,-2.462938882328352,-336.48796254648875,28.772912927585303
164.8,A0200,-54685.54565211882,5024.001049803155,9035.475384590773,-11.928304888732917,-314.2708458036784,70.72340716718408
164.8,B0200,24764.392138423365,1326.856643383081,5809.516609271395,-206.05194819510137,-4.9966945461721,-1.397440271230604
165.0,A0100,-19379.42796401164,-23351.448229240526,11914.067765974203,-2.946468718281687,-336.36467335193885,29.538057208177264
165.0,A0200,-54688.34796921554,4961.183595713195,9049.608235254229,-13.82439688272454,-314.1496751446775,70.22348141929426
165.0,B0200,24723.204789484545,1325.8447256407617,5809.636993144339,-205.90794366900525,-5.257773252804825,0.6543734772507723
165.20000000000002,A0100,-19379.69559794717,-23418.71029188368,11919.85218302433,-3.9900247313491133,-335.99817850352656,30.73753364746135
165.20000000000002,A0200,-54691.418178041335,4898.338333130723,9063.582685421286,-14.702298849397234,-314.5153436984673,69.25002721475936
165.20000000000002,B0200,24682.009714449534,1324.7928303832305,5809.960697843771,-206.0662983265248,-5.391599069619849,0.6728552839825193
165.4,A0100,-19380.224222515568,-23485.91044907278,11925.808539537302,-5.505876665460788,-335.75548724262575,31.17030070770932
165.4,A0200,-54694.608550820296,4835.394081927916,9077.350644682512,-15.241012903447922,-315.04215544259466,68.29401975586427
165.4,B0200,24640.793052087654,1323.7135080142361,5810.188652250896,-205.9984285259822,-5.506748639334383,0.14903679966571226
165.60000000000002,A0100,-19381.06671545573,-23553.085122223172,11931.756917066084,-6.931248381418925,-335.76154525302115,30.675486554636446
165.60000000000002,A0200,-54697.93946799172,4772.381417075525,9091.007749229775,-16.222177883736897,-315.121835101536,68.2503634585859
165.60000000000002,B0200,24599.623914564305,1322.647585486974,5810.249112247971,-205.73962650553796,-5.3489309392591755,-1.6282778160051072
165.8,A0100,-19382.11269024867,-23620.295396537767,11937.543739712106,-7.587773462719627,-336.09079977641034,29.636185319024364
165.8,A0200,-54701.53962072813,4709.409495067433,9104.736054005767,-17.95130062083668,-314.6707535138533,68.92456043242355
165.8,B0200,24558.477352283586,1321.5921323202283,5809.762485336079,-205.7883434660738,-5.347175891929785,-4.680660569347842
166.0,A0100,-19383.240724900552,-23687.592130637546,11943.100289336824,-7.921604639284351,-336.569369125023,28.504255808645045
166.0,A0200,-54705.52601078758,4646.528829090894,9118.55240667615,-19.71642140029867,-314.40614902024606,68.92907682022368
166.0,B0200,24517.298732955875,1320.537509827157,5808.934983640631,-205.89760286902404,-5.341849951293035,-4.37770881735876
166.20000000000002,A0100,-19384.442769977133,-23754.976919015513,11948.466928247622,-8.294389274837048,-336.97291101973246,27.752488295580527
166.20000000000002,A0200,-54709.75320825044,4583.638238916727,9132.279763488223,-20.45305773886146,-314.73004065520746,68.16057454307183
166.20000000000002,B0200,24476.115363176148,1319.498011178438,5808.452381747802,-205.97955593710645,-5.23765422906202,-2.202656604726162
166.4,A0100,-19385.695482553638,-23822.42661235444,11953.743632644357,-8.504237150491628,-337.1696789056668,27.71234123430061
166.4,A0200,-54714.10351468315,4520.6768995252205,9145.866463145583,-21.316498553805665,-314.91680151729906,67.78687296101052
166.4,B0200,24434.922840679385,1318.460696753954,5808.425851011396,-205.8253166639876,-5.291824681097525,0.5416218701549222
166.60000000000002,A0100,-19386.996774334166,-23889.884024687984,11959.095767249206,-8.789031594626788,-337.0520616118937,28.48088502853037
166.60000000000002,A0200,-54718.73102419998,4457.737847642515,9159.45050225396,-23.21208431563724,-314.55244990991787,68.02751813404252
166.60000000000002,B0200,24393.77871196105,1317.406150523062,5808.893575476339,-205.69927224744922,-5.3920872724206,2.2623653873949916
166.8,A0100,-19388.39530254906,-23957.29004465504,11964.666375113771,-9.575244916313075,-336.67035724003733,29.778825937311254
166.8,A0200,-54723.7756707127,4394.872574839297,9173.03073111481,-25.082482031351525,-314.36777298604676,67.62421095399833
166.8,B0200,24352.6094183827,1316.3473251651394,5809.443330716291,-206.0908799926122,-5.355494745054551,1.120257885882268
167.0,A0100,-19390.010763267706,-24024.628046106645,11970.43818273305,-10.916666833974052,-336.3879202808136,30.384217205022765
167.0,A0200,-54729.07484743034,4331.985076738041,9186.463933185267,-25.872769118382713,-314.7337096567884,66.67259528979632
167.0,B0200,24311.35879924033,1315.283214028249,5809.636370999569,-206.3144949121964,-5.4096086487573185,-0.5978446577432452
167.20000000000002,A0100,-19391.915773175282,-24091.93170562479,11976.237622356048,-12.271945507817108,-336.3496852251482,30.051430428545935
167.20000000000002,A0200,-54734.48820546217,4269.001529516863,9199.697660203154,-26.441178182186274,-315.2184172768769,65.77832666323401
167.20000000000002,B0200,24270.112307796688,1314.22757481781,5809.509361607714,-206.11275677078325,-5.28053151906011,-2.3877092346200923
167.4,A0100,-19394.016448293078,-24159.26383742293,11981.899614370352,-12.908761636539593,-336.6516199456614,29.092620291136
167.4,A0200,-54740.04410248411,4205.958052216691,9212.831876601693,-27.40281688339661,-315.2580285176724,65.77936220097978
167.4,B0200,24228.90756259447,1313.2065422689566,5808.964068866893,-206.05307559884338,-5.148520936227342,-4.779103811637628
167.60000000000002,A0100,-19396.194846429946,-24226.6787445022,11987.341213458863,-13.202582525280496,-337.11880503644835,27.990571635577115
167.60000000000002,A0200,-54745.8612186572,4142.96360595962,9226.043515850397,-29.07338851221085,-314.7614241419958,66.47178451753044
167.60000000000002,B0200,24187.652453713912,1312.1940192114125,5807.9997707970415,-206.42684913819372,-5.075709588534764,-5.870273340401604
167.8,A0100,-19398.447057384252,-24294.168841929066,11992.628862304673,-13.758816169881129,-337.3477627896335,27.666304649216567
167.8,A0200,-54752.05215141072,4080.070516530628,9239.34580325146,-30.78617281446089,-314.4484661386038,66.48420446671817
167.8,B0200,24146.3329373822,1311.2074320480215,5807.08561967362,-206.71867878782885,-4.971873579490663,-4.549716693678684
168.0,A0100,-19400.86059593929,-24361.67034371411,11997.933890351178,-14.810970207955945,-337.23384057802406,28.116233828106093
168.0,A0200,-54758.47759799659,4017.174386370214,9252.559873272075,-31.510389874958122,-314.74915752908936,65.71620597039988
168.0,B0200,24104.993655935938,1310.212804330754,5806.627633132008,-206.55914625630595,-5.1521486136979675,-1.404762041680856
168.20000000000002,A0100,-19403.55350489683,-24429.123857325132,12003.361767690176,-16.54403763570015,-336.8971409939097,28.70894481915301
168.20000000000002,A0200,-54765.02491928867,3954.2113039347205,9265.63284071477,-32.36363776879319,-314.91276479936795,65.33670305284971
168.20000000000002,B0200,24063.700018629046,1309.179114363963,5806.74391438688,-206.42618391259276,-5.3135313666388555,0.6697550098462122
168.4,A0100,-19406.593582141548,-24496.533046023163,12008.807515367635,-18.062098951154553,-336.82971106768446,28.27926311012573
168.4,A0200,-54771.844883482816,3891.2773797881746,9278.701068657083,-34.22386555585239,-314.5016605186782,65.56307855009707
168.4,B0200,24022.401611182053,1308.127451889729,5807.081466455098,-206.5859782860941,-5.333236893236606,0.8444739367439742
168.60000000000002,A0100,-19409.85145258072,-24563.966492455977,12014.102292626487,-18.777359746784914,-337.1150156450632,27.28623070401369
168.60000000000002,A0200,-54779.07420560087,3828.4280566218004,9291.762894146046,-36.0626362480793,-314.26508705498264,65.14923392464085
168.60000000000002,B0200,23981.06046918857,1307.0836346701299,5807.28072411394,-206.83008160210468,-5.238129691547696,-0.669428916612216
168.8,A0100,-19413.199538041394,-24631.480647495606,12019.173616218062,-19.128486270367265,-337.5780683923548,26.17015429438416
168.8,A0200,-54786.55488963419,3765.563957321432,9304.676014272416,-36.851582352537825,-314.6057077108358,64.19034720886668
168.8,B0200,23939.699598653562,1306.0615210175492,5807.126899445164,-206.63978550139848,-5.12192102767705,-2.142107240167828
169.0,A0100,-19416.62469014633,-24699.080365022477,12024.057123141329,-19.523695310981445,-337.96938654159544,25.43261484583105
169.0,A0200,-54794.15116478232,3702.6078080999396,9317.388146262925,-37.431341787399916,-315.0709252641714,63.28760298849384
169.0,B0200,23898.39568037534,1305.0728019268026,5806.711488838018,-206.53722681113155,-4.95060543026283,-3.7295224319338875
169.20000000000002,A0100,-19420.10649413427,-24766.743460246726,12028.854768143263,-19.77132438530615,-338.1614975528361,25.415563075834125
169.20000000000002,A0200,-54801.89212229419,3639.5958043935243,9329.9983997395,-38.4014634291308,-315.0874426886148,63.27183581363383
169.20000000000002,B0200,23857.03810362317,1304.1056418084117,5805.982718374071,-206.99174077311488,-4.887342694825137,-4.645797300728488
169.4,A0100,-19423.646222340187,-24834.413868159572,12033.731074429274,-20.112161785757085,-338.04350204071693,26.19070183235684
169.4,A0200,-54809.89467212895,3576.6384767782947,9342.681286927796,-40.06523362617061,-314.555560904347,63.93384213470507
169.4,B0200,23815.61887568287,1303.128333484996,5805.39133657634,-207.0455680705921,-5.078474644379747,-2.12179400539418
169.60000000000002,A0100,-19427.295940019947,-24902.032582383963,12038.82348464008,-20.964448978355005,-337.65517225307264,27.452562417127176
169.60000000000002,A0200,-54818.26836907012,3513.7908833630427,9355.44850569431,-41.76612471635917,-314.20071384601835,63.918519532947776
169.60000000000002,B0200,23774.238543603067,1302.1165006760493,5805.497441176405,-206.82568831025046,-5.146477940612651,1.2308452099792662
169.8,A0100,-19431.173285879806,-24969.580639296375,12044.105795512982,-22.344175448008112,-337.35030535512203,27.989386576078186
169.8,A0200,-54826.876172895696,3450.946358974743,9368.123420448646,-42.49847447067797,-314.4802380176596,63.135820383194094
169.8,B0200,23732.868019712132,1301.1128919189705,5806.048278398641,-206.92283152286842,-5.0735601429533945,2.3886172777056944
170.0,A0100,-19435.34474187664,-25037.088826438594,12049.401729517123,-23.709190852814938,-337.2841929450622,27.592883340705235
170.0,A0200,-54835.585075146286,3388.017894203851,9380.622129706831,-42.95135686657871,-314.92022627874314,62.33950590028678
170.0,B0200,23691.476541405347,1300.1056466322516,5806.768823324408,-206.97762469595781,-5.153455841899992,3.3155912519726676
170.20000000000002,A0100,-19439.713256721552,-25104.62163052389,12054.55058339957,-24.3540032175539,-337.57461798363704,26.600636199213984
170.20000000000002,A0200,-54844.387290642,3325.0349005668286,9393.043063896464,-43.51051097074365,-314.94483400942585,62.47770262016448
170.20000000000002,B0200,23650.072611067455,1299.0848092072702,5807.563006373139,-207.11572279672137,-5.194854767874021,2.7485481630038624
170.4,A0100,-19444.162640910214,-25172.235705359133,12059.474900215657,-24.675226862721644,-338.0341477301472,25.487654437869885
170.4,A0200,-54853.342341268,3262.10541484681,9405.586296148886,-44.51937262685566,-314.4054219385008,63.49461406100678
170.4,B0200,23608.651117700392,1298.053732181941,5808.138163347892,-206.9900319596763,-5.2244514218439555,1.6205837455620864
170.60000000000002,A0100,-19448.679280427357,-25239.9344237795,12064.213061091348,-24.994377836302778,-338.42535476554076,24.75057309218742
170.60000000000002,A0200,-54862.584652581194,3199.325890554279,9418.353584307568,-46.33557451251749,-313.56140846817203,64.49047937191591
170.60000000000002,B0200,23567.291817368445,1297.0435069583418,5808.437512033537,-206.66339989367117,-5.092660781756032,-0.6231975723670072
170.8,A0100,-19453.230153650355,-25307.69795897641,12068.861633664423,-25.08497200433142,-338.632673577984,24.70295301794138
170.8,A0200,-54872.19879290932,3136.675720967054,9431.19610272878,-47.99533864109038,-313.2046467337921,64.28669196234422
170.8,B0200,23525.962698685817,1296.0313745136418,5808.103001987918,-206.6895614694846,-5.159585664712774,-4.105631915196776
171.0,A0100,-19457.797072046913,-25375.47233786147,12073.584535400054,-25.16400707610263,-338.53646496913393,25.46998204176337
171.0,A0200,-54882.05355307368,3074.033937102413,9443.922462749873,-48.808371290880864,-313.4387506414426,63.44651431445509
171.0,B0200,23484.59149349509,1295.0190346211966,5807.270071875504,-207.02217345139806,-5.11992644993483,-5.3240940177653
171.20000000000002,A0100,-19462.41134395316,-25443.198189348703,12078.530933665996,-25.670677524296742,-338.153372254468,26.836898509215644
171.20000000000002,A0200,-54892.01938810801,3011.311860120073,9456.458502530762,-49.27844723713551,-313.8943378509882,62.54351062877039
171.20000000000002,B0200,23443.16416227181,1293.9917162838565,5806.504192782524,-207.10426425727525,-5.3275084994883715,-3.136110527807879
171.4,A0100,-19467.192205465664,-25510.850657363204,12083.701082530451,-26.80102600251603,-337.8228711590948,27.582055770928417
171.4,A0200,-54902.09090709344,2948.5337566203925,9468.895914433906,-49.95550144708945,-313.91164606421495,62.582939647540606
171.4,B0200,23401.76459441572,1292.9323468925804,5806.385341743426,-206.94216983846835,-5.400868773522898,0.04200883148810031
171.60000000000002,A0100,-19472.230689697742,-25578.456360604076,12088.929182450021,-28.050743593741277,-337.7181168491548,27.392390168068385
171.60000000000002,A0200,-54912.34630606329,2885.8125434156464,9481.4333581699,-51.14793573842977,-313.3484225341926,63.471893918713974
171.60000000000002,B0200,23360.367193276954,1291.864235253206,5806.687013605921,-207.0620899734147,-5.448684549604609,1.11278311934555
171.8,A0100,-19477.451886507944,-25646.080063434507,12094.04137720246,-28.65261852315324,-337.9819010118844,26.505356281068167
171.8,A0200,-54922.92527203371,2823.246212915037,9494.161990099852,-53.12546206927118,-312.4822887984195,64.27538833730691
171.8,B0200,23318.94527702131,1290.7682526220942,5807.141218982326,-207.12795346894816,-5.650828270299627,1.9528308159853889
172.0,A0100,-19482.745716523237,-25713.781542296438,12098.941789312761,-28.912701959933038,-338.43325107359243,25.427661088343232
172.0,A0200,-54933.8979354632,2760.812188895019,9506.928372208986,-54.85168901448933,-312.1167660434204,63.9121476214722
172.0,B0200,23277.50935383258,1289.6453413771515,5807.647997720207,-207.2757908691381,-5.701586592165262,1.2482472781629947
172.20000000000002,A0100,-19488.097179011787,-25781.555887615068,12103.693169829745,-29.329977079920088,-338.65153025796013,25.139151234431424
172.20000000000002,A0200,-54945.12066338032,2698.38758933136,9519.555135012635,-55.702696549160216,-312.34744670377137,62.99218031175047
172.20000000000002,B0200,23236.055186067668,1288.5179153156641,5807.905516776607,-207.14506103842453,-5.689294270862514,-0.022961522495348788
172.4,A0100,-19493.57061455594,-25849.338379779663,12108.474776819397,-30.132525712726842,-338.51598221782837,25.684185730494065
172.4,A0200,-54956.46302855862,2635.883823748467,9531.980321563653,-56.23197540495296,-312.7924925192811,62.043929326096574
172.4,B0200,23194.664189609,1287.4201838604322,5807.8647120923015,-206.80946456474857,-5.4938535012922465,-2.3530949216895323
172.60000000000002,A0100,-19499.267662305556,-25917.06491073162,12113.409628020105,-31.589223729994877,-338.11568561071596,26.489261217638184
172.60000000000002,A0200,-54967.93131728977,2573.327646535974,9544.295605530499,-57.060284487420304,-312.78372930293426,62.00748199156215
172.60000000000002,B0200,23153.30849626198,1286.3361829941787,5807.1810850639395,-206.81020757452694,-5.480799089039341,-5.840446591887326
172.8,A0100,-19505.2719075255,-25984.731502737697,12118.407957337982,-32.985009261431756,-337.96904426261233,26.265063831059695
172.8,A0200,-54979.621778171706,2510.8345135216696,9556.688142017687,-58.475371654922064,-312.18739518855625,62.7428975674307
172.8,B0200,23111.927205819855,1285.2580123623593,5806.07639772839,-206.91013199043385,-5.436138296759314,-5.878262083004078
173.0,A0100,-19511.479270458374,-26052.409752730488,12123.286270910778,-33.66064312859536,-338.20683092910656,25.377801755701984
173.0,A0200,-54991.678614494704,2448.5018235299613,9569.229843792458,-60.634496028538855,-311.3028321904696,63.29458363572284
173.0,B0200,23070.537279759497,1284.199836297238,5805.262984021738,-207.02476269835697,-5.31861367700216,-3.909669462689604
173.20000000000002,A0100,-19517.77028509626,-26120.162351270985,12127.954460737079,-33.96385823910559,-338.65010425615685,24.302745270981905
173.20000000000002,A0200,-55004.15182263199,2386.302812635644,9581.76080648398,-62.420675079144694,-310.9381411854143,62.728138062041836
173.20000000000002,B0200,23029.1019991532,1283.1504035443995,5804.8032704521775,-207.24548380049927,-5.354487921290672,-1.9219404493243006
173.4,A0100,-19524.13452434376,-26187.98605220394,12132.472936444336,-34.509998061767526,-338.85288457010626,24.001668776950932
173.4,A0200,-55016.88294269412,2324.112531617,9594.122533467022,-63.30292794435091,-311.1726847785823,61.707948972235755
173.4,B0200,22987.677350548496,1282.0648671412946,5804.915574018269,-206.88537584452314,-5.669890650374476,1.6507198886238723
173.60000000000002,A0100,-19530.65618511059,-26255.814119080223,12137.012847736698,-35.532286701617075,-338.69430234893383,24.466063297236694
173.60000000000002,A0200,-55029.74208403307,2261.843347638918,9606.268380093004,-63.898902204543646,-311.6081338732441,60.69965156086477
173.60000000000002,B0200,22946.330542917276,1280.9200081958497,5805.6327884913935,-206.69773589690755,-5.898318496364697,3.6748875025107397
173.8,A0100,-19537.449025224138,-26323.582235729205,12141.676980554332,-37.21328364237982,-338.2799455760024,25.05662632604818
173.8,A0200,-55042.75129785553,2199.5257129677448,9618.28828857859,-64.9108236664888,-311.56940625777236,60.55103803621018
173.8,B0200,22904.98079796382,1279.7478425527624,5806.546551369289,-206.84707395067994,-5.943645035549854,3.6678716832070397
174.0,A0100,-19544.579137093257,-26391.289816434462,12146.357914322722,-38.6902259921695,-338.1379369592328,24.62131473047075
174.0,A0200,-55056.028888181776,2137.2781333464845,9630.352156121035,-66.59228474971749,-310.9363440567279,61.06489294713316
174.0,B0200,22863.6101521304,1278.5751589935808,5807.362701012831,-206.77753139884464,-5.9014655798747935,3.1455328998840746
174.20000000000002,A0100,-19551.92176272592,-26459.010896010575,12150.887092110464,-39.393786402442885,-338.3876329095651,23.625373965941364
174.20000000000002,A0200,-55069.6775695959,2075.163746812592,9642.472778731759,-68.29408029348521,-310.4657916259647,60.93786404469986
174.20000000000002,B0200,22822.28065085366,1277.4377886557268,5807.990543192558,-206.62214305047775,-5.679663028562866,0.9740495770722905
174.4,A0100,-19559.355297085127,-26526.807799958984,12155.192883485788,-39.760740503858244,-338.8293786633325,22.514723770996383
174.4,A0200,-55083.56425369502,2013.069723705743,9654.485368727881,-69.06468590091481,-310.6835960833802,60.10114818659956
174.4,B0200,22780.94701416038,1276.3142827322663,5807.84722481547,-206.6589808783298,-5.690298055112704,-3.9306574677173325
174.60000000000002,A0100,-19566.86946812561,-26594.685627580053,12159.31280141405,-40.17347337803446,-339.19850561554995,21.790916983016984
174.60000000000002,A0200,-55097.56199539749,1950.9013958711876,9666.312363462335,-69.57518738675536,-311.0799665235065,59.25693268913163
174.60000000000002,B0200,22739.636558627964,1275.1961235120243,5806.9102101141525,-206.4197426654021,-5.619370148128829,-6.162635605547024
174.8,A0100,-19574.44297473201,-26662.624377737484,12163.350123952805,-40.42803610564191,-339.3852386695236,21.79120259378674
174.8,A0200,-55111.66625994519,1888.6866807156403,9678.049679420898,-70.20851555429601,-311.0628917614244,59.320364769977054
174.8,B0200,22698.344471805394,1274.0994628672997,5805.826604814163,-206.56420587976442,-5.520043473090209,-6.187009057112811
175.0,A0100,-19582.073966592077,-26730.570060707858,12167.468948483382,-40.75689743005092,-339.2675562425633,22.576573905868855
175.0,A0200,-55125.937369370324,1826.535121385954,9689.890086585468,-71.27506268967795,-310.46494342996107,60.22251455294095
175.0,B0200,22656.980893552052,1273.0137638788374,5804.759667280674,-207.00456653404484,-5.522178250215538,-5.596481431054656
175.20000000000002,A0100,-19589.81028656452,-26798.46278112341,12171.805305605332,-41.57593794445673,-338.8572086810039,23.843971185615345
175.20000000000002,A0200,-55140.50154185976,1764.5500816474523,9701.928279947371,-73.09300120259859,-309.5105146348619,61.078737452609644
175.20000000000002,B0200,22615.5714723324,1271.8926035013073,5804.078058557001,-206.91684059996956,-5.861664335405206,-2.0828562164955335
175.4,A0100,-19597.76764765008,-26866.276681537252,12176.332267034833,-42.924239701984455,-338.4923483165775,24.38115867021773
175.4,A0200,-55155.43412268447,1702.7175412525576,9714.015939953824,-74.73386958575892,-309.04567676019417,60.76608882396489
175.4,B0200,22574.23145039571,1270.7223024914429,5804.239206113745,-206.53060501864795,-5.952813189058611,1.6356185611718175
175.60000000000002,A0100,-19606.01391594226,-26934.036700659468,12180.873014042698,-44.27105685366587,-338.35592334195076,23.985849194087237
175.60000000000002,A0200,-55170.607399078,1640.9099269188555,9725.97086579918,-75.56846350674225,-309.2185798408691,59.86471523254703
175.60000000000002,B0200,22532.92791508402,1269.543511653681,5804.810471428786,-206.60438000291254,-6.003821909009323,2.253921069183624
175.8,A0100,-19614.455991758943,-27001.81092240802,12185.266905935421,-44.920629404580104,-338.6109083113134,22.99398259049506
175.8,A0200,-55185.899736169515,1579.0316441104405,9737.725471912237,-76.09410010118937,-309.62983502586764,58.91447893144388
175.8,B0200,22491.581377552524,1268.3445531571515,5805.369241827795,-206.89733846415103,-6.135938463566369,1.6611977131629292
176.0,A0100,-19622.98175398532,-27069.661584249974,12189.436528182447,-45.261308432101394,-339.0503902001279,21.88503083688595
176.0,A0200,-55201.312227599046,1517.1067932088044,9749.369101649434,-76.86095084563172,-309.5925841167165,58.8713749537885
176.0,B0200,22450.1837560677,1267.1084594914137,5805.7457680651605,-206.9930653745815,-6.343937855416702,0.7905812175859092
176.20000000000002,A0100,-19631.578027276133,-27137.593010192315,12193.421344103059,-45.59282797911828,-339.4256989133732,21.157203325110125
176.20000000000002,A0200,-55216.92747382418,1455.2518139133572,9761.090028311102,-78.14338140237129,-308.95195198079705,59.6171149738267
176.20000000000002,B0200,22408.830718023055,1265.8526583303083,5806.027165091498,-206.42886256581653,-6.288770273594082,0.6604257632556879
176.4,A0100,-19640.209519100743,-27205.588569051957,12197.318483091505,-45.67834498805735,-339.6398635411908,21.119031026202677
176.4,A0200,-55232.87836513385,1393.5713315024514,9772.967267728754,-80.14715977041361,-307.9669682238458,60.22663422645701
176.4,B0200,22367.625146789276,1264.6520459136154,5806.173055203209,-205.6355409744643,-5.964052306398013,-1.1335758122570094
176.60000000000002,A0100,-19648.85329534566,-27273.59769530991,12201.291562373466,-45.72408062348247,-339.5633043229212,21.892755394220583
176.60000000000002,A0200,-55249.22173469173,1332.0464925178348,9784.846264759304,-81.8553514199489,-307.49739368235436,59.71319505221178
176.60000000000002,B0200,22326.54539412183,1263.4611482101536,5805.777195946618,-205.28936236143625,-6.0884503813060995,-4.234696769088536
176.8,A0100,-19657.534420264,-27341.56150676987,12205.490030978723,-46.16674453517503,-339.1828141378304,23.276229647867737
176.8,A0200,-55265.81476996532,1270.5466966873173,9796.563194568758,-82.7249741689152,-307.6709964966699,58.71268313549833
176.8,B0200,22285.466075477212,1262.2707775198605,5804.9496042584515,-205.47382601471838,-5.9002424569381136,-4.804627788247418
177.0,A0100,-19666.369960191438,-27409.448008400832,12209.916708345856,-47.24314040262524,-338.80965253871193,24.0452976993626
177.0,A0200,-55282.53560933197,1208.977212294838,9808.065880061098,-83.31729779555194,-308.0677533104354,57.70594930276679
177.0,B0200,22244.34901977629,1261.1228147387192,5804.304709020207,-205.62363457098658,-5.771368514146151,-2.813293730288893
177.20000000000002,A0100,-19675.454640235355,-27477.27624512749,12214.406504067925,-48.46423372196299,-338.64222877683295,23.880319652024244
177.20000000000002,A0200,-55299.400503634635,1147.3668285065687,9819.442815282355,-84.26549769194813,-307.987694413023,57.559974790689814
177.20000000000002,B0200,22203.24969722127,1259.9643554627191,5804.232438708956,-205.29018032810527,-5.988396591915762,0.8067979877093678
177.4,A0100,-19684.719398305002,-27545.112976130396,12218.784146224965,-49.066085769868536,-338.87304623779755,23.005386167684975
177.4,A0200,-55316.51405095663,1085.8366570386315,9830.866174211931,-85.8145766554514,-307.2905672785903,58.098748241692135
177.4,B0200,22162.221025760493,1258.7600034318148,5804.8106162484255,-205.0665888097185,-6.17444528760989,3.1960880902011097
177.60000000000002,A0100,-19694.058499743427,-27613.023231077314,12222.951568755194,-49.337393974486446,-339.3093391120922,21.934398825144417
177.60000000000002,A0200,-55333.97249778891,1024.4555525420474,9842.354341287688,-87.41435736423182,-306.73700122885964,58.01401726529599
177.60000000000002,B0200,22121.201390387232,1257.533490460014,5805.668523461889,-205.18495719196218,-6.212118641152675,3.6527404728708315
177.8,A0100,-19703.45492713709,-27681.00393188296,12226.97164169609,-49.73572540692927,-339.51475699674387,21.65766889650269
177.8,A0200,-55351.65725747935,963.1074811797698,9853.740362050186,-88.16175412878074,-306.9086949027434,57.192196915958995
177.8,B0200,22080.14358270279,1256.3132089211458,5806.442814818191,-205.42734884246062,-6.11999914062755,2.402210776170782
178.0,A0100,-19712.965366946977,-27748.98924886441,12231.025559975315,-50.47727763279797,-339.3559080348856,22.227817231854228
178.0,A0200,-55369.45113831466,901.6921027094904,9864.941834319961,-88.66052047134743,-307.2763363808655,56.347536631928925
178.0,B0200,22039.05669752614,1255.113717426938,5806.892630639269,-205.3282541089074,-5.994322527750222,0.8504021137551978
178.20000000000002,A0100,-19722.683868967117,-27816.91092163469,12235.240452877993,-51.84818256087102,-338.89556044614017,23.086107429995568
178.20000000000002,A0200,-55387.34435987627,840.2340781628845,9876.052560638946,-89.22576397211712,-307.24862695174687,56.402200355641206
178.20000000000002,B0200,21998.02547689509,1253.9586728591476,5806.997434127597,-205.03568979506284,-5.764923351042911,-1.6669676026605162
178.4,A0100,-19732.69648168093,-27884.758162195503,12239.530392702069,-53.202018013679314,-338.67537630027425,22.914928339731794
178.4,A0200,-55405.38337523079,778.841052389922,9887.265832781593,-90.14899986392531,-306.6381788034403,57.31103222501858
178.4,B0200,21957.02136932343,1252.8211065565665,5806.429371108583,-205.06351944154238,-5.737574694882718,-5.250346822109996
178.60000000000002,A0100,-19742.907885782704,-27952.605868549756,12243.708606585233,-53.872152824222795,-338.8734119310724,22.05704239982032
178.60000000000002,A0200,-55423.6816119197,717.6215401107438,9898.683926673866,-91.79143646571792,-305.61800728311795,58.22929869422009
178.60000000000002,B0200,21915.990020406964,1251.6959182931796,5805.4270544479305,-205.16353903635164,-5.632066398225815,-5.3633340197623625
178.8,A0100,-19753.203550919243,-28020.522752530116,12247.680645274992,-54.17868627622805,-339.29918032678347,20.99619967396935
178.8,A0200,-55442.32049059951,656.5712072790411,9910.165626197559,-93.33771051226445,-305.0657093877803,57.97936770754091
178.8,B0200,21874.949645739074,1250.607723677801,5804.698370296664,-205.28089181141928,-5.421729936971174,-3.4860912773586836
179.0,A0100,-19763.569095683622,-28088.507676078363,12251.506400976272,-54.68195333199984,-339.48392407974603,20.71968632729277
179.0,A0200,-55461.18924219793,595.5599158660625,9921.52344959747,-94.14960163406548,-305.1840931399484,57.10402886721431
179.0,B0200,21833.861792822518,1249.5455025948668,5804.302273813686,-205.5206590906093,-5.369660380019085,-1.6277408186512279
179.20000000000002,A0100,-19774.07780644615,-28156.491902381975,12255.361096704803,-55.60539917562265,-339.2921007924195,21.23532847162171
179.20000000000002,A0200,-55480.17517593189,534.4859870106557,9932.683265542692,-94.66383524619674,-305.56492135676854,56.15554632970037
179.20000000000002,B0200,21792.779946303177,1248.4681767263573,5804.451764113593,-205.18349590406856,-5.566021288883702,1.8271924392152443
179.4,A0100,-19784.834526461596,-28224.40599706825,12259.354965099421,-57.167427891895315,-338.80359705002235,21.923792020026863
179.4,A0200,-55499.27337882824,473.3700033505047,9943.731912208359,-95.35502690868154,-305.509855816326,56.11184361685387
179.4,B0200,21751.772089185768,1247.3531087920528,5805.188604761503,-205.0085300739686,-5.706578960452332,3.7923056472659122
179.60000000000002,A0100,-19795.911369212212,-28292.242684018755,12263.385756872025,-58.592756119618876,-338.5792033980303,21.576956190683852
179.60000000000002,A0200,-55518.55140494708,412.3277667393995,9954.859833871982,-96.48419816988228,-304.84387347074824,56.88116392799054
179.60000000000002,B0200,21710.758979706072,1246.2238672571684,5806.114827506885,-205.16889932673277,-5.708024608011703,3.7699197660189965
179.8,A0100,-19807.195434818907,-28360.080353550893,12267.278282690491,-59.288547512767636,-338.7840992506137,20.628111467401364
179.8,A0200,-55538.129993210416,351.4698596282724,9966.155064968238,-98.31119331801857,-303.77910861145995,57.57296139483947
179.8,B0200,21669.70229046131,1245.1069821138935,5806.864992599039,-205.41959941567143,-5.589682519343435,2.0760856751782866
180.0,A0100,-19818.570266817533,-28427.98781991307,12270.95392836894,-59.65055307622762,-339.204071873868,19.54276864235843
180.0,A0200,-55558.07392046131,290.78646253216357,9977.469476826198,-99.92979547756119,-303.21453918396287,57.13397195865429
180.0,B0200,21628.620077216976,1244.0162862350762,5807.207276894768,-205.3085728187964,-5.443280249353189,0.05541478641321347
180.20000000000002,A0100,-19830.0208292025,-28495.972435109823,12274.449326710132,-60.018891882331125,-339.5597571478077,18.847174581357734
180.20000000000002,A0200,-55578.257497594735,230.14333597270524,9988.63225894173,-100.77927303009503,-303.3294377660678,56.16475921342773
180.20000000000002,B0200,21587.57394535793,1242.9653061230283,5807.032247214296,-205.18311152824595,-5.249880122243865,-3.6088154678942375
180.4,A0100,-19841.51600983061,-28564.01818078912,12277.866005899736,-60.16316396555447,-339.76072777549496,18.861145549884334
180.4,A0200,-55598.567054274106,169.4393461118343,9999.584106570854,-101.35773173128291,-303.6911921870195,55.166175364609956
180.4,B0200,21546.524759985597,1241.9411347948262,5806.024539490861,-205.32408800709123,-5.124371204620254,-7.448376525740293
180.60000000000002,A0100,-19853.038236947585,-28632.075162837427,12281.367620092144,-60.29839189253692,-339.6723673121094,19.669048011955972
180.60000000000002,A0200,-55619.011602824285,108.70042350775839,10010.412066825289,-102.2208537706385,-303.5826826027064,55.03442490172119
180.60000000000002,B0200,21505.441584522363,1240.9306086564293,5804.593834300351,-205.3918243392974,-5.182990556049791,-7.38372016736412
180.8,A0100,-19864.619073380345,-28700.083917645068,12285.096542382482,-60.85729647756764,-339.27016131042154,21.02561619878376
180.8,A0200,-55639.67980025851,48.04839140510012,10021.29238750966,-103.60677281549756,-302.84312155095137,55.621183575814214
180.8,B0200,21464.373010136464,1239.8912777547812,5803.5519507365825,-205.2579104599658,-5.303844817901443,-4.282949480705854
181.0,A0100,-19876.37463463531,-28768.009857535304,12289.04116530768,-62.01383097713928,-338.85943384702546,21.70996307460275
181.0,A0200,-55660.66095955079,-12.442834817873518,10032.25107060676,-105.0806006459508,-302.2226624888922,55.60513511720976
181.0,B0200,21423.334921654012,1238.8586422785447,5803.124059535738,-205.15596759582968,-5.182114588652869,-1.7394018166585197
181.20000000000002,A0100,-19888.39050411046,-28835.869208730546,12293.030573341448,-63.26718013261686,-338.6525418519535,21.458200470746977
181.20000000000002,A0200,-55681.853097212625,-72.89041117818124,10043.11737616728,-105.7905195627192,-302.35406541788626,54.81084787964962
181.20000000000002,B0200,21382.312386862217,1237.8390578090648,5803.116615999114,-204.99781702908518,-5.151080838421602,0.4143183397818251
181.4,A0100,-19900.59092471652,-28903.73168273764,12296.894765256859,-63.88765830644225,-338.8671401210388,20.53938776294173
181.4,A0200,-55703.16630313665,-133.37717796387733,10053.833517082016,-106.57522178736085,-302.35865602450156,54.3679619951709
181.4,B0200,21341.2979019402,1236.822852934839,5803.397860692886,-205.25627831088994,-5.1783340825944455,0.45308409201768635
181.60000000000002,A0100,-19912.870887800764,-28971.665322628403,12300.544118677226,-64.19882821034582,-339.28984514235236,19.463358324726514
181.60000000000002,A0200,-55724.71498000522,-193.7889260787233,10064.533193769741,-108.14114228290099,-301.6377965252105,54.55457358903352
181.60000000000002,B0200,21300.220420671234,1235.7843767335917,5803.537428590606,-205.45766457803026,-5.327668192697253,-0.38954693417480446
181.8,A0100,-19925.22075214252,-29039.665669574926,12304.046385389205,-64.68486157628107,-339.4681929759773,19.186365920319417
181.8,A0200,-55746.61196641187,-254.04339567830903,10075.225798767236,-109.74722974082249,-301.0433365008915,54.154696889879645
181.8,B0200,21259.135986088273,1234.7253256781642,5803.493572085514,-205.29604413464145,-5.3703816188491045,-1.4421949398088592
182.0,A0100,-19937.706420068032,-29107.66363703301,12307.579678675227,-65.55229104136733,-339.2653207985625,19.72651249258366
182.0,A0200,-55768.738078040864,-314.2590386956981,10085.770531888693,-110.52439213556254,-301.1918935609618,53.18333883939366
182.0,B0200,21218.091190094885,1233.6813785480717,5803.063554332239,-205.17638366009982,-5.231178214003979,-4.652030854405566
182.20000000000002,A0100,-19950.426605577908,-29175.587340702452,12311.261932339952,-67.04702308632375,-338.7415043627666,20.48990848079437
182.20000000000002,A0200,-55790.985353095915,-374.53588425159614,10096.10868684515,-111.13059304083887,-301.51149816563105,52.24146398511564
182.20000000000002,B0200,21177.064650671287,1232.65369759436,5801.979275070988,-205.0361607657044,-5.1763219260242845,-6.836117864599369
182.4,A0100,-19963.458524729373,-29243.424687249844,12314.997408521886,-68.45431619279846,-338.4702464741475,20.216746302790536
182.4,A0200,-55813.371348403554,-434.8395838874676,10106.333562510057,-111.99517782941476,-301.3697321522598,52.15010422943224
182.4,B0200,21136.048497642623,1231.644093593718,5800.739644690069,-205.18679071702343,-5.083650364297379,-6.97886576005292
182.60000000000002,A0100,-19976.69694200326,-29311.255512423966,12318.60598627317,-69.15524914568888,-338.6464637535272,19.30808331111875
182.60000000000002,A0200,-55835.97910900439,-495.0503069622355,10116.615488611484,-113.36110073420384,-300.600690672704,52.743109533863105
182.60000000000002,B0200,21094.95805530523,1230.6458705216155,5799.48728950101,-205.65141806343865,-5.072315953215776,-6.541759001275357
182.8,A0100,-19990.026862204784,-29379.152392193104,12322.002801457817,-69.51103797356625,-339.0556908782991,18.237955748039987
182.8,A0200,-55858.89440667213,-555.0940710127834,10126.974897029737,-114.80767705794115,-299.95127836929754,52.7170155401577
182.8,B0200,21053.814143929107,1229.6180927524347,5798.593593627158,-205.61410082527246,-5.366518521624833,-3.1452605246660874
183.0,A0100,-20003.42771711934,-29447.125239077206,12325.222047990404,-69.83914039805593,-339.41102143235133,17.55234860639567
183.0,A0200,-55882.017427271465,-615.0899336023504,10137.240220769956,-115.51256765443618,-300.0667537623819,51.916512562531835
183.0,B0200,21012.728416913673,1228.5506719366804,5798.521298135599,-205.27875271174972,-5.418403795421876,0.4834179064307549
183.20000000000002,A0100,-20016.860842053466,-29515.16115119466,12328.36251244362,-69.89485587509778,-339.63200265047493,17.559025551880737
183.20000000000002,A0200,-55905.245617519075,-675.144212494255,10147.323059812694,-115.99350729006721,-300.3972061924117,51.07644128930343
183.20000000000002,B0200,20971.67202638853,1227.479829068404,5798.847063094611,-205.3742934724519,-5.454687669845463,1.0623912671288476
183.4,A0100,-20030.296932145702,-29583.213644662133,12331.586966678076,-69.87786611361996,-339.57819432882883,18.366927758064225
183.4,A0200,-55928.56451135716,-735.2368482613456,10157.315129540319,-116.48003175978307,-300.36243267924044,51.12690591313011
183.4,B0200,20930.569009133862,1226.3909602788963,5799.154056597565,-205.68210723259045,-5.579509602318219,0.4479207551044303
183.60000000000002,A0100,-20043.754675481014,-29651.224719300197,12335.043182424446,-70.22886841011461,-339.2040137355913,19.78083161899213
183.60000000000002,A0200,-55952.00488840726,-795.2644087947992,10167.409600097755,-117.23650583233986,-299.75278314636887,52.04093406467209
183.60000000000002,B0200,20889.412366853918,1225.2658019020764,5799.276540907862,-205.79130648308842,-5.7853023634948775,-0.4248049668637153
183.8,A0100,-20057.349479024804,-29719.154894169274,12338.733489510068,-71.22748913764445,-338.78598311478635,20.57981325974939
183.8,A0200,-55975.66356060611,-855.1137633930011,10177.715440188247,-118.65714619202282,-298.6712922808425,53.01887464904323
183.8,B0200,20848.275971258045,1224.1252830752837,5799.218225529574,-205.5580909065028,-5.7244273770941705,-1.7621083924075103
184.0,A0100,-20071.180595548394,-29787.014239787746,12342.493480755173,-72.40002213183928,-338.54966527886063,20.446039700385082
184.0,A0200,-55999.62606242948,-914.7760338133048,10188.098945876962,-120.07006043596184,-298.0178271037132,52.831969838955764
184.0,B0200,20807.183680989856,1223.0130934294639,5798.795030902663,-205.488746865391,-5.596913004126293,-3.966468738298287
184.20000000000002,A0100,-20085.185900756715,-29854.87173797708,12346.146165776961,-72.9896114401874,-338.7451423113851,19.58781930797157
184.20000000000002,A0200,-56023.802414187885,-974.3824602168788,10198.367466369395,-120.84508341842061,-298.06901376475196,51.98176242764295
184.20000000000002,B0200,20766.03790067903,1221.9062088514156,5797.979322709404,-205.92630312980154,-5.584092685366017,-4.977582355972312
184.4,A0100,-20099.265699916894,-29922.79810791961,12349.59144019317,-73.26760639709877,-339.1637915301749,18.533245606034342
184.4,A0200,-56048.093099236954,-1034.0411595313635,10208.440051070396,-121.34852713755252,-298.40865747772966,51.034093280238274
184.4,B0200,20724.81400724129,1220.8023199458203,5797.228407400445,-206.24785196896664,-5.636616180632521,-3.5911613185218387
184.60000000000002,A0100,-20113.401291550337,-29990.792048845615,12352.893686768968,-73.6374481709229,-339.3543561035943,18.28433669790536
184.60000000000002,A0200,-56072.48803130716,-1093.7362230767794,10218.401049522598,-121.9596765467962,-298.3351275940631,50.98805033218326
184.60000000000002,B0200,20683.572846571762,1219.6578443078133,5796.942226451674,-206.06049172942917,-5.9962383992976696,-0.4447497730866253
184.8,A0100,-20127.640163214943,-30058.786735568934,12356.236974546733,-74.29974497187456,-339.1709841656952,18.898626185712217
184.8,A0200,-56097.03763421989,-1153.3543494030819,10228.442725061414,-122.9159732478226,-297.6504750914646,51.77685238633195
184.8,B0200,20642.382921637694,1218.4274803814233,5797.2302023524035,-205.88779426502708,-6.40489970335354,1.6825279992527737
185.0,A0100,-20142.06732615688,-30126.709649547014,12359.752978659673,-75.56111437489692,-338.64633237790423,19.829797668266092
185.0,A0200,-56121.846420329966,-1212.7788799858754,10238.662320053974,-124.52452478250848,-296.5000514351901,52.55166790078201
185.0,B0200,20601.19615779131,1217.140880658474,5797.756287447213,-206.01698868676542,-6.561907271057128,1.9324732510393372
185.20000000000002,A0100,-20156.77117028824,-30194.542322479938,12363.359118732054,-76.85450732989524,-338.3448720146446,19.726851034334285
185.20000000000002,A0200,-56146.98536936119,-1272.0069588130063,10248.919033517526,-126.01996434946668,-295.8191085596403,52.18996734264022
185.20000000000002,B0200,20559.99040285757,1215.8383377166674,5798.23336832963,-205.95271628221306,-6.584191308928558,1.6418856501421117
185.4,A0100,-20171.66659321446,-30262.363108193706,12366.864275594224,-77.50838553534713,-338.4991888753648,18.907680718445974
185.4,A0200,-56172.34965859963,-1331.1756301865062,10259.035017535982,-126.83865556898361,-295.8579644214942,51.25296701132556
185.4,B0200,20518.823443830872,1214.555515556871,5798.565176574536,-205.80523682765894,-6.414271646131165,-0.3390018902205642
185.60000000000002,A0100,-20186.6454518365,-30330.247348418845,12370.168893841597,-77.81311868717263,-338.90531135891143,17.870392680511205
185.60000000000002,A0200,-56197.837508234654,-1390.3933721394715,10268.943305983112,-127.40388349652356,-296.17197775794403,50.26142051892506
185.60000000000002,B0200,20477.644510626735,1213.2890245056506,5798.15649829033,-205.94094448398548,-6.375779299992362,-5.134568637343194
185.8,A0100,-20201.68900183311,-30398.196506791894,12373.33294880636,-78.2578965543269,-339.07362605549383,17.63235428419331
185.8,A0200,-56223.45078884607,-1449.6384628630112,10278.729285616213,-128.17374638496906,-296.0314549126121,50.1422127598776
185.8,B0200,20436.469098393416,1212.0335346900292,5796.969260680814,-205.76430352442884,-6.31802639235759,-7.306182624845731
186.0,A0100,-20216.85684505495,-30466.140540344444,12376.536847923635,-79.05202284579389,-338.8534446166525,18.219138613329008
186.0,A0200,-56249.259312736605,-1508.789877438514,10288.573295971964,-129.36907613867666,-295.25096947590976,50.77624328197916
186.0,B0200,20395.31027462479,1210.7942041349625,5795.647598500014,-205.87685502077758,-6.252560415489493,-7.27751676112735
186.20000000000002,A0100,-20232.242377073115,-30534.005075590892,12379.899784895228,-80.45611229173099,-338.2921492361826,19.03435552322264
186.20000000000002,A0200,-56275.37434471424,-1567.7296180312878,10298.551477618648,-131.18563478289215,-294.0277090699139,51.282071286209884
186.20000000000002,B0200,20354.085328126203,1209.5472699524707,5794.353438989902,-206.3073554334155,-6.391183376168918,-6.604409557560384
186.4,A0100,-20247.92432253459,-30601.77465129831,12383.325669443457,-81.80468872538717,-337.9787697700709,18.80310902290534
186.4,A0200,-56301.84667697202,-1626.4643530297653,10308.514280163137,-132.75727953377833,-293.328243036521,50.698829169481435
186.4,B0200,20312.82010654926,1208.2364308522756,5793.463239458825,-206.16606312107112,-6.894636699583213,-3.014338874486156
186.60000000000002,A0100,-20263.804495379594,-30669.531565025878,12386.631103930466,-82.47943169878938,-338.1344829241392,17.91739413092084
186.60000000000002,A0200,-56328.55432501528,-1685.1379007219693,10318.304117372774,-133.613524651464,-293.36262232469323,49.653907110491716
186.60000000000002,B0200,20271.630979462607,1206.840326034092,5793.42831458622,-205.77499329552134,-7.1536480633193875,0.7546205322721977
186.8,A0100,-20279.773299534674,-30737.351710536597,12389.72860647355,-82.82698941699003,-338.53178954997617,16.867778570991142
186.8,A0200,-56355.39464451726,-1743.8581009746013,10327.871287209804,-134.24777241161962,-293.64995095970727,48.60206045465063
186.8,B0200,20230.468684156498,1205.4109122982118,5793.810268614577,-205.95346299830322,-7.291257491512674,1.3907201673118068
187.0,A0100,-20295.809958688496,-30805.245688654708,12392.653482572177,-83.13019987794455,-338.88041625619263,16.20809248120273
187.0,A0200,-56382.369584098815,-1802.6181745849608,10337.269399697672,-134.9117748086858,-293.7906571697694,47.98375130427056
187.0,B0200,20189.25773979477,1203.9441562050297,5794.237432915413,-206.1028895521201,-7.51112835602629,1.5949378558010465
187.20000000000002,A0100,-20311.87097529744,-30873.203491746382,12395.503770160254,-83.12788807992968,-339.1150711953656,16.23145253487599
187.20000000000002,A0200,-56409.4466505313,-1861.3945221870927,10346.61192939254,-135.3248324935543,-293.72259516216513,48.16181348058029
187.20000000000002,B0200,20148.046361582994,1202.4302196534036,5794.683909339432,-205.91810731266918,-7.719905438681725,1.6858516350319046
187.4,A0100,-20327.91911275885,-30941.181959519134,12398.440995228648,-83.01090739417825,-339.08894616807555,17.05247251821263
187.4,A0200,-56436.60566159109,-1920.111294959257,10356.079329039672,-135.75537832683878,-293.1906573870052,49.20111836953221
187.4,B0200,20106.899243664702,1200.914686765731,5795.0523530653,-205.64217295721573,-7.6091899383030865,0.0005941879645009124
187.60000000000002,A0100,-20343.964666298685,-31009.124435195758,12401.614225017709,-83.22437581454699,-338.73566067650626,18.501628969129776
187.60000000000002,A0200,-56463.89948543495,-1978.6640096716837,10365.805549212366,-136.7323417986161,-292.1246126192754,50.54670613282445
187.60000000000002,B0200,20065.76400872361,1199.402915783231,5794.726022084902,-205.6877811487227,-7.630458203529482,-4.759381840268403
187.8,A0100,-20360.121779240097,-31076.986736109953,12405.031724986255,-84.1125250972559,-338.3032331723664,19.363677766721676
187.8,A0200,-56491.44644084633,-2036.9967700684538,10375.715778131835,-138.24904550196666,-291.0153698013489,51.029839099201546
187.8,B0200,20024.639803352922,1197.8908944369987,5793.590658975581,-205.50920873718206,-7.62709216760775,-7.130026463754648
188.0,A0100,-20376.497621860603,-31144.772548218825,12408.532992965589,-85.2213042936961,-338.031734226473,19.297798553639353
188.0,A0200,-56519.31434803674,-2095.13156894661,10385.619734542533,-139.74480056864988,-290.28496843057576,50.53037115889579
188.0,B0200,19983.53254712912,1196.3842707841259,5792.28244824702,-205.61996753217736,-7.6134932048765185,-7.28572147441151
188.20000000000002,A0100,-20393.039233374388,-31212.550955508785,12411.93739718777,-85.78606927633595,-338.207249517542,18.47540376352529
188.20000000000002,A0200,-56547.411672304894,-2153.1969277551543,10395.36338186487,-140.59809409299373,-290.27734938853524,49.525130083402594
188.20000000000002,B0200,19942.35847246119,1194.8606412740482,5790.97120116324,-206.055379813482,-7.793161985675077,-6.723930176920812
188.4,A0100,-20409.65209158853,-31280.395710351833,12415.139131590064,-86.04712539910336,-338.61863163421185,17.437799727614344
188.4,A0200,-56575.639893679414,-2211.3038625335394,10404.88781238029,-141.1995702157065,-290.56014066270177,48.47768494415279
188.4,B0200,19901.142793681778,1193.2648924563255,5790.049092080912,-205.92121788351372,-8.336578393657824,-3.1822671012145536
188.60000000000002,A0100,-20426.312778894593,-31348.30779115231,12418.201265925723,-86.3475432307799,-338.8129528073257,17.210516261988914
188.60000000000002,A0200,-56604.001180066254,-2269.431569863922,10414.277084265694,-142.0094113967994,-290.38096698317315,48.286016539080805
188.60000000000002,B0200,19860.005219027018,1191.5780721269257,5789.974138645676,-205.49188442342108,-8.617771140601016,0.5520160041248829
188.8,A0100,-20443.05637095743,-31416.22170067631,12421.311141753244,-86.87700185020184,-338.63689900065634,17.871222051933774
188.8,A0200,-56632.56422053195,-2327.4562918814518,10423.709323494373,-143.22527013071664,-289.5457157855065,48.8477460440509
188.8,B0200,19818.90148923046,1189.85314938816,5790.310814599188,-205.65834317232904,-8.779905441892307,1.169448388922143
189.0,A0100,-20459.957275576027,-31484.063794375485,12424.608186633239,-87.9754660128724,-338.0985686417612,18.903442743269196
189.0,A0200,-56661.4031947343,-2385.2953293022547,10433.22141937839,-144.54718194802243,-288.78570100617446,48.857380159372475
189.0,B0200,19777.749338109796,1188.0861602285831,5790.689392630035,-205.8074094895968,-9.022157973325575,1.358250854018107
189.20000000000002,A0100,-20477.109166439095,-31551.809803055105,12428.017903370559,-89.17973667348365,-337.7600467929207,18.906332729101994
189.20000000000002,A0200,-56690.436749921326,-2443.0680640256724,10442.645330316755,-145.23338504901804,-288.82823782796294,48.07150627119151
189.20000000000002,B0200,19736.596847982724,1186.2679593466482,5791.084192974312,-205.62177390674557,-9.24936784020158,1.4344779888849355
189.4,A0100,-20494.44071894316,-31619.537863215515,12431.343036323518,-89.79634501578047,-337.89152432338096,18.144724176548245
189.4,A0200,-56719.58705917366,-2500.8661923166037,10451.918376777707,-145.9506218804905,-288.76617337812985,47.62397297593076
189.4,B0200,19695.513824822643,1184.4490596851283,5791.420198800588,-205.26529086187176,-9.11441221539983,0.13606848022359566
189.60000000000002,A0100,-20511.85022231593,-31687.326548919576,12434.475078891026,-90.0711784437011,-338.29134780558536,17.13053473216211
189.60000000000002,A0200,-56748.943699981915,-2558.571795576372,10461.17883298316,-147.29822141052728,-287.9291900666367,47.86123779876567
189.60000000000002,B0200,19654.46847354683,1182.6334219242826,5791.280163007934,-205.27077094405368,-9.164987518469603,-2.766564620980195
189.8,A0100,-20529.31190068971,-31755.180592613367,12437.471024434873,-90.41175663111382,-338.46919851069396,16.922377237155573
189.8,A0200,-56778.60424581396,-2616.0901935796137,10470.448274661387,-148.72999640818986,-287.17318023949286,47.544227569268436
189.8,B0200,19613.397997404398,1180.804507913539,5790.793236994009,-205.34598382593109,-9.270705768555885,-2.56457156563105
190.0,A0100,-20546.868367311443,-31823.032012206633,12440.516609423734,-91.01820257378448,-338.264872405286,17.57876717257024
190.0,A0200,-56808.474881407696,-2673.5440255332287,10479.58129416051,-149.4744475150164,-287.2232285041952,46.60220041423464
190.0,B0200,19572.330463840844,1178.9566554194207,5790.6331555540055,-205.38993813377994,-9.35615546143453,-0.4695504425314476
190.20000000000002,A0100,-20564.599915844563,-31890.805448640545,12443.742955614198,-92.20494127840254,-337.6959512355867,18.54488434208578
190.20000000000002,A0200,-56838.46442207426,-2731.043363718698,10488.510377825529,-150.06036004990867,-287.4759146744753,45.66726726703994
190.20000000000002,B0200,19531.25921775225,1177.0850206571304,5790.914873325396,-205.20476487892998,-9.511242491911753,2.1811122330798267
190.4,A0100,-20582.594683397758,-31958.478590610997,12447.065171014447,-93.44270256074083,-337.34545531316746,18.46510419012649
190.4,A0200,-56868.57841521296,-2788.5598617975083,10497.327458429325,-150.78648154721614,-287.2996776066147,45.5863681029435
190.4,B0200,19490.242951091397,1175.1751629152131,5791.658749147141,-205.0616362258921,-9.703317916639083,3.7153084893563095
190.60000000000002,A0100,-20600.773029081854,-32026.132757449723,12450.290080704566,-94.07130554898005,-337.4763813889133,17.659686346664113
190.60000000000002,A0200,-56898.871832509045,-2845.9766382501075,10506.208420008246,-151.867174696866,-286.4899746664482,46.24327914749855
190.60000000000002,B0200,19449.21854088187,1173.2443268114803,5792.52145415403,-205.22811928077547,-9.732790192283812,3.335970200255793
190.8,A0100,-20619.032475592718,-32093.847146540356,12453.317380317341,-94.37315145002736,-337.8685180416684,16.642471745605448
190.8,A0200,-56929.44291925519,-2903.172552298518,10515.230014607434,-153.52301896384157,-285.196634759734,46.79008469674657
190.8,B0200,19408.169841348463,1171.303610701474,5793.210939223185,-205.15699435012195,-9.766096225335868,2.452033196819952
191.0,A0100,-20637.354303351152,-32161.623685553277,12456.209482295571,-94.79158011793109,-338.02052376236117,16.437459245370043
191.0,A0200,-56960.34383337976,-2960.146944013708,10524.244736281526,-154.99166760026526,-284.413794503912,46.24199799700432
191.0,B0200,19367.164989662062,1169.3870134324816,5793.646030330807,-204.98121245735135,-9.621140152373234,-0.010466637861502034
191.20000000000002,A0100,-20655.791624136302,-32229.39092689696,12459.149130374171,-95.52372902195256,-337.77477063469206,17.06724252739983
191.20000000000002,A0200,-56991.46759457114,-3017.046827508453,10533.091313206962,-155.8195618273442,-284.39649188693653,45.20991894097214
191.20000000000002,B0200,19326.165039407046,1167.4527260121977,5793.258196613645,-204.94432652667052,-9.831831284243487,-5.173423753846749
191.4,A0100,-20674.431675519936,-32297.071285624457,12462.257933912157,-96.84559222960348,-337.1611314483481,17.938896293777375
191.4,A0200,-57022.72228102473,-3073.984990288438,10541.716424990467,-156.450185702846,-284.64603049047383,44.16112705740121
191.4,B0200,19285.17802028904,1165.4975128994638,5791.914494661804,-204.96316698095762,-9.8297670714458,-9.11771114358607
191.60000000000002,A0100,-20693.354731086067,-32364.644768443744,12465.440676666736,-98.14505596811829,-336.7892658469741,17.755992401207614
191.60000000000002,A0200,-57054.1091599209,-3130.956017253451,10550.173162008443,-157.09688884001466,-284.75830150989947,43.54559868243369
191.60000000000002,B0200,19244.16016331095,1163.533740113523,5790.131742559758,-205.10269892466542,-10.014780769076765,-9.076352800553412
191.8,A0100,-20712.469670584283,-32432.19682122811,12468.5106545885,-98.80250624546117,-336.91415315996505,16.89880991904827
191.8,A0200,-57085.5937665587,-3187.9415148540793,10558.57395492147,-157.47567224747664,-284.7002163962358,43.7162519920446
191.8,B0200,19203.16728277914,1161.5010903152843,5788.860084171617,-204.65853775885762,-10.355162786330151,-4.116551871685423
192.0,A0100,-20731.67171910399,-32499.80784056882,12471.377355971237,-99.14506920432416,-337.29481487099713,15.872124215795274
192.0,A0200,-57117.14936450508,-3244.872392755671,10567.09730471437,-157.82765547931837,-284.2056220158407,44.7403822683099
192.0,B0200,19162.318111655157,1159.4906778035183,5788.7825904515375,-203.8230479704634,-9.842029791343768,1.6509121833951836
192.20000000000002,A0100,-20750.95013109101,-32567.476762533315,12474.107770729468,-99.66671654668271,-337.4133335118755,15.656265893492366
192.20000000000002,A0200,-57148.817423351924,-3301.6458077608077,10575.878563191105,-158.6658767799241,-283.1519797713621,46.09802327650454
192.20000000000002,B0200,19121.62009035678,1157.5689824589062,5789.5432697604765,-203.2783284328893,-9.545528271890202,4.351066874627538
192.4,A0100,-20770.370765097672,-32635.127825292097,12476.879909643076,-100.55785327844929,-337.1149736584535,16.23678183065851
192.4,A0200,-57180.710725647106,-3358.195704917165,10584.848856011155,-160.04314111861945,-281.9962472992748,46.61137979559448
192.4,B0200,19080.959931508623,1155.6789625996616,5790.561560405805,-203.44278821233914,-9.554658340545185,4.043944342768846
192.60000000000002,A0100,-20790.028234088917,-32702.680850669414,12479.803983359046,-102.04279945878396,-336.4459536100855,16.98208441290799
192.60000000000002,A0200,-57212.90042300749,-3414.534124605376,10593.820099781413,-161.44470879223493,-281.18887674346547,46.14546021388909
192.60000000000002,B0200,19040.242282897983,1153.7659393119193,5791.308895648011,-203.75062034490352,-9.705732333672158,2.0098516281734193
192.8,A0100,-20809.992333158465,-32770.118842535034,12482.774328552629,-103.41568257296399,-336.0475936219077,16.673537758060636
192.8,A0200,-57245.308180474705,-3470.7903931358123,10602.635728847898,-162.272646600774,-281.1309293100827,45.15282520880624
192.8,B0200,18999.481079013043,1151.8171218073703,5791.600548739016,-203.76383652215435,-9.874206431013672,-0.12042335411594356
193.0,A0100,-20830.158360221398,-32837.53225602005,12485.613415053142,-104.10889886294582,-336.16411537436625,15.755505303197266
193.0,A0200,-57277.845536386536,-3527.080286341734,10611.23316163286,-162.87263118649872,-281.38014880925766,44.106564060208626
193.0,B0200,18958.76194014849,1149.8555407966023,5791.504748375874,-203.41301994925826,-9.851229626918636,-2.256529701672944
193.20000000000002,A0100,-20850.418963980603,-32905.00295950124,12488.24225091794,-104.50138173960327,-336.5305953715269,14.712643414960798
193.20000000000002,A0200,-57310.51184745375,-3583.3856326696405,10619.695547745072,-163.63451351123376,-281.1791571453931,43.91609136033948
193.20000000000002,B0200,18918.102978255978,1147.9078445244231,5790.893728330183,-203.295088980432,-9.823420023533618,-5.217740429105244
193.4,A0100,-20870.758835743603,-32972.54034270474,12490.701935432713,-104.86891350276554,-336.84227425916936,14.082195141091644
193.4,A0200,-57343.36391436725,-3639.583686952232,10628.202336048173,-164.73690915704967,-280.32029686676816,44.49287694978938
193.4,B0200,18877.390128877218,1145.9428681152385,5789.673055259544,-203.8131259445394,-9.917478371823899,-7.755734954736885
193.60000000000002,A0100,-20891.13722875199,-33040.13600544726,12493.095752117975,-104.94542300562664,-337.0530756929288,14.159055659110708
193.60000000000002,A0200,-57376.49516856801,-3695.5474577106215,10636.837559044583,-166.39295778692633,-278.93752178543076,44.99882726599681
193.60000000000002,B0200,18836.587099383658,1143.9627158939647,5788.299082442436,-204.0902396639773,-10.020828546843873,-6.456123577898488
193.8,A0100,-20911.52011931861,-33107.748025585526,12495.586778288893,-104.92154507269203,-337.0055850091614,15.027521631482474
193.8,A0200,-57409.956672610846,-3751.2708174535474,10645.459941671274,-167.86917038766717,-278.06618683698133,44.4273193585501
193.8,B0200,18795.793988389585,1141.972513808143,5787.585997990439,-203.67276450480298,-9.893315703058667,-1.3384289397006532
194.0,A0100,-20931.920489360375,-33175.31854819813,12498.320586694539,-105.23785810710055,-336.6093582956576,16.488340295012677
194.0,A0200,-57443.6445675175,-3806.90504727971,10653.910721577537,-168.72213599286485,-277.99036822693,43.38288504577249
194.0,B0200,18755.14235538185,1140.0973171188798,5787.996685829239,-202.88381199939354,-9.009813235777155,3.613451459086371
194.20000000000002,A0100,-20952.45071472383,-33242.7974403117,12501.295253631864,-106.19984341151822,-336.10207190655154,17.310907951798484
194.20000000000002,A0200,-57477.468053838005,-3862.5689548192313,10662.13713603207,-169.3686566014867,-278.2089649401605,42.31443999105609
194.20000000000002,B0200,18714.6054205232,1138.3564372512446,5789.04388353754,-202.59307113437828,-8.577579438081004,5.356923941842538
194.4,A0100,-20973.210810974386,-33310.18350012433,12504.34376823614,-107.34548700787279,-335.75196302647873,17.194884746653575
194.4,A0200,-57511.42583473244,-3918.260109288236,10670.190456078966,-170.02502028661704,-278.29588014657946,41.673910517284945
194.4,B0200,18674.074698249537,1136.661677921301,5790.178119944611,-202.8274565452858,-8.594773948230074,4.265253562273739
194.60000000000002,A0100,-20994.142774033076,-33377.55074287341,12507.288236925895,-107.93831260304579,-335.88884248500943,16.350948910956998
194.60000000000002,A0200,-57545.483658079276,-3973.962285118556,10678.182602367891,-170.41407334473706,-278.2278046626712,41.81706767145379
194.60000000000002,B0200,18633.476138831953,1134.9340739873314,5790.903234775398,-203.15770322675792,-8.815659720899506,1.6149368498257293
194.8,A0100,-21015.152708363777,-33444.97878237306,12510.028876636072,-108.24094478875388,-336.2747003477669,15.32285328146679
194.8,A0200,-57579.6127991883,-4029.6090086384247,10686.291761260414,-170.75595605083092,-277.73452509849767,42.81468094537314
194.8,B0200,18592.8183834714,1133.1611172780704,5790.989138902869,-203.41204074226283,-9.007653782225605,-2.1081279581277936
195.0,A0100,-21036.220828220245,-33512.46845185876,12512.633615322164,-108.60296924307485,-336.4321898692042,15.118222911986578
195.0,A0200,-57613.84841255101,-4085.0979295469806,10694.655074995164,-171.5466181966081,-276.66680757601586,44.166009000428
195.0,B0200,18552.136089506996,1131.3615797680368,5790.337012062688,-203.24910064748624,-9.09758208947919,-5.149128287992563
195.20000000000002,A0100,-21057.385318892917,-33579.95076528415,12515.289828619952,-109.20141341243134,-336.20017756560094,15.792175477492933
195.20000000000002,A0200,-57648.29868895373,-4140.357474889981,10703.207593474268,-172.86578667293017,-275.46902768682986,44.68085146848219
195.20000000000002,B0200,18511.53445930429,1129.5517147364508,5789.283750188167,-202.83522568158324,-9.120497843574578,-6.514685899399754
195.4,A0100,-21078.720552611292,-33647.34714957528,12518.132979192189,-110.35755018462717,-335.57215904007825,16.802821708547064
195.4,A0200,-57683.034607107766,-4195.395361416671,10711.761857029705,-174.22550325948885,-274.60804712371237,44.21924404539232
195.4,B0200,18470.958665824357,1127.7469420620146,5787.996340472102,-202.98612549075457,-9.087152656407994,-7.56710012096653
195.60000000000002,A0100,-21100.314924503324,-33714.62909554312,12521.081657103974,-111.58585958159254,-335.1494394454801,16.76786674328969
195.60000000000002,A0200,-57717.98396817317,-4250.342204812008,10720.161016308597,-175.04617966893616,-274.514464111139,43.226659652544924
195.60000000000002,B0200,18430.3144691415,1125.9363858801116,5786.568779592026,-203.3703775028885,-9.125452893305434,-7.397157444588237
195.8,A0100,-21122.09322280321,-33781.8808715066,12523.940499042299,-112.22413027534517,-335.23925613566115,15.991301591527138
195.8,A0200,-57753.06330055992,-4305.3170116797155,10728.341406043059,-175.6500488018877,-274.73999697241925,42.174954259682984
195.8,B0200,18389.629606262708,1124.1127803070867,5785.475097088643,-203.36123604449614,-9.262823387234347,-4.280425816274191
196.0,A0100,-21143.95516345541,-33849.18744867528,12526.605910678665,-112.53515643154905,-335.6139537240482,14.989445513719744
196.0,A0200,-57788.27064743184,-4360.30311051858,10736.385167383389,-176.39450061427127,-274.5192333891981,41.97450246619378
196.0,B0200,18348.97715719525,1122.2504301350236,5785.096041569077,-203.1023116252757,-9.477680395619803,-0.8722088587803648
196.20000000000002,A0100,-21165.87780188904,-33916.55387766729,12529.139452106016,-112.92266679866579,-335.7562729237601,14.806624763409188
196.20000000000002,A0200,-57823.657017244,-4415.17773663667,10744.471454828385,-177.44567780024477,-273.63766030249525,42.5439387811227
196.20000000000002,B0200,18308.37383842269,1120.3528730451644,5785.250043024293,-203.00682876366224,-9.609765613212096,0.9489103260497662
196.4,A0100,-21187.90452545928,-33983.9087916626,12531.727190931653,-113.57146124646495,-335.49780492353483,15.48202704846955
196.4,A0200,-57859.308906225066,-4469.811557397334,10752.686390997944,-179.0228724589441,-272.2078380655025,43.05926840637596
196.4,B0200,18267.754805713044,1118.443487836188,5785.58043239765,-203.20540371714432,-9.608749668350402,0.8745461683319893
196.60000000000002,A0100,-21210.113581511472,-34051.171883693954,12534.497501642765,-114.78330500928722,-334.84019670281737,16.44243773577833
196.60000000000002,A0200,-57895.277483908765,-4524.194093778147,10760.891136801481,-180.44848631304973,-271.2823011413308,42.49951388827059
196.60000000000002,B0200,18227.068429818843,1116.5370825878144,5785.64849412614,-203.70228203228663,-9.562769303626245,-1.807019089330251
196.8,A0100,-21232.58877790328,-34118.31637125894,12537.36038684687,-116.02669240947992,-334.40545739951165,16.343707022882274
196.8,A0200,-57931.46665977397,-4578.478610446222,10768.925929708603,-181.2903577440684,-271.17094985853083,41.45928000197499
196.8,B0200,18186.305058198424,1114.6406110785429,5785.1181971931865,-203.76703587629157,-9.518771001003076,-4.259396203552154
197.0,A0100,-21255.249302503606,-34185.42962364202,12540.123656698064,-116.66879893234906,-334.49448075492984,15.533574554148757
197.0,A0200,-57967.79110647274,-4632.787123443879,10776.736470619151,-181.93662376142902,-271.36541585363386,40.38872686644747
197.0,B0200,18145.588507124612,1112.7538741893404,5784.332762021095,-203.45632818713898,-9.460090274161988,-4.626705374656794
197.20000000000002,A0100,-21277.995396319086,-34252.59719792003,12542.690131508629,-117.00052348704301,-334.8611821999397,14.530408606127459
197.20000000000002,A0200,-58004.24880326901,-4687.118423935259,10784.373298961153,-182.58529826463175,-271.4334731941835,39.74412617650543
197.20000000000002,B0200,18104.8857752356,1110.895687979476,5783.52631778279,-203.6173776401154,-9.281993647243235,-4.665797112196038
197.4,A0100,-21300.810034224567,-34319.82143691136,12545.125617103187,-117.44672978333843,-334.97834377267964,14.350765453218452
197.4,A0200,-58040.80479753999,-4741.459032699098,10791.947579643289,-182.96023976477292,-271.36716994902747,39.87709141427608
197.4,B0200,18064.11905840557,1109.055944506793,5782.749632526581,-203.98827434521596,-9.236281117791878,-3.8311447078593814
197.60000000000002,A0100,-21323.74415023265,-34387.02765655933,12547.613781099752,-118.18822335092271,-334.6795951091201,15.005666723871531
197.60000000000002,A0200,-58077.42713037513,-4795.74627980428,10799.63634031573,-183.26444731966367,-270.8924173203925,40.86000790811728
197.60000000000002,B0200,18023.325604911977,1107.2139578979504,5782.379643222692,-203.80803019598417,-9.321446864935616,-0.8645713076679346
197.8,A0100,-21346.88085471854,-34454.13327279939,12550.275375700523,-119.49754717425422,-333.97743958171986,15.89092710687108
197.8,A0200,-58114.144453784174,-4849.8793688527985,10807.577514079923,-183.9801908382031,-269.83320647287826,42.21297960393507
197.8,B0200,17982.581333487324,1105.3544714692725,5782.517875217335,-203.72614455168286,-9.387644950073962,0.7586509200950003
198.0,A0100,-21370.297730954113,-34521.11350707458,12553.012205414483,-120.7838668472352,-333.51973957120924,15.710987218966029
198.0,A0200,-58151.060851325616,-4903.781559101164,10815.70983425658,-185.21908793976,-268.6130791411202,42.74019159959323
198.0,B0200,17941.816112370598,1103.4952103772748,5782.779432374682,-203.9458517085811,-9.329034312428057,0.3968347042570373
198.20000000000002,A0100,-21393.90583448529,-34588.059715002564,12555.63716964606,-121.44748414751601,-333.60115116953324,14.859198474407368
198.20000000000002,A0200,-58188.248357554614,-4957.455289211837,10823.847103782868,-186.52165206124204,-267.71205320571323,42.29364496701917
198.20000000000002,B0200,17900.99981387621,1101.6455955220108,5782.80277332224,-204.1951303501424,-9.27435470437021,-1.5427435620115728
198.4,A0100,-21417.60432034803,-34655.058736870305,12558.060609374346,-121.81276964085833,-333.9555782053665,13.846933025485571
198.4,A0200,-58225.6423372472,-5011.031137825503,10831.831253460132,-187.32619253911082,-267.590351336107,41.305243581082586
198.4,B0200,17860.168089755058,1099.811585646402,5782.402511251215,-203.98242173382562,-9.171470059731144,-3.312536320507625
198.60000000000002,A0100,-21441.382569181624,-34722.11011265652,12560.351843264738,-122.33997868528681,-334.0395746588197,13.656902305637894
198.60000000000002,A0200,-58263.165323581525,-5064.630361519594,10839.596570992995,-187.9285432286909,-267.7964133634038,40.250033421317525
198.60000000000002,B0200,17819.394585489645,1098.0084234734404,5781.684234742304,-203.88478991783606,-9.024583218074778,-5.188075676042302
198.8,A0100,-21465.30103988422,-34789.1349769316,12562.690900632508,-123.20408151660625,-333.6887089295836,14.272188300868532
198.8,A0200,-58300.81406343803,-5118.237892157471,10847.224099408235,-188.64694160929062,-267.5644242452381,40.042092903732446
198.8,B0200,17778.566476562148,1096.221689653824,5780.591242691716,-204.35758801379276,-8.969510085389668,-6.420132996842468
199.0,A0100,-21489.448362566043,-34856.04798979829,12565.189722509818,-124.63829124318622,-332.92985577264113,15.057138572593571
199.0,A0200,-58338.63304839375,-5171.732013140583,10854.892935410742,-189.63560445986468,-266.6738985354924,40.607928667420296
199.0,B0200,17737.66727112969,1094.43258199278,5779.57675939079,-204.48572949523125,-9.07240776976916,-4.1602071509577545
199.20000000000002,A0100,-21513.893965578747,-34922.82697389486,12567.741796847946,-125.98142022928964,-332.44265948259095,14.777101535477557
199.20000000000002,A0200,-58376.7014533757,-5224.981938683581,10862.691831171338,-191.121589753664,-265.21322230752804,41.14086656214789
199.20000000000002,B0200,17696.786743095,1092.6347065163218,5779.213750659199,-204.36631130730467,-9.039493497956324,-1.0103807131129616
199.4,A0100,-21538.53882828125,-34989.56819578112,12570.167154892668,-126.67492071751296,-332.5130374397289,13.875606144712965
199.4,A0200,-58415.07096073791,-5277.972410247217,10870.484839858327,-192.4890116046651,-264.2437543950584,40.59939807442597
199.4,B0200,17655.90072662786,1090.8332754581434,5779.2655025742915,-204.46494775234981,-9.116972079831617,0.2550365158885439
199.60000000000002,A0100,-21563.280450699338,-35056.360141840014,12572.385079931748,-127.08239186517346,-332.8519627654103,12.848318239763007
199.60000000000002,A0200,-58453.654174724354,-5330.857390995603,10878.11032565339,-193.31567186056938,-264.1015992101588,39.564936078437455
199.60000000000002,B0200,17615.003103752693,1088.9955581273125,5779.540107881072,-204.48662723825342,-9.375995371750731,1.3425016623515578
199.8,A0100,-21588.10271172198,-35123.213776392484,12574.437612253705,-127.44694981718541,-333.145258708822,12.237290545209929
199.8,A0200,-58492.37162454253,-5383.761458426321,10885.511660227672,-193.95824751166083,-264.27597965605054,38.491027576042725
199.8,B0200,17574.118529446707,1087.1122427200453,5779.987782157344,-204.27833896154948,-9.545542126914317,2.117638800838553
200.0,A0100,-21612.96017226579,-35190.125524305295,12576.427210124033,-127.48836016449282,-333.370535894699,12.32580839113424
200.0,A0200,-58531.2205856553,-5436.684798734441,10892.738301194222,-194.59609078413425,-264.3301289125886,37.83982663635216
200.0,B0200,17533.295498140767,1085.2348199849748,5780.487522173682,-204.04302919581494,-9.373468339319903,1.035336755176949
200.20000000000002,A0100,-21637.81037162094,-35257.05872609336,12578.516543314303,-127.38200987374783,-333.3595105728044,13.20950811231675
200.20000000000002,A0200,-58570.165590899815,-5489.616695599299,10899.900394087847,-194.95483410523968,-264.27079440087385,37.95923201958075
200.20000000000002,B0200,17492.475205530605,1083.3780230071561,5780.3997949497125,-204.16005087721467,-9.306779133671387,-3.258813236658786
200.4,A0100,-21662.656639309913,-35323.95750041096,12580.854212116352,-127.57095297474554,-332.98741507275287,14.71467912416316
200.4,A0200,-58609.1716186082,-5542.498492712923,10907.173841709286,-195.22037727973975,-263.8211592662187,38.92490240776294
200.4,B0200,17451.65440323865,1081.534286242657,5779.578078744973,-204.00436618937132,-9.265371788522424,-5.332480116998379
200.60000000000002,A0100,-21687.608732796783,-35390.76400609644,12583.444560152242,-128.42660206275727,-332.44719543271805,15.607872720363819
200.60000000000002,A0200,-58648.26099905989,-5595.231370678193,10914.697662476705,-195.86013607536123,-262.77963469232793,40.27978899078287
200.60000000000002,B0200,17410.866210894696,1079.6952480317495,5778.715064462828,-203.8835875244083,-9.226966492963538,-4.181559509714572
200.8,A0100,-21712.773717976714,-35457.46680718725,12586.123992596988,-129.51119326385333,-332.0331126962668,15.562786158384894
200.8,A0200,-58687.53358488604,-5647.7336568671235,10922.414858970402,-197.0173103999698,-261.5463410702385,40.821264763803484
200.8,B0200,17370.084892530456,1077.884083741843,5778.157823204826,-203.97421538396483,-9.027673177548673,-2.644618385845808
201.0,A0100,-21738.10350969638,-35524.140800476234,12588.710011084364,-130.08942813047497,-332.134081660186,14.753529142766087
201.0,A0200,-58727.06243757643,-5700.002328242306,10930.140667614567,-198.2611725746071,-260.6118138519722,40.39202774030591
201.0,B0200,17329.288194502704,1076.1061855774624,5777.950286374873,-203.858926908035,-8.855246657618437,-0.24957801321617942
201.20000000000002,A0100,-21763.510700765517,-35590.870895979824,12591.096434129446,-130.3899708047895,-332.50490877640067,13.738934938524954
201.20000000000002,A0200,-58766.790508917984,-5752.167180931843,10937.71566371532,-199.04814620174747,-260.46493102364525,39.40881272469656
201.20000000000002,B0200,17288.519053491404,1074.3585380720579,5778.133272790527,-203.9780098466024,-8.790834642015406,0.4399609310327104
201.4,A0100,-21788.970828323098,-35657.66158441977,12593.349565148517,-130.69283711581284,-332.6649156976487,13.552237731825173
201.4,A0200,-58806.646330238196,-5804.351235872258,10945.071897773163,-199.64754092659166,-260.65338114703326,38.35066292276044
201.4,B0200,17247.684096220844,1072.6059471146582,5778.249866719351,-204.36894359086818,-8.85882190516233,-0.5972172255289124
201.60000000000002,A0100,-21814.507985763757,-35724.44611471407,12595.660496362352,-131.15891952950224,-332.44210972374213,14.27311685405134
201.60000000000002,A0200,-58846.625389525776,-5856.541123742991,10952.289379752336,-200.33883857979146,-260.4137212550981,38.136899112511706
201.60000000000002,B0200,17206.786770187337,1070.8299235210288,5778.098500646311,-204.49279786611734,-8.99635783347703,-1.8631462439670838
201.8,A0100,-21840.184126011747,-35791.14429433537,12598.173277592792,-132.1425895718688,-331.7915363999927,15.386279482628252
201.8,A0200,-58886.76579405187,-5908.61656211409,10959.547474707892,-201.26498442973858,-259.51962760356054,38.70259778878855
201.8,B0200,17165.93554944708,1069.045720742196,5777.805537636919,-203.8715303839374,-8.899500777007512,-1.8728454195966755
202.0,A0100,-21866.091578983516,-35857.71890497982,12600.813954507077,-133.27303555660004,-331.31129527209276,15.454578460932508
202.0,A0200,-58927.13963199333,-5960.445656917003,10966.93786000483,-202.66035262298792,-258.03478549610264,39.25765016439926
202.0,B0200,17125.233097431945,1067.3311506277523,5777.535314660078,-203.26305254698264,-8.43069094238295,-2.252272736627488
202.20000000000002,A0100,-21892.17062892013,-35924.25413797812,12603.38024224026,-133.8777504123771,-331.3673888432782,14.72832546378295
202.20000000000002,A0200,-58967.79905629359,-6012.008217827377,10974.327521343432,-203.9695041912547,-257.0253118637745,38.738322269050975
202.20000000000002,B0200,17084.589626648954,1065.6726688008494,5777.060046094583,-203.2257299608837,-8.275440147625206,-3.5694047163527025
202.4,A0100,-21918.329726643176,-35990.8399890316,12605.758778054013,-134.17285482329595,-331.73146097799804,13.740111743412319
202.4,A0200,-59008.6651686562,-6063.458338726294,10981.552727141956,-204.7798387144397,-256.85396285143895,37.712188012610696
202.4,B0200,17043.922026959408,1064.0595336625856,5776.493091098499,-203.40828775720678,-7.95461093373601,-2.6491858308295573
202.60000000000002,A0100,-21944.53986650994,-36057.48618469272,12608.007666167046,-134.46790843329515,-331.88807853403426,13.574376254016537
202.60000000000002,A0200,-59049.664236766985,-6114.922860541719,10988.554346157434,-205.4174644294973,-257.00943370935846,36.63739905961738
202.60000000000002,B0200,17003.259970178082,1062.502793593665,5776.405516463253,-203.13196048495993,-7.7600225241832135,1.0607400934680788
202.8,A0100,-21970.82596411354,-36124.12499973894,12610.31802740537,-134.93161902090662,-331.6564161325652,14.307879782676395
202.8,A0200,-59090.79275377815,-6166.403514074551,10995.380902333756,-206.04219334792637,-257.0522502227885,35.98294223732857
202.8,B0200,16962.67858750959,1060.9720680342625,5777.114746295466,-202.6663307008606,-7.667971096106728,4.708396185189277
203.0,A0100,-21997.25115381852,-36190.67515110235,12612.830474358116,-135.91490572133432,-330.9932793965689,15.406855333543247
203.0,A0200,-59132.01443859036,-6217.892637220211,11002.141550300774,-206.3807991986879,-257.00425602429317,36.09205263694904
203.0,B0200,16922.175231367408,1059.4608024204153,5778.390600836724,-202.47530412105456,-7.563899495967094,6.672872846463041
203.20000000000002,A0100,-22023.90637675878,-36257.09988361355,12615.466099672974,-137.03432408253022,-330.50760850199094,15.449716878320764
203.20000000000002,A0200,-59173.29091411134,-6269.336038701258,11009.011218024214,-206.6026045743997,-256.5866055773242,37.045189753403406
203.20000000000002,B0200,16881.65945018224,1057.975555716549,5779.797744867827,-202.78862373045314,-7.440931185242637,5.802516055938853
203.4,A0100,-22050.73114233965,-36323.484881837416,12618.023164390283,-137.63133946994162,-330.5645011838369,14.707939875414208
203.4,A0200,-59214.638088140404,-6320.637511284513,11016.130283911138,-207.16126890712934,-255.57316013644478,38.40805173090317
203.4,B0200,16841.076561569178,1056.5007618565733,5780.910509561863,-203.01352300286567,-7.424091333347237,4.3294053954149705
203.60000000000002,A0100,-22077.635581093014,-36389.92038376962,12620.391060261725,-137.93162156882377,-330.9243287769937,13.722114201185267
203.60000000000002,A0200,-59256.15177708407,-6371.710509578876,11023.44658910797,-208.23389493382487,-254.33410727536767,38.9735997344684
203.60000000000002,B0200,16800.460563972403,1055.031209460647,5781.652216915508,-203.14931030060356,-7.361014634953309,1.7597992204689847
203.8,A0100,-22104.59344151633,-36456.41459179935,12622.630770535101,-138.24464072354704,-331.06839238063935,13.56495055911205
203.8,A0200,-59297.90651368242,-6422.545922287514,11030.777087536939,-209.417551872165,-253.37031787413855,38.57017327013384
203.8,B0200,16759.847561904608,1053.5820058895142,5781.844093162021,-202.862898413687,-7.242245740647326,-0.6083879731072751
204.0,A0100,-22131.632066715345,-36522.898119900354,12624.93298404194,-138.73783092101172,-330.81600220975935,14.298775868279895
204.0,A0200,-59339.85291223171,-6473.272136348976,11037.960400723747,-210.1852564386401,-253.19999370595542,37.596964650853074
204.0,B0200,16719.30225095051,1052.1652397093303,5781.601645013617,-202.74108530482386,-7.082737111845761,-3.0499000232978775
204.20000000000002,A0100,-22158.816461599657,-36589.288149271044,12627.43526573352,-139.75344384180605,-330.1264550581294,15.374022380443334
204.20000000000002,A0200,-59381.9253932655,-6524.013685107177,11044.925754760301,-210.77901228252068,-253.37290355681665,36.53905398586875
204.20000000000002,B0200,16678.70650412758,1050.7673417527867,5780.873941815494,-203.1990920339791,-7.026830621492075,-4.812208839079249
204.4,A0100,-22186.23543806144,-36655.54834055595,12630.054451580485,-140.88594979051845,-329.6239853617777,15.385423122648064
204.4,A0200,-59424.11779559003,-6574.759384202345,11051.752208128677,-211.43760523538316,-253.13186563153104,36.32498819382988
204.4,B0200,16638.04523285706,1049.3597213832818,5780.128901997927,-203.27267513874966,-7.219166545648604,-2.979885389269628
204.60000000000002,A0100,-22213.82580630232,-36721.766585137506,12632.590189432696,-141.4903134935813,-329.6741330276767,14.62650226192369
204.60000000000002,A0200,-59466.46125055726,-6625.391296423029,11058.620142379674,-212.29314339143642,-252.2447655298362,36.900591786157115
204.60000000000002,B0200,16597.4116514025,1047.9116552107807,5779.962874456808,-203.1143314084459,-7.337408195975311,-0.11250592982944134
204.8,A0100,-22241.497756949168,-36788.034140295655,12634.934980760343,-141.80458802851572,-330.0259798233009,13.63963499476909
204.8,A0200,-59509.020539389,-6675.777016001051,11065.625206872137,-213.5903164635299,-250.74694934453916,37.493252777555654
204.8,B0200,16556.78409449584,1046.4622128877472,5780.163185656439,-203.1820779340634,-7.302399067594726,0.7218418538733884
205.0,A0100,-22269.227549320134,-36854.35797491489,12637.152065137308,-142.14826108999628,-330.15243129940734,13.485089913025721
205.0,A0200,-59551.84882271776,-6725.890744154665,11072.637725835513,-214.83756116043736,-249.7024940241093,37.00901348689556
205.0,B0200,16516.13976734288,1045.0032674606637,5780.476822631629,-203.24604094686597,-7.409939340717319,1.418433713633664
205.20000000000002,A0100,-22297.04588250086,-36920.66663089674,12639.431382168768,-142.68723490611714,-329.8723346443571,14.212678833398739
205.20000000000002,A0200,-59594.87618383698,-6775.885705405042,11079.490815881934,-215.6288208391467,-249.5037767235209,35.99813376774298
205.20000000000002,B0200,16475.477444372198,1043.521080648241,5780.832712809049,-203.40526019850495,-7.501708633939207,0.7735521077721643
205.4,A0100,-22325.02000051606,-36986.875503092066,12641.907266820093,-143.75132484193256,-329.1488539967604,15.25615830823651
205.4,A0200,-59638.034651043185,-6825.890710740787,11086.121932665425,-216.25793038608396,-249.64292117261783,34.92700831511129
205.4,B0200,16434.79574111552,1042.0299371087576,5780.962928214372,-203.28781272517418,-7.495328294683384,-0.3601565353849246
205.60000000000002,A0100,-22353.23597759621,-37052.94879859347,12644.492322621141,-144.90757891683427,-328.6241211134083,15.230151696253635
205.60000000000002,A0200,-59681.31946333028,-6875.909639305923,11092.57861180191,-216.8625842673201,-249.68096097646287,34.274044141048556
205.60000000000002,B0200,16394.17430004933,1040.569519164569,5780.821940587855,-202.96887477517404,-7.29609455546375,-2.560487865411323
205.8,A0100,-22381.626885421883,-37118.9770837301,12646.988237707492,-145.52579175120812,-328.6642057161363,14.45173513977041
205.8,A0200,-59724.692722764885,-6925.938717851521,11098.968709039182,-217.16915129846436,-249.6560643718129,34.37549388432607
205.8,B0200,16353.586119327108,1039.11299164302,5780.057342613195,-202.9838101205138,-7.367755504203427,-6.026087094954155
206.0,A0100,-22410.102337131124,-37185.05298363892,12649.291082582035,-145.85871415473815,-329.0059615559925,13.461909641236407
206.0,A0200,-59768.11160222799,-6975.929423472797,11105.466230150549,-217.32993598656796,-249.2883544885762,35.321106176794494
206.0,B0200,16312.95426815713,1037.6545660381435,5778.784985324716,-203.33789195432877,-7.33996913016204,-7.323446458160515
206.20000000000002,A0100,-22438.641279907384,-37251.182190373846,12651.466195514242,-146.24117481332974,-329.11097776456376,13.306746931066318
206.20000000000002,A0200,-59811.5846949919,-7025.789316229009,11112.213999678366,-217.78740897745058,-248.32503029635313,36.705995338013295
206.20000000000002,B0200,16272.258286263064,1036.183237853852,5777.55891678826,-203.48058020258682,-7.5352893985689375,-5.26209791995618
206.4,A0100,-22467.27851879978,-37317.29077698323,12653.702438297847,-146.83714508158116,-328.79756438705016,14.023140230107224
206.4,A0200,-59855.20413084903,-7075.4266711399105,11119.166535724347,-218.76139025069523,-247.09582735927916,37.31681154036786
206.4,B0200,16231.61509584143,1034.6684942803222,5777.11297548311,-202.8063358734041,-7.5896221883527915,0.1491692852617723
206.60000000000002,A0100,-22496.083890603284,-37383.29210226738,12656.13046606006,-147.96077220495957,-328.0341251356718,15.027033740950168
206.60000000000002,A0200,-59899.04732398566,-7124.824782983051,11126.143214247648,-219.8775521889519,-246.11022743432713,36.95897123735664
206.60000000000002,B0200,16191.13984064375,1033.2363708267249,5777.728435019839,-202.04581310763237,-6.879181343277172,4.251161275734252
206.8,A0100,-22525.140109243916,-37449.15116358157,12658.658345736245,-149.14676087959836,-327.4837255926253,14.956630710661242
206.8,A0200,-59943.073519102065,-7174.109271740759,11132.979335541873,-220.6213823981522,-245.919461267486,36.00620896455571
206.8,B0200,16150.749393831127,1031.898045868823,5778.758769407771,-201.94535784340127,-6.68305784609466,4.606424452374688
207.0,A0100,-22554.375711301356,-37514.961661127585,12661.090393801935,-149.782326076462,-327.51199152597746,14.155529593504857
207.0,A0200,-59987.223178999986,-7223.405851113937,11139.599728330984,-221.20351016207366,-246.08155084203398,34.953747619166606
207.0,B0200,16110.335998606257,1030.56016789351,5779.5843995127525,-202.27382886427245,-6.892140977051034,2.1297690590394143
207.20000000000002,A0100,-22583.699456644455,-37580.817779682664,12663.326826552204,-150.13732616692772,-327.84200875680426,13.16108355512145
207.20000000000002,A0200,-60031.48752021278,-7272.706711287912,11146.082288758764,-221.81537962318507,-245.853348299713,34.747606437852625
207.20000000000002,B0200,16069.851891714028,1029.1568467649695,5779.7496783924935,-202.5295920215463,-7.234216721323793,-1.6170895497554094
207.4,A0100,-22613.093374806886,-37646.723718934576,12665.43509996029,-150.5657407091064,-327.9217846292509,13.002537656191544
207.4,A0200,-60075.88901736097,-7321.898226272515,11152.609721240518,-222.57878431955106,-244.9962758440363,35.35021829698596
207.4,B0200,16029.332902493743,1027.7014118817528,5779.108714983413,-202.6132713830387,-7.403110727749602,-5.7641938215399
207.60000000000002,A0100,-22642.59712942958,-37712.6026379967,12667.602596478782,-151.22898689704746,-327.56929684270807,13.702464224086658
207.60000000000002,A0200,-60120.48425552089,-7370.848569939113,11159.284006768237,-223.75628440983664,-243.5082248506982,36.01147839593027
207.60000000000002,B0200,15988.82131302805,1026.2148848411875,5777.810272817273,-202.43840336625163,-7.590442605133728,-7.503090237347012
207.8,A0100,-22672.283498125806,-37778.365599324345,12669.955638666363,-152.42197493615205,-326.759928985451,14.657562677803126
207.8,A0200,-60165.328792605076,-7419.524626864881,11165.98018869217,-224.9313538300406,-242.43799206464863,35.58960637031123
207.8,B0200,15948.34324250174,1024.690699431636,5776.507070519968,-202.34802103571323,-7.745502626854864,-6.352250469837305
208.0,A0100,-22702.2311164199,-37843.97872005429,12672.39734971602,-153.64219349515258,-326.1809425127836,14.534614594265689
208.0,A0200,-60210.36329562813,-7468.076713554405,11172.52604314164,-225.69746840824217,-242.21524015600684,34.607966094320325
208.0,B0200,15907.86400558925,1023.1566280197981,5775.4983420837325,-202.47940035402135,-7.72335057820733,-4.889969298123571
208.20000000000002,A0100,-22732.363234874494,-37909.539328133855,12674.7353681158,-154.29767662440756,-326.1960685261705,13.707044511386378
208.20000000000002,A0200,-60255.525845618584,-7516.635200803303,11178.853483809617,-226.31047273468155,-242.34395471840347,33.547855593266526
208.20000000000002,B0200,15867.356286850658,1021.6184391689353,5774.851785631076,-202.47362830482987,-7.746277280333642,-2.035014201267097
208.4,A0100,-22762.58762081177,-37975.143313605535,12676.874732006763,-154.6779909890338,-326.51269945326186,12.706134342492664
208.4,A0200,-60300.809455182774,-7565.207431928109,11185.008571571689,-226.880921148326,-242.39115534516122,32.90235415650841
208.4,B0200,15826.890281361604,1020.0851513204202,5774.916785240075,-202.14248019976546,-7.715664064823792,1.4787036407837892
208.60000000000002,A0100,-22792.889906269378,-38040.793071431835,12678.885055136736,-155.1597610121455,-326.5629741977545,12.54095965151728
208.60000000000002,A0200,-60346.1731296883,-7613.795207858482,11191.096883212525,-227.13194855041462,-242.41386874112519,32.995937297149034
208.60000000000002,B0200,15786.486614416672,1018.5508976150904,5775.536211346341,-201.9822976892526,-7.749215089052689,3.4230908003876785
208.8,A0100,-22823.315418091082,-38106.40832922734,12680.951723421516,-155.90093552513974,-326.16493322969677,13.217926345072696
208.8,A0200,-60391.567367573465,-7662.358131229961,11197.291212977365,-227.19665015989034,-242.13329944053544,33.93665932334518
208.8,B0200,15746.061096911177,1017.0077315945946,5776.286164775737,-202.3649267260216,-7.8127821958702794,2.5566293952999875
209.0,A0100,-22853.940205827686,-38171.89757808836,12683.195885793124,-157.17302410747806,-325.3032336048545,14.112653725922494
209.0,A0200,-60436.991288376186,-7710.809890112945,11203.738722165384,-227.5096802312265,-241.26543596061123,35.364254207037604
209.0,B0200,15705.557328510506,1015.4400515472626,5776.740581488877,-202.60613414575366,-7.95626619427787,1.058282923920238
209.20000000000002,A0100,-22884.837961275072,-38237.22850210692,12685.515226104266,-158.4312569336698,-324.69291122306674,13.927281117081913
209.20000000000002,A0200,-60482.53368136417,-7759.052916138062,11210.404649632808,-228.35271703682002,-240.0783773568621,36.057817726412075
209.20000000000002,B0200,15665.047062085243,1013.8537873728765,5776.898605763112,-202.4141160663975,-7.98984556762825,-0.4678902853595739
209.4,A0100,-22915.925872858177,-38302.50261705285,12687.721586943679,-159.10875364260062,-324.6938533425646,13.06854919163947
209.4,A0200,-60528.277624436596,-7807.059841033111,11217.11269369183,-229.3838628255087,-239.08644618945112,35.78273057494143
209.4,B0200,15624.5804687565,1012.2831131539119,5776.592350470495,-202.27935301716332,-7.850437992032722,-4.006548441389464
209.60000000000002,A0100,-22947.110666325196,-38367.81763638107,12689.725631675781,-159.5178122010031,-324.9952780330538,12.058855629240828
209.60000000000002,A0200,-60574.193343754596,-7854.950740414999,11223.692433387438,-230.0938149327962,-238.88177877904377,34.869648223197736
209.60000000000002,B0200,15584.134273205302,1010.7289069615886,5775.571464779256,-202.1398040299003,-7.798882376541935,-6.481535029366993
209.8,A0100,-22978.37212217517,-38433.188892816324,12691.567350041261,-159.8416114115237,-325.27729477446314,11.45464108153711
209.8,A0200,-60620.22801699661,-7902.851808823874,11230.061165925177,-230.6529950722707,-239.0427563928822,33.83041179382399
209.8,B0200,15543.704736462845,1009.1907419076251,5774.333642532613,-202.22992275634292,-7.720007411588586,-6.941927692079193
210.0,A0100,-23009.655691174692,-38498.62213362868,12693.343584931328,-159.78309798973322,-325.552078444588,11.517603855617757
210.0,A0200,-60666.36847071295,-7950.760968934632,11236.294649610503,-231.19134180866257,-238.85588476221685,33.642074191376594
210.0,B0200,15503.214960626648,1007.6616335568315,5773.019523632958,-202.61033525407043,-7.714494319205858,-6.8213740882583895
210.20000000000002,A0100,-23040.902598135708,-38564.091493452375,12695.214912720327,-159.48299098590573,-325.640372453316,12.384766715417332
210.20000000000002,A0200,-60712.62518915589,-7998.572778631238,11242.579761036384,-231.82045965811577,-238.07470594903256,34.29581767776007
210.20000000000002,B0200,15462.681319914187,1006.1033153204598,5772.004823317986,-202.57984790466466,-8.003617421678637,-3.6903561018939883
210.4,A0100,-23072.09621735179,-38629.5476158754,12697.3372981325,-159.38091628866812,-325.36627285415057,13.946799891918142
210.4,A0200,-60759.04442897198,-8046.158236772026,11249.02915543193,-232.8332664591867,-236.64259661817485,35.07857404667344
210.4,B0200,15422.1940497267,1004.5048403362507,5771.771352730534,-202.35498526907895,-8.064926608835043,-0.0619793739639105
210.60000000000002,A0100,-23103.33983841007,-38694.92185312242,12699.733060689045,-159.98570234395967,-324.8273981469905,14.98203505708698
210.60000000000002,A0200,-60805.68657463235,-8093.4736059740535,11255.526079093848,-233.9134485400181,-235.565938735173,34.76908345890305
210.60000000000002,B0200,15381.72623576778,1002.9026318075016,5772.030160536837,-202.3325538149941,-8.091007986973883,1.3440128253826167
210.8,A0100,-23134.769924806234,-38760.16676497996,12702.277704410259,-161.21714575346942,-324.04045152355434,15.442089265872108
210.8,A0200,-60852.50631562469,-8140.662212168369,11261.889293889628,-234.64187965439498,-235.32649436376383,33.84238468550438
210.8,B0200,15341.26660909481,1001.2814865403566,5772.514349700161,-202.24263725726098,-8.238578629600688,2.5557851168401386
211.0,A0100,-23166.47418795506,-38825.25953157262,12704.829037798636,-162.52198968271006,-323.42020114404653,15.028373551911063
211.0,A0200,-60899.44863869014,-8187.855194598727,11268.040980457776,-235.22422761611938,-235.4575382101474,32.80380346774312
211.0,B0200,15300.816127868853,999.6330949572998,5773.1265639332005,-202.32477490481534,-8.345347605648001,2.249416927339645
211.20000000000002,A0100,-23198.377422895912,-38890.293572603274,12707.232881662316,-163.2376456924335,-323.4160039195534,14.042110464079295
211.20000000000002,A0200,-60946.506273885614,-8235.045475732044,11274.056505258795,-235.84030421161785,-235.1853111678394,32.59887524033415
211.20000000000002,B0200,15260.34966550508,997.961215908435,5773.571175684408,-202.22726010096716,-8.44195122666564,1.3758281660610086
211.4,A0100,-23230.38657295094,-38955.36575127905,12709.416447559492,-163.71014227924368,-323.6856235427879,12.973847814382047
211.4,A0200,-60993.701458899515,-8282.115798595754,11280.113773574318,-236.60145999449287,-234.26782902410707,33.16595211358055
211.4,B0200,15219.933487724727,996.3041230985518,5773.767185624655,-202.01578294518248,-8.317706672288164,-1.0350993413889704
211.60000000000002,A0100,-23262.488004741008,-39020.48585315037,12711.426742467745,-164.1216325339206,-323.9212308532799,12.316742466736388
211.60000000000002,A0200,-61041.08678280738,-8328.932195907506,11286.305712379115,-237.74000374805271,-232.71808611424834,33.74303013989606
211.60000000000002,B0200,15179.532615729444,994.6297996147955,5773.146682280019,-201.92851777954158,-8.51724769683635,-6.24888730084736
211.8,A0100,-23294.632425018764,-39085.6575665265,12713.363372251697,-164.18756959289877,-324.1335489229328,12.350429401546663
211.8,A0200,-61088.71092392572,-8375.4644169005,11292.502844165505,-238.86173867262178,-231.61135340650551,33.249605804947926
211.8,B0200,15139.149350581185,992.9352132212757,5771.546550869311,-201.9515194605975,-8.517644823519088,-10.320071073335468
212.0,A0100,-23326.76844296508,-39150.85135144243,12715.391380706289,-164.04002444212068,-324.14286203405095,13.211346221588794
212.0,A0200,-61136.517744188466,-8421.867316599943,11298.539204319815,-239.60967475763687,-231.36765770853182,32.23209170458741
212.0,B0200,15098.7325343909,991.2302487920742,5769.479975116509,-202.11976868743443,-8.724977106221186,-10.441616890585049
212.20000000000002,A0100,-23358.883704367934,-39216.01479550955,12717.669772152096,-164.1044267253787,-323.7726231102915,14.768350866773106
212.20000000000002,A0200,-61184.45239507933,-8468.271447671374,11304.352531494384,-240.2352596208922,-231.45907388484343,31.157286844186824
212.20000000000002,B0200,15058.329064263595,989.4545235327023,5767.887383402464,-201.76020637561416,-9.043111568359242,-5.684621441289247
212.4,A0100,-23391.07962356708,-39281.07778333737,12720.217650722896,-164.8419992186792,-323.14529575191693,15.763888935230185
212.4,A0200,-61232.51236383478,-8514.679437258848,11309.990808801518,-240.83651339464106,-231.4488474180587,30.50285222399983
212.4,B0200,15018.048490953794,987.710962416264,5767.452006353369,-201.04229154230472,-8.455417448499444,-0.03460821463654086
212.60000000000002,A0100,-23423.485284313792,-39345.99509229598,12722.902411970961,-166.17159376793185,-322.28098020957947,16.1450177133249
212.60000000000002,A0200,-61280.6617288207,-8561.09069102164,11315.562290051876,-241.1494894931053,-231.40360746258708,30.60078626929644
212.60000000000002,B0200,14977.893261753288,986.0768323461921,5767.888687179891,-200.53917022133317,-8.0342689567869,3.106905039609996
212.8,A0100,-23456.18046362269,-39410.74708657162,12725.57667548842,-167.53122984024674,-321.6082422861018,15.651519430254194
212.8,A0200,-61328.856680365745,-8607.46189420584,11321.238888111111,-241.30016648845424,-231.03951118310056,31.526071085706487
212.8,B0200,14937.790105065174,984.4972377692361,5768.694439251172,-200.62320324821104,-7.953065959886491,3.458592972796705
213.0,A0100,-23489.083183144172,-39475.432501625066,12728.091823531111,-168.280509799848,-321.5752465290679,14.627212161727853
213.0,A0200,-61377.098643803285,-8653.703450791869,11327.16055162964,-241.68982737345613,-230.07203012526148,32.884425686022226
213.0,B0200,14897.63950711687,982.905684565214,5769.363885813644,-200.89803289647378,-8.082534862519383,2.08703957145791
213.20000000000002,A0100,-23522.09812921963,-39540.15130224749,12730.381599343797,-168.7872938649073,-321.82057572035234,13.538704905477415
213.20000000000002,A0200,-61425.46915873022,-8699.717455767408,11333.281952489884,-242.55495295403816,-228.79803789584057,33.46729270334157
213.20000000000002,B0200,14857.444481599216,981.2794265931252,5769.701271041524,-201.00251663538347,-8.263055566645537,0.3591291351943968
213.4,A0100,-23555.21429057411,-39604.91201487126,12732.494055055095,-169.25341371878662,-322.0203747043056,12.865728817317695
213.4,A0200,-61474.04083068113,-8745.480202068724,11339.422906734453,-243.57106262311893,-227.74534580326974,33.090793357324884
213.4,B0200,14817.265236870244,979.6277108487939,5769.695314280131,-200.68324190650333,-8.34321740739088,-1.1666758995768756
213.60000000000002,A0100,-23588.38723502332,-39669.71617625056,12734.531994822424,-169.4048163444349,-322.1827198465301,12.903898278902856
213.60000000000002,A0200,-61522.78270667267,-8791.117589352601,11345.420399865274,-244.28380908182322,-227.5040414081158,32.12532588758424
213.60000000000002,B0200,14777.165975016589,977.9776897923848,5769.415863153745,-200.389957266508,-8.270487650984276,-2.4595345071621124
213.8,A0100,-23621.572437887757,-39734.530792952326,12736.662692941536,-169.37613117159552,-322.12416570422937,13.773510732307127
213.8,A0200,-61571.646585691415,-8836.75756181929,11351.200095458935,-244.87031643802297,-227.61814547228715,31.064678062118983
213.8,B0200,14737.077344215573,976.3448101585045,5768.930966735646,-200.5734486443893,-8.193668912971829,-3.3624367246801175
214.0,A0100,-23654.764022425876,-39799.29977047899,12739.043515268579,-169.58634109009645,-321.66692970521416,15.309938279643587
214.0,A0200,-61620.62484170312,-8882.392543313708,11356.839812524871,-245.46686035251852,-227.34416341183734,30.84330075207551
214.0,B0200,14696.922245174366,974.7194792109344,5768.317052845375,-200.9034224326338,-8.139085105017429,-3.334638825895806
214.20000000000002,A0100,-23688.06299774961,-39863.95180193824,12741.684639732857,-170.43629286824202,-320.9623859373206,16.237612466143293
214.20000000000002,A0200,-61669.73286428342,-8927.908868638267,11362.520344144137,-246.16879807286307,-226.44074177930815,31.42122825144267
214.20000000000002,B0200,14656.74026462804,973.1081739457536,5767.9057477293,-200.8381943388287,-8.088998433000246,-1.6139502623205848
214.4,A0100,-23721.57382675068,-39928.46312443825,12744.420578622814,-171.51907664172109,-320.36304369976443,16.213769335045498
214.4,A0200,-61719.01562481936,-8973.172867537603,11368.343256365115,-247.22078048984898,-224.88077197499135,32.06337864779069
214.4,B0200,14616.563574160205,971.5016590072887,5767.744336735628,-200.96029171489792,-8.080315158422852,-1.2419345920272902
214.60000000000002,A0100,-23755.253292584497,-39992.91672905331,12747.066428525759,-172.13242464681616,-320.3568100785289,15.414804444842158
214.60000000000002,A0200,-61768.52324670815,-9018.14623159292,11374.185269751953,-248.2931802282695,-223.72883592859804,31.62983332913655
214.60000000000002,B0200,14576.328594002429,969.904297753224,5767.401391151527,-201.43930780393256,-8.00048982968045,-3.608022586070825
214.8,A0100,-23789.019710001816,-40057.41088842579,12749.51363807412,-172.48354099903347,-320.6661081539306,14.400793863932085
214.8,A0200,-61818.207942624256,-9062.981606995629,11379.875377264205,-249.028590319022,-223.44654154205165,30.641653286485944
214.8,B0200,14536.013214424562,968.3174857420895,5766.501820558088,-201.55137347605043,-7.961459157641886,-5.918960818767288
215.0,A0100,-23822.846487474624,-40121.95476551433,12751.827361516187,-172.8007991396459,-320.77008031105214,14.214983213792927
215.0,A0200,-61868.019066402776,-9107.812711631148,11385.345852142062,-249.64290030887534,-223.524499673176,29.575319044280846
215.0,B0200,14495.73486939415,966.7484198121842,5765.370026642104,-201.28499532496576,-7.832555514429261,-6.199240417149163
215.20000000000002,A0100,-23856.746987439874,-40186.48005734548,12754.200828035093,-173.2170323067042,-320.47837717154044,14.957010471854328
215.20000000000002,A0200,-61917.95099672108,-9152.647636672893,11390.642736441223,-250.21329515241035,-223.52670580488237,28.92525539433176
215.20000000000002,B0200,14455.462544147647,965.2123294852445,5764.227234523631,-201.4815955280385,-7.660844987766628,-6.225289129640241
215.4,A0100,-23890.770461390952,-40250.90022938285,12756.78366517644,-174.09257342466208,-319.6965616113658,16.11941650300653
215.4,A0200,-61967.96458874541,-9197.492325174244,11395.872003717275,-250.47428235582592,-223.5372418934926,29.013061724485325
215.4,B0200,14415.12041450254,963.6993405988665,5763.1169078746225,-201.87797119370404,-7.560315911993826,-5.367919051102278
215.60000000000002,A0100,-23925.006247134017,-40315.16606067508,12759.504524673994,-175.15101335300344,-319.060238449486,16.232323214912658
215.60000000000002,A0200,-62018.00936526609,-9242.312771647808,11401.205087235841,-250.5317455433956,-223.2753961197995,29.93753748830377
215.60000000000002,B0200,14374.744173091603,962.2021077828058,5762.4142533664435,-201.74661606824705,-7.532739910991219,-2.4133728075280447
215.8,A0100,-23959.406666282244,-40379.36807970259,12762.157732522988,-175.75081801560776,-319.02576107787667,15.526591847655597
215.8,A0200,-62068.07711070764,-9287.026926000846,11406.788075182834,-250.7784806216233,-222.42382463662517,31.3549567018603
215.8,B0200,14334.407943369653,960.704668277272,5762.219785176505,-201.69599473306286,-7.543619465087733,-0.7670989398415462
216.0,A0100,-23993.89074869389,-40443.60775907648,12764.625382111852,-176.07362855422213,-319.3404575270897,14.54409916980429
216.0,A0200,-62118.24582391452,-9331.530806547536,11412.5884111165,-251.51453973111572,-221.20576611605645,32.041314022544775
216.0,B0200,14294.029619722223,959.2175516828192,5762.085235417621,-202.15120176706725,-7.446212538975747,-2.0193271979883494
216.20000000000002,A0100,-24028.4273986199,-40507.900077856,12766.964274317785,-176.34269258748546,-319.4628279414551,14.385651534754418
216.20000000000002,A0200,-62168.593912943245,-9375.788490260915,11418.430240977348,-252.4471928046645,-220.15216069776693,31.764925433541986
216.20000000000002,B0200,14253.560994811134,957.7343025772093,5761.577655561032,-202.42275116626465,-7.464693668589794,-3.788262794025263
216.4,A0100,-24063.026387911825,-40572.177959537934,12769.368413175038,-176.6957937231532,-319.1943434676431,15.152035261661359
216.4,A0200,-62219.101156185156,-9419.919005555665,11424.143485686818,-253.12601346225782,-219.89851203277726,30.84828775128731
216.4,B0200,14213.08743800635,956.2678738929003,5760.75318204607,-202.25899500278936,-7.291905030163182,-5.490718254230159
216.60000000000002,A0100,-24097.734968710833,-40636.355259001,12771.986056851922,-177.50224222622663,-318.43530897020815,16.329580550019998
216.60000000000002,A0200,-62269.72566661591,-9464.050717351125,11429.644844398903,-253.68718706365257,-220.01692173476408,29.805041276737498
216.60000000000002,B0200,14172.650874033801,954.8435942322044,5759.52798212998,-202.21413821441573,-7.12730143310168,-7.8217311236809035
216.8,A0100,-24132.643325750014,-40700.38206686901,12774.743996608837,-178.50855088944598,-317.8148515687451,16.451043218928394
216.8,A0200,-62320.454880684534,-9508.183450164444,11435.009927187359,-254.2045956004767,-219.8019541818151,29.60986203386231
216.8,B0200,14132.154749071651,953.4300883510728,5757.842423801705,-202.70527609669978,-7.065873366717508,-9.352882219864016
217.0,A0100,-24167.7082413535,-40764.34776022189,12777.435150164532,-179.07926520924354,-317.79195927064245,15.74616169909003
217.0,A0200,-62371.29151300814,-9552.214322290667,11440.425217451808,-254.76359223061647,-219.0041114310993,30.256998850555007
217.0,B0200,14091.580344876213,952.0376623923212,5756.254346187369,-202.90533912467262,-7.012052584605406,-6.967046875751129
217.20000000000002,A0100,-24202.852869484053,-40828.352666684776,12779.941112534838,-179.38888230818642,-318.11070940738443,14.769480858864144
217.20000000000002,A0200,-62422.26978889317,-9596.014270291984,11446.00516324535,-255.64107190782343,-217.53237078447543,31.050757547464574
217.20000000000002,B0200,14051.025657087612,950.6166548787774,5755.33718312311,-202.56127303181938,-7.336984044762449,-3.0198800341320835
217.4,A0100,-24238.046868156907,-40892.411106721316,12782.32000075172,-179.6361041261808,-318.2395787245021,14.620738488841809
217.4,A0200,-62473.44504673148,-9639.532305378227,11451.636013062336,-256.61302129185856,-216.38747345574563,30.75687900321623
217.4,B0200,14010.534677456351,949.130881187707,5755.107012508368,-202.40093526039306,-7.593487407113961,-0.5322468638654003
217.60000000000002,A0100,-24273.29761483086,-40956.45669281091,12784.766146159676,-179.95620853280607,-317.98043957811376,15.396692482915558
217.60000000000002,A0200,-62524.78409393523,-9682.911302573317,11457.135661105141,-257.30650464922655,-216.09411640858667,29.837702409263553
217.60000000000002,B0200,13970.040011048031,947.6129212880955,5755.17481933941,-202.57388222252598,-7.6642152190309965,0.018806357778075676
217.8,A0100,-24308.65058070222,-41020.40336717541,12787.427834934015,-180.72328663453732,-317.2281488064802,16.584628509867215
217.8,A0200,-62576.24325929019,-9726.285174332534,11462.4245007307,-257.88523669131064,-216.1831236689331,28.800269479375217
217.8,B0200,13929.49873985699,946.0958447981366,5755.181021040568,-202.843715408701,-7.591008423071641,-1.100701665787096
218.0,A0100,-24344.196351791044,-41084.20019435468,12790.231890880546,-181.7016473210987,-316.6083890597856,16.715402601435162
218.0,A0200,-62627.81453897777,-9769.649706740613,11467.577352166838,-258.4635637139568,-215.88573452393308,28.597010372594976
218.0,B0200,13888.927842910332,944.5967293462368,5754.913488402888,-202.70818436447198,-7.487367101799979,-2.1040575845081597
218.20000000000002,A0100,-24379.894613511075,-41147.9360141958,12792.97041287642,-182.25874284072606,-316.586211605022,16.013805192731375
218.20000000000002,A0200,-62679.51002306458,-9812.890398723328,11472.773086996687,-259.12690345179067,-214.95472823065643,29.174630644518345
218.20000000000002,B0200,13848.425056065018,943.1433644410813,5754.5550196038575,-202.45576028711127,-7.190422522229826,-2.5798654044602163
218.4,A0100,-24415.670851951112,-41211.71111569244,12795.524159187862,-182.5623996082561,-316.90489138335494,15.039406097264248
218.4,A0200,-62731.36918975056,-9855.872688381347,11478.108557804513,-260.1054969076645,-213.36292426621432,29.790104639914187
218.4,B0200,13807.900624714586,941.7312631222294,5754.029814051758,-202.79223482386482,-7.034078491818362,-3.3455150740737536
218.60000000000002,A0100,-24451.49463270308,-41275.54002994031,12797.951329199275,-182.79522792943615,-317.0371943881593,14.89342592185701
218.60000000000002,A0200,-62783.43802155308,-9898.55836934028,11483.4576058762,-261.11013553558115,-212.18499328839843,29.33250134632864
218.60000000000002,B0200,13767.325663505735,940.3460537964484,5753.607199008468,-202.87454609402107,-6.941296030656115,-1.241102821190171
218.8,A0100,-24487.37109863578,-41339.357067881836,12800.446501774677,-183.08963437274633,-316.7844755502742,15.674039071030172
218.8,A0200,-62835.67467513982,-9941.101941702156,11488.651358030307,-261.8197705258773,-211.88528471869245,28.33276154795363
218.8,B0200,13726.76474277898,938.9704034904539,5753.74004704959,-202.68355507050435,-6.921104221967815,1.5557458173231151
219.0,A0100,-24523.343719949495,-41403.07631526886,12803.158732276253,-183.8234459415756,-316.0357227831744,16.87281761657939
219.0,A0200,-62888.03582086698,-9983.63696579761,11493.624364338575,-262.43412483127355,-211.9340335308289,27.266593494763978
219.0,B0200,13686.243872329816,937.6007319160371,5754.306143182953,-202.6180016770718,-6.87756649613873,2.9651264259959054
219.20000000000002,A0100,-24559.515973460006,-41466.6293466426,12806.037733269726,-185.04429560901715,-315.11510692224346,17.28930754661105
219.20000000000002,A0200,-62940.51818424288,-10026.168849731512,11498.424439124348,-263.00940022403245,-211.90022162057474,26.6234901073385
219.20000000000002,B0200,13645.683181807806,936.2480992458936,5754.906023722276,-203.07313354012717,-6.7725456688693875,1.6543115306659912
219.4,A0100,-24595.95262229798,-41530.00919093803,12808.908114185646,-186.2803516107748,-314.41820837553064,16.794632584324578
219.4,A0200,-62993.08464708606,-10068.704313223112,11503.159072502895,-263.2871376754916,-211.88432461604813,26.723629530438387
219.4,B0200,13605.032012399683,934.9031597314533,5755.129180889084,-203.35565799560206,-6.76734347570735,-0.19887615136383893
219.60000000000002,A0100,-24632.577721300768,-41593.32015748095,12811.619104771673,-186.96405488582468,-314.38245658166477,15.769564634075346
219.60000000000002,A0200,-63045.68592590494,-10111.210847337243,11507.999016335089,-263.36238803367667,-211.60219748881804,27.649662741873687
219.60000000000002,B0200,13564.377255972386,933.5615258289654,5755.0244940085595,-203.038613871633,-6.741200304019287,-1.341872624330077
219.8,A0100,-24669.30826300742,-41656.662423078495,12814.106464254897,-187.4618161811439,-314.6023072854604,14.702449775233276
219.8,A0200,-63098.31207053339,-10153.606759290724,11513.087356604963,-263.6042734691688,-210.72389241210422,29.049901797576048
219.8,B0200,13523.825520400675,932.24763268276,5754.808495269086,-202.63238540606937,-6.5352343237168915,-1.9086329116569405
220.0,A0100,-24706.139748943348,-41720.0396210554,12816.422342778793,-187.93062507283884,-314.76405347959764,14.06487444562106
220.0,A0200,-63151.035093108585,-10195.785724014539,11518.3879388846,-264.3039089156335,-209.4662558126389,29.703711512640563
220.0,B0200,13483.277286585046,930.9596862123526,5754.399966638053,-202.89312283274302,-6.451999974349717,-2.917338807274169
220.20000000000002,A0100,-24743.029165030843,-41783.453977735095,12818.67180168898,-188.08684830649395,-314.8982993298615,14.145149127287993
220.20000000000002,A0200,-63203.92840655319,-10237.709923336817,11523.723521454092,-265.1915198484069,-208.3712576745406,29.398197673740146
220.20000000000002,B0200,13442.682651305293,929.6752940871515,5754.026631678668,-202.9443034948088,-6.501269278034657,-0.9590867252086054
220.4,A0100,-24779.931968487395,-41846.87326660201,12821.021182549277,-188.06568736452795,-314.81106924928923,15.041906295703834
220.4,A0200,-63256.975031280745,-10279.500023879169,11528.926240866218,-265.85682346674025,-208.08846123759045,28.466558156142547
220.4,B0200,13402.115081873424,928.4045548852018,5754.252286198612,-202.7995848084885,-6.334777300552682,1.9693728988560115
220.60000000000002,A0100,-24816.84318576329,-41910.23955521501,12823.623163230533,-188.28308506522566,-314.3041060658272,16.566983133544024
220.60000000000002,A0200,-63310.13874441585,-10321.285521048154,11533.915330136602,-266.4245850132163,-208.17505313499385,27.420016252589036
220.60000000000002,B0200,13361.552757211868,927.1507960453105,5754.853705048026,-202.79504156980852,-6.328372195982095,3.0640466260172787
220.8,A0100,-24853.861555173564,-41973.4768493828,12826.479041810151,-189.11872007943506,-313.5275370928642,17.45131874366471
220.8,A0200,-63363.40872708013,-10363.06502437075,11538.767645465388,-266.9474503618628,-207.92101652469222,27.220700000590906
220.8,B0200,13320.998609397238,925.877686345963,5755.650652120569,-202.75348803839512,-6.503132744069826,4.054430865602855
221.0,A0100,-24891.08724241674,-42036.55831549105,12829.420547351303,-190.1742932487989,-312.8584206896325,17.38295018343652
221.0,A0200,-63416.785852232635,-10404.734108208868,11543.668345128153,-267.49618063571677,-207.07811603136744,27.85341949692726
221.0,B0200,13280.437668362334,924.5812008401249,5756.5123442892655,-202.90588310165055,-6.536101731409503,3.3713919093946854
221.20000000000002,A0100,-24928.478438262686,-42099.57156657228,12832.265187082636,-190.78390804315717,-312.8144725956853,16.560434676863604
221.20000000000002,A0200,-63470.299322885636,-10446.162326407659,11548.729475029835,-268.32888444477715,-205.5513984638214,28.619048272993716
221.20000000000002,B0200,13239.856014308749,923.2864895149482,5757.133417417589,-202.79504820379742,-6.491389700912648,2.16122500031921
221.4,A0100,-24965.958649760214,-42162.61900654618,12834.90892972468,-191.15642483245458,-313.0907200550955,15.546189497877172
221.4,A0200,-63523.999596124035,-10487.297774314862,11553.83579908885,-269.2532906426961,-204.35756554369652,28.299712476502126
221.4,B0200,13199.32805063927,922.0253091258319,5757.449714850882,-202.5729032877898,-6.281457333119094,-0.4818116684955557
221.60000000000002,A0100,-25003.504856796542,-42225.70841316115,12837.41995666191,-191.50498432553584,-313.14607504737984,15.364359067162555
221.60000000000002,A0200,-63577.85757039243,-10528.286096132513,11558.80736486748,-269.93267048179973,-204.03061265399793,27.368834922515394
221.60000000000002,B0200,13158.819775220545,920.7779013172108,5756.902734964565,-202.44925750901191,-6.281336130499399,-5.917207933207319
221.8,A0100,-25041.13129983362,-42288.76741985473,12839.990469131852,-191.9527882500278,-312.78464446687974,16.098316041509054
221.8,A0200,-63631.835353802584,-10569.262934692455,11563.56679997463,-270.51676800072397,-204.0865727123257,26.32886889555456
221.8,B0200,13118.355136844191,919.5368035662073,5755.461269383464,-202.20820723289765,-6.223303241324149,-8.545424460591384
222.0,A0100,-25078.886188888773,-42351.70461732702,12842.76598707019,-192.84303432765978,-311.9048686653974,17.21982405195912
222.0,A0200,-63685.92620803106,-10610.223156482592,11568.189832072174,-271.09499226774994,-203.7484491697872,26.12187653245274
222.0,B0200,13077.91315740344,918.321680799846,5753.832919769204,-202.28182087032008,-6.071467455244892,-8.476363487151971
222.20000000000002,A0100,-25116.853893246018,-42414.46845504799,12845.669363222445,-193.89518415192114,-311.1845847591194,17.281978348329975
222.20000000000002,A0200,-63740.139318910085,-10651.050627787874,11572.854158858216,-271.7370216960074,-202.7706839153206,26.68718036564231
222.20000000000002,B0200,13037.417048356292,917.1171529032849,5752.308803632274,-202.5699584963044,-6.097143635580936,-7.190511412680653
222.4,A0100,-25154.98647584737,-42477.15575298655,12848.497296443365,-194.50382236660369,-311.1036503249145,16.548509287202734
222.4,A0200,-63794.499012788336,-10691.652581611732,11577.608529245514,-272.4818623470013,-201.76521315201984,26.76777673341925
222.4,B0200,12996.914461831147,915.8805061987832,5751.316165737822,-202.31634811557095,-6.383057482309424,-2.998888465890669
222.60000000000002,A0100,-25193.20669848622,-42539.87326164881,12851.13657783998,-194.85605973394075,-311.3824896939326,15.561647007310194
222.60000000000002,A0200,-63848.98489851362,-10732.145687866647,11582.285678524338,-273.0279463327512,-201.62241133924456,26.00686992621355
222.60000000000002,B0200,12956.501745624377,914.6115284362108,5751.271777409202,-201.8714904390744,-6.381825894157962,1.0947776683041812
222.8,A0100,-25231.487118799076,-42602.635066122406,12853.647040299053,-195.1688734718348,-311.4524415758122,15.402300408381176
222.8,A0200,-63903.56942203788,-10772.63476117262,11586.811719969643,-273.552337299917,-201.43214479406936,25.551587603893477
222.8,B0200,12916.130190691089,913.3474314581963,5751.697440504841,-201.931499065437,-6.389890415935573,1.9635681270578
223.0,A0100,-25269.83934040397,-42665.36971707259,12856.221453361104,-195.56994013634537,-311.1089223555459,16.155578205061406
223.0,A0200,-63958.27687182998,-10813.002332711982,11591.331419550403,-274.2595659059171,-200.4217622409213,25.870842639177585
223.0,B0200,12875.721888350397,912.0688672792153,5752.156502476818,-202.16496782778506,-6.507785564095635,1.5984828126841042
223.20000000000002,A0100,-25308.31002492913,-42727.98598364316,12859.003891399389,-196.4078266211682,-310.2460158627947,17.286296834363974
223.20000000000002,A0200,-64013.146974086994,-10853.131702653802,11595.889504718692,-275.07931737243473,-199.35749624106762,25.712561386062973
223.20000000000002,B0200,12835.2765447684,910.7532841609955,5752.480802016281,-202.22611027672914,-6.726152688459955,0.977423514368982
223.4,A0100,-25346.9838577921,-42790.43169127168,12861.915323480436,-197.41921945837515,-309.5371989804446,17.35201491588754
223.4,A0200,-64068.155048540604,-10893.143346339632,11600.334266853279,-275.6730505648423,-199.18174437601297,24.831810690549005
223.4,B0200,12794.871734862105,909.4154063096289,5752.760284822097,-201.71091375059143,-6.681585655710592,1.093065976658539
223.60000000000002,A0100,-25385.816319312016,-42852.80285196913,12864.751492214942,-198.0058488667585,-309.46497877416635,16.61739992301793
223.60000000000002,A0200,-64123.27086007639,-10933.161617660386,11604.580708146532,-276.20835908304474,-199.269663050927,23.910957449270263
223.60000000000002,B0200,12754.603704170797,908.1315386719921,5752.953061552751,-200.99062517580063,-6.352323363632339,-0.4546271471839136
223.8,A0100,-25424.73359602225,-42915.205319762055,12867.399082078577,-198.3496806243434,-309.7458669975469,15.634705842256228
223.8,A0200,-64178.48223213957,-10973.179743929788,11608.716659468304,-276.6468108546584,-199.08624132683144,23.839356769607047
223.8,B0200,12714.448438748128,906.8596967179105,5752.6454820793515,-200.6868537908924,-6.4747133524732705,-3.4288592229790646
224.0,A0100,-25463.709135840232,-42977.65246248324,12869.91916554172,-198.64909894377138,-309.81873767384,15.482977754153543
224.0,A0200,-64233.77896912788,-11013.107815170122,11612.92572601922,-277.06423478909556,-198.370350453791,24.58858585121854
224.0,B0200,12674.288065674442,905.5854996587459,5751.907540744933,-200.91749431597543,-6.309631632443608,-4.163889104343215
224.20000000000002,A0100,-25502.753002891932,-43040.07314641481,12872.504683045536,-199.02947414350473,-309.47920719257814,16.242670748085196
224.20000000000002,A0200,-64289.182525916876,-11052.821969867386,11617.319676682917,-277.73824338007995,-196.97412939260226,25.47911015350765
224.20000000000002,B0200,12634.0784300316,904.3514632196279,5751.270704003227,-201.15613635950683,-6.172072322854368,-2.7423449412200203
224.4,A0100,-25541.910599272152,-43102.37598513862,12875.299290533663,-199.84099738796684,-308.61727868564424,17.377020046923814
224.4,A0200,-64344.74514589705,-11092.263211215206,11621.78239349043,-278.5513659714124,-195.84804654157261,25.259379705865236
224.4,B0200,12593.858242483731,903.1133866281448,5751.096566643979,-200.95331695234765,-6.33804448540904,0.3850710943228742
224.60000000000002,A0100,-25581.266490044945,-43164.50795754563,12878.223494497179,-200.83224285000492,-307.9055285328126,17.445199292605714
224.60000000000002,A0200,-64400.449505440294,-11131.567411547516,11626.124903929925,-279.177270299299,-195.55729506671116,24.376038371839865
224.60000000000002,B0200,12553.688232492146,901.8385973608288,5751.493183273813,-200.80226369066048,-6.490232014292288,2.4585700064620304
224.8,A0100,-25620.77815096105,-43226.56494596094,12881.07267045213,-201.40987049354547,-307.8319562076278,16.71053951666856
224.8,A0200,-64456.26641043028,-11170.865265094319,11630.262483988736,-279.7309535599486,-195.63425514115667,23.371557956319965
224.8,B0200,12513.515008625225,900.5458624535895,5752.117553737025,-200.96585145989974,-6.517759479599904,2.7026906158310338
225.0,A0100,-25660.373680990615,-43288.65294994874,12883.73328098643,-201.7516195313823,-308.11083642100897,15.728930805275729
225.0,A0200,-64512.18696262648,-11210.15482495087,11634.272960811046,-280.23704077749295,-195.3653261197969,23.2250043409055
225.0,B0200,12473.296191044015,899.2596357018019,5752.6231645851385,-201.2393741438275,-6.432173652692274,1.3096228024900256
225.20000000000002,A0100,-25700.026803852183,-43350.785335663255,12886.266713985984,-202.0448265518742,-308.1829680844724,15.579077117615402
225.20000000000002,A0200,-64568.21022220371,-11249.330314301616,11638.340664512441,-280.75687191614173,-194.5014603824216,23.887423655920983
225.20000000000002,B0200,12433.043753514567,897.9918626904478,5752.782121137246,-201.16417936072722,-6.322840610502013,-0.3204105730504286
225.4,A0100,-25739.74633484745,-43412.89117654873,12888.865992501173,-202.41238731847582,-307.8433316047546,16.340842911371283
225.4,A0200,-64624.36153959807,-11288.260073545047,11642.569985215145,-281.53049277672454,-192.95262130160822,24.63100829038809
225.4,B0200,12392.842196182975,896.7642138772544,5752.585932987016,-200.8966775810293,-6.117772176033199,-2.8693812564253784
225.60000000000002,A0100,-25779.57638853475,-43474.878876177,12891.67489134489,-203.20494743688573,-306.977672886161,17.478293191824633
225.60000000000002,A0200,-64680.68609416236,-11326.894124478575,11646.838024086366,-282.38944962976063,-191.75107662141772,24.280380755988187
225.60000000000002,B0200,12352.664349436858,895.5486201272897,5751.707212775264,-200.9456389286294,-6.123293455244303,-6.549592252821911
225.8,A0100,-25819.601271942087,-43536.694457264675,12894.61409058123,-204.18209329286026,-306.25852639587606,17.549732017462
225.8,A0200,-64737.1590449338,-11365.380561007427,11650.96687151835,-283.04200922018435,-191.42300374201147,23.3352778621323
225.8,B0200,12312.443925270827,894.3434494022299,5750.290953728176,-201.24989006452614,-6.0309567411563245,-7.977013633296391
226.0,A0100,-25859.78008031345,-43598.433840006284,12897.478704886382,-204.7546483126358,-306.1802857116311,16.81610062120794
226.0,A0200,-64793.74990161372,-11403.85321889669,11654.883130340368,-283.62856339542554,-191.45200383057082,22.307048737446028
226.0,B0200,12272.171073178357,893.139803551353,5748.893653735592,-201.35731217288776,-6.143146607007128,-6.056605236142305
226.20000000000002,A0100,-25900.042365345118,-43660.20349689369,12900.154827484248,-205.09599898494486,-306.45599723062054,15.834639010431527
226.20000000000002,A0200,-64850.45348929566,-11442.322629147806,11658.635421713734,-284.14941284866455,-191.44281429686967,21.709085296666373
226.20000000000002,B0200,12231.94744291262,891.913028268888,5748.2506060686555,-200.73854491206114,-6.087363183160061,-0.7566129954359833
226.4,A0100,-25940.36186432415,-43722.01709634417,12902.703764303098,-205.38446839332798,-306.5267939124114,15.684683716600723
226.4,A0200,-64907.228598869144,-11480.809288364264,11662.3287037394,-284.34618183874653,-191.54507594059234,21.831028358585225
226.4,B0200,12191.880736660754,890.7883993311593,5748.651554462678,-200.01830584494522,-5.293132075874332,3.2813062968936926
226.60000000000002,A0100,-25980.746126924674,-43783.80397199122,12905.318607830575,-205.74036341105904,-306.1867508841175,16.447228582353564
226.60000000000002,A0200,-64964.016617143585,-11519.300380042278,11666.131876823609,-284.2813397217404,-191.4780992931205,22.783464216876514
226.60000000000002,B0200,12151.892137629522,889.7710977825191,5749.457494994054,-199.94492789603322,-5.0476039455959,3.5936662953846015
226.8,A0100,-26021.237873681563,-43845.47237197141,12908.143518418367,-206.51465171619162,-305.31704305255266,17.588501687191698
226.8,A0200,-65020.79285785067,-11557.730124364625,11670.195534343897,-284.29811039767077,-190.8508511129687,24.291963365897725
226.8,B0200,12111.876545057316,888.760547643833,5750.053564978358,-200.28661167659877,-5.242836349459011,1.116009086031448
227.0,A0100,-26061.921155652362,-43906.96728041608,12911.09969391545,-207.47864224482015,-304.589689390756,17.66458648390225
227.0,A0200,-65077.62028651432,-11595.982042077238,11674.501706563155,-284.77197790686614,-189.72629627809792,25.124625147941714
227.0,B0200,12071.788678328441,887.6850312759639,5749.992785937246,-200.5498757406346,-5.591178029176684,-2.598490944434449
227.20000000000002,A0100,-26102.756697640732,-43968.38460555513,12913.981967536734,-208.04686558720493,-304.5059503188869,16.932917749004616
227.20000000000002,A0200,-65134.57757261643,-11633.993294927346,11678.881365567944,-285.49395503069735,-188.6492498175712,24.99705682945526
227.20000000000002,B0200,12031.665436664394,886.5549046031533,5749.133652850487,-200.63779794392983,-5.777375139241071,-6.704898544888988
227.4,A0100,-26143.675410225664,-44029.83136031484,12916.675903027495,-208.387861103689,-304.7784082784274,15.95134783157633
227.4,A0200,-65191.66557000548,-11671.870326727054,11683.154984719346,-286.0887061487893,-188.3559285882102,24.154896111722564
227.4,B0200,11991.548606834085,885.3913375834786,5747.623284415204,-200.47580073152182,-5.959430693603097,-8.42786137165652
227.60000000000002,A0100,-26184.650900449953,-44091.32167258444,12919.242519713138,-208.67099947679066,-304.8484646249383,15.800547656295828
227.60000000000002,A0200,-65248.86148837688,-11709.741536151556,11687.22647940465,-286.6137390431641,-188.45323375231806,23.147636838484974
227.60000000000002,B0200,11951.461768902453,884.1964551730634,5746.109462755234,-200.40626970393586,-6.065912695824786,-7.283157035817325
227.8,A0100,-26225.6893162908,-44152.78526048958,12921.874991690967,-209.01389606914324,-304.5092297697745,16.563594290519656
227.8,A0200,-65306.14822819129,-11747.61932851357,11691.169631577024,-287.01026097015404,-188.32304843419783,23.004168603722114
227.8,B0200,11911.368766254542,883.0005557666159,5744.884023748779,-200.56263027049593,-6.0041774709139375,-5.86743402946464
228.0,A0100,-26266.831839536568,-44214.130320405384,12924.718053459883,-209.7680993764819,-303.63690240149595,17.709938332375184
228.0,A0200,-65363.50560515079,-11785.42278506602,11695.179380078232,-287.321050674686,-187.71212866436778,23.765774407602457
228.0,B0200,11871.241073725403,881.8094447212948,5744.010143720898,-200.5957603602945,-5.972377155837604,-3.0733499451326245
228.20000000000002,A0100,-26308.162323096978,-44275.30071646807,12927.693688575979,-210.71801759957535,-302.9019229155466,17.792411032276945
228.20000000000002,A0200,-65420.94216791964,-11823.034377478973,11699.390030133196,-287.8378027587524,-186.40370883594267,24.80569568634256
228.20000000000002,B0200,11831.145552274214,880.6356758887973,5743.834535439935,-200.31258406079078,-5.880330640801329,0.3744241812476627
228.4,A0100,-26349.64328000165,-44336.39220103544,12930.596379600924,-211.28149814670516,-302.81277261411566,17.063671556752343
228.4,A0200,-65478.51194658656,-11860.378921293279,11703.704448858436,-288.55590457686026,-185.25995869037297,24.749775779767198
228.4,B0200,11791.103492599852,879.4713952343404,5744.202409653428,-200.18696522537124,-5.870460102542009,2.277534902557469
228.60000000000002,A0100,-26391.20701637807,-44397.512297628164,12933.310980080134,-211.62155427051343,-303.08232634581816,16.081970773759902
228.60000000000002,A0200,-65536.21120183144,-11897.58014548675,11707.923859299834,-289.1439000132426,-184.93421824152375,23.953515346233345
228.60000000000002,B0200,11751.034373878469,878.304438214443,5744.695557771393,-200.58630233207666,-5.917039310453196,1.3965722665224871
228.8,A0100,-26432.826896593622,-44458.675709823496,12935.898071719912,-211.89791410797918,-303.15279640982976,15.929971361382552
228.8,A0200,-65594.01734832951,-11934.771415136569,11711.948532732018,-289.66392505383186,-185.02322798281043,22.9705866058136
228.8,B0200,11710.884292135088,877.1161685383545,5744.891865062229,-200.84327754900238,-6.045418722009406,-0.09999029638129574
229.0,A0100,-26474.50747111964,-44519.81270797103,12938.550932058917,-212.22538884817482,-302.81634904214167,16.6935908204596
229.0,A0200,-65651.9140302608,-11971.967066376274,11715.849254270317,-290.06287841322836,-184.87276551717713,22.849151871741974
229.0,B0200,11670.729599013372,875.9073849102006,5744.814895376983,-200.58897995178256,-6.117747110010861,-1.2134430423745772
229.20000000000002,A0100,-26516.288208222133,-44580.831573076284,12941.415047424005,-212.95654277618277,-301.9437223804759,17.84657591307873
229.20000000000002,A0200,-65709.88282747174,-12009.082318100278,11719.819202914772,-290.385738210592,-184.22208825541378,23.611341318614976
229.20000000000002,B0200,11630.637891232334,874.7030698670937,5744.502214343103,-200.4740088543966,-6.050210018958184,-2.836940134728394
229.4,A0100,-26558.252847489362,-44641.674959893746,12944.41345615496,-213.89065856057303,-301.20234656609915,17.93750470266562
229.4,A0200,-65767.93363007432,-12045.996758797108,11723.985710285986,-290.9142265537954,-182.87225316057186,24.604375796305273
229.4,B0200,11590.519102536888,873.495844340217,5743.957734737396,-200.61119003899012,-6.101754769049867,-2.5455269876345934
229.60000000000002,A0100,-26600.36592182503,-44702.43826552557,12947.34019682838,-214.44849333556672,-301.1082668535119,17.212780109346436
229.60000000000002,A0200,-65826.11816697168,-12082.639050899612,11728.244645070718,-291.6284399888795,-181.71762063516204,24.49476714679674
229.60000000000002,B0200,11550.398041074362,872.2996689488305,5743.749286773294,-200.6649328477626,-5.985999199839488,-0.4478601190390828
229.8,A0100,-26642.561223670134,-44763.229450674466,12950.07920412448,-214.7867228798003,-301.37549241094325,16.23101043796266
229.8,A0200,-65884.4314165647,-12119.137221582892,11732.40048004935,-292.215047297761,-181.390954479486,23.671241988633557
229.8,B0200,11510.269914806606,871.1103605216358,5743.9767883246095,-200.50490737129513,-6.007075383751781,2.142858286592864
230.0,A0100,-26684.811763590616,-44824.06390744253,12952.690473555356,-215.05437821917522,-301.44790244063876,16.077552291618552
230.0,A0200,-65942.85207036945,-12155.624108157928,11736.35895134438,-292.7424561835458,-181.4627074835519,22.68827211293691
230.0,B0200,11470.190912104432,869.9103357047775,5744.657205474588,-200.3803489365835,-6.081839552937317,3.6617251240598416
230.20000000000002,A0100,-26727.120254711554,-44884.872664120834,12955.367411353109,-215.36332903744935,-301.11677996368866,16.841929494164845
230.20000000000002,A0200,-66001.36624207659,-12192.108867121628,11740.1944398897,-293.16408711204895,-181.26356612799992,22.57069742951415
230.20000000000002,B0200,11430.082517165189,868.708084177561,5745.389000806001,-200.80047525130837,-6.048411604292494,2.3976642433830797
230.4,A0100,-26769.524245076354,-44945.56425390333,12958.256447098207,-216.06769825687442,-300.24683732935614,18.00339584187733
230.4,A0200,-66059.95855367965,-12228.50054463093,11744.097915636798,-293.5232820660511,-180.53669011478678,23.31453769971018
230.4,B0200,11389.886868394628,867.4981183724758,5745.743002764202,-201.05581584570436,-6.120333618563654,0.5980391115616289
230.60000000000002,A0100,-26812.107463371674,-45006.080020977766,12961.281976577884,-216.98376925790123,-299.5007310658617,18.105202805773484
230.60000000000002,A0200,-66118.64044932438,-12264.674970975459,11748.189754894887,-294.08583126652593,-179.1082418835558,24.242319637460163
230.60000000000002,B0200,11349.685547391382,866.2955205214844,5745.7499767382,-200.95776583533365,-5.998096718950011,-1.5683319701784213
230.8,A0100,-26854.836746960238,-45066.514760571474,12964.23748474757,-217.53475639902845,-299.40244115652774,17.38574770146603
230.8,A0200,-66177.46025492088,-12300.56582862707,11752.35933650774,-294.8103156673711,-177.91793521903006,24.06517601239559
230.8,B0200,11309.502115700881,865.1104897598811,5745.116096750477,-200.88699402655735,-6.04415596732748,-5.864553706122925
231.0,A0100,-26897.647497080263,-45126.976769197136,12967.005744062655,-217.8700584147183,-299.6680872270046,16.404002347348975
231.0,A0200,-66236.41021093231,-12336.307836975026,11756.415882243415,-295.40391516334955,-177.5752054179783,23.20913139044886
231.0,B0200,11269.310616548268,863.8829945559501,5743.510849642596,-201.013103629933,-6.2567466498379165,-10.396650336375757
231.20000000000002,A0100,-26940.51224965052,-45187.48225137319,12969.645996138015,-218.12669298238717,-299.7443080481824,16.248802031366175
231.20000000000002,A0200,-66295.46943577494,-12372.034893783948,11760.271552361628,-295.9448415996445,-177.62008995082914,22.22042517415124
231.20000000000002,B0200,11229.074639335518,862.6426679678361,5741.417366504954,-201.30452874162918,-6.265047355367025,-10.535720163007747
231.4,A0100,-26983.431596804185,-45247.96323997216,12972.351800866916,-218.41341220813538,-299.4215975605994,17.014135972075383
231.4,A0200,-66354.62674880258,-12407.750815389474,11764.003634767349,-296.39945050469953,-177.35550262630568,22.096793800092218
231.4,B0200,11188.803096293548,861.3654032413547,5739.680972891478,-201.22729229836563,-6.665217937044595,-6.860750398063915
231.60000000000002,A0100,-27026.440921444362,-45308.32872350329,12975.2707468731,-219.08652816602176,-298.5579894668159,18.186186871375057
231.60000000000002,A0200,-66413.87059510688,-12443.356947752709,11767.800032241234,-296.8078735985106,-176.5298542232906,22.808419810009454
231.60000000000002,B0200,11148.633648965028,860.0138085205281,5739.010896539488,-200.3541142697749,-6.768496427165706,-0.2655831448438588
231.8,A0100,-27069.62405824245,-45368.51862065279,12978.328942543143,-219.98183764287157,-297.80923703625984,18.301696990973774
231.8,A0200,-66473.2140898899,-12478.72483483408,11771.773267579349,-297.4156314567178,-175.00169035116153,23.652317025744768
231.8,B0200,11108.659905613937,858.7540525664122,5739.578560005792,-199.48770289437158,-5.94328415142011,4.474294379384664
232.0,A0100,-27112.950486246045,-45428.6268275533,12981.319196305183,-220.52450585296023,-297.707667127602,17.5889739057371
232.0,A0200,-66532.70129228511,-12513.79456437751,11775.806065503355,-298.156027535022,-173.764991071598,23.393290847538978
232.0,B0200,11068.78383139183,857.6109440611658,5740.670818590123,-199.35869988449303,-5.656708156411598,5.319105447333078
232.20000000000002,A0100,-27156.35736637073,-45488.761848922506,12984.12283317645,-220.85557215129325,-297.9726571711377,16.60735236219811
232.20000000000002,A0200,-66592.3209524827,-12548.709116322738,11779.713911703111,-298.7601875141852,-173.40017620974285,22.49861905880248
232.20000000000002,B0200,11028.889584285527,856.4804173030666,5741.65366348608,-199.6795748096706,-5.83406601233124,3.3206688532542334
232.4,A0100,-27199.81662471943,-45548.9408432521,12986.798141109844,-221.0984646003278,-298.05493822241414,16.450032817229005
232.4,A0200,-66652.05241826182,-12583.60394177123,11783.416482579149,-299.31836543071626,-173.41196442573533,21.499837450815036
232.4,B0200,10988.919131289169,855.289155547598,5742.064241642407,-199.99673048538628,-6.17092382603977,-0.04988480868865701
232.60000000000002,A0100,-27243.32639906037,-45609.09714234201,12989.538854618362,-221.35858548582198,-297.74434879866203,17.216468945542548
232.60000000000002,A0200,-66711.88762490998,-12618.47665994981,11786.993641153833,-299.8132625066769,-173.06795849858577,21.36164830877241
232.60000000000002,B0200,10948.901405469216,854.0339436714012,5741.715221123071,-200.14602529616727,-6.435552472942496,-4.256580402505672
232.8,A0100,-27286.919612894515,-45669.14044461351,12992.493948291522,-221.99513385930788,-296.89157728961794,18.401287213323464
232.8,A0200,-66771.81945009569,-12653.219475663733,11790.629101966755,-300.28018904398846,-172.12433669571365,22.026404149921632
232.8,B0200,10908.88317106138,852.7409269472741,5740.550159331844,-199.89607547997468,-6.564320660387278,-7.62972652669903
233.0,A0100,-27330.69094832067,-45728.991564246,12995.613244204005,-223.09494386590316,-295.81702648874995,18.803073319124437
233.0,A0200,-66831.86269533283,-12687.699291497745,11794.426148158836,-300.9401918316599,-170.48035509600345,22.764800510443514
233.0,B0200,10868.957283846086,851.4359927902115,5738.9266518038585,-199.45447598800348,-6.583186893141077,-9.205772514995328
233.20000000000002,A0100,-27374.703889121254,-45788.636881843035,12998.721450065386,-224.23524521789636,-294.96639279900825,18.296157611078904
233.20000000000002,A0200,-66892.05627678089,-12721.86428016582,11798.260590426373,-301.6987846385614,-169.19171373849517,22.40795234469162
233.20000000000002,B0200,10829.060568195313,850.1310330919732,5737.066175057265,-199.58952706707782,-6.574824027763309,-9.972565911602805
233.4,A0100,-27418.894638534697,-45848.189134387896,13001.668296348065,-224.90041270237595,-294.8393641938818,17.261350435436277
233.4,A0200,-66952.38498071519,-12755.867011314393,11801.955974341628,-302.31531173049564,-168.8020538459404,21.467833100549388
233.4,B0200,10789.09680407945,848.8244119106971,5735.208378172907,-199.9481103504286,-6.551810255410899,-8.665736541507465
233.60000000000002,A0100,-27463.191908764777,-45907.75746499389,13004.389712716764,-225.41124912346828,-294.9855452090434,16.185086902460846
233.60000000000002,A0200,-67012.82846953889,-12789.844519729686,11805.440724124473,-302.8937505815632,-168.7752433208582,20.45446583995733
233.60000000000002,B0200,10749.120898292902,847.5213128432642,5733.948187926882,-199.70406926958384,-6.599596928905127,-4.228425568107439
233.8,A0100,-27507.591837550473,-45967.3455937477,13006.93732140608,-225.8870803005954,-295.0759914277446,15.533444338441996
233.8,A0200,-67073.38221495657,-12823.808334710084,11808.765531131532,-303.40076829709284,-168.72326743129358,19.881563093243642
233.8,B0200,10709.222748088298,846.1965870676972,5733.623265974442,-199.24928196859577,-6.7357376858355265,0.01514088989402501
234.0,A0100,-27552.05208136271,-46026.960383586884,13009.415261779808,-226.05029159163254,-295.1725539645755,15.595177040045916
234.0,A0200,-67134.00596094792,-12857.785089482695,11812.0364968853,-303.58984638006837,-168.82597685021327,20.02833574290584
234.0,B0200,10669.39713061626,844.8495041105234,5733.960803950777,-199.0826831519237,-6.8176641642381375,2.3660979178196255
234.20000000000002,A0100,-27596.524438914592,-46086.57485770456,13011.989147674494,-226.00694787399487,-295.0712918809868,16.47136774198675
234.20000000000002,A0200,-67194.63950948384,-12891.770584193353,11815.421687744067,-303.49870631474914,-168.8030652066521,20.999744287474968
234.20000000000002,B0200,10629.567656455794,843.4970297334444,5734.569510753658,-199.24975056419032,-6.8032481097891075,2.7343747447679165
234.4,A0100,-27640.99547882698,-46146.133138745645,13014.812042950802,-226.14081261885875,-294.53115489630306,17.984616657862272
234.4,A0200,-67255.25121766733,-12925.706040786074,11819.072238508845,-303.4337181906928,-168.2318766438515,22.542285170225703
234.4,B0200,10589.672940269269,842.1494646559086,5735.0008055764265,-199.76770300847903,-6.7684052996930335,0.448506638363379
234.60000000000002,A0100,-27685.553459181698,-46205.549105958344,13017.887835483629,-226.85871484650232,-293.6542233140894,18.86488475645387
234.60000000000002,A0200,-67315.89372726489,-12959.469753822203,11822.973577909652,-303.78690964219595,-167.109671750713,23.418567098898894
234.60000000000002,B0200,10549.684571908743,840.7990798451069,5734.881533280785,-199.99282948144742,-6.799698231301756,-2.101755922295228
234.8,A0100,-27730.295612314054,-46264.78477745432,13021.049134860978,-227.81285927688012,-292.8577345079225,18.79627585970746
234.8,A0200,-67376.64124894135,-12992.988184913651,11826.9579423412,-304.39585496126585,-165.99302135757148,23.335677853129283
234.8,B0200,10509.704514251904,839.4608316935964,5734.307585828768,-199.77149462823357,-6.668631925293771,-4.410886688480747
235.0,A0100,-27775.191436947192,-46323.93145194292,13024.113388061916,-228.39898464008843,-292.7331510166991,17.96978520801715
235.0,A0200,-67437.50397848844,-13026.364540845643,11830.843474706639,-304.94481828717653,-165.6629047127665,22.519032762264175
235.0,B0200,10469.76803163192,838.1519163965104,5733.218505545974,-199.71261524783841,-6.584602320206228,-7.299230924947922
235.20000000000002,A0100,-27820.1770061183,-46383.09939826383,13026.97559937602,-228.78741792991545,-292.9530116967571,16.948169420304723
235.20000000000002,A0200,-67498.46989475441,-13059.728248721658,11834.530853466273,-305.45482363516703,-165.73172283945848,21.53000042203221
235.20000000000002,B0200,10429.775261348586,836.838326733101,5731.557434538246,-200.19774448262825,-6.586840227120629,-9.386770956842808
235.4,A0100,-27865.230033579963,-46442.299080124954,13029.702817681638,-229.12302733061435,-292.95784171502305,16.751139491590497
235.4,A0200,-67559.5215045138,-13093.096803832392,11838.093800800365,-305.80582922613576,-165.61601433905093,21.409213073006043
235.4,B0200,10389.6973793745,835.5386697712779,5729.891810553055,-200.46714950883396,-6.542507713128044,-7.420225921013029
235.60000000000002,A0100,-27910.355349473753,-46501.4576667088,13032.486336886543,-229.50220057074662,-292.5410234992303,17.46916258613542
235.60000000000002,A0200,-67620.62916735421,-13126.39853543141,11841.729551519697,-306.01461342963114,-165.06624670263707,22.210947336601603
235.60000000000002,B0200,10349.62714253072,834.2154456342969,5728.8430552865375,-200.10419905091211,-6.806139381161938,-3.36722016053105
235.8,A0100,-27955.588605066714,-46560.480056457425,13035.472802269034,-230.25385300665278,-291.5626250989854,18.586596866912238
235.8,A0200,-67681.78849941246,-13159.52190851923,11845.57875465383,-306.36051345082643,-163.81466963549974,23.336180692626744
235.8,B0200,10309.643950380658,832.862520231967,5728.5926329554295,-199.86756961146222,-6.782955178278128,-0.5331855469786193
236.0,A0100,-28001.00816225159,-46619.30509117391,13038.58780697307,-231.19453917365814,-290.718333172372,18.65350209821854
236.0,A0200,-67743.04842838559,-13192.382261567389,11849.550553500289,-306.93965528094833,-162.66145620229062,23.36695482701546
236.0,B0200,10269.6314965487,831.5184509412654,5728.4906454750235,-200.2849023375774,-6.7737785485906965,-1.4976715844766568
236.20000000000002,A0100,-28046.579281040926,-46678.03315306881,13041.6280962649,-231.7739231620696,-290.5569400830385,17.919628509804536
236.20000000000002,A0200,-67804.41861171601,-13225.095628838855,11853.441054885214,-307.4680792461836,-162.31310754558865,22.61899014612154
236.20000000000002,B0200,10229.544610292225,830.1630701454094,5728.131300159076,-200.52746858904968,-6.854504988522485,-2.6428173642565653
236.4,A0100,-28092.238017011845,-46736.778781645015,13044.478812914038,-232.14046216997986,-290.7834533578808,16.923773806001936
236.4,A0200,-67865.88872645522,-13257.794934921996,11857.143478181282,-307.9625345299348,-162.39081654388963,21.659904931578776
236.4,B0200,10189.445309153416,828.796084650224,5727.580576954338,-200.3410304003007,-6.8773917889916145,-3.321914029669704
236.60000000000002,A0100,-28137.958094151018,-46795.559714709016,13047.197896194792,-232.43788682656927,-290.8112662159591,16.746375098304707
236.60000000000002,A0200,-67927.44101944941,-13290.502511507573,11860.726578932841,-308.29214245497417,-162.29611540502154,21.56597541314823
236.60000000000002,B0200,10149.399177133353,827.4438225951292,5726.875866305505,-200.25381789972485,-6.77075096833766,-4.5647709494747755
236.8,A0100,-28183.741277801022,-46854.3048786375,13049.977293173606,-232.76556979456205,-290.4247171075576,17.482322687296417
236.8,A0200,-67989.04448163006,-13323.147922811528,11864.38731677295,-308.4741097975054,-161.77103404458904,22.3862045313116
236.8,B0200,10109.29709316387,826.1002353611339,5725.892714937727,-200.74349787124356,-6.761488599211077,-5.502681552519412
237.0,A0100,-28229.621188451172,-46912.91998495454,13052.962807490752,-233.4583784917393,-289.47729733505366,18.612853169905172
237.0,A0200,-68050.69379533573,-13355.61991977111,11868.263689489664,-308.7884067454161,-160.545193687803,23.51287624985613
237.0,B0200,10069.12299375383,824.7453901855072,5725.025965187377,-200.85785292095395,-6.903043074769349,-3.123039373174445
237.20000000000002,A0100,-28275.676697070638,-46971.342875509654,13056.079130963106,-234.35496441009317,-288.653352322446,18.689194008051924
237.20000000000002,A0200,-68112.43758132355,-13387.833798902058,11872.262160839182,-309.3405844625564,-159.41379631884982,23.54010872998146
237.20000000000002,B0200,10028.971430543175,823.3752608417485,5724.820484690077,-200.71917076927173,-6.869872933311186,0.02766474329483243
237.4,A0100,-28321.87709130929,-47029.67202464581,13059.121804114311,-234.91110747610077,-288.5047532018757,17.957100084883226
237.4,A0200,-68174.28759462663,-13419.90434580344,11876.17868912841,-309.85555622240076,-159.0795799861096,22.789496679985575
237.4,B0200,9988.823360206297,822.0169607094019,5725.025363565837,-200.76702538148083,-6.831536053623503,1.0783386335213196
237.60000000000002,A0100,-28368.161993917896,-47088.020444820584,13061.975203503895,-235.26709736627882,-288.73634844598286,16.96482471505084
237.60000000000002,A0200,-68236.23583060605,-13451.962425290469,11879.90739184618,-310.344308861011,-159.1592325866087,21.837255992821817
237.60000000000002,B0200,9948.666365267622,820.6519320808579,5725.394012288709,-200.79348217932684,-6.914830345478166,2.0289985539049824
237.8,A0100,-28414.505612075667,-47146.40545149664,13064.697962389002,-235.54632517983603,-288.77371901972253,16.793098633947384
237.8,A0200,-68298.26500107301,-13484.028904947394,11883.518785715842,-310.66577443502285,-159.0655145235906,21.754333261549146
237.8,B0200,9908.478867366437,819.2733524157395,5725.781830918905,-201.17340117253755,-6.957780527188831,0.6521415505603001
238.0,A0100,-28460.907587868027,-47204.757099698356,13067.482217802239,-235.84566711992284,-288.4017215677674,17.534630323798577
238.0,A0200,-68360.3432884469,-13516.033476168315,11887.20968649973,-310.83533091556404,-158.54204529823804,22.58108584455441
238.0,B0200,9868.211896784076,817.8783888018365,5725.754725548961,-201.37816748987078,-7.05551986007742,-1.365180805005513
238.20000000000002,A0100,-28507.399726074847,-47262.981603366694,13070.473927284147,-236.50241976362096,-287.46778842012293,18.673317377535277
238.20000000000002,A0200,-68422.464337324,-13547.86487389294,11891.116781275516,-311.1306565002072,-157.31733075250338,23.705983855443133
238.20000000000002,B0200,9827.955507187111,816.4845644304548,5725.357012240655,-201.15725676938465,-6.956412505216189,-3.388802645683878
238.4,A0100,-28554.060965158358,-47321.01563229313,13073.598308366321,-237.37279642436403,-286.6485528789868,18.758518032045092
238.4,A0200,-68484.67596827346,-13579.438349879201,11895.145265587846,-311.6651644682208,-156.1869166620347,23.729440582613
238.4,B0200,9787.742040261419,815.1187407913053,5724.488440084125,-201.10380583701004,-6.85923526946102,-6.078420209748293
238.60000000000002,A0100,-28600.86335011201,-47378.95651442215,13076.650247610396,-237.91683627810588,-286.501879411952,18.02962482729261
238.60000000000002,A0200,-68546.9912743954,-13610.868664336169,11899.091289211774,-312.17208231017196,-155.85300223878005,22.977312045292823
238.60000000000002,B0200,9747.463693789345,813.7494015738671,5723.062426436605,-201.6656628914322,-6.8875346872613585,-8.354641654829559
238.8,A0100,-28647.748740486462,-47436.91687548172,13079.513206279244,-238.26766462965543,-286.73420857351755,17.0380867499493
238.8,A0200,-68609.40388742332,-13642.28618170143,11902.849637174499,-312.658138579824,-155.92886746151774,22.02857379254576
238.8,B0200,9707.088088397251,812.3793167470769,5721.519859703156,-202.02597681324767,-6.951933766715297,-7.212627661365075
239.0,A0100,-28694.691299163245,-47494.91439032631,13082.245583812055,-238.53478973946852,-286.77731936281083,16.86654577261988
239.0,A0200,-68671.8968277505,-13673.711232966725,11906.491666039805,-312.97509475115254,-155.83081436153293,21.950904819394992
239.0,B0200,9666.687275356046,810.9607616825967,5720.4370369973385,-201.82374320526864,-7.363749004123485,-3.832379367744364
239.20000000000002,A0100,-28741.688771896333,-47552.880161476256,13085.039620519377,-238.8122940854294,-286.41584205318844,17.609553120530382
239.20000000000002,A0200,-68734.43756349123,-13705.073536177126,11910.21404823102,-313.1357103416407,-155.30361672050532,22.780348195832623
239.20000000000002,B0200,9626.349246055812,809.4754106487385,5720.0868681145785,-201.64897399337192,-7.535469543017898,-0.7680444272545526
239.4,A0100,-28788.771071957515,-47610.720926521695,13088.04193764292,-239.43880015543036,-285.4911991776706,18.755933721502895
239.4,A0200,-68797.0185640028,-13736.26187587154,11914.15280530024,-313.4145710009015,-154.07453167344374,23.903971374790583
239.4,B0200,9585.989193631387,807.9702248986455,5720.071271593398,-201.95331704091066,-7.616949871218939,-0.25146471301546464
239.60000000000002,A0100,-28836.017074421594,-47668.37208263001,13091.178964657402,-240.28778800829718,-284.6723762736255,18.851360400670583
239.60000000000002,A0200,-68859.68671821927,-13767.191331090777,11918.212556936644,-313.9334486321913,-152.93950586057818,23.925408344310178
239.60000000000002,B0200,9545.581362509265,806.4337196327772,5720.132033067563,-202.07856094270718,-7.82892900491785,0.3350140847671606
239.8,A0100,-28883.40128904303,-47725.92992639416,13094.245056069933,-240.82279962251945,-284.5243559341456,18.127059686370917
239.8,A0200,-68922.45633443237,-13797.976809358654,11922.18964814052,-314.43355571686783,-152.6018256162659,23.173041557690055
239.8,B0200,9505.150203437519,804.8678044712815,5720.216160093591,-202.2602023400259,-7.890392011013247,-0.4364351199784544
240.0,A0100,-28930.867430462004,-47783.50702035857,13097.122562215509,-241.16968705688265,-284.75639916771377,17.13544575475451
240.0,A0200,-68985.32251539941,-13828.748621021896,11925.979268635288,-314.9174694649618,-152.6726769421594,22.226737684785164
240.0,B0200,9464.69539846545,803.2977344297979,5720.045301100752,-202.1603012295488,-7.873883653938502,-1.7021408266481652
240.20000000000002,A0100,-28978.38938501433,-47841.12174127092,13099.86922525333,-241.42558682017005,-284.8050692151601,16.962172520696384
240.20000000000002,A0200,-69048.26849685035,-13859.527009325637,11929.653190127614,-315.2301938843741,-152.57034544537208,22.152225728383662
240.20000000000002,B0200,9424.297768181917,801.7570927599847,5719.582528026343,-201.85531346380674,-7.671180921343183,-3.9882633161274623
240.4,A0100,-29025.96294023537,-47898.706357438554,13102.677372973974,-241.6815891992777,-284.45458854873056,17.70543480839822
240.4,A0200,-69111.26094910802,-13890.241930092616,11933.407977715331,-315.38153688366464,-152.04061366883872,22.98338457461851
240.4,B0200,9383.931843732962,800.233602083475,5718.479636779276,-201.87929258078066,-7.644796147059261,-7.527208066564461
240.60000000000002,A0100,-29073.615972335814,-47956.16826450774,13105.694564611877,-242.27756654148075,-283.54006143150946,18.86044834197655
240.60000000000002,A0200,-69174.29102647246,-13920.782414944479,11937.379386712426,-315.6429804032458,-150.80862563677266,24.107627604123188
240.60000000000002,B0200,9343.537045161682,798.7149151559377,5716.942662128388,-202.00814861145417,-7.624834517496637,-7.5804509042315145
240.8,A0100,-29121.436773286954,-48013.423439036065,13108.869937300224,-243.31195403531737,-282.3840744747413,19.22960392365525
240.8,A0200,-69237.40469027098,-13951.063169827103,11941.471921812015,-316.14582314810724,-149.66880383161725,24.129646969712486
240.8,B0200,9303.12084261587,797.2218614697072,5715.703857841632,-202.19979176654044,-7.428911535948623,-5.557988388376606
241.0,A0100,-29169.485918852683,-48070.455987845926,13112.028159522428,-244.39344892054655,-281.4554816796885,18.695595154125325
241.0,A0200,-69300.61755880345,-13981.199028594183,11945.482000861572,-316.63895410579045,-149.32673629872178,23.378420689990328
241.0,B0200,9262.654623906932,795.7483116774986,5714.820426303364,-202.3732916617972,-7.416415007281804,-3.605397834573223
241.20000000000002,A0100,-29217.706037903263,-48127.38295788478,13115.020883330077,-245.0449276476145,-281.28019674018265,17.64469291027235
241.20000000000002,A0200,-69363.92621050563,-14011.320307152382,11949.304923889711,-317.1204163913766,-149.39303312164478,22.43423134832796
241.20000000000002,B0200,9222.205886570104,794.250376110519,5714.505292005057,-202.01128476687086,-7.664540277973796,-0.005148014703959291
241.4,A0100,-29266.03285903257,-48184.31757378963,13117.785499976013,-245.56240399107543,-281.38394450121154,16.555046639320462
241.4,A0200,-69427.3140172572,-14041.447469481143,11953.012612318016,-317.42797995654803,-149.28864468315763,22.361980683215883
241.4,B0200,9181.828737135187,792.7055477807328,5714.810318452688,-201.85259251158624,-7.852045331972066,2.105831979331541
241.60000000000002,A0100,-29314.46385285515,-48241.26277584402,13120.373143687817,-246.0489946422536,-281.42772998250234,15.886562672417277
241.60000000000002,A0200,-69490.74670016994,-14071.51106450614,11956.801579790572,-317.5683220810056,-148.760306911516,23.19489573920392
241.60000000000002,B0200,9141.441778703693,791.1421571904498,5715.3228213743805,-202.04549762832994,-7.863059757298137,2.1116457612179373
241.8,A0100,-29362.959173145457,-48298.22650445756,13122.888068662282,-246.23629141512384,-281.4874213465739,15.933226459874568
241.8,A0200,-69554.2139516918,-14101.400639604872,11960.807661497223,-317.8101017782151,-147.5298072031953,24.322400304733865
241.8,B0200,9101.006634049656,789.5758225182442,5715.665459070271,-202.30374723047188,-7.861676382252975,0.5052677883925029
242.0,A0100,-29411.471476360246,-48355.18309634614,13125.495552755747,-246.2156522207199,-281.35506385687154,16.790229127631957
242.0,A0200,-69617.76086129367,-14131.03027594681,11964.935665859175,-318.29561007944534,-146.38713490562338,24.348212249479474
242.0,B0200,9060.546255748015,788.0189221380203,5715.624808980992,-202.1987830066858,-7.773520497486801,-1.3938756695859487
242.20000000000002,A0100,-29459.98524169592,-48412.076826838296,13128.347306872858,-246.3460945074078,-280.7720557571989,18.275909455366637
242.20000000000002,A0200,-69681.40453352498,-14160.51433419235,11968.981899328177,-318.7810718559998,-146.04137477574594,23.59969145705454
242.20000000000002,B0200,9020.120950691171,786.4942078253587,5715.085121478291,-202.08501333116308,-7.601419104170397,-4.991860235975535
242.4,A0100,-29508.582007177276,-48468.81702082927,13131.445824476663,-247.02576134570782,-279.82702388313385,19.1193109705843
242.4,A0200,-69745.14308579003,-14189.983050954546,11972.841434459151,-319.25942815569385,-146.104321840015,22.657558796152085
242.4,B0200,8979.703246638554,784.9922529367377,5713.725986360452,-202.11445355477753,-7.500117772160549,-8.73854099223307
242.60000000000002,A0100,-29557.353700063966,-48525.362064961766,13134.622347792982,-247.933717950179,-278.9580769600563,19.01570077408055
242.60000000000002,A0200,-69808.95994657796,-14219.457398579088,11976.586111076751,-319.56039408772506,-146.00122798912625,22.5870471913037
242.60000000000002,B0200,8939.261281386163,783.4978023343203,5711.971262356838,-202.2260884414347,-7.59198100379526,-8.512468242994434
242.8,A0100,-29606.27387579059,-48581.80621678257,13137.69645199855,-248.51162675020183,-278.7866646628043,18.1689448843509
242.8,A0200,-69872.81970276148,-14248.868970714106,11980.412459508418,-319.6873817063418,-145.4797566364278,23.422150944318165
242.8,B0200,8898.849201182973,781.9763614564447,5710.761181394113,-201.7576819842551,-7.560175280429562,-3.4319137667878583
243.0,A0100,-29655.28521159573,-48638.263649189794,13140.565524890366,-248.91595799996676,-278.96841794852935,17.13520418853353
243.0,A0200,-69936.7104268134,-14278.108158090097,11984.456754814146,-319.9066332998153,-144.2568207941168,24.556114654309162
243.0,B0200,8858.57899352521,780.5744704386223,5710.73793017139,-200.94340308718108,-6.518714524941128,2.1771879571243735
243.20000000000002,A0100,-29704.36785931859,-48694.74467328825,13143.296786564602,-249.2689294925106,-278.92667214087646,16.919800721765146
243.20000000000002,A0200,-70000.6764151619,-14307.088119801858,11988.624557285708,-320.37309372368173,-143.11434449848758,24.58950975573427
243.20000000000002,B0200,8818.452972605963,779.3509501144276,5711.520901917655,-200.43063075902552,-5.870225708848716,4.714153575324351
243.4,A0100,-29753.52534328841,-48751.17385472755,13146.079479950497,-249.6537517263295,-278.44984066403657,17.607177131408964
243.4,A0200,-70064.73647362355,-14335.922228178853,11992.711836347022,-320.84993723389675,-142.76622371693972,23.84550059020317
243.4,B0200,8778.358897590637,778.208924344538,5712.537116969657,-200.61771096680957,-5.748977854838485,4.345885504514196
243.60000000000002,A0100,-29802.789155400533,-48807.452806609,13149.057386941413,-250.37632588897696,-277.38854447212265,18.67738988688368
243.60000000000002,A0200,-70128.89034578821,-14364.740487908206,11996.613045672046,-321.32434965422226,-142.8274841934843,22.905457351682635
243.60000000000002,B0200,8738.203818563114,777.0536392762374,5713.278712285502,-200.94248724066006,-5.906546489163584,2.3230012861212774
243.8,A0100,-29852.23168475331,-48863.517165189376,13152.154412439819,-251.27796950598741,-276.4639993835171,18.70089581862483
243.8,A0200,-70193.12143305865,-14393.564689396171,12000.399697543588,-321.6169929242003,-142.72988229987865,22.83622221159926
243.8,B0200,8697.982847951629,775.862921305046,5713.4924872057145,-201.2672921316979,-6.073828160190975,-0.9353458631360909
244.0,A0100,-29901.821664611212,-48919.47145900123,13155.170166580123,-251.85284536601594,-276.25086881903064,17.943116328132113
244.0,A0200,-70257.3929790691,-14422.328011434885,12004.268413887938,-321.7278791595647,-142.22200371607124,23.674089621866116
244.0,B0200,8657.724902117672,774.63808416611,5713.046261635119,-201.16332149446328,-6.233582207517716,-3.6404486770703457
244.20000000000002,A0100,-29951.50139070634,-48975.43468821629,13157.992917558806,-252.23966674241976,-276.43769009764054,16.933737320347788
244.20000000000002,A0200,-70321.69126258173,-14450.922079642605,12008.356308998504,-321.9213053942721,-141.0141213279678,24.818204401035224
244.20000000000002,B0200,8617.53701010304,773.3932062177114,5712.26969198398,-200.80926841878062,-6.283134865560644,-4.630302891620448
244.4,A0100,-30001.247698979336,-49031.42457293676,13160.681046049158,-252.56424002763183,-276.414537070912,16.737193863183734
244.4,A0200,-70386.05987816167,-14479.258788876763,12012.570207689489,-322.3667171465257,-139.87573924333492,24.86358936592039
244.4,B0200,8577.367086275797,772.1550543437947,5711.325552872799,-200.96924491446094,-6.216986420546512,-5.399602230663754
244.60000000000002,A0100,-30051.062195690407,-49087.36674080859,13163.424298011567,-252.91267845144387,-275.96026968074517,17.43986561741749
244.60000000000002,A0200,-70450.51957500298,-14507.449902269102,12016.70548317106,-322.83380691821736,-139.52704788751342,24.12618038787217
244.60000000000002,B0200,8537.13047121009,770.9173813055945,5710.282278718603,-201.33825884953052,-6.225598862717668,-5.106079594301377
244.8,A0100,-30100.975169158253,-49143.163126261694,13166.364865982512,-253.59344144598165,-274.9215342714271,18.514455560790267
244.8,A0200,-70515.07182495462,-14535.62499163883,12020.655515260358,-323.303298868103,-139.58868307517224,23.188275002669798
244.8,B0200,8496.860117786058,769.6739345161463,5709.589315013176,-201.27194370375338,-6.318639998535216,-1.9360101745260756
245.0,A0100,-30151.058915287536,-49198.74886689878,13169.42470771832,-254.4609918449921,-274.01374546559634,18.53702197769299
245.0,A0200,-70579.699914103,-14563.807014081041,12024.491203457219,-323.58566733747085,-139.5015935043808,23.11975285419182
245.0,B0200,8456.63224657985,768.4009391889406,5709.616689043603,-200.96561323902745,-6.49008006560439,1.478470126609588
245.20000000000002,A0100,-30201.284925725227,-49254.22731537442,13172.402768550342,-255.01808428518277,-273.8119342435657,17.77571342872944
245.20000000000002,A0200,-70644.3655112269,-14591.931370096903,12028.409336327382,-323.6773639580056,-139.0153182970326,23.960952932015488
245.20000000000002,B0200,8416.460002596135,767.1006121566825,5710.176417828214,-200.8425288094385,-6.587354019832762,3.2918618558106436
245.4,A0100,-30251.59848894759,-49309.71607090591,13175.187519466477,-255.39897793195422,-274.00124788900695,16.768655024191343
245.4,A0200,-70709.05290698839,-14619.891388980657,12032.548317456909,-323.8412489201642,-137.8314824584821,25.119367748317327
245.4,B0200,8376.27553057066,765.7929430009381,5710.912444712545,-201.03191013646074,-6.575195562557139,3.2289376413882924
245.60000000000002,A0100,-30301.9774397131,-49365.231830057295,13177.838543850954,-255.71563669308352,-273.98043767596323,16.577265381339142
245.60000000000002,A0200,-70773.80509209362,-14647.597314985687,12036.816839157724,-324.26332509920354,-136.70198642763597,25.181821417614007
245.60000000000002,B0200,8336.022858199383,764.4923355352387,5711.389288848711,-201.55716604842425,-6.512376874533329,0.549461123908829
245.8,A0100,-30352.42256024604,-49420.700386611825,13180.545528347471,-256.05223180803705,-273.5289116273776,17.282311258535298
245.8,A0200,-70838.64502740021,-14675.158565148366,12041.00939133898,-324.7193376662591,-136.3549770632694,24.45342085921973
245.8,B0200,8295.680845124478,763.1964150311253,5711.24205199497,-201.73946245945157,-6.504313794455401,-2.329839489450312
246.0,A0100,-30402.96332188738,-49476.02348636213,13183.449825583424,-256.71583774966,-272.4906684732385,18.353947370545075
246.0,A0200,-70903.57602995103,-14702.704027019998,12045.017750730727,-325.18279886379986,-136.4194685510213,23.517665713096672
246.0,B0200,8255.354689923177,761.9192114747564,5710.578396903033,-201.48883274014162,-6.349568369576374,-4.932411731458384
246.20000000000002,A0100,-30453.671383910372,-49531.13574348271,13186.472559808684,-257.5678600992902,-271.5812293570992,18.37210011775914
246.20000000000002,A0200,-70968.5811791276,-14730.258219257605,12048.911860012373,-325.45272193293096,-136.34880783942484,23.44905890554544
246.20000000000002,B0200,8215.077120861191,760.6739754434341,5709.350063451051,-201.41205944905744,-6.259802473963755,-8.023925294704886
246.4,A0100,-30504.51954083574,-49586.14043814513,13189.412705741252,-258.1185223857271,-271.378434478708,17.607171563252543
246.4,A0200,-71033.62031286454,-14757.759510629021,12052.888740256301,-325.5217877737703,-135.893589692644,24.294005530342982
246.4,B0200,8174.745866653046,759.4255156294421,5707.518823602304,-201.88858624046702,-6.255589121930767,-10.189948705684554
246.60000000000002,A0100,-30555.454729529672,-49641.15508328412,13192.159071434966,-258.49944867748366,-271.5647384310772,16.599408983253614
246.60000000000002,A0200,-71098.6755120518,-14785.103499865127,12057.088590391711,-325.6519426448653,-134.74455056966718,25.47126774448835
246.60000000000002,B0200,8134.329616394866,758.187524055832,5705.681230975324,-202.1681290467701,-6.258105015807279,-8.195818523260197
246.8,A0100,-30606.455411899442,-49696.19602493178,13194.77169025048,-258.8159645289796,-271.5399922688908,16.407771409716606
246.8,A0200,-71163.78926342075,-14812.198353201762,12061.42269022578,-326.04805725957567,-133.62980542806673,25.55659947879286
246.8,B0200,8093.918036620547,756.9125019382295,5704.467723097637,-201.81849504120086,-6.6046621392915,-4.098979258897917
247.0,A0100,-30657.52202190556,-49751.18884921823,13197.440043568926,-259.15014382512953,-271.0833189714235,17.110499770456165
247.0,A0200,-71228.98703734358,-14839.150268698038,12065.684339099585,-326.49144882174096,-133.2872802451042,24.839970280175436
247.0,B0200,8053.59065210491,755.5925345991966,5704.060200046764,-201.59473897437468,-6.6369251587988884,-1.2474779544171035
247.20000000000002,A0100,-30708.683358419486,-49806.034912672425,13200.304913547789,-259.8059532381674,-270.03696230620756,18.17617971840683
247.20000000000002,A0200,-71294.27413220739,-14866.087134994668,12069.763095338436,-326.94762609691224,-133.3575865320606,23.90628471051896
247.20000000000002,B0200,8013.231961272562,754.2756153078801,5703.798031296221,-202.01483391738458,-6.635930535095288,-2.249655349077683
247.4,A0100,-30760.01018908072,-49860.66835798501,13203.2869220092,-260.6492070388762,-269.1190661845238,18.188093193557755
247.4,A0200,-71359.633328768,-14893.035475943692,12073.72752081347,-327.20270662946905,-133.31028325364107,23.836403728209092
247.4,B0200,7972.799597328109,752.9465866642354,5703.270427699799,-202.25272201789403,-6.72066139496486,-3.4405856525187617
247.60000000000002,A0100,-30811.476033647814,-49915.19285611539,13206.18534567998,-261.19751967207355,-268.91080448505124,17.419277060427092
247.60000000000002,A0200,-71425.0223504512,-14919.937506164835,12077.774910898814,-327.24530703878855,-132.89726961359173,24.685143394579935
247.60000000000002,B0200,7932.357374144711,751.6044802537504,5702.542410683256,-202.01277621921307,-6.753291549069971,-4.0021782081447075
247.8,A0100,-30863.02899882108,-49969.726307206576,13208.889445389614,-261.5807416422787,-269.09194037024537,16.409776895678842
247.8,A0200,-71490.42080997356,-14946.691783765895,12082.047818815507,-327.3369765991361,-131.79591096895774,25.886052142135078
247.8,B0200,7892.013716852009,750.2904887731397,5701.802550752334,-201.54951878474992,-6.513798345502773,-4.142108700343414
248.0,A0100,-30914.64808946182,-50024.28489587091,13211.459475007403,-261.9003789736687,-269.0604220482518,16.216097338381175
248.0,A0200,-71555.87015715452,-14973.181135669784,12086.48413253195,-327.7240048365038,-130.27495991725507,26.286455429080295
248.0,B0200,7851.682690414875,748.9995000883096,5700.945662314818,-201.8105317725777,-6.472768000430083,-4.821712323027193
248.20000000000002,A0100,-30966.333639382407,-50078.793784556794,13214.084639386687,-262.2363839351663,-268.5948050673009,16.91470919865624
248.20000000000002,A0200,-71621.41928162413,-14999.364000225207,12090.908015697903,-328.27642783406714,-128.95643997687714,25.77928006361395
248.20000000000002,B0200,7811.301795750882,747.7146853772826,5700.1783680070475,-201.92590099725493,-6.474932801289434,-2.817651023665075
248.4,A0100,-31018.113892528792,-50133.15381095523,13216.905154384463,-262.88877503402824,-267.53620250569776,17.972523932777975
248.4,A0200,-71687.07546607759,-15025.375969253779,12095.172680271797,-328.8116534084635,-128.51648010277285,24.773662876152788
248.4,B0200,7770.924889900432,746.4200351211348,5699.954667457719,-201.8062339992617,-6.554010639879358,0.008462222286353176
248.60000000000002,A0100,-31070.058585214618,-50187.29872848492,13219.841134311133,-263.7261738542933,-266.60696035512325,17.976504767417502
248.60000000000002,A0200,-71752.8374223527,-15051.3481267949,12099.219742646648,-329.35976312305803,-128.3898868538655,23.751274993594148
248.60000000000002,B0200,7730.575897750935,745.1135169038116,5700.212226287553,-201.72331115944783,-6.587880553590924,1.797929504847877
248.8,A0100,-31122.141668702225,-50241.33285779107,13222.692305614455,-264.2738341742557,-266.39145460292923,17.20315485592027
248.8,A0200,-71818.70226401197,-15077.285318279162,12103.10661236272,-329.83018611240647,-128.23807000356578,23.18257618197192
248.8,B0200,7690.215554117694,743.8081039770939,5700.657146655656,-201.90617749372362,-6.552762386790146,1.862980758443913
249.0,A0100,-31174.312226125552,-50295.37467451834,13225.348523182663,-264.66045034960877,-266.56634973981517,16.19146341538204
249.0,A0200,-71884.63272240428,-15103.219447612133,12106.940931238729,-330.00130326754845,-128.28226618846872,23.332845622900713
249.0,B0200,7649.789172995043,742.508188079491,5700.870580620447,-202.41412229133806,-6.5200960937197365,-0.6677301094368249
249.20000000000002,A0100,-31226.549829293566,-50349.44020061176,13227.87024005535,-264.98511647211393,-266.5262252813418,15.995093440548215
249.20000000000002,A0200,-71950.56745373081,-15129.155451751496,12110.888547451399,-329.86854591502396,-128.2549352761372,24.291750562668902
249.20000000000002,B0200,7609.2817650592415,741.2130072451589,5700.512878785314,-202.5240488636014,-6.501431440078,-3.027565195225692
249.4,A0100,-31278.85490075861,-50403.45399087263,13230.446330741586,-265.3256839402159,-266.0489863522769,16.68864679252875
249.4,A0200,-72016.46419774099,-15155.045161721868,12115.099521648863,-329.66769741177256,-127.71010921284751,25.839056810693126
249.4,B0200,7568.798808553311,739.934741270582,5699.844167354849,-202.31737400490513,-6.35335533839887,-4.0285958738581416
249.60000000000002,A0100,-31331.25525030792,-50457.316241926106,13233.216345186724,-265.9776245435574,-264.97521244302385,17.736824912161374
249.60000000000002,A0200,-72082.35682230104,-15180.763335640011,12119.564999187416,-329.81205569553043,-126.56324264078722,26.73227198271094
249.60000000000002,B0200,7528.321995222381,738.6967440058102,5699.015484445232,-202.53535187246786,-6.15786222141313,-4.898342964610946
249.8,A0100,-31383.819471939983,-50510.96042187477,13236.099754050016,-266.8109437220803,-264.0328924165499,17.73098573965985
249.8,A0200,-72148.31083425364,-15206.226131480333,12124.118324996121,-330.2202727510872,-125.37877444659635,26.675438920236864
249.8,B0200,7487.770755356653,737.4812265255814,5698.013303223882,-202.92597691700365,-6.04833744678347,-5.246194130959609
250.0,A0100,-31436.521730967554,-50564.49171522487,13238.896854555654,-267.3589380947411,-263.8092000572861,16.95220716871685
250.0,A0200,-72214.35173996622,-15231.533059996997,12128.577779113803,-330.6811504015799,-124.98236945554665,25.877529194759536
250.0,B0200,7447.152567809093,736.2919652336411,5697.092465517996,-203.2497285577793,-5.954292579640903,-4.318694687396584
250.20000000000002,A0100,-31489.31198143257,-50618.02927451147,13241.498266597904,-267.74973527053686,-263.9770670856687,15.938027133721416
250.20000000000002,A0200,-72280.48564630808,-15256.81438855729,12132.842204613007,-331.1567983310095,-124.99222697049217,24.901719238442503
250.20000000000002,B0200,7406.49050257757,735.0975787571961,5696.470349199079,-203.30466792029992,-6.0914258614580845,-2.201961167506817
250.4,A0100,-31542.170430090195,-50671.58888101595,13243.964699421127,-268.0810413127226,-263.9266454352325,15.738661304884847
250.4,A0200,-72346.696147655,-15282.092842726277,12136.983711048066,-331.43728283103655,-124.8628751293297,24.782344569005588
250.4,B0200,7365.824150734437,733.8750871371672,5696.221824789358,-203.37042264534685,-6.194433714193824,-1.0731184477489337
250.60000000000002,A0100,-31595.097774808357,-50725.094284468854,13246.484641270552,-268.4286403585104,-263.43517549659316,16.426398710913784
250.60000000000002,A0200,-72412.94121384429,-15307.307100366856,12141.198113121332,-331.4998995586181,-124.35715369377512,25.584433383870063
250.60000000000002,B0200,7325.128428015894,732.6489241565237,5696.01934410755,-203.60317352647183,-6.141064589397406,-1.7099626483395274
250.8,A0100,-31648.12152452642,-50778.44490336587,13249.196822380743,-269.082879632249,-262.34337026565476,17.462967010610253
250.8,A0200,-72479.19754786382,-15332.354922599923,12145.629931800046,-331.58698240734543,-123.16051743280167,26.753946603116372
250.8,B0200,7284.40280716741,731.4278320564716,5695.63057447262,-203.50212378347084,-6.122967547891071,-2.29069373556434
251.0,A0100,-31701.30901704839,-50831.57404724507,13252.019867201776,-269.9136482618545,-261.3864538448215,17.44509295156627
251.0,A0200,-72545.50190610415,-15357.11965111773,12150.219246344037,-331.95099866482536,-121.55766730264035,27.11879461397716
251.0,B0200,7243.739413377591,730.239930897775,5695.233404880607,-203.27320497300127,-5.868255294899756,-2.3636115571851675
251.20000000000002,A0100,-31754.63442062108,-50884.58799156296,13254.754772563236,-270.46280234534595,-261.1538328462064,16.659775221810534
251.20000000000002,A0200,-72611.90069679922,-15381.563265115481,12154.78870691585,-332.47857371145545,-120.17581529169745,26.57755809396713
251.20000000000002,B0200,7203.050655646179,729.0878350269911,5694.737363553591,-203.60738890409505,-5.735098906062225,-2.942481916233684
251.4,A0100,-31808.04847823523,-50937.606647404245,13257.293127803812,-270.8585430657619,-261.31388840034384,15.64282230478515
251.4,A0200,-72678.40333240887,-15405.82519089715,12159.193951583518,-333.0055942894625,-119.69133845056444,25.554350096503914
251.4,B0200,7162.316336256313,727.9570827705899,5694.3339095972315,-203.66171897729095,-5.667636781413278,-1.0555506189165893
251.60000000000002,A0100,-31861.53212441509,-50990.64543578464,13259.695990726506,-271.1981704578071,-261.251299903249,15.440221883629967
251.60000000000002,A0200,-72745.01101507331,-15430.039823700023,12163.378454805468,-333.5516586669572,-119.53203787647317,24.51348842178667
251.60000000000002,B0200,7121.590817573248,726.8324954165433,5694.4417060276855,-203.55054357943467,-5.662874244507883,1.5881064662215083
251.8,A0100,-31915.086537116695,-51043.62707132486,13262.151396140123,-271.55543335310523,-260.7426575616177,16.12131999191172
251.8,A0200,-72811.72120339154,-15454.212453795204,12167.398177512474,-334.02282049452657,-119.34176749147603,23.920264231461505
251.8,B0200,7080.8962801308,725.7100672923993,5694.970634954537,-203.47609290458183,-5.639158497467657,2.986878907145481
252.0,A0100,-31968.739073823235,-51096.45003299668,13264.797058712695,-272.21491285767974,-259.6295951952261,17.143936933174373
252.0,A0200,-72878.49841571994,-15478.373396227533,12171.36093562378,-334.20571749377547,-119.33795399509467,24.050067234702084
252.0,B0200,7040.164568384031,724.6013670995823,5695.533605501444,-203.92283338684555,-5.546067785629126,1.6767490229326796
252.20000000000002,A0100,-32022.5556861488,-51149.04762550803,13267.55050620073,-273.044710018617,-258.65644219693127,17.111393886829955
252.20000000000002,A0200,-72945.28258799762,-15502.525937495946,12175.43291347614,-334.0872172245841,-119.25763919705362,24.988780589723053
252.20000000000002,B0200,6999.344052631792,723.4984164215541,5695.718648258389,-204.1973999845367,-5.549464842801187,-0.18783149917635047
252.4,A0100,-32076.510315887786,-51201.52747895289,13270.213587125963,-273.5958717946371,-258.414131644925,16.31819883850213
252.4,A0200,-73012.03068044585,-15526.621548804957,12179.7636030973,-333.8863664562519,-118.65967158852708,26.510750639529252
252.4,B0200,6958.521468157073,722.3981337596341,5695.5676494740765,-203.91252898225255,-5.519583945886919,-1.552889847716461
252.60000000000002,A0100,-32130.55441597024,-51254.010348018666,13272.67910331451,-273.99739720146505,-258.5654879099618,15.298143539436072
252.60000000000002,A0200,-73078.77244703803,-15550.535620906041,12184.343168785013,-334.0093527561463,-117.46826759058408,27.369660782066234
252.60000000000002,B0200,6917.778728683226,721.3164952434679,5695.196758351948,-203.59842974884359,-5.371070390205563,-2.457033173219307
252.8,A0100,-32184.669762007394,-51306.51114062384,13275.008574857371,-274.34723835069366,-258.4885382265697,15.092023909289574
252.8,A0200,-73145.5700870963,-15574.186500050128,12189.003373257143,-334.3898095970205,-116.25045934645195,27.279310093837037
252.8,B0200,6877.050831572471,720.2768576632616,5694.71259716119,-203.76050088630691,-5.1419053889424235,-2.877257868797009
253.0,A0100,-32238.85824376153,-51358.95126260007,13277.389498146702,-274.7171291696979,-257.9592578906943,15.765468656827778
253.0,A0200,-73212.45082748371,-15597.675604145734,12193.56466552927,-334.84047633843727,-115.82803073144879,26.463425910322165
253.0,B0200,6836.258779818426,719.2694416849545,5694.183131836902,-204.12010572472684,-4.998818299197522,-2.508439746788321
253.20000000000002,A0100,-32293.147234132673,-51411.228062235925,13279.958333361454,-275.3851371040506,-256.82114780892095,16.77129879170508
253.20000000000002,A0200,-73279.42381582916,-15621.13396163523,12197.928350314578,-335.3164735558734,-115.81058580232562,25.477101017661667
253.20000000000002,B0200,6795.431755452044,718.2862003244309,5693.912218365622,-204.0640626683157,-4.923040818391329,-0.5765084748589268
253.4,A0100,-32347.60114466316,-51463.2750262587,13282.631216892862,-276.2156902485107,-255.8298646952711,16.720945572408397
253.4,A0200,-73346.47391345604,-15644.582675139372,12202.16669755218,-335.60016227435705,-115.63986473449239,25.342129422876823
253.4,B0200,6754.611724152953,717.3151606585252,5693.916298808468,-204.17787826748437,-4.8652586560677795,-0.15468683500958122
253.60000000000002,A0100,-32402.193433298955,-51515.20145242676,13285.211034826385,-276.76979177561736,-255.57700408562928,15.91827596371939
253.60000000000002,A0200,-73413.55895219362,-15667.957470457139,12206.473690494757,-335.66292318282774,-115.08009202694976,26.11710964549114
253.60000000000002,B0200,6713.73377363964,716.3618992109482,5693.739385045565,-204.65965936856904,-4.74442874535301,-2.5408519600984367
253.8,A0100,-32456.876180925366,-51567.12903578602,13287.592089342512,-277.1780644865352,-255.71861634418795,14.89470917541133
253.8,A0200,-73480.65385151665,-15691.154519485939,12210.990934833815,-335.7329353796969,-113.82745320364697,27.242141360989944
253.8,B0200,6672.777862088527,715.4278134375372,5693.005524940819,-204.74582206926598,-4.665850537202866,-4.827118798907992
254.0,A0100,-32511.632138882254,-51619.07198386283,13289.836492888897,-277.5402906934004,-255.6246935232928,14.684671862214554
254.0,A0200,-73547.79304912529,-15714.081761147016,12215.634352225825,-336.0611672456536,-112.6162534929812,27.29463024577084
254.0,B0200,6631.8663432921785,714.5140515275813,5692.051548298252,-204.44500719292668,-4.53804827030268,-5.002467459887899
254.20000000000002,A0100,-32566.46417220589,-51670.95006756787,13292.131093905873,-277.92618776447233,-255.07065669066785,15.349160364045154
254.20000000000002,A0200,-73615.00707919369,-15736.848452790713,12220.20111778867,-336.4786439292863,-112.19567586988427,26.56474821052595
254.20000000000002,B0200,6590.966998073711,713.6419673142785,5691.117817834008,-204.611207234963,-4.296765191493443,-4.8384001438183635
254.4,A0100,-32621.399853040377,-51722.659283035726,13294.610803507338,-278.60641959161734,-253.90305311426164,16.334682803189224
254.4,A0200,-73682.30838089506,-15759.586481082206,12224.58210948943,-336.93439693521475,-112.20724390532374,25.60857541841551
254.4,B0200,6550.004207937847,712.8034059739615,5690.254964119712,-204.96923170717423,-4.161799240595259,-3.788907129337905
254.60000000000002,A0100,-32676.5018687556,-51774.13352639379,13297.190028193862,-279.4396347334211,-252.89142803140845,16.26278052640474
254.60000000000002,A0200,-73749.68225730032,-15782.323970452337,12228.8423311228,-337.1896293340518,-112.09612747721982,25.498026446190547
254.60000000000002,B0200,6509.017514233607,711.9820640060785,5689.8376108533475,-204.7725736689024,-4.147901130050122,-0.6633242670497955
254.8,A0100,-32731.742904143077,-51825.48413151684,13299.672927940293,-279.9977125762182,-252.62702266441647,15.44874111100857
254.8,A0200,-73817.08426417458,-15805.001895682548,12233.176067162829,-337.2140911519866,-111.61803352527197,26.294398440206592
254.8,B0200,6468.080486759256,711.1591024607928,5689.950544269685,-204.69136337975922,-4.154241538049451,1.030547647089678
255.0,A0100,-32787.07558231318,-51876.83384557307,13301.955644641046,-280.41383993395243,-252.7576535792579,14.421144204837345
255.0,A0200,-73884.48763474991,-15827.519570814595,12237.724318439876,-337.2387083653817,-110.45502695907426,27.440982486769734
255.0,B0200,6427.10500230974,710.3488959767164,5690.122814783465,-205.13865355269607,-4.037328876687749,-0.2592527086228854
255.20000000000002,A0100,-32842.48378898721,-51928.19594891791,13304.101026404496,-280.79094543446985,-252.64364757488764,14.206612363531834
255.20000000000002,A0200,-73951.92499079903,-15849.76035695482,12242.425423730896,-337.52573815805675,-108.88072539459348,27.784048599180764
255.20000000000002,B0200,6386.041515044428,709.5481541925383,5689.91443567082,-205.388618236156,-4.024756931188601,-2.0636831565616296
255.4,A0100,-32897.97166290494,-51979.48819039663,13306.29513116328,-281.1966929696787,-252.0599693392969,14.860445065378723
255.4,A0200,-74019.44144658846,-15871.684662643303,12247.103479124784,-337.9864910032018,-107.51585413006609,27.2304391784331
255.4,B0200,6344.978976240635,708.7691872275333,5689.373085677636,-205.2012452873967,-3.8363534917086217,-3.8947950064486445
255.60000000000002,A0100,-32953.56717429368,-52030.604962964906,13308.670955386891,-281.8932726043609,-250.85770955094466,15.8212406001928
255.60000000000002,A0200,-74087.05231153703,-15893.429037707101,12251.615361420289,-338.48415254208203,-107.03296656093195,26.198668403374068
255.60000000000002,B0200,6303.946841053901,708.0290706188556,5688.385553732233,-205.23650164516403,-3.7235886169669468,-6.648069149980931
255.8,A0100,-33009.33106509475,-52081.48084954226,13311.140793092169,-282.73123233441817,-249.82317604683604,15.72334837692765
255.8,A0200,-74154.76443334436,-15915.124632009993,12255.905168258305,-339.0152913981462,-106.85851465387034,25.152096807093198
255.8,B0200,6262.8481360729365,707.2861635189691,5686.789479757757,-205.73664372927635,-3.7352590590968986,-9.243585930868518
256.0,A0100,-33065.234924372446,-52132.22964881068,13313.510383354445,-283.2944297439015,-249.5460817159155,14.895699534691246
256.0,A0200,-74222.57588692749,-15936.774307264739,12260.028837219881,-339.472641505481,-106.6456875485007,24.551505119320346
256.0,B0200,6221.660818068625,706.552742827469,5685.021366346713,-206.09932337309158,-3.721216750062026,-8.354449262381598
256.2,A0100,-33121.231829852564,-52182.97528774108,13315.678106162974,-283.7196794496268,-249.66427047664797,13.863409416711956
256.2,A0200,-74290.45295068524,-15958.407518611453,12264.094210757277,-339.65249542027175,-106.61833959714585,24.673580698132206
256.2,B0200,6180.435679182807,705.7846171454408,5683.703712517861,-205.99469051040475,-4.097795192200483,-4.6069226730847275
256.40000000000003,A0100,-33177.30698787601,-52233.72984605247,13317.707698119579,-284.11451559035277,-249.52649233934892,13.643548309428683
256.40000000000003,A0200,-74358.3365950237,-15980.027700844534,12268.26639051751,-339.53310394306504,-106.51596727759154,25.59479386179586
256.40000000000003,B0200,6139.276307411285,704.9455467652083,5683.285218168619,-205.67877982365624,-4.308530124290279,-0.44705444069564193
256.6,A0100,-33233.46614642516,-52284.408593601765,13319.784240110235,-284.544458574604,-248.90740925671642,14.284493465966593
256.6,A0200,-74426.18276720129,-16001.586923822404,12272.692274765821,-339.3135046360618,-105.89967600317794,27.085748389977574
256.6,B0200,6098.1333776395495,704.0954547546911,5683.412502003781,-205.77760436666404,-4.298303437825645,0.964572047631005
256.8,A0100,-33289.73788698966,-52334.904024888194,13322.038390297559,-285.2619554141207,-247.66440117558764,15.215292180698127
256.8,A0200,-74494.01621563506,-16022.961110839842,12277.36027482275,-339.3922794060974,-104.69342639073194,27.9062609384324
256.8,B0200,6056.9688989219085,703.225683224521,5683.754376673861,-205.83576149587716,-4.471850345710248,2.1033811199995065
257.0,A0100,-33346.1807375214,-52385.151751551006,13324.379899992378,-286.1068808054626,-246.60403817583511,15.086121430798073
257.0,A0200,-74561.89536811954,-16044.069406924904,12282.101444010521,-339.7240839323069,-103.46268536855833,27.78229158583732
257.0,B0200,6015.790642443661,702.3318469366309,5684.209478197857,-205.98087249831008,-4.520118260085811,1.6997414815941256
257.2,A0100,-33402.764833292735,-52435.26854688555,13326.616453647914,-286.676432021437,-246.31296649119713,14.242214391955864
257.2,A0200,-74629.85077017671,-16065.012874561544,12286.738528608359,-340.15457824626134,-103.0231379204388,26.9469193673092
257.2,B0200,5974.592958740141,701.4358901557272,5684.473188542522,-205.87213540728536,-4.487935865845539,0.7052521535468207
257.40000000000003,A0100,-33459.443622164246,-52485.379658924125,13328.649136783595,-287.1122412148453,-246.41700231976733,13.204372689732741
257.40000000000003,A0200,-74697.8963388711,-16085.921313550294,12291.175160344555,-340.62594603243645,-102.97980146406091,25.949249542247838
257.40000000000003,B0200,5933.455631427823,700.5730770324922,5684.487472385362,-205.55527569257336,-4.281260897120015,-1.4257499663031898
257.6,A0100,-33516.20384943349,-52535.49563693768,13330.542731763031,-287.52804072457263,-246.25110148757898,12.977980243393866
257.6,A0200,-74766.01839013044,-16106.8137941696,12295.483758441816,-340.9054856592773,-102.77222573519116,25.79622491041398
257.6,B0200,5892.350250112934,699.7243670156906,5683.891877590448,-205.5855442260577,-4.271613727314985,-4.765391583862064
257.8,A0100,-33573.053245357754,-52585.52873616874,13332.481098143347,-287.9870390144083,-245.58986135973348,13.603096608988363
257.8,A0200,-74834.17381936418,-16127.623974892267,12299.855997789062,-340.95668035953366,-102.16734951265379,26.5386735180489
257.8,B0200,5851.216111269294,698.8830085933764,5682.907980965682,-205.68920169748583,-4.198186446773446,-4.61967634878506
258.0,A0100,-33630.02122333733,-52635.369219701366,13334.59204894945,-288.73042202776026,-244.29908201530515,14.497432734556115
258.0,A0200,-74902.33463598216,-16148.247309694125,12304.43016510061,-340.9904544653531,-100.87110873407075,27.613814741314446
258.0,B0200,5810.07548412599,698.0728815560007,5682.250524258889,-205.78303393357737,-4.011650979489471,-2.5026305767929116
258.2,A0100,-33687.16377247002,-52684.95414859682,13336.782321123219,-289.58462011639597,-243.20961514902032,14.330723618766712
258.2,A0200,-74970.53106487327,-16168.593249142858,12309.120660161629,-341.2769320149745,-99.62863700105521,27.62158897308302
258.2,B0200,5768.919193711371,697.2850090969525,5682.041312101435,-205.66494274795687,-3.9460530223407297,0.20755533369241375
258.40000000000003,A0100,-33744.4491845963,-52734.40386190043,13338.862003305123,-290.16182754459055,-242.903139465034,13.46745027360912
258.40000000000003,A0200,-75038.79650709358,-16188.772781686857,12313.727781030226,-341.6778597185652,-99.18030301316244,26.86769797949231
258.40000000000003,B0200,5727.800812993439,696.5084663089683,5682.307855121251,-205.5944514178279,-3.8974801490605673,1.7668850115906185
258.6,A0100,-33801.83120233545,-52783.845081114974,13340.735430702187,-290.6098062909443,-242.9910347229788,12.42294895364141
258.6,A0200,-75107.14779574124,-16208.917758184729,12318.145714930575,-342.13285610967193,-99.15934767349707,25.89799974971872
258.6,B0200,5686.646642423286,695.7493399211127,5682.617781486503,-206.02702908318446,-3.794859761716718,0.43004277699949783
258.8,A0100,-33859.29836405501,-52833.28642915284,13342.468583331993,-291.05019283710175,-242.79191777002376,12.188316243533137
258.8,A0200,-75175.5721557824,-16229.053904197252,12322.43985856267,-342.39152377556303,-98.99686651801711,25.767990883581863
258.8,B0200,5645.406450367014,694.9964169126649,5682.537548246866,-206.28515478880402,-3.795831611398864,-1.5175440750978866
259.0,A0100,-33916.86079075305,-52882.636524413625,13344.243779018512,-291.5436063388756,-242.08067957290757,12.793728294578326
259.0,A0200,-75244.02499917767,-16249.118324235194,12326.802012881104,-342.4156801180093,-98.4508702174694,26.528061296238704
259.0,B0200,5604.168340399065,694.2471531789422,5682.102474590447,-205.98035493994908,-3.759210438113984,-2.9784728437157244
259.2,A0100,-33974.54894673088,-52931.78303078033,13346.185381277171,-292.3181602484863,-240.73414049279924,13.643673656680384
259.2,A0200,-75312.477247043,-16269.00839466611,12331.368826344173,-342.41715398472434,-97.21934168318045,27.61250213778573
259.2,B0200,5563.000508518581,693.5203746965253,5681.3764467958035,-205.85574485336187,-3.6197857147209724,-4.8162016568218435
259.40000000000003,A0100,-34032.41589013893,-52980.66497657186,13348.196608736424,-293.1839316358712,-239.61198179539022,13.432052846439444
259.40000000000003,A0200,-75380.95898867956,-16288.632506698817,12336.05361833498,-342.6776344682101,-96.02333283801629,27.627140551516742
259.40000000000003,B0200,5521.8045198977225,692.8028660642569,5680.3942810527415,-206.00976402206018,-3.625847965106686,-4.524419784669107
259.6,A0100,-34090.42765486319,-53029.406943554335,13350.090529477984,-293.7701244830914,-239.28856280836655,12.545791416365335
259.6,A0200,-75449.50595501356,-16308.097370960524,12340.655721485742,-343.0662038044623,-95.6009686351982,26.873674837095155
259.6,B0200,5480.601330861291,692.101112533961,5679.766908326733,-206.08806320834054,-3.50325911995874,-2.2841207312609386
259.8,A0100,-34148.538221115756,-53078.137284606535,13351.775357196073,-294.2320488025508,-239.35803294445242,11.493202298426676
259.8,A0200,-75518.13710642965,-16327.531091015033,12345.068789142726,-343.5149068419981,-95.5906053717329,25.907132572017545
259.8,B0200,5439.363133839668,691.4061784515824,5679.506396765957,-206.2095772004451,-3.550928133681512,-0.6551711482185738
260.0,A0100,-34206.735152796784,-53126.87986369178,13353.286996990058,-294.6112320977085,-239.44977418046045,10.824771503395228
260.0,A0200,-75586.83985432853,-16346.958473708466,12349.358960677215,-343.76405705240313,-95.44540303274253,25.781772410756382
260.0,B0200,5398.134655782202,690.6767174794526,5679.585317130159,-206.09448005051976,-3.8231407146625815,1.087999329409444
260.2,A0100,-34264.972411113624,-53175.66305997256,13354.7182789143,-294.64808550282214,-239.6959193928969,10.805810211354522
260.2,A0200,-75655.56867049834,-16366.318478192985,12353.717913608642,-343.7740275755752,-94.92499602813932,26.544051444188174
260.2,B0200,5356.929718272775,689.9004835436097,5679.962479105346,-205.8674568070761,-3.987501872350967,2.43357129205567
260.40000000000003,A0100,-34323.18579793429,-53224.490710689905,13356.227249799933,-294.37612611413465,-239.89970785174472,11.58483239343762
260.40000000000003,A0200,-75724.29336685048,-16385.509763254333,12358.28190102696,-343.7543623422845,-93.72270984597064,27.630529714480634
260.40000000000003,B0200,5315.7857308164685,689.1294384898217,5680.493480180435,-205.6653574012832,-3.826923294604121,1.7712529005685846
260.6,A0100,-34381.33409695526,-53273.33398495022,13357.971103509994,-294.09183177684287,-239.74248087191552,13.09390535944637
260.6,A0200,-75793.04332332099,-16404.439943887875,12362.964521870785,-343.9962712183319,-92.5447519186246,27.648414597622317
260.6,B0200,5274.637530265532,688.3691304917936,5680.501560978367,-205.81723651897968,-3.8389221559576256,-2.2382463763789766
260.8,A0100,-34439.477159851725,-53322.09292437762,13359.984497269465,-294.33416770334827,-239.04863496130082,14.123683010178228
260.8,A0200,-75861.85583395562,-16423.213354834694,12367.564799475203,-344.3762991549087,-92.13000461166527,26.895007741227673
260.8,B0200,5233.484280374081,687.6076957415474,5679.835482864952,-205.67008275621347,-3.851358662850509,-3.9894771723845457
261.0,A0100,-34497.72055544228,-53370.66606203253,13362.148856231252,-295.0487451215765,-237.8574048192035,14.603613815857859
261.0,A0200,-75930.75146270188,-16441.95641356717,12371.97589840124,-344.82143883816644,-92.12155316817542,25.92751122795146
261.0,B0200,5192.3462279674395,686.8539125581458,5679.122378915103,-205.8060562141092,-3.806783918320117,-3.550690081535466
261.2,A0100,-34556.13715992284,-53418.991503593876,13364.326443379927,-295.9167782537633,-236.75518288540064,14.215123129080656
261.2,A0200,-75999.71788986801,-16460.693875489847,12376.263799313925,-345.0652827850727,-91.98327352798964,25.799946680893093
261.2,B0200,5151.14210112129,686.0868877073771,5678.50725270048,-206.1879795967523,-3.9811158926150236,-2.5711293892502427
261.40000000000003,A0100,-34614.6999586765,-53467.1794650534,13366.359141722805,-296.51234872434213,-236.44459342432322,13.222271831521098
261.40000000000003,A0200,-76068.70889906872,-16479.365965189074,12380.619945137132,-345.065915857479,-91.47590912842345,26.558921151785675
261.40000000000003,B0200,5109.915803905475,685.2503651712339,5678.321737775116,-205.90312190405447,-4.478179128416236,0.7283846747419235
261.6,A0100,-34673.364810095954,-53515.354605421235,13368.168094660294,-297.0014059185258,-236.48012419507327,12.128400292081421
261.6,A0200,-76137.69320199155,-16497.872393797184,12385.180643896038,-345.0294032437002,-90.28972404485911,27.644673441243
261.6,B0200,5068.77195831711,684.3420909896631,5678.761919232156,-205.73123539834816,-4.636562396608251,2.583551025144561
261.8,A0100,-34732.12255762748,-53563.533082912974,13369.796509898344,-297.4160542993833,-236.52448107685709,11.42206653797991
261.8,A0200,-76206.6992506997,-16516.120171599974,12389.860224384203,-345.25554070709484,-89.11962066406528,27.664236964945104
261.8,B0200,5027.577284555133,683.4173051899293,5679.172731968104,-206.25838949635957,-4.69649727143119,0.8195334726437032
262.0,A0100,-34790.92928333986,-53611.74162085556,13371.337986591258,-297.50388171754,-236.7089990021806,11.375304972021892
262.0,A0200,-76275.76559600169,-16534.21198687298,12394.457650830562,-345.628405954515,-88.70595142234211,26.910686679236075
262.0,B0200,4986.291528395012,682.470785841899,5679.164961073332,-206.48879223382718,-4.810761054409529,-1.0494103811721536
262.2,A0100,-34849.72354358674,-53659.98110891006,13372.953028002275,-297.29089230725964,-236.84073339869786,12.141966875716257
262.2,A0200,-76344.91420524433,-16552.2732990271,12398.8656527778,-346.0709810382977,-88.69618467874766,25.94083975341553
262.2,B0200,4944.995953293148,681.5263980456614,5678.739281754466,-206.51009723262266,-4.746992754726905,-4.004811251795307
262.40000000000003,A0100,-34908.464655279065,-53708.221406252385,13374.801491542465,-297.0616424672193,-236.60552586146616,13.648436833451873
262.40000000000003,A0200,-76414.13307429248,-16570.329067666164,12403.149750045919,-346.31119060201763,-88.56062316795798,25.808739486913037
262.40000000000003,B0200,4903.674960590523,680.583092052467,5677.6155507012,-206.73845421943608,-4.757901912604364,-7.094257098126322
262.6,A0100,-34967.21002743472,-53756.362387344874,13376.918855750919,-297.34126626651516,-235.841283148169,14.666818948361273
262.6,A0200,-76483.37542482166,-16588.320495104515,12407.501093842238,-346.3045880728218,-88.060956989453,26.562345696210073
262.6,B0200,4862.302219718332,679.6232364759197,5676.236399610801,-206.8908242355032,-4.953719108556938,-6.164912586468875
262.8,A0100,-35026.06193293792,-53804.30452621245,13379.182868419612,-298.0784172790314,-234.58904936225963,15.115354025103423
262.8,A0200,-76552.60891238194,-16606.148214589328,12412.056136118117,-346.25329960855277,-86.88530230220118,27.645786029282057
262.8,B0200,4820.96493550461,678.6245545668542,5675.505963173435,-206.33758245513508,-4.977753765451347,-0.8499350112719226
263.0,A0100,-35085.090273132344,-53851.98834311939,13381.453065036481,-298.95631164752405,-233.4434448356253,14.693055637940702
263.0,A0200,-76621.86097833415,-16623.71876045839,12416.730019156304,-346.4650043542197,-85.71908556915652,27.665775743323955
263.0,B0200,4779.788553116239,677.7213339945756,5675.933349747983,-205.4639859430534,-4.1418842573408226,4.191460165690727
263.2,A0100,-35144.266641915245,-53899.52786258087,13383.57344733546,-299.56007291916336,-233.10692844840165,13.683863391347321
263.2,A0200,-76691.17127528171,-16641.133514707657,12421.321777758985,-346.83133992536585,-85.30404047429603,26.911671304193014
263.2,B0200,4738.735623213805,676.9423817234995,5676.987544124362,-205.1753836019509,-3.7870031892042486,5.626893168164453
263.40000000000003,A0100,-35203.54680313393,-53947.05029692443,13385.467766230051,-300.0583106304028,-233.12243723907997,12.579440714750508
263.40000000000003,A0200,-76760.5630766868,-16658.51725034044,12425.723794287052,-347.2717959539978,-85.29157839514933,25.93893034727369
263.40000000000003,B0200,4697.683219329392,676.1922364870925,5678.0379450375685,-205.44474200663439,-3.8828828574035232,4.034952817790803
263.6,A0100,-35262.92225311718,-53994.57137683026,13387.179306873837,-300.4878241448474,-233.1398981569105,11.863237590930295
263.6,A0200,-76830.02472346183,-16675.89515787921,12430.001057517766,-347.50922156136306,-85.15649894993413,25.80147405354715
263.6,B0200,4656.55980585132,675.3963173824073,5678.578066418382,-205.7619721974427,-4.1534188201673174,0.8877685805757635
263.8,A0100,-35322.35078923573,-54042.11637762001,13388.802942258164,-300.60135022139275,-233.28785674846932,11.815309892270502
263.8,A0200,-76899.50896300357,-16693.209207584365,12434.34438569922,-347.4966167927139,-84.66138610908013,26.548756718376175
263.8,B0200,4615.385321516375,674.5486033099893,5678.385442529034,-205.97609411113783,-4.35919049251859,-3.266442505476618
264.0,A0100,-35381.77315362217,-54089.68390227213,13390.500251588615,-300.42399229005235,-233.3716380532298,12.583843575676928
264.0,A0200,-76968.98245544318,-16710.360836664226,12438.890325396533,-347.4319585444488,-83.49295443977526,27.628503943204294
264.0,B0200,4574.196484028762,673.673985284036,5677.3790227473,-205.76315503054283,-4.446040225981757,-6.617888599144877
264.2,A0100,-35441.150398475846,-54137.24151714165,13392.43079608576,-300.2353487583277,-233.07631828821044,14.082969377342831
264.2,A0200,-77038.47159539127,-16727.256228721537,12443.554768810176,-347.63014139310025,-82.32861264628657,27.647549178144512
264.2,B0200,4533.09981734769,672.7885810316243,5675.922999921672,-205.30963056041452,-4.479135107748507,-8.11706122457642
264.40000000000003,A0100,-35500.53904388017,-54184.688190796966,13394.626892331573,-300.5416532299226,-232.2580438649531,15.074524636431114
264.40000000000003,A0200,-77108.01702880998,-16743.99569367223,12448.136921887963,-347.99037457383577,-81.91105431664339,26.89228853513243
264.40000000000003,B0200,4492.035373994393,671.9095581063367,5674.269344100245,-205.43179005257912,-4.411759875507408,-8.57969166240392
264.6,A0100,-35560.03816682214,-54231.92613297519,13396.962626297553,-301.2899708533379,-230.96090367136605,15.48008141896819
264.6,A0200,-77177.64326905132,-16760.703443243943,12452.528940728505,-348.4289968200458,-81.89506187988336,25.916380862717553
264.6,B0200,4450.912490394553,671.0352968334341,5672.6866261956875,-205.68656882986346,-4.388046439305495,-7.013903167663982
264.8,A0100,-35619.7146279597,-54278.89825990904,13399.2956352662,-302.1672197496058,-229.78695385865032,15.017049893172338
264.8,A0200,-77247.33902474889,-16777.404832384655,12456.795305730142,-348.6642486617067,-81.7586807163641,25.77326913525357
264.8,B0200,4409.792489251606,670.1567361793211,5671.711969562578,-205.43854009492702,-4.505790815231228,-2.6514388553476667
265.0,A0100,-35679.53923906122,-54325.72174543764,13401.47288513279,-302.7731167273133,-229.43415950872227,13.988159476241249
265.0,A0200,-77317.05664728722,-16794.04238644195,12461.126462908516,-348.64663873261816,-81.26536448978872,26.51360904515423
265.0,B0200,4368.745693782094,669.2424176032781,5671.65446684486,-204.9969060613782,-4.704128746615882,1.5224877513954045
265.2,A0100,-35739.46861640866,-54372.52503975089,13403.421502712477,-303.2787983332356,-229.43174586312935,12.874128086687204
265.2,A0200,-77386.76187174089,-16810.518209102163,12465.6589382536,-348.5698692854046,-80.10119931854116,27.588156637876587
265.2,B0200,4327.773915586744,668.2963496793716,5672.2473305907515,-204.80604120948936,-4.816896461828744,3.7929553528074913
265.40000000000003,A0100,-35799.495539757656,-54419.322291096265,13405.185526873152,-303.7232446968929,-229.4208828127478,12.151233489477347
265.40000000000003,A0200,-77456.48002577628,-16826.738272932052,12470.3092333967,-348.7553545757988,-78.93715835339796,27.60460751323219
265.40000000000003,B0200,4286.800706947349,667.3417879566548,5673.088478787562,-204.9569430598233,-4.804519474724854,4.007367334888118
265.6,A0100,-35859.579823919754,-54466.13683121169,13406.86153410819,-303.864035982026,-229.52857690550425,12.10686864877691
265.6,A0200,-77526.25265175867,-16842.80204812562,12474.876828205535,-349.10988449276505,-78.51628856901782,26.84740131235134
265.6,B0200,4245.76500991514,666.3947171699373,5673.712450512361,-205.46608779033863,-4.738766755833411,1.4846061506982893
265.8,A0100,-35919.66483157432,-54512.964404451406,13408.61211117102,-303.7268344759068,-229.55704460020416,12.880027712648205
265.8,A0200,-77596.10544427126,-16858.833272901033,12479.253808180598,-349.54693057300204,-78.49600326738467,25.868130580868478
265.8,B0200,4204.642812453649,665.4526664362212,5673.738560391468,-205.63102329444106,-4.726606073413689,-1.285124766188118
266.0,A0100,-35979.714073345094,-54559.76943815344,13410.595805253932,-303.587004758246,-229.19019610247653,14.36813064319118
266.0,A0200,-77666.02749969583,-16874.857350757422,12483.504213797281,-349.7805759409746,-78.35641625498903,25.719249905583567
266.0,B0200,4163.540795702833,664.5313716023868,5673.258375634288,-205.36468195943337,-4.560140767943587,-3.903085040290164
266.2,A0100,-36039.78343386763,-54606.44984808946,13412.840145356695,-303.9263517228514,-228.30940121426266,15.322441793769428
266.2,A0200,-77735.97085217877,-16890.817112747493,12487.818075335246,-349.75893617891006,-77.86182899444387,26.45209083446193
266.2,B0200,4122.490129258531,663.6441683915708,5672.213504065632,-205.2852040014729,-4.461329577162067,-6.950708903877516
266.40000000000003,A0100,-36099.968191840075,-54652.91028283082,13415.214743493394,-304.6891495237265,-226.96243659041508,15.671842881188274
266.40000000000003,A0200,-77805.90038927738,-16906.615157771204,12492.331737950688,-349.67134174402486,-76.69858482998322,27.519655780957184
266.40000000000003,B0200,4081.3848549174263,662.7568409689258,5670.589956340459,-205.75579241918805,-4.432062848401539,-8.877877374260647
266.6,A0100,-36160.33152017873,-54699.09684705773,13417.575121958485,-305.56613071219454,-225.75940488198566,15.156812982517351
266.6,A0200,-77875.8403566504,-16922.157411622815,12496.9621145952,-349.8449819317712,-75.53314284216464,27.53148395888965
266.6,B0200,4040.2029988573922,661.8833296252394,5669.02455433993,-205.96273516016643,-4.438482684267341,-6.550186365865064
266.8,A0100,-36220.84315563169,-54745.13038799385,13419.772162043031,-306.1744930801813,-225.39038086562516,14.102869016171226
266.8,A0200,-77945.83309582972,-16937.54277772024,12501.50907738709,-350.1942405053877,-75.10814539546968,26.771335513878757
266.8,B0200,3999.0424007600545,660.9661762023509,5668.141185923769,-205.52202564526053,-4.833674742868099,-2.19663325115073
267.0,A0100,-36281.460706486796,-54791.14045867059,13421.737311117124,-306.6893028121529,-225.3676961274803,12.97675668410125
267.0,A0200,-78015.9054239669,-16952.894610950436,12505.864836355377,-350.62998688446464,-75.08269172860582,25.7885108103908
267.0,B0200,3957.9830607082513,659.9980820173962,5668.106637027562,-205.22804043268172,-4.876682361548586,0.8063919320330769
267.2,A0100,-36342.17862441969,-54837.138959165066,13423.515577991819,-307.152501619962,-225.3226100754612,12.245347911724638
267.2,A0200,-78086.04684407177,-16968.23820950919,12510.093092023086,-350.86261894293665,-74.93762245429404,25.633813986469526
267.2,B0200,3916.9004962763083,659.0324015588412,5668.234115895579,-205.62550570737437,-4.874664230337924,-0.15181257999968867
267.40000000000003,A0100,-36402.959257506816,-54883.14654275474,13425.205644982056,-307.32754199044285,-225.37965096017257,12.205043931300397
267.40000000000003,A0200,-78156.20915574391,-16983.516406042316,12514.383407098721,-350.83797759102293,-74.43806010141778,26.358548308623682
267.40000000000003,B0200,3875.7496258972787,658.0546552985613,5668.103450189371,-205.8343960177576,-4.958394100685202,-1.3286269754835216
267.6,A0100,-36463.74931704424,-54929.15509830015,13426.971252559426,-307.2411869918673,-225.337268554492,12.98281314382215
267.6,A0200,-78226.35648208426,-16998.632080268333,12518.87174553913,-350.7409203148033,-73.27165488207245,27.41700593074703
267.6,B0200,3834.5908460782634,657.0655714416113,5667.744682748675,-205.62466710261575,-4.971721895010416,-2.3427333527796543
267.8,A0100,-36524.515523822796,-54975.124898667935,13428.969461573917,-307.1640631622835,-224.8789388240524,14.454257383934044
267.8,A0200,-78296.511970893,-17013.491306983302,12523.475184479634,-350.90362438042933,-72.10273163930566,27.421751727041826
267.8,B0200,3793.513298530033,656.1018340598673,5667.136881900606,-205.19376225682498,-4.798644609048462,-4.460076903373645
268.0,A0100,-36585.313129159214,-55020.95280435703,13431.221481624509,-307.54679547770564,-223.92053246906943,15.35852568831822
268.0,A0200,-78366.7186623819,-17028.192757048153,12527.9941280182,-351.24809006334465,-71.67261189480952,26.657454442631757
268.0,B0200,3752.489723758489,655.148043061945,5665.90974057867,-205.17970032411466,-4.806763458162946,-8.158866386983515
268.2,A0100,-36646.226533323235,-55066.56990999452,13433.566554074147,-308.1935004459994,-222.9320861598599,15.329284130351054
268.2,A0200,-78437.00443583555,-17042.85951168331,12532.321149125706,-351.6828465126251,-71.64091838598928,25.670861373245653
268.2,B0200,3711.424489723462,654.1958871129518,5664.1410379911795,-205.41658894432774,-4.823096109282858,-8.86448811075372
268.40000000000003,A0100,-36707.255167000396,-55112.06274664927,13435.819900177972,-308.6863568963007,-222.6564121464836,14.50956057610734
268.40000000000003,A0200,-78507.35921981597,-17057.516576114427,12536.519732193356,-351.9151049302719,-71.48759135223051,25.510313779536233
268.40000000000003,B0200,3670.3539889247336,653.2328596304835,5662.728151371382,-205.16706550121052,-4.767333852495754,-4.817536682122888
268.6,A0100,-36768.369298618054,-55157.55113205369,13437.86876357918,-309.0853758620974,-222.76778340382356,13.45805577742193
268.6,A0200,-78577.73466630542,-17072.106414656515,12540.778908881442,-351.888561295693,-70.97854187256955,26.2262160931867
268.6,B0200,3629.380662291611,652.3736479501322,5662.302003384483,-204.6209035247285,-3.8902932739959843,-0.1241454785194643
268.8,A0100,-36829.54931363905,-55203.055734614245,13439.773522257387,-309.365363461758,-222.72596074787128,13.204887407493164
268.8,A0200,-78648.09422130052,-17086.531924816056,12545.234018066574,-351.78348895966604,-69.80397967732077,27.273008279785135
268.8,B0200,3588.4878581698076,651.663571762077,5662.576772090802,-204.29690266398694,-3.31033770292425,2.3787068933345137
269.0,A0100,-36890.77722459614,-55248.51456820365,13441.723704929213,-309.5544356776641,-222.31367102818928,13.873464904408726
269.0,A0200,-78718.45991659303,-17100.6995648372,12549.80200209374,-351.9362274062599,-68.62901047238796,27.26769932508296
269.0,B0200,3547.6236763028646,651.0402416124875,5663.109632586033,-204.45273866425586,-3.1135756065956457,2.166951322626565
269.2,A0100,-36952.05649476472,-55293.83627795719,13443.872139530526,-309.92250273311123,-221.29141423679127,15.003889682198553
269.2,A0200,-78788.87538704094,-17114.70818115908,12554.283965031322,-352.2764310289428,-68.19253505820957,26.497799194561196
269.2,B0200,3506.7019984063204,650.4154495291011,5663.397011594409,-204.7652494490568,-3.226051358970296,0.28218893380495663
269.40000000000003,A0100,-37013.45036957034,-55338.91789963511,13446.178452225966,-310.6491544439536,-219.92070843104332,15.373867352783279
269.40000000000003,A0200,-78859.36951213705,-17128.680716585954,12558.57313097129,-352.7105467282607,-68.15328492960408,25.50717843861244
269.40000000000003,B0200,3465.7174721174206,649.7596915728698,5663.18280407777,-205.07179910278415,-3.3804174803607174,-2.8521895957335714
269.6,A0100,-37075.01269549442,-55383.7272943456,13448.468764414618,-311.4725013182055,-218.74303023890036,14.84074715402078
269.6,A0200,-78929.93266492063,-17142.641657635806,12562.732915531087,-352.94312334836843,-67.98832575435279,25.34072013858072
269.6,B0200,3424.702186935738,649.0801765898925,5662.329556837719,-204.93431545705238,-3.470730297299923,-5.459869352492541
269.8,A0100,-37136.71492704401,-55428.388729353566,13450.592754664423,-312.05237171477876,-218.39673019942532,13.77604243243496
269.8,A0200,-79000.51644047373,-17156.53265420073,12566.951739093602,-352.9158488520173,-67.46432740871784,26.046880490380705
269.8,B0200,3383.7605140308206,648.3912627414925,5661.158962082138,-204.5874028189707,-3.4783513073963204,-6.402601040370503
270.0,A0100,-37198.51992063116,-55473.02851561314,13452.484265069415,-312.5615581072649,-218.36721762998602,12.65510514160236
270.0,A0200,-79071.08370057029,-17170.256305187835,12571.364011131845,-352.8043331438276,-66.2755661878387,27.078750027072743
270.0,B0200,3342.8337683892432,647.7149650688111,5659.844945571012,-204.76451513300285,-3.3888846018725998,-6.9953472973005635
270.2,A0100,-37260.425204217994,-55517.65324764833,13454.190769311688,-313.02889104100706,-218.2977624414865,11.937617160439505
270.2,A0200,-79141.65534665372,-17183.719739126507,12575.886157535806,-352.94817206053676,-65.09147644202883,27.059659674893652
270.2,B0200,3301.8398936375497,647.0450692917395,5658.480277383537,-205.12115603005577,-3.365783381030406,-6.385647353466405
270.40000000000003,A0100,-37322.395455503734,-55562.28144423431,13455.813178904851,-313.2206390839755,-218.32134563858335,11.921132145246418
270.40000000000003,A0200,-79212.27549908348,-17197.022476534632,12580.320196129862,-353.28473283110134,-64.64719782131121,26.282287609810492
270.40000000000003,B0200,3260.8152703785754,646.3729293466898,5657.529235297354,-205.04155425581632,-3.4557500338560367,-2.922571570604542
270.6,A0100,-37384.38005144202,-55606.902474670365,13457.515193435127,-313.166372553869,-218.22916639150597,12.713548368470173
270.6,A0200,-79282.9739729975,-17210.287480666564,12584.56035947135,-353.71861226437534,-64.59876310698357,25.287297869833694
270.6,B0200,3219.8339461602595,645.6710217518265,5657.349097032658,-204.729052918489,-3.6287041956674946,0.7023558750575414
270.8,A0100,-37446.34891464707,-55651.47258318521,13459.450131465006,-313.1326024711164,-217.69913500824967,14.164791770730874
270.8,A0200,-79353.74160224217,-17223.538430743334,12588.670181919526,-353.9522676077458,-64.41801037570646,25.114800430407154
270.8,B0200,3178.9085939764855,644.9423240385361,5657.733512107593,-204.60845358797494,-3.7177333982907577,2.6225548113867605
271.0,A0100,-37508.35637178045,-55695.887059297034,13461.630321425775,-313.5370780951138,-216.67826576940828,15.010434506345227
271.0,A0200,-79424.53002064572,-17236.715617858765,12592.837364936211,-353.92552821866894,-63.872366969543236,25.810011709682758
271.0,B0200,3137.970781248202,644.208947771533,5658.305380356055,-204.7929376887363,-3.689667179437089,2.5700323211176017
271.2,A0100,-37570.481583267865,-55740.08015462954,13463.890799217155,-314.18392525425156,-215.64994042974007,14.919115997993288
271.2,A0200,-79495.30160290611,-17249.72096005918,12597.195012167555,-353.80925686389696,-62.66202714739672,26.822877828028542
271.2,B0200,3096.9669264530744,643.4824756796463,5658.612238095432,-205.29652425946085,-3.631825716465641,-0.15697684839778484
271.40000000000003,A0100,-37632.72232302417,-55784.143100088084,13466.050082316062,-314.6806954847708,-215.3531185537518,14.066846209211105
271.40000000000003,A0200,-79566.07610351325,-17262.462611441257,12601.658572343593,-353.94534528047603,-61.46507804226077,26.785411062869372
271.40000000000003,B0200,3055.8821377097347,642.7691541788298,5658.288877270529,-205.42754198110603,-3.5500326193405476,-3.054666699304965
271.6,A0100,-37695.05033644125,-55828.19727887062,13468.001255745403,-315.093649256883,-215.43737847938243,13.008410801226399
271.6,A0200,-79636.89801523644,-17275.041375904137,12606.031247261388,-354.27896199447594,-61.01123610667778,25.998263167942596
271.6,B0200,3014.8300146203856,642.0818425609141,5657.4662748269975,-205.06824877153508,-3.3846946356314636,-5.490578229150295
271.8,A0100,-37757.44890087551,-55872.259647836225,13469.80778132294,-315.4055450805512,-215.3391521002543,12.751742637205982
271.8,A0200,-79707.79802318547,-17287.58042789184,12610.208714808814,-354.713067528195,-60.951611171522515,24.9984490699
271.8,B0200,2973.8448938936444,641.4332592844019,5656.099425198651,-204.9263933181451,-3.2415047499334078,-8.51642674018554
272.0,A0100,-37819.903686648286,-55916.26172254741,13471.65759407683,-315.6432074650558,-214.83845630369177,13.400469380755299
272.0,A0200,-79778.76743728167,-17300.102282944998,12614.254847374978,-354.9486335300809,-60.74996096334922,24.819638998049705
272.0,B0200,2932.8159449723503,640.7927363424305,5654.1469711981945,-205.37301335880247,-3.204954994201451,-10.57277854564919
272.2,A0100,-37882.420422030766,-55960.10664284994,13473.697950828231,-316.05876387910644,-213.71060901002872,14.467410156333681
272.2,A0200,-79849.75802953381,-17312.545212536374,12618.35648106198,-354.9237843298538,-60.17451767931592,25.50224991653492
272.2,B0200,2891.7094962001024,640.154456185611,5652.230116271579,-205.53709229751595,-3.295937845572535,-7.996603758074243
272.40000000000003,A0100,-37945.05362526953,-56003.71226974892,13475.860764894882,-316.68579604462695,-212.63348520661864,14.51046826344678
272.40000000000003,A0200,-79920.73178669802,-17324.80999970598,12622.644947925866,-354.80454449153876,-58.93368734992643,26.490962099518125
272.40000000000003,B0200,2850.659383423167,639.5009517945617,5651.210925151136,-204.85276610076815,-3.1531308290732554,-1.99208687559085
272.6,A0100,-38007.79911073684,-56047.179493061805,13477.9450568466,-317.1695102425274,-212.29705241820162,13.75453060468944
272.6,A0200,-79991.70729613336,-17336.806268519907,12627.034171676147,-354.93410050027757,-57.71941868193729,26.429457522383085
272.6,B0200,2809.7794995062964,638.9799611734096,5651.385612068356,-204.04583987919113,-2.1776961076089654,2.7458993195742014
272.8,A0100,-38070.62938451834,-56090.63425422742,13479.834096855058,-317.56587927990364,-212.39299833444556,12.720157911721191
272.8,A0200,-80062.72930824268,-17348.636843888744,12631.328884038638,-355.2655518959858,-57.25391885318634,25.629702082063158
272.8,B0200,2768.9868084000677,638.594974288147,5652.084271511575,-203.93236260108904,-1.8106232429970757,3.691626328677837
273.0,A0100,-38133.52605562974,-56134.10213091553,13481.581380502266,-317.85266729310035,-212.32516764727546,12.481695066272781
273.0,A0200,-80133.82931349806,-17360.425333881107,12635.426740077462,-355.70040731004053,-57.18065753492313,24.62444203272699
273.0,B0200,2728.1777750102015,638.2348667040529,5652.697895520931,-204.24159972781294,-1.9669343898635672,1.7523368660041114
273.2,A0100,-38196.47288185591,-56177.51672053778,13483.37577106306,-318.0568028973995,-211.86363816557375,13.147902570624968
273.2,A0200,-80204.99911174292,-17372.19264938131,12639.392199121467,-355.9387843287663,-56.95188701502083,24.438787261230992
273.2,B0200,2687.296425488028,637.8128098206844,5652.742422006128,-204.5371377615429,-2.32778468716225,-1.6397020029017046
273.40000000000003,A0100,-38259.474278715614,-56220.78220821815,13485.363615289229,-318.4334276407403,-210.77710060461192,14.22544852125979
273.40000000000003,A0200,-80276.19071405826,-17383.87424524605,12643.411028778442,-355.9172531489564,-56.33678479740564,25.10648728150421
273.40000000000003,B0200,2646.379376051481,637.3201801722691,5652.038908523671,-204.57631162455442,-2.6308257652654325,-5.508634765777793
273.6,A0100,-38322.58480275496,-56263.81560844158,13487.475445558215,-319.0296533852944,-209.72965960636125,14.274185667995855
273.6,A0200,-80347.36581689183,-17395.369239881795,12647.612211935135,-355.7968980512406,-55.054833351524465,26.064494636740044
273.6,B0200,2605.485126688792,636.7774836853156,5650.741723311176,-204.3546251904481,-2.854639524380141,-6.867679723771933
273.8,A0100,-38385.80294936432,-56306.71530570915,13489.509201020826,-319.4976935559388,-209.41138770519166,13.51783686504429
273.8,A0200,-80418.54181514532,-17406.589288551415,12651.907506652005,-355.92118266484647,-53.818037817070405,25.971981372790808
273.8,B0200,2564.6210640938243,636.2055599999799,5649.520850056836,-204.31984845038548,-2.9062054180969903,-5.324137365544206
274.0,A0100,-38449.10384852853,-56349.60492280636,13491.347736879969,-319.88759630560423,-209.5142236194038,12.486621285517359
274.0,A0200,-80489.76360424777,-17417.6401208446,12656.10362309176,-356.25132319401075,-53.338447802267005,25.15614795204616
274.0,B0200,2523.7531137826863,635.6455460459853,5648.6475306421235,-204.4129877367452,-2.7928033233890828,-3.8469628824634956
274.2,A0100,-38512.46960323497,-56392.50923389318,13493.045541087926,-320.16387404800247,-209.4576011725217,12.254376461755086
274.2,A0200,-80561.06341983622,-17428.646028939715,12660.100838334547,-356.68751515039816,-53.24859745617398,24.14457915528775
274.2,B0200,2482.861848716291,635.0954708908248,5648.035972024098,-204.40536466043105,-2.7506375392487716,-2.2177535765753658
274.40000000000003,A0100,-38575.88273280828,-56435.363076366135,13494.791728396052,-320.3515402216728,-209.0128217184622,12.926551860311257
274.40000000000003,A0200,-80632.43356329828,-17439.6257723178,12663.964470214676,-356.929661482921,-52.98516813761987,23.951113716484045
274.40000000000003,B0200,2441.9604382517427,634.5579958228811,5647.635130103575,-204.70663000454235,-2.745457467434235,-2.534985147008198
274.6,A0100,-38639.34649770615,-56478.071283206904,13496.7325495183,-320.7056364828338,-207.9434553549603,14.00982863961467
274.6,A0200,-80703.82638322425,-17450.511035282383,12667.878931980522,-356.9129161524596,-52.318584782406965,24.600619329875013
274.6,B0200,2400.974871166585,634.0021730287845,5646.955761408815,-205.13804696376357,-2.863588840763136,-4.6038840096298586
274.8,A0100,-38702.91503700448,-56520.55002515816,13498.79846474679,-321.2833165777362,-206.90518968189127,14.063469553066332
274.8,A0200,-80775.2033764136,-17461.19866783526,12671.970139842368,-356.7933062945071,-50.98300998344627,25.519530841357856
274.8,B0200,2359.9343662880788,633.4248195695538,5645.838780046203,-205.11885335419885,-2.977324137844344,-6.331536079510908
275.0,A0100,-38766.58853967785,-56562.89635526307,13500.786891019943,-321.7429879418634,-206.5913480232593,13.308190111888917
275.0,A0200,-80846.58071293756,-17471.60307127304,12676.146952975876,-356.91357944703674,-49.71776244152242,25.387436440602983
275.0,B0200,2318.951125539006,632.8326837132832,5644.564199271409,-204.8112865866554,-3.006645749230386,-6.512201483946031
275.2,A0100,-38830.34383656808,-56605.233075540586,13502.580176058767,-322.1301872960193,-206.69523138019815,12.277685382518367
275.2,A0200,-80918.00332897548,-17481.833925584582,12680.218648259535,-357.24332791110254,-49.221339164581,24.551288859896342
275.2,B0200,2277.976690045894,632.2437755303549,5643.28913146075,-205.00415284135534,-2.972972103013757,-6.463326922715751
275.40000000000003,A0100,-38894.163248169665,-56647.58502834005,13504.23292714074,-322.4005372667062,-206.64405848584923,12.046736486287733
275.40000000000003,A0200,-80989.50415451167,-17492.016476581382,12684.0889025564,-357.6815035396847,-49.111376845348595,23.532201379267832
275.40000000000003,B0200,2236.934942277009,631.6507811062498,5642.078625240412,-205.37198811174238,-3.030857268231515,-5.343514390644341
275.6,A0100,-38958.02825632768,-56689.88809745916,13505.934420101232,-322.57672975001464,-206.20969855444554,12.721158962682242
275.6,A0200,-81061.07600041198,-17502.16665401526,12687.824171632987,-357.92841225841903,-48.80422711192165,23.329261117457683
275.6,B0200,2195.8652927956255,631.0347829425968,5641.3336623691575,-205.2316071313789,-3.2411369756486086,-2.0720607229676222
275.8,A0100,-39021.94092267494,-56732.0477619468,13507.831263716533,-322.9126902491714,-205.15106944835364,13.80967788182257
275.8,A0200,-81132.67164229185,-17512.211240800756,12691.607108373748,-357.91790205538763,-48.072128160809115,23.955865611678917
275.8,B0200,2154.836909828445,630.3599999057632,5641.188645057631,-205.094883546879,-3.545668361690465,0.15974767269496007
276.0,A0100,-39085.954817925696,-56773.97931764851,13509.85444651973,-323.47518161251634,-204.11610912898036,13.869303727307535
276.0,A0200,-81204.25245251117,-17522.044150463804,12695.559671327308,-357.8008065136165,-46.66848021195296,24.824882593622757
276.0,B0200,2113.804361202313,629.6481499966337,5641.290216258004,-205.2568866554191,-3.627636151018001,0.37544273296934444
276.2,A0100,-39150.07156914208,-56815.77875074984,13511.80098779214,-323.928482945335,-203.8025557472529,13.11639376141093
276.2,A0200,-81275.83333471551,-17531.583446153443,12699.587007254016,-357.9182558964277,-45.368254378187565,24.64270147987214
276.2,B0200,2072.7472724917766,628.9193307495867,5641.328670778184,-205.21209195510932,-3.6914371349390627,0.01342940468014719
276.40000000000003,A0100,-39214.26944135754,-56857.5684826575,13513.55258083245,-324.31387890672494,-203.90599928039256,12.085997222564224
276.40000000000003,A0200,-81347.4591796354,-17540.943976498213,12703.50173793927,-358.24857186481483,-44.852013703164246,23.78110706211136
276.40000000000003,B0200,2031.7332417376088,628.2097338784596,5641.228617816778,-204.97984357498595,-3.5246138337452635,-1.6606681245271542
276.6,A0100,-39278.5308537149,-56899.37378734743,13515.163584234944,-324.579148774344,-203.85945560700748,11.85483963640998
276.6,A0200,-81419.16357717315,-17550.252212669147,12707.21187122774,-358.6894289897592,-44.71779568158019,22.752798594470136
276.6,B0200,1990.7382029766368,627.5106131527236,5640.597958175839,-205.05237537019232,-3.524303396056813,-4.60206561776448
276.8,A0100,-39342.836238238306,-56941.13167352457,13516.823432128069,-324.74447327849435,-203.43521505011563,12.530650780777695
276.8,A0200,-81490.93984945424,-17559.52041601343,12710.785259900556,-358.94208327089467,-44.35614980930976,22.537633730944354
276.8,B0200,1949.7088217598262,626.8157003270517,5639.662952905401,-205.1683150839837,-3.475859799586955,-4.0621557597477125
277.0,A0100,-39407.18637938682,-56982.74838457038,13518.679329306175,-325.06252384069415,-202.3873370409259,13.625340330652389
277.0,A0200,-81562.74126932159,-17568.669145544012,12714.402218164221,-358.93913951994546,-43.54210185934144,23.134577461188844
277.0,B0200,1908.674929732696,626.150000181736,5639.121150484102,-205.23713236693877,-3.28984892615822,-1.6738940019784188
277.2,A0100,-39471.6342629476,-57024.1382736261,13520.663119442492,-325.61016909048567,-201.35501992237212,13.692618587439537
277.2,A0200,-81634.5291282585,-17577.588667658918,12718.179659665013,-358.8260154978916,-42.05402116868744,23.940020686509857
277.2,B0200,1867.6334564441959,625.4984154341712,5639.071142246005,-205.0610244728235,-3.290040387964879,1.2356518725222378
277.40000000000003,A0100,-39536.18295749464,-57065.39618259383,13522.571400886494,-326.057309755999,-201.04103022229424,12.943185434849598
277.40000000000003,A0200,-81706.31700035575,-17586.201869316494,12722.018197667268,-358.9415874469632,-40.711847046777585,23.695182388454704
277.40000000000003,B0200,1826.6407774652487,624.8478452566433,5639.5372672671565,-204.9454934162644,-3.28375314227254,2.9730398657499886
277.6,A0100,-39600.81211605012,-57106.6442200112,13524.285040625688,-326.4408219795836,-201.14411011134854,11.912843763023577
277.6,A0200,-81778.14968074925,-17594.630149318582,12725.734817566408,-359.27337518074324,-40.1725757175089,22.802171603799277
277.6,B0200,1785.6179762371573,624.2077126482666,5640.075202484075,-205.36676101437078,-3.207134307863855,1.747050846171348
277.8,A0100,-39665.50418395234,-57147.908282965174,13525.857959304967,-326.7005323122965,-201.10325111254411,11.681024113475562
277.8,A0200,-81850.0614144453,-17603.0014600084,12729.24294386529,-359.7176225931267,-40.00935172737024,21.762285339484585
277.8,B0200,1744.5099146841121,623.5693218301988,5640.241504875954,-205.62795309579278,-3.2304596806371233,-0.12027604775626688
278.0,A0100,-39730.23844677529,-57189.12670518727,13527.479774356652,-326.85398297919704,-200.69122066698944,12.358274316241205
278.0,A0200,-81922.04603076681,-17611.32339832302,12732.611996331587,-359.9768980863766,-39.58073477763822,21.530535331717275
278.0,B0200,1703.4029612338295,622.9300687711295,5640.066573363939,-205.32795333510742,-3.2169715556447342,-1.5256550430674716
278.2,A0100,-39795.01430898327,-57230.206678822324,13529.298473865336,-327.15276862503623,-199.6567146956319,13.460680815729168
278.2,A0200,-81994.05733213935,-17619.50880002668,12736.019137843643,-359.9825409992509,-38.666087321633114,22.088234403128695
278.2,B0200,1662.3657381863143,622.3129405065295,5639.609967070264,-205.2087812201332,-3.0680184793763963,-3.3243540239026643
278.40000000000003,A0100,-39859.88420477721,-57271.06152051399,13531.247031065242,-327.6847951980545,-198.62837511875506,13.537723011177857
278.40000000000003,A0200,-82066.05652859606,-17627.443589385,12739.574900169617,-359.87438079536315,-37.075930113865404,22.812402883241944
278.40000000000003,B0200,1621.3002607047613,621.697771022385,5638.904263132642,-205.35134589918724,-3.139350752226429,-3.000500149415877
278.6,A0100,-39924.85274904922,-57311.78469933066,13533.121544503432,-328.12532619545425,-198.31448494990167,12.792943436530791
278.6,A0200,-82138.05580087431,-17635.056957285007,12743.174532059795,-359.98871404629483,-35.68510876009181,22.489682563693545
278.6,B0200,1580.2322236348264,621.0884975248719,5638.558446352005,-205.40149567296388,-3.0550055552128925,-0.7444609270135841
278.8,A0100,-39989.90101550001,-57352.49793923114,13534.801848526396,-328.50648716068736,-198.41792103175976,11.7627848513287
278.8,A0200,-82210.09985249018,-17642.478368314925,12746.6407415436,-360.3228494685864,-35.11983637789843,21.55810128111113
278.8,B0200,1539.1341961985638,620.4789244332869,5638.582215848147,-205.49644368179636,-3.137387340257919,0.9022406252112791
279.0,A0100,-40055.01141100532,-57393.22791279413,13536.34127486387,-328.7595833358357,-198.38472055339454,11.530141428932728
279.0,A0200,-82282.22361624462,-17649.83743174859,12749.893639725975,-360.7711893980917,-34.92228621277603,20.50335957913813
279.0,B0200,1498.0511966111185,619.8278366914587,5638.948940918044,-205.35352250591168,-3.4447631710265236,2.6597972451920215
279.2,A0100,-40120.16193188296,-57433.914558550154,13537.929658654988,-328.89939220907826,-197.98827916855117,12.209169170747693
279.2,A0200,-82354.4292242941,-17657.152987611542,12752.974280444781,-361.1525327210341,-34.7449406419113,19.85302210380931
279.2,B0200,1456.9967110969715,619.1232279935498,5639.6163380649705,-205.10140044654412,-3.64235657347733,4.016465870924066
279.40000000000003,A0100,-40185.35047405871,-57474.46625909806,13539.715963581819,-329.17674575160964,-196.97124116048926,13.321239273376085
279.40000000000003,A0200,-82426.69247004202,-17664.465632635165,12755.981259802542,-361.31863923656675,-34.83908793173715,19.874950552243746
279.40000000000003,B0200,1416.0074030721992,618.4180051112387,5640.439778203329,-204.88882592330887,-3.499685161165647,3.3631516897326144
279.6,A0100,-40250.62897578837,-57514.795178376065,13541.63459342389,-329.69182978642664,-195.94924606537444,13.410617898259884
279.6,A0200,-82498.96022310224,-17671.801753249987,12759.072062773783,-361.1950151073206,-34.983849595879036,20.668072669029083
279.6,B0200,1375.0070542235737,617.7262826794029,5640.716543545058,-205.15450654597305,-3.480119482647617,-1.1089065796581559
279.8,A0100,-40316.00375794987,-57554.99308653972,13543.48104063804,-330.12497840588026,-195.63659291114465,12.671859177350036
279.8,A0200,-82571.18209780991,-17679.140809854052,12762.392902809115,-360.86596933642153,-34.74382146730556,22.088267799104568
279.8,B0200,1333.979156591051,617.0377406223342,5640.064521331819,-204.96082944984573,-3.4427356149981527,-5.024744958190881
280.0,A0100,-40381.45738399541,-57595.18118214118,13545.133856757318,-330.5031064816662,-195.7414800461224,11.64207561432017
280.0,A0200,-82643.35392256148,-17686.363233630425,12765.95452663914,-360.6930039975605,-33.83164816453012,22.937647420747304
280.0,B0200,1293.027491446742,616.3702093905952,5638.810015583755,-204.73162640534642,-3.3321719314385443,-7.747818028683014
280.2,A0100,-40446.97215301753,-57635.38707188316,13546.645620400086,-330.7481703729509,-195.71858225164144,11.408472871472723
280.2,A0200,-82715.50731639219,-17693.342972951097,12769.626350345687,-360.64586366472406,-32.33024174798908,23.194027786560728
280.2,B0200,1252.0666363239918,615.7089993761722,5637.149717097527,-204.82059601987032,-3.367037745877516,-8.025960708846998
280.40000000000003,A0100,-40512.52459153793,-57675.552653296996,13548.206420133414,-330.8720302330628,-195.34214776344308,12.08968095762252
280.40000000000003,A0200,-82787.66903331013,-17700.006567293243,12773.267611124105,-360.7864490941562,-30.9089293278694,22.6179902162557
280.40000000000003,B0200,1211.0969320783965,615.0530177041785,5635.764105508176,-204.94473083633827,-3.281149831736464,-6.0584879339724464
280.6,A0100,-40578.11092810915,-57715.587804559036,13549.966412837335,-331.1251507477235,-194.3479278861364,13.213703595191477
280.6,A0200,-82859.87973254095,-17706.471608769767,12776.737458004736,-361.1419876242783,-30.314782833551,21.548486339161336
280.6,B0200,1170.0839753800078,614.400970184113,5634.733286558983,-205.11393661117802,-3.329531894511956,-4.037106603538076
280.8,A0100,-40643.78267384938,-57755.403399189716,13551.861795690296,-331.62154785672493,-193.33546613033442,13.318508203590127
280.8,A0200,-82932.17318902782,-17712.865461574547,12779.97452310727,-361.6001665455816,-30.043713930306687,20.426883683667484
280.8,B0200,1129.0885085451916,613.7103635938952,5634.295585007648,-204.74312258950738,-3.660846411965514,-0.2970332283796309
281.0,A0100,-40709.548059837754,-57795.08909157086,13553.687331132794,-332.04629489492373,-193.02562929610428,12.587395380186457
281.0,A0200,-83004.54245125652,-17719.17818801688,12783.05547944676,-361.87498014988813,-29.499173222360835,20.119883829617233
281.0,B0200,1088.1636538774985,612.9630348094256,5634.49204289324,-204.60329777713534,-3.8697274438416356,1.791011047919247
281.2,A0100,-40775.39123444748,-57834.765360843274,13555.319984701551,-332.4205310859465,-193.13338747558876,11.55819620448884
281.2,A0200,-83076.95381878642,-17725.403294230142,12786.131542294039,-362.05816966486697,-29.307593273174835,20.209314437152845
281.2,B0200,1047.2267581066785,612.1834556904736,5634.8857156085905,-204.78216833122866,-3.9755586344349445,1.766198693223394
281.40000000000003,A0100,-40841.294310795216,-57874.46092944149,13556.811380761203,-332.6558163402938,-193.12410084804944,11.32340144364946
281.40000000000003,A0200,-83149.39492193617,-17731.65157330717,12789.214669251669,-362.17408601721377,-29.71293943131792,20.160539827578262
281.40000000000003,B0200,1006.2654955419052,611.3811337849903,5635.178156922373,-204.7214099279529,-4.070510668735647,1.234069024212317
281.6,A0100,-40907.2321256879,-57914.12009081379,13558.351892154384,-332.7608953373319,-192.7731788667821,12.007138969435843
281.6,A0200,-83221.85647079968,-17738.030344428193,12792.254488113522,-362.2804449777527,-30.582921035270562,19.763621560679336
281.6,B0200,965.3518068299518,610.5989205795073,5635.301674405057,-204.47067097980658,-3.881445655586677,-0.5682188841255211
281.8,A0100,-40973.19904431084,-57953.65460053636,13560.09312031785,-332.986323759196,-191.80849025534565,13.145721813468436
281.8,A0200,-83294.33811634702,-17744.613774552607,12795.168409305465,-362.40441991835957,-31.727206002592446,18.909038153165422
281.8,B0200,924.4590982106408,609.8228072242274,5634.872810433707,-204.5393572183274,-3.9277846373019276,-3.607646398882632
282.0,A0100,-41039.248977400515,-57992.95553368841,13561.994206296344,-333.54112790097633,-190.4464574567063,13.531043584158086
282.0,A0200,-83366.83201581481,-17751.469434119354,12797.87513811079,-362.3810583291859,-33.43035197975119,17.83164558915143
282.0,B0200,883.5342221680564,609.0436879104317,5634.120545204648,-204.63729113843783,-3.9176710394946523,-3.157519996673545
282.2,A0100,-41105.43387516495,-58031.98129173505,13563.883589973779,-334.2186481418161,-189.24266301148455,13.01766624479521
282.2,A0200,-83439.26807332475,-17758.787500619826,12800.392956597985,-361.78310979327995,-36.58970422239242,17.114733402650174
282.2,B0200,842.6085395194107,608.2841401475818,5633.745420925799,-204.68985184237525,-3.782267569403144,-0.8379584118365072
282.40000000000003,A0100,-41171.73901074269,-58070.85344951787,13565.609162435383,-334.7418929723077,-188.86963632516944,11.957219773814474
282.40000000000003,A0200,-83511.52229392724,-17766.9527767544,12802.876215332682,-360.72703952359467,-41.665624670235374,17.625145853361165
282.40000000000003,B0200,801.6771873929608,607.5325088686687,5633.849686986151,-204.51021120369774,-3.807889272380441,1.9956000000709073
282.6,A0100,-41238.14088319137,-58109.69764492047,13567.102575978115,-335.23020403537475,-188.80435927641295,10.838546327805412
282.6,A0200,-83583.53748234925,-17776.172841881125,12805.630242872827,-359.3755337970393,-46.91249134089262,19.871914236140334
282.6,B0200,760.7957868841925,606.7686613388838,5634.45720652825,-204.37854018125014,-3.8873662430003844,3.7178226517830493
282.8,A0100,-41304.638028435795,-58148.51990704867,13568.411575098573,-335.67255769319866,-188.70783423593693,10.122520310677114
282.8,A0200,-83655.29168229742,-17786.31686980982,12808.935824081873,-358.2767556983258,-50.67992240776248,22.6137271019133
282.8,B0200,719.8879402490038,606.00352817341,5635.139922631788,-204.78769510076495,-3.8435955720136272,2.5101605377220815
283.0,A0100,-41371.196825237304,-58187.343687411514,13569.635927914782,-335.8479937528174,-188.74242052734377,10.099861198702605
283.0,A0200,-83726.89394796282,-17797.05620974142,12812.619319902387,-357.8137497105556,-52.98168132336497,23.52064844232851
283.0,B0200,678.8963493343228,605.2324784247295,5635.452495624251,-205.01949902311372,-3.904183369997176,0.7437317519387445
283.2,A0100,-41437.76534732436,-58226.16633791711,13570.9381691214,-335.76475748572744,-188.70115390803886,10.881703923541172
283.2,A0200,-83798.45805781998,-17808.16582045132,12816.295682541288,-357.8162483646899,-54.57494746860051,22.818557602171385
283.2,B0200,637.9096457408359,604.4726548893783,5635.434651002264,-204.82419970757869,-3.7552827371247472,-1.12164532906557
283.40000000000003,A0100,-41504.308588692475,-58264.95076050353,13572.471605721708,-335.654503400444,-188.23899726464114,12.331082123267558
283.40000000000003,A0200,-83870.00353973416,-17819.633141137165,12819.806361121184,-357.6043808269516,-56.626844326017874,22.04233036798328
283.40000000000003,B0200,596.9528170683632,603.7430617578503,5634.95796285694,-204.8748157665363,-3.68856021777103,-3.94390330145696
283.6,A0100,-41570.87016290228,-58303.58831153691,13574.251874406338,-335.9352847312783,-187.23511454742496,13.191698093773041
283.6,A0200,-83941.48043846987,-17831.525794883943,12823.178732033892,-357.15606445829803,-58.886635768035845,21.37782724989153
283.6,B0200,555.920484667062,602.9999283817443,5633.83761677712,-205.4462226821766,-3.7620095228210952,-6.935286188151705
283.8,A0100,-41637.52349073411,-58342.00256167784,13576.116572094099,-336.46175731946994,-186.18014557953074,13.120789391414998
283.8,A0200,-84012.832947066,-17844.004307886582,12826.452169672477,-356.39299015405425,-62.669698827833244,21.155558277646044
283.8,B0200,514.7973125547239,602.2574209967196,5632.4199150823615,-205.7571601508372,-3.761138758827268,-6.785493633765468
284.0,A0100,-41704.27618381307,-58380.28033999147,13577.882869459037,-336.9133235523617,-185.85156755404347,12.274157484803036
284.0,A0200,-84083.9618607601,-17857.424116851576,12829.726387048959,-354.8792107233156,-68.28137200467391,21.445941717972143
284.0,B0200,473.63316917429984,601.4827812725376,5631.314894483472,-205.7552271098207,-4.115741410661946,-3.6339576847174406
284.2,A0100,-41771.11227654096,-58418.542868903634,13579.441052903054,-337.3191040624084,-185.90593333643625,11.212000854569343
284.2,A0200,-84154.72986372866,-17872.032297769743,12833.128256950404,-353.0285921004063,-74.16130617093471,22.19091771606487
284.2,B0200,432.51962513402214,600.6377219428688,5631.014076385657,-205.4463332969941,-4.34288544334062,0.14925233169345334
284.40000000000003,A0100,-41838.016419584914,-58456.81002114988,13580.853331177408,-337.6032683169745,-185.80546230124193,10.948290642642288
284.40000000000003,A0200,-84225.14496717096,-17887.75394387954,12836.629374068561,-351.31404274503706,-79.59723494138262,22.486713545470334
284.40000000000003,B0200,391.4216949350748,599.7771269490609,5631.1980568470235,-205.56781382422085,-4.355846042390324,1.312182001125055
284.6,A0100,-41904.9668345605,-58495.01920566817,13582.30805578895,-337.7696581156741,-185.3321978803835,11.596281925452647
284.6,A0200,-84295.19483443139,-17904.583633953316,12840.160652347618,-349.441935811311,-85.23020360797176,22.442591451592996
284.6,B0200,350.2961349077623,598.8926424741726,5631.551582286815,-205.64777764951228,-4.54836331745251,2.2426261700312033
284.8,A0100,-41971.95877455674,-58533.0773508352,13583.955149560115,-338.04832535004226,-184.22919614519765,12.684193124668734
284.8,A0200,-84364.84006366497,-17922.573832989954,12843.646632485918,-347.24553819922767,-91.34452673753125,22.15846363503756
284.8,B0200,309.15394351847544,597.9815901560683,5631.977016892685,-205.80497506478653,-4.600853031261098,1.6343511598544664
285.0,A0100,-42039.039050321095,-58570.8956813644,13585.730577727492,-338.5495261823129,-183.12974212795768,12.756098394952536
285.0,A0200,-84433.97916365047,-17941.857114042043,12847.143436260321,-344.4694546060858,-98.06042435466074,22.67664424235293
285.0,B0200,267.9922279565867,597.0683906802965,5632.172270629649,-205.6834046662362,-4.569664570623276,0.463923911503513
285.2,A0100,-42106.21455403796,-58608.56984251962,13587.431727514842,-338.9837924858256,-182.76316268993457,12.011503139000576
285.2,A0200,-84502.5656871819,-17962.402571135946,12850.854595013137,-341.9108333317777,-103.76266465889023,24.05382758264175
285.2,B0200,226.89403759910783,596.1874975432381,5632.087958273565,-205.35339977769155,-4.366763114688375,-1.7986013439092892
285.40000000000003,A0100,-42173.47050878031,-58646.22547897956,13588.938145723052,-339.37339381708904,-182.83265652114608,10.972619587838258
285.40000000000003,A0200,-84570.68663993805,-17983.987992220325,12854.813500876106,-339.7938853951415,-108.59450476645301,25.06624623146632
285.40000000000003,B0200,185.8305394293443,595.3208504793213,5631.370367302584,-205.37538958783014,-4.353066309658995,-5.2376353856591065
285.6,A0100,-42240.79051305709,-58683.891807131484,13590.301114342006,-339.63281702506447,-182.77112253792362,10.724854679247477
285.6,A0200,-84638.3797582313,-18006.536496185385,12858.95249432668,-337.57422536972274,-113.5282944397011,25.86268047832333
285.6,B0200,144.73919087639297,594.4611244989492,5630.249271219152,-205.48347165159504,-4.293871131588775,-5.14081497233623
285.8,A0100,-42308.15059867827,-58721.50947316297,13591.71010386613,-339.76437807912305,-182.35130253777731,11.390663164669178
285.8,A0200,-84705.60900057676,-18030.090303994795,12863.219328812727,-335.20657760263526,-118.63654462542557,26.287814256231922
285.8,B0200,103.63902361118926,593.6314549677411,5629.449014025305,-205.5903995174766,-4.1095787497443,-3.041751781159136
286.0,A0100,-42375.544349029115,-58758.98740389988,13593.315022747942,-340.0016612112399,-181.3064755771863,12.49640844497093
286.0,A0200,-84772.35173424995,-18054.67291685402,12867.527495329567,-332.76113971707764,-123.82598132540404,26.241501348824134
286.0,B0200,62.4930337102669,592.8178522003791,5629.02036104828,-205.806697332257,-4.1276084625138,-0.9855920544874412
286.2,A0100,-42443.01874295756,-58796.235437367155,13595.051691530396,-340.4713875181956,-180.24632717381735,12.583704293135456
286.2,A0200,-84838.59378080131,-18080.2963205125,12871.779794618029,-330.2611228792131,-129.061135580421,25.69705770745019
286.2,B0200,21.35835690808517,591.9663815747597,5629.181121688844,-205.42039333834722,-4.469606455785361,2.7006987453631472
286.40000000000003,A0100,-42510.583622139304,-58833.345345010865,13596.716021294385,-340.88975353284593,-179.90232376740514,11.843855266151701
286.40000000000003,A0200,-84904.30346122173,-18106.99438133648,12875.882253429496,-327.3998365865,-134.72772059054907,24.83080011786408
286.40000000000003,B0200,-19.695785283026453,591.0523383193665,5629.966586258428,-205.2211295471709,-4.708584754864299,4.775087736393343
286.6,A0100,-42578.22677822945,-58870.43986401161,13598.186189161253,-341.2715614480592,-179.98309489322367,10.80872118684102
286.6,A0200,-84969.35963310798,-18134.896573233615,12879.865118810278,-323.8245376916119,-141.0468419322998,24.60787910205539
286.6,B0200,-60.73074558912731,590.1009920618087,5631.032500090405,-205.03610817569393,-4.8194716570737235,5.986739377389908
286.8,A0100,-42645.93192513815,-58907.548102616456,13599.513837048386,-341.5167532498529,-179.9437072273001,10.566638990338674
286.8,A0200,-85033.69089369854,-18164.010667342063,12883.928373521154,-320.3662853633334,-146.6302392923814,25.606422795430053
286.8,B0200,-101.67500080422906,589.1757502413927,5632.384924412656,-204.3353288655086,-4.378317721698129,7.413589064323556
287.0,A0100,-42713.67329511287,-58944.61342974531,13600.888887151392,-341.6253038459018,-179.5589119434353,11.24044584709813
287.0,A0200,-85097.38552237442,-18194.107776178156,12888.301838455769,-317.52615929960695,-150.89356629896088,27.431751183382524
287.0,B0200,-142.45161943553512,588.406002803019,5633.895947571214,-203.38622858328625,-3.2622793078195125,7.592029975603806
287.2,A0100,-42781.44279411313,-58981.54666045286,13602.462099231292,-341.8318975711973,-178.55319510040724,12.36168266162704
287.2,A0200,-85160.59274631212,-18224.96022241434,12893.00054409809,-315.4794206173155,-154.2790501863964,28.70278425036653
287.2,B0200,-183.0236096817016,587.9530472568613,5635.4124620602415,-202.39125679500637,-1.031973988737447,7.711557441428056
287.40000000000003,A0100,-42849.28720264721,-59018.25619609868,13604.170635638573,-342.2781761603128,-177.51524360664249,12.466432887232012
287.40000000000003,A0200,-85223.43059887881,-18256.43518697043,12897.885281924711,-313.80731551632675,-157.11952051396608,29.239534530996796
287.40000000000003,B0200,-223.41863823399808,588.2096077592216,5637.043591720088,-201.50719953842085,4.158311952095479,8.645771909876709
287.6,A0100,-42917.218668008114,-59054.83075598315,13605.809336365684,-342.68529277270756,-177.18203072893388,11.734222344528737
287.6,A0200,-85285.95683024162,-18288.421525977825,12902.800638440287,-312.2220535795068,-159.53950482159078,29.14312576853245
287.6,B0200,-263.59097661766464,589.8396060555797,5638.789543901111,-200.11179738284628,12.435814435819847,8.46753305160117
287.8,A0100,-42985.226913560175,-59091.39145530142,13607.25465881518,-343.0615723575353,-177.26961343759405,10.700850746611808
287.8,A0200,-85348.1355074365,-18320.94581085076,12907.711698394854,-310.35458285109763,-162.6676151536315,29.247908357754266
287.8,B0200,-303.44919314764456,593.1893182737342,5640.264935074576,-198.52684792203686,20.65647878526134,6.105336060932981
288.0,A0100,-43053.29553985595,-59127.96824878943,13608.557618384666,-343.2949061819473,-177.2494205562617,10.45976735385733
288.0,A0200,-85409.8699684796,-18354.19301162437,12912.674255901613,-307.78820351725864,-166.7157376856712,29.55665248940954
288.0,B0200,-343.022734261408,597.9948197550116,5641.214177935947,-197.27526603070658,27.067060989786576,3.4864437066750993
288.2,A0100,-43121.39698173074,-59164.50739193701,13609.90851599416,-343.3823248984573,-176.89797957216902,11.13835917966146
288.2,A0200,-85471.03564128194,-18388.29853701588,12917.685668034537,-304.77020951095466,-171.1997185468884,29.637087377000135
288.2,B0200,-382.3483559997758,604.008183342379,5641.686749390534,-195.86534067025556,33.19836469257548,1.3554798108499586
288.40000000000003,A0100,-43189.5212738861,-59200.92192079837,13611.459562381351,-343.559025292767,-175.9307793430482,12.276618723750683
288.40000000000003,A0200,-85531.57276468228,-18423.313822312906,12922.676106328268,-301.5831526905359,-175.80606748756043,29.27890094364925
288.40000000000003,B0200,-421.33589908539943,611.3134352401016,5641.798966671851,-193.97946082243158,39.77043274744032,-0.06972052307450384
288.6,A0100,-43257.71677344116,-59237.100355492934,13613.170863897338,-344.0442856981916,-174.54791623901795,12.664263400072022
288.6,A0200,-85591.45993635526,-18459.249021174503,12927.550951841793,-298.34634336295056,-180.41969247260673,28.424612597247776
288.6,B0200,-459.8847520331433,619.995043000929,5641.719832161828,-191.28085314444252,47.349700679594655,-0.5490437673931724
288.8,A0100,-43326.033203139625,-59272.99787523503,13614.871145058303,-344.65913718028617,-173.3132540742573,12.153146030237085
288.8,A0200,-85650.66657155218,-18496.124897012916,12932.213877743376,-294.7266043269589,-185.35865804919445,27.20394541257753
288.8,B0200,-497.7459579419906,630.3974449746315,5641.585369163413,-187.09357510212905,56.90179542824148,-0.851393254043659
289.0,A0100,-43394.46164833287,-59308.73598363668,13616.407835348127,-345.1598298824929,-172.91480032312722,11.0916805613573
289.0,A0200,-85709.05867192277,-18534.045402099113,12936.675087872274,-290.30195785996773,-190.8472447841064,26.479118948690143
289.0,B0200,-534.7010011322468,642.7284476745772,5641.285950156915,-182.67494084013353,65.86603935241132,-2.2098203013330338
289.2,A0100,-43462.98462590936,-59344.441208496006,13617.711958819398,-345.6403813492576,-172.82576944934127,9.970170372839032
289.2,A0200,-85766.54930567418,-18573.02824073161,12941.110340826988,-285.9781598598874,-195.80419908487664,26.913781797023375
289.2,B0200,-570.8842624785157,656.5972496793011,5640.700416357025,-179.35976776317915,72.41025071402237,-3.533572657581554
289.40000000000003,A0100,-43531.60095019043,-59380.11998400969,13618.830970898582,-346.0737198091946,-172.71019065161454,9.249571623698124
289.40000000000003,A0200,-85823.24303398936,-18612.888728361228,12945.749254828766,-282.4142799377894,-199.64974330688216,28.235202459431726
289.40000000000003,B0200,-606.4538956693873,671.6555624563287,5639.900975068716,-176.3053277071968,78.12184137576428,-4.285283683377017
289.6,A0100,-43600.278263416905,-59415.79793778378,13619.864137975626,-346.24764432382807,-172.74198406477547,9.21989634935203
289.6,A0200,-85879.29865949902,-18653.44082956926,12950.639331275972,-279.48032221442816,-202.8793129334211,29.333857928791172
289.6,B0200,-641.3394725645635,687.9082974724581,5639.05015578583,-172.28910729896953,84.62532528945466,-3.987324943389518
289.8,A0100,-43668.96462199393,-59451.47595445163,13620.973756938287,-346.159169707814,-172.7164995004514,9.994816726380584
289.8,A0200,-85934.74801351925,-18694.646757434693,12955.757441520993,-276.2735353123334,-206.26729107232478,30.476947921073943
289.8,B0200,-675.2452305887282,705.6195930675449,5638.3302842057,-166.499830772463,92.6532546615845,-3.188687854771863
290.0,A0100,-43737.62295790867,-59487.12019300235,13622.313544062981,-346.0208653315905,-172.27929591481686,11.442978386403405
290.0,A0200,-85989.52886339145,-18736.544689686147,12961.091532145918,-272.8359416281677,-209.80286661414223,31.385321445569996
290.0,B0200,-707.8667523876838,725.0026187031733,5637.692035409088,-159.7448921287994,100.99156956288238,-3.411513971998213
290.2,A0100,-43806.291207476264,-59522.620466994944,13623.900833041547,-346.246178584454,-171.2783627222325,12.30947750890771
290.2,A0200,-86043.60771405944,-18779.156299868577,12966.576080779509,-269.2846553435338,-213.4236259406938,31.903809746718405
290.2,B0200,-739.1909548363114,745.9268327419347,5636.849846165863,-153.82889977217025,107.82096729419956,-5.039993268552206
290.40000000000003,A0100,-43875.03909404364,-59557.89568425657,13625.574128713271,-346.7150450866745,-170.20741863852993,12.24609949794325
290.40000000000003,A0200,-86096.96507592294,-18822.496204614323,12972.128417997013,-265.65638373319206,-217.1120860394873,31.990701640544355
290.40000000000003,B0200,-769.4892367548459,768.0247633541055,5635.677527027727,-149.42891545875239,112.84493251551037,-6.542107228808872
290.6,A0100,-43943.87859546033,-59593.030783900256,13627.150070775737,-347.1449950535378,-169.86078865545556,11.401369014259002
290.6,A0200,-86149.58549054916,-18866.576554011448,12977.660111528141,-261.96202450643096,-220.8569678795063,31.623709434121533
290.6,B0200,-798.9529365877233,791.0572776078277,5634.263496310223,-145.1961980598124,117.42118987691907,-7.401728916551531
290.8,A0100,-44012.79969460424,-59628.14696713762,13628.517809583607,-347.5478639478648,-169.89820267808008,10.337041450111816
290.8,A0200,-86201.4554803984,-18911.40652199041,12983.078327682859,-258.2134134975002,-224.63893112323788,30.78067121352869
290.8,B0200,-827.4864737046687,815.038757626329,5632.779456082122,-139.8505139664665,122.52669000889709,-7.173137545539514
291.0,A0100,-44081.787926995006,-59663.26549909671,13629.73897229371,-347.8210119811322,-169.79378933841673,10.069587182722746
291.0,A0200,-86252.56467623069,-18956.99047325674,12988.28581667463,-254.43032466552313,-228.42959032479098,29.44045937712408
291.0,B0200,-854.747967718888,840.1442002133065,5631.426787292217,-132.4938601032799,128.59688782457437,-6.2774594157335395
291.2,A0100,-44150.81825310635,-59698.32664478194,13631.002086916955,-347.9567997973705,-169.33138213126685,10.716705523923434
291.2,A0200,-86302.88076737536,-19003.344430839323,12993.18183172312,-250.22391641612396,-232.4688715540604,27.659567090607876
291.2,B0200,-880.4245057578974,866.4795375657216,5630.195859056813,-124.33397390042023,134.59715878993896,-6.191054925843765
291.40000000000003,A0100,-44219.88099710789,-59733.23934169112,13632.458262018672,-348.1721975513497,-168.23951594054392,11.813108592309636
291.40000000000003,A0200,-86352.25370410622,-19050.54913705979,12997.745351619727,-245.11483192231836,-236.94435638470273,26.15233288821745
291.40000000000003,B0200,-904.5387446862569,893.9179824079117,5628.84056668194,-117.22968273135452,139.46534809706083,-7.391607309893536
291.6,A0100,-44289.018651974424,-59767.91193327613,13634.045192327376,-348.6119068196979,-167.12958131745114,11.896816023113866
291.6,A0200,-86400.57097637032,-19098.630500779294,13002.113832091225,-239.96492766277325,-241.12626163982299,25.695252821925127
291.6,B0200,-927.426153464869,922.1910118833819,5627.228936794447,-112.00048752903037,143.0292653070407,-8.597688201780555
291.8,A0100,-44358.24314279892,-59802.437530199546,13635.559599401684,-349.0217332586559,-166.7478709331623,11.156816256789348
291.8,A0200,-86447.92789852791,-19147.461797914675,13006.517173923181,-235.6271784453656,-244.4737802891265,26.222014215513767
291.8,B0200,-949.3410741355833,951.1175393724909,5625.423725899564,-107.15111636887622,146.17924891649565,-9.254429530640643
292.0,A0100,-44427.545958321294,-59836.941434481414,13636.879457690682,-349.40839845243556,-166.80303106850786,10.115802891316584
292.0,A0200,-86494.5021365964,-19196.89742463751,13011.027789947384,-232.05589594582597,-247.29523021870403,26.61440520123051
292.0,B0200,-970.1957225485926,980.6887074380741,5623.587170633665,-101.11266236371651,149.5783021412408,-8.825064299800552
292.2,A0100,-44496.91195395801,-59871.454512523866,13638.055101594835,-349.656942538484,-166.7429576440731,9.863880171716504
292.2,A0200,-86540.35113179922,-19246.89558750572,13015.617323919258,-228.28299061065744,-250.18732694289488,26.956740424299113
292.2,B0200,-989.6298476908182,1010.9871341864612,5621.9320500211115,-92.96857898146675,153.40082189415102,-7.6114941274990295
292.40000000000003,A0100,-44566.31379991076,-59905.92093578981,13639.276277522971,-349.7574554823413,-166.3427161107346,10.529488120906725
292.40000000000003,A0200,-86585.41729623782,-19297.478758602316,13020.261921679768,-224.28989075236515,-253.16284593569208,27.04556481813949
292.40000000000003,B0200,-1007.3178334070717,1042.0410970489022,5620.478613152585,-84.01422063557479,157.00251896984727,-7.057257813040323
292.6,A0100,-44635.74002192596,-59940.25219268469,13640.694453511675,-349.93062116343793,-165.31937194887053,11.647332491008402
292.6,A0200,-86629.67023691941,-19348.65689321564,13024.89515446152,-220.20193765902536,-256.1687171740533,26.747446802400905
292.6,B0200,-1023.2965488571458,1073.745230283829,5618.999079673296,-76.25879258453215,159.8344797936823,-7.7818382062231315
292.8,A0100,-44705.233324739995,-59974.354981903714,13642.247716065369,-350.33857345608965,-164.2551315274684,11.751179895538844
292.8,A0200,-86673.09483583667,-19400.433827069344,13029.435082713913,-216.06141386633487,-259.18838020777247,26.021211971851244
292.8,B0200,-1037.940499807543,1105.9330432639333,5617.344280403622,-70.59594781939715,161.90076276928113,-8.659233257086873
293.0,A0100,-44774.8086737406,-60008.317751969924,13643.731106452879,-350.7323643217759,-163.8992345381836,11.018302330013755
293.0,A0200,-86715.68119681718,-19452.810765267033,13033.793760936638,-211.88561915895508,-262.2088130295869,24.843153794987348
293.0,B0200,-1051.5457262945433,1138.4946261123735,5615.550290165842,-65.48245232202018,163.65777699524787,-9.079066524501847
293.2,A0100,-44844.46011110652,-60042.262487006024,13645.020761476042,-351.1107406274098,-163.96830908118073,9.98137948836269
293.2,A0200,-86757.39509286353,-19505.798462150273,13037.880288788405,-207.26661866948461,-265.4016384534711,23.279608494032335
293.2,B0200,-1064.0395164070046,1171.3999463933826,5613.772116979491,-59.20685970331829,165.36272802622608,-8.399964784870248
293.40000000000003,A0100,-44914.17248351059,-60076.22024016203,13646.167099730555,-351.34379135992447,-163.93643025005534,9.734915179381192
293.40000000000003,A0200,-86798.08542800433,-19559.449231609542,13041.683887870418,-201.76286549652696,-268.856864705611,22.023274387433766
293.40000000000003,B0200,-1075.071631757995,1204.6394864337392,5612.235458077871,-50.890347517467816,166.96151271961554,-6.820816625153873
293.6,A0100,-44983.91647194971,-60110.138707502716,13647.3603896031,-351.4190784920967,-163.58126338626104,10.409348333916121
293.6,A0200,-86837.64855144398,-19613.76903125706,13045.339240229117,-196.29108682337636,-272.0305669486011,21.750738868882006
293.6,B0200,-1084.328289559698,1238.1644878562076,5610.9879450209755,-41.81346994138185,168.1852627480579,-5.770962953175843
293.8,A0100,-45053.678735207286,-60143.93195554514,13648.75337055744,-351.55868812383545,-162.60926415886394,11.547142402697498
293.8,A0200,-86876.20194050769,-19668.651464163682,13049.058066463629,-191.76155483467517,-274.5300491648913,22.378364386438864
293.8,B0200,-1091.8550603636272,1271.8912338527555,5609.817230784878,-33.97158602316772,169.00409950543423,-6.00053164665164
294.0,A0100,-45123.50300377487,-60177.486668579746,13650.306811807595,-351.98880362763913,-161.20838432524684,11.935626223163423
294.0,A0200,-86913.939422171,-19723.98526463685,13052.904045562489,-188.040466155025,-276.6482809640648,22.860831648533075
294.0,B0200,-1098.0355338340396,1305.7564440774988,5608.555890612153,-28.280910234221565,169.60814877079434,-6.5320327672784195
294.2,A0100,-45193.43694833309,-60210.755710904356,13651.84952557793,-352.5529882560895,-159.94868662259944,11.42504709080946
294.2,A0200,-86950.92559601644,-19779.738358185557,13056.848815144982,-184.13286256888148,-278.79650273860284,23.317069143321135
294.2,B0200,-1103.127979936899,1339.723441326748,5607.231773376875,-22.373762750983072,169.97719341252082,-6.440279235119267
294.40000000000003,A0100,-45263.47622687639,-60243.86059677248,13653.228662008847,-353.0352376785773,-159.52933817118083,10.362337693343997
294.40000000000003,A0200,-86987.0997671397,-19835.92384607439,13060.877532719001,-179.9745375676324,-280.9978928327177,23.568699560690767
294.40000000000003,B0200,-1106.8222356926913,1373.7161697075044,5606.024656511452,-14.379570572116817,169.83646685560942,-5.457716867327969
294.6,A0100,-45333.60820636719,-60276.92852442186,13654.374869003594,-353.5092988999851,-159.4206276299959,9.238467981071391
294.6,A0200,-87022.42640884161,-19892.548157766843,13064.931851759797,-175.69926747317854,-283.2211705665703,23.46568292170006
294.6,B0200,-1108.7991908471404,1407.6236491494083,5605.021580348574,-5.572107723522228,169.1688945817711,-4.633400935500214
294.8,A0100,-45403.83196005271,-60309.966240931,13655.335405176806,-353.93546427079707,-159.28901176589574,8.514320931034908
294.8,A0200,-87056.88657657983,-19949.614393204607,13068.935438044897,-171.35340769582118,-285.4584905400233,22.959053329659806
294.8,B0200,-1109.0406798929998,1441.3596775868236,5604.093679137978,2.9797526085715047,168.1342920113542,-4.73775911735582
295.0,A0100,-45474.116263504584,-60343.00105712825,13656.209206594367,-354.10908810920046,-159.31737377713273,8.479585850932953
295.0,A0200,-87090.46682632373,-20007.124353972664,13072.80494535208,-166.95385663294576,-287.70233908327697,22.021889960293176
295.0,B0200,-1107.6652606148732,1474.8725315369443,5603.0406321353685,10.26131070549811,167.05097693543675,-5.793492564566147
295.2,A0100,-45544.40934466337,-60376.0366407976,13657.158456324032,-354.018288653354,-159.30323357717836,9.249885618212701
295.2,A0200,-87123.15686351749,-20065.07765571386,13076.451946684017,-162.51880430590487,-289.93803701644003,20.629840080471666
295.2,B0200,-1105.0384453364513,1508.199354074061,5601.763917336447,15.57534895572894,166.28959571614556,-6.867794585505872
295.40000000000003,A0100,-45614.672671654,-60409.0417632158,13658.337247231788,-353.8600683809595,-158.88501425327232,10.697819846368025
295.40000000000003,A0200,-87154.92261941427,-20123.478099738022,13079.782959650518,-157.6373523150448,-292.2621454332705,18.814516469956242
295.40000000000003,B0200,-1101.4331553131165,1541.3818523462692,5600.307841789156,20.405189658475855,165.50023485742074,-7.508440206183023
295.6,A0100,-45684.93957404333,-60441.90515215509,13659.764123189223,-354.04224127637355,-157.88648514297037,11.568931526971653
295.6,A0200,-87185.6101397963,-20182.352528015443,13082.770714843602,-151.8525944262591,-294.71397826285784,17.18437954672095
295.6,B0200,-1096.7847007754617,1574.357939210147,5598.815959058582,26.23515150906048,164.12544602329453,-7.127466640223225
295.8,A0100,-45755.27651786647,-60474.54215306018,13661.278211823557,-354.46496263547624,-156.80340221256262,11.511174474842392
295.8,A0200,-87215.1065112648,-20241.697890417858,13085.52477125037,-146.00281979583178,-296.9715428387686,16.43432214722712
295.8,B0200,-1090.8024661779023,1606.9604072307093,5597.5052949462915,33.69041368263774,161.75224858514792,-5.824468569777833
296.0,A0100,-45825.69883325473,-60507.0361974134,13662.695733421036,-354.8774016464101,-156.442496886933,10.667865794745547
296.0,A0200,-87243.51109730215,-20301.44487163964,13088.24907904525,-141.06494994198238,-298.7837497067818,16.610007770357473
296.0,B0200,-1083.2588739509306,1639.0135758163947,5596.4454052217625,41.55190661095341,158.76671381035166,-4.859831590803208
296.2,A0100,-45896.201267058146,-60539.508361732835,13663.904999876504,-355.2778585156124,-156.4660348066468,9.602082063063197
296.2,A0200,-87271.02138744673,-20361.52052702438,13091.01782796624,-136.99429110589193,-300.34527072003067,16.686582689547524
296.2,B0200,-1074.2292414854896,1670.473190101216,5595.466742628598,48.25156980813241,156.0082459653842,-4.999357504876946
296.40000000000003,A0100,-45966.77015026971,-60571.980981448054,13664.96724884262,-355.5428292646182,-156.35820891539993,9.332274942205762
296.40000000000003,A0200,-87297.71966008458,-20421.901011316317,13093.799748575599,-132.81755561505108,-301.89653952055045,16.67761936193918
296.40000000000003,B0200,-1064.0530491655181,1701.4611648570121,5594.41193521191,53.084869483291676,154.05455477296405,-5.498826107125549
296.6,A0100,-46037.3779802588,-60604.39667676856,13666.071199384678,-355.6554943244417,-155.9047412031061,9.979483584566037
296.6,A0200,-87323.55284494013,-20482.588571734766,13096.571566253555,-128.40584795429766,-303.4537980492623,16.448067651001846
296.6,B0200,-1052.9614684768253,1732.0673563846767,5593.2917570844165,57.97938514057383,151.83144275906372,-5.458693246907963
296.8,A0100,-46108.01124215344,-60636.666114995234,13667.36889389707,-355.8216504625201,-154.82290838035738,11.082985474092665
296.8,A0200,-87348.48868969023,-20543.58178110502,13099.273827007048,-123.89429933028173,-304.9991003910412,15.864346241098644
296.8,B0200,-1040.7334657845558,1762.0935236020418,5592.275604877539,64.37244324651587,148.26759239601404,-4.537357619515789
297.0,A0100,-46178.708796212566,-60668.69549990683,13668.799265987373,-356.21217512701725,-153.70610944528332,11.175901972757991
297.0,A0200,-87372.51205076667,-20604.877392746737,13101.830495968366,-119.33314327951328,-306.5278119275396,14.878888942864432
297.0,B0200,-1027.1534737978718,1791.3080401285347,5591.460718583208,71.21733467503833,143.91691403723868,-3.6652175888441167
297.2,A0100,-46249.48643750722,-60700.5758501143,13670.158481921562,-356.60226692077526,-153.31303029321893,10.439459560352951
297.2,A0200,-87395.61427467634,-20666.47113125689,13104.158489222296,-114.7449740983416,-308.0327735123092,13.464224032607238
297.2,B0200,-1012.2397146250064,1819.6327511023242,5590.7461644271725,77.7239739246588,139.37656139362537,-3.5656450511744784
297.40000000000003,A0100,-46320.340673636005,-60732.432024149886,13671.323310117603,-356.986580248524,-153.35665664345535,9.397074645353802
297.40000000000003,A0200,-87417.76282406252,-20728.359915959034,13106.169263679909,-109.71871849415616,-309.5489787338193,11.647275627641434
297.40000000000003,B0200,-996.1042777449356,1847.0763105641204,5589.958662436778,83.20358046434028,135.35063830821792,-4.3411943606636045
297.6,A0100,-46391.257467805,-60764.29614498923,13672.343421608992,-357.22723746294974,-153.29793579883142,9.142533253063226
297.6,A0200,-87438.80755458484,-20790.546379376057,13107.837298557046,-103.81728447342496,-311.0596031403657,10.008657030729212
297.6,B0200,-979.0291764430872,1873.8323898365038,5588.9937968974145,87.18911533591582,132.48323965016482,-5.244729769084097
297.8,A0100,-46462.20696922262,-60796.11533509572,13673.408830814094,-357.3045687897381,-152.91436230783833,9.808833884815934
297.8,A0200,-87458.6406350837,-20853.0137750411,13109.26671218513,-97.86311387370642,-312.4001496403628,9.20514239698017
297.8,B0200,-961.1957728650145,1900.029535553912,5587.887605674757,91.2409331260398,129.2859388193965,-5.606723528593566
298.0,A0100,-46533.17377863906,-60827.80330951691,13674.672248888166,-357.42814651369486,-151.91026624266453,10.93687536681019
298.0,A0200,-87477.3628890346,-20915.71571401471,13110.652852759009,-92.83773337887708,-313.4728964969555,9.300256031411658
298.0,B0200,-942.4313020759532,1925.4182859852035,5586.797019356429,96.40154422817231,124.46501150384208,-5.1584987865214025
298.2,A0100,-46604.19698865831,-60859.264406218404,13676.073465621492,-357.78686140956796,-150.84488754034405,11.054048104627784
298.2,A0200,-87495.17387128153,-20978.613341434284,13112.069321976105,-88.68599315419445,-314.4311833240049,9.3077732693461
298.2,B0200,-922.6080402250359,1949.7576087040661,5585.80951020805,101.62912553032314,119.03443875958239,-4.757023854153608
298.40000000000003,A0100,-46675.29548135646,-60890.58428286396,13677.406793859422,-358.160891978841,-150.48054378731476,10.326787636046236
298.40000000000003,A0200,-87512.16082786529,-21041.695281818273,13113.485293626123,-84.46017694329079,-315.36207243668616,9.229199389214822
298.40000000000003,B0200,-901.7786684585099,1973.007035374374,5584.844259385892,106.47741237546384,113.57049136081581,-4.969688080305573
298.6,A0100,-46746.46829713356,-60921.88411099794,13678.546758066404,-358.53661233053765,-150.54043956279216,9.288781161630613
298.6,A0200,-87528.27288939983,-21104.95547338984,13114.879831600669,-79.99514324917436,-316.2597075056494,8.950221953612942
298.6,B0200,-880.033736611098,1995.1891265439021,5583.761934867434,110.67470800145024,108.56311339864564,-5.877380113407926
298.8,A0100,-46817.70130669202,-60953.196456321304,13679.542869062403,-358.76100306275583,-150.51527939225946,9.039445749660807
298.8,A0200,-87543.47716757403,-21168.386633245947,13116.197266898547,-75.42782150395962,-317.1236386981415,8.333719638868997
298.8,B0200,-857.5583294545536,2016.5005924293223,5582.479731110128,113.79254613967214,104.90983765374706,-6.892128546088644
299.0,A0100,-46888.96254788024,-60984.47267999459,13680.585710144467,-358.811715930564,-150.18573331633516,9.715149532777321
299.0,A0200,-87557.75829701623,-21231.981976801322,13117.364514534427,-70.81021526299543,-317.9563453715617,7.32851945592737
299.0,B0200,-834.5473811252223,2037.2047237455872,5581.001612374703,116.12453499092159,102.36326845439065,-7.816660452326642
299.2,A0100,-46960.234622853546,-61015.62970039397,13681.829612820338,-358.8998604724929,-149.24396333414288,10.866824166647307
299.2,A0200,-87571.10760868134,-21295.734671673603,13118.300893504951,-66.16548023100539,-318.75421373197116,5.9051825696243485
299.2,B0200,-811.0956935938307,2057.423747314778,5579.376039394111,118.26988019402529,99.92490364437892,-8.294156084189675
299.40000000000003,A0100,-47031.556892262204,-61046.55186565984,13683.23786161855,-359.2643336375584,-147.8504355782483,11.27818045076317
299.40000000000003,A0200,-87583.49318727241,-21359.63546852636,13118.919823768716,-61.09225017394124,-319.49119046688827,4.085171361990879
299.40000000000003,B0200,-787.2266615663798,2077.1421392080206,5577.719961817537,120.27089395590704,97.41204470636923,-8.132270813203137
299.6,A0100,-47102.97591436705,-61077.187499401174,13684.640231855588,-359.77195119098525,-146.57913271702466,10.7888211070883
299.6,A0200,-87594.76922035792,-21423.664571170906,13119.19441174758,-55.174228533810464,-320.10015036809034,2.4219523990408
299.6,B0200,-762.9804050151597,2096.3698017592337,5576.1533703589475,122.03859246024008,95.03791887865724,-7.420284431657358
299.8,A0100,-47174.492659023104,-61107.65612671223,13685.882028227248,-360.2321493375381,-146.14536525858034,9.734562047950783
299.8,A0200,-87604.8320883545,-21487.79252902462,13119.221428904108,-49.19632602758948,-320.55814397464,1.5462762392355776
299.8,B0200,-738.4109570337955,2115.1443129709537,5574.762416232919,123.46174701656432,92.91816484615934,-6.481341626355584
300.0,A0100,-47246.09956323173,-61138.084938131644,13686.891814288085,-360.69575499550126,-146.02463786954058,8.613435450950746
300.0,A0200,-87613.77665206559,-21551.993684063713,13119.188536508078,-44.122809388525916,-320.91582164259626,1.548827252779886
300.0,B0200,-713.5942673440209,2133.544823038903,5573.530138401285,124.58390902824884,91.34983137554413,-5.880169617132351
300.2,A0100,-47317.795596657146,-61168.4820134068,13687.7163754369,-361.10838204641027,-145.89153737070762,7.889656115346911
300.2,A0200,-87621.79956289222,-21616.2615963415,13119.168758436914,-39.918837782496986,-321.2898988914784,1.4686758351897764
300.2,B0200,-688.5666454688608,2151.6985430217114,5572.361079989019,125.5544251444261,90.44976968841813,-5.90396587511546
300.40000000000003,A0100,-47389.55009486355,-61198.87781594479,13688.453438555875,-361.2718701342384,-145.9404109699312,7.848331840339919
300.40000000000003,A0200,-87628.99284636651,-21680.59824398902,13119.129707214808,-35.682861413531704,-321.63028812871454,1.2867448016213745
300.40000000000003,B0200,-663.3621526314023,2169.73547802736,5571.107473378236,126.34880004329314,90.16247347361782,-6.736698017544269
300.6,A0100,-47461.310609891494,-61229.28099029236,13689.264514384966,-361.16474827348657,-145.97295675233875,8.611773385082852
300.6,A0200,-87635.31057372002,-21744.99049645479,13119.04939606239,-31.216848097936865,-321.8998333086466,0.9096746727729725
300.6,B0200,-638.016356617592,2187.761704709541,5569.603184988529,126.97799313753411,90.31461590257759,-8.41285426933098
300.8,A0100,-47533.03625787608,-61259.66523461389,13690.304590436748,-360.9685154778896,-145.62007524655436,10.065815392947814
300.8,A0200,-87640.72135152435,-21809.42535121328,13118.873564864709,-26.654513783327907,-322.11378555791157,0.2026278099981403
300.8,B0200,-612.5606680109818,2205.8340299758875,5567.725330620757,127.43478824197608,90.52557176376271,-10.192785953399774
301.0,A0100,-47604.755596075775,-61289.91863652328,13691.59606557277,-361.0926211485144,-144.66199033881148,10.9619743532934
301.0,A0200,-87645.21106168267,-21873.89235157974,13118.530509144817,-22.048266193719176,-322.2806926590626,-0.8869094091804097
301.0,B0200,-587.037428309834,2223.9249191321846,5565.596074818243,127.65966803556672,90.54654652883119,-10.89291676147409
301.2,A0100,-47676.532867418704,-61319.950532929244,13692.98069912221,-361.45987363725175,-143.58999611772134,10.933516332965876
301.2,A0200,-87648.74594844262,-21938.377123833718,13117.942435901412,-17.01944443050593,-322.3285719587164,-2.3085919925544256
301.2,B0200,-561.4724452206833,2242.0377709364698,5563.458277222615,127.86758533317125,90.77733231585171,-10.067900612526108
301.40000000000003,A0100,-47748.387790595385,-61349.83997880532,13694.273103509986,-361.84926666383296,-143.22632856587154,10.103451920604499
301.40000000000003,A0200,-87651.1891941004,-22002.84188282099,13117.099780454675,-11.220221129389223,-322.14995394597554,-3.4797204700130435
301.40000000000003,B0200,-535.8848417076033,2260.1980224054514,5561.708001043829,127.86054179587359,90.92880372367425,-7.079733261819729
301.6,A0100,-47820.32035159428,-61379.70653699097,13695.358522503982,-362.24226862374013,-143.24683158711534,9.039184270421059
301.6,A0200,-87652.45501027943,-22067.24728539479,13116.110751035776,-5.466910728964197,-321.8387649501684,-3.8576561915260896
301.6,B0200,-510.30163832704693,2278.339585462834,5560.651939439558,127.85904241150747,90.61389588541479,-3.4995646404325034
301.8,A0100,-47892.31717970394,-61409.57508154946,13696.296760033227,-362.4890857287833,-143.16103142912573,8.76864133183659
301.8,A0200,-87652.65983892206,-22131.585893494514,13115.152395275658,-0.6986007311131421,-321.5728557907342,-3.449396350208893
301.8,B0200,-484.72510797790346,2296.407818281504,5560.2616114991915,127.75643763601725,90.2142354756065,-0.45918099077888325
302.0,A0100,-47964.34710244,-61439.393959142064,13697.277231082939,-362.56284883767916,-142.7587888108568,9.422883965065703
302.0,A0200,-87652.0024830574,-22195.87961599516,13114.28146894689,3.241501731103861,-321.438507857111,-3.179406696361594
302.0,B0200,-459.17974105631174,2314.3963695794637,5560.385321315567,127.62485333936809,89.90290903419054,1.5073052390506356
302.2,A0100,-48036.3917316707,-61469.07844649414,13698.45486342817,-362.6608327933193,-141.73810316344742,10.556744703077667
302.2,A0200,-87650.56795342156,-22260.14220937679,13113.46212516458,7.223631683950907,-321.26490183395885,-2.9826577277374895
302.2,B0200,-433.64953956854606,2332.3606857676014,5560.822582552693,127.57616166847883,89.90433294732959,2.8931216104915825
302.40000000000003,A0100,-48108.48675809832,-61498.53135820943,13699.772828443121,-362.99014199211854,-140.64543966992628,10.687783539599813
302.40000000000003,A0200,-87648.30925040244,-22324.354007082242,13112.682400356305,11.450078846138933,-320.98574410131164,-2.931073628149834
302.40000000000003,B0200,-408.12120002596885,2350.316360785022,5561.517634265403,127.60985695686887,89.77872474589917,4.058846605288234
302.6,A0100,-48180.65319388222,-61527.83770227322,13701.025412735462,-363.353171808662,-140.25674854000042,9.970011759600535
302.6,A0200,-87645.19094263474,-22388.497087642645,13111.895814458458,15.798438932300133,-320.63444630196426,-3.1799983256162374
302.6,B0200,-382.56805438191714,2368.226204518952,5562.351775252076,127.8252510324399,89.5479482167893,3.974798291861283
302.8,A0100,-48252.89320362626,-61557.11998067699,13702.085422143316,-363.72900545408635,-140.30238643999513,8.92906277951188
302.8,A0200,-87641.19331168923,-22452.558605536753,13111.035629346214,20.221851961006223,-320.22777009367326,-3.790623838241041
302.8,B0200,-356.9740072881218,2386.125010944911,5563.030383883599,127.97767271733125,89.57023260069433,2.86521469728469
303.0,A0100,-48325.19335778268,-61586.413194676,13703.000232284377,-363.94986087935973,-140.27631270430166,8.671844061479138
303.0,A0200,-87636.30244939784,-22516.527557581012,13110.026146023061,24.701032582617827,-319.7684915468324,-4.797027505191463
303.0,B0200,-331.3623401084833,2404.0056028420827,5563.4700301190105,128.00608758442434,89.37499678624586,1.5222396665194828
303.2,A0100,-48397.51982682017,-61615.67156948455,13703.96058189817,-363.9850398299684,-139.96154207185293,9.344639393741243
303.2,A0200,-87630.5081319157,-22580.392740577896,13108.785440963562,29.214391929548686,-319.2531283668203,-6.228260867013678
303.2,B0200,-305.7489453243852,2421.8183203768576,5563.63972825835,128.0529334133395,88.84995261624408,0.33146485266356596
303.40000000000003,A0100,-48469.85201082136,-61644.81464789432,13705.122732622049,-364.03606204167437,-139.04012320159526,10.50870365550507
303.40000000000003,A0200,-87623.7801524838,-22644.133293590254,13107.225074470447,34.12086984189621,-318.5430860058716,-8.074247425652477
303.40000000000003,B0200,-280.07744510265593,2439.473775587968,5563.646803379209,128.68171826271035,87.72826199359089,-0.04097327894618133
303.6,A0100,-48542.22573828926,-61673.7251248414,13706.452930096888,-364.35202895314393,-137.64959442707692,10.941304374313683
303.6,A0200,-87615.98570110791,-22707.687822438456,13105.309700560345,39.78924962574582,-317.4778616009267,-9.831159753697863
303.6,B0200,-254.20258726598058,2456.811972655182,5563.641964660495,130.02648056546326,85.74794420023608,0.05720176322570832
303.8,A0100,-48614.68665199139,-61702.34788074241,13707.781634238694,-364.81761957633404,-136.3664832759394,10.471051081089705
303.8,A0200,-87607.05617386244,-22771.011078753912,13103.11492620716,45.195575987873994,-316.39861585520407,-11.000485869354165
303.8,B0200,-228.0235214809536,2473.711636243049,5563.662287954836,131.65512985123107,83.39319979116289,0.22079091938300144
304.0,A0100,-48687.23963147239,-61730.80088425562,13708.952513381766,-365.26127416030647,-135.91920514485622,9.424842093611153
304.0,A0200,-87597.10980275241,-22834.126349334358,13100.75365879852,50.05534995651817,-315.42624646815585,-11.624043093402847
304.0,B0200,-201.5221286754654,2490.1310132868502,5563.727512520518,133.2136592600088,81.00049483286014,0.5103885470554267
304.2,A0100,-48759.88082253662,-61759.211625777025,13709.892232215943,-365.71661813017886,-135.78950193119283,8.305646144496125
304.2,A0200,-87586.23417659444,-22897.048814957034,13098.331027390574,54.37278628122182,-314.58202526521853,-11.86801170908422
304.2,B0200,-174.73596346973636,2506.0763672834037,5563.875639235109,134.46100515493012,78.65668016715063,1.0629184331116392
304.40000000000003,A0100,-48832.60905245961,-61787.58971218036,13710.646924122679,-366.11860679235366,-135.657173918352,7.580892808193064
304.40000000000003,A0200,-87574.54719836144,-22959.814374626258,13095.853042268282,58.345543675034904,-313.8384251718659,-12.260388618661764
304.40000000000003,B0200,-147.74309870309798,2521.59251800975,5564.136327309836,135.34214876404153,76.82839153866375,1.5605101408541042
304.6,A0100,-48905.394095162235,-61815.96821964345,13711.313137641153,-366.2742165209337,-135.7245964386499,7.53205354652707
304.6,A0200,-87562.03542746614,-23022.408600850697,13093.301940456811,62.58368467681445,-312.93174422819664,-12.751658525359531
304.6,B0200,-120.58748261175606,2536.8313473701055,5564.451725022738,136.08626380385778,75.89830043119291,1.5119614627283637
304.8,A0100,-48978.18300148561,-61844.35990864616,13712.051758278541,-366.15447332535865,-135.79777070896048,8.28782046099457
304.8,A0200,-87548.66255384959,-23084.80424772167,13090.637725116801,66.92378259539953,-311.91979080116755,-13.529227349655283
304.8,B0200,-93.29496868581191,2551.962349584157,5564.66728380622,136.7220223196055,75.69246295187928,0.5294517233205752
305.0,A0100,-49050.93304800609,-61872.742783526126,13713.01859706629,-365.9286581579517,-135.50300689517488,9.74616421250889
305.0,A0200,-87534.3921857456,-23146.97197270652,13087.798783929193,71.64497314241045,-310.66386326084574,-14.551421402436095
305.0,B0200,-65.87672115944952,2567.0917936690003,5564.583151970389,137.35716648093438,75.81396996840213,-1.4822234993068983
305.2,A0100,-49123.6690561283,-61901.00480034929,13714.239675120507,-366.00764420349407,-134.58370750198543,10.664513937095446
305.2,A0200,-87519.12457382532,-23208.84856356492,13084.79220870158,76.71057751505485,-309.15651253793555,-15.307938225761466
305.2,B0200,-38.32202261788825,2582.2449209591496,5564.001045932926,138.1251550361721,75.88261474321331,-4.418425020833089
305.40000000000003,A0100,-49196.453587591066,-61929.05042038903,13715.559211358437,-366.3318417441254,-133.52561735041667,10.662487115934557
305.40000000000003,A0200,-87502.87698659272,-23270.42414351113,13081.686037006311,81.44412506687576,-307.7198367446227,-15.65868316321003
305.40000000000003,B0200,-10.609813533629676,2597.3898823387035,5562.783933411549,138.8486814024804,75.7239953222783,-7.637684599858196
305.6,A0100,-49269.30971791133,-61956.95474878982,13716.790464057069,-366.7028633900201,-133.1624094195547,9.844739718797465
305.6,A0200,-87485.73136595284,-23331.72175697514,13078.563645928178,85.61941606504922,-306.48300039774455,-15.711482633946574
305.6,B0200,17.218703625184844,2612.4850821748623,5560.967723506358,139.24677378951571,75.45678158365239,-10.32192235156148
305.8,A0100,-49342.24142828723,-61984.83584202916,13717.815921029929,-367.0894276108398,-133.18290829574406,8.781772023767525
305.8,A0200,-87467.80128661131,-23392.78868329024,13075.419290065616,89.45737854760156,-305.3807710424265,-15.954398603094935
305.8,B0200,45.068296869501864,2627.556905909514,5558.727907932607,139.04724344193522,75.58710100025661,-11.730850394492919
306.0,A0100,-49415.235579989145,-62012.720792970955,13718.69396323627,-367.32169350959634,-133.11912004268333,8.509782636227719
306.0,A0200,-87449.07719452618,-23453.61041509061,13072.230475952569,93.53807024600685,-304.093027940348,-16.30491780242833
306.0,B0200,72.85107451266094,2642.721539356732,5556.3641272474815,138.68106434330454,76.3543990125847,-11.594818948835957
306.2,A0100,-49488.258191263325,-62040.563038215456,13719.614477080779,-367.36505213999885,-132.7649930889128,9.168806360882025
306.2,A0200,-87429.5249466401,-23514.15599976678,13068.955889166344,97.71749625617959,-302.68664952055695,-16.948165990918433
306.2,B0200,100.5644372867223,2658.0704839309674,5554.189636323004,138.35469340548875,77.31973502355784,-9.802953617216435
306.40000000000003,A0100,-49561.28712174217,-62068.282123194105,13720.734849917038,-367.41003771446844,-131.80311305206436,10.328205309362133
306.40000000000003,A0200,-87409.1092797436,-23574.39167379309,13065.533351527774,102.26166232083602,-300.99469414227497,-17.83262699768665
306.40000000000003,B0200,128.22466287563338,2673.5699096967437,5552.5265209967965,138.16526624405046,77.73486989437062,-6.5755980422658675
306.6,A0100,-49634.35516324616,-62095.76037382228,13722.022754444513,-367.7068839813816,-130.37285704466754,10.75525963657432
306.6,A0200,-87387.73589532831,-23634.244168763387,13061.971065859401,107.12820517999839,-299.0180809302113,-18.4503562305476
306.6,B0200,155.87131514179146,2689.0565217450803,5551.545487946604,138.2118117576187,77.26997739112325,-3.3484334735386128
306.8,A0100,-49707.50616722494,-62122.94329690579,13723.307720123423,-368.1520013162347,-129.05562050462015,10.27706564514248
306.8,A0200,-87365.42243185024,-23693.70541948916,13058.335140877498,111.67048918483268,-297.14744707860666,-18.67781425570952
306.8,B0200,183.53593134582798,2704.439699062596,5551.082018612218,138.32426287032382,76.83596462286204,-1.5084497638247292
307.0,A0100,-49780.746647870896,-62149.95056436281,13724.433767366192,-368.5888300927481,-128.58413994550247,9.22692263075924
307.0,A0200,-87342.24875331116,-23752.807193443172,13054.705693453354,115.67467942262729,-295.5339083782425,-18.62677409501468
307.0,B0200,211.230411200449,2719.7731205185396,5550.855777134092,138.5071888427685,76.74968361227205,-0.7947410046723167
307.20000000000005,A0100,-49854.07478929801,-62176.91153176599,13725.327889647619,-369.0423661448843,-128.437606490432,8.10243158450168
307.20000000000005,A0200,-87318.32296335939,-23811.607670190668,13051.072893636134,119.35770330465826,-294.08636183504024,-18.781750932609327
307.20000000000005,B0200,238.9640958920604,2735.1157623274944,5550.687118164288,138.72310866243564,76.92368286008497,-0.9909833787881732
307.40000000000003,A0100,-49927.48956763003,-62203.836573215354,13726.035675756815,-369.44322560397677,-128.28973330501867,7.370464101336588
307.40000000000003,A0200,-87293.63708152836,-23870.091624451677,13047.412995680927,123.26418083529111,-292.4306585750359,-19.044518514147438
307.40000000000003,B0200,266.74487752356345,2750.5076868000356,5550.374447313283,138.97506129342543,77.2106166114693,-2.2256883706606745
307.6,A0100,-50000.961660316854,-62230.759133009866,13726.653640421559,-369.60342423023366,-128.34397562831447,7.315382982153589
307.6,A0200,-87268.1595062617,-23928.224507628554,13043.684571890575,127.26299766003243,-290.64289846356627,-19.601000900616057
307.6,B0200,294.5735883126331,2765.9618497235447,5549.7503671681725,139.1826486192879,77.52618171973388,-3.9190589459376857
307.8,A0100,-50074.43868111234,-62257.692614908694,13727.342959037755,-369.4892881606974,-128.40852208043356,8.067090700360708
307.8,A0200,-87241.8571098028,-23985.968237498386,13039.825666162538,131.60304171909468,-288.52980758344125,-20.39321087988289
307.8,B0200,322.42424346833195,2781.455526627793,5548.809734280276,139.1482276515449,77.58915574746027,-5.315214117432632
308.0,A0100,-50147.87751435468,-62284.615974954606,13728.259916714998,-369.2611767114136,-128.1082398592308,9.524002821427045
308.0,A0200,-87214.6426056937,-24043.24017805877,13035.845946192621,136.23681849451637,-286.10247487100975,-20.914210630055045
308.0,B0200,350.2497729164079,2796.934969563663,5547.6067171569675,139.0096970586141,77.44307759705308,-6.66567009863209
308.20000000000005,A0100,-50221.30047118989,-62311.416952718835,13729.430990102335,-369.32360825609703,-127.17923574206414,10.440935680881624
308.20000000000005,A0200,-87186.53442586816,-24100.0344010806,13031.810778890343,140.5564533046613,-283.8162575598343,-21.053214135997447
308.20000000000005,B0200,378.07483917295394,2812.4070138860247,5546.14340059696,139.18498276239123,77.54502893975628,-7.762143734287534
308.40000000000003,A0100,-50294.76788928163,-62337.999150811025,13730.70015838307,-369.62696307977825,-126.1087288671177,10.436729088951934
308.40000000000003,A0200,-87157.60949193916,-24156.39120551349,13027.79841695058,144.36383765695393,-281.8423320485965,-20.926023287158955
308.40000000000003,B0200,405.958022023729,2827.9210520021547,5544.571193696411,139.50399235228585,77.84062067692518,-7.545449684514845
308.6,A0100,-50368.304083537325,-62364.43763156723,13731.880737362195,-369.9901224487529,-125.73450020883813,9.617585790134022
308.6,A0200,-87127.96940496692,-24212.379058689727,13023.79644086475,147.8703995232917,-280.0628083233843,-21.01414793297256
308.6,B0200,433.87492488168573,2843.508039180925,5543.247378596359,139.46519567707324,78.25016472375854,-5.23184099799115
308.8,A0100,-50441.91526149868,-62390.8507254019,13732.855261182674,-370.3763006192706,-125.74483053347903,8.553121035012481
308.8,A0200,-87097.60745099922,-24267.981806575077,13019.780708468483,151.5800546137362,-278.0529795421615,-21.20793245151941
308.8,B0200,461.73501795369725,2859.156010776751,5542.581886374503,138.97122175712775,78.3681633056084,-1.1498353622182256
309.0,A0100,-50515.58889998036,-62417.26582909067,13733.682022919642,-370.6074040078532,-125.67325558214232,8.279135637853663
309.0,A0200,-87066.49502820207,-24323.161438342653,13015.710030924962,155.37267933868824,-275.89831991894016,-21.69489519086632
309.0,B0200,489.49165938491956,2874.778850678039,5542.740414903609,138.48891139310163,78.0353539968348,2.5610014121027467
309.20000000000005,A0100,-50589.29026629388,-62443.6369556462,13734.550862320677,-370.64445881506293,-125.31480596419875,8.936249908684259
309.20000000000005,A0200,-87034.60197947969,-24377.875851822846,13011.522867128464,159.4771783482744,-273.38156355991964,-22.41163456197102
309.20000000000005,B0200,517.166627247502,2890.3223153656863,5543.499612476689,138.18425078424983,77.62778555840798,5.013771471387206
309.40000000000003,A0100,-50662.99566880068,-62469.884155268315,13735.619237681076,-370.6707543210438,-124.34894409335439,10.093991412501719
309.40000000000003,A0200,-87001.84926755849,-24432.033909876,13007.230478569742,163.84214626242104,-270.52503268212325,-22.851117056666503
309.40000000000003,B0200,544.8089958269461,2905.794330492832,5544.65833557266,138.1469475849909,77.34207788333131,6.462118647748524
309.6,A0100,-50736.73540596069,-62495.88919420594,13736.854832352872,-370.93844156791823,-122.9103661609511,10.518926179102992
309.6,A0200,-86968.25623635908,-24485.632115654713,13002.89801244426,167.90571438755066,-267.84417031614925,-22.91366489378055
309.6,B0200,572.4684957686368,2921.235737563794,5545.952188071535,138.37036970983976,77.36734460599449,6.222550751064445
309.8,A0100,-50810.552031649815,-62521.59680273989,13738.08712099836,-371.3557942417059,-121.58247978946726,10.038686735623463
309.8,A0200,-86933.89608857501,-24538.719016915107,12998.60248051606,171.48792269737842,-265.5282244865415,-22.719362746726347
309.8,B0200,600.1864156808506,2936.7116430799497,5547.051476410496,138.6802609602714,77.62355727713665,4.741740936257304
310.0,A0100,-50884.45436035959,-62547.126624068565,13739.160187216388,-371.7817130402728,-121.1012168931716,8.987034854190789
310.0,A0200,-86898.86299878584,-24591.372682547833,12994.32947023627,174.7927104784618,-263.43222426786394,-22.74702600536504
310.0,B0200,627.9669694689612,2952.2431189939894,5547.7773616177265,138.99927226854788,77.90904173429033,2.4826369071685845
310.20000000000005,A0100,-50958.44315810455,-62572.60810540129,13740.00106984066,-372.230949054735,-120.94443300973526,7.8612425401128005
310.20000000000005,A0200,-86863.15146783646,-24643.57594856114,12990.054790793849,178.27845339270377,-261.085135564715,-22.877404875690637
310.20000000000005,B0200,655.7988486047234,2967.828252318139,5548.005116530663,139.15273997933963,78.1284193147551,-0.06055251231566626
310.40000000000003,A0100,-51032.51764818828,-62598.05162030745,13740.655336580669,-372.62780981810056,-120.78739123873372,7.127686450239398
310.40000000000003,A0200,-86826.73630008913,-24695.287606672122,12985.737583730675,181.83573441704704,-258.58151400310055,-23.300076475375626
310.40000000000003,B0200,683.6417945515173,2983.4346758414713,5547.750667499102,139.11712599204714,78.13109888242778,-2.3532741809421367
310.6,A0100,-51106.649276763295,-62623.49124839013,13741.219448042131,-372.78876778422534,-120.83752309391019,7.070842056471465
310.6,A0200,-86789.59088373787,-24746.461889811297,12981.316755414802,185.67118049738093,-255.6822881903037,-23.946446894059573
310.6,B0200,711.4625760859005,2999.0125639712196,5546.98600975697,138.93160301721116,77.89911464566839,-5.373984164321449
310.8,A0100,-51180.786044624205,-62648.94157935945,13741.854560691481,-372.6760401046467,-120.90441554744582,7.820894754972522
310.8,A0200,-86751.64538462706,-24797.00007448892,12976.805234300034,189.7305401114455,-252.42186388712628,-24.308661690607348
310.8,B0200,739.2373299744313,3014.5614941579834,5545.564554947842,138.77565237581445,77.87897074947419,-8.65364526897248
311.0,A0100,-51254.88443975772,-62674.382742530106,13742.717043069606,-372.44179892209553,-120.61029677151906,9.277070068445434
311.0,A0200,-86712.92000483724,-24846.90133957358,12972.268193612086,193.50399121868585,-249.37071736812388,-24.297512995709255
311.0,B0200,767.0330151210335,3030.130751894491,5543.557635440728,139.09889894695917,78.0690229022956,-11.016362089061044
311.20000000000005,A0100,-51328.96441021556,-62699.702186330556,13743.833610711092,-372.4846574255697,-119.6814797723712,10.193965069493432
311.20000000000005,A0200,-86673.48350501353,-24896.22213008633,12967.781690825475,196.8316407485162,-246.73413150749812,-24.037690661094476
311.20000000000005,B0200,794.899061719892,3045.7506254639743,5541.312236269113,139.3900854194477,78.40774521016306,-10.844364593966263
311.40000000000003,A0100,-51403.08421644193,-62724.8021741029,13745.048350597515,-372.7649501858072,-118.605612474274,10.189984242232336
311.40000000000003,A0200,-86633.4217819813,-24945.049358746546,12963.3295450257,199.90772959842806,-244.34013866022477,-24.005448143935478
311.40000000000003,B0200,822.7912228046375,3061.4462158824435,5539.372269493556,139.34208343088778,78.74637625807358,-8.067029506117482
311.6,A0100,-51477.269616179474,-62749.757109234386,13746.17452015802,-373.11898786627665,-118.2243778437398,9.37038944620261
311.6,A0200,-86592.73060482285,-24993.36484527163,12958.887660665685,203.14072445537053,-241.67616265369793,-24.072716439472167
311.6,B0200,850.6589097707711,3077.1657529075856,5538.12552773129,139.2002554119763,78.65303164703069,-4.3535336472316795
311.8,A0100,-51551.52919083694,-62774.68509295664,13747.094505657999,-373.50384330125934,-118.22692849882783,8.305143605031732
311.8,A0200,-86551.38853421292,-25041.124520798032,12954.415513062562,206.43229495019048,-238.8452337262983,-24.431423300606102
311.8,B0200,878.4852161311062,3092.8521829234755,5537.61660421695,138.88985320021885,78.42051677439643,-0.5346434736502222
312.0,A0100,-51625.851000736766,-62799.613853094736,13747.866536008562,-373.7322916406331,-118.15175272039751,8.030091025300337
312.0,A0200,-86509.37294043356,-25088.279345010742,12949.852441921816,209.96474991618788,-235.58873473055456,-25.00769527723748
312.0,B0200,906.2274262201825,3108.4765698268434,5537.891448381932,138.35973471934597,78.03932741215802,3.3005343993174194
312.20000000000005,A0100,-51700.199429295404,-62824.498428016734,13748.680472898377,-373.76099477506443,-117.79533334748689,8.686596585918778
312.20000000000005,A0200,-86466.62398586405,-25134.723989830352,12945.21309353078,213.68205443982757,-231.95389965265412,-25.292413244065457
312.20000000000005,B0200,933.8557101745928,3124.021659618737,5538.850782181323,137.83854717862772,77.67592585262913,6.239898495651805
312.40000000000003,A0100,-51774.54914414689,-62849.259729286234,13749.693979945374,-373.7663158582137,-116.83303365550096,9.845200759851474
312.40000000000003,A0200,-86423.1625818682,-25180.460525450948,12940.562781620836,217.13171866469875,-228.56073863282464,-25.206675307659708
312.40000000000003,B0200,961.4108603454558,3139.513165764208,5540.282437388725,137.62391314674804,77.5002032612528,7.973933515362576
312.6,A0100,-51848.92798594998,-62873.77889472329,13750.87502772338,-374.00306220929144,-115.39189445549897,10.271903684056783
312.6,A0200,-86379.05236008485,-25225.552885507994,12935.976734715849,220.175551103934,-225.62840154834112,-24.880078482157383
312.6,B0200,988.9481314627214,3154.985984794707,5541.93080035085,137.64851315050677,77.48355314293937,8.420945343309377
312.8,A0100,-51923.37733868353,-62897.999446969974,13752.053219389965,-374.3915304264066,-114.05672735686217,9.793370666112489
312.8,A0200,-86334.37014830178,-25270.095993084346,12931.437074360387,222.99573862323436,-222.95831340382978,-24.78628434996991
312.8,B0200,1016.515038188757,3170.471581416259,5543.517234328283,137.92643420222785,77.65582098959739,7.233176644000131
313.0,A0100,-51997.908439981766,-62922.04056942696,13753.072424655096,-374.8058577369214,-113.56738392542637,8.741951052354413
313.0,A0200,-86289.11308206702,-25314.070696242503,12926.919864661544,225.94695881398778,-220.00160454980633,-24.788712669106427
313.0,B0200,1044.1513317918004,3186.008738903986,5544.72980500427,138.29479982532195,77.95084270730163,4.905418208316948
313.20000000000005,A0100,-52072.52468856403,-62946.031601450246,13753.859418899563,-375.25011744153124,-113.40194855404901,7.615804911057632
313.20000000000005,A0200,-86243.26377376536,-25357.430449476353,12922.384896402367,228.94261726583292,-216.86893650657282,-25.081836937774103
313.20000000000005,B0200,1071.8470689317323,3201.6032255352543,5545.43859176383,138.48427984071404,78.19386897548395,2.347605536757634
313.40000000000003,A0100,-52147.22551083957,-62969.983066179375,13754.459706312777,-375.6420048659647,-113.23851278600836,6.881410934474475
313.40000000000003,A0200,-86196.81680600544,-25400.145597435418,12917.76513768635,231.94684522087732,-213.61012954638286,-25.74463008037768
313.40000000000003,B0200,1099.5580829029343,3217.221666426221,5545.661219330798,138.44843000875093,78.19634485347116,0.049530454796632
313.6,A0100,-52221.9830542236,-62993.92993266095,13754.969535928481,-375.8023568136401,-113.2889729255985,6.822561543477964
313.6,A0200,-86149.758711622,-25442.16955688269,12912.98677154017,235.1365709718568,-209.89928572604026,-26.69782947965556
313.6,B0200,1127.247408642338,3232.8160574847293,5545.384033121884,138.27715675263508,78.0239542944059,-2.88270346646091
313.8,A0100,-52296.745606293516,-63017.88837297793,13755.549932734883,-375.68920009128334,-113.36470104481396,7.570483700196152
313.8,A0200,-86102.03876550439,-25483.383963484353,12908.047659037635,238.49910790691953,-205.73454869105558,-27.4264158517259
313.8,B0200,1154.8933732713529,3248.3952815135344,5544.465178100771,138.12681642159274,78.06734453600342,-6.102536690905313
314.0,A0100,-52371.46915218407,-63041.84011000235,13756.35741066962,-375.44647011487433,-113.0853016966141,9.02678141042703
314.0,A0200,-86053.67077769674,-25523.78203615611,12903.009356437266,241.6571300264975,-201.78858563667515,-27.773439164467607
314.0,B0200,1182.5596485222218,3264.0041567238977,5542.967696750575,138.4476694083788,78.27686727301557,-8.456781073474518
314.20000000000005,A0100,-52446.17124334823,-63065.67241143757,13757.4193634994,-375.4677043203639,-112.16389763105464,9.94695188151411
314.20000000000005,A0200,-86004.69445721403,-25563.405056949785,12897.962056361725,244.6246954552427,-198.04033658768913,-27.612553508046357
314.20000000000005,B0200,1210.3060066614123,3279.6535277504818,5541.1999799481755,138.86043618456026,78.51228068999718,-8.76810463192385
314.40000000000003,A0100,-52520.90818218013,-63089.28578290095,13758.580350878476,-375.72356031383265,-111.087260430646,9.947173452339298
314.40000000000003,A0200,-85955.16209672578,-25602.319610600232,12892.996774994059,247.23970083347555,-194.821914139043,-27.186084918283253
314.40000000000003,B0200,1238.1050459632781,3295.3788499937773,5539.576196994594,138.89712203258875,79.0322227456879,-6.945574012738508
314.6,A0100,-52595.70730738785,-63112.753431532175,13759.65338164777,-376.0676352687888,-110.70130554706303,9.129095243001645
314.6,A0200,-85905.13826749196,-25640.63179111913,12888.098256143447,249.6740663559513,-191.88265068084604,-26.970498256897034
314.6,B0200,1265.8573398759736,3311.211036651339,5538.525951223091,138.41317053083927,79.49346184537094,-3.139309519605791
314.8,A0100,-52670.57964616156,-63136.19293954622,13760.520313166244,-376.450434122453,-110.69806631391941,8.063504762965646
314.8,A0200,-85854.62098395397,-25678.31939482515,12883.250347109228,252.20776774943843,-188.62931917865214,-26.807791200879528
314.8,B0200,1293.4828778932083,3327.0808323556807,5538.369921425172,137.71363954257095,79.32043207671845,1.7556279163907746
315.0,A0100,-52745.513786399155,-63159.6326066865,13761.23912186701,-376.67490964279676,-110.62384611003345,7.787511677237759
315.0,A0200,-85803.59803524266,-25715.331565476856,12878.419698171823,254.76797451710888,-185.18271422872172,-26.90861443456605
315.0,B0200,1320.9935402010246,3342.839195530299,5539.149976382634,137.2799921929535,78.47692481936456,5.880458753700672
315.20000000000005,A0100,-52820.47307794369,-63183.02910275153,13761.99975850781,-376.69323310116175,-110.27707301231138,8.444342924245257
315.20000000000005,A0200,-85752.06683111795,-25751.635821293807,12873.5437720376,257.3264223194627,-181.59780109088277,-27.359944273622173
315.20000000000005,B0200,1348.4386916890426,3358.43276088039,5540.570710337142,137.07392254567966,77.74768310663049,8.289350721859677
315.40000000000003,A0100,-52895.430412792244,-63206.30473791968,13762.96040591046,-376.67508977792147,-109.3277390572409,9.607479555550357
315.40000000000003,A0200,-85700.01864563445,-25787.182066469504,12868.55362682612,260.01704816695735,-177.53397326335312,-28.062480036358398
315.40000000000003,B0200,1375.8651745631407,3373.906117653067,5542.373583358714,137.06487329308413,77.28018517328744,9.688265015186289
315.6,A0100,-52970.411200959206,-63229.3399126386,13764.08989733374,-376.8790560886405,-107.890884939115,10.041853822651088
315.6,A0200,-85647.41881696833,-25821.848700012964,12863.457281264411,262.8104306795694,-173.0270284002774,-28.495533929877375
315.6,B0200,1403.309168349873,3389.324103326969,5544.307559324556,137.26574244729508,77.24790826228919,9.449192416799244
315.8,A0100,-53045.45582780167,-63252.07634305743,13765.218203258268,-377.23761090335955,-106.55200084667696,9.57059387472859
315.8,A0200,-85594.28466762,-25855.637315794665,12858.319397245708,265.4146079161211,-168.79554016365017,-28.54900682932021
315.8,B0200,1430.804695622631,3404.77492640332,5546.046069620654,137.5390970385024,77.52849826667953,7.952299097436511
316.0,A0100,-53120.57807977025,-63274.6321968875,13766.18856448296,-377.6396590294757,-106.05623387170968,8.522015441132288
316.0,A0200,-85540.66049387537,-25888.621272972294,12853.218039476465,267.74112511673144,-165.10125563038392,-28.345670818413552
316.0,B0200,1458.3558722379305,3420.2898771397563,5547.4070961851285,137.82316382127127,77.87343115004299,5.670002783826551
316.20000000000005,A0100,-53195.78401609928,-63297.13653379535,13766.927018880726,-378.0781655659022,-105.88427348786738,7.396723838978835
316.20000000000005,A0200,-85486.59886239926,-25920.91215949494,12848.137497079388,269.9050891911451,-161.722677030489,-28.37814801781922
316.20000000000005,B0200,1485.9513782655374,3435.871440491258,5548.266355123624,137.94464809972152,78.15590577459756,3.1156581288118645
316.40000000000003,A0100,-53271.07320075075,-63319.60032674929,13767.478894110212,-378.46390735257665,-105.71846463725544,6.662222144189006
316.40000000000003,A0200,-85432.10281478413,-25952.49136558226,12843.049914607866,272.12013794070805,-158.0382862100548,-28.535682320964597
316.40000000000003,B0200,1513.549388256678,3451.4835867742527,5548.641494481634,137.8466073057678,78.18436221956583,0.8035405015429223
316.6,A0100,-53346.41838614452,-63342.05982246515,13767.93996773521,-378.62192026930705,-105.77574400288908,6.600534628603113
316.6,A0200,-85377.16117680236,-25983.28701240575,12837.917912542343,274.4343537787367,-153.83174139668301,-28.8241235160737
316.6,B0200,1541.1168868055665,3467.0780935631988,5548.484277030794,137.6641737152336,78.0653174822252,-2.5080526800428413
316.8,A0100,-53421.768001096,-63364.53336793871,13768.470960858262,-378.50588590533533,-105.86993293411665,7.345183754382545
316.8,A0200,-85321.75290462947,-26013.18157054588,12832.772355244611,276.7831531106438,-149.25491923907083,-28.757458098845262
316.8,B0200,1568.6353193972914,3482.6727295894298,5547.524587899756,137.3590058976814,78.16007595585191,-7.046135029445496
317.0,A0100,-53497.07736331418,-63387.004937194186,13769.228641385434,-378.25142092091676,-105.61814075704437,8.802651226722269
317.0,A0200,-85265.9060676426,-26042.213605539917,12827.673217081228,278.8707400097153,-145.30460484246532,-28.548946976688793
317.0,B0200,1596.100297251622,3498.2862727586707,5545.652249054056,137.24554468623535,78.26688865888286,-11.252916537116837
317.20000000000005,A0100,-53572.36157832213,-63409.36179613002,13770.241803270404,-378.24828124185615,-104.71498642668843,9.731089831504505
317.20000000000005,A0200,-85209.66704706251,-26070.50575906509,12822.590190898864,280.80760513472984,-141.72025904357906,-28.63317493490749
317.20000000000005,B0200,1623.592740072318,3513.9276051187403,5543.128268640564,137.56490523912785,78.45852335246879,-13.494373974937451
317.40000000000003,A0100,-53647.67517774831,-63431.502046601934,13771.35605077955,-378.4779430901892,-103.64436580718538,9.741579482568925
317.40000000000003,A0200,-85153.04226512309,-26098.047454067615,12817.48483278235,282.7689585833425,-137.84035114430773,-28.87902428294397
317.40000000000003,B0200,1651.1451131462964,3529.6398667870044,5540.392066018939,137.75680949128548,79.01587855262493,-13.237272101978954
317.6,A0100,-53723.04726576169,-63453.49688703283,13772.383865894806,-378.81094269068547,-103.25706931178433,8.928043058515096
317.6,A0200,-85096.02603912236,-26124.7659570854,12812.314169520017,284.79058158026714,-133.42407066333155,-29.284825949329356
317.6,B0200,1678.6993796818897,3545.4932988974047,5537.968100735119,137.57443569008709,79.7903367141275,-10.47953954519018
317.8,A0100,-53798.49140141811,-63475.46296421904,13773.20598856974,-379.19070499361067,-103.25109953131998,7.86268982331343
317.8,A0200,-85038.60528403932,-26150.53849005056,12807.102983533674,286.8255807926687,-128.60934479596315,-29.357281128794494
317.8,B0200,1706.1871930615207,3561.469840614941,5536.273172129421,137.15244482670258,80.13648836841692,-6.205518442011664
318.0,A0100,-53873.99662217909,-63497.42953185673,13773.8798272115,-379.409428953634,-103.1848225914749,7.585718269186467
318.0,A0200,-84980.8005103929,-26175.38181408683,12801.920409891518,288.7008123425614,-124.15843815781903,-29.05272451362911
318.0,B0200,1733.6058475360094,3577.440521350894,5535.445431431427,136.899674573932,79.79462165766182,-2.03399186636074
318.20000000000005,A0100,-53949.525037989704,-63519.35581533183,13774.59549823906,-379.4146116107346,-102.85935918216734,8.243967198657721
318.20000000000005,A0200,-84922.64663435268,-26199.386243242945,12796.841880980352,290.37800289668434,-120.31885972655607,-28.52188089260165
318.20000000000005,B0200,1760.977401953417,3593.33268063527,5535.36740135202,136.6288589776202,79.43475384797947,1.1995423785936696
318.40000000000003,A0100,-54025.047577822465,-63541.1663506377,13775.512171442379,-379.3696231042488,-101.93741027542028,9.416948993165743
318.40000000000003,A0200,-84864.17720903078,-26222.669892788384,12791.846341645658,291.9555235955745,-116.78659468781292,-28.22751697930338
318.40000000000003,B0200,1788.269606729401,3609.1822610064373,5535.845156218681,136.11695367227182,79.37006932742312,3.7751296338074427
318.6,A0100,-54100.587270270626,-63562.74063004828,13776.600450216612,-379.53841330568497,-100.51529531222691,9.867869505419614
318.6,A0200,-84805.39653107896,-26245.2096746424,12786.912935478449,293.5421443905641,-112.9229725721809,-28.009503002464484
318.6,B0200,1815.4546114956693,3625.03967015412,5536.833008955536,135.57930243768314,79.46875435025652,6.21063475755447
318.8,A0100,-54176.18375660897,-63584.017636051925,13777.691061164878,-379.8657938883598,-99.17808041797511,9.41235772377335
318.8,A0200,-84746.30679561614,-26266.953100970008,12782.00353320532,295.10080226818525,-108.86321203231992,-28.075988149389946
318.8,B0200,1842.5485084687816,3640.9067556153295,5538.237869145264,135.25990773653865,79.43581185300957,7.775311799993702
319.0,A0100,-54251.85353210474,-63605.11367204032,13778.625996332583,-380.25465771377446,-98.67842930858565,8.370595972215435
319.0,A0200,-84686.91439564682,-26287.867463764436,12777.051735306333,296.61896737952026,-104.66465304173943,-28.50995640535721
319.0,B0200,1869.618737581414,3656.7513056735042,5539.79135330821,135.3286821447273,79.31730054431821,7.569466359184928
319.20000000000005,A0100,-54327.605340121656,-63626.15727037088,13779.329828129781,-380.6863829087533,-98.50326881541994,7.247926145099549
319.20000000000005,A0200,-84627.22472139592,-26307.900604514187,12771.985239300415,298.1329276166868,-99.95480559475148,-29.209305242120102
319.20000000000005,B0200,1896.725102876733,3672.6049340369036,5541.099235672258,135.58545994395413,79.53989085733438,5.369833303067657
319.40000000000003,A0100,-54403.43879712708,-63647.160317431044,13779.847513875508,-381.0644299497402,-98.34128659116422,6.514240025381118
319.40000000000003,A0200,-84567.23759886758,-26326.922650743974,12766.809702403927,299.6245281902881,-94.77875582543824,-29.643865269240393
319.40000000000003,B0200,1923.8872950682467,3688.5234621518866,5541.817911286289,135.8564970418855,79.90582684147694,1.9166435122989487
319.6,A0100,-54479.32712260202,-63668.16092187626,13780.273941584604,-381.21773901815004,-98.41529897247153,6.448133010626736
319.6,A0200,-84506.96964171198,-26344.93869101146,12761.589889284143,301.00768914403227,-89.91524459849367,-29.693660327965677
319.6,B0200,1951.1012567814498,3704.5096658288367,5541.775916726919,136.12867071776324,80.20837543626192,-2.275348732255098
319.8,A0100,-54555.21867589983,-63689.18049983516,13780.769237442437,-381.09542548634926,-98.54261849361802,7.187299181537409
319.8,A0200,-84446.44261010695,-26362.008108799175,12756.41703607206,302.2862387893704,-85.34304186125678,-29.23203750278555
319.8,B0200,1978.3564196066197,3720.533605058047,5540.895296846019,136.20188866442368,80.26029794278307,-6.1590182894762755
320.0,A0100,-54631.06786826494,-63710.2062863727,13781.490553430294,-380.8246879091028,-98.33817875910242,8.646924273878875
320.0,A0200,-84385.68004947477,-26378.219235969704,12751.380762506189,303.4423932054582,-81.42357337249481,-28.532628205584995
320.0,B0200,2005.5957662769047,3736.545652518853,5539.389283135596,136.0383679190109,80.18680175375387,-8.385835379361202
320.20000000000005,A0100,-54706.8872943517,-63731.12584003254,13782.469189492647,-380.7934067448197,-97.46995727425382,9.590777808731762
320.20000000000005,A0200,-84324.69991286861,-26393.695110957236,12746.459980291504,304.54318328330294,-77.80973919007117,-28.057944542996477
320.20000000000005,B0200,2032.81696113605,3752.553807832631,5537.59487649568,136.06458097583928,80.22809452566527,-9.279630176135091
320.40000000000003,A0100,-54782.72736612962,-63751.81206124662,13783.578728145389,-380.9676405466588,-95.99707878845982,9.949004336837769
320.40000000000003,A0200,-84263.50902980045,-26408.410823176124,12741.640467719779,305.61163686955825,-73.85589945268265,-27.619814643616472
320.40000000000003,B0200,2060.0722486065233,3768.5961310660214,5535.69818166097,136.3483207333543,80.52674267445533,-9.361186316884766
320.6,A0100,-54858.62442295912,-63772.186702458835,13784.67803425313,-381.2931576164436,-94.58766142505908,9.446647046865921
320.6,A0200,-84202.1160233069,-26422.3123074545,12736.890203038743,306.6299192960421,-69.69705031187837,-27.44239359370637
320.6,B0200,2087.372765432294,3784.7207581377315,5533.92743519546,136.4083504033376,81.01340455282767,-7.751842358219739
320.8,A0100,-54934.59488486124,-63792.36793719411,13785.615344482052,-381.6834622964032,-94.03733837145764,8.385215321036743
320.8,A0200,-84140.53071948927,-26435.365069871925,12732.146698214714,307.59495426854045,-65.38987024445625,-27.615665187370244
320.8,B0200,2114.638164779005,3800.9318475268665,5532.698855929933,136.0158751345113,81.32435353163952,-4.055051761943619
321.0,A0100,-55010.64801065721,-63812.48890996141,13786.318362646614,-382.118537089113,-93.83195202606058,7.244000206743094
321.0,A0200,-84078.76404738496,-26447.515059826415,12727.342321259577,308.4961152018896,-60.56626540872524,-28.013926303179428
321.0,B0200,2141.809718906027,3817.155908876617,5532.300959854023,135.55301759333838,81.1506765932987,0.13840047079641674
321.20000000000005,A0100,-55086.78366912431,-63832.563062523564,13786.83095196216,-382.50229807227,-93.63639047218231,6.488409036043272
321.20000000000005,A0200,-84016.83208014003,-26458.6361484562,12722.49303447673,309.31431899775737,-55.318535201922636,-28.104660273778297
321.20000000000005,B0200,2168.8965625504757,3833.320109745626,5532.66968216897,135.11240847334588,80.73688106855008,3.6708508068815027
321.40000000000003,A0100,-55162.976145762164,-63852.62705616836,13787.248667984833,-382.6680214640505,-93.66551777454056,6.407256878154578
321.40000000000003,A0200,-83954.75131200934,-26468.743143998927,12717.66565778918,310.0599401458599,-50.432382177568584,-27.81930975124437
321.40000000000003,B0200,2195.8864580452982,3849.390194614957,5533.686767747087,134.65393778362596,80.27441544559784,6.549111425134538
321.6,A0100,-55239.174845260684,-63872.70010308869,13787.732995127915,-382.56133662405915,-93.74012753791126,7.139003610698323
321.6,A0200,-83892.53517226466,-26477.927352882714,12712.936374250454,310.7556137947868,-46.17889251492629,-27.306601919253485
321.6,B0200,2222.810821687044,3865.388927406022,5535.176390999973,134.4550016450664,80.02911102019132,8.323597015124262
321.8,A0100,-55315.33436395975,-63892.768422787616,13788.44228791447,-382.30232802505816,-93.47914806419699,8.594279240889943
321.8,A0200,-83830.18830519042,-26486.31250215548,12708.282720781255,311.4265292819926,-42.25645110097843,-27.050056705349164
321.8,B0200,2249.7248187590076,3881.364685211538,5536.863127283154,134.56896230049537,80.07714834934512,8.382088606448844
322.0,A0100,-55391.46546111979,-63912.71981178377,13789.407660424642,-382.2709320237764,-92.56254871156766,9.525810722325359
322.0,A0200,-83767.72078743861,-26493.87844801374,12703.677785082898,312.02451655560924,-38.01748652302039,-26.905913014149807
322.0,B0200,2276.6833064335547,3897.377613178583,5538.408587270745,134.84073075820476,80.34228425598116,7.134360040312591
322.20000000000005,A0100,-55467.6191085141,-63932.45121021432,13790.474622606544,-382.465702453218,-91.47356174154008,9.538109601691982
322.20000000000005,A0200,-83705.14749690141,-26500.576617272214,12699.076872559937,312.54702651087183,-33.60266233017281,-27.072881590256834
322.20000000000005,B0200,2303.690781843072,3913.446119816496,5539.653474415964,135.0272508207258,80.60370660841372,5.524860555168328
322.40000000000003,A0100,-55543.82641362382,-63952.03338480592,13791.455544364027,-382.78456031359326,-91.0682319242575,8.725595883936856
322.40000000000003,A0200,-83642.48603763248,-26506.351880150934,12694.416280323232,312.94920964355845,-28.681515465227967,-27.45442009344415
322.40000000000003,B0200,2330.7138425265716,3929.5519674685866,5540.583305022037,134.99318871352705,80.69560536420063,3.980706257763384
322.6,A0100,-55620.104501685484,-63971.58334337057,13792.230662038834,-383.1622528744748,-91.04699131800912,7.657512094136286
322.6,A0200,-83579.76572572134,-26511.08241278072,12689.713920261169,313.2253963818999,-23.365188523897153,-27.518530968355766
322.6,B0200,2357.731199907337,3945.652025773843,5541.139992691286,135.01001586991435,80.6352143045802,1.4885612112091902
322.8,A0100,-55696.44340010068,-63991.13129056537,13792.856678790613,-383.37766234109444,-90.9722462456919,7.375618038877605
322.8,A0200,-83517.00128772683,-26514.7881287555,12685.037999195683,313.4675264940064,-18.429760609784015,-27.201161602746073
322.8,B0200,2384.7472135788903,3961.764818780299,5541.02607471825,134.9683402729069,80.81187259530827,-2.6822892568471346
323.0,A0100,-55772.803997643605,-64010.638109313884,13793.52361826126,-383.37129525708275,-90.64789490722481,8.03004062834345
323.0,A0200,-83454.19657865379,-26517.563236618007,12680.465604430745,313.72567679186454,-14.1362914524694,-26.65524736420815
323.0,B0200,2411.753398087537,3977.9131623798503,5539.959868990865,134.90841128906743,80.92690432654192,-7.728697161525627
323.20000000000005,A0100,-55849.15470475555,-64030.030006218236,13794.391218407864,-383.29459017991456,-89.73160303644566,9.20393252362728
323.20000000000005,A0200,-83391.3433876867,-26519.531417508006,12675.974686569749,313.99294782178254,-10.16803768133282,-26.36067206141726
323.20000000000005,B0200,2438.742831370441,3994.062482925845,5538.004899233145,134.85970899000816,80.90827917681644,-11.206538050624665
323.40000000000003,A0100,-55925.51450605962,-64049.18581617218,13795.43103963733,-383.415012925902,-88.30690663468943,9.658233010492747
323.40000000000003,A0200,-83328.45403055521,-26520.672305233344,12671.539895381193,314.15408697869765,-5.887640538296099,-26.171051572175905
323.40000000000003,B0200,2465.734448285689,4010.227058519492,5535.605870327789,134.89280298577344,81.07923684039964,-12.173594136470953
323.6,A0100,-56001.921038684224,-64068.04282723137,13796.47400907444,-383.69656607915016,-86.95964388575733,9.205899741127197
323.6,A0200,-83265.54840765736,-26520.93849783008,12667.117430003174,314.22194048143723,-1.4371678899852038,-26.289434418841168
323.6,B0200,2492.7499147487433,4026.4330430027853,5533.18818352648,135.1219952266467,81.31693362512105,-11.672637027097617
323.8,A0100,-56078.39451912666,-64086.71639743091,13797.3617659764,-384.06652445996315,-86.44727313452192,8.164873284334478
323.8,A0200,-83202.64358475835,-26520.302405560982,12662.63659506536,314.20337469784727,3.1271604870102494,-26.79400828847717
323.8,B0200,2519.819625750188,4042.7007864436164,5530.943826098568,135.36731546508867,81.68458775020227,-10.382924419184452
324.0,A0100,-56154.94779880375,-64105.334788771725,13798.018390241694,-384.4897115657882,-86.25912238846647,7.041250551193639
324.0,A0200,-83139.76276676297,-26518.71714488362,12658.020745418307,314.00037694088087,8.177826764510426,-27.587791938987312
324.0,B0200,2546.9016929552017,4059.049202422548,5529.105695302249,135.19325257603654,82.09797563662083,-7.469726522657516
324.20000000000005,A0100,-56231.58085335201,-64123.91029318601,13798.488582071821,-384.8596746924908,-86.08800002904434,6.305281384800207
324.20000000000005,A0200,-83076.95186039257,-26516.057809763093,12653.270656740766,313.60875292267946,13.67027354678274,-28.1286405590103
324.20000000000005,B0200,2573.9058377733727,4075.4585823206507,5528.02013130826,134.62353955727409,82.2220076991277,-2.9511862335448247
324.40000000000003,A0100,-56308.268147728464,-64142.48232475947,13798.866804344822,-385.01276547973185,-86.1627583166766,6.234635657198979
324.40000000000003,A0200,-83014.2260671083,-26512.333317443256,12648.451804521806,313.21630402845614,18.84052073912962,-28.27069374239613
324.40000000000003,B0200,2600.792030006778,4091.8370731746695,5527.870648998991,134.07723242519052,81.82012786040814,1.3803329361140446
324.6,A0100,-56384.95872532772,-64161.0747437477,13799.312902137346,-384.8917834535653,-86.30422778148102,6.968753561250481
324.6,A0200,-82951.58698767774,-26507.604434800352,12643.658641382823,312.81954312085,23.71059737190796,-27.88661602828109
324.6,B0200,2627.5889777459142,4108.127066574395,5528.408150969062,133.76000725435253,81.40953359105768,4.022440700646161
324.8,A0100,-56461.606450196676,-64179.67741908145,13799.984188763607,-384.61060341608976,-86.12481750536888,8.426862440019727
324.8,A0200,-82889.02739278984,-26501.960973388108,12638.984419209497,312.5316670885401,27.921231944173634,-27.248716017693976
324.8,B0200,2654.349490673623,4124.352590053216,5529.368543673234,133.68754537838436,81.17704685428075,5.600272607624465
325.0,A0100,-56538.220107655245,-64198.178026328824,13800.913172510067,-384.54711037203174,-85.2719789761804,9.37505186427417
325.0,A0200,-82826.52160112208,-26495.526429643964,12634.410457037808,312.2956126742354,31.823658145500453,-26.834944063621094
325.0,B0200,2681.118946596791,4140.55724808862,5530.493319473021,133.8655040548218,81.24258277103453,5.5174615069788295
325.20000000000005,A0100,-56614.84605737196,-64216.447203124284,13801.97439467852,-384.66976069628714,-83.80470697378568,9.741604477592286
325.20000000000005,A0200,-82764.08539354846,-26488.278993559266,12629.920047748761,311.9082255203296,36.035028820046925,-26.47985709321394
325.20000000000005,B0200,2707.9392005982045,4156.802981735393,5531.4530468547,134.1456565376206,81.52648726427373,4.171093712684302
325.40000000000003,A0100,-56691.51820211725,-64234.404640303226,13803.027275443528,-384.94619714407094,-82.39059290942944,9.247377787537776
325.40000000000003,A0200,-82701.74575565619,-26480.17200327995,12625.476587780406,311.40191176746373,40.41420580295571,-26.4042574903758
325.40000000000003,B0200,2734.817290052874,4173.108503269879,5532.065054522017,134.45064483932285,81.8282832722369,2.0363732389438183
325.6,A0100,-56768.25685897954,-64252.16702113449,13803.919338121485,-385.31541657493955,-81.8306132011991,8.189013592748617
325.6,A0200,-82639.5238428431,-26471.178266320814,12621.014101519642,310.7931983431488,44.90625174462809,-26.694390887854034
325.6,B0200,2761.748758596468,4189.471949661135,5532.20255065319,134.64344130641356,82.08144931122887,-0.39753503408927243
325.8,A0100,-56845.07559145503,-64269.86688270568,13804.577412629149,-385.74047799489864,-81.61449452981138,7.048360744391933
325.8,A0200,-82577.4489724517,-26461.252175051668,12616.461080628258,309.9394059642046,49.86328995281186,-27.23271659754255
325.8,B0200,2788.7003970237347,4205.8601850764635,5531.8782926496,134.64660267412708,82.08254796748462,-2.5921819792283154
326.0,A0100,-56921.97464831431,-64287.51814559926,13805.045094820358,-386.114319974155,-81.41315516652872,6.291946097244369
326.0,A0200,-82515.58170070824,-26450.27870373769,12611.828674961045,308.85314067219997,55.19952532248338,-27.47343921786335
326.0,B0200,2815.6359221341168,4222.2224650304615,5531.062842358488,134.49391464090044,81.86626369342348,-5.525858285832518
326.20000000000005,A0100,-56998.92944128061,-64305.1590450889,13805.417354945264,-386.277182941067,-81.44826217242236,6.206601984929523
326.20000000000005,A0200,-82453.93351390152,-26438.27595266911,12607.185446445914,307.818831775233,60.180714563627205,-27.31745704804867
326.20000000000005,B0200,2842.5322561714984,4238.553888999884,5529.6031163233665,134.36468692820836,81.82456565412242,-8.772518800216185
326.40000000000003,A0100,-57075.88988486469,-64322.8116754152,13805.855245558676,-386.1684945576466,-81.5444510886108,6.933118236235315
326.40000000000003,A0200,-82392.48645052205,-26425.332205908075,12602.612528058984,306.95676663488376,64.55035954436296,-26.911334696684403
326.40000000000003,B0200,2869.4485278237294,4254.901897859772,5527.564947320589,134.65859015982366,82.0115998142501,-11.081105358636888
326.6,A0100,-57152.80990640517,-64340.465331338535,13806.517282298915,-385.8952485957534,-81.3181373470548,8.387765541535826
326.6,A0200,-82331.2015722588,-26411.566929141096,12598.091204571738,306.1850809952185,68.59629877902474,-26.75613750774183
326.6,B0200,2896.428882647554,4271.308934471406,5525.297609432847,134.90961870119588,82.43666627259772,-10.883238551964265
326.8,A0100,-57229.69647114117,-64358.00805463453,13807.436201682714,-385.8285641593174,-80.42514525203971,9.327054669802083
326.8,A0200,-82270.09619433366,-26396.964627965383,12593.592458716299,305.23119349165637,72.9108016067795,-26.73469887501404
326.8,B0200,2923.424387038075,4287.8166271726695,5523.336575768455,134.80290464790886,82.9400390622926,-8.122770629209485
327.0,A0100,-57306.59742104961,-64375.33380628738,13808.458769522207,-385.98343644628267,-79.34411396636072,9.349857944804624
327.0,A0200,-82209.20127927118,-26381.486917870796,12589.067300265655,304.14477725945574,77.35239763844739,-27.04167304449129
327.0,B0200,2950.380356987636,4304.3849432254865,5522.062289835983,134.57705818526858,83.00526773521469,-4.452544752954328
327.20000000000005,A0100,-57383.54635115199,-64392.51059675641,13809.396859238623,-386.2851990424657,-78.93574086276722,8.541768931336758
327.20000000000005,A0200,-82148.55282315458,-26365.090270995403,12584.447891898868,302.76216666280953,82.22620317496201,-27.58735547295717
327.20000000000005,B0200,2977.2996216823394,4320.933613861418,5521.476410380763,134.41726800982002,82.80055901849424,-1.2606408276815007
327.40000000000003,A0100,-57460.56426286894,-64409.653940563585,13810.129478238385,-386.65841731146054,-78.90837395817589,7.473264966660171
327.40000000000003,A0200,-82088.22278702461,-26347.66876378331,12579.747224849129,301.11549931710795,87.43652543246414,-27.824888859309674
327.40000000000003,B0200,3004.168184635265,4337.43650658566,5521.526489010006,133.99336823917022,82.5114566192051,2.098307683849053
327.6,A0100,-57537.64207835665,-64426.79511547928,13810.712630945694,-386.86685776597034,-78.8409654251785,7.1890466161487945
327.6,A0200,-82028.219125258,-26329.24445871532,12575.03573256201,299.5646008362687,92.28909115932144,-27.65724640800767
327.6,B0200,3030.9250441385598,4353.871024054837,5522.253831128866,133.42047913198596,82.18706464329706,5.236785770236221
327.8,A0100,-57614.73917721305,-64443.898320077074,13811.336401910545,-386.84421561414865,-78.5415245204199,7.843171579220767
327.8,A0200,-81968.5136541801,-26309.90456824848,12570.396099417601,298.2535128092864,96.54660307744255,-27.234846077111825
327.8,B0200,3057.5976966018447,4370.262011606467,5523.487292876825,133.15358737947165,82.06631899358143,7.110278564675236
328.0,A0100,-57691.82129312047,-64460.892774498614,13812.161525203326,-386.73088950169983,-77.65927966986784,9.02597118768655
328.0,A0200,-81909.05492781881,-26289.76380998261,12565.810660667248,297.06310865048124,100.4976705110451,-27.056512280504247
328.0,B0200,3084.24397698877,4386.644466365511,5524.962552768735,133.14201442751965,82.09103354765847,7.6743257682201484
328.20000000000005,A0100,-57768.90351762685,-64477.656422742904,13813.161607753202,-386.79943193348265,-76.25381667423288,9.497122212151885
328.20000000000005,A0200,-81849.86268747628,-26268.807373284784,12561.252073396317,295.6595514300931,104.7006026699664,-27.004703292199043
328.20000000000005,B0200,3110.91520836867,4403.045717715137,5526.399497314063,133.40927642283046,82.2789197896343,6.60617358377312
328.40000000000003,A0100,-57846.02181942436,-64494.12325561889,13814.168529532208,-387.0330876609828,-74.90933575063701,9.061369059275718
328.40000000000003,A0200,-81790.9723025294,-26246.99998497792,12556.67222381732,294.10864301733574,109.0173716135256,-27.27815540169665
328.40000000000003,B0200,3137.6546065707976,4419.498889269048,5527.485912910817,133.77876865901223,82.56939356993054,4.394079821771236
328.6,A0100,-57923.20035394941,-64510.40605981688,13815.022626842932,-387.3825844431059,-74.39086394494171,8.02726805558
328.6,A0200,-81732.4245231219,-26224.30193755172,12552.003946627061,292.2159964158495,113.73421805014395,-27.78380175279386
328.6,B0200,3164.455296342143,4436.008184961549,5528.090935890809,133.98462103181552,82.80737346303324,1.9409997728299597
328.8,A0100,-58000.45613307903,-64526.63209391264,13815.646359808758,-387.79562776715613,-74.19604491385459,6.905796366420486
328.8,A0200,-81674.30193633903,-26200.61591169877,12547.262050897429,290.02930168076387,118.75062852862746,-27.97169208333179
328.8,B0200,3191.2779623259717,4452.542256678528,5528.228785164688,134.0103630523786,82.82849097705609,-0.26859600655494315
329.0,A0100,-58077.789409331315,-64542.81460618037,13816.083948702291,-388.1553542518072,-74.02626138905443,6.16956602240048
329.0,A0200,-81616.60922282001,-26175.9662302957,12542.518069081761,287.9794287470528,123.41439160922266,-27.751286469236632
329.0,B0200,3218.0928257001683,4469.053065800463,5527.887702559487,133.904246042522,82.63214165880851,-3.0872927241612724
329.20000000000005,A0100,-58155.175736201214,-64558.99518688058,13816.42879591511,-388.305191057237,-74.11794863469574,6.092449119332898
329.20000000000005,A0200,-81559.30848546626,-26150.437834350436,12537.855097151034,286.2338953181375,127.50611624871149,-27.278509117844713
329.20000000000005,B0200,3244.8748358574267,4485.541907583714,5526.9226241232445,133.7895414495311,82.6435197158499,-6.249495225141588
329.40000000000003,A0100,-58232.56461835818,-64575.201522495234,13816.839963657625,-388.18152165018375,-74.29697439543655,6.8181825606338835
329.40000000000003,A0200,-81502.33642532781,-26124.139476156226,12533.254929940234,284.6374828008784,131.31056483878146,-27.050043006211283
329.40000000000003,B0200,3271.677302931391,4502.0544965625195,5525.389799246207,134.08633070926444,82.83683393352744,-8.532397315679844
329.6,A0100,-58309.90914356136,-64591.42764456682,13817.475013682322,-387.88486542409566,-74.17384384910748,8.275646361695111
329.6,A0200,-81445.71495123953,-26097.05763092024,12528.690965992668,282.7998952589093,135.34594949301834,-26.943894721571482
329.6,B0200,3298.548500115313,4518.613907579764,5523.631169339119,134.3848646574983,83.12018489363525,-8.320423728294298
329.8,A0100,-58387.21424493258,-64607.56185714339,13818.369238083085,-387.78502752662956,-73.36332683092728,9.238273805111334
329.8,A0200,-81389.48337808497,-26069.16049437352,12524.115455785017,280.8016022245377,139.48194978589243,-27.162051810617317
329.8,B0200,3325.446779069882,4535.227070726142,5522.181494112052,134.34088827073128,83.29905935951527,-5.552880823738232
330.0,A0100,-58464.52253427534,-64623.471356830494,13819.399739319571,-387.85337463768445,-71.92269652850842,9.630218071576715
330.0,A0200,-81333.68687094797,-26040.412265407926,12519.461622712675,278.41887803899107,143.98321376196157,-27.60631801403221
330.0,B0200,3352.3231542999397,4551.828603191603,5521.417123178657,134.21580578527823,83.02431633013421,-1.9019438411230678
