Time_s,Agent_ID,X_m,Y_m,Z_m,Velocity_m_s,Heading_deg,Pitch_deg,Roll_deg,Action_Type,Direction
0.2,A0100,-44535.403389993895,-0.0119949359941529,5941.022081207093,364.7668277076372,359.47005933876454,1.777217007622002,-9.971330632479704,平飞,无
0.2,A0200,-44535.30839017536,558.521242956991,5940.642960399546,365.5631927594891,0.1997662529140903,-2.06301233219194,10.046815685991154,平飞,无
0.2,B0100,44538.06233662912,-0.0069019732582091,5940.762917571155,365.33907027808175,179.98883680978878,-0.466845641154591,3.996717903717481,平飞,无
0.2,B0200,44538.139127239774,545.013693309018,5940.924720197381,364.9074546203215,179.67144850331871,0.2864351378570617,-10.085462608582324,平飞,无
0.4,A0100,-44462.64168684574,-0.4671913025522372,5943.275957501537,363.2141575717893,357.3300829295967,7.377331498447888,-33.21528441022978,战术crank,左转
0.4,A0200,-44462.25588108195,558.4748816890824,5940.182251468044,364.9178775285266,0.708585170830945,-2.027164003925456,30.891290267686887,战术crank,右转
0.4,B0100,44465.05470463678,-0.0306467871232598,5941.213055026394,364.727669503977,179.78522054380443,-0.3582820284995361,0.8332338664504304,平飞,无
0.4,B0200,44465.25690612328,545.2030570935003,5942.098039008877,364.1142154457258,179.72558114484494,0.7330879597182471,-17.568678254220995,平飞,无
0.6000000000000001,A0100,-44390.35750154538,-2.386846080462419,5947.570788390958,361.1882390997864,355.34225536791433,8.480720455378366,-57.8805184398242,战术crank,左转
0.6000000000000001,A0200,-44389.30537162585,558.8582497964599,5939.776975448083,364.536251898093,5.323851505659731,3.726250527157257,50.15078828512814,战术crank,右转
0.6000000000000001,B0100,44392.16046617122,-0.0578422216076432,5941.703440585803,364.2762844255475,179.85485678607617,-0.6297350296407541,2.434443337263026,平飞,无
0.6000000000000001,B0200,44392.52031967158,545.6087953329807,5943.60252371537,363.3161634415128,179.28889984264177,0.9939226151390694,-23.172837944169203,平飞,无
0.8,A0100,-44318.6440412582,-6.5112577552608855,5953.112605885493,359.30599330080383,351.60173415922225,9.113555383995871,-83.3902535573533,战术crank,左转
0.8,A0200,-44316.52173201487,560.7735325967078,5940.32742304131,363.4692840217381,4.955310469034224,3.3378497492815176,60.56540864145891,战术crank,右转
0.8,B0100,44319.36610307458,-0.0839121314838848,5942.122873531109,363.6579205344644,179.66707028622832,-0.468196539677926,-0.588342993194139,平飞,无
0.8,B0200,44319.99234047037,546.4296235854072,5945.626815192212,362.404354644674,178.66731042671813,2.377407348038449,-29.173746430580614,平飞,无
1.0,A0100,-44247.48986375083,-13.195744598051531,5958.932677071538,357.8628393764343,347.82974183574385,8.469195371242087,-96.18744303984528,战术crank,左转
1.0,A0200,-44244.08929846246,564.4952410311707,5941.617779292435,362.0516601651993,8.51373870664839,4.6701413359614,66.93418664272585,战术crank,右转
1.0,B0100,44246.68507688816,-0.0932665435684612,5942.561881779304,363.2131583600264,179.75558519966947,-0.7105394323881301,1.0856392238898809,平飞,无
1.0,B0200,44247.68634891477,547.8414729117594,5948.342610925964,361.1132145125374,176.74839999893047,5.004602582701319,-34.74074088817332,平飞,无
1.2000000000000002,A0100,-44176.85943665785,-22.33854801339112,5964.518714918697,356.502393385485,344.92442154027464,7.588491091599691,-90.09654665793724,战术crank,左转
1.2000000000000002,A0200,-44172.10526801388,570.5143275419105,5943.6350095800535,360.5281161423691,10.557659306239035,4.991285538847918,73.09529952601773,战术crank,右转
1.2000000000000002,B0100,44174.10169933474,-0.0871283827418665,5942.920094908863,362.608640956765,179.5740247018621,-0.5405635282207312,-1.826009485146021,平飞,无
1.2000000000000002,B0200,44175.78791561794,550.5447992318932,5952.520759461426,359.72725146275457,174.98399635665407,7.367594092390825,-41.036744572362856,平飞,无
1.4,A0100,-44106.90643677143,-34.04451850586702,5969.959869925568,354.8522525891579,342.7441637872863,7.183212847689365,-82.47654027179091,战术crank,左转
1.4,A0200,-44100.69189334479,578.953472175217,5946.155161418063,359.0461079466341,12.98809810045314,5.097281854211509,79.545875478535,战术crank,右转
1.4,B0100,44101.62827396094,-0.0499508803895878,5943.293398285394,362.1842593782607,179.67513437701732,-0.7750057718665224,-0.1189674138554033,平飞,无
1.4,B0200,44104.20316319999,554.2047701661722,5957.557400965343,358.9608530776203,177.857396437366,3.7228808701259024,-27.47766773234968,平飞,无
1.6,A0100,-44037.825411772166,-48.41477957903044,5975.499664581303,352.90122768661377,340.67963062394904,6.833014315052009,-85.22095376040751,战术crank,左转
1.6,A0200,-44029.92660924754,589.8708938245145,5948.918622418685,357.55339680634995,15.36559534412176,4.869442421395462,86.10500862711602,战术crank,右转
1.6,B0100,44029.24788913396,0.0128252756203437,5943.583413572011,361.6058048501809,179.49571741364727,-0.6063345244260661,-2.95306255221112,平飞,无
1.6,B0200,44032.68906775068,557.8033035449425,5962.133102793261,358.5054311331711,178.73044756140848,0.901081894076194,-5.12069796354503,平飞,无
1.8,A0100,-43969.825198564125,-65.65601626052376,5980.940433149806,350.8378241561443,338.2693229996136,5.935378979857226,-106.88226177890616,战术crank,左转
1.8,A0200,-43959.89223611802,603.2869488724609,5951.648342469398,356.0941509373432,17.715667729220467,4.325595676906228,92.78607398855983,战术crank,右转
1.8,B0100,43956.97159646606,0.1174424262662796,5943.886598089091,361.2146221596344,179.60541317538414,-0.8372288686837868,-1.237829102138268,平飞,无
1.8,B0200,43961.211115432976,561.2451491713255,5965.633008565837,357.858862343079,178.22185695904778,-1.2745302099818423,0.9958489160687456,平飞,无
2.0,A0100,-43902.84356704529,-85.51987811483923,5985.468078340698,349.4300215865642,335.52414475720434,4.072605898889371,-119.64563735191815,战术crank,左转
2.0,A0200,-43890.65974857931,619.1764993592442,5954.057290674502,354.689563986813,20.021912773503097,3.4693128598975544,99.57152992565324,战术crank,右转
2.0,B0100,43884.781086658375,0.2551625961732497,5944.104710733947,360.67648392408,179.42564685897406,-0.6723112627041888,-4.019668864439949,平飞,无
2.0,B0200,43889.85501903939,564.6231867977167,5967.972084772049,356.87672242165047,178.11113643654383,-2.888865558551854,-7.748647622490329,平飞,无
2.2,A0100,-43836.71596971623,-107.52789978398503,5988.7185815759,348.28302431388386,333.2266364846206,2.281347497133292,-113.92627319369583,战术crank,左转
2.2,A0200,-43822.33067198114,637.5522369659666,5955.867490321671,353.08857301172674,22.2887625884974,2.6192713350358234,98.28142449974092,战术crank,右转
2.2,B0100,43812.68581627151,0.4432951016915467,5944.333935873667,360.3344555801832,179.5412443715392,-0.9008786784466108,-2.311996484834264,平飞,无
2.2,B0200,43818.63274495056,567.855142764307,5969.037348757585,356.2446255344093,178.06203573500798,-2.4149061961741785,-6.7400696799626045,平飞,无
2.4000000000000004,A0100,-43771.56626722221,-131.7033432699609,5990.766352622311,346.94854853479177,331.3234400204591,1.166458573454936,-106.358714501601,战术crank,左转
2.4000000000000004,A0200,-43755.103890641,658.5666374698849,5957.075305791326,351.41820912619323,24.437732991564307,1.994274268532078,90.35819220678437,战术crank,右转
2.4000000000000004,B0100,43740.66570639212,0.6703940742208943,5944.475984825232,359.8545986331304,179.3594518045876,-0.7407387769204198,-5.060858880829811,平飞,无
2.4000000000000004,B0200,43747.51615271212,571.0144242579245,5969.381268284604,355.60081288510327,177.5376885952421,-1.0304804504592189,-12.903374227494693,平飞,无
2.6,A0100,-43707.57476658574,-158.14698692042657,5991.82383279283,345.5828319767098,329.44411736191176,0.5426234782704533,-98.29694536979224,战术crank,左转
2.6,A0200,-43689.04451855536,682.1088295362679,5957.939047216269,350.04489934218986,26.597852280812432,1.516828975141051,90.90976411643952,战术crank,右转
2.6,B0100,43668.72826305187,0.9550874717697296,5944.626618418755,359.5811176573404,179.47916614754484,-0.9675964731794416,-3.3702343482021413,平飞,无
2.6,B0200,43676.53472569027,574.2636551257165,5969.728604203618,355.08879923594475,177.6805424008231,-0.933034586857742,-19.535924527110502,平飞,无
2.8000000000000003,A0100,-43644.81142252291,-186.80486220398237,5992.207532262595,344.4934181084713,327.4883029312812,0.544438251666847,-84.54147467047545,战术crank,左转
2.8000000000000003,A0200,-43624.11216710766,707.9387410598465,5958.441546820972,348.83689185472736,28.7580578261336,0.9710015811717672,97.02322451835096,战术crank,右转
2.8000000000000003,B0100,43596.85141096696,1.283613215549849,5944.6876038810005,359.1797067676012,179.29417769449202,-0.8128895559718039,-6.101717632257826,平飞,无
2.8000000000000003,B0200,43605.60901953521,577.5533992763903,5969.862522156909,354.94208386826466,177.6786648957239,-1.186942364243773,-13.904809033559555,平飞,无
3.0,A0100,-43583.25803824334,-217.51077525666187,5992.442665418887,343.42640437581,325.71547841041235,1.2986387950167724,-64.83506429521447,战术crank,左转
3.0,A0200,-43560.404849555445,736.0438323835915,5958.376158935458,347.4628098116855,30.915331730847505,0.4136682224896695,95.18499350087129,战术crank,右转
3.0,B0100,43525.04063852255,1.6761034441115044,5944.754295538718,358.9949350681162,179.41683686859125,-1.038430304311205,-4.433051814104913,平飞,无
3.0,B0200,43534.70749088772,580.8572476528589,5969.68794197137,354.8553480651179,177.64736621937394,-1.4411315095680244,-8.399125027757371,平飞,无
3.2,A0100,-43522.945965125466,-250.1245511646848,5993.204025435287,342.2382631646785,323.9979917689708,2.601930913164583,-56.03421073385454,战术crank,左转
3.2,A0200,-43498.17172757719,766.5924544017289,5957.805491473773,345.8079285618043,33.03773932981402,0.2704732223468137,81.18825486858665,战术crank,右转
3.2,B0100,43453.25397961649,2.105328178688069,5944.656400588196,358.9149089500281,179.38962949025478,-0.8791602308750297,1.406660340025074,平飞,无
3.2,B0200,43463.81873922207,584.1634176185598,5969.206712857067,354.82991904440183,177.5883334670131,-1.700118215105518,-2.9338235867653992,平飞,无
3.4000000000000004,A0100,-43464.09231244076,-284.7068082986407,5994.937361156131,340.5647244134486,322.26483548700224,3.762341111041589,-68.14377861077125,战术crank,左转
3.4000000000000004,A0200,-43437.58994434276,799.6112510644161,5957.345470391934,344.2788228508881,35.09672093358332,1.0342665801823168,58.12215841035035,战术crank,右转
3.4000000000000004,B0100,43381.49035517405,2.554140267917319,5944.558803700907,358.7116383112437,179.22073638010667,-0.3883470515222016,-1.3538003431390224,平飞,无
3.4000000000000004,B0200,43392.93374344584,587.4638610999773,5968.466450591277,354.86424398974555,177.50562847058865,-1.2634052661147293,2.5075029059505853,平飞,无
3.6,A0100,-43407.07349890749,-321.5417271657461,5997.366582123239,338.83784782756084,320.10246318316865,4.07206082046531,-90.59474215641214,战术crank,左转
3.6,A0200,-43378.43844159591,834.5941518878899,5957.842703403481,343.0323744577477,36.73396013282616,2.953837434897632,33.79500058228744,战术crank,右转
3.6,B0100,43309.75543624534,3.032099107535032,5944.627440157023,358.69857454666965,179.32217993783735,-0.6890596161787674,0.2372136602644346,平飞,无
3.6,B0200,43322.04314887074,590.7458225292048,5967.719331965604,354.7953806670499,177.290425404896,-1.021062635600705,-0.5192876542882022,平飞,无
3.8,A0100,-43351.855356179934,-360.5230045437274,5999.575681994895,337.5748550157873,317.3391078656978,3.4751695065724806,-102.95676286021552,战术crank,左转
3.8,A0200,-43320.333267941016,870.8264037485751,5959.877397853355,342.1336104778609,37.77957640921645,5.608481521890427,21.1063557936926,战术crank,右转
3.8,B0100,43238.03400125537,3.5332734002313373,5944.700740639306,358.5096906270926,179.14449861745754,-0.6314306174670128,-2.4872861429692037,平飞,无
3.8,B0200,43251.16139997469,594.0252956643981,5967.126940402588,354.852762714137,177.33061395984814,-0.6358890736486142,0.6828557534617663,平飞,无
4.0,A0100,-43298.19240814405,-401.33385954030746,6001.133233537525,336.8658341648424,314.8374772009459,2.7169533097049863,-94.36975761281828,战术crank,左转
4.0,A0200,-43262.98979163623,907.8328100810068,5963.532435503132,341.3291703316456,37.52047070451558,6.535774961995744,14.33142018264608,战术crank,右转
4.0,B0100,43166.340806823246,4.073841434536007,5944.823883817204,358.4884018254706,179.25497568101554,-0.9132913425668012,-0.8466050409036662,平飞,无
4.0,B0200,43180.27370473888,597.3051797540229,5966.688161193608,354.7468654186769,177.1262707955969,-0.5665364737189466,-2.1437104273033483,平飞,无
4.2,A0100,-43246.0121020388,-443.8229280276355,6002.290085833583,336.1165904386294,312.9937674523276,2.702713931630513,-76.67424876363367,战术crank,左转
4.2,A0200,-43206.20857138205,945.2455639996442,5968.479615962597,340.5429672013713,36.91515169958977,5.528053228244629,0.9510234078770016,战术crank,右转
4.2,B0100,43094.66270911654,4.644932889290431,5944.87389467876,358.29268882840324,179.07795926849656,-0.7749340669144715,-3.5513470376748524,平飞,无
4.2,B0200,43109.400398534606,600.6076221971853,5966.420853835421,354.7979669468072,177.21773204420782,-1.0024640916439882,-0.8180962268889304,平飞,无
4.4,A0100,-43195.326618611936,-487.874483831416,6003.572852728719,335.74231785742234,313.1113482481918,2.750624922756198,-57.13710238218985,战术crank,左转
4.4,A0200,-43149.70047223742,982.782501361584,5973.635314426423,339.7813104700592,36.8611197430588,1.9697821561753357,-4.34004195216377,战术crank,右转
4.4,B0100,43023.01416239583,5.263319713787496,5944.937835150933,358.2670813887796,179.19269272941762,-1.0165320477256283,-1.8916663944212169,平飞,无
4.4,B0200,43038.53069476687,603.9265483668132,5966.129456287534,354.6563779027974,177.02280924540963,-0.9415237652892526,-3.5699045874850093,平飞,无
4.6000000000000005,A0100,-43145.41005476201,-532.7735763133533,6005.054061724057,335.8054923619817,317.36646168437085,-0.3052748688019172,-35.476504572856435,战术crank,左转
4.6000000000000005,A0200,-43093.41143996999,1020.4372288893246,5977.874367296115,338.75526658307655,36.73834903452033,-0.1900687965925851,-1.783553549057052,战术crank,右转
4.6000000000000005,B0100,42951.38095159044,5.917999990733733,5944.912849396373,358.0722549114103,179.01370015345708,-0.8649046376868903,-4.583250863925192,平飞,无
4.6000000000000005,B0200,42967.68139069795,607.280981884498,5965.870026169636,354.6808444116863,177.12284031800831,-1.21452045811595,-2.141772845494922,平飞,无
4.800000000000001,A0100,-43095.53923638056,-577.7597125532411,6006.12446525224,335.94729237907575,318.0458871517933,-0.7429245135426221,-13.746678924311324,战术crank,左转
4.800000000000001,A0200,-43037.3276966298,1058.171023030798,5980.779193571969,337.9373295476323,36.60870597849636,-1.8828846616837296,6.745035991968288,战术crank,右转
4.800000000000001,B0100,42879.777150140726,6.62705295309388,5944.894011679622,358.04878465992635,179.13220476531097,-1.096796970900061,-2.9232481445515552,平飞,无
4.800000000000001,B0200,42896.83911166489,610.661950978536,5965.525998194393,354.53226752414685,176.9311085338768,-1.0878631662066416,-4.837964666901571,平飞,无
5.0,A0100,-43045.638976281305,-622.7494644772887,6006.6707250455,335.907547017805,317.8985473910198,-0.845425820428696,-2.609543780423456,战术crank,左转
5.0,A0200,-42981.29662460316,1095.901907423875,5982.112274475279,337.7439092296488,35.95713770384432,-3.581107771162895,23.969071929998183,战术crank,右转
5.0,B0100,42808.188272151325,7.377385799549302,5944.78235453671,357.85745631085143,178.9500458285365,-0.945332389575806,-5.611989391288644,平飞,无
5.0,B0200,42826.02740838325,614.1004295337971,5965.292129131765,354.4790143200257,176.86478091680257,0.4686592260892047,-3.3895869247178254,平飞,无
5.2,A0100,-42995.794438454366,-667.7186582357135,6006.981413922134,335.37230462392955,317.7005350514329,-0.5854726228864379,-4.8816347802600735,战术crank,左转
5.2,A0200,-42925.13274453039,1133.4971628511048,5982.112430735071,338.123424924647,35.73256319371834,-3.6851617671792063,41.23287635137277,战术crank,右转
5.2,B0100,42736.62822998241,8.188492468225377,5944.674050641683,357.8378118487328,179.0714367882557,-1.1733779962562982,-3.9614781486531503,平飞,无
5.2,B0200,42755.24094970669,617.6127714615359,5965.467346315232,354.1983068195972,176.68546475944524,0.5294067374539059,-6.005047767648397,平飞,无
5.4,A0100,-42946.0492101911,-712.6467089007092,6007.226334396655,335.0000703430693,317.7870254781392,-0.7464504620224596,-3.9406336605293855,战术crank,左转
5.4,A0200,-42869.08399588899,1171.378591898796,5981.6950771426,338.3246002641963,39.83263314175627,0.9161959893692329,48.70817650444392,战术crank,右转
5.4,B0100,42665.08250005782,9.045293885918,5944.47106322513,357.6509290050981,178.88528019876685,-1.0249675228015276,-6.655725683617547,平飞,无
5.4,B0200,42684.50160040916,621.2168222006003,5966.010834606543,354.19280316278844,176.8383840325106,-0.0474240586563886,-4.632190587908041,平飞,无
5.6000000000000005,A0100,-42896.37863886239,-757.5386091577857,6007.330784834718,334.4788265777585,317.5984524870762,-0.6142792421175651,-6.0957095476079255,战术crank,左转
5.6000000000000005,A0200,-42813.873536179046,1210.4123638395686,5981.97304777852,337.67277306459545,40.99434352350097,2.4988112765611774,44.06967402487504,战术crank,右转
5.6000000000000005,B0100,42593.56489287712,9.96880404534204,5944.26933433922,357.6357614798169,179.00881970135265,-1.250324786613474,-5.020850809494749,平飞,无
5.6000000000000005,B0200,42613.77413342808,624.8781022133389,5966.621623942345,354.0286516425616,176.65977498868958,-0.097979359123371,-7.249530524680998,平飞,无
5.800000000000001,A0100,-42846.81299435787,-802.4027619773515,6007.412397503751,334.1265758897255,317.69877685038455,-0.8258608571428538,-5.135384585518031,战术crank,左转
5.800000000000001,A0200,-42759.793681815296,1250.6920659788957,5983.426397247025,336.8345292340112,42.18009691222904,4.429606070204615,32.74634068593141,战术crank,右转
5.800000000000001,B0100,42522.04320121357,10.93042441853686,5943.899575094947,357.6767491053117,178.97834611074114,-1.093960166739206,0.8077903006424154,平飞,无
5.800000000000001,B0200,42543.07405464329,628.6121466998065,5967.305149707016,354.0339044685497,176.79047131922096,-0.4073742403191318,-5.776634395628635,平飞,无
6.0,A0100,-42797.3101275091,-847.2450198719853,6007.306525578166,333.8285530658508,317.6523258795676,-0.7102109677294334,0.5215229328346043,战术crank,左转
6.0,A0200,-42706.672645700775,1291.9158685675393,5986.255758240855,336.1993683082077,42.23012365871172,5.241511420659508,20.390065715838013,战术crank,右转
6.0,B0100,42450.52572139249,11.914537222493893,5943.52682327772,357.5414966027609,178.80386326265707,-0.6065449790858547,-1.9383616632775733,平飞,无
6.0,B0200,42472.36347981475,632.3838798255983,5967.815621932965,354.0944606148607,176.7770797000731,-0.7852976953663354,0.0086197213479964,平飞,无
6.2,A0100,-42747.86590082854,-892.0497946135911,6007.150367804403,333.3693406636586,317.4780497003864,-0.5051377368789596,-1.6033923447925944,战术crank,左转
6.2,A0200,-42654.17569829794,1333.62220812152,5990.213795864436,335.5011753871966,41.73671226230645,4.712387367002726,7.340849355290821,战术crank,右转
6.2,B0100,42379.028323618506,12.932238585706727,5943.317365023791,357.54919652794774,178.9063069838272,-0.905061041161483,-0.3761295832879631,平飞,无
6.2,B0200,42401.64364945072,636.1722415529202,5968.106350900667,354.1452365761738,176.7479701019666,-0.5890059626314892,5.746632518919234,平飞,无
6.4,A0100,-42698.50300613754,-936.8126960045593,6007.053288874949,333.0480205196583,317.5681496020312,-0.8329666572700012,-0.6570783532770907,战术crank,左转
6.4,A0200,-42601.92143949039,1375.510942642868,5994.412313093826,335.6142517310295,41.31482943630271,0.9932738099789192,2.34775610226137,战术crank,右转
6.4,B0100,42307.541294707946,13.975847062358298,5943.110304340145,357.37590971960987,178.7272788012245,-0.8510345003968441,-3.0884994202126728,平飞,无
6.4,B0200,42330.974717083256,639.9440539813222,5968.350695882062,353.48240670710186,176.58568652038105,-0.324727014392585,3.0317722523915216,平飞,无
6.6000000000000005,A0100,-42649.20298812519,-981.5369370593472,6006.867639069173,332.5588518730776,317.3993529737475,-0.7595674008601375,-2.681590299913597,战术crank,左转
6.6000000000000005,A0200,-42549.745658709646,1417.5072148987238,5997.73664652749,334.85997250569,40.98419298245428,-1.1802932296195634,5.222553008295424,战术crank,右转
6.6000000000000005,B0100,42236.07962741263,15.06196475676552,5942.951351072632,357.369890154724,178.83851971233713,-1.1315630390116846,-1.4770089601818095,平飞,无
6.6000000000000005,B0200,42260.38637581305,643.6988712812345,5968.719753881498,353.48582727616935,176.68718391463014,0.1003266168429335,4.465541730989823,平飞,无
6.800000000000001,A0100,-42599.99195431923,-1026.2247150782205,6006.685315054709,332.2356329366311,317.4974359503049,-1.005850031342948,-1.688599305502125,战术crank,左转
6.800000000000001,A0200,-42497.65830570927,1459.505751181423,5999.8195846898925,334.6189763788284,40.62068782936439,-2.826799621807919,8.263227556989925,战术crank,右转
6.800000000000001,B0100,42164.63045731087,16.180433276043914,5942.717690367743,357.19006880916,178.65913819343905,-0.9968800275847736,-4.172341292184209,平飞,无
6.800000000000001,B0200,42189.79814638352,647.4372112058754,5969.231921833612,353.3544609624035,176.52091004409888,0.2094101296337562,1.9040924514856492,平飞,无
7.0,A0100,-42550.84731433624,-1070.8791168168536,6006.389968137939,331.75553754962675,317.33163030928563,-0.9023783708051798,-3.649831985601741,战术crank,左转
7.0,A0200,-42445.58930768662,1501.489823259013,6000.612533159761,334.35011934350933,40.51688564340897,-2.6313183810138177,11.4258315818958,战术crank,右转
7.0,B0100,42093.20812642,17.34894076913224,5942.496352924325,357.1796668835155,178.77412982400585,-1.2371668086802934,-2.5416268258503,平飞,无
7.0,B0200,42119.23460940433,651.1746525411418,5969.96893629578,353.3548089685333,176.62322878550938,0.529985425555585,3.4000807598830463,平飞,无
7.2,A0100,-42501.79550847732,-1115.5036724973652,6006.087080152614,331.4410038380463,317.4353517351835,-1.131346188879364,-2.643748212902916,战术crank,左转
7.2,A0200,-42393.6092405766,1543.482689905086,6000.707242372038,333.82908290301003,41.11604575504826,0.5400658305404744,14.78977708864404,战术crank,右转
7.2,B0100,42021.79865510914,18.55541012523281,5942.184631809003,357.0007653526468,178.59248839176706,-1.089321558578271,-5.226533936270021,平飞,无
7.2,B0200,42048.67895030314,654.9084544866782,5970.889493043564,353.1991995704572,176.46021662626873,0.5898661989807876,0.9169408532500756,平飞,无
7.4,A0100,-42452.81201243638,-1160.0998375900017,6005.665927328628,330.9728327811101,317.2701472151789,-1.0248830031548108,-4.566097566254256,战术crank,左转
7.4,A0200,-42341.95417794932,1585.6345908912554,6001.278014665782,332.79718710505,41.677441269161925,3.736901320829805,9.513428141727251,战术crank,右转
7.4,B0100,41950.41597947288,19.818965890835894,5941.877436316001,356.9924045695031,178.71106789651668,-1.3198650649745498,-3.595088262161983,平飞,无
7.4,B0200,41978.15050042873,658.6553371105456,5971.99987715936,353.20560362819595,176.56271013805286,0.1402692554731851,2.466916500876568,平飞,无
7.6,A0100,-42403.9239590542,-1204.672247116392,6005.234304499176,330.66955538092634,317.3774722823668,-1.2486610386435189,-3.5665966661856148,战术crank,左转
7.6,A0200,-42290.659148556566,1627.9044330751385,6002.707946334624,332.11909894111915,41.29238437350633,0.5721205619532164,-2.8162942104095,战术crank,右转
7.6,B0100,41879.04584009912,21.1254718059281,5941.475948062343,356.8168664478213,178.52612382466987,-1.1722603930651694,-6.279869967290324,平飞,无
7.6,B0200,41907.63402310622,662.4152715522159,5973.09622368684,353.02024381228074,176.40261020691622,0.2136623920112339,0.0032223554407566,平飞,无
7.800000000000001,A0100,-42355.10531002737,-1249.220758132913,6004.682279299343,330.2143332755807,317.2112820360297,-1.1446112265337538,-5.46775784140469,战术crank,左转
7.800000000000001,A0200,-42239.48266046991,1670.2325501033663,6003.911122366393,332.1874113192361,41.56329038105131,-2.2453062364477505,-6.814075501187711,战术crank,右转
7.800000000000001,B0100,41807.70201872218,22.49551974676069,5941.076125536452,356.812257075057,178.64747856295918,-1.398893764118163,-4.657468769772428,平飞,无
7.800000000000001,B0200,41837.147009394925,666.2006942090902,5974.234083022304,353.0034314663371,176.51301982608376,-0.0639585661945769,1.6096871162848752,平飞,无
8.0,A0100,-42306.38404184897,-1293.751131609799,6004.117946956088,329.9232262166946,317.3207145695001,-1.3657090128104172,-4.487190164152591,战术crank,左转
8.0,A0200,-42188.380995490086,1712.7110470465375,6004.107466209644,332.3467923388604,41.54333524298435,-2.6219845093715928,-2.967714732263587,战术crank,右转
8.0,B0100,41736.352678448944,23.90212530199824,5940.508402866923,356.8637485622641,178.61778261553013,-1.2435929896046929,1.167972919200349,平飞,无
8.0,B0200,41766.67342911834,670.0067485281979,5975.293313634778,352.814085607804,176.3557363109789,0.0791270816525528,-0.8393471948146979,平飞,无
8.200000000000001,A0100,-42257.73280592361,-1338.261731418503,6003.431407709672,329.4814125503852,317.1524244430515,-1.265445839433582,-6.379549972303537,战术crank,左转
8.200000000000001,A0200,-42137.32197090056,1755.3032905327964,6003.4987083583,332.63104654991696,41.415528573928825,-2.272940055512496,0.90712602964971,战术crank,右转
8.200000000000001,B0100,41665.005553991,25.328598736712596,5939.937308480272,356.73866738224024,178.44738451836497,-0.7560949585856587,-1.5650472496226633,平飞,无
8.200000000000001,B0200,41696.25622378061,673.8436614745824,5976.3646656080455,352.51952517760753,176.47028884714825,-0.1587637651927106,0.7769107666446822,平飞,无
8.4,A0100,-42209.18054099394,-1382.7595165766795,6002.730676643036,329.20286356082715,317.2629619559454,-1.484517851272432,-5.425996455426901,战术crank,左转
8.4,A0200,-42086.272999561465,1798.000034035631,6002.429483850612,332.9840617832826,41.42458410429704,-1.0036226811562956,4.837763052108616,战术crank,右转
8.4,B0100,41593.67533790592,26.787332020745453,5939.576022742607,356.7562733043184,178.51836235695987,-0.3442099514242242,-0.0188537645823206,平飞,无
8.4,B0200,41625.84905926231,677.7077079990922,5977.172061059973,352.7403395438285,176.59030371302214,-0.5062295490852666,14.851394752485328,平飞,无
8.6,A0100,-42160.68492481225,-1427.247405212658,6001.844382210706,328.97913163242976,317.2249374624088,-1.3788379652252671,0.2711725259031127,战术crank,左转
8.6,A0200,-42035.28216780249,1840.8204581894931,6001.499369097155,332.8337538978093,41.69090277441215,1.996621350699859,9.02356455241246,战术crank,右转
8.6,B0100,41522.349900984045,28.27359805800006,5939.415584127642,356.6064024291348,178.34214587547064,-0.3050305685516098,-2.688490257188929,平飞,无
8.6,B0200,41555.39899878023,681.5844542212271,5977.602595122276,352.7656256578377,176.51832216621992,-0.3019953147879043,20.98277779997869,平飞,无
8.8,A0100,-42112.24056637551,-1471.7083477664091,6000.920209281565,328.5844728272334,317.06535087344577,-0.926833634291886,-1.6543732583505648,战术crank,左转
8.8,A0200,-41984.52689256797,1883.7887293185304,6001.5122985062735,332.1108928977188,41.72535302655991,3.2643086517009854,4.613175708163857,战术crank,右转
8.8,B0100,41451.047438360736,29.80511488223965,5939.451914204996,356.62018707191106,178.46161558590086,-0.7503319591925062,-1.1135076570119726,平飞,无
8.8,B0200,41484.9629714007,685.3292264995071,5978.079958472097,352.58055102495285,177.51124058472175,1.6665043563723572,20.69096161851225,平飞,无
9.0,A0100,-42063.87012043541,-1516.14168106523,6000.157691575347,328.31851704104974,317.1246314502348,-0.5495368486388519,-0.771397483943505,战术crank,左转
9.0,A0200,-41933.94827968969,1926.8325582561336,6002.262512662584,332.22205289503546,41.66416468280431,-0.652036236165346,1.7677394748743869,战术crank,右转
9.0,B0100,41379.7559047891,31.369446339254864,5939.478152964921,356.4426558956316,178.2860575967982,-0.6842378262691751,-3.782491703033395,平飞,无
9.0,B0200,41414.58569047332,688.6010898033528,5979.442072013322,351.98250287147147,178.87993929707753,5.32315209973721,16.89052131495547,平飞,无
9.2,A0100,-42015.55544329747,-1560.5528525620775,5999.516066297945,327.9049989585096,316.9668762345824,-0.5479396943883146,-2.619866098785538,战术crank,左转
9.2,A0200,-41883.4021988261,1969.9450949402672,6002.605267039495,332.14050315983314,41.58163080823018,-1.6993486476396342,6.098756995182431,战术crank,右转
9.2,B0100,41308.49116465701,32.98279485097191,5939.545740661273,356.43318358633576,178.40219349107062,-0.9557531591005346,-2.1573171151327943,平飞,无
9.2,B0200,41344.341278969776,691.3974915764302,5981.921004706395,351.4905943465444,177.86886158095405,0.4299403559582186,5.441661212222839,平飞,无
9.4,A0100,-41967.32393947824,-1604.9417798133327,5999.023072039081,327.655345706903,317.0764285846896,-1.013449883060134,-1.7176288236874413,战术crank,左转
9.4,A0200,-41832.94438700064,2013.069233381448,6002.530814458216,331.5435672364049,41.46037560292248,-0.9941429524771042,2.3837149841902536,战术crank,右转
9.4,B0100,41237.23947868608,34.63294911855701,5939.535134470898,356.2514781235263,178.22375480778288,-0.8202758670520428,-4.822888633670625,平飞,无
9.4,B0200,41274.16367368218,694.1349468041371,5984.122918080508,351.1909858087685,177.98656376508208,-1.793414164257336,4.082808466224627,平飞,无
9.6,A0100,-41919.15048067467,-1649.3082291343453,5998.474985886773,327.2396942816728,316.9213198741755,-1.0057978208365794,-3.5390068723745087,战术crank,左转
9.6,A0200,-41782.598927405976,2056.189906322117,6002.397823517902,331.4316819427943,41.554637508914325,0.4864167963024022,1.8754448606240357,战术crank,右转
9.6,B0100,41166.01555582852,36.33804225475615,5939.534720215248,356.2395427343536,178.34179648231637,-1.0571718206111942,-3.19148058442439,平飞,无
9.6,B0200,41204.03076806656,696.8675497990589,5985.391000199901,350.78187802159715,177.74805476609106,-1.7899755834634186,0.8718673252722746,平飞,无
9.8,A0100,-41871.06129257656,-1693.653216750563,5997.943867812448,326.98391123149327,317.0261069359417,-1.2724666890484695,-2.603792884450675,战术crank,左转
9.8,A0200,-41732.31481410462,2099.3549214081468,6002.496675045621,331.2031711389647,41.412490207617935,0.767062013107569,-1.2835206144772804,战术crank,右转
9.8,B0100,41094.80475997738,38.08442852767985,5939.442342143926,356.05992249263613,178.15987038500515,-0.911244734962739,-5.856937289345714,平飞,无
9.8,B0200,41133.94599452392,699.5957029286546,5986.1261066378975,350.7291580110518,177.79696931737598,-0.4419376224660115,1.9773114427562983,平飞,无
10.0,A0100,-41823.03151382058,-1737.9770577100226,5997.300818296064,326.5752710133778,316.86869755074423,-1.1893215120367795,-4.401897233355228,战术crank,左转
10.0,A0200,-41682.082901468944,2142.5251491056515,6002.861983036899,331.2136249633896,41.533138873217695,0.0748713595627228,-1.610540616059054,战术crank,右转
10.0,B0100,41023.62149527212,39.89188500202545,5939.353000710848,356.0509453267836,178.2803436433246,-1.139638715195343,-4.233263694256851,平飞,无
10.0,B0200,41063.86210902175,702.3124507029752,5986.735930249337,350.62389152324994,177.60191546997748,-0.0718189461751745,-0.8455094277610711,平飞,无
10.2,A0100,-41775.09922724046,-1782.2853045609136,5996.734998694847,326.25077105663587,316.823391926745,0.1903532874395528,-3.48997367109741,战术crank,左转
10.2,A0200,-41631.85972684487,2185.745723220047,6003.207320648633,331.3691241631427,41.26772652544531,-0.0505127100885325,-4.6223212709953065,战术crank,右转
10.2,B0100,40952.45089990165,41.744944946120086,5939.167969013082,355.87539908158254,178.09434753820383,-0.99476431036095,-6.905766275985157,平飞,无
10.2,B0200,40993.79387053184,705.0365156487096,5987.396085354079,350.6637599073766,177.67605327281052,-0.3825682397976427,0.3943640966073258,平飞,无
10.4,A0100,-41727.2590036345,-1826.5918352098413,5996.462611597364,325.7409428524869,316.6583521404553,0.5045785092619811,-5.253211930058713,战术crank,左转
10.4,A0200,-41581.62846030368,2228.977101887278,6003.56306761759,331.41218697742306,41.40278578733814,-0.3645399899512103,-4.779164463715115,战术crank,右转
10.4,B0100,40881.30727089281,43.66497287695893,5938.983061805386,355.87073857701944,178.2168371668061,-1.2196041978359755,-5.296952792405418,平飞,无
10.4,B0200,40923.72792763254,707.7667013763075,5987.9772969954665,350.52513807935185,177.48371421607035,-0.2720875537190063,-2.2790925691070774,平飞,无
10.6,A0100,-41679.54209245953,-1870.8951746278851,5996.505191214423,325.4560356015472,316.8141793216737,-0.2358817116268684,-4.440742604682315,战术crank,左转
10.6,A0200,-41531.40164876835,2272.2391570846376,6003.705806312295,331.4881431350169,41.30514578958445,-0.8010183173898738,0.2223728664331695,战术crank,右转
10.6,B0100,40810.15790449742,45.623385757198776,5938.629081625353,355.922646198154,178.1842204369594,-1.0657581443846516,0.5195177989700779,平飞,无
10.6,B0200,40853.68162885839,710.5216808487221,5988.56520872741,350.5524548079243,177.57521565425864,-0.5236271089364067,-0.9351537695228032,平飞,无
10.8,A0100,-41631.884859305166,-1915.198533754536,5996.503570026296,325.25259451549016,316.7940575999991,-0.3435521762573254,1.228888765661896,战术crank,左转
10.8,A0200,-41481.17562807044,2315.5273149618515,6003.582194411389,331.5744293978861,41.29188040743932,-1.1591795173294646,5.066756380957759,战术crank,右转
10.8,B0100,40739.00905973937,47.60553250203702,5938.250800287366,355.80644877385,178.0042946731159,-0.8428477530761707,-2.2152446459111363,平飞,无
10.8,B0200,40783.63944240245,713.2952807242236,5989.055244555819,350.40955543665683,177.3891161412525,-0.3904085578405039,-3.5261745030598477,平飞,无
11.0,A0100,-41584.27182992801,-1959.4756686345356,5996.50504205783,324.8821185537438,316.6427160411033,-0.2302792126347887,-0.5420184230406383,战术crank,左转
11.0,A0200,-41430.9803633531,2358.8476610487014,6003.257584877652,331.43899682485375,41.19986587747412,-1.0012056928030948,2.174572794155124,战术crank,右转
11.0,B0100,40667.87962508304,49.62131349870469,5937.953791445991,355.8221116994389,178.1083079923306,-1.1663912639668672,-0.6577491541590511,平飞,无
11.0,B0200,40713.61804964978,716.1065029343026,5989.543825906863,350.4347169039379,177.49219099267185,-0.6275219965116743,-2.125696666669876,平飞,无
11.2,A0100,-41536.72485381475,-2003.7185366354931,5996.587757326375,324.6441516551463,316.73375682826713,-0.5992243603265367,0.3405029873630311,战术crank,左转
11.2,A0200,-41380.83372443104,2402.182665844608,6002.95571762675,331.3952602440794,41.36766234016177,0.4235089829955376,2.296902420071877,战术crank,右转
11.2,B0100,40596.75937469463,51.662717894798334,5937.59705276951,355.65844104395484,177.92986227145488,-1.049581753248657,-3.352206247264556,平飞,无
11.2,B0200,40643.601410094816,718.9454671436597,5989.931056133422,350.2919314848192,177.3080683199576,-0.4913066375858171,-4.669349356588719,平飞,无
11.4,A0100,-41489.22516827149,-2047.9321592808465,5996.583509138547,324.24465852679936,316.5862347004768,-0.5525921481568015,-1.3837418426976478,战术crank,左转
11.4,A0200,-41330.73507111756,2445.5479669130477,6002.930198513093,331.1110095379507,41.23970469522918,0.6769851442976622,-1.971573881517669,战术crank,右转
11.4,B0100,40525.671480853845,53.7549942718706,5937.366933737232,355.5879372181088,177.91264582844326,0.5112088039896928,-1.7808198953725176,平飞,无
11.4,B0200,40573.6058814247,721.8320428675124,5990.314882733232,350.3183235355816,177.4189177356962,-0.7228700481717634,-3.241616221467432,平飞,无
11.6,A0100,-41441.79811153129,-2092.114958872204,5996.583023910796,324.00043938333795,316.68294649800214,-0.8054795797592588,-0.4678396269558593,战术crank,左转
11.6,A0200,-41280.68485200827,2488.876670361348,6003.275061904405,330.9937432177181,41.47149588085404,0.00608652433696,-4.980179098954315,战术crank,右转
11.6,B0100,40454.6104443282,55.90543548264032,5937.562573589672,355.2903700738025,177.7445421824954,0.5658886564907456,-4.413465687849043,平飞,无
11.6,B0200,40503.59738762616,724.7464723941212,5990.526435142518,350.3974069598293,177.38876223237622,-0.5815162771008251,2.544796381752043,平飞,无
11.8,A0100,-41394.4209647769,-2136.2721733565304,5996.463216711434,323.60861054803365,316.53768270444994,-0.714864000566384,-2.150047390936632,战术crank,左转
11.8,A0200,-41230.63480794008,2532.217260460555,6003.536260634703,331.083315230277,41.56418191196194,-0.5462522493359068,-0.1131965837468629,战术crank,右转
11.8,B0100,40383.59746361105,58.13232321660689,5938.137627176664,355.2696489852522,177.88743027402666,-0.0118223008182018,-2.9243167611680123,平飞,无
11.8,B0200,40433.58523077705,727.6684709821766,5990.725542277933,350.29964284027363,177.23215309038812,-0.0998532452420722,-0.0167080825650995,平飞,无
12.0,A0100,-41347.1192275083,-2180.403445655973,5996.333170037202,323.3711518726387,316.6379938186869,-0.9455566580296876,-1.2286134171867669,战术crank,左转
12.0,A0200,-41180.59493555521,2575.5958717046237,6003.57130248479,331.1636292253126,41.4393045777372,-0.9537511906482846,4.913963326495667,战术crank,右转
12.0,B0100,40312.59845776906,60.40853701838205,5938.786967506097,355.0890466420274,177.7153449591835,-0.0498284356349092,-5.556601745800228,平飞,无
12.0,B0200,40363.5874303064,730.605515694424,5991.121682325582,350.34186858344685,177.3138237897733,0.3015660814991497,1.3732653491113729,平飞,无
12.2,A0100,-41299.86864224054,-2224.5128125293395,5996.077471092865,322.9898409135512,316.49278511472824,-0.8493961448919082,-2.886946826205885,战术crank,左转
12.2,A0200,-41130.58148031233,2619.0022836830794,6003.423944034179,331.03077714382954,41.3593782021021,-0.8183999897825835,1.8840796353638416,战术crank,右转
12.2,B0100,40241.62842640534,62.748995838614064,5939.515359361187,355.0775019591252,177.84217067916182,-0.3610966135219497,-3.967175283058952,平飞,无
12.2,B0200,40293.590950057216,733.553238214623,5991.700713718223,350.2162915641067,177.14201434795925,0.3365569365758694,-1.0965619668533666,平飞,无
12.4,A0100,-41252.69527055647,-2268.600970220181,5995.808338663392,322.76220536035987,316.59528630866964,-1.0747553858084593,-1.9749281171250903,战术crank,左转
12.4,A0200,-41080.616015635394,2662.4220510874875,6003.30547129572,330.98380535747987,41.528621211636384,0.5992243329711552,2.045482331392418,战术crank,右转
12.4,B0100,40170.67264448057,65.13537763399108,5940.179692757434,354.88884999670245,177.65956156927678,-0.2518785219706365,-6.623808657067516,平飞,无
12.4,B0200,40223.61505986593,736.5295979693801,5992.46585830145,350.2570055553931,177.25127331616764,-0.1170543857453546,0.3361379420522405,平飞,无
12.6,A0100,-41205.57372174123,-2312.6706974952285,5995.411498208112,322.3922424527084,316.4489085794687,-0.9801478894709886,-3.6224456059538297,战术crank,左转
12.6,A0200,-41030.696862817225,2705.869267603088,6003.462284969808,330.7339030104783,41.44486827252292,0.843685224261419,-0.6582623539659824,战术crank,右转
12.6,B0100,40099.74716902178,67.58735026350405,5940.857810576823,354.8695885853492,177.78208968121032,-0.4926936167337934,-5.033969276683121,平飞,无
12.6,B0200,40153.64419118071,739.527357610823,5993.211955657474,350.10632582547174,177.08240589551812,-0.0602193826588326,-2.118137556889592,平飞,无
12.8,A0100,-41158.53077231731,-2356.723731017049,5994.999661512475,322.17524234922445,316.55258661315423,-1.2033413697829038,-2.728892339571712,战术crank,左转
12.8,A0200,-40980.824053228425,2749.306926442834,6003.9094850484325,330.72277982759994,41.606251853706354,0.1406474206911342,-0.5834373915826117,战术crank,右转
12.8,B0100,40028.81740759134,70.07691334480842,5941.372573453107,354.9049085727829,177.7502906467915,-0.3467995885841147,0.7769476992427338,平飞,无
12.8,B0200,40083.69598514424,742.5616943522364,5993.994286017023,350.12429712365895,177.19419562796213,-0.3353219436341457,-0.6260793123071076,平飞,无
13.0,A0100,-41111.540043578745,-2400.7616272954,5994.45864038644,321.81694146880056,316.4042013853507,-1.1118126514456017,-4.37472209027921,战术crank,左转
13.0,A0200,-40930.97538920824,2792.765686982533,6004.35250149415,330.5821810187067,41.380169582273375,0.0286426437052588,-3.24027878968668,战术crank,右转
13.0,B0100,39957.87382964955,72.58398005550225,5941.796033981371,354.9878727337982,177.7264116596442,-0.1301424496112281,6.517004863126091,平飞,无
13.0,B0200,40013.754434776754,745.6232055828368,5994.6923312511735,349.96984938144465,177.02550789082522,-0.2067197816648862,-3.0673984297512464,平飞,无
13.2,A0100,-41064.639754354735,-2444.7890312577547,5993.983900193214,321.53727459696904,316.3606033688321,0.2497246849897774,-3.5213030117930217,战术crank,左转
13.2,A0200,-40881.14016609401,2836.2072223750365,6004.819920810567,330.60199271259074,41.540504234286566,-0.2887852010686011,-3.111986646417966,战术crank,右转
13.2,B0100,39886.92950333007,75.06934233899665,5942.273417685779,354.859030215097,177.56436554182648,0.0219960237953361,3.823345371483888,平飞,无
13.2,B0200,39943.83630478104,748.7279120467138,5995.396898014787,349.98503710001194,177.14070838324113,-0.446489439691477,-1.5621446855880503,平飞,无
13.4,A0100,-41017.78279374905,-2488.858678121882,5993.67379479296,321.7840463650374,316.582430501487,0.952846622474261,8.42038251523135,战术crank,左转
13.4,A0200,-40831.29422483101,2879.679090900143,6005.173330573809,330.74945844115365,41.27009399395701,-0.2598969726422137,-7.60707762212064,战术crank,右转
13.4,B0100,39816.00851134836,77.53552803120147,5942.923976472664,354.8581136724731,177.67636528840575,0.4033820407356643,5.381251543513256,平飞,无
13.4,B0200,39873.92493827575,751.8645321470322,5996.004281511148,349.8325077555322,176.96990706741596,-0.3064408992706646,-3.997727550760633,平飞,无
13.6,A0100,-40970.85414451301,-2532.9113009363427,5993.503528119183,321.7803370497991,317.4972125486355,2.5373301778522146,28.265858709669843,战术crank,左转
13.6,A0200,-40781.39847204797,2923.045727155488,6005.827772849219,330.26008672467384,40.30923833160293,1.5484887108112797,-28.51682742730106,战术crank,右转
13.6,B0100,39745.09467832158,79.97989581329057,5943.741548054428,354.6993760859736,177.51824748369202,0.4990626786488934,2.7942533615342366,平飞,无
13.6,B0200,39804.07252066759,755.0621783211682,5996.713543075326,349.5041459695109,177.07783040118971,1.252151013721501,-2.647496442710828,平飞,无
13.8,A0100,-40923.577368569546,-2576.588369350555,5993.988369889288,321.8415403761348,320.1636336238542,5.732203387376535,48.31862320098105,战术crank,左转
13.8,A0200,-40731.10523639598,2965.716250804748,6007.532420490639,329.5089896870882,36.65518505758974,6.090438422298564,-51.48916944106245,战术crank,右转
13.8,B0100,39674.21172930749,82.41725113740358,5944.797386879056,354.6738205672616,177.63087508314536,0.8147043671525104,4.4057786476811485,平飞,无
13.8,B0200,39734.27998548636,758.3056717176405,5997.796046964335,349.2495242907508,176.99446829176577,1.3448355751140602,-0.5715238761741511,平飞,无
14.0,A0100,-40875.53158059683,-2619.372898647942,5995.309921845355,321.64689859537856,322.5354410126382,6.452630877345378,69.46294248741918,战术crank,左转
14.0,A0200,-40679.856075593,3006.8715064437274,6010.416119426334,328.432305407706,34.16483363305265,6.7855987459711695,-75.78100581654786,战术crank,右转
14.0,B0100,39603.3425499027,84.84488532024807,5946.047149604643,354.4946608909891,177.47582342194005,0.8784588828350676,1.8861114505404168,平飞,无
14.0,B0200,39664.542041908375,761.5798416049656,5999.1447769400365,349.0424583867264,177.15032150206554,0.7401575250455099,3.284974841840336,平飞,无
14.2,A0100,-40826.4551699512,-2660.870057347096,5997.095408870055,321.2476941145593,325.1803678361382,6.30466630695326,83.60107405748244,战术crank,左转
14.2,A0200,-40627.42079194832,3046.1465728185576,6013.697587319939,327.57169169393416,30.605088624771536,6.250112950244279,-101.36445209868825,战术crank,右转
14.2,B0100,39532.51499735752,87.27987271302118,5947.439117697026,354.3368146696836,177.53586060415813,-0.8145257782772918,3.5569089470724493,平飞,无
14.2,B0200,39594.8431878357,764.8397465747967,6000.55265888298,348.83097925003216,176.98912805964628,0.6829604208795089,0.8490054448708328,平飞,无
14.4,A0100,-40776.18472232994,-2700.7466563077887,5998.976476924432,320.7150469401144,327.76384234588386,5.498227549207011,92.32281162909156,战术crank,左转
14.4,A0200,-40573.79627522999,3083.5646244159907,6016.495775163634,327.0282327896956,27.353750879994312,4.252185844006986,-116.95704695296062,战术crank,右转
14.4,B0100,39461.740260474064,89.74993483207618,5948.310183950938,353.8664251708102,177.28666377512351,-1.8374392183487185,0.9917027790237108,平飞,无
14.4,B0200,39525.18149645405,768.1021774184228,6001.986702543711,348.7038646734199,177.06117653233733,-0.8724064428095375,2.200503580900752,平飞,无
14.6,A0100,-40724.721469699696,-2738.904640707082,6000.628104303058,320.1950398182873,330.1732066843596,4.308646895171406,100.97653975730589,战术crank,左转
14.6,A0200,-40519.1351797888,3119.375535777533,6018.337400851764,326.7113787108355,24.96739466428724,2.0740902213388988,-114.63594545678345,战术crank,右转
14.6,B0100,39391.03178552311,92.25938431167924,5948.812592869941,353.75880198591744,177.41644094797851,-0.3511307913648119,2.8280600501836517,平飞,无
14.6,B0200,39455.56601507067,771.381470653052,6002.859547701779,348.2409665194684,176.8157347814813,-1.9556554191173003,-0.375550336308057,平飞,无
14.8,A0100,-40672.11893896369,-2775.3193680044587,6001.734199937524,319.70828885015266,332.3957418074631,2.765269246375923,109.58427477047016,战术crank,左转
14.8,A0200,-40463.4784681984,3153.484588021616,6019.14344586452,326.1004288933531,23.21614839767436,0.704367206112381,-108.55088052759962,战术crank,右转
14.8,B0100,39320.33756590106,94.78967545797424,5949.302410599183,353.60997240562256,177.2849027118002,-0.0482655126086502,0.418949014981049,平飞,无
14.8,B0200,39386.01581243885,774.6869798064035,6003.308250093351,348.1269453986004,176.8944612627045,-0.9242916619419642,1.1633201963387787,平飞,无
15.0,A0100,-40618.4408410965,-2809.9451859457185,6001.970915869979,319.0265685535242,334.46166636476573,1.1055820339575355,111.83423872994358,战术crank,左转
15.0,A0200,-40406.83926015749,3185.6637234830123,6019.010733604886,325.35309019305447,21.583374679700263,-0.1265339589737525,-101.50760719410818,战术crank,右转
15.0,B0100,39249.66929602995,97.34999373898243,5949.901934519838,353.6033488596589,177.4042575348246,-0.3942874560164485,2.160999497736778,平飞,无
15.0,B0200,39316.500634052325,778.0111218843031,6003.506008928709,347.8486805932081,177.09760507369657,0.0211762115898057,6.939688872198173,平飞,无
15.2,A0100,-40563.69884001696,-2842.5493576807803,6001.156196038084,318.2353483587926,336.34516493123914,-0.3450698217399638,106.11655126749773,战术crank,左转
15.2,A0200,-40349.26324357557,3215.800635880096,6018.146244786347,324.6069344385061,19.85724430354645,-0.5654925664557106,-93.86327278915616,战术crank,右转
15.2,B0100,39179.01435293927,99.9348875028736,5950.454806904543,353.41601034433535,177.25918368174993,-0.272828265885798,-0.2572011766661359,平飞,无
15.2,B0200,39247.07662818809,781.2879395953423,6003.837682548608,347.1160296505087,176.977408369506,0.3202463505451556,4.522240318822962,平飞,无
15.4,A0100,-40507.95615118724,-2873.05461154395,5999.43111613198,317.48545932840153,338.2156309000141,-1.3608382635977516,99.3112484494207,战术crank,左转
15.4,A0200,-40290.80922910066,3243.840561345401,6016.8052602782445,323.8832039555207,18.04585678047352,-0.6203423618751902,-85.72493949133244,战术crank,右转
15.4,B0100,39108.38859491181,102.55451086618268,5951.03666346416,353.3984380288414,177.37884437224665,-0.5286071999399556,1.4833640540729685,平飞,无
15.4,B0200,39177.77511004638,784.5232770279199,6004.489469309234,346.75289924591,177.3152598905322,1.621852649878864,5.640329143568812,平飞,无
15.6,A0100,-40451.279588667865,-2901.417556808905,5997.024541326391,316.79211508609086,340.1488530183792,-1.9594538665743813,91.75064757482124,战术crank,左转
15.6,A0200,-40231.54781133884,3269.7666784452413,6015.271637358082,323.17788984455194,16.216933109550176,-0.2878820680966499,-77.17148496975476,战术crank,右转
15.6,B0100,39037.77653196591,105.20162183932553,5951.536166595441,353.21167857368056,177.2311390354755,-0.372126541745793,-0.9524323758500668,平飞,无
15.6,B0200,39108.534307138354,787.6856193210224,6005.622822007172,346.3929048274934,177.25548301518342,1.6057699694735834,1.9379867410637808,平飞,无
15.8,A0100,-40393.742153225765,-2927.630894145976,5994.201061783182,316.15552814856164,342.12729438045125,-2.1435503179528674,83.55498506330629,战术crank,左转
15.8,A0200,-40171.55359527243,3293.539885402032,6013.849042653641,322.27337449748075,14.367592866742228,0.1539600057837959,-77.21753784782896,战术crank,右转
15.8,B0100,38967.193532936864,107.88699839925356,5952.048146251353,353.1959080980575,177.3509983683684,-0.6100104441875746,0.7709525330540082,平飞,无
15.8,B0200,39039.39662784452,790.8091495786593,6007.172874877679,345.899973900433,177.36959019217625,0.2234920856380053,1.1229030228368828,平飞,无
16.0,A0100,-40335.43189342776,-2951.776263520964,5991.223732331233,315.75878787804487,344.1328962318603,-2.128607754885012,82.61129246331983,战术crank,左转
16.0,A0200,-40110.871772691295,3314.855863049659,6012.572371060518,321.04491677251804,12.31857662014302,0.1854123552012962,-94.07161760185494,战术crank,右转
16.0,B0100,38896.62367396057,110.60219008668172,5952.470294974837,353.01322664895093,177.19924588895242,-0.4493945391329005,-1.6798682249824382,平飞,无
16.0,B0200,38970.33301379151,793.9291323469188,6008.383635422286,345.47756889552176,177.10604060245467,-1.643990795599268,-1.5389996642711976,平飞,无
16.2,A0100,-40276.44542529208,-2974.0174908782083,5988.114955536132,315.4270761099923,346.0712166296949,-2.186297301073859,87.87208278597085,战术crank,左转
16.2,A0200,-40049.59011640771,3333.629675079937,6010.873125453696,320.2601880891003,9.77651123910792,-0.573574522732561,-106.51064326658374,战术crank,右转
16.2,B0100,38826.08221299655,113.35920277813784,5952.900823820555,353.0017289241261,177.319483956113,-0.6828943927801208,0.0231555752162532,平飞,无
16.2,B0200,38901.32424400423,797.0686547283476,6009.242210572231,345.412823358507,177.11846116975747,-0.0391091159690522,-0.2276576283302768,平飞,无
16.400000000000002,A0100,-40216.83910446077,-2994.2410423057627,5984.750017585695,314.87640356519734,347.98885670495736,-2.3294313406401,86.46933232319182,战术crank,左转
16.400000000000002,A0200,-39987.82677265939,3350.239109147191,6008.376096924549,319.87020237115394,7.35121539378687,-1.5778221819352938,-100.065521040565,战术crank,右转
16.400000000000002,B0100,38755.55316753623,116.14841596319276,5953.239251141395,352.8238854554133,177.16337808306102,-0.5240400629577844,-2.443051427878121,平飞,无
16.400000000000002,B0200,38832.32891466085,800.2275206643044,6009.946620989058,345.2503893534108,176.9416058789351,-0.4847588225879517,-2.6247974309076514,平飞,无
16.6,A0100,-40156.664648662416,-3012.263009618878,5981.191401760989,314.3349407091285,349.58802034834423,-2.3599846339737547,78.33227748171763,战术crank,左转
16.6,A0200,-39925.65644776991,3364.8654920014487,6005.266125056294,319.5644004000952,5.493725656893943,-1.8805904150820163,-84.10426159452733,战术crank,右转
16.6,B0100,38685.051751473344,118.98318354241384,5953.584195439187,352.8171395509503,177.28408353385214,-0.7556038781829837,-0.7612998865319329,平飞,无
16.6,B0200,38763.38815096693,803.4301477128702,6010.6633026142445,344.9818067567625,177.08830534756018,1.0264932174042507,-1.3716098219699424,平飞,无
16.8,A0100,-40096.002829346944,-3028.1516057202134,5977.707725602546,313.68610426585406,351.18239775812793,-1.8727187610767195,64.4736581419432,战术crank,左转
16.8,A0200,-39863.14158960816,3377.512050128418,6002.004533219517,319.1041622520147,4.015772268407961,-1.3585603863993008,-65.19452278096453,战术crank,右转
16.8,B0100,38614.56200633678,121.85265983575846,5953.83567779793,352.644296939712,177.1234608832883,-0.59973491856492,-3.243939701083967,平飞,无
16.8,B0200,38694.49763982922,806.6625939984115,6011.696835901785,344.71076489831944,176.93740259387235,1.2337248977383997,-3.660869219650728,平飞,无
17.0,A0100,-40034.94218247644,-3041.956116768013,5974.796098920437,313.11998432969995,352.8210166209357,-0.7889737137108832,49.96276693422999,战术crank,左转
17.0,A0200,-39800.380911037006,3388.292464136208,5999.148086301171,318.3561648378087,2.7589443919009504,0.0306449713416617,-45.11019897565126,战术crank,右转
17.0,B0100,38544.0991161578,124.77160637446468,5954.092140476278,352.6424206011362,177.24467238196195,-0.8297474675751667,-1.5840382441487628,平飞,无
17.0,B0200,38625.67519489798,809.9523767118299,6013.046970578676,344.49034785757914,177.19436486435362,0.6759461448654954,-2.627770117786711,平飞,无
17.2,A0100,-39973.58824112244,-3054.085313411033,5972.798376499086,312.5626905113897,354.0437680252002,0.9329731674426052,33.88915277699205,战术crank,左转
17.2,A0200,-39737.49036622781,3397.568848602441,5997.204753172096,317.6843014940053,2.0401143856166044,2.2226726692601675,-24.033758710925746,战术crank,右转
17.2,B0100,38473.64715901749,127.72789297680902,5954.253883891224,352.47464719093017,177.0793773733141,-0.6772295310758124,-4.084374526963368,平飞,无
17.2,B0200,38556.88007364186,813.2588200364244,6014.4159188659705,344.4135944797251,177.11265729206175,0.6266145250737459,-0.5893350690335996,平飞,无
17.400000000000002,A0100,-39912.08246305855,-3064.9141241855323,5972.144225834105,312.0397692410788,354.56615798246617,3.217874332832501,9.497190599411262,战术crank,左转
17.400000000000002,A0200,-39674.575169692536,3405.848742527065,5996.607354917882,316.8712569415505,1.8925696536901817,4.833722935905521,-9.827072845792385,战术crank,右转
17.400000000000002,B0100,38403.221294422765,130.73774460631284,5954.419032260541,352.477698844839,177.20111317481394,-0.9056878041674358,-2.446903854197804,平飞,无
17.400000000000002,B0200,38488.102235138416,816.5777369798052,6015.75223722762,344.29239909482527,177.10522607210729,0.2953861014563075,3.208246939963191,平飞,无
17.6,A0100,-39850.62382198031,-3075.192200476926,5972.877216925053,311.1177780326416,354.260359677436,4.71727439435029,-5.924927406040708,战术crank,左转
17.6,A0200,-39611.73905516829,3413.5238223368,5997.673908305304,316.4011301592561,2.4798626775057326,5.672361640368803,-1.2280336812873245,战术crank,右转
17.6,B0100,38332.80563690829,133.78768815983312,5954.488149299032,352.31505233081043,177.03098335600745,-0.7567390839060469,-4.9663132056951405,平飞,无
17.6,B0200,38419.34846469882,819.8901854167088,6017.006192173341,344.1371044260739,176.92421352129702,0.3803537861965448,0.7132573449872486,平飞,无
17.8,A0100,-39789.32060272829,-3085.3415733607235,5974.436727057055,310.5231084465077,353.8042161524722,3.924910897843188,-5.870942041431882,战术crank,左转
17.8,A0200,-39548.93077928458,3420.942791120331,5999.772595030312,316.414318485035,2.9419555409558367,1.295623784952901,4.964881078760614,战术crank,右转
17.8,B0100,38262.41532580592,136.8954700167942,5954.558978264873,352.32308660063774,177.1532520221068,-0.983563544668523,-3.3519066135047453,平飞,无
17.8,B0200,38350.63724376525,823.2110920768955,6018.272481127982,343.93446953258905,177.14311229892456,0.1195556539280077,1.8223722685898331,平飞,无
18.0,A0100,-39728.08980368893,-3095.3713999717293,5976.019954649897,310.1593119598879,353.760598562772,-0.2412815772986339,-3.99218700192322,战术crank,左转
18.0,A0200,-39486.17327576331,3428.1914685418487,6001.806659951066,315.53350147019285,3.029041921291822,-1.435422186217772,9.43537362940298,战术crank,右转
18.0,B0100,38192.03450914015,140.04621525055518,5954.532371654343,352.1656301061642,176.97811843112785,-0.8383875226093291,-5.891849657039433,平飞,无
18.0,B0200,38281.95368247172,826.5223353326764,6019.438845155884,343.7803687488424,176.98358954324706,0.2432596418706028,-0.5732696111038338,平飞,无
18.2,A0100,-39666.85328662457,-3105.240655791338,5976.864230386458,310.1776255675983,353.56599742009087,-2.808567260838204,-1.952197060001724,战术crank,左转
18.2,A0200,-39423.60218030203,3435.2223400565963,6003.167339059859,314.23901548431155,2.9702627892138214,-2.937356250645271,9.13713483869855,战术crank,右转
18.2,B0100,38121.704738928136,143.257898670543,5954.505984853737,351.90139673753765,177.10029556521866,-1.0577363924420795,-4.302762677056591,平飞,无
18.2,B0200,38213.311457153344,829.8470361902218,6020.598975094244,343.5864359962288,177.20087877363852,0.0083189623052886,0.4746551942532785,平飞,无
18.4,A0100,-39605.57665304005,-3114.966099014404,5976.632610161867,310.29875750695413,353.2974278898872,-3.3648782300991265,0.3318368487474911,战术crank,左转
18.4,A0200,-39361.24211558587,3442.030552050841,6003.759539021263,313.13349602317214,3.2211453192401502,-2.727541921150161,5.410373870485939,战术crank,右转
18.4,B0100,38051.441391830725,146.5125742835262,5954.382328227903,351.46217093538155,176.91995022206768,-0.91147809098967,-6.853170366598643,平飞,无
18.4,B0200,38144.69497322924,833.1654860761846,6021.64958349046,343.4432289445566,177.03232962167954,0.1344638403682878,-1.968070042217033,平飞,无
18.6,A0100,-39544.24663958015,-3124.5877741300064,5975.575455685848,310.6335012946211,353.08907326326056,-1.8938199443176091,2.9926217047599883,战术crank,左转
18.6,A0200,-39299.07035747152,3448.682231609466,6003.916638295332,312.1819093905233,3.6084571202078592,-1.446190527003702,1.4316758811180477,战术crank,右转
18.6,B0100,37981.259185532974,149.8312607614953,5954.259003770007,351.19514852046643,177.04279369296003,-1.1303725999394585,-5.301639549688764,平飞,无
18.6,B0200,38076.091339300445,836.5005331752309,6022.688697455571,343.5356678351665,177.1112838617937,-0.1058029522231715,-0.8456657016211543,平飞,无
18.8,A0100,-39482.83429985441,-3134.1094764966274,5974.383422345669,310.86537085252513,353.1725552567042,1.4838802554531227,6.098923267433571,战术crank,左转
18.8,A0200,-39237.0561855927,3455.213073846735,6004.0219079424805,311.40952579632057,3.873504825029392,-0.8739422625386155,-2.903554977568816,战术crank,右转
18.8,B0100,37911.12397394233,153.18635598060428,5953.967213342077,350.9867740018186,177.01116030341194,-0.9784737711154832,0.5149143857825257,平飞,无
18.8,B0200,38007.4819162559,839.8476998135193,6023.615301967029,343.4054995778018,176.92320739690518,0.0181213691392164,-3.316353187099564,平飞,无
19.0,A0100,-39421.39779882794,-3143.442643935965,5973.920309343384,310.4382153111859,353.093515465055,3.442482286848389,1.4850474836691143,战术crank,左转
19.0,A0200,-39175.16928526831,3461.618283982323,6004.107932612113,310.8206865342947,4.268963914872267,-2.034672434701131,-0.1476987324779562,战术crank,右转
19.0,B0100,37840.9983578407,156.5600432301253,5953.580371104976,351.10575394495913,176.98707543268307,-0.762840600749997,6.251831508006603,平飞,无
19.0,B0200,37938.88653306008,843.2268648788704,6024.531851727468,343.49553740071514,177.01777740313233,-0.2181585103447905,-2.1082391032539376,平飞,无
19.200000000000003,A0100,-39360.02400680461,-3152.650773221181,5974.443079284198,310.3308026389415,353.0765765045962,2.5532945186216387,-2.351818934650957,战术crank,左转
19.200000000000003,A0200,-39113.38671992684,3467.9373333973926,6003.702406507484,310.1898827174739,4.288214987449188,-3.5626065363668675,0.5789907466500397,战术crank,右转
19.200000000000003,B0100,37770.87077911025,159.922235062837,5953.170560730456,350.9741798981074,177.14613487233936,-0.6530735298738418,11.839337648881964,平飞,无
19.200000000000003,B0200,37870.28638805066,846.6286916948684,6025.337520947642,343.36476527779377,176.83426412522846,-0.0949245767320095,-4.5089547580901,平飞,无
19.4,A0100,-39298.6086049914,-3161.7962193553794,5975.079757115474,310.62462188366,353.0121501549648,-1.4892747213463249,1.2092372590629474,战术crank,左转
19.4,A0200,-39051.71879474883,3474.166012015972,6003.058837362149,309.70573621935574,4.300111210669946,0.0554487635358146,-4.7123146494209065,战术crank,右转
19.4,B0100,37700.82789325123,163.20119791640172,5952.842283971319,350.1079108526365,177.1206987309238,-0.543521579799479,7.820548694800371,平飞,无
19.4,B0200,37801.72750579688,850.076487932256,6026.133062264051,343.1794734212167,177.07541194904243,-0.3073657007310535,-3.386641561414159,平飞,无
19.6,A0100,-39237.13316243069,-3170.8847079452444,5975.019139877342,310.7874716108495,352.77262688921417,-3.960328589897403,4.942537260435463,战术crank,左转
19.6,A0200,-38990.11958742018,3480.264031186689,6002.901644436821,309.35792511839674,4.401014282866547,1.670998717223469,-2.9955254741515462,战术crank,右转
19.6,B0100,37630.94053764549,166.38572280401422,5952.736649672623,349.5980909309646,177.28251467463562,-0.1800049576495607,7.329356943397089,平飞,无
19.6,B0200,37733.193896788696,853.5402194656854,6026.818336494092,343.04824342002297,176.9036106906849,-0.1881539056926034,-5.767667540212099,平飞,无
19.8,A0100,-39175.65193713669,-3179.94466536688,5973.994658980091,310.67305875259194,352.5395222514597,-3.9540286225259833,0.907025129233166,战术crank,左转
19.8,A0200,-38928.59454038065,3486.263747523229,6003.127462995388,308.7220727123272,4.439875590367652,0.2723031255417187,-3.26732948129366,战术crank,右转
19.8,B0100,37561.15288118449,169.50619494574312,5952.787984111612,348.92288902986564,177.10972615824744,-0.0730078227739801,4.722235789327471,平飞,无
19.8,B0200,37664.69865854188,857.0498840340388,6027.4887403155935,342.8783258315785,177.13513784288122,-0.3965198704166153,-4.767145604327503,平飞,无
20.0,A0100,-39114.17376868936,-3188.9589204443346,5972.733559453489,310.8594451526749,352.55748701602795,2.03544304110669,-0.4057750988255646,战术crank,左转
20.0,A0200,-38867.19228765677,3492.1707375035294,6003.52459453777,308.18918612206505,4.726964500112352,-1.1524639557454273,-1.789601233227383,战术crank,右转
20.0,B0100,37491.47973790264,172.58371714020723,5953.062322690004,348.5492293028375,177.2133180035117,0.2354972390565139,6.094282759072966,平飞,无
20.0,B0200,37596.22659837107,860.5664522817697,6027.948910772351,342.7614146370824,177.10891702719346,-0.7516483416840853,0.8794121760986466,平飞,无
20.200000000000003,A0100,-39052.65313179001,-3197.9288186137783,5972.132356605729,310.8455561284211,352.5097347180508,2.747274832746184,4.015965235711057,战术crank,左转
20.200000000000003,A0200,-38805.89648615194,3498.032524522281,6003.525670859126,307.50952500076374,4.675413605732404,-2.7838059460031728,-2.3459633366736714,战术crank,右转
20.200000000000003,B0100,37421.90046439992,175.62068991103115,5953.51309267977,347.8616632553116,177.0524431777733,0.301597834834561,3.637057894530485,平飞,无
20.200000000000003,B0200,37527.77827564588,864.0803073832358,6028.174765255271,342.647486192154,177.05415210363265,-0.5665290386574201,6.383226423147884,平飞,无
20.4,A0100,-38991.180442016994,-3206.78885443684,5972.319338135385,310.1642516314007,352.37540095137456,2.3810384821220563,0.7175648033634733,战术crank,左转
20.4,A0200,-38744.70345857213,3503.8388964253645,6003.179530849468,307.28811017368577,4.780481603442491,-1.4408389672012638,-1.035816859450505,战术crank,右转
20.4,B0100,37352.441339557445,178.63288072961222,5954.201360355162,347.4741315832375,177.16280725220213,0.5945854191366101,5.081795485794095,平飞,无
20.4,B0200,37459.38689183071,867.5611865019619,6028.3367117530815,342.09098913382525,176.88180346176924,-0.3172131044544663,3.783762803024695,平飞,无
20.6,A0100,-38929.80152792963,-3215.588046592282,5973.072206925202,310.0969087021241,352.5666297162872,0.1407096452552644,-1.8830571083259715,战术crank,左转
20.6,A0200,-38683.53619557349,3509.610465944046,6002.670582962841,307.06634823127246,4.671950619398605,-1.0270620946938656,-1.8228328884196747,战术crank,右转
20.6,B0100,37283.096758150365,181.6186518208069,5955.070995114869,346.5555479152912,177.01138467624287,0.6570779426366468,2.741324334332893,平飞,无
20.6,B0200,37391.0888444201,871.009544538485,6028.604069077552,341.82632978176025,176.96767466453522,0.0941748250748082,4.858476964689559,平飞,无
20.8,A0100,-38868.382326764,-3224.355075467356,5973.477644926959,310.2969451296519,352.5801953829108,-2.9229839606673584,2.6286030401599576,战术crank,左转
20.8,A0200,-38622.40686336336,3515.3292057211875,6002.231939113428,306.98536070673555,4.802291081461742,-0.6253881715148913,-0.7954028538655816,战术crank,右转
20.8,B0100,37213.88014163169,184.59656991303015,5956.078000821579,346.376677890098,177.04736395919196,-1.0081172645078524,4.242813356627588,平飞,无
20.8,B0200,37322.81859809045,874.4352291077666,6028.912153751413,341.7399814161301,177.10309111607472,0.1547297017746494,10.344042251025732,平飞,无
21.0,A0100,-38806.93507379271,-3233.104581228421,5973.017783226191,310.4187519648324,352.5411811724974,-3.3895908210989245,7.138743270766016,战术crank,左转
21.0,A0200,-38561.28831539322,3521.0165781036485,6001.821730508205,306.78275462104136,4.684075109742554,-0.5151210320833026,-1.7693456989742058,战术crank,右转
21.0,B0100,37144.7658734901,187.6029014831147,5956.580523421879,345.3951286895326,176.7831972086389,-2.1413511573938884,1.902615880900946,平飞,无
21.0,B0200,37254.62126712974,877.7795774695278,6029.329618803051,340.9493183112335,177.04442218948878,0.1771900226198429,6.720073086366205,平飞,无
21.200000000000003,A0100,-38745.46671215505,-3241.8222470952187,5972.032477051955,310.4165489520127,352.7400947790016,-0.5751880932555485,3.981609814348992,战术crank,左转
21.200000000000003,A0200,-38500.22412024637,3526.6531362454807,6001.5646471312375,306.4805334283676,4.806114127236111,-0.2525105716046497,-0.8838621474151906,战术crank,右转
21.200000000000003,B0100,37075.78542253102,190.6440903750463,5956.784145936284,345.1565262649346,177.0966612929516,0.5194678374333332,3.415755260745358,平飞,无
21.200000000000003,B0200,37186.566456329805,881.0410657410557,6029.974675151416,340.518285326542,177.18556139710947,0.4974333880761112,5.911672616909134,平飞,无
21.4,A0100,-38683.985515968576,-3250.4374124217284,5971.541517629301,310.41291236487496,353.0826957894398,4.007570462433643,3.297863199816331,战术crank,左转
21.4,A0200,-38439.227656562725,3532.2562124373726,6001.371722705988,305.9831977413619,4.676882755306934,-0.2076428017827469,-1.9458966938862732,战术crank,右转
21.4,B0100,37006.89090577592,193.66704826246317,5957.281162703428,344.39385329809573,177.00205702626695,0.9290445852935,1.248168840807788,平飞,无
21.4,B0200,37118.61467741264,884.2488280225589,6030.757470051411,339.6960707160858,177.0097192608659,0.5799588045526708,3.5543939009736705,平飞,无
21.6,A0100,-38622.5365164261,-3258.9220083261807,5972.135389967738,309.88728071840444,352.98299075589085,4.523918044459724,-0.2169898477472809,战术crank,左转
21.6,A0200,-38378.32893931365,3537.806010371023,6001.347741296111,305.6001280098623,4.791731253644053,0.021239592401744,-1.1589808388842604,战术crank,右转
21.6,B0100,36938.13039936861,196.6897354059256,5958.093950128019,343.95899299812663,177.07848462957915,-0.495095276125028,2.6030391223061176,平飞,无
21.6,B0200,37050.81574091991,887.4272423591483,6031.647139161427,339.14051163161,177.00598482677196,-1.0178424006590436,4.675696275031775,平飞,无
21.8,A0100,-38561.166917675146,-3267.3527952283675,5973.54254026634,309.8700237013139,353.24168110253726,0.6804876986627947,-3.282273178857979,战术crank,左转
21.8,A0200,-38317.50098068221,3543.32271271203,6001.393070951875,305.10329456867385,4.6529275488499335,0.0461412348834183,-2.273814094540131,战术crank,右转
21.8,B0100,36869.44105894091,199.73223605527164,5958.556525755244,343.5711476863774,176.823559878023,-2.070129460341295,0.3065446610090606,平飞,无
21.8,B0200,36983.09698794027,890.6223149056459,6032.031313959349,338.78158800574886,176.7026583602357,-2.321020083555515,2.3897503102611,平飞,无
22.0,A0100,-38499.74726379578,-3275.7378818454545,5974.598805974476,310.0731617199646,353.2949557663579,-2.333478767343649,0.859204868046634,战术crank,左转
22.0,A0200,-38256.77136788966,3548.785071066693,6001.608984712606,304.7217447601283,4.761869762383069,0.2642839914684343,-1.5590428080802283,战术crank,右转
22.0,B0100,36800.82186659179,202.8127129297136,5958.759050230547,343.37179293270793,177.05714486642393,0.505552142560616,1.7421814721344862,平飞,无
22.0,B0200,36915.43458439497,893.8458603892814,6032.100449901942,338.6631479032123,177.019747400796,0.3909915433075088,3.5812283375331115,平飞,无
22.200000000000003,A0100,-38438.29198672886,-3284.0814253597146,5974.697550256262,310.1147967360157,353.1361773665556,-4.296362334812089,5.035248399721088,战术crank,左转
22.200000000000003,A0200,-38196.11223550057,3554.213434604844,6001.892564372043,304.22663572656484,4.615116672002032,0.2831067959017078,-2.709063598619593,战术crank,右转
22.200000000000003,B0100,36732.28456141979,205.89258352626712,5959.247301413423,342.6341874512895,176.94845157400974,0.9171591208065152,-0.3997062175537487,平飞,无
22.200000000000003,B0200,36847.83670206662,897.0419129229267,6032.424635150153,338.00090764685785,176.91955522586744,0.8250056067253135,1.5428554467637106,平飞,无
22.4,A0100,-38376.846887022766,-3292.415425478188,5973.733394354178,309.9749016435893,352.9540829768854,-4.154489057835003,1.3327702565657047,战术crank,左转
22.4,A0200,-38135.55171828659,3559.5849233454755,6002.345375350962,303.84713844554545,4.719112583649772,0.4971517745890915,-2.0526202761814547,战术crank,右转
22.4,B0100,36663.86167881727,208.99597961357176,5960.075127398217,342.4236187751293,177.19215382139893,0.2851496899908312,0.7620042643572168,平飞,无
22.4,B0200,36780.35654444319,900.2328719831912,6033.175510680965,337.68827515213945,177.15214299101578,2.037739585979373,2.5036301884705523,平飞,无
22.6,A0100,-38315.41007633157,-3300.7142209633857,5972.481242253049,310.1579235568404,353.06048347608044,1.887935698308312,0.2853481038173976,战术crank,左转
22.6,A0200,-38075.0612412968,3564.920446971777,6002.862973218847,303.3538326012647,4.565472178317389,0.5128492795703964,-3.2271539070480566,战术crank,右转
22.6,B0100,36595.463966920055,212.1026059217329,5960.950482078824,342.2946706360305,177.04440455119615,0.2357576779130191,-1.4895975866648523,平飞,无
22.6,B0200,36712.92148463952,903.395723252097,6034.436037574185,337.46409724101187,177.0044988378731,1.9225623836613488,0.4429547273261306,平飞,无
22.8,A0100,-38253.92754619513,-3308.966117240576,5971.878546527703,310.1708975478067,353.09243115769215,2.9280707609225542,4.827118454948224,战术crank,左转
22.8,A0200,-38014.66954340703,3570.1954901932004,6003.547916808357,302.9762838345573,4.665077355828693,0.7244945172907987,-2.6215306952662267,战术crank,右转
22.8,B0100,36527.07706207807,215.23302845965557,5961.889057878227,342.4043311776627,177.1386351561397,-0.083345559107835,-0.22718835963245,平飞,无
22.8,B0200,36645.55924016067,906.5593897363888,6036.072025443853,337.1262648859687,177.08419940995313,0.3952436115134448,1.4367518316927397,平飞,无
23.0,A0100,-38192.49184149726,-3317.092988626933,5972.118304306292,309.4733634557275,352.9989320490539,2.766082316806793,1.7420028862141212,战术crank,左转
23.0,A0200,-37954.3473787375,3575.4318320796847,6004.2945634935895,302.4847297889945,4.505167471670439,0.737744239798897,-3.8144460503268713,战术crank,右转
23.0,B0100,36458.683023231366,218.3808587370277,5962.747474369191,342.2818286681973,176.96844475291746,0.0148465470072158,-2.5829380908213104,平飞,无
23.0,B0200,36578.24489658021,909.7320297062232,6037.393064797063,336.83461739229426,176.84756469997788,-1.270962450298119,-0.7848797357623305,平飞,无
23.200000000000003,A0100,-38131.1539640766,-3325.146752566645,5972.989433452358,309.3877974145767,353.1927860257635,0.3575986390110236,-0.7715991269385101,战术crank,左转
23.200000000000003,A0200,-37894.12670472064,3580.6093290046083,6005.1346569377565,302.04816720937765,4.732216711091345,-0.6426674593053522,-3.2473954364849096,战术crank,右转
23.200000000000003,B0100,36390.32839636273,221.56571061043545,5963.612483248826,342.1028649616532,177.20754101300858,-0.2196503187602951,-1.3940829059224666,平飞,无
23.200000000000003,B0200,36510.98876812808,912.9328608480592,6038.385690576748,336.60850204239296,177.05209197701058,-0.2231538452675155,0.3473873561196001,平飞,无
23.4,A0100,-38069.77641609527,-3333.1688711870447,5973.544519032646,309.59552372630094,353.1601091394667,-2.7496570123931776,3.825949935222541,战术crank,左转
23.4,A0200,-37833.99282286345,3585.773837973007,6005.545107099151,301.44074586269954,4.641973255368559,-2.4945094799793965,-4.493762709595844,战术crank,右转
23.4,B0100,36321.9975001056,224.76052614515172,5964.374960676854,341.9774939634615,177.0491306165001,-0.0980010460049729,-3.733098661796467,平飞,无
23.4,B0200,36443.75427872637,916.1380954125962,6039.204913210706,336.5353866535688,176.91434502675372,-0.1093615993308477,-1.7015832896032612,平飞,无
23.6,A0100,-38008.38360286335,-3341.17426385788,5973.30760261121,309.50354437097945,352.9939805516726,-3.2266168670445685,0.8165532903714396,战术crank,左转
23.6,A0200,-37773.94818116344,3590.899969684069,6005.634085683829,301.3270698043724,4.539647791139706,-0.0790108979921946,-3.889054650839067,战术crank,右转
23.6,B0100,36253.676652630726,227.98883268633108,5965.129824777605,342.0892544605641,177.1413361953288,-0.3347094156539045,-2.530029163939348,平飞,无
23.6,B0200,36376.55285319688,919.3763406172328,6040.084454676655,336.3657699427591,177.06640404430715,1.3630347296658247,-0.7199139547953923,平飞,无
23.8,A0100,-37946.98763582673,-3349.156081866471,5972.5864766840605,309.76259743096045,353.1100278288335,-0.886651505638422,0.1957329379284821,战术crank,左转
23.8,A0200,-37713.91368060476,3595.9823643019954,6005.78226439076,301.0863361576869,4.314362931541944,0.9402098763029356,-5.052368068818756,战术crank,右转
23.8,B0100,36185.3469897775,231.2410437811104,5965.773601855432,341.9794319087249,176.95792811261506,-0.2135408303649374,-4.951377771350852,平飞,无
23.8,B0200,36309.37993822272,922.6306090192702,6041.286020261367,336.2037293355343,176.91811652856003,1.572583997605466,-2.829367626338492,平飞,无
24.0,A0100,-37885.534930513335,-3357.107145329617,5971.9204762980535,309.84226441077,353.25720855074786,2.3195700597771767,4.852381500576121,战术crank,左转
24.0,A0200,-37653.94044913765,3600.977998075741,6006.243303252952,300.7658433582372,4.423838745561584,0.9759662287574704,-4.568114417217806,战术crank,右转
24.0,B0100,36117.05471737522,234.5412565124425,5966.407541977553,341.8128373749803,177.19640087340616,-0.4245069096620442,-3.831002814372244,平飞,无
24.0,B0200,36242.25577268504,925.9295600392144,6042.808629813348,336.07976579742507,177.16126688998136,0.9291371318037004,-2.033531261118549,平飞,无
24.200000000000003,A0100,-37824.12416014718,-3364.937366870383,5972.125633513308,309.12107732125554,353.3593665560994,4.30652041672478,1.690190576116376,战术crank,左转
24.200000000000003,A0200,-37594.020692364575,3605.922719528469,6006.785381632542,300.4872361653856,4.4201159399032806,0.844341113019241,1.0183074007654342,战术crank,右转
24.200000000000003,B0100,36048.80095261661,237.8550708276725,5966.913970741758,341.5615275114613,177.10589037599448,-0.2957750224605963,-1.7927740646775052,平飞,无
24.200000000000003,B0200,36175.14151699806,929.2373628093684,6044.243319699479,336.0056915429589,177.08132188774246,-0.9975373276663562,0.0551141159268292,平飞,无
24.4,A0100,-37762.82314179483,-3372.6868646668536,5973.149750465011,309.0018377849611,353.54856413778066,0.2337959001006875,-0.9073546565354448,战术crank,左转
24.4,A0200,-37534.17316625759,3610.850163595842,6007.424187518571,299.98258377764773,4.252135239598586,0.6988898161335667,-0.0249992587243309,战术crank,右转
24.4,B0100,35980.580721889775,241.18465980681503,5967.320956392459,341.4789803766263,177.0988523296163,-0.5484773433457992,1.977548138154975,平飞,无
24.4,B0200,36108.05415812842,932.5522810534184,6045.104215024643,335.7578731245659,177.0824742449589,-1.646919672958221,3.855728975917043,平飞,无
24.6,A0100,-37701.48644931253,-3380.401913006124,5973.828545599914,309.1983097161093,353.51541576936023,-2.764251150381689,3.589932514434174,战术crank,左转
24.6,A0200,-37474.42804904674,3615.74975488794,6008.168994751199,299.56924908268235,4.399063405638846,-0.6783001468647569,0.5384214538124861,战术crank,右转
24.6,B0100,35912.422001323546,244.51070105776853,5967.6171276613695,340.8824742862413,176.917572348833,-0.4285443592660254,-0.516628038410463,平飞,无
24.6,B0200,36041.04245327385,935.866788551244,6045.473826879797,335.1596261301663,176.93958972028406,-0.8544772967731038,1.392529469285139,平飞,无
24.8,A0100,-37640.13319593938,-3388.095096310364,5973.679996855823,309.10956129168,353.2818014974138,-3.2145334008834268,0.5401027098756453,战术crank,左转
24.8,A0200,-37414.7702956547,3620.632589141478,6008.48741565373,298.9058739642631,4.18717593846789,-2.637830840167966,-0.5820779307857352,战术crank,右转
24.8,B0100,35844.3591422909,247.85204099210569,5968.011644290649,340.6486960692703,177.09015902992925,1.0482593860801894,0.5135296900135717,平飞,无
24.8,B0200,35974.11518712378,939.18251803971,6045.783869679961,335.0190714422328,177.15079952838195,0.6990738071255892,2.196086195145482,平飞,无
25.0,A0100,-37578.776577009005,-3395.767024090336,5973.023545089904,309.36742930267303,353.37311560895535,-0.9013403640284464,-0.1498653677481783,战术crank,左转
25.0,A0200,-37355.22665290706,3625.47930449088,6008.413629184208,298.621511499552,4.29879539481528,-1.345266516077943,0.069677377890651,战术crank,右转
25.0,B0100,35776.33145345315,251.19127660658705,5968.767574134088,340.435990873651,176.93566227232898,1.1718466010173,-1.8153177241611047,平飞,无
25.0,B0200,35907.200256512035,942.4732170553544,6046.362750194621,334.9089820503674,177.00813166013464,1.0564888504874803,0.00562925230226,平飞,无
25.200000000000003,A0100,-37517.36305584097,-3403.411485777892,5972.404001577044,309.45690768111564,353.50402282624856,2.334288168460971,4.518361281165107,战术crank,左转
25.200000000000003,A0200,-37295.71141861556,3630.312553172931,6008.121716934533,298.45158012240216,4.142477956069194,-0.6712341320868536,-0.9190178862623168,战术crank,右转
25.200000000000003,B0100,35708.35850593945,254.5592018932493,5969.861438507705,340.273226711442,177.1614412481914,0.5585059734268094,-0.9341753784383312,平飞,无
25.200000000000003,B0200,35840.33395065622,945.7634936269152,6047.221659219673,334.63620154334075,177.08018886315776,-0.3645318454197608,0.8386607696147754,平飞,无
25.4,A0100,-37455.99240498686,-3410.943588245422,5972.64850533947,308.73789135843583,353.59813643345706,4.370193077228621,1.3655150392233997,战术crank,左转
25.4,A0200,-37236.23606496945,3635.11130685328,6007.911898881413,298.25596134205574,4.265967056308107,-0.2223116700482855,-0.3152706640227344,战术crank,右转
25.4,B0100,35640.3997926702,257.9274637006274,5970.979152597873,340.26058491368656,177.0717753270061,0.4860496391225946,1.063876139386777,平飞,无
25.4,B0200,35773.50668526912,949.0565938527216,6047.722817922888,334.4026946162027,176.84745950694594,-2.0900170052117493,-1.4604719069978924,平飞,无
25.6,A0100,-37394.73328277624,-3418.4024405036344,5973.715757511794,308.618896226714,353.8122261493444,0.3027625489145793,-1.228486820397878,战术crank,左转
25.6,A0200,-37176.81280300867,3639.89119596146,6007.743405038582,297.82081987074275,4.106030180894226,0.0881228364433352,-1.346262452738861,战术crank,右转
25.6,B0100,35572.45619969387,261.29460339909383,5972.065710216713,340.0883187250634,177.04709389290656,0.1478001177873181,4.782532220818792,平飞,无
25.6,B0200,35706.72286451746,952.3765269489596,6047.940784686805,334.3294726241866,176.96416714110111,0.4743981818834719,-0.5019982139901914,平飞,无
25.8,A0100,-37333.43800610713,-3425.8269872225974,5974.441637214384,308.8199942316995,353.7960524114052,-2.708200357635478,3.266938280732088,战术crank,左转
25.8,A0200,-37117.47638535631,3644.628347758473,6007.781009019234,297.5040835288977,4.229812249201675,0.3382314523112474,-0.8104167858160641,战术crank,右转
25.8,B0100,35504.58469758861,264.6414993103681,5973.0681118117645,339.4861674872163,176.87023446950664,0.2370336732303933,2.3267088740718207,平飞,无
25.8,B0200,35639.936252414795,955.7146114779972,6048.24288852439,334.4525826408376,177.19523404056943,0.5968283853060565,12.090673898084882,平飞,无
26.0,A0100,-37272.12462244913,-3433.2272830112124,5974.341394482011,308.7330729211151,353.5628347966848,-3.174484204467722,0.2191404376485844,战术crank,左转
26.0,A0200,-37058.201024658425,3649.342592765979,6007.918706700426,297.04664511325944,4.064413195970535,0.5437920744510909,-1.852399407454029,战术crank,右转
26.0,B0100,35436.79997147832,267.98147264438194,5974.083701961561,339.3258600272465,177.07602700821016,-0.0324479498817299,3.359162465489683,平飞,无
26.0,B0200,35573.16184214644,958.9974654732232,6048.4521825458,334.0152119619684,177.0261859037557,0.1605220326024141,19.39854602943029,平飞,无
26.200000000000003,A0100,-37210.807206579135,-3440.6057138719552,5973.731308079043,308.9929322032333,353.6415073217717,-0.8667847960863588,-0.479746023426437,战术crank,左转
26.200000000000003,A0200,-36999.0170196522,3654.008623710268,6008.290683727262,296.71626988062184,4.185875293202776,0.7445001111756046,-1.3651738187498692,战术crank,右转
26.200000000000003,B0100,35369.07727377638,271.3011271135583,5974.997308920198,338.73326161964445,176.9254241508771,0.0964415862234294,1.0424285933903976,平飞,无
26.200000000000003,B0200,35506.44485958202,962.155553983499,6048.726292426023,333.918022125602,176.82997153176063,-1.0573127179394286,9.318287842493348,平飞,无
26.4,A0100,-37149.420349083965,-3447.9618397547274,5973.098260699564,309.2580774878436,353.6954214063304,1.0958601052114487,4.184160663367668,战术crank,左转
26.4,A0200,-36939.89638794595,3658.647790300931,6008.774654821429,296.2507675840372,4.01408783262446,0.9240372729255926,-2.420016159322523,战术crank,右转
26.4,B0100,35301.43972924509,274.6208875645061,5975.906237473926,338.5852570671381,177.1324583875835,-0.1461946792054124,2.0223257687076117,平飞,无
26.4,B0200,35439.76981037327,965.2705525298388,6048.87734680143,333.6279696328355,177.18737119779794,-0.5217604582601686,8.286364116888256,平飞,无
26.6,A0100,-37088.03797636864,-3455.246163158321,5972.880181883331,308.75862686280084,353.6373939158302,1.141856855070584,1.934559854034388,战术crank,左转
26.6,A0200,-36880.87286600737,3663.236460642953,6009.440645414008,295.8623255075677,4.212350495776249,-0.2628212019702345,-1.9699499442267816,战术crank,右转
26.6,B0100,35233.86163015335,277.9250877249797,5976.703836588738,338.00718334438835,176.97505573055938,-0.0144243191863702,-0.3145109521060738,平飞,无
26.6,B0200,35373.17989700523,968.3125040209306,6049.130109317095,332.8316534427677,177.371707514738,0.949404630409497,4.982113655563228,平飞,无
26.8,A0100,-37026.715707594536,-3462.4730392084475,5973.001985407007,308.81942483402435,353.75483239175514,-0.6673741662845446,1.583960503158479,战术crank,左转
26.8,A0200,-36821.92714054199,3667.810462124062,6009.747690724294,295.24493923139937,4.086044569321812,-2.759630633325523,-3.06795390409014,战术crank,右转
26.8,B0100,35166.37508099283,281.23883905308867,5977.586485165548,337.8005908386102,177.14259443824426,1.4449334650171046,0.5903873194637631,平飞,无
26.8,B0200,35306.7334834057,971.2890705980316,6049.618863936605,332.41909761777976,177.5115112628964,-1.6863555962671837,3.683419280024151,平飞,无
27.0,A0100,-36965.35710595195,-3469.6755998495646,5972.744940729672,308.9577265417458,353.7100368888574,-2.5478488121404226,6.412345048281272,战术crank,左转
27.0,A0200,-36763.09342173649,3672.3500205739774,6009.659232792932,294.97251154790587,4.137470805858751,-1.438237595070737,-2.531192147304107,战术crank,右转
27.0,B0100,35098.91995106198,284.54580795777656,5978.811461336403,337.6180898735001,176.98525475555445,1.5892606621965586,-1.7117486372943769,平飞,无
27.0,B0200,35240.35257703773,974.2485629449548,6049.610586961131,332.0321312428269,177.28766665388807,-2.1890730574203734,1.2768907264660836,平飞,无
27.200000000000003,A0100,-36904.01612239221,-3476.844149008257,5972.083692488086,308.5782511929335,353.7352580705502,-1.5176053685447812,3.7732933196303695,战术crank,左转
27.200000000000003,A0200,-36704.293187157855,3676.870291043573,6009.3822450010375,294.6817808661335,3.89219099462764,0.5046111009101225,-3.4905561830980654,战术crank,右转
27.200000000000003,B0100,35031.51639702849,287.8775762801088,5980.362312677369,337.47865064069055,177.20340037422886,0.95976278221898,-0.9340188244382948,平飞,无
27.200000000000003,B0200,35174.02296486832,977.2083014712188,6049.334597390784,332.0002253828266,177.35606541076018,0.1127974602045478,2.0503964138453377,平飞,无
27.4,A0100,-36842.71364969237,-3483.960463333826,5971.371985583122,308.70799911963354,353.96274185480456,-0.1941095319034348,3.271675665584713,战术crank,左转
27.4,A0200,-36645.56451645289,3681.309572976637,6009.626183847973,294.26946977050994,3.786085567021176,3.7119427439818287,-3.0644605526310875,战术crank,右转
27.4,B0100,34964.12177244187,291.2074924329718,5981.927519537794,337.49058335529537,177.11036751438343,0.8814353152083032,1.0594713758937817,平飞,无
27.4,B0200,35107.73560517383,980.1522116585312,6049.285529208546,331.4462465529676,177.2005034064527,0.5504723491773053,-0.1256915422511437,平飞,无
27.6,A0100,-36781.35377226532,-3491.0223520468758,5970.764452227208,308.9563060698767,354.03652255880576,0.2930674197124033,7.946556488186578,战术crank,左转
27.6,A0200,-36586.91896120775,3685.689686626045,6010.309586172712,293.90707084227176,3.830333964296527,0.6571615842545717,2.5583561626241047,战术crank,右转
27.6,B0100,34896.74677076757,294.53649811076684,5983.407178834943,337.19804656070704,177.018554266965,-0.6157011711677,4.7232305890901225,平飞,无
27.6,B0200,35041.52567279611,983.1019594758418,6049.538702809505,331.39366843709206,177.2765801386437,-0.1419207473817513,0.7163877664996344,平飞,无
27.8,A0100,-36719.99068144301,-3497.983931257952,5970.35006210244,308.51351747623005,353.8852102906484,-0.1330031295088756,4.662869669513518,战术crank,左转
27.8,A0200,-36528.36159429812,3690.055504697093,6010.898947682987,293.2408910835518,3.5882372237287625,-0.9865611617831817,2.0144175617751863,战术crank,右转
27.8,B0100,34829.47250856231,297.8767375646857,5984.333375552058,336.37534098913164,176.70202161424484,-1.8587746008109207,2.229561968389839,平飞,无
27.8,B0200,34975.30681570205,986.0570495421453,6049.808860317338,331.4328026663439,177.10744239746342,-0.2274995736090072,-1.3519642091695272,平飞,无
28.0,A0100,-36658.69033936945,-3504.864199408072,5970.221801139276,308.4637835264714,354.1089188095669,0.8728747786301799,2.3428594442465167,战术crank,左转
28.0,A0200,-36469.93090073173,3694.391717817429,6011.4896201384,292.72260983323105,3.5892739566492464,0.3788324414965491,-4.197507023668615,战术crank,右转
28.0,B0100,34762.303683384205,301.2344565577314,5984.931542690354,336.25551168168204,176.98898161903358,0.8531710820104675,3.260369713266089,平飞,无
28.0,B0200,34909.06680141107,989.0362829229198,6050.126854664784,331.69872137041347,177.19857879848553,-0.551384364413549,-0.3473080385651511,平飞,无
28.200000000000003,A0100,-36597.35397488406,-3511.690856162495,5970.337170668225,308.6706607228224,354.1766920245248,1.170853884656753,7.070764499572327,战术crank,左转
28.200000000000003,A0200,-36411.57966576725,3698.6705912748166,6012.185413681014,292.46689616628413,3.730110822138431,0.7872628001128542,-3.607582869324913,战术crank,右转
28.200000000000003,B0100,34695.137010124265,304.5758258009737,5985.641707545765,336.3367168273051,177.2828687519466,1.2259535393317555,15.999187095854664,平飞,无
28.200000000000003,B0200,34842.787472878685,992.0316005973128,6050.347525921752,331.73684489705164,177.0366710295123,-0.4791761349197657,-2.372093391508134,平飞,无
28.4,A0100,-36536.02642994951,-3518.423248195404,5970.692013685779,308.18761656219027,354.0343071915317,0.683442375476825,3.912584224484804,战术crank,左转
28.4,A0200,-36353.27735137963,3702.905179791914,6012.917764390293,292.05360421420346,3.564269667437681,0.8245224638549501,-4.4129246848576535,战术crank,右转
28.4,B0100,34627.98984077832,307.8155462611776,5986.361549873171,335.8384260813252,177.11350219925137,0.9515705827407058,23.163828314995584,平飞,无
28.4,B0200,34776.49004907755,995.059954311806,6050.5646218924885,331.99028762318926,177.1356640588326,-0.7292761244178093,-1.3061598510309842,平飞,无
28.6,A0100,-36474.76587681375,-3525.0860837850887,5971.242621677768,308.15475169515474,354.2179578859686,-0.85184617759261,1.660674635705717,战术crank,左转
28.6,A0200,-36295.06291856138,3707.0712276983295,6013.753317590985,291.6977789569005,3.839829155509866,-0.499954731280042,-3.897829008573419,战术crank,右转
28.6,B0100,34560.91373954955,310.8717081676241,5987.228587504769,335.693065288135,176.81684503976334,-0.3494872206656307,13.074605247028192,平飞,无
28.6,B0200,34710.15500205414,998.1104699759326,6050.663728886939,332.0247087890532,176.9751494283344,-0.6284536088903956,-3.305423446262083,平飞,无
28.8,A0100,-36413.47933816272,-3531.724063680762,5971.314526941123,308.27446230977097,354.1950750235277,-2.533673441423924,6.519767983608969,战术crank,左转
28.8,A0200,-36236.90601998492,3711.228856970125,6014.109985907155,291.3174712061587,3.950021006395189,-2.6935431650263686,1.937867346623952,战术crank,右转
28.8,B0100,34493.8829557301,313.88570765429904,5987.879849612124,335.3514470665309,176.71122711753682,-2.5639289965696186,12.289305106967277,平飞,无
28.8,B0200,34643.83784049595,1001.2110725454712,6050.839837599568,331.92288820538744,177.09124140369892,0.7960007421444993,-2.367463510834261,平飞,无
29.0,A0100,-36352.2129631857,-3538.3346658465725,5970.913449329135,307.87508326111663,354.22659974851365,-1.4344023259311325,3.86078527847382,战术crank,左转
29.0,A0200,-36178.83549498339,3715.3756284588144,6013.97935198228,290.8210144835594,3.7774147343664,-1.4535851272107396,0.9087269236901478,战术crank,右转
29.0,B0100,34426.9043387453,317.0145981191672,5987.647774464815,335.2069824667016,177.1773392171322,-2.461703098467348,25.978967413108265,平飞,无
29.0,B0200,34577.532003670975,1004.3492136173354,6051.331475153911,331.83953679306126,176.94300401954257,1.0416797500890742,-4.337473413367957,平飞,无
29.200000000000003,A0100,-36290.987797694754,-3544.895818098963,5970.423848387136,308.00867342013595,354.460867098186,-0.0697602953257883,3.3454009099310404,战术crank,左转
29.200000000000003,A0200,-36120.86370234013,3719.499345485967,6013.776348583255,290.37546484147526,3.700591373446114,-0.8911912883568107,-5.709055934607981,战术crank,右转
29.200000000000003,B0100,34359.91019553447,319.972234148805,5987.203822904252,335.30635784588554,180.37046677785503,3.3080435366319207,31.73017199273605,平飞,无
29.200000000000003,B0200,34511.2577437797,1007.5523452638243,6052.142241054642,331.7839011338257,177.20452776599836,0.3619398140001785,-3.614379842999121,平飞,无
29.4,A0100,-36229.74250883439,-3551.3959226190163,5970.07331768654,307.8290087119974,354.4554585739371,0.484729110769076,2.747811314994101,战术crank,左转
29.4,A0200,-36062.95786303663,3723.5688590329246,6013.608004465119,290.21519365368664,3.678892688268765,0.5209585582349596,-5.490888070500039,战术crank,右转
29.4,B0100,34292.92597129984,322.0463943501054,5987.8644277764015,334.86641069834826,180.27065207037776,3.0063190830758413,21.03510107631388,平飞,无
29.4,B0200,34444.97176675852,1010.775615388251,6052.928198403626,331.90344787667414,177.14017417529834,-0.2162819224539404,-1.4943877035007005,平飞,无
29.6,A0100,-36168.49705119869,-3557.840994713089,5969.9384338276905,308.0772161552172,354.57003380075685,0.1009273505894227,3.9758477950885056,战术crank,左转
29.6,A0200,-36005.077962182855,3727.569272110939,6013.706174610179,289.8806122661067,3.250044199967608,3.239855185912861,-6.539862430576093,战术crank,右转
29.6,B0100,34226.020878731484,323.5412142149926,5989.455866484246,334.61796112604554,179.94888727942794,2.109465756302326,9.30781867903752,平飞,无
29.6,B0200,34378.66870037734,1014.0129078395694,6053.546211973138,331.94336019859765,177.13136786873335,-0.5697265511173415,2.135627835865839,平飞,无
29.8,A0100,-36107.23879114873,-3564.225850842584,5969.855284606783,307.6998097561307,354.43606900746164,-0.056625773528982,0.159716965815855,战术crank,左转
29.8,A0200,-35947.28530780706,3731.4100683814777,6014.638797943428,289.392984830747,3.205374540869932,4.516940090939712,-6.43228630066513,战术crank,右转
29.8,B0100,34159.166700402595,324.8487148465829,5991.204505874974,334.3266531802738,179.68471356632966,-1.2310203987428234,6.793296949768508,平飞,无
29.8,B0200,34312.403882916886,1017.2453127265288,6053.975506359067,331.45956515365805,176.95574204738188,-0.3823142346995999,-0.1086648268804393,平飞,无
30.0,A0100,-36046.04944002064,-3570.580078410192,5970.02354500643,307.61051713571914,354.528958861535,1.0377476732365434,-3.278747441358078,战术crank,左转
30.0,A0200,-35889.57241547587,3735.167106261966,6015.88208667505,289.1143315236304,3.562624028428432,-0.0555912159635886,-0.9175224351891726,战术crank,右转
30.0,B0100,34092.3562355603,326.12491895779385,5992.217248894127,334.00643367199973,179.51371022585587,-1.5066402406059538,11.507401597104508,平飞,无
30.0,B0200,34246.20427459308,1020.4834223900398,6054.366846510306,331.41146900578576,177.02848062468834,-0.5903509343856561,0.8195571270074807,平飞,无
30.200000000000003,A0100,-35984.83413471136,-3576.934965090697,5970.412093511439,307.8387734773348,354.51477588458147,1.181639583324804,1.3314163321472985,战术crank,左转
30.200000000000003,A0200,-35831.90467094389,3738.91084969534,6016.656008714159,288.8159342656721,3.486859487339688,-3.1664234855860194,4.93345057026072,战术crank,右转
30.200000000000003,B0100,34025.56010600614,327.3538886446204,5992.782439687699,334.10422025747545,179.46812349393178,-0.179066446085769,7.974247108298765,平飞,无
30.200000000000003,B0200,34180.04456673562,1023.7239223135056,6054.627545760008,330.93652473092703,176.86208311569848,-0.4638398699212739,-1.2704810865013854,平飞,无
30.4,A0100,-35923.568579946506,-3583.271177948218,5970.805889083295,308.10419192948183,354.4358039191911,-1.1253989995464164,6.195076382592735,战术crank,左转
30.4,A0200,-35774.320933224386,3742.614797084452,6016.59198926627,288.0998827666178,3.149997501328202,-3.946458139939534,3.8010135804067993,战术crank,右转
30.4,B0100,33958.76331861933,328.4882423101353,5993.348025670788,334.00840910022345,179.49762162817916,0.3452255310721226,8.118918756627613,平飞,无
30.4,B0200,34113.95716190037,1026.9907968791867,6054.961507551172,330.8253179827533,177.0194778704534,0.9456774225485948,-0.4196077503493866,平飞,无
30.6,A0100,-35862.31647984146,-3589.58368832264,5970.779028721441,307.5288740196522,354.17200219473153,-2.344782850207213,2.3831324470527497,战术crank,左转
30.6,A0200,-35716.878770936404,3746.28768840313,6016.238682065088,287.561404423265,3.194162905196578,1.0441527675445583,-2.839977633388852,战术crank,右转
30.6,B0100,33892.029571783554,329.53249061712813,5993.973052429965,333.32107122485587,179.26604114625812,0.4401719018361262,5.294884182557181,平飞,无
30.6,B0200,34047.877821366805,1030.2684355725978,6055.606369465837,330.754947966468,176.87624743876987,1.2122709909786695,-2.4069249645200124,平飞,无
30.8,A0100,-35801.14789514913,-3595.872136934182,5970.555336746138,307.53624351223976,354.3727457353769,-0.1134107839215821,-0.9038682140543453,战术crank,左转
30.8,A0200,-35659.53669598218,3749.9144717424406,6016.349144317366,287.0415409602594,3.2647616277597504,2.5526597032967624,-2.5738607799954902,战术crank,右转
30.8,B0100,33825.42077320625,330.5080971991338,5994.761049291521,332.9726594710195,179.30219858466896,0.7217447097782477,5.8500147305086,平飞,无
30.8,B0200,33981.827519421815,1033.5855455647395,6056.570658126793,330.7077004947707,177.11204222181578,0.5106944798760998,-1.7304227592390822,平飞,无
31.0,A0100,-35739.934390698945,-3602.147717482021,5970.387896977953,307.79271020374506,354.4154997487624,0.5767720509913595,3.9768013604104846,战术crank,左转
31.0,A0200,-35602.26472837644,3753.514360415617,6016.47821301419,286.8051359305183,3.327317673724505,-2.821217881891969,3.056026442648826,战术crank,右转
31.0,B0100,33758.90597160282,331.4258703074684,5995.66218343589,332.2099146725086,179.10366023502175,0.7592969851885134,3.406772595048901,平飞,无
31.0,B0200,33915.7671545451,1036.9101204898652,6057.539605691303,330.8185776792372,177.0293179028348,0.4092651006394753,0.3866831367755883,平飞,无
31.200000000000003,A0100,-35678.72512707729,-3608.3769211815033,5970.38447948206,307.3468759236069,354.307675004394,0.2108685664791509,0.6807083400494791,战术crank,左转
31.200000000000003,A0200,-35545.08451439483,3757.09373236976,6015.983811313734,286.10995827429866,3.0330289698135853,-4.0206030746574335,2.359776011880144,战术crank,右转
31.200000000000003,B0100,33692.51416398297,332.31498544725764,5996.66133495885,331.8954706000334,179.21857829220136,-0.8260723863883997,4.082240781867075,平飞,无
31.200000000000003,B0200,33849.68765540871,1040.240820984558,6058.463958709406,330.8797508123307,177.00749387074814,0.0676201516954639,3.975903918428673,平飞,无
31.4,A0100,-35617.59673568173,-3614.581541010392,5970.696191050145,307.2126022284338,354.45503413243443,1.249477933321858,-2.350151042253797,战术crank,左转
31.4,A0200,-35488.02914739471,3760.637197789341,6015.156847173659,285.6643653618285,2.9617279660298963,-0.811345196085878,-4.1323400642539,战术crank,右转
31.4,B0100,33626.16260195184,333.2002101525359,5997.155834570973,331.6549224921655,178.92257689179095,-2.2308538020762545,1.729367329995568,平飞,无
31.4,B0200,33783.64295263054,1043.5569500134206,6059.289280715018,330.4022379789019,176.83515803197355,0.1314641295284146,1.808628376214222,平飞,无
31.6,A0100,-35556.45334306806,-3620.788663781994,5971.247914665159,307.3572599538775,354.46465398270107,0.9363303137425268,2.4894467177292627,战术crank,左转
31.6,A0200,-35431.01577230191,3764.118686226213,6014.624086166559,285.62656092177167,2.887038103778382,2.318309887893221,-3.741451773573901,战术crank,右转
31.6,B0100,33559.81899345975,334.09674297007405,5997.319989808746,331.91262085147554,179.03073826180352,0.4696200029382418,2.653784386794944,平飞,无
31.6,B0200,33717.66218694311,1046.871602816056,6060.117689201974,330.3596550101748,177.0391919359025,-0.1346154958126138,2.6140151162602145,平飞,无
31.8,A0100,-35495.313867453726,-3626.984380020307,5971.563266868616,307.09932657071505,354.28031286425033,-2.9058329143037507,7.623959362064941,战术crank,左转
31.8,A0200,-35374.007252200165,3767.540434365996,6014.573664389805,285.41556643508545,2.906760650012682,3.1082475849595226,1.857656000354348,战术crank,右转
31.8,B0100,33493.441629043635,334.9796743994484,5997.706785251659,331.8597965801738,178.89417632504183,0.9060036841537245,0.5411173048428684,平飞,无
31.8,B0200,33651.670612565365,1050.172275162533,6060.829844095215,330.3950484124441,176.89314921233398,-0.040213336348703,0.567515756665788,平飞,无
32.0,A0100,-35434.26866408024,-3633.189271615638,5971.140658412736,306.4812257102681,354.13403077124576,-3.3898086540661403,5.232996187608692,战术crank,左转
32.0,A0200,-35317.075768144015,3770.959202336986,6015.069915957765,284.91052528286934,2.8211964175280726,2.2255884811273106,4.893859893016385,战术crank,右转
32.0,B0100,33427.06751238914,335.8688559503116,5998.370111030741,332.011470684844,178.96987722938317,-0.5397650902981639,1.5263101744800396,平飞,无
32.0,B0200,33585.6932402394,1053.481377488497,6061.61615554874,330.3029168810931,177.08176413085056,1.3575668101123637,1.3092030788315507,平飞,无
32.2,A0100,-35373.29450454431,-3639.3811990361537,5970.291794920075,306.534954367746,354.57314473371446,-0.3344547854564254,4.927996911870781,战术crank,左转
32.2,A0200,-35260.25099045296,3774.382941093029,6015.77897274389,284.36764621587173,2.448799263947933,-1.5809316380546277,1.941091466136302,战术crank,右转
32.2,B0100,33360.68268253548,336.770872298619,5998.677127863315,331.82622864545937,178.7396737778623,-2.205679694795926,-0.5737604208977255,平飞,无
32.2,B0200,33519.725532646815,1056.7759246657806,6062.709817790679,330.2295573287974,176.93899965484349,1.6211859834245024,-0.7387072235030558,平飞,无
32.4,A0100,-35312.317596424175,-3645.482900291123,5969.840119133511,306.2176053836406,354.95719814290106,3.654430115095265,4.582496899739961,战术crank,左转
32.4,A0200,-35203.5241219105,3777.7630323751528,6016.053523719362,283.97579461747466,2.6259643320650694,-4.369227597884714,2.790079191790209,战术crank,右转
32.4,B0100,33294.3085372731,337.7023490676802,5998.709397515084,332.059244563069,178.77796235910466,0.3172669823023062,0.6397845976788489,平飞,无
32.4,B0200,33453.78868104424,1060.086256227276,6064.120573162278,330.1772293811936,177.1481897094221,0.9096003302163068,-0.122405690241452,平飞,无
32.6,A0100,-35251.42470495,-3651.460061312215,5970.369155731725,305.63056456952444,354.8736651976565,2.519634378034298,-3.4187293985310254,战术crank,左转
32.6,A0200,-35146.885077254294,3781.0964118227366,6015.380911526176,283.3456529260027,2.405099491545561,-5.191553878860138,2.698369500782781,战术crank,右转
32.6,B0100,33227.89764817114,338.6538111057089,5998.970415703294,332.05502112839395,178.64971928172298,0.7656972482192144,-1.2757724073554175,平飞,无
32.6,B0200,33387.842019257594,1063.3911204400483,6065.534036914416,330.2834029788408,177.05950561026378,0.8070151556754381,1.9705270049036696,平飞,无
32.800000000000004,A0100,-35190.60185724102,-3657.4344647135695,5971.439660788155,305.734960106174,355.1991980923764,0.6428907808418302,-6.45844735923981,战术crank,左转
32.800000000000004,A0200,-35090.35993246982,3784.375791454442,6014.3160836869865,283.0597243141176,2.4298720403306,-0.6130252044314657,-3.3375200877540103,战术crank,右转
32.800000000000004,B0100,33161.48036270339,339.6433194478268,5999.539896961449,332.28058535552685,178.76844626870582,0.0931087786003792,-0.1339861210592675,平飞,无
32.800000000000004,B0200,33321.89650529344,1066.693123150866,6066.856141435779,330.08680672127736,176.94977627690102,-0.640634486890151,5.545531455782476,平飞,无
33.0,A0100,-35129.69500242983,-3663.3728063108974,5972.060180772622,306.3128900609446,355.5260378308988,-2.49567912830615,3.5185367761821182,战术crank,左转
33.0,A0200,-35033.85263023579,3787.590529253897,6013.61756222915,283.0302373727759,2.468519672960253,2.337074282794187,-2.656121058811373,战术crank,右转
33.0,B0100,33095.02933582861,340.6565062159698,6000.13069523633,332.2945428845268,178.6246694165417,0.0269416465089706,-2.05264420621937,平飞,无
33.0,B0200,33255.98602732277,1070.0330171992337,6067.527351222841,329.8637396501038,176.7176235975305,-3.27737485262242,11.112303989633336,平飞,无
33.2,A0100,-35068.673850321065,-3669.296931053759,5971.587188040439,306.72570067748705,355.31588163380667,-3.271400314932905,13.011925776560863,战术crank,左转
33.2,A0200,-34977.34882300833,3790.752333316481,6013.437805039457,282.8281568564965,2.547443472876428,3.1240849340895376,3.146879152287272,战术crank,右转
33.2,B0100,33028.56396909231,341.7079557637789,6000.773651689002,332.52756591315523,178.73757363613387,-0.2851216073321892,-0.8294230523364154,平飞,无
33.2,B0200,33190.11646858552,1073.4951001666177,6067.135718444777,329.82691670023564,177.11855748026818,-3.054438589905037,23.914098660958928,平飞,无
33.4,A0100,-35007.64884962131,-3675.182391157756,5970.586023115744,306.3037738755748,355.6698732085716,-0.6031662728661163,9.488483726081595,战术crank,左转
33.4,A0200,-34920.92317500629,3793.9236804205375,6013.836635439624,282.23742719998484,2.378534978164736,2.284244353808829,3.1113663113983665,战术crank,右转
33.4,B0100,32962.05976826486,342.7847998262514,6001.324376425508,332.59018862777793,178.59040057873764,-0.2019669427115104,-2.778593823192065,平飞,无
33.4,B0200,33124.19949945903,1076.8795799006457,6066.314689253166,330.1557687739053,179.39108681813798,1.694051231293128,29.31286668419266,平飞,无
33.6,A0100,-34946.709568450526,-3680.862292212387,5970.058677414096,305.7625375518696,356.3652092200762,3.671162784696452,8.410302050874254,战术crank,左转
33.6,A0200,-34864.60541346394,3797.082050144951,6014.486635434154,281.95046194930615,2.44521034999876,-1.5452246056401353,3.8446972089236833,战术crank,右转
33.6,B0100,32895.536259249704,343.903082896446,6001.875894987728,332.8167597574688,178.7019966601113,-0.4461790538826469,-1.5522798304751038,平飞,无
33.6,B0200,33058.26491640243,1079.5253913525266,6066.440274654144,329.6684259216213,180.45835594704877,4.540063588031204,18.80750170423912,平飞,无
33.800000000000004,A0100,-34885.861577969685,-3686.3108295152833,5970.305986616937,305.08635800673267,355.9623316037057,2.3020051919186297,4.637278456738813,战术crank,左转
33.800000000000004,A0200,-34808.35034229672,3800.209632332191,6014.629840683234,281.3758492481221,2.166051882919878,-3.157873182526388,3.720473234120848,战术crank,右转
33.800000000000004,B0100,32828.974663687935,345.0490188253134,6002.313951379925,332.8785047463128,178.55083906310583,-0.3373768891956833,-3.527373796153817,平飞,无
33.800000000000004,B0200,32992.42648461742,1081.4531544358615,6068.0687620318695,329.27509861981895,180.2489632958596,4.804475364274284,7.402242253896553,平飞,无
34.0,A0100,-34825.12445802851,-3691.62924675859,5971.088148581996,304.7925406665939,356.0055798091216,0.4328289607565698,1.4125593049837517,战术crank,左转
34.0,A0200,-34752.223384623765,3803.288130070489,6014.458398856115,280.7582553711457,2.1914923880190957,-0.8211795213726409,-2.264631602059566,战术crank,右转
34.0,B0100,32762.39395781293,346.24019961010526,6002.742949157704,333.10447978214256,178.66281631475823,-0.5684777312414432,-2.3081714434479865,平飞,无
34.0,B0200,32926.701456999304,1083.1332778856722,6070.385572885956,328.59889418009226,179.83627954556644,-0.0061173498090717,3.82356124410844,平飞,无
34.2,A0100,-34764.36160440138,-3696.8941333545454,5971.534150981921,305.0994275803412,355.81342326487334,-2.766684679033765,5.603215395174557,战术crank,左转
34.2,A0200,-34696.18345789145,3806.3107545784897,6014.502264186243,280.50378752344,2.269340647583248,2.7562612345236714,-1.559786254564878,战术crank,右转
34.2,B0100,32695.759205261333,347.4596370583349,6002.989277741664,333.37862953603417,178.6433818328166,-0.4528879662500039,3.4973958766609576,平飞,无
34.2,B0200,32861.09442585752,1084.7492723119722,6072.068326278759,327.85956692717446,179.40710792313587,-2.2936455057525245,8.093699382561715,平飞,无
34.4,A0100,-34703.60913351676,-3702.135866321616,5971.192517230038,304.605371430004,355.3695760068582,-3.392666341878803,2.5794192338799022,战术crank,左转
34.4,A0200,-34640.205025631614,3809.2860749531264,6015.025931615921,280.00921062515164,2.129752025042834,3.109579244455473,-1.8307949158704764,战术crank,右转
34.4,B0100,32629.08112749801,348.68184551837294,6003.202816358427,333.4747730540311,178.51979315782376,0.0114062038838144,1.4281778531839022,平飞,无
34.4,B0200,32795.56718466526,1086.3706411334097,6072.783539157044,327.679401669831,179.02872131628123,-2.3464205175773567,4.159760957155302,平飞,无
34.6,A0100,-34642.91089536519,-3707.364263842132,5970.350279409591,304.81883672333623,355.5548681088719,-1.1287119703511062,1.6405725124379085,战术crank,左转
34.6,A0200,-34584.33363075809,3812.190754287689,6016.064453915811,279.6579609113685,2.4203176212772197,1.329492883086835,-1.367439827410788,战术crank,右转
34.6,B0100,32562.379818507437,349.9091270384324,6003.58830853059,333.7051145006636,178.61319550104835,0.3908079771085474,2.598080567875797,平飞,无
34.6,B0200,32730.075372229432,1087.9711258510597,6072.9089956736825,327.5259922239736,179.06360857539778,-0.945050775993621,3.898654417720728,平飞,无
34.800000000000004,A0100,-34582.150929841286,-3712.5504133188097,5969.518798758509,304.9710673390682,355.8076385193685,2.1440519601325154,6.357579629845713,战术crank,左转
34.800000000000004,A0200,-34528.49114087479,3815.074117831349,6016.877551554042,279.53356836626983,2.4433443019198964,-2.096570365027788,4.572121274095082,战术crank,右转
34.800000000000004,B0100,32495.70994067446,351.1336332959454,6004.114070405882,332.98978559228664,178.46651598975365,0.4265315738671613,0.6028750424781503,平飞,无
34.800000000000004,B0200,32664.61877060112,1089.5273911043096,6072.8260914855455,327.17223643529087,178.84166412585398,-0.5302060611595166,1.117241283927214,平飞,无
35.0,A0100,-34521.42018500458,-3717.590285972196,5969.529255530024,304.29107530228987,355.9804732283581,4.392415517889019,3.3076196244327827,战术crank,左转
35.0,A0200,-34472.70952951125,3817.923325073776,6017.054342262136,278.92745016968644,2.0798054313467085,-3.6156997560019546,4.29531165840776,战术crank,右转
35.0,B0100,32429.12221335009,352.37073167943163,6004.80217225114,333.13142921755707,178.56363265073347,-0.0396226418309861,1.7994668206010516,平飞,无
35.0,B0200,32599.2147924426,1091.057422956088,6072.792426517675,327.11239002616753,178.84447674720172,-0.1240608365659642,1.433731247318874,平飞,无
35.2,A0100,-34460.8224148441,-3722.520745587879,5970.399787794273,303.9014564615449,356.07484933459426,0.4899219509348937,0.6932952021645389,战术crank,左转
35.2,A0200,-34417.05639194182,3820.726503087075,6016.822315554215,278.33173231588324,2.08612025469362,-1.3476766912395866,-1.996156047762197,战术crank,右转
35.2,B0100,32362.509668485603,353.61867905803774,6005.448837858328,333.113551196241,178.4192317102227,-0.0115903243671703,-0.1652584232663087,平飞,无
35.2,B0200,32533.792049485302,1092.566845191977,6072.812613763921,327.2446228451135,178.63727551449034,-0.0655038371073928,-0.9437777036293602,平飞,无
35.4,A0100,-34400.21195023879,-3727.411969140947,5970.988534793883,304.17891293937856,355.9598230174894,-2.6954930435458664,5.199477944337818,战术crank,左转
35.4,A0200,-34361.4775325182,3823.485477224969,6016.702813603399,278.22023685698787,2.156713041894568,2.3244232709403296,-1.516028342806904,战术crank,右转
35.4,B0100,32295.88635294861,354.89085108187646,6006.120773813205,333.330610791084,178.52282548807136,-0.2894299654660484,1.0904963200254592,平飞,无
35.4,B0200,32468.34456675437,1094.0839996519971,6073.034766756511,327.46651263076484,178.6268605523275,1.160017605482501,-0.361185548634224,平飞,无
35.6,A0100,-34339.61479194659,-3732.28684012391,5970.785821859068,303.66716678232393,355.54703241885574,-3.3271625957453352,2.486664381503355,战术crank,左转
35.6,A0200,-34305.93262489073,3826.206211437757,6016.996886848201,277.79411787388415,1.9890718953829023,2.800710113320263,-1.8891858148742424,战术crank,右转
35.6,B0100,32229.23215299927,356.179552313115,6006.691192252552,333.32410132406693,178.3805240420175,-0.1828501037289782,-0.8715220364985431,平飞,无
35.6,B0200,32402.86597894154,1095.6110494426885,6073.610314908383,327.448742487595,178.44555522461152,1.2458939397587845,-2.5112704465016797,平飞,无
35.800000000000004,A0100,-34279.07468338917,-3737.15454865882,5970.077014206403,303.86596440105177,355.7179849182429,-1.0892860583341175,1.7985677844125154,战术crank,左转
35.800000000000004,A0200,-34250.48492320235,3828.860470847261,6017.775978911661,277.47428197986187,2.267585792336757,1.0715097009838366,-1.57836088854795,战术crank,右转
35.800000000000004,B0100,32162.567319657035,357.49795528628965,6007.260316501026,333.5364681002971,178.48742388699898,-0.4240254544426163,0.4004640620819656,平飞,无
35.800000000000004,B0200,32337.3816352091,1097.1730072875837,6074.51140620821,327.7167674370952,178.53781405494587,0.5016846173330269,-1.833584830171531,平飞,无
36.0,A0100,-34218.47442927924,-3741.987821820878,5969.366079707386,304.02692069934136,355.9992004953674,2.218217166619873,6.636537486025689,战术crank,左转
36.0,A0200,-34195.07584336223,3831.495348976396,6018.378769603316,277.1517664255271,2.135979572827281,-2.363613822626389,-2.0126946745392638,战术crank,右转
36.0,B0100,32095.872102158544,358.8364864372943,6007.71706469936,333.52969258364686,178.3437096130023,-0.3041876334470016,-1.5675406053579528,平飞,无
36.0,B0200,32271.83560905496,1098.7530964632406,6075.37018913274,328.0035744483065,178.49327068526077,0.37984422404731,3.7032075775209377,平飞,无
36.2,A0100,-34157.905100070566,-3746.676191788427,5969.488726608568,303.3414333861767,356.21351984475245,4.550304411865994,3.7599247945408174,战术crank,左转
36.2,A0200,-34139.75328275318,3834.096919895028,6018.461381745898,276.7710585378155,2.401695179444508,-3.8424105032675775,-1.5515420036487502,战术crank,右转
36.2,B0100,32029.166342452598,360.2092715474828,6008.167477700219,333.7422415751488,178.45283000760162,-0.5376566475603614,-0.2923455396894153,平飞,无
36.2,B0200,32206.307728947395,1100.3210326325152,6076.233686898202,327.38887461796867,178.33180251083093,0.5014287146191115,1.6500685937840882,平飞,无
36.4,A0100,-34097.47302096234,-3751.2513575225857,5970.4767535467,302.9406860066578,356.29571928967016,0.5900116776746535,1.275747477170048,战术crank,左转
36.4,A0200,-34084.48038403428,3836.694293447543,6018.030859926948,276.5909456276337,2.152416316556682,-0.1692088259467681,-1.8928099661189977,战术crank,右转
36.4,B0100,31962.424961226745,361.605429120742,6008.503337306551,333.7927501242379,178.30651887751267,-0.4179358860755309,-2.2746900993115298,平飞,无
36.4,B0200,32140.93696422939,1101.8833807022384,6077.28343620104,326.59533740845,178.2701886343374,0.851124105919793,-5.222995770350337,平飞,无
36.6,A0100,-34037.02940976697,-3755.7905777341257,5971.185773057314,303.2166127746208,356.16191308048286,-2.600552609619705,5.896583062395036,战术crank,左转
36.6,A0200,-34029.2415819471,3839.239932855138,6017.932166523868,276.4008183838316,2.188625585144804,3.003655704187998,-1.66658580055474,战术crank,右转
36.6,B0100,31895.66658893882,363.04026132557374,6008.831251839165,334.0083315291004,178.41719836375057,-0.6488353373706166,-1.0017557203076006,平飞,无
36.6,B0200,32075.638549341624,1103.4950836810003,6078.4736538081215,326.7975111168068,178.38039144555628,0.5209671071796709,-4.319958550814893,平飞,无
36.8,A0100,-33976.59868047716,-3760.322236231265,5971.104610526541,302.70043783888144,355.7483459800012,-3.253582085685592,3.324392181685533,战术crank,左转
36.8,A0200,-33974.04334325286,3841.7592321866887,6018.267560018732,276.1325293189049,2.197721392731765,2.863134180101376,3.8265796345372944,战术crank,右转
36.8,B0100,31828.87280606272,364.501348305017,6009.043707047322,334.05953656704025,178.26760776550137,-0.5299329062400159,-3.005503181768999,平飞,无
36.8,B0200,32010.28076813707,1105.141291664102,6079.537539868228,327.0792686472867,178.36226902286472,0.0067368121254052,1.3438708094679497,平飞,无
37.0,A0100,-33916.22546987477,-3764.852213114244,5970.513047767887,302.89536819821825,355.96424847622615,-1.0425184123136448,2.712496364971794,战术crank,左转
37.0,A0200,-33918.907647545384,3844.282843233972,6018.75047211146,275.74764617781403,1.6966085177953056,-1.1750762987130965,3.7564761909245936,战术crank,右转
37.0,B0100,31762.06197807236,366.0052398974731,6009.247181209164,334.2761360148571,178.37942752880713,-0.7591739732550319,-1.7392202962939691,平飞,无
37.0,B0200,31944.86197383851,1106.8005987857596,6080.411662639564,327.4034528774812,178.34905038932175,0.3135498105483586,6.992214837363324,平飞,无
37.2,A0100,-33855.78259968948,-3769.355904569573,5969.797785425642,303.2409527862086,356.1030478937661,-0.1238837830228063,7.5696395023791325,战术crank,左转
37.2,A0200,-33863.86543946512,3846.770612096048,6018.96302921883,275.29476047668777,1.8163362680069792,-2.945942541597932,4.40835242274414,战术crank,右转
37.2,B0100,31695.2158607384,367.538190534242,6009.334576851057,334.3284414623328,178.22609205536628,-0.6419917544897142,-3.768449448660241,平飞,无
37.2,B0200,31879.454043340364,1108.4312628658065,6081.268582302568,326.7995608782564,178.2180821078912,0.5546674454928361,5.024920622482072,平飞,无
37.4,A0100,-33795.32421230854,-3773.784926106131,5969.185833358626,302.8721344217155,355.9860908736922,-0.4017778292875465,4.629827211366305,战术crank,左转
37.4,A0200,-33808.89540336344,3849.24404829728,6018.801354440308,274.9619594678189,1.9690046336644484,0.6053403727954871,4.315107461672723,战术crank,右转
37.4,B0100,31628.35258978676,369.1180822148581,6009.411926078652,334.5462998315495,178.33878978000442,-0.8698824738072409,-2.511767573145101,平飞,无
37.4,B0200,31814.19266864816,1110.0329811993397,6082.169979900504,326.08670023020903,178.18981221491714,-0.900785535490708,5.991831765895346,平飞,无
37.6,A0100,-33734.92125078202,-3778.1478916235337,5968.841917564434,302.8591071391636,356.2533326976744,0.7285555663861188,2.443377522168401,战术crank,左转
37.6,A0200,-33754.00813809551,3851.735674955673,6019.1532851617485,274.43563479695047,2.089159868163509,4.551351386344254,-1.6695343152753457,战术crank,右转
37.6,B0100,31561.43805506493,370.72730360541937,6009.3067111526925,334.8130941538505,178.31853496295486,-0.7501664948137847,3.2968920782062567,平飞,无
37.6,B0200,31749.087211088685,1111.6541745339327,6082.567183406998,325.1187447381797,177.86554168367653,-2.3432687595579877,4.151615071357725,平飞,无
37.8,A0100,-33674.50072990041,-3782.458217893649,5968.753932813459,302.85824177608214,356.35703784067084,1.27729396040817,7.275781115391178,战术crank,左转
37.8,A0200,-33699.243204831495,3854.1855341657447,6020.4159305030535,273.9563033720262,2.2019910420610374,6.049158101200518,-1.8712686314532367,战术crank,右转
37.8,B0100,31494.48194986073,372.3409466501944,6009.170409177132,334.9014285573964,178.1917068490994,-0.2840031344613791,1.1704361439872009,平飞,无
37.8,B0200,31684.12954610177,1113.3000905481076,6082.5781559517145,324.78023414111226,178.07481256905825,-0.6439343193988403,5.292675573418882,平飞,无
38.0,A0100,-33614.11338970302,-3786.674811189887,5968.927269623368,302.39187349217127,356.2003507158908,0.6811534771151845,4.425893728288536,战术crank,左转
38.0,A0200,-33644.554930739454,3856.611978747575,6022.082991638257,273.7552139540826,2.2329702792721755,1.7527941827608506,3.554641223437274,战术crank,右转
38.0,B0100,31427.503099200065,373.9620879833437,6009.208669424037,335.1252794439693,178.28312191222446,0.0981192771401884,2.374816719331994,平飞,无
38.0,B0200,31619.249593485238,1114.9372937419394,6082.50920862119,324.1425429524667,177.98046289678533,-0.3289890855061623,3.70792373234686,平飞,无
38.2,A0100,-33553.80173650871,-3790.8246575524354,5969.326803272828,302.2690618199086,356.3964111351166,-0.8555204139885354,2.228503450209931,战术crank,左转
38.2,A0200,-33589.908001640266,3859.0348651043696,6023.541208400164,273.33436574919915,1.7425226310420014,-1.7902162847673193,3.3976234838483497,战术crank,右转
38.2,B0100,31360.540047660645,375.5830278978556,6009.392218573539,334.62080910282043,178.13427822106814,0.1309350059953903,0.3225319305979323,平飞,无
38.2,B0200,31554.475626366584,1116.5653932759378,6082.561919966582,323.8935816488515,178.10687963487246,0.0276456016737619,4.840403138155552,平飞,无
38.400000000000006,A0100,-33493.468370019415,-3794.951917337185,5969.265554755255,302.4491136252057,356.3586328432259,-2.733614399116549,7.165484900011107,战术crank,左转
38.400000000000006,A0200,-33535.345539369075,3861.409700916285,6024.3902241181,272.95953236276017,1.81260843056986,-4.501881159165914,3.758835961528733,战术crank,右转
38.400000000000006,B0100,31293.623593744924,377.219725849478,6009.74095392973,334.8263469244798,178.23313961608986,-0.3344351297552317,1.5583320631679092,平飞,无
38.400000000000006,B0200,31489.77268581152,1118.1770382852756,6082.702098228596,323.24582791154256,177.99555119160453,0.1095933124104356,3.3144834146879494,平飞,无
38.6,A0100,-33433.147237583245,-3799.0592598765934,5968.717410810092,302.09472177953285,356.37174748081003,-1.6695351881083942,4.729705071417941,战术crank,左转
38.6,A0200,-33480.85654452442,3863.732320506975,6024.17872709364,272.3050853819422,1.5019454171536748,-5.572196851395287,3.524036683860664,战术crank,右转
38.6,B0100,31226.67712890561,378.8693497227705,6010.050234911947,334.8120693741446,178.08642124536243,-0.3019086611593408,-0.4733115917667839,平飞,无
38.6,B0200,31425.180022408105,1119.779936611114,6083.024013630818,322.9799284837328,178.1166484452387,0.3677116458898182,4.4372600660975765,平飞,无
38.8,A0100,-33372.86080447014,-3803.1235594976183,5968.05675607903,302.2876820503124,356.64751641687394,-0.3261752422120027,4.207755731418646,战术crank,左转
38.8,A0200,-33426.50869731366,3865.9964050585786,6023.417586525329,271.79132069434826,1.5298339712679048,-1.501496724005835,-2.6794208408798235,战术crank,右转
38.8,B0100,31159.72142916985,380.5453168643489,6010.385748628269,335.017919735631,178.19087850759092,-0.5779227473364053,0.8213801924110978,平飞,无
38.8,B0200,31360.661073258343,1121.368408399594,6083.455314858125,322.32686179979,178.00452617293865,0.407482999943674,2.954300217936088,平飞,无
39.0,A0100,-33312.56296501796,-3807.123230007226,5967.505504010824,301.9225358104072,356.6037310271477,0.370701364356281,1.933318169509028,战术crank,左转
39.0,A0200,-33372.21441064629,3868.2118066254097,6022.794347197114,271.72956041865245,1.5990321846682671,1.8600266128410508,-2.262364754034773,战术crank,右转
39.0,B0100,31092.73803384784,382.2395559829311,6010.621716953252,334.9991025133091,178.04580248182856,-0.4681330748641797,-1.2084504211050562,平飞,无
39.0,B0200,31296.25004493452,1122.9549231457368,6084.118633893906,322.1077736450786,178.29094895910376,1.5755169236177429,3.923714118261119,平飞,无
39.2,A0100,-33252.32563954132,-3811.074840478035,5967.264955260136,301.8711609767696,356.7471175691783,1.0104577618204793,1.4424479778137846,战术crank,左转
39.2,A0200,-33317.91922833079,3870.390360268111,6022.523824131855,271.62470981272577,1.67724718280733,3.02834974558287,3.4448380455468754,战术crank,右转
39.2,B0100,31025.75454009055,383.9694195072898,6010.950768207738,335.1284055938293,178.09562806974452,0.9630006663597394,0.0781162101730836,平飞,无
39.2,B0200,31231.921764211547,1124.505812273741,6085.133230335221,321.3342847080858,178.20842159009507,1.7663774726896648,2.4517138745454408,平飞,无
39.400000000000006,A0100,-33192.0949043072,-3814.982477091537,5967.243610100395,301.64062470941354,356.8063512578908,1.2169117672832184,6.156249299422671,战术crank,左转
39.400000000000006,A0200,-33263.676310688286,3872.586024857616,6022.743879335723,271.2028835186311,1.6025099175207953,2.4508609054883554,6.722762010316009,战术crank,右转
39.400000000000006,B0100,30958.75617110949,385.72807929101873,6011.620932373175,335.0524649691427,177.95760942265215,1.1680994892301857,-1.9407259120891185,平飞,无
39.400000000000006,B0200,31167.729547082745,1126.0417947925616,6086.452479816355,320.98882756260724,178.24826892757875,0.2577404142062005,3.335237125141577,平飞,无
39.6,A0100,-33131.9313382049,-3818.804642819536,5967.459423412658,301.14794575631754,356.6511717178608,0.7532503779135781,3.159482199568642,战术crank,左转
39.6,A0200,-33209.50641436875,3874.799786865157,6023.148142434915,270.97670912818376,1.2064980292775036,-1.2627852630949736,7.830995838876968,战术crank,右转
39.6,B0100,30891.79423961528,387.5368536878996,6012.626687571876,334.9425417616808,178.21852435939513,0.5176231618837526,-0.8680195020105598,平飞,无
39.6,B0200,31103.631441710877,1127.5878247130022,6087.451851910368,320.1410068895188,177.99081875806388,-1.4679762589719314,1.7233562857997309,平飞,无
39.8,A0100,-33071.84239920265,-3822.5698739474446,5967.898795786967,301.04300794425416,356.8688890263566,-0.7781167165375412,0.7835480155678776,战术crank,左转
39.8,A0200,-33155.41276342864,3876.980946712103,6023.24048945896,270.31244832596605,0.850797831128002,-3.138228770841005,5.284192478181597,战术crank,右转
39.8,B0100,30824.840372854214,389.3615313901119,6013.6680546535135,334.902424989687,178.08316610926855,0.4423759708925051,-2.912042303292097,平飞,无
39.8,B0200,31039.666133742365,1129.1563497822551,6088.148687876037,319.8541043838658,178.12409908689486,0.0083138858446485,2.8032994428787124,平飞,无
40.0,A0100,-33011.72683980112,-3826.3059405052063,5967.874374220342,301.2444367121055,356.86332554852544,-2.69544930874417,5.591136664630207,战术crank,左转
40.0,A0200,-33101.45332017632,3879.119016463336,6023.163213325608,269.7700920581171,1.0354131894299898,0.1099690525213253,-0.3381098903797448,战术crank,右转
40.0,B0100,30757.880110553808,391.2217821861177,6014.764663463715,335.10053199987067,178.18306934865288,0.1249194964384903,-1.7669004361973029,平飞,无
40.0,B0200,30975.768886369115,1130.7288229681017,6088.771751697186,319.2561469603991,178.02249768960587,0.3024011414112387,1.368108655760815,平飞,无
40.2,A0100,-32951.605243078026,-3830.017384136114,5967.356762178599,301.0817811889166,356.8289464062853,-1.6493795692170017,3.057260607778717,战术crank,左转
40.2,A0200,-33047.57017479495,3881.2154271676864,6023.411060063796,269.5416387871724,1.297373684510618,3.429776042198061,0.3802655095433017,战术crank,左转
40.2,B0100,30690.87667918316,393.1039993540144,6015.705418501553,335.2809033335853,178.15371645197754,0.207130952523611,3.955022701398848,平飞,无
40.2,B0200,30911.97287883084,1132.3120214495702,6089.513003398211,319.03586748076384,178.1295779891982,0.6459104565052177,2.4105551422106224,平飞,无
40.400000000000006,A0100,-32891.48423300403,-3833.69330204763,5966.717754605144,301.37718459652024,357.0540802421505,-0.3060741777634965,2.41666629005085,战术crank,左转
40.400000000000006,A0200,-32993.74409346452,3883.293687058487,6024.132929824205,269.09813478949485,1.2990229956865684,3.4470334373253344,3.645362874100044,战术crank,左转
40.400000000000006,B0100,30623.84158625235,394.9832725010674,6016.610508196105,335.3445797594755,178.00307453528174,0.403484911942215,1.7303745394857912,平飞,无
40.400000000000006,B0200,30848.24235624233,1133.8968423305903,6090.329981296323,318.4248877598397,178.0178590499251,0.7131119232063095,0.9923743707533104,平飞,无
40.6,A0100,-32831.29642705446,-3837.320768929969,5966.17945316124,301.53665588645254,356.99634681329235,0.3884947001671062,0.0402063340500753,战术crank,左转
40.6,A0200,-32939.984585556114,3885.3573122489415,6025.028080094698,269.02725801852426,1.1766242361098225,-0.5037996612675824,7.511833988544287,战术crank,左转
40.6,B0100,30556.800826988263,396.8649581224017,6017.534985046104,335.3997236050966,178.05631772810523,-1.082954646466739,2.9323035957774697,平飞,无
40.6,B0200,30784.621457340967,1135.493612943581,6091.235220851848,318.10559214777754,178.11089362705462,-0.7433242913754116,2.013495843453452,平飞,无
40.8,A0100,-32771.08808308606,-3840.9233688653367,5965.951365769697,301.7119913315426,357.10485619389607,1.1858164121889452,-0.540458662482613,战术crank,左转
40.8,A0200,-32886.25985819453,3887.3877162314175,6025.506630189026,268.50939183974265,0.7240720825206955,-2.5278378876651533,8.112500324023484,战术crank,左转
40.8,B0100,30489.819713294677,398.7657664421695,6017.920399844161,334.6124835550812,177.80907318741157,-2.311578569380376,0.7415502719463422,平飞,无
40.8,B0200,30721.095049892945,1137.1073104779937,6091.68990769361,317.2785336805303,177.92088464019392,-2.112393130096033,0.5760214743365054,平飞,无
41.0,A0100,-32710.82214441941,-3844.502280237506,5965.980725793184,301.9935036294067,357.1348369241561,1.47396100775494,4.08929086965751,战术crank,左转
41.0,A0200,-32832.65756126438,3889.3771185092537,6025.744630040801,267.91002709410293,0.8790973067883432,-0.5970620853078799,2.5026537145556724,战术crank,左转
41.0,B0100,30422.91577009748,400.6945557720919,6017.981922075973,334.79713471178667,177.91432939309036,0.3991255634987141,2.084983865872844,平飞,无
41.0,B0200,30657.677853154004,1138.7481289808056,6091.869769386496,317.22187374988624,178.02417279659377,0.5166757175639952,1.6452204739012248,平飞,无
41.2,A0100,-32650.56021049351,-3848.0166657347017,5966.285101283271,301.5201658511129,356.9679622659832,0.9223083172124728,0.7350126955206464,战术crank,左转
41.2,A0200,-32779.13664851283,3891.350228614314,6026.167121272179,267.74007503385064,1.3336072923377094,3.6984330050592944,3.1420116951150807,战术crank,左转
41.2,B0100,30356.03685536093,402.62885306270255,6018.288342668122,334.1855122819755,177.80061286113727,0.8507965936646429,0.1050937543970693,平飞,无
41.2,B0200,30594.31252725495,1140.39620632245,6092.2359643713135,316.5491733681148,177.93775651125938,1.029674013375248,0.2948219277493189,平飞,无
41.400000000000006,A0100,-32590.38072585035,-3851.497244737288,5966.858048763497,301.4208094031188,357.235081370502,-0.6189969746938321,-2.68058890542762,战术crank,左转
41.400000000000006,A0200,-32725.6791904169,3893.348567541236,6027.171701386009,267.14448241838886,1.3476231732904338,5.725714960587651,3.2623612256042445,战术crank,左转
41.400000000000006,B0100,30289.227886473367,404.5836309838378,6018.885934049626,334.2771811434516,177.90937009103038,-0.5973508201951359,1.3469312842217132,平飞,无
41.400000000000006,B0200,30531.063268094746,1142.0621543672096,6092.855231457894,316.2723609376217,178.04631039847098,-0.464746695575383,1.2417197352101013,平飞,无
41.6,A0100,-32530.175328312664,-3854.942827956351,5966.992996626186,301.60032353188075,357.3324618288892,-2.50492371843726,1.9992204718237343,战术crank,左转
41.6,A0200,-32672.36414842102,3895.351068139649,6028.786428276353,266.7959405937503,1.423578314399383,1.526114101557475,3.570870219348092,战术crank,左转
41.6,B0100,30222.41736991245,406.56121276758313,6019.133375286961,334.04990316215964,177.70232751604732,-2.214476684781759,-0.6598938774044771,平飞,无
41.6,B0200,30467.89757629604,1143.7436774089256,6093.138751488006,315.5032906794834,177.8720601404705,-2.1146113035855523,-0.1333441768381681,平飞,无
41.8,A0100,-32469.963656566524,-3858.3505813800766,5966.630693795587,301.43261496913647,357.0874931880562,-1.4653062326009887,-0.450031181341864,战术crank,左转
41.8,A0200,-32619.06867389444,3897.33702646912,6030.073917903119,266.65971184394243,1.1804896424371256,-2.2061850188993075,9.657542373132484,战术crank,左转
41.8,B0100,30155.62542921942,408.575833939658,6019.11489236892,334.2501621206265,177.75578551990955,0.304023226534407,0.7608846105320449,平飞,无
41.8,B0200,30404.837054756557,1145.4533763389172,6093.174732728197,315.4567041782287,177.94435802477562,0.3211537154283216,0.91311879304778,平飞,无
42.0,A0100,-32409.755361847,-3861.746217306327,5966.150814098184,301.7174250447256,357.1646722502226,-0.108955351552936,-1.091648591280894,战术crank,左转
42.0,A0200,-32565.824047243168,3899.25157047764,6030.635416155797,266.06635603198976,0.6187420940071214,-3.897104211488206,9.98299944702867,战术crank,左转
42.0,B0100,30088.858141536,410.61450377701294,6019.340557908996,333.6447351909701,177.6398598397709,0.7639122092747052,-1.1392616479389783,平飞,无
42.0,B0200,30341.806147525396,1147.1781340200214,6093.381504305844,315.0296298808132,177.85223407999845,0.8644360313378098,-0.3955294758163634,平飞,无
42.2,A0100,-32349.47399881314,-3865.1226481713184,5965.721588143599,302.0394434199744,357.056119493251,0.5713921291992475,3.8064068309738808,战术crank,左转
42.2,A0200,-32512.70441005236,3901.0955507394046,6030.686032961716,265.4688388623404,0.7657205985909575,-2.1632998646053005,3.922620017948254,战术crank,左转
42.2,B0100,30022.15502748889,412.6923224881066,6019.8851263475535,333.82316071164234,177.76785455486666,0.0959025233989291,0.1383572721082465,平飞,无
42.2,B0200,30278.84087903231,1148.9297160731749,6093.834032700046,314.9377712357592,177.97908556209208,-0.6188979998242939,0.5274881824065198,平飞,无
42.400000000000006,A0100,-32289.188064086564,-3868.460846254893,5965.47726094278,301.62914121616944,356.94305595678344,0.16904694204699,1.744093833391286,战术crank,左转
42.400000000000006,A0200,-32459.659992223933,3902.9222182163694,6030.6609258615135,265.3753288920749,1.3098426388419917,2.167303030530717,4.341374258021679,战术crank,左转
42.400000000000006,B0100,29955.423427149544,414.79731030746734,6020.459900420434,333.81198608928105,177.6314178358214,0.0345378517130325,-1.7729068279306963,平飞,无
42.400000000000006,B0200,30215.918213939272,1150.6981704878672,6093.946630979435,314.4462230024306,177.82108358989586,-2.3189703007834352,-0.834300997314222,平飞,无
42.6,A0100,-32228.960209360623,-3871.767019865547,5965.474672589524,301.6670340444762,357.14132817026416,1.1152508953501796,1.610031507508351,战术crank,左转
42.6,A0200,-32406.65283573063,3904.78656659556,6031.040368164368,264.9026795832714,1.3792267407479668,4.672676315805668,4.418072940843303,战术crank,左转
42.6,B0100,29888.682748256964,416.942481157872,6021.092236009925,334.0225729222887,177.75032567213316,-0.2767606912426116,-0.4323047520043191,平飞,无
42.6,B0200,30153.054787437355,1152.5017954942923,6093.802361036504,314.5527113009051,177.99249909482072,0.1192448804757432,0.0360509845126127,平飞,无
42.8,A0100,-32168.75473487029,-3875.036476617324,5965.754777507158,301.14722317633914,357.0442425288155,1.539443102300392,-1.6758656941296122,战术crank,左转
42.8,A0200,-32353.764174288124,3906.680734968524,6032.06361954107,264.5709617798344,1.4770246941487768,2.2983203071705893,4.624065583504753,战术crank,左转
42.8,B0100,29821.908594780893,419.1152915148741,6021.637319934711,334.0614265471266,177.60903515535318,-0.1870693474685834,-2.394874747316451,平飞,无
42.8,B0200,30090.19859046467,1154.3172364951006,6093.816164843496,314.18785119814663,177.90109329381914,0.6835682447858117,-1.2868908819166205,平飞,无
43.0,A0100,-32108.640142165623,-3878.309495158212,5966.411319650821,301.05366869639874,357.38623407652284,-0.1418857004783711,-4.999837045718052,战术crank,左转
43.0,A0200,-32300.88839634889,3908.5803062226414,6032.969969207958,264.5791298904499,1.183892490105363,-1.24274024924923,10.521906792256754,战术crank,左转
43.0,B0100,29755.120174032563,421.3300879126437,6022.186562053956,334.2665708241879,177.72448872812993,-0.4301752892095762,-1.0669434683098276,平飞,无
43.0,B0200,30027.396989242385,1156.1624255319002,6094.094722039816,314.1853283750522,178.00941264320792,-0.0571112545843763,-0.5493258418792308,平飞,无
43.2,A0100,-32048.495394530062,-3881.5539864997263,5966.702485528131,301.2616348429014,357.57373637334484,-2.212631927473767,-0.2861046923704876,战术crank,左转
43.2,A0200,-32248.047127755635,3910.4354372444377,6033.35337388759,264.0619377136552,0.5566911014976406,-3.217982752047233,10.95977013278408,战术crank,左转
43.2,B0100,29688.29876050937,423.5737357050184,6022.6262316974735,334.3059293503099,177.57808674910854,-0.3149465354000867,-3.068262865138247,平飞,无
43.2,B0200,29964.562263891865,1158.0255970170874,6094.355834119151,314.4144019544279,177.8757556322695,-0.186804737674998,-2.0386040504395795,平飞,无
43.400000000000006,A0100,-31988.299445757053,-3884.760781736348,5966.476637878899,301.601347284647,357.5002467883163,-0.4495291943502454,4.46817928718257,战术crank,左转
43.400000000000006,A0200,-32195.325394445725,3912.2430143073234,6033.378180739888,263.48273009352704,0.7198058128633773,-1.5763910666356196,5.072428200727294,战术crank,左转
43.400000000000006,B0100,29621.463061779265,425.86212633718606,6023.05957784623,334.51138797822586,177.69248707955057,-0.5453632330217094,-1.7579323895194916,平飞,无
43.400000000000006,B0200,29901.707300502854,1159.9264841377408,6094.725907970169,314.4816070715325,177.8953928883591,1.0644171712973296,-1.240902045775498,平飞,无
43.6,A0100,-31928.06976373009,-3887.92091286446,5966.245930024215,301.4359758684656,357.3968576531156,0.4390356824632517,1.92128743682356,战术crank,左转
43.6,A0200,-32142.6769738609,3914.04793467136,6033.420422747322,263.37561820155696,1.324173558024842,2.3054104748875126,5.465780908001742,战术crank,左转
43.6,B0100,29554.594400740487,428.1812817520368,6023.378820689135,334.5524591900855,177.5412606085215,-0.4276335454042203,-3.79447632000125,平飞,无
43.6,B0200,29838.89061617908,1161.8578954588847,6095.366300018752,313.8775586069388,177.75990428759022,1.4354884702051105,-2.72961958725033,平飞,无
43.8,A0100,-31867.85586253439,-3891.038320817717,5966.278525869411,301.60646085846577,357.5382597290109,1.3125292933489678,1.3932065675955556,战术crank,左转
43.8,A0200,-32090.06183252889,3915.893774261984,6033.744181068698,263.0278482422348,1.2458996719616051,3.0191990751029176,5.638619714186178,战术crank,左转
43.8,B0100,29487.71125777605,430.5485521074097,6023.688895307336,334.7596063730214,177.6553918681975,-0.6550548322153947,-2.5014816033733585,平飞,无
43.8,B0200,29776.13509444202,1163.837263551397,6096.309275561125,314.1765060303378,177.89124222145736,0.6220984018026289,-2.0129265706587165,平飞,无
44.0,A0100,-31807.64067740289,-3894.1097891706304,5966.597286740775,301.237004651846,357.49956635246355,1.6643778770609248,3.030802954773843,战术crank,左转
44.0,A0200,-32037.53360012697,3917.7707199559454,6034.518629411432,262.75051572284895,1.3680795685589655,1.5229056427164915,5.969534467164264,战术crank,左转
44.0,B0100,29420.77872867937,432.94647605836326,6023.8173305925575,335.01622693432563,177.6365333062889,-0.5340547601606802,3.318249195946597,平飞,无
44.0,B0200,29713.295580902304,1165.846878086386,6097.169379820389,314.60155583713595,177.86854104369334,-0.0020381985863274,3.660263504116149,平飞,无
44.2,A0100,-31747.50316054355,-3897.1297820744257,5967.162895534486,300.9554148339269,357.5924871811828,1.1663379050753275,5.731955119698156,战术crank,左转
44.2,A0200,-31985.02984113916,3919.6510278565984,6035.145945937522,262.5376580792456,0.8037222410988559,-1.8558372892528792,6.181180253153099,战术crank,左转
44.2,B0100,29353.860576517305,435.34741161375496,6023.91578222209,334.5287540373189,177.5121932868394,-0.0546355721950865,1.1804163121261433,平飞,无
44.2,B0200,29650.451514466517,1167.856757443913,6097.902479787246,314.08718603245387,177.73478057247996,0.0756665861377084,2.171789848088621,平飞,无
44.400000000000006,A0100,-31687.430506617944,-3900.077462035439,5967.831440520169,300.4495843061526,357.44570612540514,0.9159711570584196,2.3875374082421814,战术crank,左转
44.400000000000006,A0200,-31932.615686927413,3921.4770680766433,6035.403682762786,261.90254151302787,0.5730026055348564,-3.853250678084837,0.4654279058801388,战术crank,左转
44.400000000000006,B0100,29286.98594379463,437.7534869152332,6024.191103016447,334.7248775191024,177.60430833736848,0.326051046172535,2.400028657480892,平飞,无
44.400000000000006,B0200,29587.722405854227,1169.865019990746,6098.658767376417,313.63785040378707,177.8326598751949,0.5459922838872268,2.9748080175749894,平飞,无
44.6,A0100,-31627.45125545568,-3902.9787942260823,5968.690257274964,300.2071763703282,357.6848068219826,-0.5223740210052704,-0.9413667142507328,战术crank,左转
44.6,A0200,-31880.3046625163,3923.2461551718407,6035.236966545324,261.6644199621624,0.8874603436687091,-0.9458811419383252,1.074081038677617,战术crank,左转
44.6,B0100,29220.12816876622,440.1592018494739,6024.613495906959,334.2157918406977,177.45689684111,0.3558335922387818,0.3478915880077847,平飞,无
44.6,B0200,29525.082568516453,1171.8640652195645,6099.438433038631,313.0630212125937,177.7080470121716,0.6711000475674547,1.536521261190719,平飞,无
44.8,A0100,-31567.461514794268,-3905.8481908766935,5969.069609133892,300.37259037723,357.7343779068069,-2.4439952409570957,3.827741837023946,战术crank,左转
44.8,A0200,-31828.016246828643,3924.9952396139033,6035.0945199753605,261.3813296237996,0.8855157615218067,3.3497290142845304,1.5985888161836903,战术crank,左转
44.8,B0100,29153.31846405735,442.5800412786466,6025.201433497574,334.41890253291336,177.5557245343992,-0.1104156874531578,1.5975144882778118,平飞,无
44.8,B0200,29462.56576754303,1173.8647748354506,6100.286147431632,312.5114054432444,177.78366474904354,-0.7263018996586875,2.3696896735036006,平飞,无
45.0,A0100,-31507.46653676907,-3908.687145091648,5968.924911245882,300.1920077239024,357.5337498675,-1.328221333202095,1.4711950030914118,战术crank,左转
45.0,A0200,-31775.8237401862,3926.720541809409,6035.735423753476,260.9089914372323,1.189115619674115,5.5120623470785,1.9430962127959528,战术crank,左转
45.0,B0100,29086.5278684268,445.0119691274922,6025.750222503702,333.89251297583246,177.41092559174723,-0.0672778116903003,-0.4309429847606614,平飞,无
45.0,B0200,29400.16861503974,1175.8761945196602,6100.686454727296,311.7221184567727,177.56613715695144,-2.204584826270667,0.9626852907537308,平飞,无
45.2,A0100,-31447.47569380448,-3911.508276533756,5968.649178851174,300.4786033776571,357.66932436725654,0.0266054991707111,0.8843013480102685,战术crank,左转
45.2,A0200,-31723.71306078547,3928.453569071018,6036.823342412732,260.60566925585067,0.9888403999628648,1.85289080797497,5.148929847352216,战术crank,左转
45.2,B0100,29019.78616927255,447.46754763086574,6026.326614279375,334.08073410507774,177.51520602810015,-0.3435182311533575,0.8641425870588902,平飞,无
45.2,B0200,29337.90506076134,1177.909262424584,6100.7908689019205,311.3645698044701,177.68614503843426,0.3020910619874069,1.874952775393557,平飞,无
45.400000000000006,A0100,-31387.45279644357,-3914.295973506498,5968.472656387814,300.30275837095144,357.44880305596746,0.7661628264939827,-1.1443174880197915,战术crank,左转
45.400000000000006,A0200,-31671.672981249576,3930.1770645114248,6037.92882825511,260.1332869132823,0.5422888086298684,-1.8625015260986213,2.8745401848138727,战术crank,左转
45.400000000000006,B0100,28953.06405222513,449.93934871576494,6026.804958378489,333.5564803865255,177.37235817876152,-0.2264019888633821,-1.147210261434984,平飞,无
45.400000000000006,B0200,29275.700992433813,1179.9438380153424,6101.03181719398,310.964980497716,177.59080258594656,0.9431736399197388,0.5925823288639491,平飞,无
45.6,A0100,-31327.45282128487,-3917.0918057515137,5968.617028820596,300.44869358058844,357.5489421889197,1.557421333157194,-1.5563105000790889,战术crank,左转
45.6,A0200,-31619.72354171741,3931.844578372711,6038.574660062901,259.7319977030601,0.7502344645384739,-3.853335552108946,3.4454919791877163,战术crank,左转
45.6,B0100,28886.390513203674,452.4400957296857,6027.285064214615,333.7468723377296,177.4795457373,-0.4679399697863204,0.1515336319415629,平飞,无
45.6,B0200,29213.58681766036,1181.991737813094,6101.510899405115,310.53279057534127,177.69985176270342,-0.5380359239325649,1.4144968155493651,平飞,无
45.8,A0100,-31267.414104005915,-3919.883713297759,5969.080909526288,300.5687226914528,357.40044078133286,1.878592866568936,0.4046162948801065,战术crank,左转
45.8,A0200,-31567.84224205033,3933.477490183852,6038.592776416206,259.3033717308969,0.8014685146340791,-1.0289748179759326,4.11031429299485,战术crank,左转
45.8,B0100,28819.735719949203,454.96053551873047,6027.656111564609,333.2289066641837,177.33546176592708,-0.3395598077177901,-1.851084070895785,平飞,无
45.8,B0200,29151.574266423384,1184.0507686968467,6101.652084664831,309.8713726041479,177.50007276295324,-2.3238274613219883,0.1197173587649704,平飞,无
46.0,A0100,-31207.352173611034,-3922.6756201719018,5969.761954544252,300.7603911519236,357.48534972981406,0.1054514508581789,3.249441197253323,战术crank,左转
46.0,A0200,-31516.04531008153,3935.093679991445,6038.8186374530505,258.91053821996263,0.9123223568055748,3.260326056852965,-1.4532758795082432,战术crank,左转
46.0,B0100,28753.16365928236,457.52219092465566,6028.115156337262,333.07300634078626,177.5014823666084,1.0885704055774792,-0.7202752393608682,平飞,无
46.0,B0200,29089.636833150013,1186.1368816537924,6101.529849463284,309.9848884518211,177.59303543277107,0.0476461137964386,1.0506129877931518,平飞,无
46.2,A0100,-31147.30308937789,-3925.4494740779055,5970.146477501323,300.1939017038519,357.2555190435585,-1.9435632209138995,0.1109793852676307,战术crank,左转
46.2,A0200,-31464.333445918564,3936.664971781194,6039.712780482063,258.5584558133013,1.0833243594362083,5.673509863391257,-1.6081139634961237,战术crank,左转
46.2,B0100,28686.609961243623,460.10717528749774,6028.906797112571,332.9573391506066,177.37241257571344,1.330455001083447,-2.7110415550097606,平飞,无
46.2,B0200,29027.69910268617,1188.235457067829,6101.536171386086,309.661171383901,177.4893053398869,0.7223576882825442,-0.1728874254549801,平飞,无
46.400000000000006,A0100,-31087.35248348117,-3928.2241513337062,5970.374600638106,300.1330649877849,357.4158716132104,0.1984146504280411,-2.9291682027970376,战术crank,左转
46.400000000000006,A0200,-31412.690673879253,3938.210116716851,6040.9938592578765,258.27019466816193,1.0612087496170597,2.3033239845797184,1.323360866543253,战术crank,左转
46.400000000000006,B0100,28620.066913227827,462.73848579121295,6030.029124997885,333.15689191094293,177.48866679131174,0.6419122722257975,-1.6761243849884429,平飞,无
46.400000000000006,B0200,28965.81287104468,1190.3582441666113,6101.77804901305,309.6298325246799,177.62367545941302,-0.7806982594649374,0.6496655498045184,平飞,无
46.6,A0100,-31027.36113484881,-3930.999768085856,5970.637019415752,300.4243596370127,357.3316537868368,1.0537558208712037,2.2385672050414813,战术crank,左转
46.6,A0200,-31361.0728150592,3939.7317303176583,6042.164366351823,258.2985787080222,1.051439346605196,-1.4075866301819022,4.796349092648242,战术crank,左转
46.6,B0100,28553.478409307696,465.3964559407377,6031.116301118529,333.3622953026553,177.46235693162453,0.558763344377168,4.026021991449116,平飞,无
46.6,B0200,28903.95771938386,1192.4958143924196,6101.673433160919,309.18789634451304,177.44507480152114,-2.630666222190783,-0.6182238682370759,平飞,无
46.8,A0100,-30967.36720421664,-3933.7638378215,5971.035660031821,300.0924303469602,357.3495587302353,0.720988861009543,4.275109183173592,战术crank,左转
46.8,A0200,-31309.46359612609,3941.217584999244,6042.663514620084,257.9173350064964,0.5007965435503952,-4.4757375808319,5.079297179832773,战术crank,左转
46.8,B0100,28486.925145201792,468.0466108569399,6032.21837452657,332.6586745760073,177.3140658823042,0.7017460063193542,1.8801779936051743,平飞,无
46.8,B0200,28842.149687954032,1194.6633772184268,6101.291867172555,309.40203851970455,177.50873057639467,-0.2386814312096662,0.3086102659576267,平飞,无
47.0,A0100,-30907.436706627734,-3936.4935325265687,5971.502407025089,299.876151898982,357.5307014189292,0.5839748664784538,7.40291449198432,战术crank,左转
47.0,A0200,-31257.968263121405,3942.62635759347,6042.422423862043,257.1759342688425,0.2879998839735069,-6.265769522291039,-0.935091697080652,战术crank,左转
47.0,B0100,28420.497193846542,470.6964551019792,6033.363012407826,332.29713410897847,177.5030227781403,-0.7911231043204097,2.9195499667881384,平飞,无
47.0,B0200,28780.33018316112,1196.8502904392171,6101.0287207517085,309.0955423532499,177.39447676794288,0.4589234370458334,-0.9063387786687924,平飞,无
47.2,A0100,-30847.56143922083,-3939.161962753131,5971.982206354844,299.42328260505263,357.48855890311575,0.5050128954568514,5.654376006677718,战术crank,左转
47.2,A0200,-31206.60312812896,3943.982107443973,6041.4674798386295,256.93504291159365,0.5283567299002756,-3.194105960330808,-0.4642622076542365,战术crank,左转
47.2,B0100,28354.11699908108,473.352413685534,6033.982914183343,332.02760260557665,177.26841078424198,-2.093789091918202,0.7837678164763379,平飞,无
47.2,B0200,28718.57015535626,1199.072779775368,6101.107062703328,308.9946493546845,177.4776720016848,1.347120272852956,-0.1122219588595773,平飞,无
47.400000000000006,A0100,-30787.772247540248,-3941.7705600453137,5972.578066022095,299.1420714913492,357.73244725835264,0.4727519921237363,5.588438389851947,战术crank,左转
47.400000000000006,A0200,-31155.24799008876,3945.313075644552,6040.306746365737,256.8307012450826,0.3917277393299446,1.1568505810308891,0.2102215359984361,战术crank,左转
47.400000000000006,B0100,28287.77624742521,476.0287489593193,6034.276319041503,331.9814409035924,177.35640315254784,0.6243135789368944,1.9482835251104609,平飞,无
47.400000000000006,B0200,28656.85788837361,1201.3163960893526,6101.553325857298,308.4173668045947,177.35365627498092,1.596623784352411,-1.3538607692645446,平飞,无
47.6,A0100,-30728.035368442517,-3944.323564028191,5973.147563297584,298.7103535078633,357.6336801393134,0.4800960159963647,2.446746151528865,战术crank,左转
47.6,A0200,-31103.930766848636,3946.592645104796,6039.811559082515,256.57742219039864,0.6155879157433701,4.926088941964051,0.4945559315769544,战术crank,左转
47.6,B0100,28221.487145361672,478.7038983683997,6034.802136682656,331.3899461690747,177.23226016716012,1.0762408199506992,-0.0691438710418127,平飞,无
47.6,B0200,28595.237675042823,1203.5994659432763,6102.32731998296,308.3594570533556,177.65573124728112,-0.1118213737833546,-0.770944064978756,平飞,无
47.8,A0100,-30668.3823945956,-3946.841373100004,5973.831542351369,298.48462213921925,357.89879599548624,-0.849683745080385,-0.657394244069788,战术crank,左转
47.8,A0200,-31052.67788590269,3947.867822237981,6040.157916017932,255.9973323909578,0.6815540989726303,6.793981002188331,3.546012536008891,战术crank,左转
47.8,B0100,28155.30054589547,481.3938268216698,6035.610086498591,331.11503337390354,177.3344005899124,-0.361863159609929,1.0460755972588265,平飞,无
47.8,B0200,28533.59523743474,1205.887723829961,6102.791649843142,308.43349797700847,177.53062004939392,-1.985944653719796,-2.1067509748993696,平飞,无
48.0,A0100,-30608.718777501537,-3949.333117295544,5974.002323301524,298.6592940503382,357.9572686344599,-2.756445971354064,4.274615415399126,战术crank,左转
48.0,A0200,-31001.55046537705,3949.160850797618,6041.235196389591,255.64033378476435,0.4883875448534467,3.195696601170643,4.488052585745112,战术crank,左转
48.0,B0100,28089.14863285764,484.0998546282517,6036.067695356745,330.91347109826563,177.13000357193766,-2.026671340657216,-0.9666141215638068,平飞,无
48.0,B0200,28471.94353801443,1208.2020885250713,6102.992041741423,308.6105782542269,177.50694886889093,0.3324546900724425,-1.421029860051959,平飞,无
48.2,A0100,-30549.050699993302,-3951.801307176711,5973.6292840046535,298.4844942577851,357.774297508544,-1.6487645976656935,2.0867767374430746,战术crank,左转
48.2,A0200,-30950.447963525163,3950.4467091873103,6042.336095981042,255.70754769536788,0.2933283054263448,-0.5408434022966615,8.171123855267494,战术crank,左转
48.2,B0100,28023.00737105154,486.8394445163158,6036.255221057027,331.1481758136664,177.15973603476394,0.4892849551916438,0.338667902296341,平飞,无
48.2,B0200,28410.289004606664,1210.542990501301,6103.308193665987,308.2992948833894,177.3477856236823,1.0173908643549772,-2.813998991938441,平飞,无
48.400000000000006,A0100,-30489.385707919097,-3954.254110403004,5973.107506310906,298.7881808700881,357.9422813993062,-0.2845562183657767,1.5782157243747752,战术crank,左转
48.400000000000006,A0200,-30899.348666491183,3951.6819954990497,6042.908802118016,255.34219569378803,359.5696606450262,-3.724014823373692,9.075538465159736,战术crank,左转
48.400000000000006,B0100,27956.884437222623,489.6034808547738,6036.672527834549,330.5780960028703,177.0375538779209,0.9580435434546234,-1.53779840876665,平飞,无
48.400000000000006,B0200,28348.67070983077,1212.9319500021138,6103.880144988143,308.4615091939244,177.48921699119387,0.2763605394213785,-2.181991078972424,平飞,无
48.6,A0100,-30429.68421830505,-3956.6710802982943,5972.6692927805925,298.6335221815421,357.7396598843095,0.5127043243831709,-0.3338445518484251,战术crank,左转
48.6,A0200,-30848.361053652312,3952.819396772371,6042.871428782057,254.6129492408305,359.2368490884131,-5.682781420560058,3.6833836015168657,战术crank,左转
48.6,B0100,27890.82039908889,492.4077741983765,6037.398969329772,330.7891448745508,177.1634261380852,0.2782903415683064,-0.3488648242325528,平飞,无
48.6,B0200,28286.981163348944,1215.348493943029,6104.370067445074,308.95012500597454,177.47767753034773,0.1084595971224168,3.4580978746077258,平飞,无
48.8,A0100,-30369.99967838693,-3959.089931767521,5972.548515433582,298.802154983307,357.86561377242174,1.3011802703240265,-0.6902185994803605,战术crank,左转
48.8,A0200,-30797.5025191233,3953.872718116876,6042.203613449545,254.31862030210684,359.7613192496695,-2.821361263314551,4.515036494859939,战术crank,左转
48.8,B0100,27824.721103529817,495.239889800805,6038.147570255618,330.8139234522489,177.02604858702003,0.2070034021802803,-2.2311201437020864,平飞,无
48.8,B0200,28225.26804305226,1217.7626481937132,6104.828382850808,308.53172599202696,177.33199221040005,0.217938443498045,2.0808946785414384,平飞,无
49.0,A0100,-30310.270209419985,-3961.496472833631,5972.742943064119,298.9438726297923,357.7307664578898,1.6612259704625956,1.338332715497026,战术crank,左转
49.0,A0200,-30746.665752255743,3954.9077168843,6041.346162790607,254.11216610781815,0.0527228395882,1.5282155368383576,5.606752944028907,战术crank,左转
49.0,B0100,27758.60654595668,498.1132504386696,6038.947858213749,331.0584348712829,177.14153239940885,-0.103702049389949,-0.9738344153541886,平飞,无
49.0,B0200,28163.657829355543,1220.1726464444728,6105.391138273473,308.1345807260432,177.4383340191802,0.547372902470116,2.7874567748226657,平飞,无
49.2,A0100,-30250.513795002043,-3963.893723808189,5973.209449012291,299.1473389511012,357.85589734431085,1.1454423148732682,4.219521531817283,战术crank,左转
49.2,A0200,-30695.90669525197,3955.96501138802,6041.1675342252,253.5999105410392,0.3550118027134956,4.469401674416214,0.1879291933329002,战术crank,左转
49.2,B0100,27692.45675024902,501.0144525029264,6039.655286635367,331.0763345538763,176.99867022991606,-0.0215889198797202,-2.900894194909108,平飞,无
49.2,B0200,28102.12651710989,1222.5721322032932,6105.997489897854,307.6058337628651,177.29773630520387,0.61993425204605,1.456284126633882,平飞,无
49.400000000000006,A0100,-30190.76133269789,-3966.246618572386,5973.794732228394,298.7263236198813,357.7537570861672,0.885248201729226,1.3489718315792758,战术crank,左转
49.400000000000006,A0200,-30645.237190864827,3957.004621148501,6041.735448918396,253.3182812826673,0.7963678381067946,4.397265005010175,-0.2370955979618741,战术crank,左转
49.400000000000006,B0100,27626.329154002942,503.9678920807692,6040.452921972485,330.9560924123509,177.13679697483758,1.396394379947562,-1.811965936765437,平飞,无
49.400000000000006,B0200,28040.70855670514,1224.973645799917,6106.685695794902,307.1187575371444,177.3896722311989,-0.7697144441609997,2.1935464793804216,平飞,无
49.6,A0100,-30131.101599369667,-3968.575845199608,5974.588669292396,298.48165892732453,358.0486280421488,-0.5458739863817706,-1.6330553158722654,战术crank,左转
49.6,A0200,-30594.58702888443,3958.051370670033,6042.464912831798,253.36299813914013,0.8564056007350559,1.0024919220955266,5.2719017072288965,战术crank,左转
49.6,B0100,27560.21502906436,506.954158420358,6041.560233023001,330.93753637576884,177.0651117874108,1.6377317945375869,0.4468017950629729,平飞,无
49.6,B0200,27979.391529391385,1227.3839165128902,6106.937820157475,306.4727624182461,177.1555662481124,-2.43592955577938,0.8944709431283724,平飞,无
49.8,A0100,-30071.4327216684,-3970.8762139767096,5974.921425524592,298.6407794851636,358.016862313649,-2.5139805780998192,3.5064593078048185,战术crank,左转
49.8,A0200,-30543.93951960463,3959.1023208270335,6042.973387137226,253.11786245059787,0.2188657569084969,-2.4037580727890195,5.7400001329027655,战术crank,左转
49.8,B0100,27494.125957636268,509.9578489762771,6042.875342540297,330.74582627086244,177.03472714323678,0.2339030582596131,4.27886269866486,平飞,无
49.8,B0200,27918.17431413842,1229.817172470408,6106.867838293536,306.3111917291279,177.28341105942025,-0.0838131082921339,1.7248550870063912,平飞,无
50.0,A0100,-30011.761587589102,-3973.1610289520263,5974.737829313832,298.4518926868506,357.80823640543787,-1.4040910904832633,1.4000848967640485,战术crank,左转
50.0,A0200,-30493.38203101848,3960.106716237055,6043.077300215278,252.51591493660808,359.92081670921823,-4.618617982444174,-0.2064358576506978,战术crank,左转
50.0,B0100,27428.13279240139,512.9747316023422,6043.848783469506,329.7973907712943,176.72288796711956,-1.5905073445448572,2.2725526402142573,平飞,无
50.0,B0200,27856.98281263278,1232.2540030664677,6106.877286296098,306.0141984614804,177.17876655302635,0.717268158451292,0.537430560646245,平飞,无
50.2,A0100,-29952.096490155374,-3975.440276197034,5974.424878997104,298.73771113520644,357.9840937800806,-0.0534311369477034,1.0963328086872814,战术crank,左转
50.2,A0200,-30442.93323587216,3961.061598199391,6042.68004983611,252.2744181986597,0.1741143926262048,-1.7314188168568136,-0.1687573296831553,战术crank,左转
50.2,B0100,27362.280716466317,516.0162587722771,6044.556551419315,329.58012123925033,177.03298451091413,0.9977512921136616,3.4336262254075147,平飞,无
50.2,B0200,27795.867675030124,1234.7052643564805,6107.105588991613,305.6346056006125,177.30219869847838,-0.7712756515303266,1.2811888473709825,平飞,无
50.400000000000006,A0100,-29892.39921081812,-3977.692733057891,5974.209219486391,298.5658657332163,357.7914106987772,0.7369464484183752,-0.6715749524344733,战术crank,左转
50.400000000000006,A0200,-30392.492499364867,3961.99605165522,6042.194305875344,252.11063883322475,0.0455003475785113,2.751524545856455,0.3123531475872168,战术crank,左转
50.400000000000006,B0100,27296.51499193751,519.0335490626094,6045.491763670196,328.73129969417886,176.95443504222908,1.4700848120768648,1.6303145275362383,平飞,无
50.400000000000006,B0200,27734.84465342055,1237.166236939518,6106.976716339335,305.01538787201366,177.0864597516199,-2.7885070213548917,0.0792404061771278,平飞,无
50.6,A0100,-29832.72352080535,-3979.9555840951534,5974.31896539984,298.7202045203782,357.92872043109264,1.524480002533264,-0.9065313032021224,战术crank,左转
50.6,A0200,-30342.124257586504,3962.884580316879,6042.4067680903645,251.69408394530188,0.2710126606624876,5.268915347333903,0.380028874149072,战术crank,左转
50.6,B0100,27230.88479258804,522.0470662831376,6046.702453211454,328.4488211235118,177.14963308227482,0.0188926123786621,2.557454676870817,平飞,无
50.6,B0200,27673.886573523792,1239.6547658449708,6106.544735326939,305.2329345292835,177.1886479026759,-0.4349159491053491,0.9355736435992588,平飞,无
50.8,A0100,-29773.00709502604,-3982.212259456088,5974.749053209614,298.8499192521536,357.80388563891887,1.8878543172511997,1.1983963358458938,战术crank,左转
50.8,A0200,-30291.810524708697,3963.7664587038016,6043.003668500074,251.60850291099956,0.2865824207990856,2.201880877259209,5.911739871487053,战术crank,左转
50.8,B0100,27165.28270670866,525.0627059225008,6047.562533827246,328.2668546156844,176.9173297610017,-1.636537550317246,0.5911981416848568,平飞,无
50.8,B0200,27612.909268748557,1242.1564967836557,6106.190010773218,304.97089484517085,177.07447261718045,0.3798183974482558,-0.1952424560520512,平飞,无
51.0,A0100,-29713.265253844875,-3984.465901689077,5975.400372898239,299.05205547105334,357.8828762168875,0.1194844328969891,4.148828856715734,战术crank,左转
51.0,A0200,-30241.5128475982,3964.654738614223,6043.552022079586,251.3689752296919,359.659265384369,-1.4413084515018872,6.912805327571702,战术crank,左转
51.0,B0100,27099.711361579364,528.1031858044116,6048.150100705105,328.2453468211248,177.1279467522572,0.8676171790429548,1.5598052084878469,平飞,无
51.0,B0200,27551.98187013469,1244.6853951599696,6106.162499910144,304.9178817835308,177.17996939113496,1.2537572557062724,0.5426911408167898,平飞,无
51.2,A0100,-29653.5342508545,-3986.705246687854,5975.761206016015,298.5194496945933,357.6787995271273,-1.9537783565967968,2.3989751482615254,战术crank,左转
51.2,A0200,-30191.303545471044,3965.499915915652,6043.84956125202,250.77521539103023,359.3368386473652,-3.76313873148642,1.5171981991904484,战术crank,左转
51.2,B0100,27034.18422893497,531.1343896725139,6048.9519697371725,327.6959273445594,177.0181122210657,1.3368716950696078,-0.3501753750361836,平飞,无
51.2,B0200,27491.09204220541,1247.2258434991572,6106.4872085004845,304.38217069029486,177.05199807360984,1.5855497052273213,-0.6156779099315842,平飞,无
51.400000000000006,A0100,-29593.874589682804,-3988.936957052876,5975.869389047508,298.6482647241504,357.9576638928107,0.1367292065110087,2.393254937755859,战术crank,左转
51.400000000000006,A0200,-30141.19385673558,3966.285890511152,6043.737060707255,250.54459169947617,359.7052276848302,-1.384454333670264,1.824323032766144,战术crank,左转
51.400000000000006,B0100,26968.75218735701,534.175594451388,6050.020127124819,327.4629780343914,177.11123032871217,-0.1002896674495694,0.569697354255804,平飞,无
51.400000000000006,B0200,27430.326518319576,1249.7907573038435,6107.143622714981,303.920665082388,177.21320846451533,-0.1198715048599882,0.0520975094299801,平飞,无
51.6,A0100,-29534.218332432338,-3991.1339534428807,5976.028277453279,298.2005836239761,357.796683808918,1.0060182627947598,0.7254448248278647,战术crank,左转
51.6,A0200,-30091.097215042333,3967.053153604207,6043.539311757875,250.35966816006285,359.76690365572057,2.9168992411648915,2.5735460460162782,战术crank,左转
51.6,B0100,26903.34345429768,537.2266164806279,6050.733412874713,327.3115068790751,176.9115578233344,-1.798462067667033,-1.4727639803272807,平飞,无
51.6,B0200,27369.65677054941,1252.36429544178,6107.505579655219,303.2310258377379,177.03754880979733,-2.0693933055598634,-1.1376803475894404,平飞,无
51.8,A0100,-29474.63476764912,-3993.324117612605,5976.392513622367,298.1487833228511,357.995596714999,-0.5334799223368355,0.5880889445504716,战术crank,左转
51.8,A0200,-30041.077303522477,3967.808800285409,6044.026000776143,250.012046511192,0.128927496694797,5.757587943668637,2.790481754402464,战术crank,左转
51.8,B0100,26837.963141929944,540.3096084612189,6051.171718708943,327.30209675595944,177.0357061736119,0.7261974860391037,-0.478999199601551,平飞,无
51.8,B0200,27309.075999057364,1254.9649283564067,6107.614671473339,303.2815955924454,177.09287790465706,0.1599546684941815,-0.3516137295825054,平飞,无
52.0,A0100,-29415.024790956293,-3995.499680063953,5976.328098010416,298.3244063936249,357.89543261124845,-2.688168805314969,5.970062193393824,战术crank,左转
52.0,A0200,-29991.12623080117,3968.595803243841,6045.157532552481,249.61859331979417,0.1578657500377936,5.674279005538,5.881956913324471,战术crank,左转
52.0,B0100,26772.575610395663,543.4084389400159,6051.822224994099,327.2831110709642,176.91205804349892,1.1819904192908632,-2.34584958901937,平飞,无
52.0,B0200,27248.50040416028,1257.5861858895903,6107.815566070829,302.9746160340601,176.95109308812096,0.9661292902978108,-1.4850551652016684,平飞,无
52.2,A0100,-29355.41380121182,-3997.667317474321,5975.798791681516,298.14420543799656,357.74794845841603,-1.6637147820407523,4.093954827408903,战术crank,左转
52.2,A0200,-29941.256630744072,3969.4160088094704,6046.696138269754,249.4246231364428,359.8341008829328,2.271801662759954,6.946417036199523,战术crank,左转
52.2,B0100,26707.20776591335,546.5503894746525,6052.764351622296,327.2742432308718,177.1531560976876,0.5053886794663263,-1.5618584278950114,平飞,无
52.2,B0200,27187.9699041702,1260.2541448353077,6108.349054006152,303.03887344655544,177.1626399340023,1.8118251528152665,-0.9672201152869996,平飞,无
52.400000000000006,A0100,-29295.822864783084,-3999.821894568628,5975.175408778498,298.2290874572497,358.06621567487235,0.0213963603785844,3.9236768208788138,战术crank,左转
52.400000000000006,A0200,-29891.43240270008,3970.232501444116,6048.188735222409,248.9742470565078,359.18852596819505,-1.159387190337088,3.548340919059775,战术crank,左转
52.400000000000006,B0100,26641.82260708988,549.7031452511528,6053.697845081486,327.4193729766456,177.08167262544407,0.4184951238551463,0.6252525450364519,平飞,无
52.400000000000006,B0200,27127.463240127217,1262.9381420802674,6109.2173630741545,302.58823537038904,177.11023277211507,2.165240308160678,1.60307413975551,平飞,无
52.6,A0100,-29236.250664250867,-4001.9075207205383,5974.922150846713,297.68374003180713,358.14372085114115,3.4454542328512603,2.3375891597960607,战术crank,左转
52.6,A0200,-29841.72920252928,3970.983234808999,6049.412559925928,248.3547489689826,359.394510586111,-4.325593314134807,0.4270572347219851,战术crank,左转
52.6,B0100,26576.41182088681,552.864552767769,6054.579359062642,327.51217993902293,177.06437669394003,0.0895151532855023,4.261524218346885,平飞,无
52.6,B0200,27067.052979168384,1265.622444029792,6110.30654278892,302.23289142432355,177.0686878573165,0.446503735218432,5.1604513073412495,平飞,无
52.8,A0100,-29176.80734645168,-4003.943834499285,5975.3900094281225,297.1859647520202,358.309356879506,1.7456062126399234,2.0493489977603763,战术crank,左转
52.8,A0200,-29792.111250283284,3971.687125937335,6049.693132432731,247.813780773624,359.56286052030634,-6.220543886495977,6.829940654465976,战术crank,左转
52.8,B0100,26511.046087422103,556.0122521709109,6055.357538150138,326.8467771782887,176.90452210835852,0.1598809721098606,2.1675686246008965,平飞,无
52.8,B0200,27006.730592145617,1268.3094498947294,6111.106979101551,301.5370378385293,176.71013038436053,-1.5412785289116937,4.060678037202709,平飞,无
53.0,A0100,-29117.4345315455,-4005.9415962750422,5976.015269146794,296.90470153101296,358.3191118025326,0.4321581823952336,7.072321407406179,战术crank,左转
53.0,A0200,-29742.614149366455,3972.325918958755,6049.102316187811,247.2633266665714,359.7085582048324,-3.4142186108196224,8.017555322308612,战术crank,左转
53.0,B0100,26445.79047750289,559.1546734392359,6056.225929224531,326.6180814640388,177.14071185065828,1.5194839245574443,2.9993492058852875,平飞,无
53.0,B0200,26946.496813344376,1271.0151671494689,6111.672079367245,301.5842984953794,177.1011475935,0.6206189269505803,4.702952565519891,平飞,无
53.2,A0100,-29058.131632957786,-4007.904041423813,5976.397360433164,296.32926312754057,357.7536580790121,-2.1291104683034225,5.389511027027977,战术crank,左转
53.2,A0200,-29693.201220665094,3972.966614993284,6048.46572987428,246.9709879949132,0.002684559902626,0.7622195567076125,2.419474474062728,战术crank,左转
53.2,B0100,26380.623007689763,562.2620433618322,6057.403030011412,325.7973077708996,177.02572432081408,1.8375051114899703,1.0662732089835725,平飞,无
53.2,B0200,26886.28330810077,1273.689840708359,6112.321175037347,301.0631965756801,177.05571351592835,1.469367305026981,3.663713755313586,平飞,无
53.400000000000006,A0100,-28998.91706005088,-4009.86113899332,5976.472881218234,296.3061070552565,357.959565563686,-0.338809952664668,5.379398981494559,战术crank,左转
53.400000000000006,A0200,-29643.82961490288,3973.6204894311577,6048.236436432072,246.87003568658037,0.3373746114887421,3.987952423168651,1.8898595275115788,战术crank,左转
53.400000000000006,B0100,26315.586721278414,565.3615687472684,6058.869848072851,325.5486028018646,177.211513288036,0.2724067343120672,1.7421935587781985,平飞,无
53.400000000000006,B0200,26826.184476317954,1276.3392378184844,6113.194247067664,300.6332914346402,177.1006283417184,-0.0554133569076733,4.237576204540463,平飞,无
53.6,A0100,-28939.716230783888,-4011.784786724784,5976.492822062647,295.9035270053353,357.83466799359303,0.5261193137889638,3.8906145268692174,战术crank,左转
53.6,A0200,-29594.478487107528,3974.298605088439,6048.428642803008,246.607453495602,0.3186635250173572,4.068568440906874,4.648653535166648,战术crank,左转
53.6,B0100,26250.568706128848,568.4552084466923,6059.979592117312,325.406521746259,176.98638724400365,-1.4225954295872276,-0.3364456784366873,平飞,无
53.6,B0200,26766.174791107485,1278.9922086798551,6113.718190323385,299.9609893241578,176.76002187376744,-2.1313044095782794,3.08122348717874,平飞,无
53.8,A0100,-28880.61193155065,-4013.681573598531,5976.750660662119,295.53031543888073,358.1284143348087,1.289587527436242,3.990949889144752,战术crank,左转
53.8,A0200,-29545.178732279262,3974.998078579747,6048.919221182264,246.50851006364908,0.0393211965338332,0.6842763957031852,5.370082161886532,战术crank,左转
53.8,B0100,26185.572850973647,571.568477517555,6060.806343054106,325.4188312706319,177.13444637090112,1.0822278466270925,0.418019569522602,平飞,无
53.8,B0200,26706.284579614585,1281.6655950649902,6113.888031804361,299.65990187697776,176.95551148867716,-0.8895304407834682,3.833123571997517,平飞,无
54.0,A0100,-28821.578865959884,-4015.525317404852,5977.252917003671,295.0283714791952,357.99337269998074,1.720089280266291,2.7018864579940374,战术crank,左转
54.0,A0200,-29495.905818146675,3975.6902973631495,6049.284927595761,246.19121576389296,359.59052644516765,-2.7524255653561718,2.891184137855048,战术crank,左转
54.0,B0100,26120.565790552755,574.6805454133655,6061.831890151809,325.4200373693379,177.00385741511798,1.5411765151736094,-1.5410229448061408,平飞,无
54.0,B0200,26646.388370941902,1284.3460517278843,6113.838375017001,299.9372726584433,177.26403354440976,0.6234086411460693,9.476824258198716,平飞,无
54.2,A0100,-28762.650690949195,-4017.34703594615,5978.035093918987,294.66777159809254,358.1959751769462,0.0477807757148662,2.6869808946149742,战术crank,左转
54.2,A0200,-29446.707430533857,3976.334724336,6049.185487625813,245.8883421782697,359.7485210643476,-4.999229110149161,2.758419649664259,战术crank,左转
54.2,B0100,26055.590613501256,577.8136312721999,6063.1131985738575,325.23364795243515,177.11295261737646,0.1148713297197151,-0.7639105009882634,平飞,无
54.2,B0200,26586.489685202665,1286.9468863986067,6113.982121570365,299.4723437784281,177.2281330352688,1.3001657611049116,8.498375917417585,平飞,无
54.400000000000006,A0100,-28703.793715751144,-4019.1497241244488,5978.498443194322,294.0836599869001,357.8923092799251,-1.9821894575903936,1.2653400833109885,战术crank,左转
54.400000000000006,A0200,-29397.572790857037,3976.949916252988,6048.417792010588,245.55414002230756,359.7681157306704,-2.2302467905258565,3.2453707718577465,战术crank,左转
54.400000000000006,B0100,25990.617080003103,580.9554162318109,6063.977132738035,325.3024518416821,177.0695219419429,-1.6366954189526053,4.963957142621331,平飞,无
54.400000000000006,B0200,26526.69945362315,1289.4569118163745,6114.466851348361,299.0637984687229,177.3324623787082,1.1609342671451297,9.031045771079388,平飞,无
54.6,A0100,-28645.007100882576,-4020.9641456975023,5978.681131352536,294.2239210182616,358.12700250680365,0.0239990680005479,1.283658032866524,战术crank,左转
54.6,A0200,-29348.498127105708,3977.5430837654,6047.788298786779,245.2661821069118,359.79224527904347,2.213995804694388,-2.264385659925743,战术crank,左转
54.6,B0100,25925.676730249143,584.094293828105,6064.44400491442,324.826660516431,177.01851597402995,-0.2274287551550107,2.763199222725554,平飞,无
54.6,B0200,26466.98127890619,1291.895157493478,6115.091850440364,298.57219314418984,177.1691615934254,1.0696741217578434,8.00582440356371,平飞,无
54.8,A0100,-28586.201886288967,-4022.7623070417103,5978.878613540407,294.0275476751758,357.9706644232684,1.010211989235479,-0.0581448982500726,战术crank,左转
54.8,A0200,-29299.47425986417,3978.077257840476,6047.74389898381,245.04130067714055,0.0076818452458586,4.905576221133424,-3.0588599122989004,战术crank,左转
54.8,B0100,25860.80032913333,587.2219208013603,6064.944642203929,324.7828199732376,177.24797516902967,1.143199015909797,3.420347723315603,平飞,无
54.8,B0200,26407.36594726772,1294.279238190809,6115.859079764232,298.161194589603,177.13705384908937,-0.3669351607076225,8.704470630666899,平飞,无
55.0,A0100,-28527.42949823048,-4024.5746434583016,5979.374798373901,294.0903938792288,358.16469541185387,1.834238478814995,-0.0710515284501302,战术crank,左转
55.0,A0200,-29250.489049566968,3978.5818147255904,6048.030685096001,244.85055322414087,0.1146856742159316,2.0227400183539457,-0.3092546107927494,战术crank,左转
55.0,B0100,25795.9808677854,590.3061770636559,6065.72915584309,324.0577856623896,177.1258077313203,1.489816933356704,1.416868919482836,平飞,无
55.0,B0200,26347.838713063786,1296.6751260728206,6116.232979195085,297.49559225563223,176.66461703893484,-2.310643452169694,7.787636233490418,平飞,无
55.2,A0100,-28468.67073917596,-4026.376379423191,5980.169207400427,293.73285899341386,358.07592717294625,2.3423409896128446,2.259873243793107,战术crank,左转
55.2,A0200,-29201.51093835165,3979.066261175545,6048.259368109921,245.01889252770476,0.1776645214497879,-1.7619610777519807,2.7318786462533,战术crank,左转
55.2,B0100,25731.27985522413,593.3747856454502,6066.791064612924,323.8473026961186,177.29050357643595,-0.064329352343528,1.962083695889286,平飞,无
55.2,B0200,26288.43572769744,1299.0963717524855,6116.238441778229,297.12189954997166,176.98607533118548,-1.109783035799825,8.664646608881734,平飞,无
55.400000000000006,A0100,-28409.988632539626,-4028.1625471708494,5981.18252058305,293.47499027307066,357.9972199654171,0.6222033366788352,5.504213523672322,战术crank,左转
55.400000000000006,A0200,-29152.52488497062,3979.5373176476583,6047.92678403264,244.74792414567844,359.7967890637464,-4.1345942609051605,2.948424711730396,战术crank,左转
55.400000000000006,B0100,25666.590890838823,596.4337280670779,6067.495353851118,323.7479855209234,177.0533741951611,-1.7444743874368598,-0.1579931523067265,平飞,无
55.400000000000006,B0200,26229.04600941441,1301.518523488343,6116.001543429054,297.3191516114196,177.4827362644583,0.3848397865816264,14.401189181603929,平飞,无
55.6,A0100,-28351.37354140964,-4029.946600469813,5981.92910370285,292.87642080150766,357.722728065226,-1.528385312755238,4.115807668254241,战术crank,左转
55.6,A0200,-29103.631344485417,3979.971646304424,6047.237546324577,244.2791954686015,359.6404736985874,-3.044188529514886,-2.9925864663450694,战术crank,左转
55.6,B0100,25601.91799936239,599.5047827945054,6067.919139537016,323.7920057245066,177.0682469706113,0.7348257734718273,0.6409055500739589,平飞,无
55.6,B0200,26169.66039292271,1303.8228361856836,6115.93140316941,296.86270508945114,177.66497959890285,1.0998446364495469,12.670726199375991,平飞,无
55.8,A0100,-28292.86745136388,-4031.729730573528,5982.385901241497,292.57066649635266,357.9348109828379,-0.7249392823165896,4.578527579388457,战术crank,左转
55.8,A0200,-29054.785825563245,3980.3601996672014,6046.4509114575485,244.35774312712343,359.6563728802712,0.6983892225208264,-3.6059959969712514,战术crank,左转
55.8,B0100,25537.275950708816,602.5798525672581,6068.535715899952,323.3069919852289,176.92468854789766,1.2152265858072664,-1.3078070744887715,平飞,无
55.8,B0200,26110.39379813829,1305.9586722415024,6116.289266979662,296.2980017430133,177.94275580810202,1.6487074742132315,11.409009140629797,平飞,无
56.0,A0100,-28234.411325218265,-4033.50026509256,5982.593065594622,292.1870637186431,357.7574802707028,-0.4064131058005851,3.3673883982619675,战术crank,左转
56.0,A0200,-29005.908987185307,3980.71396636765,6045.762690955145,244.4230231581551,359.6916001133592,3.499822710196648,1.552177995203314,战术crank,左转
56.0,B0100,25472.7024998763,605.6831617823618,6069.435846505327,323.3175805345593,177.1511912530497,0.5097352832803022,-0.606463677599301,平飞,无
56.0,B0200,26051.203436418276,1307.9778592271723,6116.883501785762,295.9395586264673,178.0052354833768,1.3594026030450013,16.78352389228179,平飞,无
56.2,A0100,-28176.004755256712,-4035.270017018034,5982.786111956833,292.2643041527909,358.0254027931178,-0.2462380324866646,3.622426817639136,战术crank,左转
56.2,A0200,-28957.053381865582,3981.066813786112,6045.648520609436,244.05374629971575,359.771077152972,5.947636663973513,4.676717849258597,战术crank,左转
56.2,B0100,25408.105304650584,608.7911967681357,6070.336298938682,323.4361780192186,177.01319093141197,0.406952754861098,-2.510570697858062,平飞,无
56.2,B0200,25992.09042857753,1309.933858931705,6117.340134494589,295.4286431973065,176.66047257297336,-2.3218746921218187,15.382251068419343,平飞,无
56.400000000000006,A0100,-28117.59877183579,-4037.0179317491657,5982.884313892094,291.9464212293548,357.8647898581291,-0.121599733476266,2.518954700591003,战术crank,左转
56.400000000000006,A0200,-28908.284784595464,3981.458447969517,6046.220279561724,243.74756644669196,359.64253256542185,4.061847610314847,5.383138037658632,战术crank,左转
56.400000000000006,B0100,25343.499333684893,611.9240314335311,6071.269620496732,323.49335260358083,177.0899604456777,0.0955820980888549,-1.701120618929816,平飞,无
56.400000000000006,B0200,25933.08585434166,1311.9561385651132,6117.314957645034,295.07629291925326,176.83221319949877,-3.048853400772349,14.151888286655751,平飞,无
56.6,A0100,-28059.247874339268,-4038.7622738912105,5983.094844987922,291.9364112279295,358.13873143348377,0.980852204293357,2.69379709421618,战术crank,左转
56.6,A0200,-28859.55094423574,3981.8668048294394,6047.009985992634,243.69175150808744,359.37226536642004,0.6043870247799047,6.081230263512729,战术crank,左转
56.6,B0100,25278.86842502942,615.0723177244881,6072.092225080747,323.6072674071496,176.92534167031613,0.1467860545866313,-3.700441958556228,平飞,无
56.6,B0200,25874.066343860595,1313.9923608846948,6116.893127037038,295.5392956140313,178.4849925112859,1.6709908745204982,20.035584285904832,平飞,无
56.8,A0100,-28000.91974611266,-4040.475179166429,5983.506080389681,291.492562891274,358.00584379319514,1.7309648305354208,1.520556829100331,战术crank,左转
56.8,A0200,-28810.843520858056,3982.256416667,6047.61298608434,243.34222917679017,358.9177493021583,-2.7919186621313328,3.838904117584048,战术crank,左转
56.8,B0100,25214.23051671475,618.2601933702153,6072.901186875419,323.656092114419,177.14516028977036,-0.0838178431750027,-2.952433453406698,平飞,无
56.8,B0200,25815.029658403982,1315.7079899547316,6117.047644069375,294.8859362569653,179.59087302072484,4.592784459906749,18.194486162358043,平飞,无
57.0,A0100,-27942.69240285787,-4042.1781611966326,5984.206051201945,291.15446050759795,358.09978859912,0.0968109384862702,1.6908278747435763,战术crank,左转
57.0,A0200,-28762.230403532278,3982.5873402174343,6047.788763147813,242.76038343983163,358.78299571797226,-5.011520121472632,-1.7926644757864596,战术crank,左转
57.0,B0100,25149.564034900577,621.4586052452269,6073.567273863318,323.8492641611553,177.0648071637938,-0.0037855012064599,-0.7711312836566946,平飞,无
57.0,B0200,25756.135130616523,1317.005127332941,6118.16686699463,294.40483932451764,179.1417142472133,2.305980531325083,8.022162379536603,平飞,无
57.2,A0100,-27884.531378284115,-4043.87650308292,5984.605914262677,290.5936401781627,357.8028591155816,-2.0729614505510745,0.4315643911138785,战术crank,左转
57.2,A0200,-28713.72302861261,3982.858422718335,6047.433137901448,242.53302011379395,359.00642719743155,-2.406082536970449,-1.7685503585849192,战术crank,左转
57.2,B0100,25084.86307729253,624.6751526227281,6074.119778276241,323.9908182423263,177.18056007350506,-0.2577929235771457,2.6371953885786508,平飞,无
57.2,B0200,25697.32038174997,1318.1942280611556,6119.451591253664,294.0678837758501,179.02613214455027,-1.3878580341883753,5.1052534877152524,平飞,无
57.400000000000006,A0100,-27826.44026211841,-4045.597937305267,5984.733618800628,290.7380214161436,358.0466058627805,-0.1228048135321574,0.6449021852961146,战术crank,左转
57.400000000000006,A0200,-28665.21678052749,3983.0908866505306,6046.869479756725,242.44913187212651,358.83581255573057,1.9632942539996532,-1.0134835569949308,战术crank,左转
57.400000000000006,B0100,25020.179102917627,627.8729744249713,6074.538065023478,323.60259066218134,177.02720483136784,-0.181203227448131,0.5433785804694671,平飞,无
57.400000000000006,B0200,25638.554056276625,1319.3968047538174,6119.959284830047,293.7203433070415,178.8322291727906,-3.873208663363235,10.031000100829385,平飞,无
57.6,A0100,-27768.32699247565,-4047.313590234882,5984.861529834279,290.56804639631184,357.89461749226336,0.9507126295320092,-0.4297898168109082,战术crank,左转
57.6,A0200,-28616.760855699424,3983.2446036027086,6046.910927864052,242.18968810966,358.96979598815017,5.74979216105136,-1.018221219003313,战术crank,左转
57.6,B0100,24955.54951275813,631.0713071186874,6075.024780497708,323.5741951456607,177.19247822897714,1.1736324755619447,1.0957197845723117,平飞,无
57.6,B0200,25579.88234771001,1320.6636933687705,6119.470086107509,293.113442187235,178.4212947505197,-4.481740249100792,7.84995840021566,平飞,无
57.8,A0100,-27710.241064079328,-4049.054045653824,5985.285295979685,290.6589482964208,358.1113033805578,1.7473390550115468,-0.3516850590198619,战术crank,左转
57.8,A0200,-28568.37206549038,3983.357237137365,6047.724915988286,241.65014401813025,359.03145930865264,7.7836319840253,1.7731532064791131,战术crank,左转
57.8,B0100,24890.97475250408,634.2502012161658,6075.797303945561,322.86646649085066,177.04871195781664,1.503533554590018,-0.9482648899643144,平飞,无
57.8,B0200,25521.29321004334,1321.9669359623022,6118.300851249422,293.1809065563746,178.71413777236262,-2.496996163784836,7.352633409492973,平飞,无
58.0,A0100,-27652.163036325048,-4050.7905372014047,5985.996618404471,290.32982537646944,358.0354345712764,2.341511045609045,2.1004232923136508,战术crank,左转
58.0,A0200,-28520.10752444404,3983.45423276178,6049.234876437973,241.32800366748407,358.9839416269282,4.808881737269851,2.4964068123851493,战术crank,左转
58.0,B0100,24826.529952908066,637.4323751709362,6076.845135360034,322.5295046175963,177.13264598073175,-0.049463681783729,-0.3535023611477629,平飞,无
58.0,B0200,25462.68900091839,1323.2345057744124,6116.9220240545255,293.0861344759052,178.80797492851164,-0.0253169696579071,5.759651383849771,平飞,无
58.2,A0100,-27594.15620830292,-4052.516641412765,5986.927616046208,290.098666796644,357.9782990724152,0.6379324822187226,5.387699383685386,战术crank,左转
58.2,A0200,-28471.85919370426,3983.531718505836,6050.838232576696,241.48157100538452,358.9455846252801,1.243603164694172,5.587074967625695,战术crank,左转
58.2,B0100,24762.09693619244,640.6348257399977,6077.36959780132,322.6763619460068,177.2228798163967,-2.892769086527464,12.0877190200303,平飞,无
58.2,B0200,25404.11628918774,1324.4301226457692,6115.972271360504,292.8416532755135,179.17825321725078,1.458862313206982,5.618808727766297,平飞,无
58.400000000000006,A0100,-27536.210626042543,-4054.236740256987,5987.602919667482,289.52681155991144,357.5490699498304,-1.5409595351283771,4.371428158118844,战术crank,左转
58.400000000000006,A0200,-28423.58483085101,3983.574294172548,6052.027194601053,241.28011184976765,358.4089980199353,-2.101618849542421,6.405677982828977,战术crank,左转
58.400000000000006,B0100,24697.683629680752,643.9297358648628,6076.840490783492,322.2227377475243,177.01394711432718,-3.1240199254301864,18.78825610462211,平飞,无
58.400000000000006,B0200,25345.60086706604,1325.533294257374,6115.479688520809,292.3412744931291,179.12704339439665,1.6256531627037416,3.294189787570247,平飞,无
58.6,A0100,-27478.37159453073,-4055.9687393904583,5988.00566433999,289.23692863435303,357.7535167897754,-0.822658361877989,4.873575280447203,战术crank,左转
58.6,A0200,-28375.394028129653,3983.5509061261455,6052.75756116362,240.67114324585933,358.12828456865043,-4.316194279492085,1.1278033037020003,战术crank,左转
58.6,B0100,24633.40933644878,647.1969357453781,6075.919604015668,321.33488118869866,177.52960988215384,-0.4675139673358077,4.902132729319397,平飞,无
58.6,B0200,25287.198883209567,1326.582608611761,6115.4938040777,291.87117211822755,179.3724769731938,0.0340941217243629,1.0506759790986169,平飞,无
58.8,A0100,-27420.579964635497,-4057.696322922368,5988.153627594436,288.86163409792573,357.5996246731845,-0.5054307670332886,4.005111647087539,战术crank,左转
58.8,A0200,-28327.29768422728,3983.460802416721,6052.930737418984,240.45961126266732,358.4730532273089,-2.2837297126806337,1.0176328503115384,战术crank,左转
58.8,B0100,24569.281188146928,650.3224719212913,6075.693144022462,320.7920311411634,177.70098888951532,3.6511419441906976,-1.158271576353151,平飞,无
58.8,B0200,25228.853508536817,1327.5982509980522,6115.269991970115,291.60460083072115,179.23880004956115,-2.4401055456643235,6.1218421085512285,平飞,无
59.0,A0100,-27362.863700154376,-4059.421624186951,5988.285179219519,288.644220606564,357.7764058499112,-0.332619989743281,4.560917909561179,战术crank,左转
59.0,A0200,-28279.205040473506,3983.33871185986,6052.800610849588,240.37014489394608,358.52914918131376,1.851313341703205,1.7614163167668333,战术crank,左转
59.0,B0100,24505.205428506582,653.424547734222,6076.175729969351,320.78152441949663,177.6572318082792,0.0307258312111385,3.5284666236857363,平飞,无
59.0,B0200,25170.52280950414,1328.600691436228,6114.636485698247,291.9166361689677,179.5625463334301,-0.4504843886603576,10.8785049497439,平飞,无
59.2,A0100,-27305.186429927075,-4061.1341085397926,5988.31777224408,288.30066236105085,357.6132207585163,-0.1913936851195816,3.738083009931868,战术crank,左转
59.2,A0200,-28231.16479948632,3983.183908942941,6053.142681381186,240.1304525449844,358.838569480143,4.976764499896614,1.7629088206707315,战术crank,左转
59.2,B0100,24441.195026402555,656.4816084233298,6076.516399773673,319.9790165706199,177.37951440774546,-0.9874784011238044,1.1465118856510872,平飞,无
59.2,B0200,25112.169401660256,1329.508561583012,6114.040502582768,291.59466261070264,179.58514449575495,0.4516122234772473,8.047818962134507,平飞,无
59.400000000000006,A0100,-27247.58062455792,-4062.846631344546,5988.421398661261,288.0978121521031,357.94103426694784,-0.1209516213713917,4.121878218086456,战术crank,左转
59.400000000000006,A0200,-28183.16730815111,3983.033441962665,6053.974146402404,239.8444387410616,358.9001887462954,5.060052948272322,4.58231170894102,战术crank,左转
59.400000000000006,B0100,24377.28257950194,659.5202609669032,6076.833861116083,319.9368220733287,177.5262723350978,1.44448250128043,1.2809993372061654,平飞,无
59.400000000000006,B0200,25053.90950186592,1330.304068240136,6113.807755045609,291.1613640049584,179.8630495319001,1.0317128237028543,5.475043628090435,平飞,无
59.6,A0100,-27190.010896322245,-4064.534553453505,5988.469179240228,287.7633683814671,357.798606905254,-0.0396215913899687,3.317062061243429,战术crank,左转
59.6,A0200,-28135.22742087618,3982.893172857565,6055.112134450236,239.7340476506216,358.66257481022336,1.7430700983394396,5.447809312779446,战术crank,左转
59.6,B0100,24313.42992281996,662.5233902902637,6077.490255168528,319.22062218324976,177.35629636228578,1.621494740667284,-0.8953111421492623,平飞,无
59.6,B0200,24995.711327354744,1331.001342802907,6113.846194046715,290.7687716476106,179.6750464979148,1.607961287234479,3.594254053025932,平飞,无
59.8,A0100,-27132.51084059563,-4066.217400531708,5988.609256968197,287.56935468384125,358.100318905752,-0.0006449476121804,3.511603213341509,战术crank,左转
59.8,A0200,-28087.29383253144,3982.730499134217,6056.074589252737,239.677006648749,358.37878999080067,-1.7027036196922178,6.293538916417434,战术crank,左转
59.8,B0100,24249.700558316843,665.5209012507175,6078.447093234428,318.93467858666105,177.41642666262686,-0.0319377759838016,-0.5949706820531816,平飞,无
59.8,B0200,24937.615844695996,1331.644908554027,6114.309067161777,290.2507486838006,179.5057207245185,1.5168297882652664,-3.621134539886624,平飞,无
60.0,A0100,-27075.04512198965,-4067.8734796170265,5988.700783303028,287.24317155075835,357.93630129048154,0.0558188877486654,2.5440074420504075,战术crank,左转
60.0,A0200,-28039.404797236475,3982.5172769476194,6056.554143852668,239.13487757556132,358.02430337260023,-3.973914118780068,4.179774544928875,战术crank,左转
60.0,B0100,24185.97023546903,668.5146886111934,6079.004993080778,319.09582655221766,177.3393052986535,-1.7593164100798606,4.825510246219232,平飞,无
60.0,B0200,24879.558756536724,1332.306554626819,6114.983352151134,290.50097474243967,179.7878947074568,0.2762414103166203,-4.364141298710598,平飞,无
60.2,A0100,-27017.63017169797,-4069.525167969101,5988.930692867262,287.2616186158409,358.21472107883204,1.0903439651357858,2.623680846925074,战术crank,左转
60.2,A0200,-27991.63608426364,3982.248520887506,6056.687159259593,238.6286019167144,358.05860254293384,-1.940263673888184,-1.3317814296275163,战术crank,左转
60.2,B0100,24122.25303975076,671.496829296364,6079.169956579202,318.72346903776634,177.24698245017538,-0.5369445879206408,2.558042909884356,平飞,无
60.2,B0200,24821.40384740007,1332.9391685165128,6115.251181777898,291.05309383301017,179.8700594318755,-2.4492326406557297,0.6694960612832815,平飞,无
60.400000000000006,A0100,-26960.23068896262,-4071.1449914367386,5989.359965177451,286.8570096452397,358.07584384804534,1.9097936768443264,1.538388086064456,战术crank,左转
60.400000000000006,A0200,-27943.91929879419,3981.921246712973,6056.769804602032,238.65308434220705,358.24602303983323,2.1852086420239303,-1.6351948206186684,战术crank,左转
60.400000000000006,B0100,24058.58364125025,674.4604791053271,6079.301695400191,318.7319326588935,177.2914769307541,-0.0325544839475325,3.0729584241475663,平飞,无
60.400000000000006,B0200,24763.217131175206,1333.5489184870703,6114.97600405505,290.7307189272985,179.56344112673366,-2.0393164406291784,-1.2916406568297725,平飞,无
60.6,A0100,-26902.926389281605,-4072.755360935794,5990.089245185914,286.547148212778,358.1787250520961,0.2712218792201202,1.616934618685789,战术crank,左转
60.6,A0200,-27896.181138791675,3981.551863963279,6057.069302917817,238.70660633730031,358.4413272678875,6.071096534527418,3.541010592787799,战术crank,左转
60.6,B0100,23994.897155180137,677.4098347211147,6079.452136295064,318.8143633308887,177.526970513628,1.2581768808998977,8.294870371117463,平飞,无
60.6,B0200,24705.11205048652,1334.159551557973,6114.469393990808,290.4269299829079,179.54143941231845,-0.2668588399316352,-1.6998090392994871,平飞,无
60.8,A0100,-26845.66379826027,-4074.3620201848826,5990.472147436666,286.2683320552855,358.06037811596383,-1.9464671603200747,7.156568126624757,战术crank,左转
60.8,A0200,-27848.495218742544,3981.202896336656,6058.049370835293,238.1591079012968,358.6342779693611,8.106101721182887,6.757372711988927,战术crank,左转
60.8,B0100,23931.25261426177,680.2523858190316,6079.949084934726,318.1303946910314,177.3765184788531,1.482975580631062,5.484819510399645,平飞,无
60.8,B0200,24647.01219827124,1334.7696050764216,6114.132546000476,290.61525029874275,179.45699989321383,3.385812691168,3.2994715966985617,平飞,无
61.0,A0100,-26788.468468194344,-4075.9684419212354,5990.444782209326,285.8568951727007,357.90093662504694,-1.2632117713267867,6.010680824754245,战术crank,左转
61.0,A0200,-27800.93276700864,3980.9135445583815,6059.702798542443,237.855127951694,358.38088707278365,5.1920741391496685,7.464700476405092,战术crank,左转
61.0,B0100,23867.765916430963,683.0247915923337,6080.803095530509,317.4694912391124,177.50753823529345,-0.1586327165980954,3.894708318308094,平飞,无
61.0,B0200,24588.93513434701,1335.337659656674,6114.43439363198,290.06860726355444,179.22246271671256,2.979744297258545,2.1129448342106425,平飞,无
61.2,A0100,-26731.35218336393,-4077.5598653075976,5990.307329140971,285.6276274227163,358.1346543892816,-0.1237820194875663,6.16294994162799,战术crank,左转
61.2,A0200,-27753.404631643392,3980.640670891571,6061.51448436752,237.7932676944214,358.0178908094562,1.6434714946760591,8.270752378553622,战术crank,左转
61.2,B0100,23804.347357363506,685.7966006253127,6081.231454206616,317.330513787837,177.35480416378718,-2.9792188764248646,9.328003075621748,平飞,无
61.2,B0200,24530.976681543867,1335.8844165719938,6115.273614085909,289.700168234471,179.2992197460236,1.0515597074713643,2.2117522523163005,平飞,无
61.400000000000006,A0100,-26674.27545440016,-4079.10959158251,5990.191317984671,285.262811354876,358.0286935205775,0.769363025252258,5.113428935187318,战术crank,左转
61.400000000000006,A0200,-27705.904220378467,3980.3393195257695,6063.105434139347,237.35601086270572,357.37688561078465,-1.7007579199468683,5.230622855435032,战术crank,左转
61.400000000000006,B0100,23740.998370670957,688.6084979688621,6080.833184907464,316.784409022112,177.13766503170427,-3.087770723785185,7.006165257907536,平飞,无
61.400000000000006,B0200,24473.083050686928,1336.4227238290796,6115.965297735607,289.17852106404195,178.98874269843526,-1.1793498206882258,1.0917014111540322,平飞,无
61.6,A0100,-26617.28283219628,-4080.6240842727057,5990.357446526572,284.9556924464742,358.37394576528186,1.4323572002575766,5.183254420698215,战术crank,左转
61.6,A0200,-27658.51747664441,3979.962688214848,6064.334083917757,236.7653109129869,357.47555821060604,-4.747804061346248,2.259089833455973,战术crank,左转
61.6,B0100,23677.7170916536,691.4266856339937,6079.988519473427,316.811235539224,177.40695546958472,-0.8528981585154979,7.398956664696002,平飞,无
61.6,B0200,24415.268275445524,1336.9781601842478,6116.495830887112,289.174116411072,179.1340938811354,0.5944054893231319,1.4390415888628385,平飞,无
61.8,A0100,-26560.345007944245,-4082.075404491863,5990.769773474177,284.5351221379147,358.26194804725577,1.9852537678169595,4.263039953554489,战术crank,左转
61.8,A0200,-27611.213933999898,3979.507027001102,6064.567820592605,236.2478406285368,357.647319562965,-6.590047921438571,8.20648762829508,战术crank,左转
61.8,B0100,23614.46165299676,694.1899932899951,6079.185679998653,316.2710263503476,177.31995111800708,-0.2878058279482263,5.458515881062111,平飞,无
61.8,B0200,24357.4678335181,1337.5308804812194,6117.079381678926,288.7666838534949,178.97969802652898,1.6311406103842998,0.462832792026025,平飞,无
62.0,A0100,-26503.49957613778,-4083.49206942952,5991.49485070286,284.2339908406088,358.45582176712844,0.3468711126693016,4.193517880931181,战术crank,左转
62.0,A0200,-27564.03203524531,3978.965664881489,6063.897715097273,235.6947623720363,357.9706667970414,-3.629646733029325,9.929337487819408,战术crank,左转
62.0,B0100,23551.30418616077,696.8954326929725,6078.657022182282,316.0084788708284,177.43981324479904,0.5832439123582428,6.105201041182353,平飞,无
62.0,B0200,24299.763858719343,1338.098399467237,6117.889752796367,288.43795360087466,179.13834249053517,0.0837394817562404,0.7961506902229311,平飞,无
62.2,A0100,-26446.706881771668,-4084.888196783886,5991.9439346722365,283.74819266539265,358.0786809824897,-1.8945712419047984,3.144039857817679,战术crank,左转
62.2,A0200,-27516.932530837315,3978.4334625216816,6063.195103565404,235.4094791715259,358.6191799252952,0.8264466899465748,4.5525090664174845,战术crank,左转
62.2,B0100,23488.213003327844,699.535953628485,6078.444729545159,315.357589743702,177.31653278987497,0.7043838586213456,4.416625076288055,平飞,无
62.2,B0200,24242.12384743343,1338.6698803320069,6118.374161464983,287.8857544153744,178.8910871945179,-2.1035609268987887,-0.1505196205909024,平飞,无
62.400000000000006,A0100,-26390.00806320405,-4086.292934178415,5992.081622564068,283.5225431192814,358.24119321105434,-1.28702208863267,3.260140174659956,战术crank,左转
62.400000000000006,A0200,-27469.86742918633,3977.940077634892,6062.863638421246,235.3656758892336,359.2399041486383,4.044647904927143,3.5865462876768475,战术crank,左转
62.400000000000006,B0100,23425.254306234063,702.1332244191844,6078.4994788150725,314.81448545672214,177.28468249377792,-0.949957658002238,5.181895381176745,平飞,无
62.400000000000006,B0200,24184.6011622651,1339.2680488460392,6118.600411551848,287.4922511241467,178.99911234533093,0.6351647244888031,0.2993641342034533,平飞,无
62.6,A0100,-26333.33822620367,-4087.692226480173,5991.9094185984,283.29678865290293,358.040834900776,-0.971919069647566,2.270898015288339,战术crank,左转
62.6,A0200,-27422.79418987317,3977.4987038701374,6062.9224963010665,235.3029362757852,359.5143934992329,5.379628875356062,6.043644534262572,战术crank,左转
62.6,B0100,23362.41677785838,704.7330898831151,6078.207946364939,314.0262169085388,176.9899951087776,-2.467196263404805,3.583517054980553,平飞,无
62.6,B0200,24127.131423195468,1339.8698283397316,6119.004053613289,287.2204366577439,179.107609923302,3.741824506091181,5.854884216406699,平飞,无
62.8,A0100,-26276.710548340725,-4089.097450789509,5991.734220839826,283.22666397701,358.2291975691724,0.5257870375157552,2.5289408474967376,战术crank,左转
62.8,A0200,-27375.76398468253,3977.144598943769,6063.57766693308,235.04774232048655,359.52632577746823,5.39093213494989,6.623480682227399,战术crank,左转
62.8,B0100,23299.679866123173,707.3490588404647,6077.690381775074,314.0269356731648,177.3427468695221,0.0060667345737708,4.407134851520852,平飞,无
62.8,B0200,24069.74968387238,1340.4048369856264,6120.0008418213565,286.6302073479461,178.97323847844785,3.738613456276897,5.309940626995543,平飞,无
63.0,A0100,-26220.11064370076,-4090.4756496980617,5991.910009451612,282.76027627491686,358.2451762522063,4.394435870203645,1.6038848383378137,战术crank,左转
63.0,A0200,-27328.775049436816,3976.8522092195217,6064.544826960018,234.98600788708268,359.13108645860694,2.278584190630004,6.875510840074762,战术crank,左转
63.0,B0100,23236.979828293144,709.9295139156857,6077.363321438328,313.4035536490283,177.28632041177204,0.5248063245770158,2.9782375019964604,平飞,无
63.0,B0200,24012.49786945783,1340.8838386433845,6121.546062478852,286.1817503621131,178.90513240381364,1.8345256196834203,3.0531710233968927,平飞,无
63.2,A0100,-26163.647569081382,-4091.841548094096,5992.795356383062,282.2757263270261,358.5269720317553,1.5661529667992578,1.524807586669656,战术crank,左转
63.2,A0200,-27281.803488760608,3976.578412359051,6065.469151826892,234.71209392757692,358.47445126235283,-1.1394717625399808,2.9508611286679693,战术crank,左转
63.2,B0100,23174.40830266701,712.4860601006512,6077.290872037815,312.88378218661023,177.30906164649187,-0.9777518615079406,3.755524522791867,平飞,无
63.2,B0200,23955.294912552145,1341.374331589811,6122.881865249548,286.0135988606153,178.77820755998945,-1.5603106480375584,6.693377749115609,平飞,无
63.400000000000006,A0100,-26107.23035428116,-4093.1915245507225,5993.430031835706,282.0574656032529,358.3159547192114,-2.8652980746068204,7.164830725793897,战术crank,左转
63.400000000000006,A0200,-27234.918087882863,3976.264861429854,6066.178987242068,234.2953154103433,358.5854589378982,-4.356101320972702,-1.4595708251042785,战术crank,左转
63.400000000000006,B0100,23111.95240437581,715.0467900183394,6076.883016486328,312.127134390389,177.03611125016707,-2.686292168863631,2.220929731235369,平飞,无
63.400000000000006,B0200,23898.156024276694,1341.910326682052,6123.528505610946,285.3597980194452,178.42214536298718,-2.861267612836029,6.222457821881773,平飞,无
63.6,A0100,-26050.88960217188,-4094.574664629807,5993.300668415005,281.45504929741134,357.8563147530258,-4.103832712696202,5.9817053358083925,战术crank,左转
63.6,A0200,-27188.074232053357,3975.931255439458,6066.02949874278,234.10881076013607,358.833681368909,-6.39046244277831,3.3546043404804005,战术crank,左转
63.6,B0100,23049.630763799083,717.6233856932367,6076.222224203702,311.77784160731807,177.20355832250104,-0.2919305339033617,3.176940967841553,平飞,无
63.6,B0200,23841.13149955671,1342.4895111213073,6123.683772928092,285.0354875739773,178.78026959919896,-1.1377469182202822,6.873003537763819,平飞,无
63.8,A0100,-25994.65592508132,-4095.992379297733,5992.593497537788,281.226246150128,358.1925488769368,-1.8587427750458048,5.928969601279817,战术crank,左转
63.8,A0200,-27141.30128469182,3975.572610240153,6065.055026313812,233.73405184956025,358.8131852372802,-3.954524570786088,4.403724336455163,战术crank,左转
63.8,B0100,22987.364147315915,720.1888836012649,6075.717240262649,311.3890013356509,177.1225952115933,0.3210105291131614,1.8058452300378112,平飞,无
63.8,B0200,23784.163216731155,1343.0492981630714,6123.703063325316,284.57481479079854,179.02489743889805,1.9555062744526124,6.349475803706873,平飞,无
64.0,A0100,-25938.433179919262,-4097.371705699984,5991.8580608005805,281.1156038838113,358.4556682200847,2.440900708912348,4.9579606488445975,战术crank,左转
64.0,A0200,-27094.59083529713,3975.2008302819695,6064.025699956241,233.532786442723,358.96363965342954,0.1646286412068314,-1.262110188288821,战术crank,左转
64.0,B0100,22925.18369501795,722.7525587682039,6075.52553815124,310.97494473611965,177.2261683605804,0.2541388994226261,2.6934172992998757,平飞,无
64.0,B0200,23727.306499176742,1343.5265021780478,6124.32077319081,284.0689271677583,179.41476717033456,3.9391214937414207,6.84218644850414,平飞,无
64.2,A0100,-25882.26104112156,-4098.671350497673,5991.9174762529,280.7845319373784,358.900209337962,4.443722283203975,4.86818633294472,战术crank,左转
64.2,A0200,-27047.894325055997,3974.801576315165,6063.352330396838,233.57450202223367,359.1664499064173,4.168965589119377,-2.503590086837958,战术crank,左转
64.2,B0100,22863.09234406987,725.3075047819912,6075.476726214456,310.3990988119655,177.0995519002446,0.1828522815640543,1.3668054215783194,平飞,无
64.2,B0200,23670.54540224888,1343.9390889315,6125.209018735992,283.5839596654399,178.65560708836082,-0.6030893165538808,6.255929260832607,平飞,无
64.4,A0100,-25826.16618800267,-4099.867856807774,5992.684478044354,280.2992008700036,358.91087173272155,3.655714052520513,7.310568931495911,战术crank,左转
64.4,A0200,-27001.19556761165,3974.38191090084,6063.179925622504,233.280175161349,359.1119693621981,6.448017204800993,-0.1074314453157819,战术crank,左转
64.4,B0100,22801.11705865444,727.8666649154702,6075.628614414261,309.9527061940234,177.21171935880085,0.3654863392650587,2.281960665899298,平飞,无
64.4,B0200,23613.899927218587,1344.3776362873705,6125.802441695214,282.929197070727,178.39237559983414,-3.873355605838592,0.0257508121342626,平飞,无
64.60000000000001,A0100,-25770.17905012988,-4100.982750824775,5993.816702699531,279.7455026903549,358.4200130540947,-0.3534631310917109,2.116569666921161,战术crank,左转
64.60000000000001,A0200,-26954.57558920741,3973.945284267278,6063.592550990985,233.05993357337127,359.0495033269364,3.666918915338826,0.2693319972172427,战术crank,左转
64.60000000000001,B0100,22739.22900432076,730.4222962725516,6075.875653534977,309.3921572842886,177.08582041792437,0.3741594069231408,0.9706394542715718,平飞,无
64.60000000000001,B0200,23557.393149501,1344.8633349141255,6125.647193516585,282.11634897628613,178.4530177075567,-4.753373516479568,-5.92366769032678,平飞,无
64.8,A0100,-25714.29535590067,-4102.097144722235,5994.6852299078655,279.35598568515485,358.75888425484635,-3.394136854868885,-0.2663147476049022,战术crank,左转
64.8,A0200,-26907.946544878752,3973.491356008033,6064.049904932611,233.34555085214924,359.2006834805681,0.0681725042529451,2.4861499067532944,战术crank,左转
64.8,B0100,22677.458973866964,732.9862789794179,6076.226679118683,308.8856085134968,177.19237468032333,-1.0428753793181167,1.8839267520253349,平飞,无
64.8,B0200,23501.022732068825,1345.3981769728198,6125.027752418109,281.8067114642485,178.25999364293517,-0.1757275172922082,-4.438559276106632,平飞,无
65.0,A0100,-25658.462473167023,-4103.194810953855,5994.571491582222,279.1123734624199,358.76068153067257,-4.602345276752679,5.342406692533319,战术crank,左转
65.0,A0200,-26861.26820074676,3973.035273417334,6064.058297372658,233.33482654169225,358.8693671769864,-3.3147469388010515,2.696367101316048,战术crank,左转
65.0,B0100,22615.797208239317,735.5614830685463,6076.14976743119,308.21732183875605,176.98256179113187,-2.626860991422705,0.5616217446848527,平飞,无
65.0,B0200,23444.7045603988,1346.021678162785,6124.705778476471,281.2729574181273,177.87941765668543,3.809645809629931,-4.896025562760309,平飞,无
65.2,A0100,-25602.679200366558,-4104.307120743289,5993.681718570229,278.8642750706585,358.6562816107924,-2.379046944818924,3.8939975883835,战术crank,左转
65.2,A0200,-26814.635939921096,3972.551091879033,6063.55245512502,233.1005561751936,358.8781004555311,-5.61193251877524,2.123980495983445,战术crank,左转
65.2,B0100,22554.209184338244,738.1673416947106,6075.7681328223625,308.3570418213944,177.22748435109213,-0.2372031310889657,1.3894544340389852,平飞,无
65.2,B0200,23388.543511986994,1346.8287556127852,6125.459142019061,280.5151571467908,178.0045871209086,5.041297531677249,-6.938830594424368,平飞,无
65.4,A0100,-25546.91346700556,-4105.397389589415,5992.823448989335,279.0200715505569,358.9854727982996,1.9636283073362797,3.5629491192623624,战术crank,左转
65.4,A0200,-26768.051956001043,3972.052669890944,6062.371487313152,232.90112398736463,358.8252311944904,-3.3220532905172218,1.8979701289228077,战术crank,左转
65.4,B0100,22492.61481793852,740.772073226568,6075.494859278712,308.05587379391017,177.1403336892459,0.491399979921613,0.1167109477997469,平飞,无
65.4,B0200,23332.48825477241,1347.7448547082513,6126.688280777433,280.2804589156271,178.47395714457065,0.7228688021666189,-1.167277748922459,平飞,无
65.60000000000001,A0100,-25491.147603805464,-4106.422207444119,5992.514761407005,278.5839864808683,358.86779248475943,3.812774965655251,2.37113990501723,战术crank,左转
65.60000000000001,A0200,-26721.50924917909,3971.5370149084247,6061.20970848186,232.7116919664584,358.7054991294599,0.885827152695227,-3.7502711215403024,战术crank,左转
65.60000000000001,B0100,22431.07664285484,743.3922591093888,6075.55907501277,307.97397512299017,177.22126320564385,1.389211803898757,0.8176793333815688,平飞,无
65.60000000000001,B0200,23276.48702946407,1348.6822381804168,6127.643897455871,279.78696855407094,178.26104767751636,-2.633736338199034,-1.1413330115497975,平飞,无
65.8,A0100,-25435.4829863308,-4107.418520506258,5992.860997926702,278.29853342799635,359.0686341709371,1.0147730938104078,1.908487601093422,战术crank,左转
65.8,A0200,-26674.98489061826,3970.956513306488,6060.486931415956,232.70665046616307,358.7370319659653,4.0549841044129575,-5.151703096228106,战术crank,左转
65.8,B0100,22369.582980443894,746.0166830791659,6075.990552429897,307.4017588271908,177.08593562432384,1.6533352761006932,-0.589728357907848,平飞,无
65.8,B0200,23220.60529302222,1349.6522997444863,6127.980865608888,279.1198542385999,178.32585494923958,-5.124936722380997,-7.278956887906948,平飞,无
66.0,A0100,-25379.8333907368,-4108.390292798127,5993.006658544748,278.2549638321556,358.8558131094037,-2.487604144974862,7.252343536493506,战术crank,左转
66.0,A0200,-26628.452809368744,3970.3226883747448,6060.159555670385,232.56114952369552,358.7146569053958,4.4509748883467,-2.815444803878828,战术crank,左转
66.0,B0100,22308.22010875742,748.6599660157608,6076.751202020865,306.9094310626257,177.22537258518798,-0.0423864001924277,0.0893265319421269,平飞,无
66.0,B0200,23164.85086060914,1350.5979313648368,6127.342902008662,278.583272523589,178.6772052198017,-5.915672364930367,-6.061691890926265,平飞,无
66.2,A0100,-25324.23668857327,-4109.379767172849,5992.519366040459,277.73399280834684,358.33412931816,-4.062545927054983,6.045066463724583,战术crank,左转
66.2,A0200,-26581.93829258241,3969.6465475721216,6060.104463804017,232.73450640092892,358.8822553012993,1.190546138873407,-0.2165412236153702,战术crank,左转
66.2,B0100,22246.960421093117,751.3094046001679,6077.205150618641,306.17939954146823,177.0459800867255,-1.94094398748424,-1.3251379616645058,平飞,无
66.2,B0200,23109.207410615418,1351.527620961021,6126.003855437035,278.10138273089177,178.13665076214735,-1.5750733538416402,-5.668880818202222,平飞,无
66.4,A0100,-25268.76087953738,-4110.391809171242,5991.619792331827,277.20285304575435,358.3459571874328,-1.8116049028598684,-0.8006480030907699,战术crank,左转
66.4,A0200,-26535.36741357173,3968.963355083008,6059.765746637353,233.02770271967324,358.8542368317726,-2.2640791690669864,4.801478192537005,战术crank,左转
66.4,B0100,22185.794295783155,753.9836278239345,6077.401825742257,306.21000856362696,177.0766182494734,0.3547188376979936,-0.4978344134614444,平飞,无
66.4,B0200,23053.67288421071,1352.6015928488323,6125.132849580195,277.2729705083298,177.31029585230905,2.521817634219921,-15.526857161846376,平飞,无
66.60000000000001,A0100,-25213.34908222191,-4111.423978141088,5990.837450301987,277.14418492295323,358.56177028867126,1.848579229549984,-0.7839002884264078,战术crank,左转
66.60000000000001,A0200,-26488.78220058192,3968.268901119827,6058.916102694612,232.79544185240687,358.3800892442606,-4.677907457912647,5.450220039849604,战术crank,左转
66.60000000000001,B0100,22124.6400343578,756.6792234606901,6077.714216080004,305.8666309100194,176.93471146213344,1.085937799694909,-1.8097888454966984,平飞,无
66.60000000000001,B0200,22998.299766181244,1354.1429797878372,6125.487919316054,276.8190345636441,176.81204680456193,4.581873022378084,-22.434682541165134,平飞,无
66.8,A0100,-25157.956379346066,-4112.458601233163,5990.464525361499,276.83496239643,358.5110183864227,2.310166867123974,1.9273696001587597,战术crank,左转
66.8,A0200,-26442.294130338225,3967.5600359027776,6057.831429906376,232.37754984447784,358.31907292440275,-2.3987177950252705,-0.2736177320216959,战术crank,左转
66.8,B0100,22063.53814490282,759.4232434218866,6078.369259469821,305.90034766320747,177.12814941153854,1.957757370921672,-1.228037600677139,平飞,无
66.8,B0200,22943.03100718114,1356.1535084862137,6126.737779909305,276.41918564777967,176.9977858580031,4.246896866143425,-15.102717344353763,平飞,无
67.0,A0100,-25102.61502580207,-4113.4855757204505,5990.495815993102,276.7134535068297,358.57866889095214,1.796833479579721,5.229238875389892,战术crank,左转
67.0,A0200,-26395.82933085437,3966.827032911728,6056.801881787373,232.52399015977292,358.450493472023,1.8771991177303495,-1.4874566936435,战术crank,左转
67.0,B0100,22002.468130478737,762.1865793202387,6079.375018772943,305.41114636530085,177.06979931470295,2.2510479799929173,1.267373932379529,平飞,无
67.0,B0200,22887.77978094458,1358.312946773648,6128.144423816839,276.723982587966,177.7273422366335,0.4726230669571442,-7.175709674410468,平飞,无
67.2,A0100,-25047.310870640234,-4114.471833658205,5990.751677102618,276.3368660992466,358.35479659284005,1.4798839186774548,4.744131462075992,战术crank,左转
67.2,A0200,-26349.3180679713,3966.07633944569,6056.036184511313,232.6462181127767,358.56189103913266,5.557690752785844,3.020624989183066,战术crank,左转
67.2,B0100,21941.50251717411,764.9523301615636,6080.604343685818,305.0167179389028,177.0292920847239,0.5402510651968596,4.852942356502656,平飞,无
67.2,B0200,22832.44646185481,1360.4803599432116,6129.114760650407,277.1202632744615,177.98402826475507,-2.7516433317360893,-1.4394931173107166,平飞,无
67.4,A0100,-24992.085672571,-4115.429695813858,5991.315186661303,276.1246239793242,358.52844278141094,1.259536776016828,5.063574575718698,战术crank,左转
67.4,A0200,-26302.83420484916,3965.358421806841,6055.966265526611,232.17392002879413,358.6490449236322,7.460444291401875,5.902341447562191,战术crank,左转
67.4,B0100,21880.632804001954,767.7214786645427,6081.534795967124,304.280057153595,176.68892182604912,-1.3999314721318592,3.580545114243806,平飞,无
67.4,B0200,22777.065485434094,1362.6292940825488,6129.186795815318,277.0764472140894,177.93265919237083,-4.046019670010218,4.052763116759278,平飞,无
67.60000000000001,A0100,-24936.893844440758,-4116.357978320941,5991.944330879884,275.81592480550944,358.33253844293955,1.1741668535132426,4.538810741562052,战术crank,左转
67.60000000000001,A0200,-26256.44717427754,3964.710168341775,6056.646325434407,231.872001663398,358.46932728813914,5.504026853417565,6.279233167003865,战术crank,左转
67.60000000000001,B0100,21819.85654517854,770.5097593794126,6082.224411345237,304.3060969105753,177.05652116161122,0.832813838416205,4.30109551998961,平飞,无
67.60000000000001,B0200,22721.704595485146,1364.771497598571,6128.652535792482,276.96418630039153,177.8860099621199,-0.4127544531147466,2.6219794664101785,平飞,无
67.8,A0100,-24881.77194793468,-4117.27132236899,5992.755201123733,275.6333784676278,358.521152481118,1.0959352669459346,4.902731086081882,战术crank,左转
67.8,A0200,-26210.09051168465,3964.0965961143447,6057.619182067075,231.85602947173828,358.15139550553164,2.114806356566077,6.557043956115572,战术crank,左转
67.8,B0100,21759.107828663,773.2686666981363,6083.0207665401485,303.74479824131305,177.00263574728177,1.6146653413231256,3.11632675436763,平飞,无
67.8,B0200,22666.36481822377,1366.8838808132768,6128.369376993076,276.85361743324205,178.07713624582627,2.8200984324745417,2.15577294854779,平飞,无
68.0,A0100,-24826.678370222096,-4118.1630821104345,5993.560410683541,275.3403308924876,358.331729908234,1.0958576038375178,4.412540899965409,战术crank,左转
68.0,A0200,-26163.72638108168,3963.470054105639,6058.439034540636,231.8847777181916,357.80778640405543,-1.3303137390385338,7.070204605273944,战术crank,左转
68.0,B0100,21698.48137220717,776.0057575731807,6084.047818196736,303.281206471856,177.05150603939475,0.0971137661680128,3.7681981907839326,平飞,无
68.0,B0200,22611.064156783614,1368.948860636424,6128.552316203673,276.45360418060926,177.8237205173821,3.211181536413099,0.9170744434565936,平飞,无
68.2,A0100,-24771.65207639288,-4119.045290563813,5994.503422276922,275.16840365459484,358.5266937878938,1.0710487351347946,4.797606538791265,战术crank,左转
68.2,A0200,-26117.389494608007,3962.801303420089,6058.826061087365,231.4325669314868,357.3864859975717,-3.691549579632536,4.926887956287249,战术crank,左转
68.2,B0100,21637.95155698285,778.7469481656253,6084.720756823632,302.566210089267,176.7324630282885,-1.9601148704513536,2.468285637866289,平飞,无
68.2,B0200,22555.85340949756,1371.0043873732193,6129.2393194633005,276.182405379492,177.92888395500998,1.399339910422591,0.4932586630045886,平飞,无
68.4,A0100,-24716.65196783368,-4119.909366847673,5995.412901906178,274.8819167141376,358.3397458342252,1.1038610765075525,4.33304179566151,战术crank,左转
68.4,A0200,-26071.16093495393,3962.083983601362,6058.917815979295,230.979875982085,357.4096079681466,-1.8024829665638324,-0.679089424704933,战术crank,左转
68.4,B0100,21577.513585670808,781.5133299424588,6085.086735810769,302.6120537502056,177.05931126310892,0.3294610909777078,3.1420257792121187,平飞,无
68.4,B0200,22500.65588782558,1373.0483016323024,6129.699877980441,276.1593102293205,177.77188642217288,-2.091846619769918,5.722510434214069,平飞,无
68.60000000000001,A0100,-24661.71814189885,-4120.766462064159,5996.442995936086,274.7139962731812,358.5378605495277,1.0997683909695906,4.72601851674719,战术crank,左转
68.60000000000001,A0200,-26024.97073962848,3961.308339349776,6058.940920082292,231.0855911462017,357.7487145904488,1.6534304861598537,-1.6328065158578011,战术crank,左转
68.60000000000001,B0100,21517.096377676196,784.2616705503697,6085.514916420088,302.0845223136301,176.98836039726928,1.2025990254982906,1.9770580669880324,平飞,无
68.60000000000001,B0200,22445.505221748437,1375.10712734343,6129.534992236886,275.6425782889262,177.29668128967305,-3.751020542909472,4.757836079669232,平飞,无
68.8,A0100,-24606.809505282225,-4121.607060961067,5997.428161258032,274.4307441370815,358.3517346645899,1.1454705344862637,4.281115037526979,战术crank,左转
68.8,A0200,-25978.735743602538,3960.4991112311327,6058.9764945503775,231.29489891509812,358.0106429349847,3.766993237859648,3.219153753779066,战术crank,左转
68.8,B0100,21456.764438572493,787.0058063031447,6086.264139355241,302.02510980291424,177.23882149160897,2.0620534617831585,2.429321267218945,平飞,无
68.8,B0200,22390.45315482185,1377.1886655508724,6128.893236033105,275.4399947817375,177.58132623575537,-1.588338846709606,4.591453526610959,平飞,无
69.0,A0100,-24551.96679969143,-4122.44205213668,5998.527088082866,274.26438485724907,358.5516158081922,1.1494064588162702,4.675100150631411,战术crank,左转
69.0,A0200,-25932.49819851228,3959.696285678234,6059.316391560114,231.08299808241637,358.0484853933568,4.4082809927053095,6.4008151259871005,战术crank,左转
69.0,B0100,21396.47326845491,789.7193826140356,6087.34302254004,301.5235815085072,177.20029897628228,2.440611679734506,4.926690789623974,平飞,无
69.0,B0200,22335.4030372166,1379.238526829579,6128.244268356991,275.37485751342825,177.73635648339985,2.720273224384902,3.7628261784240222,平飞,无
69.2,A0100,-24497.14872839148,-4123.261404184478,5999.576097956968,273.98316286583685,358.3655700431891,1.2002032502768,4.246056327816166,战术crank,左转
69.2,A0200,-25886.302640175865,3958.91410310619,6059.913387256348,231.0295805036144,357.72892825193367,1.3472403292912387,7.084822523959994,战术crank,左转
69.2,B0100,21336.279791763933,792.4017947530792,6088.640951546231,301.1745286944759,177.21715850147686,0.7168179787398964,8.289895000359317,平飞,无
69.2,B0200,22280.397656879828,1381.2300563274357,6128.379131050576,275.0755724319864,178.00222951175743,4.844123428553912,3.6993230035152056,平飞,无
69.4,A0100,-24442.396481940206,-4124.075974070527,6000.736058504891,273.8174694094596,358.56656808546,1.2071472383523394,4.637314776036635,战术crank,左转
69.4,A0200,-25840.081729137,3958.099367491179,6060.250250387154,231.2950754004175,357.4564586062547,-2.0920735394754923,9.854869348237878,战术crank,左转
69.4,B0100,21276.171112436343,795.0690424684126,6089.644626300575,300.4803713236694,176.7648855196161,-1.2703804636491385,7.106428517187277,平飞,无
69.4,B0200,22225.4647451163,1383.1484708467551,6129.2254362870735,274.5497875139469,177.7444569764222,4.140810282894617,2.891707958372178,平飞,无
69.60000000000001,A0100,-24387.668480244374,-4124.875404634677,6001.843635543484,273.53785691912185,358.3802474263638,1.2599496895733466,4.221751648620447,战术crank,左转
69.60000000000001,A0200,-25793.840829988698,3957.2091939258207,6059.935787343361,231.0581135757825,356.93670111046055,-4.376409244459809,10.717576242852331,战术crank,左转
69.60000000000001,B0100,21216.15035886768,797.7471678735801,6090.3344902219615,300.42540196803594,177.08544102943,-0.6612208418119265,7.602895229293823,平飞,无
69.60000000000001,B0200,22170.635836816837,1385.0452528466103,6130.468585892849,274.3329628870944,177.75544200648758,0.2056171819848932,2.7605971008926438,平飞,无
69.8,A0100,-24333.011274682136,-4125.673019569244,6003.013150084702,273.2869969505561,358.51328636544923,0.0781384657132288,4.61158920828992,战术crank,左转
69.8,A0200,-25747.701747151645,3956.2837538437416,6059.317080000971,230.5780955150887,357.1458658850344,-2.1552925036598505,5.604157807252135,战术crank,左转
69.8,B0100,21156.17952714583,800.4433742696829,6090.495781097116,299.77134136889606,176.5138653126963,-3.535094469403421,6.3869676454181175,平飞,无
69.8,B0200,22115.817989905336,1386.9490518381972,6131.22537235915,274.2024407237569,177.5135595617545,-2.98531113223851,8.357978579781712,平飞,无
70.0,A0100,-24278.39770539141,-4126.484305105106,6003.752272919029,272.813021250943,358.0715600380994,-2.5252479897679345,4.253932576426016,战术crank,左转
70.0,A0200,-25701.598526773247,3955.345735874753,6058.718866993752,230.67802086021285,357.86953960120525,1.9912731617585335,4.589455737107296,战术crank,左转
70.0,B0100,21096.317992786368,803.1903503590174,6090.069087046742,299.67963203522623,176.9704393928862,-1.4537562032075384,6.945770749001721,平飞,无
70.0,B0200,22061.06128249664,1388.9083702584103,6131.166384454642,273.63400590135865,176.99908038046212,-4.412443583517989,7.66581647894763,平飞,无
70.2,A0100,-24223.91174004954,-4127.333588950834,6004.171243865007,272.17029040220666,358.0595837977857,-0.4218262604879088,-1.877467736864303,平飞,无
70.2,A0200,-25655.467838551784,3954.43063894823,6058.3576034900925,230.60484546685268,358.2489231004169,5.028146260039565,4.339522496593764,平飞,无
70.2,B0100,21036.40097284336,805.9313291120134,6089.436612434181,300.2298075097081,177.75178891800402,1.221219213389226,18.51769309036001,平飞,无
70.2,B0200,22006.40781020648,1390.9258805034533,6130.474456885849,273.4732543216466,177.50475857803664,-2.879759669270997,7.404876969025397,平飞,无
70.4,A0100,-24169.507658274462,-4128.2267977628135,6004.750124505557,272.04975221594,358.1556548874793,3.445386696809924,-1.3412837507010302,平飞,无
70.4,A0200,-25609.386463764728,3953.5471239834224,6058.609593712633,230.37684797267687,358.515315006409,4.986565081463669,1.426650334207109,平飞,无
70.4,B0100,20976.40198746504,808.541157097543,6088.867852652969,300.20773079598445,177.7769419124055,1.422782835629364,26.63471826776224,平飞,无
70.4,B0200,21951.754451758767,1392.9249715289916,6129.453007533851,273.46371105095346,177.73502027247824,0.0897157320825697,6.792027426379958,平飞,无
70.60000000000001,A0100,-24115.14483770513,-4129.152955500619,6005.761826079783,271.69703416283943,358.1275604389475,3.968256729520764,1.6884204672359335,平飞,无
70.60000000000001,A0200,-25563.29946325265,3952.6687148870897,6059.011537645927,230.6517654501584,358.74138907814523,1.7878514417038844,3.314614484834247,平飞,无
70.60000000000001,B0100,20916.453268290534,810.8983954524956,6088.550157024182,299.70991068710373,177.24550431576606,-0.1175854578171766,18.22932791494825,平飞,无
70.60000000000001,B0200,21897.11449300584,1394.8500620031664,6128.81336564341,273.3405146540585,178.11745739929265,2.2576206165829564,6.7516531734247245,平飞,无
70.8,A0100,-24060.852878223817,-4130.09426382595,6007.152183072901,271.52137041257976,358.19740243953004,2.291810084940718,5.33271507613152,平飞,无
70.8,A0200,-25517.16309398109,3951.802036653135,6059.160767751954,230.69434483738607,358.38065508408806,-1.6261688247937722,3.58617291389614,平飞,无
70.8,B0100,20856.615641754783,813.1052539649172,6088.328035196509,299.0559259580177,176.72830219130068,-2.0559588094010666,8.35687775206066,平飞,无
70.8,B0200,21842.50459697719,1396.6781158959748,6128.60378852731,272.9805471952722,177.92647220604354,2.4805894170884097,5.988645010247447,平飞,无
71.0,A0100,-24006.592027992363,-4131.038898285865,6008.401315297067,271.2497792792892,357.7661195847359,-1.1596126434713057,8.738623411427664,平飞,无
71.0,A0200,-25471.055182383072,3950.9170942733545,6058.97685985057,230.53074244525752,358.3313037195639,-4.122227604257718,3.001525206517823,平飞,无
71.0,B0100,20796.86910714973,815.3270997521413,6087.831976113223,298.9517925772648,177.08274842355104,-1.967680881545312,7.155677101765365,平飞,无
71.0,B0200,21787.97180480134,1398.440778182885,6128.8288231580045,272.74686915527724,177.9168516419633,0.5233125885596641,5.910647285793739,平飞,无
71.2,A0100,-23952.42291622517,-4132.025937461689,6009.216116798723,270.54330722967114,357.3664046584637,-2.9357388912798585,6.018816774538539,平飞,无
71.2,A0200,-25424.975691546013,3950.018544482731,6058.239904386703,230.367422498688,358.3033866197361,-2.1690135956257253,2.716977863301844,平飞,无
71.2,B0100,20737.14014985535,817.5341910879188,6087.187434329886,298.695478938719,177.28775514568744,0.1389960629526983,6.511477076212183,平飞,无
71.2,B0200,21733.471115515487,1400.1833678118992,6128.87365845903,272.39871028190447,177.43836557569549,-1.7862001918556432,5.272877000642082,平飞,无
71.4,A0100,-23898.391006593916,-4133.063353904535,6009.647365765301,269.9054722262731,357.489172562885,-0.9610197033699702,0.2242030860232955,平飞,无
71.4,A0200,-25378.937714201395,3949.112771522061,6057.59790302783,230.1545309961169,358.24503622707056,1.9629353106927152,-2.874508011783618,平飞,无
71.4,B0100,20677.475226222963,819.705300047196,6086.776992216818,298.3616718670268,177.62451718678616,0.2769766892178215,7.211374741364817,平飞,无
71.4,B0200,21679.05306058647,1401.9329507437842,6128.743762937799,272.1967660901395,177.71134829803557,-0.5688305909574626,5.454373383668262,平飞,无
71.60000000000001,A0100,-23844.44217481997,-4134.143081321314,6010.147814232435,269.80715951762403,357.8996749723791,2.822502545927044,0.951821931832278,平飞,无
71.60000000000001,A0200,-25332.928351669103,3948.1535187759982,6057.433888552728,230.12492933580268,358.3203963478713,5.04415826040772,-4.37232216105217,平飞,无
71.60000000000001,B0100,20617.88367667152,821.8077823104932,6086.5758080267,297.8479799049427,177.59869665109034,0.9006741369823095,6.290768901586875,平飞,无
71.60000000000001,B0200,21624.66453076506,1403.653008886664,6128.601331458385,271.84223553563845,177.8213160136493,2.3435812801793845,4.983864719291517,平飞,无
71.8,A0100,-23790.525782336583,-4135.22659083366,6010.996412445958,269.4765662294511,357.9630106529097,3.544105521688645,4.29734030312802,平飞,无
71.8,A0200,-25286.921592916784,3947.1507516116126,6057.679389770064,229.95213793983044,358.3110360927164,5.408442522021031,-2.093124796775235,平飞,无
71.8,B0100,20558.402563678585,823.8531370991204,6086.730631445975,297.4014462140407,177.9427816820014,1.486157417697516,6.722655881432743,平飞,无
71.8,B0200,21570.36656603073,1405.3089003387267,6129.109212211973,271.4969078003822,178.20440521599252,4.877792474126956,5.128761442719646,平飞,无
72.0,A0100,-23736.688934922306,-4136.300493476444,6012.234640013917,269.1502444006245,358.0351705543756,1.943898757530433,5.120003078334981,平飞,无
72.0,A0200,-25240.94023830349,3946.1106642471823,6058.2097773806345,230.1130293297508,358.5364300580109,2.187581473431839,0.3383511723646369,平飞,无
72.0,B0100,20499.0030727554,825.8168410071903,6087.191564073368,296.84163498746807,177.82232466617444,1.827246065933096,4.876706756053372,平飞,无
72.0,B0200,21516.14252882618,1406.8781781582163,6130.247502089697,270.979055318885,177.94328948702437,4.340817203081413,4.623860433540929,平飞,无
72.2,A0100,-23682.902558455524,-4137.373392512866,6013.37727777908,268.91244823875223,357.7957320089492,-1.498139088937944,6.174163129623988,平飞,无
72.2,A0200,-25194.901257129764,3945.0701187059167,6058.474976282687,230.39424127553724,358.53124882191395,-1.2571640169878826,5.34197806769104,平飞,无
72.2,B0100,20439.733498686102,827.7346443538117,6088.032123508019,296.3184418292117,178.0393661463449,0.1172247252232086,3.233317205164145,平飞,无
72.2,B0200,21462.023926074,1408.415306320249,6131.756739960207,270.76249060966023,177.86623328790728,0.4889443242290271,4.650087109596859,平飞,无
72.4,A0100,-23629.161299227668,-4138.49801754384,6013.88157604925,268.6642784551878,357.7124359867061,-3.335266089060657,9.985852692666372,平飞,无
72.4,A0200,-25148.841566729603,3944.025573368899,6058.260464800354,230.1947774704389,358.0210156330208,-3.739990114736777,6.029301318539509,平飞,无
72.4,B0100,20380.530428792325,829.644423109411,6088.492378983702,296.0002087573934,177.77439947545267,-2.9447312705725417,8.924508532566607,平飞,无
72.4,B0200,21407.929002641948,1409.9643747531209,6132.8400912151865,270.3990430885644,177.36589231056348,-2.7010339255830296,4.245137252206913,平飞,无
72.60000000000001,A0100,-23575.484370853534,-4139.672507562038,6013.734406064171,268.1605725321459,357.84202858791207,-1.3993916057411684,9.852757374909404,平飞,无
72.60000000000001,A0200,-25102.861965427448,3942.969795281142,6057.758569263157,229.78045932839888,357.827259403653,-2.854154992568517,0.3611383549450232,平飞,无
72.60000000000001,B0100,20321.425558090003,831.6050383074744,6088.161255210438,295.33587155296084,177.39708953332942,-3.719507142736516,7.354194289783572,平飞,无
72.60000000000001,B0200,21353.92763111964,1411.5681264631612,6133.233338204704,269.93850601933707,177.4803425402037,-4.2090058507760455,4.640194779581189,平飞,无
72.8,A0100,-23521.90906435524,-4140.792119270571,6013.736678707082,267.67528853157154,358.2764890248834,2.3778098514104395,3.872700902575114,平飞,无
72.8,A0200,-25056.91858826954,3941.885490778417,6057.140218092091,229.9352074560155,358.07375348098327,0.7619611406680532,-1.2160225542673322,平飞,无
72.8,B0100,20262.432794592038,833.5987436088608,6087.288683522068,295.12693724083505,177.73793774770712,-1.7543251729697555,7.662933882623092,平飞,无
72.8,B0200,21300.000744521847,1413.1981378583132,6132.946274109406,269.5864275975613,177.58376691646274,-0.9639702146953908,4.501674096416068,平飞,无
73.0,A0100,-23468.418406639477,-4141.865041283386,6014.253289010078,267.45504804401924,358.6993586756731,3.812007605697197,3.6463959172848455,平飞,无
73.0,A0200,-25010.932131707006,3940.789382867044,6056.558880910853,229.96036749091925,357.97996377695813,3.5829931561463497,-1.6041473760703742,平飞,无
73.0,B0100,20203.46490208168,835.5525144899384,6086.343521518399,294.8675980537015,177.98322277998196,1.267332111335595,6.439781927967831,平飞,无
73.0,B0200,21246.14301150535,1414.8195577719152,6132.903504388114,269.1846558018363,177.7109783045353,3.292590230714046,-1.5213488083044913,平飞,无
73.2,A0100,-23414.97538343648,-4142.881710134862,6015.206305276472,267.08223845469735,358.80439184401706,3.6735007632883927,6.300885159856544,平飞,无
73.2,A0200,-24964.97547914401,3939.6387377290575,6056.549765624853,229.79407534701693,358.08738221106745,6.053770507116486,-2.4880669899227184,平飞,无
73.2,B0100,20144.56073218647,837.3993193157385,6086.078427634208,294.4757738149558,178.31194832654,3.228419510947796,6.872799122051534,平飞,无
73.2,B0200,21192.379750673008,1416.46957572695,6133.598679045186,268.78116378985726,177.82853070335298,5.262724650393299,-1.689053064365494,平飞,无
73.4,A0100,-23361.62628428212,-4143.84530868888,6016.447927215834,266.56073453546543,358.35131487818865,-0.0256701674891733,1.1213276083474608,平飞,无
73.4,A0200,-24919.046938586427,3938.464110074967,6056.913937640225,229.6571226314321,358.17540664648976,3.812345465156567,-0.1679572504587615,平飞,无
73.4,B0100,20085.74878644945,839.1342924618557,6086.4580056839095,293.82972497261983,178.1530222672826,2.244713053221158,4.757351699932165,平飞,无
73.4,B0200,21138.692888408063,1418.1362046237928,6134.670304568245,268.4695428120592,177.77701545704824,1.0736350219390982,1.0167193823593792,平飞,无
73.60000000000001,A0100,-23308.407295543955,-4144.826937363371,6017.615831847891,265.9318515325187,358.8271404829426,-3.234179608293597,-4.250129603540578,平飞,无
73.60000000000001,A0200,-24873.116126949757,3937.276281930939,6057.357240426175,229.90585955630948,358.2043426922549,0.2219631483524789,2.473614194225131,平飞,无
73.60000000000001,B0100,20027.066120761945,840.8234015158732,6087.132698737228,293.3671763766353,178.28074359069362,-1.5696009592291622,3.0216966036681687,平飞,无
73.60000000000001,B0200,21085.042724561208,1419.819564217587,6135.4788115723095,268.3848597320602,177.75213263294464,-2.651726131819093,4.425430032408074,平飞,无
73.8,A0100,-23255.259691584797,-4145.768885875366,6017.950071555908,265.661651445034,359.0330751923104,-4.7448426070301855,1.239408851050256,平飞,无
73.8,A0200,-24827.137970226235,3936.080795923344,6057.385042506237,229.9065475492336,357.82493223225845,-3.1694823291146377,2.695252164901996,平飞,无
73.8,B0100,19968.45635329637,842.5082670403981,6087.2223456167285,292.9652728980023,178.2125369748457,-2.741378149215416,8.604548644436953,平飞,无
73.8,B0200,21031.4357280248,1421.5324558279317,6135.501149975177,267.86333787634567,177.3400969407463,-4.339259057657512,4.074640817707501,平飞,无
74.0,A0100,-23202.157047659988,-4146.698799951679,6017.541532149423,265.4709738205868,358.8000021923356,-1.5611950164519814,0.4642414858438811,平飞,无
74.0,A0200,-24781.20335749946,3934.85432331996,6056.9239336790415,229.6870219603628,357.83454318298,-5.495474547429468,2.091824281092939,平飞,无
74.0,B0100,19909.93006669743,844.1981752067732,6086.791282878375,292.50908220818025,178.12209155995453,-1.5992803748295104,6.893878402709552,平飞,无
74.0,B0200,20977.93687532993,1423.2854240219704,6134.936409441632,267.5500160706932,177.62421946006717,-2.521365756070184,4.133004019303128,平飞,无
74.2,A0100,-23149.073325182195,-4147.635915160495,6017.181869347532,265.4856562767076,358.90956063837035,1.8742557479601076,-0.013393085003588,平飞,无
74.2,A0200,-24735.314239005653,3933.611514279301,6055.806357197902,229.4918099962576,357.7983199992609,-3.2935172792826224,1.9031213362413388,平飞,无
74.2,B0100,19851.48812893255,845.861796157109,6086.229952608568,292.2639734269122,178.33557761549733,-0.4013639280505547,6.929427457809928,平飞,无
74.2,B0200,20924.47274409261,1425.0256008981214,6134.195558771055,267.3171103639787,177.76584329975535,1.8669482266404267,3.7404207019973263,平飞,无
74.4,A0100,-23096.001798009114,-4148.557969599226,6017.100909908303,265.268764562106,358.7946660265928,2.701912858520445,2.382116595778405,平飞,无
74.4,A0200,-24689.45319372025,3932.3486744168586,6054.644657267915,229.5362358968946,358.1009134274221,0.8931266455319639,1.1402217663542225,平飞,无
74.4,B0100,19793.101744061853,847.4586487418537,6085.799824136583,291.7252762681296,178.47963927037085,2.367109421465189,5.543520014310307,平飞,无
74.4,B0200,20871.0755361877,1426.7254598938098,6134.097734463799,267.01567174346786,178.09032172744955,4.4459548902169495,3.736201405998589,平飞,无
74.60000000000001,A0100,-23042.977055646155,-4149.462656909478,6017.421049057902,265.07194051493326,358.72829850642404,2.345906717255804,2.6609571387887776,平飞,无
74.60000000000001,A0200,-24643.566460167207,3931.0993143495216,6053.772467185669,229.45068439785555,358.1124224414988,4.72727468011005,0.7630697561251217,平飞,无
74.60000000000001,B0100,19734.831154819803,848.9495410361969,6086.14007231184,291.2446943310615,178.74717545356123,4.212579138420561,5.739390571319404,平飞,无
74.60000000000001,B0200,20817.735098957142,1428.3596752556005,6134.629824220647,266.55022068828805,177.80691731713029,4.002479559558806,3.26880695845988,平飞,无
74.8,A0100,-22989.976687904127,-4150.351896688929,6017.896983245751,265.0528361847872,358.72335628902385,0.9714867620682988,5.658329901036523,平飞,无
74.8,A0200,-24597.74006054404,3929.845625321019,6053.7172291960405,229.02886992588049,358.2028639607457,6.765970722143091,-0.1181896758087344,平飞,无
74.8,B0100,19676.661170757783,850.3352193084474,6087.1646058741,290.6891306547845,178.7038717485955,3.309911925294706,8.027642104097652,平飞,无
74.8,B0200,20764.48895797496,1429.9792099897422,6135.563256233189,266.376646005088,177.81025286015122,0.2166339460481093,3.135148244607951,平飞,无
75.0,A0100,-22936.99122337133,-4151.230178323006,6018.162458131014,264.7333413273288,358.1969723328868,-1.5802326415863173,5.305712931693362,Short skate偏转,左转
75.0,A0200,-24551.953629574036,3928.591676247504,6054.091885179146,229.0919817558,358.32761990509186,4.074827454125641,4.016265384496196,平飞,无
75.0,B0100,19618.58906240375,851.6491216351133,6088.410242419548,290.3226578467079,178.32053175896544,-0.5670013508594721,8.356061679442265,平飞,无
75.0,B0200,20711.243205576237,1431.609899661173,6136.056729909692,266.3199184708838,177.5781564434734,-3.085272714885228,8.838942772352125,平飞,无
75.2,A0100,-22884.093589792545,-4152.116656196988,6018.285914735155,264.4351328426037,358.51103633545546,0.1310697879076446,5.399207398963036,Short skate偏转,左转
75.2,A0200,-24506.14974959651,3927.3673152494976,6054.532651105276,229.04683501716244,357.9033245142999,0.5960900085246503,4.3768401022505685,平飞,无
75.2,B0100,19560.574183410696,852.989059364616,6089.090147352313,290.0194771369994,177.95062028868676,-3.3301670795842115,11.931273686093474,平飞,无
75.2,B0200,20658.05183243212,1433.2980736212685,6135.784924818443,265.72799472142424,177.02344972404617,-4.680916864784787,8.652597407381819,平飞,无
75.4,A0100,-22831.2336105454,-4152.96095937755,6018.554764547598,264.0801752713821,358.72919903653354,4.217541667220102,5.022972393688014,Short skate偏转,左转
75.4,A0200,-24460.37214866887,3926.1375883071705,6054.875633708597,228.98949069224597,357.7800446961858,-2.841896511803235,2.359339047505953,平飞,无
75.4,B0100,19502.650094988225,854.4286855718483,6088.847186425869,289.29882086114566,177.55484362631756,-3.945299687643556,10.56440144467574,平飞,无
75.4,B0200,20604.99959259844,1435.0199696522968,6135.12654383404,265.21860353562494,177.3379936976626,-0.8814445482904909,2.317338004006572,平飞,无
75.60000000000001,A0100,-22778.48915304032,-4153.756374158401,6019.419134121806,263.6349872133745,358.87216881885763,2.411517270457108,2.18121243361801,Short skate偏转,左转
75.60000000000001,A0200,-24414.57928081529,3924.878208775486,6054.4869754139145,229.06529811062373,357.78196421573165,-5.118787037887956,6.861139975069317,平飞,无
75.60000000000001,B0100,19444.87161404888,855.8807558016224,6088.29330532792,288.7466426822415,178.19815381767987,0.9806121674045416,3.92605225313576,平飞,无
75.60000000000001,B0200,20551.999241119665,1436.7330871981694,6134.701376981144,265.1207783808036,177.72097339472506,3.5201503961130043,2.4878921716440936,平飞,无
75.8,A0100,-22725.7671575822,-4154.537413193567,6020.138185215355,263.6958169520142,358.82439948931454,-1.7956450591814934,5.219090211358344,Short skate偏转,左转
75.8,A0200,-24368.820406550123,3923.595669016453,6053.456114107769,228.8026386275051,357.88407639792257,-2.837476472451334,7.541544701734718,平飞,无
75.8,B0100,19387.19024864107,857.2722156415894,6088.21384147468,288.32480587911493,178.48257402650424,2.8956194282722296,4.43130403924456,平飞,无
75.8,B0200,20499.03833224445,1438.405865751114,6134.9126645177685,264.689361079997,177.8088090829486,5.524674217560976,5.372731443569785,平飞,无
76.0,A0100,-22673.06832846316,-4155.333710627182,6020.209662586043,263.2458593650152,358.3350534160294,-3.7533635406661214,4.710365344332465,Short skate偏转,左转
76.0,A0200,-24323.11169607081,3922.346599759352,6052.510361640511,228.56645565133456,358.2510954730913,1.319130424272286,1.872747531621637,平飞,无
76.0,B0100,19329.587580948628,858.5988303057438,6088.632441459069,287.8328848111183,178.34500165561712,2.1715149499822832,7.093386533771322,平飞,无
76.0,B0200,20446.17209609332,1440.0132229517458,6135.826165757403,264.34097099309986,177.59965159689608,3.18309688140135,6.132143915987357,平飞,无
76.2,A0100,-22620.465889993862,-4156.162004162177,6019.791217250362,262.9703105222746,358.6133729474141,-2.0695191815693,4.5229163726425865,Short skate偏转,左转
76.2,A0200,-24277.42456078241,3921.123121013836,6052.016782977848,228.5783297510833,358.6192873302756,5.114808335603357,0.3894695283824995,平飞,无
76.2,B0100,19272.072123646358,859.8887249984655,6089.172529366139,287.4899366525096,177.88115370318422,-1.5401961656412475,7.75257741093954,平飞,无
76.2,B0200,20393.353950926336,1441.596984630637,6136.874068013857,264.18247302368235,177.23995453687056,-0.3990502187457951,6.996942939029019,平飞,无
76.4,A0100,-22567.889620660204,-4156.970055941814,6019.237791874252,262.767445508656,358.7604817977681,2.284390297521314,4.039633384267617,Short skate偏转,左转
76.4,A0200,-24231.72917633149,3919.9259512565695,6052.008171698482,228.4364178346341,358.870397784072,7.241528868591398,4.612729299989799,平飞,无
76.4,B0100,19214.658853668785,861.2054866431727,6089.292162878582,286.7310634551254,177.5938834730271,-2.812286735784081,4.389571451481724,平飞,无
76.4,B0200,20340.591740714,1443.2103825816612,6137.563040372433,263.6608710328681,176.74846006440458,-3.5563827641880845,4.389748235156691,平飞,无
76.60000000000001,A0100,-22515.39548835344,-4157.739312740051,6019.408612397595,262.2381929307892,358.7683894146782,4.90966438495749,-2.208215776769916,Short skate偏转,左转
76.60000000000001,A0200,-24186.08956333074,3918.8014354592287,6052.501992558838,228.1682681013684,358.5465373500986,4.575219176186439,7.604200759741006,平飞,无
76.60000000000001,B0100,19157.365649139312,862.5489357687611,6089.107513824728,286.4826811861128,177.98277219436793,-0.2480977015437661,5.242990699318837,平飞,无
76.60000000000001,B0200,20287.93681211533,1444.8923815513126,6137.548991016041,263.2016235139732,176.9259349519617,-5.215004697155459,5.06441315437402,平飞,无
76.80000000000001,A0100,-22463.000166645823,-4158.547263798093,6020.358662316299,261.94769597954536,359.05640245353703,4.565265296475827,-3.128587486657467,Short skate偏转,左转
76.80000000000001,A0200,-24140.50030124836,3917.751974525208,6053.334339488341,227.83618190370635,357.83649559906735,1.0475957548959005,4.280948362405795,平飞,无
76.80000000000001,B0100,19100.12584830408,863.867315157594,6089.00902987672,285.9523565265761,178.1414052249904,2.56934471660133,4.776015172820523,平飞,无
76.80000000000001,B0200,20235.376879888696,1446.6142082443705,6136.823281091734,262.7377683867808,177.14006294722597,-1.5791316232776722,5.627856259900197,平飞,无
77.0,A0100,-22410.626295671624,-4159.359312319997,6021.44315312746,261.9908668685054,359.30812496943264,0.94608508601406,1.818665954547496,Short skate偏转,左转
77.0,A0200,-24095.00035872109,3916.699009069387,6054.284146706429,227.46093749687668,357.9017397619168,-2.408840754467394,-0.1545977958123048,平飞,无
77.0,B0100,19043.010678829676,865.1206981947462,6089.655748370478,285.4060494199132,178.47061762165345,4.279039184178759,5.420002740284822,平飞,无
77.0,B0200,20182.893987377047,1448.3271577495516,6136.336327799235,262.36307883204506,177.38838780497954,2.8588867623135386,-0.0436013196686459,平飞,无
77.2,A0100,-22358.233224161635,-4160.155337459005,6022.135734892692,262.01927084160855,359.0802655651963,-2.4558293483271028,7.16545349090918,Short skate偏转,左转
77.2,A0200,-24049.527761726244,3915.6264367013855,6054.636765776427,227.4131049207233,358.2323348841677,-4.680598528977064,3.809496245639638,平飞,无
77.2,B0100,18985.994903777035,866.3268240691123,6090.636544755336,284.9717812546442,178.049657763868,-0.3342791799416957,8.218715457028996,平飞,无
77.2,B0200,20130.489870863414,1450.055335243288,6136.572984683585,262.0044112170755,177.72034832548457,5.055298659399901,-0.2706135256625063,平飞,无
77.4,A0100,-22305.87050930535,-4160.97404859657,6022.103832224956,261.5713341189553,358.4595360418953,-4.359383566493067,6.251070775777774,Short skate偏转,左转
77.4,A0200,-24004.08271915577,3914.5456707288895,6054.278353951232,227.14355289174392,358.2486435580337,-2.6889215561560733,4.644033549380596,平飞,无
77.4,B0100,18929.08211860154,867.5416839609097,6091.299985152579,284.2883280704864,177.54878556304644,-3.5145419659419206,5.122573442513076,平飞,无
77.4,B0200,20078.149367097227,1451.7776204853435,6137.208732572918,261.7304335459812,177.61529375777698,1.374849752509665,2.6836896376238304,平飞,无
77.60000000000001,A0100,-22253.616803484303,-4161.827259425568,6021.542708896521,261.07809774516494,358.3849243918123,-2.83896803801867,-0.6489499940597798,Short skate偏转,左转
77.60000000000001,A0200,-23958.693014176963,3913.478339082929,6053.918022986669,226.92494334275065,358.2388893058631,1.351306122228377,-0.7872418701468724,平飞,无
77.60000000000001,B0100,18872.298421266183,868.8241543947697,6091.180519087873,283.7586116289873,177.7126636554495,-4.400880490358278,6.003810971617174,平飞,无
77.60000000000001,B0200,20025.835574440865,1453.510818477711,6137.69459240174,261.7479292385217,177.48529820553577,-2.3482730656995736,6.074749080612805,平飞,无
77.80000000000001,A0100,-22201.420425252945,-4162.702169742542,6020.843260982489,261.09283061802427,358.63646890622533,0.9543767673079478,-1.07530552327195,Short skate偏转,左转
77.80000000000001,A0200,-23913.326093546144,3912.390227950842,6053.937912111397,226.9520563763577,358.34505851328976,5.279079763757928,-2.41159933199518,平飞,无
77.80000000000001,B0100,18815.610217382982,870.1393820588528,6090.428427179411,283.3430887200629,178.00003758950393,-0.6274488882048619,5.710986443261026,平飞,无
77.80000000000001,B0200,19973.551838550706,1455.2796805097332,6137.499913269144,261.2357097550135,177.0079614648035,-4.23260930573861,6.053248419286126,平飞,无
78.0,A0100,-22149.213878220173,-4163.575019044278,6020.258898364848,261.07803890692446,358.7147681723442,1.9914798825492197,4.360610690069056,Short skate偏转,左转
78.0,A0200,-23867.964344327545,3911.2788769748,6054.433161383644,226.6765182227998,358.4013833432413,7.538887198632306,-0.3590263571305754,平飞,无
78.0,B0100,18759.00499422619,871.418810903836,6090.041763422146,282.8208238210475,178.21042379547205,2.4020020412170364,-0.3547859240847631,平飞,无
78.0,B0200,19921.39894599776,1457.0800207498469,6136.982289943819,260.7340367714378,177.1257946091487,-0.8129156567324918,-0.0673212141644922,平飞,无
78.2,A0100,-22097.02490770785,-4164.414367042542,6019.974579039331,260.7914831388741,358.45462623663326,1.7429596701403411,4.279530273680048,Short skate偏转,左转
78.2,A0200,-23822.688114165918,3910.155287115797,6055.486084556901,226.4503804500625,358.49438547941355,4.888368125190207,-0.0301820018126258,平飞,无
78.2,B0100,18702.499762934705,872.7081784368584,6090.238198060639,282.4528543264306,178.5153751663156,1.8001676881853494,-0.3082232618474392,平飞,无
78.2,B0200,19869.299964700866,1458.9002271009376,6136.650051482785,260.6486579102811,177.35788307924173,2.673154926931676,0.0510658465770009,平飞,无
78.4,A0100,-22044.905489224417,-4165.227670125452,6020.124749982368,260.5731731667733,358.6766955391826,2.271880003654448,4.28727722790564,Short skate偏转,左转
78.4,A0200,-23777.404332970305,3909.0272324154175,6056.59664973266,226.7325902344672,358.67564680336443,1.3160236317987886,2.1247255445997104,平飞,无
78.4,B0100,18646.0348804234,873.9926234580762,6090.369038518136,282.3346995922368,178.4514662358202,-1.987132664345537,5.357733236019964,平飞,无
78.4,B0200,19817.22346462364,1460.7249803578788,6136.699628293401,260.3953984638284,177.33807264966416,3.466848760967489,3.0323874842038347,平飞,无
78.60000000000001,A0100,-21992.8179703914,-4166.001198126975,6020.545340371082,260.2308377686465,358.5038955166138,2.6459498657691345,3.9817772206049984,Short skate偏转,左转
78.60000000000001,A0200,-23732.062547773003,3907.909460375749,6057.291869897152,226.75505327555095,358.35276083822987,-2.086367932209557,2.30024286443369,平飞,无
78.60000000000001,B0100,18589.63256832476,875.2894729138725,6089.966363311378,281.7670477155966,178.03413812162114,-3.5766490875604267,4.43430784124637,平飞,无
78.60000000000001,B0200,19765.190101378168,1462.5432970150468,6137.126873144521,260.3176395979142,177.3754757582169,1.95075524856791,6.432884115187677,平飞,无
78.80000000000001,A0100,-21940.768058796864,-4166.773928301461,6021.161585475595,260.5323893388603,358.69913294887675,-0.9474549919431376,4.898273734741711,Short skate偏转,左转
78.80000000000001,A0200,-23686.786240186557,3906.7784031523697,6057.65023376073,226.0445069867224,358.00178984896297,-5.217865940047404,-6.304894287749582,平飞,无
78.80000000000001,B0100,18533.342197640213,876.6080722330498,6089.156134537537,281.44864990895087,178.33382670453307,-1.222932700462568,4.6379208673958,平飞,无
78.80000000000001,B0200,19713.170217213657,1464.3513076936524,6137.473361268792,260.09811907086544,176.758821822909,-1.4568241405766849,6.817232810823016,平飞,无
79.0,A0100,-21888.555881160853,-4167.58640015694,6021.070534744089,261.73863930411665,358.6891081059933,-4.239374385311016,20.15018145082816,Short skate偏转,左转
79.0,A0200,-23641.718453659232,3905.5813811506287,6057.737702765233,224.71243748743623,358.0169190008547,-7.253001322285738,-22.734958261618715,平飞,无
79.0,B0100,18477.097682640266,877.8899114570359,6088.457062230195,281.05370091047195,178.51114710979982,2.9944037101899137,3.759962324101653,平飞,无
79.0,B0200,19661.24009470238,1466.1949811929808,6137.557197121899,259.49710319517385,176.4816358799835,-3.614388880554998,1.1270574352098368,平飞,无
79.2,A0100,-21836.12381134952,-4168.648370570193,6019.735497638784,262.8272394502061,358.15738610046765,-5.922340005903262,39.41185458676541,Short skate偏转,左转
79.2,A0200,-23596.93717719556,3904.180615744021,6057.606832661053,223.47285243602363,356.4210364903851,-4.850808921908858,-42.382215497110046,Crank,左转
79.2,B0100,18420.95575430276,879.1078761583849,6088.618936857385,280.5487480049371,178.74277726408798,4.3857645228799225,3.90182598505519,平飞,无
79.2,B0200,19609.404977636044,1468.0867474395754,6137.223762806505,259.34670373132263,176.82308224365153,-1.8709276635512853,1.678678898481703,平飞,无
79.4,A0100,-21783.58342013011,-4169.972070832527,6017.510600900374,263.23483973942024,1.524057910279627,-2.876162682076237,56.69427051730381,Short skate偏转,左转
79.4,A0200,-23552.37979098702,3902.089268138689,6057.653346661945,222.58423691923755,352.12884798098617,-0.7792699083467987,-61.71124241285024,Crank,左转
79.4,B0100,18364.89727222468,880.277621194884,6089.192736819046,280.1934352692885,178.43160664065437,0.0091389682134218,6.414290645258363,平飞,无
79.4,B0200,19557.590101667432,1469.9959115324264,6136.704574165102,259.07247541985066,176.81804720163805,1.3100228067629505,2.2978860998473176,平飞,无
79.60000000000001,A0100,-21730.99090559781,-4170.820241540579,6015.125381554393,263.0755547702826,7.175350108446808,0.6011492797027039,66.42105618219497,Short skate偏转,左转
79.60000000000001,A0200,-23508.117695657103,3898.553053081832,6058.01538519773,221.4346438019701,347.102603089146,1.4641791004616749,-81.39465069873854,战术crank,左转
79.60000000000001,B0100,18308.922014258507,881.4357858438598,6089.575985782493,279.6371746974061,177.97896150443557,-3.298943871237971,3.109481310923461,平飞,无
79.60000000000001,B0200,19505.848479611643,1471.917694883684,6136.739849716683,258.7831029564993,177.1670013955644,4.304627101023891,2.7350499998651294,平飞,无
79.80000000000001,A0100,-21678.50755527192,-4170.181367748788,6013.028520712756,262.1884258520058,10.476356879056157,1.7214587123722422,71.31283149955064,Short skate偏转,左转
79.80000000000001,A0200,-23464.28450943231,3893.1610703828846,6058.322967520748,220.31713039200295,342.7627609002514,1.9090228432163483,-94.02614340838184,Crank,左转
79.80000000000001,B0100,18253.05996562748,882.632834573953,6089.275822167124,279.177625536721,178.13200119891826,-4.461240852655815,3.5074411856922816,平飞,无
79.80000000000001,B0200,19454.15961239488,1473.8100925088656,6137.32933877454,258.41142398406134,177.1563536125693,4.14322489401272,5.892948641657684,平飞,无
80.0,A0100,-21626.27159835852,-4167.691794905958,6011.212211666794,261.0871195172793,13.275218522335418,2.141386345514379,76.75579647904257,Short skate偏转,左转
80.0,A0200,-23420.865162726896,3886.1296191209567,6058.271845714842,219.61773610039197,338.9704875647733,1.625713878505236,-91.38695410675096,Crank,左转
80.0,B0100,18197.281584856948,883.8439518609603,6088.374126597008,278.8276276317205,178.2157863626756,-0.6713230496119145,3.011536054340598,平飞,无
80.0,B0200,19402.54058851161,1475.6739830837096,6138.227975890112,258.23465061749255,176.8018830948774,0.5583333800239721,6.990141774008572,平飞,无
80.2,A0100,-21574.39557453559,-4163.213763058909,6009.556414954798,259.8904415041256,16.011350260117993,2.105026567361376,82.5801620070895,Short skate返航,北向返航
80.2,A0200,-23377.82982385669,3877.693598212087,6057.883656691908,218.90671537852865,335.65824555278846,1.515155062350193,-83.42241250985802,Crank,左转
80.2,B0100,18141.55850462151,885.042334795372,6087.818581967786,278.58355110051934,178.5586215459616,3.390086460042374,3.380310420406137,平飞,无
80.2,B0200,19350.96993168344,1477.5546316638893,6138.941946072711,257.78103595185394,176.28261585083877,-2.8098886800063205,4.658492002025326,平飞,无
80.4,A0100,-21522.982933065345,-4156.686157972484,6007.89048991499,258.6660108176046,18.755334269937183,1.6424161239965047,88.68066540902383,Short skate返航,北向返航
80.4,A0200,-23335.286925422464,3867.7680055310702,6057.311157569971,217.99541974200903,332.8368556159071,1.9864894662124783,-75.19347233633985,Crank,左转
80.4,B0100,18085.9003001444,886.1776047542562,6088.006488218861,278.0767358917079,178.6196864366148,4.923079491638322,6.071874848984392,平飞,无
80.4,B0200,19299.514891846015,1479.4984632889457,6139.16485845889,257.08904366861947,176.15765711524398,-4.7824140264432495,-0.9079240397351216,平飞,无
80.60000000000001,A0100,-21472.129943733908,-4148.095224198518,6006.015909711855,257.4514140718403,21.49073608265463,0.7589443518194666,95.01247364818865,Short skate返航,北向返航
80.60000000000001,A0200,-23293.35592350662,3856.274971486368,6056.770994199041,216.74250923955205,330.3450929930855,2.679758388019076,-72.31763269924974,Crank,左转
80.60000000000001,B0100,18030.3436059287,887.2373915456537,6088.881581699953,277.70221784399433,178.49755127990352,2.105903211276941,6.544885110228199,平飞,无
80.60000000000001,B0200,19248.184009390447,1481.499735312208,6138.853670209345,256.8076631996302,176.44831531190323,-1.780350050180795,0.065502241582898,平飞,无
80.80000000000001,A0100,-21421.881393830616,-4137.3508842278325,6003.721466548845,256.9070271360027,24.17281756461535,-0.1607597159243605,96.72991712091267,Short skate返航,北向返航
80.80000000000001,A0200,-23252.309100363404,3842.902232636432,6056.443437390745,214.94482944643408,328.01570014151343,3.176338528679465,-79.64151119826093,Crank,左转
80.80000000000001,B0100,17974.826262655315,888.2798123036264,6089.700489721487,277.6406859216503,178.3522923891491,-1.4722725092431548,10.063376187084303,平飞,无
80.80000000000001,B0200,19196.871363958497,1483.534106920999,6138.452763363771,256.63864729002927,176.39243413097842,2.496860783033927,1.0298917475182945,平飞,无
81.0,A0100,-21372.38680131551,-4124.138184400589,6000.938987808797,256.2296967338695,26.808106362584365,-0.9593465244574966,90.89350310621762,Short skate返航,北向返航
81.0,A0200,-23212.3882779774,3827.452049516405,6056.206988039172,213.295782701516,325.6088611799771,3.4798302516232384,-85.00146816107343,Crank,左转
81.0,B0100,17919.355710932894,889.3554257980013,6089.915271130181,277.0777269309148,177.8562032548565,-3.095266993263318,9.6045566750492,平飞,无
81.0,B0200,19145.62855152789,1485.6099404425695,6138.746706792169,256.2343463170167,176.6996197303855,4.996327486628665,1.5443356432513806,平飞,无
81.2,A0100,-21323.703329676257,-4108.578191930108,5997.810383425986,255.97305607778097,29.55866188943759,-1.75657518314435,89.63586871621014,Short skate返航,北向返航
81.2,A0200,-23173.451108305613,3810.311739251865,6055.885745860815,212.2565844740092,322.9464481963286,3.739580345806167,-78.98990711757902,Crank,左转
81.2,B0100,17864.00577278294,890.4606429791302,6089.736768641002,276.5721992027843,177.9853401775706,-1.5830835824095872,3.1522578599046374,平飞,无
81.2,B0200,19094.458823103832,1487.6861165241953,6139.456272851206,255.9461626891636,176.5621072178102,1.743345213480625,4.897603418553611,平飞,无
81.4,A0100,-21275.75198557213,-4090.998861289093,5994.334382545925,255.94144927259424,32.35261439945278,-2.4821430190086606,94.87232074474532,Short skate返航,北向返航
81.4,A0200,-23135.337950879024,3791.829643868236,6055.546414923337,211.34044851263693,320.3627974297927,4.265076938561696,-70.28465599736018,Crank,左转
81.4,B0100,17808.723880404737,891.5704645828882,6089.46939684495,276.4518576112803,178.31306146928827,0.6312719457072332,3.634934477392363,平飞,无
81.4,B0200,19043.35526468174,1489.772771865355,6140.205389654728,255.50354020894667,176.13287869269726,-2.003671850173231,2.829904894840153,平飞,无
81.60000000000001,A0100,-21228.68059152793,-4071.363501462787,5990.375072020383,255.56915474584244,35.052206777853755,-3.136521416347825,95.5689446304748,Short skate返航,北向返航
81.60000000000001,A0200,-23098.02808997681,3772.1395193094,6055.332284236113,210.63143833147183,318.1637766236139,5.385996023745977,-60.20954665441244,Crank,左转
81.60000000000001,B0100,17753.4122870514,892.6639574461587,6089.322234266195,276.7881894709442,178.68119229297625,2.504484752928333,9.252273830484,平飞,无
81.60000000000001,B0200,18992.344684408326,1491.9116143247702,6140.531701197036,255.1007262058038,176.34886082648458,-4.153493379410232,3.478334385873512,平飞,无
81.80000000000001,A0100,-21182.79868162116,-4049.43748844503,5985.913274193887,254.99850686985812,37.708742601816006,-3.6651761806809096,88.84526378291521,Short skate返航,北向返航
81.80000000000001,A0200,-23061.331591210757,3751.5457197611886,6055.2891554088455,210.16684441684197,316.46938036315856,7.1428194767867295,-47.958185509390255,Crank,左转
81.80000000000001,B0100,17698.095090216706,893.6580614685508,6089.605820575249,276.3241970860435,178.68285229872794,2.5789119013490467,8.254982029781546,平飞,无
81.80000000000001,B0200,18941.41606796208,1494.079971424937,6140.262576865071,254.6531387979184,176.43906715164502,-1.0450441298419182,4.36612773393692,平飞,无
82.0,A0100,-21138.238209614683,-4025.235535331395,5981.170000886067,254.27544787535265,40.11721409463974,-3.543614404625156,78.07283751109806,Short skate返航,北向返航
82.0,A0200,-23025.21873745284,3730.1667523338856,6055.59583810643,209.5122044646073,315.4438281076148,9.29814488146217,-37.976091145001,Crank,左转
82.0,B0100,17642.90318638376,894.5806220608147,6090.268214228048,275.7437390793293,178.43468309764538,-1.256782128178528,-1.4014395772572874,平飞,无
82.0,B0200,18890.56709069756,1496.2576855873283,6140.242014085601,254.28477724572863,176.57750497644778,3.3739605049289456,-1.0699656152436254,平飞,无
82.2,A0100,-21095.19886610574,-3998.7028766371513,5976.638092027563,253.45696154254253,42.18886656832754,-2.507390761897493,60.011718631126136,Short skate返航,北向返航
82.2,A0200,-22989.671017863908,3708.109199260221,6056.402020897695,208.91330813843163,314.99558767232804,11.682343556202854,-31.2088785124289,平飞,无
82.2,B0100,17587.763100115044,895.5153025662667,6090.557045471531,275.8720838367264,179.02488677254024,-4.223499209837662,-3.700967415959004,平飞,无
82.2,B0200,18839.80024614196,1498.471207043951,6140.913883661719,253.94610879265716,176.77709777994318,5.855491763514956,-1.2472889348174656,平飞,无
82.4,A0100,-21053.478441788942,-3970.24621389439,5972.928664568942,253.0125180567882,43.864723701291,-0.3368981053299409,37.540643893979656,Short skate返航,北向返航
82.4,A0200,-22954.63043701716,3685.526740128118,6057.742348284841,208.15404985474,315.26481313078204,13.40670571143322,-25.85869607297221,平飞,无
82.4,B0100,17532.609587409606,896.4040673850641,6089.81853140021,275.76970059663523,179.13750455950907,-5.3492843118059685,2.207230720664973,平飞,无
82.4,B0200,18789.10156659956,1500.7016793073626,6142.000739148626,253.66044500911943,176.7225831238936,2.705479001496116,1.741285830210435,平飞,无
82.60000000000001,A0100,-21012.634343600137,-3940.513563388216,5970.492530662143,252.8439250145021,44.48243499158513,2.838701005673511,13.389104163854668,Short skate返航,北向返航
82.60000000000001,A0200,-22919.999457267862,3662.575761589127,6059.502679195174,207.7937262854809,317.1118738861766,12.105923374230152,-20.78748114056108,Crank,右转
82.60000000000001,B0100,17477.486755956154,897.2897695323445,6088.353554254626,275.70190447895743,178.94469338270412,-2.7845443944812445,1.047459026376879,平飞,无
82.60000000000001,B0200,18738.42779962836,1502.9532840447646,6143.036613415151,253.7267893589208,176.6880944959503,-1.0191421211332223,5.2056516171188605,平飞,无
82.80000000000001,A0100,-20972.180099468223,-3910.1599027847687,5969.451364010306,253.13727355019287,43.979320389980494,6.443304625742814,-5.004396504664794,Short skate返航,北向返航
82.80000000000001,A0200,-22885.560726467094,3639.365123611584,6061.405267464277,208.0251069787516,319.3564820935821,9.528985370197386,-14.02978277732113,Crank,右转
82.80000000000001,B0100,17422.329219369523,898.1844388780237,6086.820575408061,276.2546477461677,179.18954180069744,-0.4623623046526563,0.5931554912535593,平飞,无
82.80000000000001,B0200,18687.740395142624,1505.2522040436943,6143.388131223022,253.66466727176365,176.46428009287624,-4.231432422333998,11.11884515467184,平飞,无
83.0,A0100,-20931.819863698365,-3879.61057228702,5969.431514395285,252.97911316658752,42.74589974571068,8.91327769898824,-11.078705317320797,Short skate返航,北向返航
83.0,A0200,-22851.15510645441,3615.981970063878,6063.200430738516,208.31709535537084,321.2042343888708,6.492037752960174,-6.906018911473594,Short skate偏转,左转
83.0,B0100,17367.093473004392,899.0562707712752,6085.510104410735,276.2038383311375,179.00672938552992,1.9270676826079904,-0.5401001029221731,平飞,无
83.0,B0200,18637.1080558794,1507.641977625306,6142.843204180735,253.14014418899583,175.7874180811208,-6.178130757872428,11.447704302901478,平飞,无
83.2,A0100,-20891.54916158437,-3849.010649544061,5969.868050902685,252.9272872160811,42.32342192838036,6.019750559875443,-11.18449468263687,Short skate返航,北向返航
83.2,A0200,-22816.7759655814,3592.489978748308,6064.899541437809,208.42848125485625,322.1983669942074,3.1624050668480783,-1.4408159408392431,Short skate偏转,左转
83.2,B0100,17311.843483807257,899.9497600287405,6084.941843663591,276.488393484007,179.1774980674579,3.613818641399072,-1.0163611944913984,平飞,无
83.2,B0200,18586.613272650236,1510.1209865590854,6141.614296841235,252.599554013866,175.91673306994957,-5.075454537072969,4.9544874792744,平飞,无
83.4,A0100,-20851.329121722574,-3818.287224473968,5970.28592415931,253.2399955222548,42.26165873638082,2.3434779266725467,-10.830201442122515,Short skate返航,北向返航
83.4,A0200,-22782.417535764616,3568.921872860079,6066.343049226886,208.42853816916107,322.5355862956893,-0.2541461988963639,2.088131521071201,Short skate偏转,左转
83.4,B0100,17256.573537807013,900.837561921432,6085.025331289708,276.15673694646887,179.06427933494143,3.279049242492141,1.3186220319848925,平飞,无
83.4,B0200,18536.18934654827,1512.6232550303148,6140.019392240748,252.634482355544,176.54620281328516,-1.1784181311176762,4.889451984936846,平飞,无
83.60000000000001,A0100,-20811.17166573694,-3787.354689592764,5970.192191380273,253.66315680305323,42.3667240450339,-1.1158622145629231,-10.529787219663806,Short skate返航,北向返航
83.60000000000001,A0200,-22748.114401672232,3545.3086691391254,6067.439626502194,208.05076174526272,322.49829900149945,-3.4481781405295515,0.278032926591455,Short skate偏转,左转
83.60000000000001,B0100,17201.360097071774,901.722617515762,6085.352058459311,276.1263263837569,179.11926658147647,-0.6426118531889327,4.150002600908556,平飞,无
83.60000000000001,B0200,18485.749050676128,1515.0946867835728,6138.559757562081,252.4530187902714,176.85592392296044,2.960716388291253,4.847695874444354,平飞,无
83.80000000000001,A0100,-20771.122493952545,-3756.1819003115816,5969.21159429189,253.9394455695969,42.41475947762762,-3.5045779778434416,-10.183172158857053,Short skate返航,北向返航
83.80000000000001,A0200,-22713.940806603205,3521.6861376616143,6068.145720067322,207.49769301607225,322.8490437589738,-6.264962437615874,-2.4638591568903183,Short skate偏转,左转
83.80000000000001,B0100,17146.175610349095,902.5950928443636,6085.279766217818,275.67552232403534,178.72673870438013,-2.6707433387521853,3.2136613573684296,平飞,无
83.80000000000001,B0200,18435.375860047312,1517.5070440769514,6138.00981084157,251.88853262432505,177.04965378655518,5.466902250064047,-1.1421911801990885,平飞,无
84.0,A0100,-20731.17082356895,-3724.766335414485,5967.2919971618585,254.72188991881373,42.038447843629136,-3.0880388275705446,-9.465246210593875,Short skate返航,北向返航
84.0,A0200,-22679.88286964716,3498.089328947832,6068.025673027715,206.7345560990281,323.1133578170291,-8.744898147267515,-2.45650290879336,Short skate偏转,左转
84.0,B0100,17091.040807030957,903.4819303355443,6084.880343850516,275.9243086855778,179.03452462673215,-1.1639545298241314,2.8896299894083795,平飞,无
84.0,B0200,18385.099574070027,1519.931581030581,6138.357100405708,251.5756556429823,177.3818911922977,5.225785320164994,-2.260507363223195,平飞,无
84.2,A0100,-20691.203153183807,-3693.112428831991,5964.78944422706,255.73852846259004,41.43230048035119,-0.9664790166203336,-8.044361857585127,Short skate返航,北向返航
84.2,A0200,-22646.0099555215,3474.5722993326926,6067.025261555533,205.74849427077436,323.2396236914733,-10.258679239190007,-6.4527648196381815,Short skate偏转,左转
84.2,B0100,17035.85510400222,904.3459377364952,6084.334294820431,275.9355843545438,178.8946668999188,0.1633584816075994,1.9120677822903045,平飞,无
84.2,B0200,18334.83992249096,1522.3492859548078,6138.964355623148,251.65468398431983,177.59935933462427,1.887131869278713,2.5000677417217667,平飞,无
84.4,A0100,-20651.140818313663,-3661.265048212085,5962.17739324192,256.6957326203752,40.93502720779783,0.9510663816975836,-5.835523650598208,Short skate返航,北向返航
84.4,A0200,-22612.312800221604,3451.142271728995,6065.204724792935,205.2492202363601,323.0683609536778,-8.081460326074158,-11.58769793582038,Short skate偏转,左转
84.4,B0100,16980.647704647534,905.209292172406,6083.9987613781,276.3144741833973,179.14905371797224,0.949883313445331,1.6263729620691731,平飞,无
84.4,B0200,18284.57242527172,1524.7366835618925,6139.438832310959,251.4953259063146,177.03809345935946,-1.5572052352397945,1.8333280301888424,平飞,无
84.60000000000001,A0100,-20610.95968592601,-3629.260809628973,5959.8272597389005,257.51100096306,40.59511427507664,2.506819464658056,-2.943758479998968,Short skate返航,北向返航
84.60000000000001,A0200,-22578.735891882352,3427.663921216012,6063.119067591152,204.933219656078,322.17215708099275,-3.897771355012,-19.37064382461941,Short skate偏转,左转
84.60000000000001,B0100,16925.31983083153,906.0550417011746,6083.705705189215,277.0884796151839,179.47435510298698,1.4637547910293256,11.861950549837186,平飞,无
84.60000000000001,B0200,18234.38782587473,1527.1453721292428,6139.594453901463,250.9662968591384,177.22038738545237,-3.878318367191573,-1.770604473429418,平飞,无
84.80000000000001,A0100,-20570.67764518336,-3597.1133556090563,5957.993707788742,258.1604098149186,40.41580894459945,3.8037365241804726,0.5191761919649908,Short skate返航,北向返航
84.80000000000001,A0200,-22545.42112787273,3403.887627881586,6061.545169080168,204.75779485008124,320.3253151030454,1.831404358124448,-25.654475201746383,Short skate偏转,左转
84.80000000000001,B0100,16869.8596022599,906.9180936735038,6082.969867695236,277.50757549623114,178.3053563507114,-2.2739663882788133,20.279932449571337,平飞,无
84.80000000000001,B0200,18184.2042737012,1529.540143773641,6139.01713253134,251.6795117040868,177.7209767244121,-2.2690892250426047,7.161965416820397,平飞,无
85.0,A0100,-20530.3433242082,-3564.817895033004,5956.806357815022,258.69340627867484,40.35124234589938,4.121670635464582,4.45733144559538,Short skate返航,北向返航
85.0,A0200,-22512.394013036617,3379.6784572891397,6060.622144766205,204.870622685893,318.5455316322392,6.765928092900747,-22.414998263669503,Short skate偏转,左转
85.0,B0100,16814.40995009808,907.8767137776932,6081.668081075555,277.0863335409908,177.71349324274115,-3.783843459614904,12.320276692950602,平飞,无
85.0,B0200,18133.8621914304,1531.9421437552392,6137.7106306048345,252.40485366083968,178.7401927904597,0.8898230830784841,24.1636726904125,平飞,无
85.2,A0100,-20490.03860259722,-3532.391926193468,5956.216740270917,258.50120950602155,39.88289370656732,2.409055462885473,2.1654466320826837,Short skate返航,北向返航
85.2,A0200,-22479.645339317503,3355.087331988938,6060.383886011215,204.5475233393641,317.360859224063,10.523581078061303,-16.99515779224999,Short skate偏转,左转
85.2,B0100,16759.047977349823,908.8188693940136,6080.235892735789,276.96627985357696,178.99896032558524,0.7357300859379718,10.377934890905912,平飞,无
85.2,B0200,18083.41121683415,1534.139967531757,6136.421984401467,252.58430955421832,180.60169574116424,4.855894300665507,33.62439584467376,平飞,无
85.4,A0100,-20449.770428681288,-3499.92943801843,5955.989553113265,258.90870786194824,40.00480570284415,-1.1308976689828778,-1.7139321211256782,Short skate返航,北向返航
85.4,A0200,-22447.25282102024,3330.219017513473,6060.988153517841,203.8461401313968,316.933757988012,12.82510956963708,-13.737733230575538,Short skate偏转,左转
85.4,B0100,16703.65746964713,909.5826975537256,6079.355860590604,276.9758142665402,180.388013241916,5.925262164198446,15.910479093520667,平飞,无
85.4,B0200,18032.999275727565,1535.6461464874528,6135.976784793491,251.67481877858245,181.89095334577263,7.084076543877439,27.60764926715148,平飞,无
85.60000000000001,A0100,-20409.441499107284,-3467.340564573049,5955.286269258421,259.5742950215333,40.13800243698933,-3.442999798427647,1.89824231360352,Short skate返航,北向返航
85.60000000000001,A0200,-22415.17141330461,3305.189799581167,6062.260746175897,203.37446567494405,317.6599026886593,11.143149602297278,-11.050485189095658,Short skate偏转,左转
85.60000000000001,B0100,16648.34429753568,909.9267591407316,6079.71496842845,276.0169897429073,180.91915492433225,7.611318814437665,15.148192190450963,平飞,无
85.60000000000001,B0200,17982.748354094885,1536.358921203766,6136.744480589003,251.0165032228566,181.8918611467176,6.900368729489165,17.78859015030978,平飞,无
85.80000000000001,A0100,-20369.051368897915,-3434.6334617941284,5954.0093775804,260.3705708729631,40.24864670903036,-1.4076203615400011,5.8536535071340206,Short skate返航,北向返航
85.80000000000001,A0200,-22383.251784167303,3280.040094084163,6063.884841147987,203.3663529389789,318.6112073747597,7.874270893299791,-7.847928807676338,Short skate偏转,左转
85.80000000000001,B0100,16593.218140318153,909.9055103881864,6081.24855795742,275.62668435170764,179.96840561934175,2.6805713982924493,5.420945373788112,平飞,无
85.80000000000001,B0200,17932.581764565224,1536.6581393469603,6138.3454853913245,251.00421826944523,180.90160519628145,3.5205974738852697,6.817854634656267,平飞,无
86.0,A0100,-20328.58852483545,-3401.7660965156865,5952.6056762903645,261.06182881753875,40.68300571307197,1.7977499728993254,9.756068405937006,Short skate返航,北向返航
86.0,A0200,-22351.37976610557,3254.7965678411165,6065.537420082496,203.5614553599381,319.3315660190129,4.461389956498393,-3.88582302362611,Short skate偏转,左转
86.0,B0100,16538.16435498875,909.833408078688,6082.969256975911,275.1271428522881,179.87852861539687,-1.2648350788795115,-5.427673622002153,平飞,无
86.0,B0200,17882.407199083642,1536.8538917530675,6140.055725695104,251.05611919772437,180.8641684445232,-0.0058683729741928,1.5062715714522676,平飞,无
86.2,A0100,-20288.20344723184,-3368.7037729502617,5951.778639106998,260.6952781384831,41.04805670182159,5.525122028853189,7.401700728822997,Short skate返航,北向返航
86.2,A0200,-22319.496799696164,3229.4786870050903,6066.9194381278085,203.8085817890801,319.7384587256345,1.0434009686502892,0.6618103393320457,Short skate偏转,左转
86.2,B0100,16483.19494698955,909.7480237646968,6084.084471383306,274.7751920250423,180.63182267804456,-3.9033537156140983,-8.138453134145161,平飞,无
86.2,B0200,17832.210546549977,1536.997726535592,6141.088265198731,250.92116549640943,180.45386241019037,-3.2491041635415154,-0.8578953912226637,平飞,无
86.4,A0100,-20248.061266224675,-3335.579655607596,5952.122200901362,259.8040131408918,40.91013197738714,5.562509886112842,-3.086340286782145,Short skate返航,北向返航
86.4,A0200,-22287.59856027896,3204.105393963724,6067.832352850758,203.7946583633397,319.65899633886346,-2.280768960129418,1.688356779208398,Short skate偏转,左转
86.4,B0100,16428.207919201035,909.5416851628596,6083.943753411633,275.24428409718814,181.1801963442275,-4.905247399115459,3.026358636420143,平飞,无
86.4,B0200,17782.061567528624,1537.1224786971488,6141.283039243847,250.6526279980284,180.5125733709307,-5.315178944745624,-2.701435342850542,平飞,无
86.60000000000001,A0100,-20208.03508755827,-3302.5190099644915,5953.090311773875,259.57472469728907,41.33670943530805,1.7552747957519736,-8.299526127604228,Short skate返航,北向返航
86.60000000000001,A0200,-22255.752297822244,3178.7156524156308,6068.307844114575,203.547026059046,319.5888774222814,-5.288448519541083,-3.8038328615148216,Short skate偏转,左转
86.60000000000001,B0100,16373.082260214334,909.3106145057736,6082.572482113019,276.27510405243765,181.6754186778414,-2.4118992431924124,21.0522339985226,平飞,无
86.60000000000001,B0200,17731.894228329886,1537.1979610815015,6140.466938501367,251.16235185370505,180.55957293246695,-3.949361537228405,1.6530176061529822,平飞,无
86.80000000000001,A0100,-20168.0498040006,-3269.38216153123,5953.677910666734,259.7328190516317,41.74796297054746,-1.689882116138826,-5.523582065389496,Short skate返航,北向返航
86.80000000000001,A0200,-22223.95633456524,3153.3230114393737,6068.040769047961,203.4303861143349,320.01672879473506,-7.294394830802359,-6.246271384707126,Short skate偏转,左转
86.80000000000001,B0100,16317.810409658725,909.026172335115,6080.744009742137,276.5793804335579,182.4602332395118,0.2253983998374387,27.627011665236157,平飞,无
86.80000000000001,B0200,17681.5884384052,1537.2577901133154,6138.941183532939,252.2742809244846,181.00826896721935,-1.8155510568792224,10.154788086442508,平飞,无
87.0,A0100,-20128.133947873845,-3236.1475219149515,5953.426439687706,259.6812472675624,41.82771315378522,-3.8647510795374553,-2.262913613690106,Short skate返航,北向返航
87.0,A0200,-22192.16110815667,3127.9527584504413,6066.843210822883,203.53877574293892,319.9419891382348,-5.601050718890818,-6.641393047688205,Short skate偏转,左转
87.0,B0100,16262.473241783046,908.3310491722076,6079.339491607217,276.9784038886262,182.90252277231576,2.141981253617035,18.169389718517085,平飞,无
87.0,B0200,17631.095547343073,1537.2779299273689,6136.946543992477,252.87985323469985,181.4114995307994,0.889776809266094,16.259835243378653,平飞,无
87.2,A0100,-20088.259157162083,-3202.821417834828,5952.286845331139,260.1869993024983,41.72219370330613,-3.2610273681991844,0.8923894719037193,Short skate返航,北向返航
87.2,A0200,-22160.38521479526,3102.532334786624,6065.279393392857,203.77733262897408,319.55989256526027,-1.2312057682977704,-7.388879180692141,Short skate偏转,左转
87.2,B0100,16207.056239124346,907.1954633359774,6078.804712304706,277.3359640958835,182.9487199212432,3.120751635714944,6.844161339172183,平飞,无
87.2,B0200,17580.56006619766,1537.114342535282,6135.278182837699,252.6449382694749,181.5017226803772,2.9889833697221277,8.784444951014025,平飞,无
87.4,A0100,-20048.377233356063,-3169.3860400857398,5950.661464589641,260.48098056114304,41.64847517955028,0.2184959086207289,4.273395345773463,Short skate返航,北向返航
87.4,A0200,-22128.595083984543,3076.998503678948,6063.682629845691,204.2270709894675,319.08666992488173,4.555823614509699,-4.072201860816043,Short skate偏转,左转
87.4,B0100,16151.626807886913,905.854467042921,6079.002315240535,277.12967090333217,183.0434578158621,2.609682381789068,2.545583304737705,平飞,无
87.4,B0200,17530.073819700105,1536.759510367334,6134.435434833836,252.32974726256137,181.3230804406737,4.160778269611753,-0.1012828509142985,平飞,无
87.60000000000001,A0100,-20008.5272251514,-3135.8400818942264,5949.39955544089,260.42660868880745,41.59729066918106,4.768447655767549,1.8867687014524923,Short skate返航,北向返航
87.60000000000001,A0200,-22096.81763435803,3051.351040535176,6062.48281702334,204.271841682964,319.0256349673261,7.910230307103251,-0.3707650727318345,Short skate偏转,左转
87.60000000000001,B0100,16096.227067190735,904.4152203325316,6079.237020162444,276.93463856621975,182.4290588192162,-0.8090778567159883,-0.2659987237595834,平飞,无
87.60000000000001,B0200,17479.590686595806,1536.3652941404362,6134.275284411724,252.63206598981532,181.44921370533376,4.134220662681093,-2.420319645484579,平飞,无
87.80000000000001,A0100,-19968.753719092678,-3102.2443527530004,5949.083112872604,260.3483074461127,41.714490298296056,4.541722796099036,0.0225296191905851,Short skate返航,北向返航
87.80000000000001,A0200,-22065.089174489764,3025.6689691817774,6061.944211646476,203.8856559942831,319.1456608929429,9.09682556931643,1.4042777509315687,Short skate偏转,左转
87.80000000000001,B0100,16040.842864504946,902.9533320604904,6079.320832214125,277.2941817899902,182.4151804038488,0.4380428092498364,-2.24323270357447,平飞,无
87.80000000000001,B0200,17429.056237959783,1535.9344626938546,6134.293609053282,252.63198677865125,181.19491668518583,0.81106016104796,-4.090062362158216,平飞,无
88.0,A0100,-19929.007300834903,-3068.571592399593,5949.043622368959,260.51923346864885,41.64265988555607,0.6343060447230384,3.8935684338939143,Short skate返航,北向返航
88.0,A0200,-22033.431072968488,3000.0042065285124,6062.041270683493,203.7445697056854,319.24368549268866,6.440858194278154,0.8052069347017835,Short skate偏转,左转
88.0,B0100,15985.32140257475,901.4463312925886,6079.351843963961,278.112898191539,182.2644814076919,2.2643460418099832,2.0832813634909875,平飞,无
88.0,B0200,17378.495872558804,1535.5123508109305,6134.245624258026,253.06991743593235,181.51300006709096,-1.6468096303310409,-6.044027539571975,平飞,无
88.2,A0100,-19889.306659520127,-3034.8523942548563,5948.816344436749,260.26643318195767,41.19603356218786,-1.6957768477956887,1.9082746884911443,Short skate返航,北向返航
88.2,A0200,-22001.78721734548,2974.3076464035585,6062.378756620581,203.9239009340955,319.3476206081816,2.97356206927707,0.0475886063328621,Short skate返航,北向返航
88.2,B0100,15929.727894895032,899.8894251354759,6079.667340959365,277.9416759988593,182.04160302830772,2.424808914764788,3.8773199106238194,平飞,无
88.2,B0200,17327.856311938678,1535.0475878930906,6133.849149217632,253.31013816766432,181.0142106350205,0.0615125241346455,-7.776689747990058,平飞,无
88.4,A0100,-19849.635068119744,-3001.1102464218247,5948.407547596888,260.7244114256402,41.35876677069475,-0.6013789550402558,-0.0101557701916872,Short skate返航,北向返航
88.4,A0200,-21970.11745820378,2948.542645827092,6062.530260399813,204.4115481018661,319.5040719539907,-0.4904077132439564,1.3670655261038689,Short skate返航,北向返航
88.4,B0100,15874.193123251363,898.2843923845567,6080.254490422834,277.672042499935,181.8155464717129,0.8165098472266277,3.6375269147887135,平飞,无
88.4,B0200,17277.193735271656,1534.6336841607626,6133.544332807855,253.38466377977244,180.77348499878755,1.8461009758558125,-9.197934396111629,平飞,无
88.60000000000001,A0100,-19809.89380819764,-2967.2344069955,5947.818680530772,261.4931479616719,41.45066055847149,1.533265562376244,4.011603070920558,Short skate返航,北向返航
88.60000000000001,A0200,-21938.39808087211,2922.7004420660905,6062.129420719352,204.6375939872225,319.3652273727444,-3.836437563129629,1.508227377637869,Short skate返航,北向返航
88.60000000000001,B0100,15818.64165947476,896.6705656802274,6080.5613434921,278.122365569689,181.70018976177016,-2.5856501266141554,6.287493653170769,平飞,无
88.60000000000001,B0200,17226.517800439313,1534.2762953924162,6133.441367871662,253.27163083586748,180.0736437571557,3.6368324048801006,-10.580915705321162,平飞,无
88.80000000000001,A0100,-19770.118964191115,-2933.229500909329,5947.36972686678,261.8197440800093,42.07730789126229,4.375737427945877,12.681569343756554,Short skate返航,北向返航
88.80000000000001,A0200,-21906.73059239025,2896.851131698768,6061.346136992161,204.077899455028,319.1661005620836,-6.275513818096337,-5.359493287385463,Short skate返航,北向返航
88.80000000000001,B0100,15762.990642090132,895.0974546864836,6079.964761639814,278.7371768034398,181.7877146495602,-4.062969819983792,16.961773416615642,平飞,无
88.80000000000001,B0200,17175.851855879926,1534.1051656082896,6133.932529935595,253.54748406039,179.86449213779892,5.24812456563991,-12.01780822588964,平飞,无
89.0,A0100,-19730.43500817891,-2899.009681488012,5947.30698363159,262.0699537211713,43.87249100742285,8.52270996386969,29.73023613175573,Short skate返航,北向返航
89.0,A0200,-21875.268915426197,2871.029101618553,6060.563193254691,203.05462202303215,318.6589866115109,-4.6148673562894285,-18.759144862547934,Short skate返航,北向返航
89.0,B0100,15707.233768743024,893.6116425893501,6078.459472184643,279.1134626307734,182.41991497355968,-1.529397809841731,23.79827733274125,平飞,无
89.0,B0200,17125.162221470604,1534.077129911174,6134.939434342453,253.30863451460488,179.60263762195228,5.562731251552757,-9.969540617886132,平飞,无
89.2,A0100,-19691.2014536617,-2864.322195616138,5948.081520413643,261.5698392120686,46.40208176696054,10.706758319546198,49.092585564549,Short skate返航,东向返航
89.2,A0200,-21844.15067731494,2845.0541857361604,6060.148634793825,202.32391881966117,316.65658770877405,0.2153419341994633,-35.629094724561554,Short skate返航,北向返航
89.2,B0100,15651.479797165604,892.010634479856,6076.8347956113,278.7960859340652,182.23364367060836,-1.0180297342442353,14.264538733645068,平飞,无
89.2,B0200,17074.521504921715,1534.157566718623,6136.238936206825,253.3624060647905,180.06986399340775,2.2191615781916143,-7.55090069021115,平飞,无
89.4,A0100,-19652.836212064143,-2828.9094397982763,5949.64460470298,260.78025208660614,49.60543066945833,11.321666814840247,69.81987701140075,Short skate返航,东向返航
89.4,A0200,-21813.673853553457,2818.5648801303305,6060.411221764441,201.4613120662942,313.1627293202527,4.545073283652088,-53.8691863140721,Short skate返航,西向返航
89.4,B0100,15595.81678671641,890.213404276089,6075.60294129348,278.2631053005844,182.35997291130937,0.4283564257414777,2.334314294214789,平飞,无
89.4,B0200,17023.842887363906,1534.2304517051634,6137.218252370007,253.49744421277128,180.32914048991236,-1.2425899165305354,-2.59653057930719,平飞,无
89.60000000000001,A0100,-19615.59463784539,-2792.4641179180708,5951.652727462213,260.6704713875341,53.07110298044472,10.724027694433545,86.17451289309119,Short skate返航,东向返航
89.60000000000001,A0200,-21784.26010531952,2791.2062818151558,6061.31800871137,200.34177870071545,309.16787771485883,6.777488860120277,-72.30900187011466,Short skate返航,西向返航
89.60000000000001,B0100,15540.240743388233,888.3452494036246,6074.910825452654,277.8717284052367,182.23634946591076,1.7780830849447329,-7.167613135004048,平飞,无
89.60000000000001,B0200,16973.10140181642,1534.2800794063182,6137.499479895534,253.91946728941247,180.4246151532,-3.4899659169109523,2.3543380866489243,平飞,无
89.80000000000001,A0100,-19579.80735764893,-2754.6610202594784,5953.767863368301,260.38641055638124,56.43007288380192,8.799002937401594,96.61541439085916,Short skate返航,东向返航
89.80000000000001,A0200,-21756.224581962564,2762.7857075586217,6062.506369542938,199.07810565339423,305.236674027125,7.059636776174953,-89.1292484328901,Short skate返航,西向返航
89.80000000000001,B0100,15484.675349186084,886.5429772700218,6074.718831270803,278.195086307064,182.02884986955056,3.134476373588305,-8.371399469910228,平飞,无
89.80000000000001,B0200,16922.330605913954,1534.3090207940973,6137.160732518501,253.719475442414,180.16694242833407,-1.7805098567811182,1.4837947978163686,平飞,无
90.0,A0100,-19545.56311910019,-2715.494779544888,5955.600992803431,260.2390452695128,59.39071720228477,5.52184017066569,106.13010775088898,Short skate返航,东向返航
90.0,A0200,-21729.63399171818,2733.3169334579725,6063.51320328361,198.09066268353928,301.4678851516165,6.113899510809283,-97.426257297219,Short skate返航,西向返航
90.0,B0100,15429.000275818007,884.8111800464226,6074.932239798611,278.8117913643552,181.8961670911233,2.953628156799558,-3.816607137811628,平飞,无
90.0,B0200,16871.610988508844,1534.3362075814298,6136.743248961294,253.505451894839,179.89270775819023,-0.2784942531162978,-5.3172850132334,平飞,无
90.2,A0100,-19512.941438542,-2675.001393419947,5956.708206655053,259.80932734369435,61.94313728501102,2.240417572969249,111.38227680079208,Short skate返航,东向返航
90.2,A0200,-21704.223592619768,2703.00847733073,6064.130425246525,197.54386118834628,297.93506275241725,4.822289717592763,-91.96374460351676,Short skate返航,西向返航
90.2,B0100,15373.255626516097,883.0981529662286,6075.213360804412,278.84868814742987,181.9639712829244,-1.00863291767959,1.2566263218133136,平飞,无
90.2,B0200,16820.86504082845,1534.4065242117376,6136.435087034177,254.09167769416328,179.9191173199043,1.7191886424506877,-6.61231844392522,平飞,无
90.4,A0100,-19482.30744468929,-2633.1316858369973,5956.704003275791,259.10552818888243,64.64865564101669,0.2601226974292828,108.6851244342179,Short skate返航,东向返航
90.4,A0200,-21679.857659518733,2671.988010930192,6064.425815561623,196.8974216778231,294.84080866476813,4.010624422750814,-82.14980900604675,Short skate返航,西向返航
90.4,B0100,15317.462839025597,881.3924795485641,6074.858127633518,279.48396160477495,181.9935957978853,-4.141582304820741,11.81767964357398,平飞,无
90.4,B0200,16770.043491748558,1534.5139577750306,6136.289026984739,253.97883778428616,179.5460332027068,2.775512932612762,-7.508391465886365,平飞,无
90.6,A0100,-19453.722284022624,-2589.9863928885698,5955.671475456626,258.61511329609885,67.44198120021089,-1.2209812461874674,102.62141308724094,Short skate返航,东向返航
90.6,A0200,-21656.745283820903,2640.226168003328,6064.573425853734,195.84490447616025,292.2131213894326,3.8566699549799615,-76.17365525253291,Short skate返航,西向返航
90.6,B0100,15261.57814875128,879.8139219193536,6073.253051098226,279.7273618388238,181.72893757553013,-5.315401671014725,30.58279083164267,平飞,无
90.6,B0200,16719.22861382698,1534.7430368677435,6136.586945049789,254.3171385118984,179.64514670733374,3.345437791597776,-8.557309109084585,平飞,无
90.8,A0100,-19427.23309784073,-2545.659659904032,5953.810278304833,258.1623922874141,70.25881529190833,-2.161418365856402,95.56802601121358,Short skate返航,东向返航
90.8,A0200,-21635.286041142,2607.641989484253,6064.774895492566,194.3040897089853,289.8709965942315,3.923958136651642,-78.91638999722808,Short skate返航,西向返航
90.8,B0100,15205.696679384137,878.2925943079936,6070.954873506949,279.76478266018904,184.524708538585,-0.947782746334823,40.13994139668496,平飞,无
90.8,B0200,16668.372827572646,1535.0515334564393,6137.2146089055295,254.09903623147864,179.27558322697604,4.021170423541748,-9.579454894067045,平飞,无
91.0,A0100,-19402.9168000714,-2500.2310527648588,5951.359911537351,257.7473579845204,73.08462207733375,-2.5215897263531586,87.81017275676078,Short skate返航,东向返航
91.0,A0200,-21615.752655642667,2574.2361607640014,6065.018720316465,192.74916640182263,287.50568004456306,3.755412649837248,-86.64547191614568,Short skate返航,西向返航
91.0,B0100,15149.860183332788,876.0893683292734,6069.053448889511,279.1691420395406,187.34410227555648,2.8843096679660345,36.75095899430421,平飞,无
91.0,B0200,16617.550173189004,1535.478893002617,6138.13417824569,254.4133292413812,180.05941644421154,0.8522217449056935,-10.765274090305708,平飞,无
91.2,A0100,-19380.80701753938,-2453.793241087721,5948.598717877536,257.37284008315265,75.87500220244152,-2.301683977809276,79.47670436684518,Short skate返航,东向返航
91.2,A0200,-21598.064490741883,2540.130592540636,6065.074594979711,191.58430140706247,284.9389794353865,3.27590427024112,-90.4554287944463,Short skate返航,西向返航
91.2,B0100,15094.158114123373,872.7470432901014,6068.272770162357,278.9922709060492,187.94739074649812,4.43258386981389,26.196702477019045,平飞,无
91.2,B0200,16566.571923874817,1535.860973237112,6138.558798514554,255.52764321221196,180.8179584609573,-1.856207213719646,-2.268526448211336,平飞,无
91.4,A0100,-19360.815934359704,-2406.46434795858,5945.79408188691,257.295982262348,78.67292827204977,-1.8942247599106008,76.53990248610823,Short skate返航,东向返航
91.4,A0200,-21581.83679600309,2505.5026843133564,6064.831340380504,190.93306248924247,282.18445899945493,2.763102245845102,-84.15616964573485,Short skate返航,西向返航
91.4,B0100,15038.50774368379,868.5715044521062,6068.647192583609,279.1484520506471,187.2201032253545,3.931772240607052,14.505536921535215,平飞,无
91.4,B0200,16515.347831285162,1536.1565960901344,6137.809242556965,256.6785775973791,181.0403972980716,-4.005601517658195,14.629060229984336,平飞,无
91.6,A0100,-19342.697743434863,-2358.3806076942574,5942.977324915608,257.2993309305337,81.4253218762282,-1.432508925512593,80.59137816006788,Short skate返航,东向返航
91.6,A0200,-21566.78328001175,2470.4714935797,6064.366655457703,190.3795627946476,279.51538994782163,2.643278021415931,-75.44347736564433,Short skate返航,西向返航
91.6,B0100,14982.897143641596,864.0661878108904,6069.5824842908,278.82944418117813,185.96776012077387,0.0738593804466791,1.9776491323826424,平飞,无
91.6,B0200,16463.98631724029,1536.446349966814,6136.213746237214,257.0997755585723,181.13103955818175,-1.957100300478677,23.129681106621025,平飞,无
91.8,A0100,-19326.58724260784,-2309.6111658800664,5940.097785166832,257.149400417568,84.07907523054674,-1.32451639444491,85.42757334912339,Short skate返航,东向返航
91.8,A0200,-21552.97853358999,2435.075603352414,6063.841266859829,189.51210671938472,277.14777289980947,2.9712800613444554,-71.33099758733067,Short skate返航,西向返航
91.8,B0100,14927.293846571993,859.4977060462834,6070.178686552591,279.2344039366323,186.0613572857821,-3.1029207312621003,-3.625277750471753,平飞,无
91.8,B0200,16412.61881266028,1536.5951631929247,6134.548531261439,256.7513448505212,180.55267300143748,-1.6656112903342493,12.913253181233287,平飞,无
92.0,A0100,-19312.679022193875,-2260.235690742794,5937.050002046761,256.67516256378593,86.66034917994779,-1.2523748567407242,85.22163128099689,Short skate返航,东向返航
92.0,A0200,-21540.792146769585,2399.328565498072,6063.444033661624,188.1436496693454,275.0092880866718,3.3535517892913496,-76.08489143285139,Short skate返航,西向返航
92.0,B0100,14871.60500795158,854.8216614875882,6069.723349550121,279.6031806497418,186.0041896966497,-4.2860349499807855,0.2028956382361704,平飞,无
92.0,B0200,16361.336420016403,1536.6175515106966,6133.044191005592,256.34036997446555,180.45973457692116,-3.138291651325169,2.6799791600716394,平飞,无
92.2,A0100,-19301.320636174223,-2210.3475402958784,5933.910873821043,256.0306038205925,89.20693904616188,-1.071063230529687,77.84114796218292,Short skate返航,东向返航
92.2,A0200,-21530.554411362067,2363.280642264177,6063.157222772022,186.67119471218837,272.83234848361286,3.3693047610164677,-85.19430828777497,Short skate返航,西向返航
92.2,B0100,14815.868493266364,850.0879495772747,6068.49086923704,279.95110459696133,185.85330828648137,-1.615707796856676,4.188877018200631,平飞,无
92.2,B0200,16310.09333230852,1536.5837758517064,6131.33241658437,256.42888710055524,180.8266985476023,-1.4113739582044178,5.755230632368598,平飞,无
92.4,A0100,-19292.367583625542,-2160.061592525849,5930.87589135732,255.7786708206504,91.88806199610288,-0.8012193975569742,75.44708698990588,Short skate返航,东向返航
92.4,A0200,-21522.197240759426,2327.0210947523465,6062.727687564313,185.5905824798708,270.4035298015892,2.956055893846855,-89.76664140852496,Short skate返航,西向返航
92.4,B0100,14760.088954363197,845.2909269084153,6067.194010819472,279.9339592797773,185.6701817654656,1.495217735287587,1.734240440366938,平飞,无
92.4,B0200,16258.845455403734,1536.481512398506,6129.587789718664,256.26310644123083,180.6289658676257,-0.088131389098297,4.6624831264822815,平飞,无
92.6,A0100,-19285.49883577841,-2109.4650217240014,5927.933156153145,255.6723080893832,94.6019830225681,-0.4594785653506686,79.91169696191615,Short skate返航,东向返航
92.6,A0200,-21515.31141100166,2290.6213140976306,6062.018532442939,185.0209701195886,267.7324481531824,2.4378417171319726,-83.87043088212795,Short skate返航,西向返航
92.6,B0100,14704.356388417262,840.4506745572617,6066.630978718734,279.4579009695735,185.44704707940969,3.446831962787576,-5.682612889349386,平飞,无
92.6,B0200,16207.636109808394,1536.324515114413,6128.155395139375,256.1040348174744,180.83900622222535,0.5805500521886665,3.386037185100263,平飞,无
92.8,A0100,-19280.79139630466,-2058.6567348391227,5925.001077795143,255.4628715644382,97.27441797381636,-0.4634665476241217,85.01781285045492,Short skate返航,东向返航
92.8,A0200,-21509.593791351494,2254.1204630572797,6061.090696711086,184.5485933004175,265.1112644847687,2.2698832324504634,-75.10004927823174,Short skate返航,西向返航
92.8,B0100,14648.65286091409,835.661832344987,6066.659785674143,279.79455757228743,185.8249091777497,1.0433253454834492,-7.248204141683764,平飞,无
92.8,B0200,16156.363351140342,1536.1105667332745,6126.768248594409,256.90764747469655,181.2591523970093,1.3740108142931866,11.894346262354986,平飞,无
93.0,A0100,-19278.394723418616,-2007.7581894850944,5921.953290862561,254.9488325661299,99.9006424263116,-0.4957695236685197,85.13157034911025,Short skate返航,东向返航
93.0,A0200,-21505.11246374555,2217.5693752135467,6060.097716759307,183.76365905985497,262.7846888676054,2.553730287220494,-70.55745124177058,Short skate返航,西向返航
93.0,B0100,14592.826216034537,830.8298342306271,6066.500124336962,280.56895789145017,185.95285796315696,-1.3135190635395235,-2.9514326904330908,平飞,无
93.0,B0200,16104.94406250016,1535.8713337519905,6124.9880800652845,257.53743207656623,180.2724120349461,-1.6684941477082555,19.335648053981693,平飞,无
93.2,A0100,-19278.625801798185,-1956.942832570302,5918.852208556737,254.2517468899332,102.49780135273473,-0.4080968131711781,78.01554322484532,Short skate返航,东向返航
93.2,A0200,-21502.21049971679,2181.065430847728,6059.233663877041,182.49280970671973,260.6931106309856,2.936249366147453,-74.52732935440244,Short skate返航,西向返航
93.2,B0100,14536.926776843537,825.9547708494542,6066.009495364836,280.42270862823307,185.55097520793,-1.3379866488773782,-5.3186227582998535,平飞,无
93.2,B0200,16053.474932219062,1535.6545638311154,6122.81995037508,257.4497656274596,179.19623753641494,-3.760310389888768,12.291500553595606,平飞,无
93.4,A0100,-19281.32123142342,-1906.296158774216,5915.880692622601,253.94471988555625,105.23407745980772,-0.2343542004175509,75.81390892013945,Short skate返航,东向返航
93.4,A0200,-21501.17958138951,2144.732135991262,6058.506338842416,181.12226428772215,258.57168107130906,3.0220954110424487,-82.93547945508256,Short skate返航,西向返航
93.4,B0100,14481.028675490412,821.0883925619592,6065.408140904899,280.837764222258,185.42398014761852,-0.183213606451416,-6.364667756035964,平飞,无
93.4,B0200,16002.037769720666,1535.4236155629224,6120.541649962683,257.6122427063368,179.88840865479224,-2.140082799589309,9.336456075897155,平飞,无
93.6,A0100,-19286.143433595036,-1855.8326677517523,5913.015685294746,253.79812662344173,108.01202820492932,0.0190589705336433,80.41886094320188,Short skate返航,东向返航
93.6,A0200,-21501.93994499919,2108.6379069230643,6057.690211920041,180.12155378515092,256.20126136351274,2.736906516875458,-87.34354272844494,Short skate返航,西向返航
93.6,B0100,14425.051293163133,816.224699762648,6064.802777786833,281.0509041732292,185.14891530893385,1.7802946659616288,-1.733252928764017,平飞,无
93.6,B0200,15950.555932642816,1535.1283722137996,6118.255798487231,257.5631826238972,180.21533371251405,0.0259004278394553,8.26998542930098,平飞,无
93.8,A0100,-19293.135743999832,-1805.6657274622376,5910.164207020919,253.5596533435313,110.75199453526362,-0.06996322695546,85.60710107591832,Short skate返航,东向返航
93.8,A0200,-21504.095666767087,2072.752593495663,6056.644642996816,179.61798550506248,253.58429717826024,2.358396867396681,-81.82488286328093,Short skate返航,西向返航
93.8,B0100,14369.056826415912,811.3712349455063,6064.5443058628025,280.9293787006085,185.07669081279204,3.224401747508064,3.230980271179631,平飞,无
93.8,B0200,15899.090509849728,1534.744483242459,6116.467366380598,257.53906836787,180.76360779238573,1.7040711055699989,5.295550837878994,平飞,无
94.0,A0100,-19302.410695518945,-1755.9480726962538,5907.191096570824,253.0190801408155,113.44425635356512,-0.1824200916650452,85.82757649904258,Short skate返航,东向返航
94.0,A0200,-21507.340421861485,2037.035224883739,6055.410388650567,179.22807226762905,251.0079376034034,2.284124811524693,-73.2994890219095,Short skate返航,西向返航
94.0,B0100,14313.124792982282,806.4744952810511,6064.862805967192,280.5144975370752,184.97231495781017,3.4433025956011343,5.652983479912816,平飞,无
94.0,B0200,15847.602135584586,1534.264733667295,6115.128257277399,257.4379863379833,180.7189500403617,2.2254860514738213,3.7371669158509966,平飞,无
94.2,A0100,-19314.24035452786,-1706.9259576106551,5904.149504393941,252.28787803602967,116.0718180724168,-0.1711319889193052,78.78246478521334,Short skate返航,东向返航
94.2,A0200,-21511.72322961972,2001.545551042127,6054.131553806514,178.52415436531496,248.7323505603574,2.618551209014104,-68.66167151772636,Short skate返航,西向返航
94.2,B0100,14257.285526596896,801.5171821438653,6065.666115880582,280.1446128337523,184.7065044016668,1.578655962440438,6.075602660579204,平飞,无
94.2,B0200,15796.159720703192,1533.742006581082,6114.318510157937,257.1569015762255,180.9534461230737,0.7219351100882451,1.1761323511948958,平飞,无
94.4,A0100,-19328.44518729585,-1658.6481580664404,5901.219001253741,251.9526469780186,118.79909367720836,-0.0777103016623591,76.56994995631867,Short skate返航,东向返航
94.4,A0200,-21517.54336710473,1966.452040273116,6053.00842803392,177.3428466024618,246.70552954740407,3.050520009861495,-72.1903855371705,Short skate返航,西向返航
94.4,B0100,14201.524270159876,796.5470038817775,6066.457552817048,279.66101195134667,184.170588894616,-1.877475029273959,2.680435949533841,平飞,无
94.4,B0200,15744.728642559025,1533.1861850994285,6113.369591400464,257.2580337290267,180.9607888338045,-2.6940479189134963,5.813973475587007,平飞,无
94.6,A0100,-19344.682039037816,-1611.0467441633157,5898.376362878409,251.79707514842556,121.56375958462353,0.1012488599889351,81.15103998661458,Short skate返航,东向返航
94.6,A0200,-21525.05109056953,1931.9382769392,6052.072651264788,176.04872770807788,244.6595657173704,3.224940646742569,-80.13093978275178,Short skate返航,西向返航
94.6,B0100,14145.813216664465,791.6213987668139,6066.738866247449,279.7170571045564,184.32620312391992,-3.285981456264398,3.216530707437576,平飞,无
94.6,B0200,15693.281782301943,1532.6424970305156,6111.744946585298,257.5830938688809,181.03670679529057,-4.952829929691807,15.337504593634874,平飞,无
94.8,A0100,-19362.95527968106,-1564.2355482679725,5895.525237247284,251.56397340244405,124.2830947048413,-0.0487701021842482,86.27640912162963,Short skate返航,东向返航
94.8,A0200,-21534.167327023795,1898.0529809843028,6051.118320431056,175.10628481580932,242.36350228320703,3.072635914428396,-84.44376341668305,Short skate返航,西向返航
94.8,B0100,14090.100680578042,786.7140267709042,6066.495271963932,279.5476238323571,184.3627048837794,-0.1914874725014943,2.8674960544983685,平飞,无
94.8,B0200,15641.765256815264,1532.1637839897558,6109.235297724922,258.2469443252438,182.7371553374166,-1.7548622694873155,32.290383750631534,平飞,无
95.0,A0100,-19383.329649129875,-1518.3826925535786,5892.529669454482,251.03822814989957,126.94406876552556,-0.2165040844566207,86.39762907755217,Short skate返航,东向返航
95.0,A0200,-21544.53226530994,1864.676491543063,6049.994893233819,174.64751383942712,239.81282571792295,2.8392945448815152,-79.26840553661405,Short skate返航,西向返航
95.0,B0100,14034.4470493466,781.8177872109427,6066.610513168571,279.06429071618385,184.36935689141677,3.497054831002321,-3.240199417890923,平飞,无
95.0,B0200,15590.157809044063,1531.3748960829798,6106.711256620746,258.2413449439523,186.2603956923757,3.639999145791729,40.4340505901493,平飞,无
95.2,A0100,-19406.010792989677,-1473.7880607092284,5889.440432311552,250.3245859696241,129.5377272216014,-0.2508363015596643,79.28143386135403,Short skate返航,东向返航
95.2,A0200,-21555.90920844821,1831.7245011868051,6048.737801747676,174.1087875992174,237.2786017639468,2.7483113748169434,-73.95654889977783,Short skate返航,西向返航
95.2,B0100,13978.90317359826,776.9987023224808,6067.533875026137,278.577381759733,184.42734919250884,5.133788860841077,-3.1225264240291093,平飞,无
95.2,B0200,15538.636041037127,1529.6050326183731,6105.075376500928,257.54280729287046,187.17590386947725,5.320438883027196,33.26316050542248,平飞,无
95.4,A0100,-19430.813339237076,-1430.455338951958,5886.438351305016,250.01258162350803,132.23731504600875,-0.1914418635470022,76.96524181223816,Short skate返航,东向返航
95.4,A0200,-21568.533434919325,1799.4015743980945,6047.499272359142,173.0768107101843,235.0026935115772,2.796367687254407,-75.05786001247745,Short skate返航,西向返航
95.4,B0100,13923.43295154854,772.2249741855421,6068.786412986559,278.3577908212266,184.53990843480045,0.7001600668589139,2.4534657290651536,平飞,无
95.4,B0200,15487.25163032965,1526.8482148836788,6104.583096778784,257.17927701587456,186.17388589802783,4.219875021866654,22.771178032383023,平飞,无
95.6,A0100,-19457.36182652365,-1388.290807287537,5883.50455502512,249.01064354860983,135.00500447674358,-0.0346629283570374,81.4534727593676,Short skate返航,南向返航
95.6,A0200,-21582.631272619816,1767.9453413948013,6046.343534379296,171.88090770150677,232.8246075818991,2.756425985109557,-80.44536230829476,Short skate返航,西向返航
95.6,B0100,13867.992231465134,767.468995286401,6069.637796984513,278.14286405970586,184.29172338009957,-2.709862154805514,8.441590604008523,平飞,无
95.6,B0200,15435.903974141367,1523.6118698826472,6104.789815363378,257.370302033917,184.8611340474677,1.109048115503633,11.129807310979746,平飞,无
95.8,A0100,-19485.534790422396,-1347.4883527620525,5880.546443046821,247.74816812237555,137.73246861489184,-0.1904484655288093,86.41615862028148,Short skate返航,南向返航
95.8,A0200,-21598.12505380612,1737.3931708575128,6045.137425322063,171.01118356554866,230.49693165461596,2.567887729677679,-83.1610883962617,Short skate返航,西向返航
95.8,B0100,13812.616154008929,762.7799809776434,6069.692181988011,277.52412955431413,183.8178425240709,-4.028202853832888,7.711437381899215,平飞,无
95.8,B0200,15384.536265734992,1520.2500881356805,6105.013200642122,257.4004144036197,184.6948986517544,-1.3087516858215942,5.837324671974052,平飞,无
96.0,A0100,-19515.345987159657,-1308.0835133323544,5877.418817233096,247.44723934190387,140.38705448731437,-0.7383971282689926,91.3249861035296,Short skate返航,南向返航
96.0,A0200,-21614.697564526145,1707.561437268516,6043.7682671551165,170.60527176547475,227.97797333062985,2.4447127467786625,-77.80233167958957,Short skate返航,西向返航
96.0,B0100,13757.367525243728,758.1535479288123,6069.22139365837,276.9270432692192,183.93800732603145,-1.839370093563894,1.1670967027995804,平飞,无
96.0,B0200,15333.098761884085,1516.8276414943598,6104.818656629491,258.1623686091329,185.0102435623085,0.3341165806370044,9.40234837167874,平飞,无
96.2,A0100,-19546.863374056044,-1270.142097589799,5873.969987408171,246.96044743698528,142.98119840432864,-1.264049331948444,91.21960445559576,Short skate返航,南向返航
96.2,A0200,-21632.139405007914,1678.3205304330695,6042.273822604875,170.12408537249271,225.4987732103864,2.520426213031851,-72.75143599999629,Short skate返航,西向返航
96.2,B0100,13702.217203185344,753.5577943060871,6068.8921122786105,276.46624017518667,183.8768273671312,2.5370206774969786,-4.8278365326117845,平飞,无
96.2,B0200,15281.583966288425,1513.2987623497716,6104.570026836692,258.05069398725084,184.67587589852144,1.282178114229402,7.257777276636262,平飞,无
96.4,A0100,-19580.21346336416,-1234.0040586241166,5870.22237949684,246.31906134464975,145.5251909777303,-1.6127512800855817,83.95563752272221,Short skate返航,南向返航
96.4,A0200,-21650.633525853627,1649.908293410217,6040.809898641031,169.15986286966896,223.2792629605762,2.7070258289691664,-73.90724410610981,Short skate返航,南向返航
96.4,B0100,13647.15679647987,749.0691749754128,6069.283174198183,276.014086942251,183.9000677267925,4.388368955318887,-4.563453745215299,平飞,无
96.4,B0200,15230.130645581,1509.684535144776,6104.6186879745455,257.84867308241985,184.66028519222465,1.6483898359049305,3.95868590273513,平飞,无
96.6,A0100,-19615.240779831947,-1199.6319128687692,5866.364432802791,246.0940656845397,148.18749734527978,-1.8425478143031015,81.3748640864137,Short skate返航,南向返航
96.6,A0200,-21670.350678091698,1622.5951394745534,6039.448142852861,168.03131822850506,221.1599762913851,2.7874627444567905,-79.11104340435654,Short skate返航,南向返航
96.6,B0100,13592.159014367417,744.6442858190744,6069.962882337216,275.8298683093507,184.13597490264348,0.0211290603205871,1.115794510927321,平飞,无
96.6,B0200,15178.701431496427,1505.9997516758365,6104.85181979531,257.6585491507103,184.3361560124904,2.430067005870389,2.355368117340489,平飞,无
96.8,A0100,-19651.60950933997,-1166.823226242389,5862.408808960057,245.2032535967028,150.93911566251023,-1.9543339493373575,85.60891927261788,Short skate返航,南向返航
96.8,A0200,-21691.21258882165,1596.4030498829852,6038.064976736771,167.21719281683866,218.8902542411907,2.719810713505353,-81.66924432459453,Short skate返航,南向返航
96.8,B0100,13537.188927141631,740.2397990608792,6070.223100320933,275.6345258598751,183.9774401168557,-3.442563507682184,7.206883708956619,平飞,无
96.8,B0200,15127.345004822464,1502.3020394974465,6105.4829233685405,257.27766985548215,184.02999557652723,2.714744087002485,-4.519805120033794,平飞,无
97.0,A0100,-19689.224739252404,-1135.677312088775,5858.269200459312,245.0012099303257,153.607541657772,-2.338192804993599,90.30769960748296,Short skate返航,南向返航
97.0,A0200,-21712.9548090473,1571.095372601745,6036.547947762588,166.8541193755178,216.4219150609113,2.684797968448942,-76.30887492041524,Short skate返航,南向返航
97.0,B0100,13482.289649466473,735.8956364588535,6069.6810286358095,274.97115960639314,183.5408729953825,-4.682745858258698,6.642886614783467,平飞,无
97.0,B0200,15076.045419114034,1498.6520378278956,6106.449420491509,257.16078330469884,184.0546809878539,3.196374273525685,-5.7142239227109135,平飞,无
97.2,A0100,-19728.143433891328,-1106.3004242825782,5853.81641791075,244.59712128804225,156.19724797650673,-2.7132105522194663,89.90667823589408,Short skate返航,南向返航
97.2,A0200,-21735.40290252382,1546.505717577542,6034.927739915296,166.4166596867289,213.9839438004862,2.802391907081584,-71.05968264625835,Short skate返航,南向返航
97.2,B0100,13427.529675769296,731.5965735897889,6068.778607437047,274.4763785433504,183.78577462662184,-0.4248135442538783,0.2133098500200358,平飞,无
97.2,B0200,15024.693941930002,1495.0036467748878,6107.298590777622,257.7882507172238,184.2554213156408,-0.0448658050034766,-0.9067590055807616,平飞,无
97.4,A0100,-19768.417371319003,-1079.0542506428665,5849.093059220381,244.03814249007087,158.72549274724517,-2.91984151724181,82.40871552911877,Short skate返航,南向返航
97.4,A0200,-21758.683686011493,1522.8926001897144,6033.365974884486,165.5052160142131,211.80669379884287,3.0277016703432933,-71.77080521401723,Short skate返航,南向返航
97.4,B0100,13372.834713329728,727.3116505050843,6068.195161378805,274.2471126569761,183.99130962737107,2.7246037462510304,0.627906689699976,平飞,无
97.4,B0200,14973.254377268557,1491.338786136369,6107.61701418641,257.86019809318907,184.16259138297863,-3.39220727058172,4.368628744066117,平飞,无
97.6,A0100,-19809.909089127454,-1053.8597586637188,5844.293721154756,243.8954211235224,161.36774640080927,-2.9989979548757524,79.61251004802581,Short skate返航,南向返航
97.6,A0200,-21782.90747609977,1500.5444712878343,6031.948986326187,164.42801537711827,209.7528532737249,3.223858258109802,-76.61442318702639,Short skate返航,南向返航
97.6,B0100,13318.188088471452,723.0308964656397,6068.135941197745,273.8077994916341,183.81551248593232,3.0295834197628078,0.0813849966498281,平飞,无
97.6,B0200,14921.848368491545,1487.691672134497,6107.126026453062,257.3700514101774,183.6337388243844,-5.286395965553324,3.63420184318742,平飞,无
97.8,A0100,-19852.3417942554,-1030.4440052626803,5839.433153579086,243.07654439132844,164.0960151884999,-2.962497760655669,83.68159338873687,Short skate返航,南向返航
97.8,A0200,-21808.02683157158,1479.5247845853628,6030.577561986101,163.4442545325434,207.55767742310456,3.188925948802316,-83.18069865479072,Short skate返航,南向返航
97.8,B0100,13263.63214447931,718.786082814453,6068.600189587272,273.53364897311366,184.0292774260672,0.9937871233671828,0.2620954841889035,平飞,无
97.8,B0200,14870.546538636125,1484.0788873693846,6106.098703702103,257.2508437726053,183.9008544279492,-2.1275124111698416,2.879277836382962,平飞,无
98.0,A0100,-19895.5176210172,-1008.9134477424404,5834.443148018974,241.99935744283997,166.77279198006443,-3.194351851951443,88.2188374513869,Short skate返航,南向返航
98.0,A0200,-21833.93855029975,1459.782093521013,6029.086494645856,162.76240587513365,205.13365110925704,2.8977056671662798,-85.67424981214155,Short skate返航,南向返航
98.0,B0100,13209.091287023371,714.5498808597686,6068.826690568118,273.48741307666165,183.9414474073141,-2.435434445786625,6.014400102067108,平飞,无
98.0,B0200,14819.213528807311,1480.4409866814972,6104.974874864521,257.3739824339357,183.887310871662,2.2546985233398478,2.198477461071811,平飞,无
98.2,A0100,-19939.447985658688,-989.389606280938,5829.209214184856,241.57335966428727,169.34062551010712,-3.4273525944221177,87.57914744750434,Short skate返航,南向返航
98.2,A0200,-21860.45732446551,1441.037967760121,6027.386704869125,162.4990632675456,202.5223933697635,2.608915513383592,-79.7943978087754,Short skate返航,南向返航
98.2,B0100,13154.604205264328,710.3497423686117,6068.422396268363,272.86878892155005,183.505244815107,-3.991493862975404,5.5701605252954405,平飞,无
98.2,B0200,14767.893429087297,1476.7839408324726,6104.550570756827,257.19232077441654,184.10499486767628,4.88450422227415,1.7621782148702798,平飞,无
98.4,A0100,-19984.22253301808,-972.3086258950652,5823.807718202159,240.6794496807896,171.7635643363068,-3.324982431382318,77.40791063433095,Short skate返航,南向返航
98.4,A0200,-21887.452885145307,1423.0708873642798,6025.513817706359,162.30434094663838,200.00282146483215,2.624244937901863,-70.94961118986333,Short skate返航,南向返航
98.4,B0100,13100.254394009884,706.1857704467434,6067.772050387887,272.3531768427725,183.6614112476057,0.2364358635470959,-0.7631046481623465,平飞,无
98.4,B0200,14716.604450634812,1473.0839196883644,6104.733086946335,257.0084868068029,184.1158549697013,4.611246672068954,6.882664461331743,平飞,无
98.6,A0100,-20029.769370111437,-957.9382516200994,5818.672861556584,239.7765688820174,174.01786524106743,-2.401302777752975,60.51256913100461,Short skate返航,南向返航
98.6,A0200,-21914.923122317443,1405.9643221517308,6023.60577484997,161.80469996242687,197.8506528133029,3.036958421922415,-64.98368583636473,Short skate返航,南向返航
98.6,B0100,13045.926107064022,702.0453771009211,6067.521386175374,272.6228305428311,183.81474520784923,3.4407979035451937,-0.413918394200718,平飞,无
98.6,B0200,14665.364732075355,1469.3195577957415,6105.255471093166,256.7318761515554,183.3663039115781,1.13450489028783,6.592281369291977,平飞,无
98.8,A0100,-20075.9261931131,-945.9237346416994,5814.40108704071,239.1856142522421,175.652123553454,-0.5577407602412101,40.07092319206299,Short skate返航,南向返航
98.8,A0200,-21942.92102382741,1390.007586243306,6021.881547200265,160.8909326508408,196.02876262615789,3.6273180427889993,-65.94959185043186,Short skate返航,南向返航
98.8,B0100,12991.58427548546,697.9156902883742,6067.832786253951,272.2993706719775,183.76657425461045,3.672945356785597,2.4016270063787544,平飞,无
98.8,B0200,14614.19233165109,1465.5594460466757,6105.819007031182,256.4792222795594,183.25768936497664,-2.3574573171925666,4.404643937084144,平飞,无
99.0,A0100,-20122.491734015355,-935.557050068046,5811.436006013693,238.86282776418955,176.3853782080927,2.1707598871452447,18.38762019461824,Short skate返航,南向返航
99.0,A0200,-21971.44549742162,1375.4042272337774,6020.422622761331,159.93685948508755,194.2388094972225,4.146142550774346,-71.26056554571618,Short skate返航,南向返航
99.0,B0100,12937.304771227067,693.788536201113,6068.558268100169,272.15962245462794,183.77392112592196,1.6379763653004666,5.898051972368089,平飞,无
99.0,B0200,14563.064320260528,1461.835621736608,6105.763279972921,256.0415850254004,182.89580888104788,-4.497017331047747,4.38057890570229,平飞,无
99.2,A0100,-20169.211699363288,-926.0762908223704,5809.912177052266,238.13319342427775,176.37690910380056,5.525981859461733,3.687552339946643,Short skate返航,南向返航
99.2,A0200,-22000.42781802969,1362.1291138896595,6019.105484443493,159.2030974067104,192.2507598900863,4.538196639062521,-74.27076864951431,Short skate返航,南向返航
99.2,B0100,12883.053944278468,689.6601722037481,6069.147589752056,271.8283600112965,183.1932973481649,-1.797557990229843,5.841478709959695,平飞,无
99.2,B0200,14512.032322450024,1458.177802227836,6105.121215548586,255.76230802223853,183.1633807222916,-3.926170093851844,4.779490387280027,平飞,无
99.4,A0100,-20215.91079808523,-916.9968559958544,5809.481927339336,237.67890470893715,175.82007854510033,8.19626449347612,3.4350654900279505,Short skate返航,南向返航
99.4,A0200,-22029.76661706321,1349.9313569987462,6017.794155494968,158.87631455762312,190.05359115451836,4.959764192933858,-69.59581394466069,Short skate返航,南向返航
99.4,B0100,12828.90790183936,685.5867497455542,6069.35502025086,271.13866043178933,183.0160557565402,-3.501145569132169,-0.1715261369236256,平飞,无
99.4,B0200,14461.03920800644,1454.542332519586,6104.00758200555,255.50551547965503,183.23264392227472,-1.1289589272076688,5.082825304438964,平飞,无
99.6,A0100,-20262.558246682845,-908.2091161233602,5809.916600348298,236.9338555232827,174.69969029670477,8.113490658243382,1.4477883959105595,Short skate返航,南向返航
99.6,A0200,-22059.378276563544,1338.5327337541494,6016.454621713697,158.6864433454806,187.88852627811957,5.578211288683052,-61.78823706377297,Short skate返航,南向返航
99.6,B0100,12774.891532481528,681.5800891126391,6069.254758197514,270.5695638670448,182.914515134462,-0.2130384154695361,-5.845722545536605,平飞,无
99.6,B0200,14410.09661257013,1450.894954874684,6103.160161408429,255.3627237190446,183.7218927652215,2.310486884875261,5.276902851915503,平飞,无
99.8,A0100,-20309.098638473897,-899.6121845705893,5811.09112841435,236.66617509812076,173.9687962828435,4.759485571992513,-2.456486709757903,Short skate返航,南向返航
99.8,A0200,-22089.228662799334,1327.911414836448,6015.174401321667,158.41153895119947,186.0862387410397,6.507295032174612,-54.00091769401003,Short skate返航,南向返航
99.8,B0100,12720.898354104227,677.681075347426,6069.430694969277,270.87370696877446,182.85594237047476,3.106233137513914,-4.915589474854373,平飞,无
99.8,B0200,14359.178947882066,1447.189406106976,6102.703046271738,255.0906211043484,183.54620256852056,2.9209555794934543,5.281254822529626,平飞,无
100.0,A0100,-20355.684369571663,-891.1432899008723,5812.148846450932,236.9487085556168,173.7141289645594,1.3097971312184378,-0.2988552117857503,Short skate返航,南向返航
100.0,A0200,-22119.27602908608,1318.0267379394809,6014.034418520262,158.11179492782256,184.72111659138864,7.722380394615679,-47.54711547930447,Short skate返航,南向返航
100.0,B0100,12666.889896145069,673.8843909430434,6070.083891219198,270.4534747587856,182.69531872693491,3.5283783212714352,-4.893604409919906,平飞,无
100.0,B0200,14308.346855951226,1443.4549667909278,6102.860804997717,254.61727154456707,183.3683469677505,3.0937484662913417,-0.6195368913424854,平飞,无
100.2,A0100,-20402.358222392664,-882.7964026469781,5812.600685316828,237.2049964399246,173.34326555871584,-2.0733616736365765,2.5210227324788907,Short skate返航,南向返航
100.2,A0200,-22149.476077797357,1308.7969023590977,6013.070676778465,157.8445283813012,183.75528425607297,9.143122132975332,-41.71026790555783,Short skate返航,南向返航
100.2,B0100,12612.978414783902,670.2167378806084,6071.239095586773,270.14480315771624,183.1247166684988,1.610046550857558,-4.3662997276840105,平飞,无
100.2,B0200,14257.60756250246,1439.7683035323903,6103.6097630495005,254.1336237721644,183.2549728523148,3.4374663792073896,-6.877970403203722,平飞,无
100.4,A0100,-20449.0908953892,-874.537034205814,5812.119178356788,237.3921075823648,172.87892586125616,-5.165304145792375,5.254276303467653,Short skate返航,南向返航
100.4,A0200,-22179.79039383551,1300.126270445291,6012.291772404528,157.54192381083857,183.14307751672845,10.680000036184518,-35.56832637032898,Short skate返航,南向返航
100.4,B0100,12559.083317460025,666.580315252982,6072.1559677204,270.0740771270359,183.3477222832557,-1.7955150926801458,1.662814440252507,平飞,无
100.4,B0200,14206.935896875571,1436.170617529118,6104.586518708602,254.1005669248868,183.89427958837177,0.2716076745706764,-7.5968828682597085,平飞,无
100.6,A0100,-20495.832612240632,-866.317532038358,5810.480868656539,237.45016827317295,172.4695726907254,-7.136103855591939,7.89160140397516,Short skate返航,南向返航
100.6,A0200,-22210.183492146665,1291.974784144439,6011.764040856202,157.1691011562629,182.86126675168407,12.240631170242468,-29.891800356518523,Short skate返航,南向返航
100.6,B0100,12505.239813163756,662.9674479884611,6072.446172531553,269.455439748384,183.0397067269126,-3.4768377226883325,1.6115107423124118,平飞,无
100.6,B0200,14156.1972453467,1432.5530825935912,6105.095853000475,254.55667432098025,184.22384738353492,-2.1309660538451376,-2.272399231816888,平飞,无
100.8,A0100,-20542.53243963257,-858.1364995258136,5807.887279827337,237.4700994675396,172.8392876344078,-3.829470185359352,10.5761814623641,Short skate返航,南向返航
100.8,A0200,-22240.62133584668,1284.2989679719904,6011.550173922307,156.741510007542,182.8598101318344,13.790038819908446,-25.106636222687097,Short skate返航,南向返航
100.8,B0100,12451.504253307849,659.397630475682,6072.315532651875,269.24081462352154,183.2717258712105,-1.0864955957499272,1.970958305985044,平飞,无
100.8,B0200,14105.394824288143,1428.9186046622876,6105.108715830946,254.84035868953404,184.1852167405197,-0.2999504871092215,3.118026386712857,平飞,无
101.0,A0100,-20589.271088393853,-850.103908756133,5805.202304790461,237.37655599086443,173.58239877284564,2.583762488505309,8.056309625130373,Short skate返航,南向返航
101.0,A0200,-22271.06917690956,1277.046771245603,6011.68832708407,156.24510933292788,183.23831996779455,14.910202040052274,-21.16059776946778,Short skate返航,南向返航
101.0,B0100,12397.796406711228,655.8283212813049,6072.086598376587,268.90994922472464,183.21326897504525,2.1189692874391914,1.6058978104644863,平飞,无
101.0,B0200,14054.558215571253,1425.2636662970467,6105.074902461898,254.665172129428,184.04765265245285,2.79419873357979,2.5111730690427545,平飞,无
101.2,A0100,-20636.016198345475,-842.3324445193393,5803.447343749089,236.8609214349116,174.06941110294397,7.206856792711981,5.538583329647381,Short skate返航,南向返航
101.2,A0200,-22301.499940040783,1270.1312739047537,6012.124282140934,155.9294375361757,184.42767306926692,13.959164610259098,-17.420185542183496,Short skate返航,南向返航
101.2,B0100,12344.192425988726,652.2772283828672,6072.546325018924,268.3054605825453,183.111019311314,4.555187000800251,-4.493997763176055,平飞,无
101.2,B0200,14003.79683188248,1421.587700463961,6105.65373266232,254.35289352752457,184.26579412495735,5.477925569213186,1.945672569744664,平飞,无
101.4,A0100,-20682.704020257894,-834.822722459312,5802.8111763763945,235.9013544354873,173.92241195815942,9.653240502983577,4.1523464377641055,Short skate返航,南向返航
101.4,A0200,-22331.952590525856,1263.4459588892278,6012.740726561473,155.95644753717153,185.90956042965828,11.639512625802473,-13.257814352906289,Short skate返航,南向返航
101.4,B0100,12290.69374767333,648.8100579464472,6073.620644809895,268.04386786267344,183.46750012375864,2.471794365568488,-4.919709348323005,平飞,无
101.4,B0200,13953.099373337767,1417.8762267734828,6106.6168026365485,254.08825926162535,184.00418886610444,2.641283678674354,4.450247222263143,平飞,无
101.6,A0100,-20729.188389195024,-827.5083833521021,5803.430654420113,234.8735333499002,173.42414835015606,6.585245002493171,-4.799144045970017,Short skate返航,南向返航
101.6,A0200,-22362.460164398155,1256.897437378826,6013.399103211345,156.13843511594732,187.28902755873384,8.683394677043514,-9.175186067073406,Short skate返航,南向返航
101.6,B0100,12237.200683923556,645.3558683310707,6074.538844650986,268.0614002294986,183.67838981293744,-1.112370151476482,0.4197513207318725,平飞,无
101.6,B0200,13902.4595932276,1414.1500400132368,6107.655764486317,253.72770169121225,183.46642041376768,-1.0631690176456765,1.551741609014997,平飞,无
101.8,A0100,-20775.548166300843,-820.2231213766627,5804.648759138772,234.7095772168636,173.72010775623195,2.8402212466050973,-9.998442400376756,Short skate返航,南向返航
101.8,A0200,-22393.02942057548,1250.4341573189904,6014.02278480704,156.40468581329696,188.4120159301284,5.422828891343302,-5.990727746874168,Short skate返航,南向返航
101.8,B0100,12183.711155948033,641.9036417970979,6074.775704712285,267.9438596826592,183.51416333020924,-4.147209984213603,5.993286229050814,平飞,无
101.8,B0200,13851.888709197996,1410.4582001058525,6108.311654509688,253.42004577534163,183.62921159903172,-3.3194017150236204,1.1860001043210209,平飞,无
102.0,A0100,-20821.95969302843,-813.0317974179379,5805.488502904968,234.9940168887506,174.17228644598416,-0.5716973991827348,-7.455839633349981,Short skate返航,南向返航
102.0,A0200,-22423.670229462703,1244.011246670534,6014.467490883188,156.6749402285982,189.2175674027948,2.075582184993977,-3.778596997992594,Short skate返航,南向返航
102.0,B0100,12130.279019733784,638.4983737703365,6074.073177374336,267.4306552960033,182.9959726486281,-5.707651850597999,4.997366645342132,平飞,无
102.0,B0200,13801.37083751263,1406.7783791335391,6108.362453333792,253.06771774192555,183.4986157273116,-0.6694924732957725,1.1776555473400891,平飞,无
102.2,A0100,-20868.463623640306,-805.9863737742762,5805.423192375678,235.47113952905548,174.4862981900682,-3.727533737670382,-0.6753395876967979,Short skate返航,南向返航
102.2,A0200,-22454.36779519404,1237.6124151797176,6014.663902809048,156.88903152850773,189.69507963859903,-1.2971594296138456,-4.882113423613659,Short skate返航,南向返航
102.2,B0100,12076.95496937556,635.1506170070184,6072.610691745176,267.15995937324817,183.2457616863586,-4.262053933766605,4.576659811574185,平飞,无
102.2,B0200,13750.908464462336,1403.1259120583172,6108.526831371682,252.95542413698595,183.7252735680178,2.835177650513718,1.1175901054539847,平飞,无
102.4,A0100,-20915.09193947219,-799.0374538375218,5803.914917152175,236.1737693249857,174.46079063478018,-5.71393018898922,13.16547448777232,Short skate返航,南向返航
102.4,A0200,-22485.09944196622,1231.245526720686,6014.589205259247,156.9372781711407,190.08903937594883,-4.539583276980689,-10.928223495576168,Short skate返航,南向返航
102.4,B0100,12023.668500207365,631.7952001666044,6070.806260243913,266.9777496407265,183.38132681414191,0.1226191964018076,3.8188893735466847,平飞,无
102.4,B0200,13700.469706584638,1399.4667781141584,6108.992044790912,252.6764735471509,183.5286485355112,3.804920169284281,0.8747527348073575,平飞,无
102.6,A0100,-20961.78634781509,-792.0915586846531,5801.330051082607,236.5839711679521,174.84082763553997,-2.818651256874189,20.785887653995115,Short skate返航,南向返航
102.6,A0200,-22515.836520100707,1224.9212239039662,6014.137358625311,156.9031189921135,190.7953356266158,-7.029034152085634,-17.071786088401446,Short skate返航,南向返航
102.6,B0100,11970.438642686418,628.4094084517096,6069.647307339874,266.49903497854035,183.3826085732806,3.846696098914913,-2.562215867242855,平飞,无
102.6,B0200,13650.108550943787,1395.8350491939264,6109.900327914802,252.44203472723848,183.7173456444744,2.184531385922328,0.6127829403923027,平飞,无
102.8,A0100,-21008.55410958918,-785.3774876901334,5798.8133235650985,236.42180187718708,175.77947262504662,2.172245326007798,11.435182071267343,Short skate返航,南向返航
102.8,A0200,-22546.555298116906,1218.597352470793,6013.14604281659,156.93744624506462,191.05241670970247,-6.755150677710986,-18.339937890780767,Short skate返航,南向返航
102.8,B0100,11917.290028734633,625.0742753629565,6069.466870345381,266.0761485427313,183.41324727919448,5.419698545045009,-3.2192955338607883,平飞,无
102.8,B0200,13599.74242221393,1392.2035050712802,6110.616283633539,252.5561518625149,183.66155250500915,-1.1861669144095357,6.044272258815275,平飞,无
103.0,A0100,-21055.325703226936,-779.0191493499369,5797.26287550408,235.91056225033128,176.23764726883326,6.482465233799282,2.826171131725973,Short skate返航,南向返航
103.0,A0200,-22577.289140701385,1212.2649582206832,6011.667618818824,157.23528973256313,190.22420466398844,-3.350769959996267,-17.80546814478482,Short skate返航,南向返航
103.0,B0100,11864.194085636322,621.7678344899696,6069.753376406051,265.96665378655763,183.50225380668124,1.3408879294987452,1.8610671213313368,平飞,无
103.0,B0200,13549.389995567706,1388.5936416500035,6110.802013509339,252.13924433099,183.09866874632203,-3.4811145640886827,6.298503321120514,平飞,无
103.2,A0100,-21102.056434456543,-772.8975750969785,5796.701502298044,235.3276094676105,176.2705961853501,9.30133826740603,5.777476142931329,Short skate返航,南向返航
103.2,A0200,-22608.101706640817,1205.9942666147072,6009.972939470668,157.6673716188534,188.81030828496756,1.7785199326168966,-16.083426799511397,Short skate返航,南向返航
103.2,B0100,11811.10207863479,618.4567195721656,6069.849073640785,265.9778881665953,183.25892160276027,-2.3687023948945605,7.453080503416989,平飞,无
103.2,B0200,13499.1438842846,1385.030722811753,6110.612125135041,251.6041159227125,183.02386618074925,-2.298219294280475,0.1973749907551902,平飞,无
103.4,A0100,-21148.666031761957,-767.0135589296478,5797.052821199875,234.5222408859988,175.48997721768515,6.696495146702916,5.365066922494872,Short skate返航,南向返航
103.4,A0200,-22639.018241615733,1199.8547263980508,6008.344263341182,157.90536207584438,187.53670738571623,6.758351838606899,-13.320532733079942,Short skate返航,南向返航
103.4,B0100,11758.046678042434,615.1735541676107,6069.331992759267,265.51720646782513,182.63376467017497,-4.297121702599308,6.97157783552944,平飞,无
103.4,B0200,13448.907951924435,1381.4996087509612,6110.330196436248,252.13782571725025,183.2752257256884,1.502563291316593,0.0778675468333259,平飞,无
103.6,A0100,-21195.16555775415,-761.287643607684,5798.071004113547,234.2350663653992,175.02142937202328,2.968883371648891,-0.1899604689136166,Short skate返航,南向返航
103.6,A0200,-22670.003745705504,1193.897620820011,6007.046714229723,157.84713773793436,186.7246267358113,10.61874474688714,-10.533386366895572,Short skate返航,南向返航
103.6,B0100,11705.104213425542,611.9391459723365,6068.359046463982,264.98262141957895,182.5456527095242,-2.975079096553335,0.488822337627599,平飞,无
103.6,B0200,13398.609961413158,1377.9757555831748,6110.273572533745,251.8964470766759,183.12721324124405,4.276998771290446,0.1346190472640002,平飞,无
103.8,A0100,-21241.686072462613,-755.6303640454207,5798.872222663903,234.521471862824,175.06470919199467,-0.4964541659892225,-0.2230837774005215,Short skate返航,南向返航
103.8,A0200,-22701.00656555669,1188.132804963849,6006.243125183595,157.5751435881872,186.31882973272863,13.49029143074535,-8.204471747244854,Short skate返航,南向返航
103.8,B0100,11652.17887309976,608.7340449618337,6067.325315659348,265.4572555189082,182.77370509547825,1.0599836767979331,0.7045594716003978,平飞,无
103.8,B0200,13348.418691429968,1374.510967420184,6111.098222682676,251.254448874974,182.9289170537517,6.669801460210992,-5.7197169223858415,平飞,无
104.0,A0100,-21288.298436140627,-750.0305774908356,5798.774695640507,235.0723164819381,175.1002076631048,-3.723817646471703,6.720903009214586,Short skate返航,南向返航
104.0,A0200,-22731.97501096286,1182.552035310577,6006.048592170432,157.05848741600667,186.1607963576824,15.68435528214363,-7.473516445256722,Short skate返航,南向返航
104.0,B0100,11599.206050427883,605.5327643020191,6066.640759142045,265.0986949333571,182.65884138742015,3.53908451531932,0.5000320239963769,平飞,无
104.0,B0200,13298.345037459309,1371.1710943312496,6112.668942458646,250.99922537460785,183.34837754224176,4.706431564572289,-6.638627600424207,平飞,无
104.2,A0100,-21335.011940468183,-744.4011486336804,5797.335341177784,235.5461858204475,174.50909248486136,-5.682231159572999,12.101106582988246,Short skate返航,南向返航
104.2,A0200,-22762.848490734174,1177.1600342838829,6006.553748113141,156.37707817478704,186.13925217206253,16.989181652363264,-8.6702738176062,Short skate返航,南向返航
104.2,B0100,11546.331670756252,602.3651092284713,6066.868164628751,264.6547874600984,182.87000089250915,5.566256459013676,0.6532151824618002,平飞,无
104.2,B0200,13248.28263461669,1367.8728330739182,6114.301186287263,250.8923010743906,183.42401638897516,1.234858955182392,-7.172203692426305,平飞,无
104.4,A0100,-21381.7401265092,-738.7295307976256,5795.003493459405,235.8387304313219,175.09035804111883,-2.572309246455585,12.066436712193982,Short skate返航,南向返航
104.4,A0200,-22793.606501397204,1171.949852527603,6007.641779183442,155.83885618012997,186.43880486696972,15.83373230911652,-10.110181519693782,Short skate返航,南向返航
104.4,B0200,13198.254754466736,1364.6179280162846,6115.697925130438,250.72192692686735,183.9698768030247,-2.1228483630954638,-7.634127719689757,平飞,无
104.6,A0100,-21428.543807913964,-733.1801275287635,5792.534412824382,236.0598249991146,176.37419684003223,2.9209870790386643,15.76256459086252,Short skate返航,南向返航
104.6,A0200,-22824.304695710744,1166.8921173962535,6009.109632676272,155.70253623964723,186.98291327979368,13.150263006589576,-10.095280048275438,Short skate返航,南向返航
104.6,B0200,13148.167174132112,1361.290944376121,6116.127735504085,251.39157420593432,184.5803255686392,-4.173412516985879,1.9887406405419712,平飞,无
104.8,A0100,-21475.39454401256,-727.9940386628132,5790.801357934494,235.4598216121285,177.31501735461003,7.248882628539228,14.896010989988572,Short skate返航,南向返航
104.8,A0200,-22855.015192145955,1161.9247135153164,6010.68700372051,155.81582476095795,187.5802641912924,9.91378791023088,-7.831650316380105,Short skate返航,南向返航
104.8,B0200,13097.89610687211,1357.9271725717235,6115.314711631732,252.55889780998797,185.09230636181903,-2.5372805099782108,19.49430653891732,平飞,无
105.0,A0100,-21522.121234336595,-723.3135164219602,5790.536659726216,234.15090977096472,177.5784361048954,9.4545805278409,6.250758211178279,Short skate返航,南向返航
105.0,A0200,-22885.772416955653,1156.999084621315,6012.197803360682,156.06006216338264,188.0668125937528,6.519102323466384,-4.442473676581842,Short skate返航,南向返航
105.0,B0200,13047.371965523038,1354.5680471044811,6113.818199413093,253.98058127092003,186.7178368457364,0.4160450336235984,36.76989466218209,平飞,无
105.2,A0100,-21568.62749073445,-718.9110607989041,5791.545812907275,233.2541873988944,177.130530395448,6.404583635567995,-3.7355655066719966,Short skate返航,南向返航
105.2,A0200,-22916.59815353825,1152.0806501804782,6013.470146241795,156.3646506141932,188.35747013490408,3.113937598394801,-0.4955886247034561,Short skate返航,南向返航
105.2,B0200,12996.68172332783,1350.8518935050447,6112.307169747901,254.30661928291903,190.4736855126952,4.134280573541432,54.56511612384427,平飞,无
105.4,A0100,-21615.023886921022,-714.5579867270499,5793.041778159146,233.12287945900331,177.36617871535427,2.730887898826596,-9.02673455479533,Short skate返航,南向返航
105.4,A0200,-22947.497468591468,1147.1530428491824,6014.368804375471,156.63369896244026,188.31780664137,-0.2578520862640698,1.2964763213532342,Short skate返航,南向返航
105.4,B0200,12946.101501549509,1346.146309173656,6111.170309910377,253.67183619660133,193.9157979031936,5.86198970513082,67.16875983100478,平飞,无
105.6,A0100,-21661.473607735606,-710.3108221557213,5794.091147285844,233.3973458249399,177.7651588906415,-0.6645207287710441,-6.48736909126732,Short skate返航,南向返航
105.6,A0200,-22978.436456886284,1142.2241215613976,6014.885561280696,156.65982698569346,188.09893716056567,-3.455285196396872,-2.365653544790125,Short skate返航,南向返航
105.6,B0200,12895.884927727777,1339.799879029565,6110.52045772824,252.54862711209404,197.18235481827315,6.310517329535379,74.01619282797314,平飞,无
105.8,A0100,-21707.98450835725,-706.2078111510746,5794.284883805973,233.52053446311345,177.8909241690573,-3.7998687162797142,-2.9632259552706373,Short skate返航,南向返航
105.8,A0200,-23009.371340428283,1137.3157961404668,6015.022713172565,156.53511740375944,188.0453767801868,-5.987800716561988,-10.628119153117131,Short skate返航,南向返航
105.8,B0200,12846.170689626171,1331.600995767783,6110.198654542315,251.34109936948724,200.38585838612164,6.139027019492194,80.6840862877409,平飞,无
106.0,A0100,-21754.51664142338,-702.2313285639793,5793.398019061824,233.6011342857285,177.80207651756683,-6.29698540977754,0.4661439761363476,Short skate返航,南向返航
106.0,A0200,-23040.27594863121,1132.4506481543797,6014.744014033057,156.39169806515343,187.97271090256424,-5.717377715538981,-18.598124997813027,Short skate返航,南向返航
106.0,B0200,12797.062093777517,1321.4804743150112,6110.0018825462175,250.10227875584448,203.4778614314077,5.488769127384202,87.24720542087316,平飞,无
106.2,A0100,-21801.03448535008,-698.3422093083245,5791.338874649962,233.62783398980133,177.61448226875532,-7.324202805022259,3.768657437871384,Short skate返航,南向返航
106.2,A0200,-23071.188833196986,1127.627284650902,6014.080966100533,156.6039189236457,187.18169073842924,-2.298245211891537,-20.90705383433456,Short skate返航,南向返航
106.2,B0200,12748.647285818246,1309.4262138971703,6109.712104671482,248.8740878832997,206.4381424015868,4.397682328398212,93.71110533330244,平飞,无
106.4,A0100,-21847.516148510447,-694.5164510906816,5788.411643421974,233.7812020319791,177.8051285594208,-3.657295697048248,7.011334996102434,Short skate返航,南向返航
106.4,A0200,-23102.17598460779,1122.8708680431318,6013.169901433355,157.02786197033768,185.6489809296869,2.7869402133227155,-20.342321240370044,Short skate返航,南向返航
106.4,B0200,12701.003091186049,1295.4656417142633,6109.106037387091,247.6811867040021,209.2402979764969,2.9076124234492378,100.1271515033094,平飞,无
106.6,A0100,-21894.04256283469,-690.8098243446348,5785.406181299813,233.79148008259952,178.01439803338323,1.561259598500104,4.77200691597749,Short skate返航,南向返航
106.6,A0200,-23133.25726463848,1118.2715723879555,6012.286408793853,157.24081704238628,184.13720573784732,7.74460651291582,-17.98737710858602,Short skate返航,南向返航
106.6,B0200,12654.194696858438,1279.6609915331314,6107.9626531641325,246.5445644529281,211.85799589513013,1.0569952722233835,106.48200157641364,平飞,无
106.8,A0100,-21940.57849948543,-687.2497534345057,5783.223842746734,233.4504959362209,177.95348637082645,5.722213344996968,-2.5678688161818504,Short skate返航,南向返航
106.8,A0200,-23164.39043136422,1113.9050641639606,6011.706205754347,157.14607310742136,183.054891496852,11.586405612184842,-15.165358001636418,Short skate返航,南向返航
106.8,B0200,12608.251277923286,1261.9841604038002,6106.052228158347,246.09467214569264,214.3389601129672,-0.7636842785062401,108.3362254799203,平飞,无
107.0,A0100,-21987.072736808088,-683.744256464226,5781.988165680491,232.97265133242263,177.7679242447803,8.017865216967426,-2.6204563493369064,Short skate返航,南向返航
107.0,A0200,-23195.52561288979,1109.7871888894388,6011.571769999041,156.92366955054615,182.42908986892664,14.454518026934489,-11.570200641469354,Short skate返航,南向返航
107.0,B0200,12563.3674062605,1242.1611526182187,6103.2202429151785,245.49238849847305,216.76523412583717,-2.3324723437682464,102.5406585606454,平飞,无
107.2,A0100,-22033.47948298269,-680.2891406296276,5781.478238953272,232.46627550019224,177.59602306411605,5.130171767964871,-0.2495660548915859,Short skate返航,南向返航
107.2,A0200,-23226.628729816977,1105.8778052421949,6011.885936252067,156.5310609087027,182.30361383203075,16.267732992722554,-6.949298011815988,Short skate返航,南向返航
107.2,B0200,12519.64418744525,1220.2303601973313,6099.608880591046,245.05309672791267,219.3321175499435,-3.43771253355017,95.01720108054155,平飞,无
107.4,A0100,-22079.84900801556,-676.8900438008895,5781.332674974158,232.56597551049,177.51536637743592,1.461493421137182,2.031477370404178,Short skate返航,南向返航
107.4,A0200,-23257.65324124748,1102.1217242460589,6012.622403433547,156.0932060174188,182.68404989930272,15.471854363406573,-4.461061343320727,Short skate返航,南向返航
107.4,B0200,12477.15538032211,1196.249735251834,6095.457548087419,244.65556203552003,221.9990384184992,-3.917880940870947,87.0453197113735,平飞,无
107.6,A0100,-22126.267500297447,-673.547671737846,5780.877222484676,232.8668575553772,177.28592783217178,-1.9818786897188676,6.331355912887828,Short skate返航,南向返航
107.6,A0200,-23288.60717655532,1098.4817317250308,6013.765613824627,155.84498952997447,183.26348856647527,12.909711869917492,-5.410804805010244,Short skate返航,南向返航
107.6,B0200,12435.969343351268,1170.282036736619,6091.034630878699,244.29141044845431,224.67376758313645,-3.7835723480319534,78.83577414273267,平飞,无
107.8,A0100,-22172.71858712385,-670.2479439995604,5779.866444135625,232.79423787641957,176.57631883507386,-4.372773824071341,5.786508176474773,Short skate返航,南向返航
107.8,A0200,-23319.55013282648,1094.929914451186,6015.104303220165,155.96218066972864,183.94162808029444,9.68730923978423,-6.029265586776113,Short skate返航,南向返航
107.8,B0200,12396.120128050889,1142.5297541837676,6086.594525230701,243.3704936922945,227.4058112550303,-3.420208004816712,75.88535061718804,平飞,无
108.0,A0100,-22219.1146193834,-666.9683356063197,5778.457901706392,232.63404602428983,176.6946282873884,-3.372615913149493,3.957029080217928,Short skate返航,南向返航
108.0,A0200,-23350.54800319917,1091.4248844345875,6016.354369882257,156.25866233895118,184.5805508577517,6.312994245376171,-4.426987721077643,Short skate返航,南向返航
108.0,B0200,12357.530430183746,1113.3563750027288,6082.160847235476,242.40309768274585,230.15007976895475,-2.9869561966233253,79.86341765304725,平飞,无
108.2,A0100,-22265.52365656218,-663.727283807084,5776.702125341233,232.88976840394324,177.21077593351524,0.6368564425471901,7.842265882563976,Short skate返航,南向返航
108.2,A0200,-23381.622444440934,1087.938484441267,6017.354061113185,156.60140837040274,185.0493995156866,2.926570110453135,-1.4493553869038254,Short skate返航,南向返航
108.2,B0200,12320.3175338498,1082.7833021087076,6077.682349162884,241.31878084433475,232.78811057552608,-2.8668370851828078,84.4568169816856,平飞,无
108.4,A0100,-22311.9631560899,-660.6015848852676,5775.191429363626,232.6882074697824,177.45378198049843,3.865085183337668,6.891158951749857,Short skate返航,南向返航
108.4,A0200,-23412.772306053223,1084.4540266490003,6017.981362468393,156.86938366570766,185.19109818134552,-0.4419148333249313,-0.2509298545165752,Short skate返航,南向返航
108.4,B0200,12284.574939720856,1050.8510494778398,6073.0513836050495,240.244527203888,235.3754810499295,-3.138834210255145,88.8619861050982,平飞,无
108.6,A0100,-22358.34049792136,-657.6211551882461,5774.573305552268,232.11534028581,177.37271273132825,5.364013639882272,-2.7260379839307785,Short skate返航,南向返航
108.6,A0200,-23443.96105104885,1080.976901816617,6018.229877152015,156.92674810009302,185.1500855955779,-3.670978377609727,-4.391063769414974,Short skate返航,南向返航
108.6,B0200,12250.38157400016,1017.5120856648388,6068.1500058638085,239.8265647252844,237.86970344035527,-3.411904266146731,88.19154943990738,平飞,无
108.8,A0100,-22404.62617029048,-654.6456716643552,5774.765649691977,231.7919066772675,177.51352448235366,5.277372620123843,-6.982852198620606,Short skate返航,南向返航
108.8,A0200,-23475.151101634125,1077.5255704673782,6018.070040086721,156.9050272342455,185.46625358092567,-6.574100523302216,-9.019038675143612,Short skate返航,南向返航
108.8,B0200,12218.011272724829,982.5760300699984,6063.031029540076,239.29016695442417,240.27788348501983,-3.5149977494510543,80.5388333373376,平飞,无
109.0,A0100,-22450.90272045305,-651.6846998957008,5775.08660803931,231.9341025935737,177.8483238130509,2.180514811663504,-3.2564752913955077,Short skate返航,南向返航
109.0,A0200,-23506.33307955137,1074.0653889493278,6017.252719220398,156.94890556306626,186.073377234464,-8.714367547145912,-8.911645814473516,Short skate返航,南向返航
109.0,B0200,12187.437117909669,946.2575895388736,6057.889546255616,238.28189747811837,242.8284825526223,-3.472362897546795,77.36024690321973,平飞,无
109.2,A0100,-22497.21636126169,-648.7732646971926,5775.115894600774,232.12395956158625,177.9190158678643,-1.245787339313403,1.30853433559847,Short skate返航,南向返航
109.2,A0200,-23537.48734640561,1070.566869738408,6015.67392611421,156.98633974419036,186.2192956313721,-7.9811857349118975,-6.881137831323952,Short skate返航,南向返航
109.2,B0200,12158.439381596205,908.907381951638,6052.739609086362,237.3603177909799,245.457085947194,-3.305147467651842,81.10154066981106,平飞,无
109.4,A0100,-22543.559593471597,-645.9134027365162,5774.522430284625,232.22932826710388,177.64798312836376,-3.679184216531443,5.991047125738817,Short skate返航,南向返航
109.4,A0200,-23568.647789399685,1067.061510976273,6013.599345843867,157.3009916353511,185.9047337991751,-4.218169078481646,-4.934788716036017,Short skate返航,南向返航
109.4,B0200,12131.087040708207,870.587045170043,6047.521794553082,236.36566416789591,248.0123192873565,-3.377338399400008,85.37751836262616,平飞,无
109.6,A0100,-22589.90064258049,-643.0918623050875,5773.353901673654,232.06850192859056,177.27716493842908,-2.5303556752684777,5.307879780253545,Short skate返航,南向返航
109.6,A0200,-23599.87307649981,1063.5761345554074,6011.357327689499,157.67921254467078,185.4927159206937,1.1828349971515406,-3.3697118390270924,Short skate返航,南向返航
109.6,B0200,12105.433389133646,831.3674106436583,6042.133034611543,235.4086778547972,250.53396928536117,-3.781202684887926,89.31541814834114,平飞,无
109.8,A0100,-22636.209538240477,-640.3261651608973,5772.242300950927,232.0725336667185,177.6868721466983,2.1048956247512445,3.719472469669572,Short skate返航,南向返航
109.8,A0200,-23631.17241212284,1060.1250679763723,6009.310987491532,157.7996109176088,185.0692997857412,6.354901711588816,-4.300509946783714,Short skate返航,南向返航
109.8,B0200,12081.553278241268,791.2232723828006,6036.466567341713,235.10907705543315,252.97128520694596,-4.142200588484439,88.15154268339693,平飞,无
110.0,A0100,-22682.535213273568,-637.6493722440337,5771.477886065196,231.89717856774425,177.88097178481408,5.311100047801004,4.137444672695774,Short skate返航,南向返航
110.0,A0200,-23662.49652664,1056.7526027165677,6007.802663553486,157.60517593765607,184.6414518679833,10.30559110780772,-6.571996675594034,Short skate返航,南向返航
110.0,B0200,12059.76534242316,750.0324311720469,6030.581841734504,234.6694331144901,255.3176526576825,-4.294927391547107,80.1922786144323,平飞,无
110.2,A0100,-22728.770089010814,-635.0778083440255,5771.598397088409,231.10637196761704,177.75185348750037,5.999222013534614,-1.8555708795345496,Short skate返航,南向返航
110.2,A0200,-23693.802271081724,1053.4896957588137,6006.9007477893,157.2478711168199,184.254198933892,13.24158402616855,-6.211921500585129,Short skate返航,南向返航
110.2,B0200,12039.998324963351,707.9834363450336,6024.67701271937,233.75459592668216,257.8035302498706,-4.263669293149368,76.66413074513753,平飞,无
110.4,A0100,-22774.86932997187,-632.5192713975612,5772.399417994258,230.81620597418876,178.07341822036148,2.723503403313002,-5.680669137793212,Short skate返航,南向返航
110.4,A0200,-23725.04177146508,1050.34555240412,6006.66729745265,156.7105299950967,183.9235407525619,15.05242433437837,-6.074133868973355,Short skate返航,南向返航
110.4,B0200,12021.945417287554,665.3538944951306,6018.770723350219,232.9322910320162,260.3765574032211,-4.085469185419382,80.12646474187235,平飞,无
110.6,A0100,-22820.985068797218,-629.9998195328226,5772.969496879695,231.0548154010497,178.42033419922282,-0.7349882230565645,-2.1483961709305426,Short skate返航,南向返航
110.6,A0200,-23756.18034464621,1047.3156238189458,6007.023450538574,156.22395899638863,183.89125270095877,14.165314140309402,-6.138956829232263,Short skate返航,南向返航
110.6,B0200,12005.657407769397,622.2164935438254,6012.814030428808,232.03408003732304,262.87961283904264,-4.113968160727669,84.16504395961744,平飞,无
110.8,A0100,-22867.1435286422,-627.5436880239631,5772.849023476827,231.20777544300677,178.44544282106958,-3.5573742796608228,2.299747620302927,Short skate返航,南向返航
110.8,A0200,-23787.2542034553,1044.3800145618495,6007.797520650938,156.04586369311755,184.0657469447057,11.495633893306444,-6.2952006810653485,Short skate返航,南向返航
110.8,B0200,11991.165830104448,578.6493761590032,6006.716010986243,231.17691928305857,265.3567191247872,-4.448467568733983,87.77839965037985,平飞,无
111.0,A0100,-22913.30811127608,-625.1378437088024,5771.952470242002,231.0462499243238,177.9471607257277,-4.920163275312224,1.6823017451805546,Short skate返航,南向返航
111.0,A0200,-23818.32583794105,1041.5097766426734,6008.74526379486,156.1941115122815,184.3508490108161,8.202082314643341,-5.419389119092573,Short skate返航,南向返航
111.0,B0200,11978.548037527584,534.6426837900312,6000.3837359563295,230.97171807225837,267.74813474821383,-4.732415174984088,86.268888124728,平飞,无
111.2,A0100,-22959.405495880357,-622.7516664073755,5770.550607509827,230.85008143315468,177.9868058526966,-3.8783404416474734,-0.2522896728268844,Short skate返航,南向返航
111.2,A0200,-23849.454396586098,1038.6643025922313,6009.5841462907165,156.51282870195433,184.6271908271747,4.791353746123111,-2.620454027851342,Short skate返航,南向返航
111.2,B0200,11968.14544096363,490.1519600713491,5993.893099741885,230.61255933933427,270.03691366627305,-4.800201103054988,78.11013119982891,平飞,无
111.4,A0100,-23005.507282962983,-620.4049894920299,5768.714593515929,231.11532480104563,178.16568118797892,0.0417077100102344,3.608737322262924,Short skate返航,南向返航
111.4,A0200,-23880.65769223779,1035.820824689179,6010.145491370296,156.87173180619882,184.7535318542027,1.3863909869827855,1.1180678586359742,Short skate返航,南向返航
111.4,B0200,11959.842849220871,445.3351586371328,5987.441173314684,229.77568652196885,272.4579747278005,-4.6633759250236135,74.3711928546012,平飞,无
111.6,A0100,-23051.63964893325,-618.1248074776759,5767.054119956886,230.9543666014182,178.18514217138588,3.3909433638070907,3.146986196166278,Short skate返航,南向返航
111.6,A0200,-23911.93621497261,1032.9706032706035,6010.302769897844,157.1823089694933,184.57340569356427,-1.966485717496144,2.8239687463794927,Short skate返航,南向返航
111.6,B0200,11953.27203003076,400.37966553958,5981.038640027035,229.03014407521945,274.9684371683672,-4.371601334555697,77.67951716463723,平飞,无
111.8,A0100,-23097.73630852398,-615.920179723933,5766.140803192339,230.73223951874755,178.38376109651674,4.9686373527705125,2.140509473484027,Short skate返航,南向返航
111.8,A0200,-23943.25273997758,1030.1208589619473,6010.053060765278,157.2465760609283,184.2365748341331,-5.111434496410923,-0.9405275031766878,Short skate返航,南向返航
111.8,B0200,11948.468370544488,355.364505736522,5974.645524670349,228.20175598500592,277.41504559456024,-4.273305559955763,81.59958086706102,平飞,无
112.0,A0100,-23143.81671714913,-613.7949717872143,5765.799072770117,230.51091261772663,178.3927505732278,4.901358296060788,4.252813957505911,Short skate返航,南向返航
112.0,A0200,-23974.564108608334,1027.2918576240918,6009.374857185759,157.21677569661853,184.2307177470819,-7.573768594016307,-5.972223602340884,Short skate返航,南向返航
112.0,B0200,11945.44506933778,310.3690983830161,5968.179974084385,227.41508667505173,279.84811654089,-4.4685647418559125,85.0130570821634,平飞,无
112.2,A0100,-23189.84361864643,-611.7508678130926,5765.93138325942,230.1548061409163,178.0090910781832,1.6766423874613512,0.2926933780099951,Short skate返航,南向返航
112.2,A0200,-24005.85143901089,1024.475219264892,6008.118852977317,157.23958230760533,184.32429991058368,-7.188722917986359,-7.700192470344501,Short skate返航,南向返航
112.2,B0200,11944.172648614272,265.46745974007627,5961.554156786973,226.67758815993395,282.26916597422513,-4.910221196858696,87.93432364892772,平飞,无
112.4,A0100,-23235.801075166117,-609.7267749383591,5766.221088713125,229.9475465584775,178.2596109969621,-1.815294547041191,-3.3298866578422137,Short skate返航,南向返航
112.4,A0200,-24037.154002611536,1021.6621018815094,6006.353037214671,157.5715265773281,184.06567308513317,-3.5847822304318844,-7.5831330918253,Short skate返航,南向返航
112.4,B0200,11944.729363768,220.6660074768597,5954.692037177638,226.5829986037126,284.6018186622025,-5.247856713692055,85.79295179652179,平飞,无
112.6,A0100,-23281.75899993383,-607.7470908630694,5765.849173368069,230.0997344629365,178.52601036566847,-4.551488955617633,0.4362736422602231,Short skate返航,南向返航
112.6,A0200,-24068.52382726198,1018.883660574924,6004.40083319267,157.94593608632326,183.5437273779019,1.75232263918166,-6.749059450671188,Short skate返航,南向返航
112.6,B0200,11947.4674887169,176.0152148119996,5947.681782723592,226.30687967789373,286.8199227191402,-5.33084208465155,77.27343767815891,平飞,无
112.8,A0100,-23327.711768406567,-605.8140229201781,5764.614457230818,229.8489490676465,178.15125903524068,-5.704506834479456,0.209101839935423,Short skate返航,南向返航
112.8,A0200,-24099.97207654952,1016.1717500554132,6002.580847228703,158.1941722381038,183.06384781717884,6.88377907538878,-5.0741767255576455,Short skate返航,南向返航
112.8,B0200,11952.2483481859,131.63033652683043,5940.724854172679,225.54769946682555,289.163881364841,-5.1726582588708405,73.21016215960924,平飞,无
113.0,A0100,-23373.57779973242,-603.8882764315167,5762.956511666709,229.6809043694456,178.18632518366715,-2.749963676248948,-1.323144195295323,Short skate返航,南向返航
113.0,A0200,-24131.466221430685,1013.5340700325924,6001.1045481068,158.1467563098933,182.8025680764717,10.826358227977842,-2.419915384610505,Short skate返航,南向返航
113.0,B0200,11958.66561124461,87.58110014453541,5933.832907723945,224.8803504137773,291.6056375422096,-4.840697217741286,76.29262158421791,平飞,无
113.2,A0100,-23419.465930037702,-601.9867689833336,5761.073018285005,229.93624700446532,178.32666574291014,1.4579309860099363,2.759860131700122,Short skate返航,南向返航
113.2,A0200,-24162.944718657556,1010.9606250145824,6000.177189139179,157.77596660041954,182.75124219853643,13.70537089102693,-0.9273401041477476,Short skate返航,南向返航
113.2,B0200,11966.73459748723,43.95022132316171,5926.975282324767,224.1266379537617,293.9886702660501,-4.6781777857882085,80.0500098990191,平飞,无
113.4,A0100,-23465.380967860157,-600.1400904686216,5759.566021595614,229.7076929436194,178.3366712006904,5.044181496088032,2.0790731655724723,Short skate返航,南向返航
113.4,A0200,-24194.34426789116,1008.4408700361072,5999.940673199607,157.21799027210884,182.82075415204392,15.422789685740934,-1.5934278413862937,Short skate返航,南向返航
113.4,B0200,11976.445650040503,0.8134013895914904,5920.079148971951,223.41854631286847,296.3674336279183,-4.789622308248693,83.22710103259723,平飞,无
113.6,A0100,-23511.23094528678,-598.3380441952431,5759.040608226302,229.28030139636428,178.50411762441064,7.106837957855172,-0.9445683877076932,Short skate返航,南向返航
113.6,A0200,-24225.635349361102,1005.9754438494256,6000.29424414872,156.73992381986267,182.95946349792692,14.459620323927258,-2.896370957974287,Short skate返航,南向返航
113.6,B0200,11987.748591052408,-41.771935379860224,5913.065543473017,222.7605240789157,298.74351789179553,-5.128794322682541,85.83974859604643,平飞,无
113.8,A0100,-23557.031866476624,-596.5692223099704,5759.196319527679,229.03719960525584,178.62313887310694,6.769362117562726,3.1178978289287342,Short skate返航,南向返航
113.8,A0200,-24256.858215217195,1003.5649584714192,6001.064434307448,156.5626024849359,183.13922020169585,11.771342530163892,-3.999066428783873,Short skate返航,南向返航
113.8,B0200,12000.67505925258,-83.70597620864828,5905.879335445433,221.8307957256234,301.05511384816634,-5.360962487097681,83.39854964839529,平飞,无
114.0,A0100,-23602.785651801907,-594.8669249623144,5759.749293981672,228.8667685387313,178.3976861844267,3.5395630195920265,5.92663293937997,Short skate返航,南向返航
114.0,A0200,-24288.076560362955,1001.2007322013304,6002.011934559407,156.71345359407152,183.38122463223377,8.470557608276565,-3.685592565702727,Short skate返航,南向返航
114.0,B0200,12015.409445456618,-124.80579306354366,5898.613847126029,220.92854669476387,303.3155185456131,-5.595451551764647,79.26902964912962,平飞,无
114.2,A0100,-23648.5022876293,-593.2298533798821,5760.488880258266,228.5517597247119,177.9307286086559,0.0553520717573687,1.9678375767793197,Short skate返航,南向返航
114.2,A0200,-24319.35058287113,998.8564024890655,6002.858479814475,157.03075009480315,183.60568562204665,5.051523490596661,-1.1855774816919398,Short skate返航,南向返航
114.2,B0200,12031.644339382852,-165.1798408438949,5891.2801783936575,220.3657394082452,305.67728406714514,-5.719731339767353,81.14537223124366,平飞,无
114.4,A0100,-23694.11655588979,-591.6011084752136,5761.195860208866,228.00911666751992,178.1499450294948,-3.276314157323397,-3.123404282833383,Short skate返航,南向返航
114.4,A0200,-24350.692302583517,996.5137063800994,6003.463955459779,157.29817576696348,183.6479561237173,1.6370687306067842,1.2931704056674551,Short skate返航,南向返航
114.4,B0200,12049.316137954098,-204.79155447138143,5883.845326147015,219.7380608803469,308.0012296259958,-5.900077639886917,83.88521055418994,平飞,无
114.6,A0100,-23739.675940425408,-590.004072876789,5761.154430497965,227.9306164255532,178.37842314408618,-5.412072441603047,0.7979284307097713,Short skate返航,南向返航
114.6,A0200,-24382.08298760929,994.168535063256,6003.776320064832,157.46453155040592,183.4629468211628,-1.738623014651066,0.5697387316058944,Short skate返航,南向返航
114.6,B0200,12068.47314549323,-243.51773257202467,5876.272373605988,218.83888415739767,310.2527894003215,-5.999861643161208,81.71435861262763,平飞,无
114.8,A0100,-23785.206307629986,-588.4318773298728,5760.230121752827,227.64302052714348,178.05402721603963,-4.464177109370415,0.983963359632736,Short skate返航,南向返航
114.8,A0200,-24413.49858297894,991.834421518437,6003.72780490523,157.5930599717154,183.4095165631462,-4.89527636254605,-1.5057210833964814,Short skate返航,南向返航
114.8,B0200,12089.26239592984,-281.15619264140105,5868.657243292051,217.9784277339178,312.4689840176257,-6.125687465077008,77.81834149362956,平飞,无
115.0,A0100,-23830.679521645598,-586.850956248998,5759.045924832443,227.65470478225512,178.19625880691763,-0.7230423812864251,-0.1968068275195789,Short skate返航,南向返航
115.0,A0200,-24444.9479110128,989.5100491151788,6003.065767112016,157.81367994789926,183.55477675185355,-7.34110317067002,-0.7655456477257155,Short skate返航,南向返航
115.0,B0200,12111.39325287954,-317.8674169346445,5860.999561246742,217.4670180374764,314.79878929434403,-6.158393003854051,79.76882188012758,平飞,无
115.2,A0100,-23876.202677904694,-585.2842132298028,5757.833677047255,227.96168302298048,178.4604952514063,3.389769618995239,4.030769074976723,Short skate返航,南向返航
115.2,A0200,-24476.400331902147,987.1881033716564,6001.748836370003,157.8370467404658,183.5451247037577,-6.956786191943738,-1.706441852483623,Short skate返航,南向返航
115.2,B0200,12134.793543857142,-353.63095801748614,5853.264018002163,216.89294828294757,317.0990294504877,-6.263089994156639,82.53705990955231,平飞,无
115.4,A0100,-23921.746980550848,-583.7816075494102,5757.0880166094885,227.6399478459565,178.51721080373227,5.7761553043262905,3.6143711872598367,Short skate返航,南向返航
115.4,A0200,-24507.856638940782,984.879669174752,6000.066702115126,158.08885322216608,183.40177963085335,-3.4799596332840808,-4.551467993747905,Short skate返航,南向返航
115.4,B0200,12159.431310013755,-388.3865168914972,5845.401231846287,216.35883218225385,319.3836203504797,-6.555582138899099,84.86646896001798,平飞,无
115.6,A0100,-23967.20925118729,-582.3364839869591,5757.09682403881,227.372853738544,178.58492127311524,4.075669839088736,-0.6838037218869765,Short skate返航,南向返航
115.6,A0200,-24539.380968419857,982.5929278262992,5998.199132526434,158.54192887851866,183.16479504808595,1.747441488640714,-4.2140121673904405,Short skate返航,南向返航
115.6,B0200,12185.3046238469,-422.0338895642735,5837.368326960041,215.55868951790544,321.61101157633146,-6.75989826958962,82.25699106069703,平飞,无
115.8,A0100,-24012.687673400036,-580.9091414144077,5757.147946184771,227.66141683065769,178.806140613605,0.7126059885947408,0.8836735621632792,Short skate返航,南向返航
115.8,A0200,-24570.989619038708,980.3386828964012,5996.399050515816,158.8028983952919,182.95992733310808,6.910107039650916,-1.6344077350401616,Short skate返航,南向返航
115.8,B0200,12212.587445249286,-454.2686254696332,5829.28750392622,214.47747860443985,323.7146346677919,-6.711072429830828,73.61218242670681,平飞,无
116.0,A0100,-24058.20300203889,-579.515953926013,5756.825270622099,227.60030205305748,178.4844327130399,-1.8322194077062228,0.7245148678777941,Short skate返航,南向返航
116.0,A0200,-24602.633386769863,978.1190129096158,5994.984184376492,158.65660395601788,183.0001304501812,10.879428027212375,0.2980811101258205,Short skate返航,南向返航
116.0,B0200,12241.168741329237,-485.137433664816,5821.341877531197,213.77977850751464,325.88200081542936,-6.386942521793983,69.32743298174786,平飞,无
116.2,A0100,-24103.67752470078,-578.1234722396312,5756.316824700456,227.49299367584203,178.54511620146337,-0.8854299630179532,-0.4163567417238379,Short skate返航,南向返航
116.2,A0200,-24634.240966456167,975.9165418585908,5994.19764982527,158.2633928030297,183.151683459398,13.776239098265874,0.4014066852371388,Short skate返航,南向返航
116.2,B0200,12270.775609909097,-514.9088860959496,5813.5101964170735,213.3102616797318,328.1327710938238,-5.886025321918374,72.15192783420638,平飞,无
116.4,A0100,-24149.185355478738,-576.7452806709753,5755.653463332833,227.8071585100367,178.7640057708158,3.0967768820072883,3.7085347211901776,Short skate返航,南向返航
116.4,A0200,-24665.76428373709,973.7244430959126,5994.095153548706,157.7099036850526,183.21149900893343,15.544684271913324,-0.1576152782516043,Short skate返航,南向返航
116.4,B0200,12301.378428787946,-543.5204819941355,5805.772540168055,212.7489100424576,330.3480460596249,-5.547343651301107,75.74863937983216,平飞,无
116.6,A0100,-24194.71525964932,-575.4234830829264,5755.338006423433,227.54594952394592,178.8041730513788,5.731972045691711,3.1901051110091347,Short skate返航,南向返航
116.6,A0200,-24697.1719541147,971.5521432396854,5994.589772891811,157.21396963243006,183.2305887841892,14.604310526228788,-0.9317710224594504,Short skate返航,南向返航
116.6,B0200,12332.933103963727,-570.9219200060884,5798.070298015535,212.2377514903748,332.58432301382976,-5.478044573192794,78.61970083829574,平飞,无
116.8,A0100,-24240.16529059543,-574.151348880483,5755.702305317052,227.29661192049784,178.8776299611413,4.153392884606046,-1.142776986545223,Short skate返航,南向返航
116.8,A0200,-24728.503725673912,969.4037171040108,5995.508961665509,157.0252820871539,183.2556595529976,11.902177915346112,-1.598795117259474,Short skate返航,南向返航
116.8,B0200,12365.372102817748,-597.1045982819132,5790.33579165324,211.77707621840236,334.83989925389943,-5.628614572209035,80.79108617024507,平飞,无
117.0,A0100,-24285.63201644734,-572.8976374838658,5756.058088460248,227.58394847326545,179.11438710903963,0.7925369276028527,0.4066160607475111,Short skate返航,南向返航
117.0,A0200,-24759.81766093577,967.2770182602673,5996.637968847449,157.0680620197878,183.28590519913095,8.575406280850439,-2.072517258584526,Short skate返航,南向返航
117.0,B0200,12398.634819045565,-622.0559262850416,5782.51528455498,211.3485796750976,337.0887898672063,-5.9364583942419324,82.48005575746119,平飞,无
117.2,A0100,-24331.137533280697,-571.6805482106811,5755.995934397297,227.553689217893,178.92243097830965,-1.763598046463929,2.9699382489747026,Short skate返航,南向返航
117.2,A0200,-24791.16595621441,965.1662556923038,5997.730717984201,157.35771531496806,183.3648068668563,5.12742906943791,-1.3033459133877046,Short skate返航,南向返航
117.2,B0200,12432.667097076785,-645.7559544627375,5774.56608980178,210.94046381026865,339.3149042702045,-6.353750097428811,83.85598808545184,平飞,无
117.4,A0100,-24376.610148459506,-570.4893077978468,5755.678574323943,227.29950338614864,178.55019334859938,-1.9926428223409105,0.2018842931877669,Short skate返航,南向返航
117.4,A0200,-24822.59339766932,963.0577971330148,5998.520572779106,157.72752310078053,183.41401078314487,1.7162137167186646,1.5058172867426207,Short skate返航,南向返航
117.4,B0200,12467.448664535452,-668.0992217245885,5766.465806283513,210.24892593548253,341.46163493752664,-6.618175917390931,80.62536774307532,平飞,无
117.6,A0100,-24422.0423382122,-569.2936437019725,5755.189652813545,227.29336567072144,178.66176751831034,-0.964179091339128,-1.3622277175037372,Short skate返航,南向返航
117.6,A0200,-24854.100214337752,960.9450457749626,5998.885774105308,158.03798778937303,183.2075286031852,-1.6325955014703577,2.694256276798682,Short skate返航,南向返航
117.6,B0200,12503.016966011124,-688.837321086758,5758.324297010258,209.58524572758236,343.5463963982075,-6.780378303040411,75.9956757583687,平飞,无
117.8,A0100,-24467.51456120497,-568.1108955589589,5754.505817545515,227.59655618241976,178.7365667798991,2.917571072106479,2.9225409111576166,Short skate返航,南向返航
117.8,A0200,-24885.64758696101,958.8347783081008,5998.827250170098,158.10077224934352,182.8763114525559,-4.770366085194289,-1.542699756488373,Short skate返航,南向返航
117.8,B0200,12539.221907259842,-708.2397229565322,5750.150293046479,209.2171346321096,345.7312826706141,-6.780871343298754,77.36679087729962,平飞,无
118.0,A0100,-24513.0070123996,-566.9627089353144,5754.162942083016,227.3381066293052,178.75813252983087,5.59231752371758,2.7147122212137336,Short skate返航,南向返航
118.0,A0200,-24917.185671870127,956.7469493675162,5998.333245221863,158.00687448342956,182.92660233484187,-7.216936164364408,-6.32429183640947,Short skate返航,南向返航
118.0,B0200,12576.010928456846,-726.2920089133745,5741.930324900133,208.76528955901253,347.8868223800992,-6.81602367672792,79.8079855688941,平飞,无
118.2,A0100,-24558.42454666948,-565.8507569629128,5754.475539871562,227.1208200146774,178.87882102619224,4.02929090495741,-0.3831023681167346,Short skate返航,南向返航
118.2,A0200,-24948.69353380456,954.6711818406748,5997.260636529874,158.00875642305357,183.1193176966933,-6.782736226783328,-5.6007255195605925,Short skate返航,南向返航
118.2,B0200,12613.334092926158,-742.9560451933489,5733.628191308722,208.35418057554517,350.0450178639972,-7.014451506487327,81.84673843882979,平飞,无
118.4,A0100,-24603.86635598284,-564.7530356944571,5754.781558719125,227.4911671338072,179.08423249828647,0.6610274697600164,1.3925849847676766,Short skate返航,南向返航
118.4,A0200,-24980.22392962224,952.59390520303,5995.636915135815,158.44035017042637,183.1079974553656,-3.110099428450248,-0.8979918961722054,Short skate返航,南向返航
118.4,B0200,12651.231862057895,-758.1645712735803,5725.20218677833,208.5853263617028,352.12745799430974,-7.145864788872289,79.11373620550036,平飞,无
118.6,A0100,-24649.363062083903,-563.682663842199,5754.675454214121,227.4598669987552,178.78565946870273,-1.900538163802636,1.242477916211558,Short skate返航,南向返航
118.6,A0200,-25011.83499099279,950.5200293436848,5993.762761515371,158.86248821640297,183.1293644173709,2.2873292609610933,2.029186967337898,Short skate返航,南向返航
118.6,B0200,12689.817108721178,-771.5809638368387,5716.777751456333,208.59137524791703,354.07502888780965,-7.025228384241837,70.62040032412142,平飞,无
118.8,A0100,-24694.81701411153,-562.6118969765994,5754.343216883764,227.3268838036201,178.8860433434262,-0.9677038907630544,0.1566058692154901,Short skate返航,南向返航
118.8,A0200,-25043.507151597518,948.4419263058315,5992.144440455755,158.87158970349688,183.18599327638768,7.383825151838882,-1.5843475648538143,Short skate返航,南向返航
118.8,B0200,12729.04270464847,-783.1982146212072,5708.5693007710925,208.69861281143048,355.9961844583389,-6.425016720085833,62.22545744488188,平飞,无
119.0,A0100,-24740.300943987997,-561.5603087978125,5753.822510193502,227.62896916210903,179.0502944210297,3.01117391856296,4.460675130347225,Short skate返航,南向返航
119.0,A0200,-25075.16987812197,946.4019013045,5991.14809416158,158.56365878676334,183.15499287253792,11.267300511647152,-5.53802746903756,Short skate返航,南向返航
119.0,B0200,12768.771372558538,-793.0928796893454,5700.809394011624,207.9439320804462,357.84519245234856,-5.298800021422724,54.91805114959151,平飞,无
119.2,A0100,-24785.804218923728,-560.5632944390327,5753.628508787029,227.370256450629,179.1390201284806,5.710143492901338,4.236197215751244,Short skate返航,南向返航
119.2,A0200,-25106.780098800693,944.4368719557716,5990.787821659182,158.1298528139838,182.98428976787824,13.737422810183244,-5.194162554901408,Short skate返航,南向返航
119.2,B0200,12808.815873302778,-801.2958365077807,5693.760274179207,206.81875096271187,359.30137900996664,-3.8134075599901993,46.66988462651633,平飞,无
119.4,A0100,-24831.2309029035,-559.6303786173303,5754.079894316832,227.1504552974651,179.2150834571401,4.149799206583567,1.1276337756320176,Short skate返航,南向返航
119.4,A0200,-25138.29670878488,942.543185374232,5990.990094851093,157.66742648714796,182.864604835936,13.171595792240568,-4.276840147551665,Short skate返航,南向返航
119.4,B0200,12849.09313879093,-807.8200240612864,5687.78104735146,205.61685415302065,0.1761783155516345,-1.9666569465276484,35.5680021222547,平飞,无
119.6,A0100,-24876.681313433797,-558.7222040473007,5754.517943879392,227.5165561478432,179.3302953480691,0.7774762451446936,2.895726156864942,Short skate返航,南向返航
119.6,A0200,-25169.75046437865,940.7053978504446,5991.602698826154,157.51617404648093,182.87249055088247,10.543075142972636,-3.5929068781287268,Short skate返航,南向返航
119.6,B0200,12889.50269569437,-813.0467461726826,5683.015099138102,204.6983677942553,0.6928815694604716,0.393397697092575,24.118405276778255,平飞,无
119.8,A0100,-24922.18663550796,-557.8407752924431,5754.538040851349,227.47868521764264,178.96455932737243,-1.7764311129288417,2.7403008097062487,Short skate返航,南向返航
119.8,A0200,-25201.20339429617,938.900954216113,5992.377063223122,157.6840663293837,182.9474254151297,7.240333128277314,-2.1539863064170617,Short skate返航,南向返航
119.8,B0200,12929.963258335192,-817.408476523156,5679.482342202882,203.79384387194585,0.8742733417276651,3.05353516730746,13.824846669004184,平飞,无
120.0,A0100,-24967.64862682005,-556.9663013631252,5754.327025799173,227.33949499454815,178.98824128295422,-0.8447765393178123,1.806497020519196,Short skate返航,南向返航
120.0,A0200,-25232.71495201717,937.1037123861552,5993.02097999066,158.0163609087953,182.98745145872823,3.8247220317435113,1.0031270455182402,Short skate返航,南向返航
120.0,B0200,12970.387762451215,-821.1998847757645,5677.306635932032,202.81762173566773,0.628655435155118,5.790668581733404,4.075482356197794,平飞,无
120.2,A0100,-25013.12043105536,-556.1127704010396,5754.007628469752,227.34984191065607,178.91453364963104,3.1322537625503526,1.0676037471558677,Short skate返航,南向返航
120.2,A0200,-25264.29721963917,935.298985478481,5993.387092547161,158.32451391297673,182.78712421050696,0.4238001216758801,2.336947721687633,Short skate返航,南向返航
120.2,B0200,13010.702796081214,-824.7101522993521,5676.44755107394,202.0541356910576,0.1215609003220954,7.840333865340392,0.5592781556033187,平飞,无
120.4,A0100,-25058.55760863416,-555.2632099362763,5754.21221986133,227.1979707398389,179.0821261925202,6.019020837460616,0.0885560007919983,Short skate返航,南向返航
120.4,A0200,-25295.9243384532,933.4912824665024,5993.457149412841,158.41842146262525,182.46346644761255,-2.914521968879041,-1.804985467470948,Short skate返航,南向返航
120.4,B0200,13050.939074802194,-828.0700528535031,5676.3934389515325,201.7417099220377,359.5201201553419,7.390790103859946,5.688189593959171,平飞,无
120.6,A0100,-25103.970498361537,-554.4329966007572,5754.902699992284,226.98505030133688,179.15311321052886,6.021333537309212,2.237397212988721,Short skate返航,南向返航
120.6,A0200,-25327.55419010476,931.704141739152,5993.180635054708,158.42867141863593,182.54498722191883,-5.973152383360718,-6.438334793244986,Short skate返航,南向返航
120.6,B0200,13091.135362628818,-831.2578862468795,5676.783572131528,201.4659308291496,358.589162630408,4.335383317718177,8.406545689379202,平飞,无
120.8,A0100,-25149.341696228348,-553.6286733075867,5755.917068276888,226.95467325511876,179.10533693626488,2.77041293137208,2.492052528826457,Short skate返航,南向返航
120.8,A0200,-25359.18596661675,929.9183302134352,5992.293748036052,158.52575731471302,182.97399545457276,-8.269385442846705,-6.253235229759686,Short skate返航,南向返航
120.8,B0200,13131.246605651126,-834.2634719959619,5677.656418244623,200.81644217720728,357.64882829876217,0.8558279930373617,2.499717541945373,平飞,无
121.0,A0100,-25194.74636551011,-552.8334482164519,5756.710456581182,227.27849955805112,179.12388760640533,-0.6888862253678468,4.711728922798283,Short skate返航,南向返航
121.0,A0200,-25390.80132956593,928.108184569328,5990.677523282025,158.58458907384863,183.0837420380332,-7.660636296698406,-4.184349806161174,Short skate返航,南向返航
121.0,B0200,13171.214977116651,-837.1895685076338,5678.790329871185,200.14310728655457,357.42498060944666,-1.9709917960226813,-3.3854532138527453,平飞,无
121.2,A0100,-25240.19436739898,-552.0408337304889,5756.870975257015,227.14328584841505,178.67079402554867,-3.080691985107715,4.722946740316489,Short skate返航,南向返航
121.2,A0200,-25422.42459225138,926.2950304738316,5988.587843989277,158.88965634887828,182.8741313761732,-3.891660369297014,-2.2571774877736663,Short skate返航,南向返航
121.2,B0200,13211.105200800324,-840.0808575878277,5679.611812167842,200.0434244138701,357.400890389538,-1.350164659655957,-1.4277120831886858,平飞,无
121.4,A0100,-25285.571344474243,-551.2414664487424,5756.671975856875,226.7330929281574,178.41151282296752,-2.1619655089432928,-1.30149842404018,Short skate返航,南向返航
121.4,A0200,-25454.110819675072,924.4969281681152,5986.352702992734,159.25791995539828,182.71692421771547,1.5457825975980255,-0.8123747524068792,Short skate返航,南向返航
121.4,B0200,13251.041654776036,-842.935113871868,5679.909482139191,200.35776627155343,357.29553919022624,0.9016805641160744,2.8368139380817925,平飞,无
121.6,A0100,-25330.90584390532,-550.4152693826964,5756.326982520791,226.80528985955036,178.51690238553078,1.3808369747223872,-3.010948510918523,Short skate返航,南向返航
121.6,A0200,-25485.862780947176,922.7136050695062,5984.336244468773,159.3164929042397,182.64712536168648,6.6848836104233005,-1.9539714281448295,Short skate返航,南向返航
121.6,B0200,13291.027571237231,-845.7463801692697,5680.053999753372,200.3875182013457,357.1621636418806,3.308327347397263,3.601091797181335,平飞,无
121.8,A0100,-25376.275740013723,-549.5785268550844,5755.897700377287,226.9858150397933,178.59367078236528,2.838852577408155,1.4314481602053402,Short skate返航,南向返航
121.8,A0200,-25517.6231436886,920.9718979610498,5982.882355720257,159.0934046738653,182.58850847404003,10.592113071347288,-4.296216997877511,Short skate返航,南向返航
121.8,B0200,13330.995648837315,-848.496642808278,5680.529640127669,200.36256606541988,357.186528951387,5.048289934954607,3.05989498023441,平飞,无
122.0,A0100,-25421.66886606761,-548.7478460202346,5755.611748946788,226.98138652690037,178.50783224601446,2.707617493925492,4.304586352446751,Short skate返航,南向返航
122.0,A0200,-25549.35109959971,919.294445741616,5982.0602227811605,158.70414064075425,182.5541648749247,13.512133841133387,-3.617521505615256,Short skate返航,南向返航
122.0,B0200,13371.004841778353,-851.1958807957208,5681.16789888,200.67590410707663,357.28784996991203,6.237599568338387,6.906802004401145,平飞,无
122.2,A0100,-25467.03633396049,-547.9458274475273,5755.663708140441,226.71005523749272,178.27810339179436,2.461379634395095,1.8717076117064264,Short skate返航,南向返航
122.2,A0200,-25580.99494861396,917.6745578189511,5981.940712629908,158.12622786457902,182.4303401383934,15.3123079105659,-2.7666022613697026,Short skate返航,南向返航
122.2,B0200,13411.040542649109,-853.8050049422181,5682.050188443596,200.5046345499412,357.20214788383794,6.413437404350268,7.4224280688079585,平飞,无
122.4,A0100,-25512.35846406253,-547.1353726714424,5755.9959482773975,226.69186434884708,178.4870478820189,1.3817810915708415,0.6205698664538513,Short skate返航,南向返航
122.4,A0200,-25612.51869866721,916.1012505039962,5982.446363932931,157.60533950618094,182.3372621945508,14.360861708418604,-2.095263519003285,Short skate返航,南向返航
122.4,B0200,13450.994336692318,-856.3061453330656,5683.391778187212,200.0877967410516,356.82838579813847,3.6025983658367315,0.3683079188134955,平飞,无
122.6,A0100,-25557.72521995773,-546.3182606167138,5755.975565506862,227.0222241331876,178.53492245398607,-1.7531760518339143,5.182980394704696,Short skate返航,南向返航
122.6,A0200,-25643.963086372467,914.56204315984,5983.392324344973,157.41076773673956,182.31525652136855,11.624836740294654,-1.8219179482797208,Short skate返航,南向返航
122.6,B0200,13490.895107313238,-858.7876422727659,5684.840418968987,200.033567629102,357.01344381588507,0.1777742305137787,-4.096760501393361,平飞,无
122.8,A0100,-25603.11173474727,-545.4877960339818,5755.383842354871,226.82437884369668,178.03210610195316,-4.137826275785396,5.820618344438147,Short skate返航,南向返航
122.8,A0200,-25675.388531915603,913.0446160094544,5984.547690179268,157.4531549843911,182.31503184761024,8.280281732478628,-1.7936512837728047,Short skate返航,南向返航
122.8,B0200,13530.847343185767,-861.243500816804,5685.653115703042,200.33003196602417,357.3522141147914,-2.9738570229207117,-1.474269867231676,平飞,无
123.0,A0100,-25648.41464088967,-544.6358115017501,5754.459792454674,226.41289141008832,177.84099434549867,-3.239922169873174,0.0956531994764886,Short skate返航,南向返航
123.0,A0200,-25706.848280925635,911.5404463289888,5985.657536175238,157.74062631431258,182.35091622088365,4.82926133893873,-0.7572543631050936,Short skate返航,南向返航
123.0,B0200,13570.856560819171,-863.664499242298,5685.531972251623,200.49743265380008,357.39442778298627,-5.493537321988983,3.1712329489670386,平飞,无
123.2,A0100,-25693.67335074308,-543.7477873370735,5753.385218056597,226.4977495354869,178.0843934823255,0.3140145077726014,-1.404080606971195,Short skate返航,南向返航
123.2,A0200,-25738.387018795725,910.0384536316468,5986.4505241750685,158.10975203302442,182.35093641688044,1.41975761011398,2.1900799911704785,Short skate返航,南向返航
123.2,B0200,13610.867062493118,-866.0698269545592,5684.546113017954,200.32986129424532,357.0294173189588,-6.692844464822601,4.328125624275886,平飞,无
123.4,A0100,-25738.96293635921,-542.8423789261942,5752.318419568323,226.4956800927815,177.98644606995953,3.1606116002466407,-1.822376699192056,Short skate返航,南向返航
123.4,A0200,-25770.00462784081,908.5343607553424,5986.802965333047,158.41094843722897,182.09840013593453,-1.9128048334442087,3.439481337599555,Short skate返航,南向返航
123.4,B0200,13650.793491901792,-868.4578596783995,5683.171851507612,199.9970173783288,356.9167408044564,-4.124431565143648,-0.8472283858999279,平飞,无
123.6,A0100,-25784.222118623024,-541.8740479393928,5751.819967050734,226.26414246577824,178.09122285533977,5.652222446974766,-2.696638270280228,Short skate返航,南向返航
123.6,A0200,-25801.66048053873,907.034280224947,5986.717789587726,158.46383167419782,181.72621118010136,-5.0121123494179205,-0.7868837297026197,Short skate返航,南向返航
123.6,B0200,13690.701846052583,-870.8421966004971,5681.6950517435125,200.168018228964,356.9485508851533,0.9027809236298484,-3.0706914599629247,平飞,无
123.8,A0100,-25829.44674389713,-540.8709584055778,5751.679775036743,226.1172965254212,178.30056362449324,3.404758927681661,-0.5210957931540084,Short skate返航,南向返航
123.8,A0200,-25833.30351139012,905.5575607566408,5986.183768772922,158.35220990700424,181.76355861873333,-7.4161786291012834,-5.61657312869856,Short skate返航,南向返航
123.8,B0200,13730.69298323287,-873.2312409628566,5680.218765620903,200.7561026040942,357.04223856274217,6.0117634705291705,2.640025241397217,平飞,无
124.0,A0100,-25874.680993548856,-539.851027509214,5751.5874451333175,226.4217817445011,178.51481339113857,-0.1911365807236258,2.0444933926702014,Short skate返航,南向返航
124.0,A0200,-25864.911725013146,904.0930950301226,5985.058477318948,158.3456089166023,181.9719915847132,-6.911186357112568,-4.901201371164156,Short skate返航,南向返航
124.0,B0200,13770.77952057843,-875.5914144390199,5678.865704688206,200.87601428514824,357.2280080518822,8.860568950200339,7.928805250509313,平飞,无
124.2,A0100,-25919.960214556373,-538.8350201864869,5751.07460460184,226.37038858139448,178.2524263777201,-2.776693015064648,2.2332817433465104,Short skate返航,南向返航
124.2,A0200,-25896.541605655024,902.628186299262,5983.377451085978,158.78237134606613,181.99294751921133,-3.1874095876024526,-0.1586838074500624,Short skate返航,南向返航
124.2,B0200,13810.844109734524,-877.8673689620491,5678.020481852246,200.5070133819565,356.96012034089625,6.718359977471355,2.877038436494504,平飞,无
124.4,A0100,-25965.19025203843,-537.8065666395778,5750.305307512543,226.22230154462935,178.3260638466481,-1.8749281567518057,1.5629980991739572,Short skate返航,南向返航
124.4,A0200,-25928.249216591797,901.164995713012,5981.447700538489,159.1672416828109,182.0374675493221,2.2367063722366,2.844186848436778,Short skate返航,南向返航
124.4,B0200,13850.869079302738,-880.1108153096302,5677.675142151144,200.5247148788585,357.045456800388,3.037359288371862,-1.2105179736004716,平飞,无
124.6,A0100,-26010.427916787165,-536.7824244598287,5749.401395609467,226.2451172889472,178.2894173684598,2.096325010278328,1.0467916935854968,Short skate返航,南向返航
124.6,A0200,-25960.01158446225,899.6911170124004,5979.778505583604,159.16300173645817,182.11569215902148,7.339436043276444,-0.7715625134324023,Short skate返航,南向返航
124.6,B0200,13890.95546887751,-882.3511316618897,5677.145440182692,200.98673826492944,357.25544565114814,-0.4464586440615666,1.591851456840814,平飞,无
124.8,A0100,-26055.643115868166,-535.7482719293821,5749.027866302598,226.12227073443864,178.4940788767914,5.7889248668436775,0.138610395068713,Short skate返航,南向返航
124.8,A0200,-25991.76353686872,898.2447406279207,5978.738144265998,158.85116269694595,182.1404186518752,11.21641013994518,-4.860997467953628,Short skate返航,南向返航
124.8,B0200,13931.105840364142,-884.5704030876777,5676.1733448771565,201.15658621516965,356.9457739279054,-3.8275836740781735,2.420258059965626,平飞,无
125.0,A0100,-26100.8291185448,-534.7242427364054,5749.311889369731,225.74262088987837,178.64613956511195,7.829834321425318,2.2754964210190542,Short skate返航,南向返航
125.0,A0200,-26023.461606643137,896.8622128594598,5978.339540806136,158.4172138811641,182.0142022683973,13.678574139713833,-4.625433789351828,Short skate返航,南向返航
125.0,B0200,13971.241458004506,-886.7910151913729,5674.776674656123,201.10466578865248,356.84960053216383,-6.313115849112874,1.5861723389355398,平飞,无
125.2,A0100,-26145.92649216647,-533.7270365525856,5750.213619735093,225.53303025127923,178.65504825876576,5.044114983096073,2.5085833796734627,Short skate返航,南向返航
125.2,A0200,-26055.065272284926,895.5406887859499,5978.505960972243,157.9566451554099,181.9027914528676,13.097207817439497,-3.7873521258530425,Short skate返航,南向返航
125.2,B0200,14011.368852280895,-889.0266095872676,5672.613169337325,201.5223298409554,357.25283084964343,-4.600295767942487,7.363079735009129,平飞,无
125.4,A0100,-26191.035175254856,-532.7426954895909,5751.173085362227,225.8304578718112,178.7039680001689,1.477216663836094,4.743604293914284,Short skate返航,南向返航
125.4,A0200,-26086.60579460718,894.2674569524788,5979.084103641302,157.8084616421326,181.8965837778836,10.456190303429707,-3.156344904031016,Short skate返航,南向返航
125.4,B0200,14051.59566525682,-891.2760686024585,5669.795240062116,202.2559661489457,358.0741279354688,0.6379596229332043,12.673382286179857,平飞,无
125.6,A0100,-26236.200986630232,-531.7660828134321,5751.707810936242,225.83637963947604,178.19826173702398,-1.895149496442836,4.911719682536197,Short skate返航,南向返航
125.6,A0200,-26118.14555948775,893.0235106624223,5979.823979313308,157.97982784435806,181.95114740284828,7.147401808078097,-1.7441868798398408,Short skate返航,南向返航
125.6,B0200,14091.91431203214,-893.3982165874568,5667.225741899829,202.15417222760945,358.7198073162214,4.949524087570115,7.318050951268255,平飞,无
125.8,A0100,-26281.31383327969,-530.7714660147631,5751.829179883471,225.3946985108181,177.79708100488406,-4.2102269107041685,-0.952851352576326,Short skate返航,南向返航
125.8,A0200,-26149.744617045795,891.7896537162742,5980.43126071669,158.31794557692845,182.05817448500585,3.7307641061920553,1.2784480410667962,Short skate返航,南向返航
125.8,B0200,14132.216256237703,-895.345351853085,5665.555466310958,201.74866688869992,358.9154628094498,7.289472797455098,0.1904125366208288,平飞,无
126.0,A0100,-26326.35898330737,-529.7408338741279,5751.3915593037045,225.33277226820056,178.02528320570852,-3.1077715175468184,-2.74213717831352,Short skate返航,南向返航
126.0,A0200,-26181.4156071914,890.5477044033341,5980.75499223694,158.63366378174666,181.95151387970495,0.3314315889537781,2.5546015131901334,Short skate返航,南向返航
126.0,B0200,14172.488716618043,-897.2303386819212,5664.559366733353,201.6230334551637,358.9025049999549,6.759913188703885,-0.0700564026400467,平飞,无
126.2,A0100,-26371.41550460696,-528.7066739378097,5750.4303827044005,225.38434661996277,177.85768487115163,-0.2123925430324324,-3.0166356476299567,Short skate返航,南向返航
126.2,A0200,-26213.132279221605,889.2976896489727,5980.777005992832,158.73403404624565,181.63099149841952,-3.003084435012426,-1.482029589278673,Short skate返航,南向返航
126.2,B0200,14212.764187816209,-899.067617519051,5663.857966164204,201.58277096743555,358.727844434718,3.657466207061701,2.629694588567528,平飞,无
126.4,A0100,-26416.46283409735,-527.6099905087704,5749.63312837248,225.35926212206263,177.84948022482297,3.243989805647471,-3.757260078921916,Short skate返航,南向返航
126.4,A0200,-26244.8512341902,888.0650905381426,5980.449310324179,158.74392813819668,181.70334568984043,-6.058102141006108,-6.017553816633433,Short skate返航,南向返航
126.4,B0200,14253.056967787292,-900.85181748188,5663.272722022097,201.87767441597947,358.36455369777195,0.1875814902388725,5.570778939285082,平飞,无
126.6,A0100,-26461.51837321713,-526.4671636994844,5749.097108418123,225.31915575454715,177.9452061801667,4.248950784644338,-1.587629737736591,Short skate返航,南向返航
126.6,A0200,-26276.57072468285,886.832527364395,5979.508381748164,158.838687864714,182.12975868435123,-8.34863668468649,-5.057655421346729,Short skate返航,南向返航
126.6,B0200,14293.40555183892,-902.6022443911096,5662.383617153424,201.94392667505548,357.7379227645275,-2.451102057006318,6.238307233587085,平飞,无
126.8,A0100,-26506.574422420825,-525.2889640456051,5748.875640739359,225.46610208673405,178.17819534306395,2.9440625721424585,0.8818867529554242,Short skate返航,南向返航
126.8,A0200,-26308.272012663805,885.5761270155417,5977.837864797902,158.88255656370177,182.23877726287765,-7.717517387450465,-1.6128930465645817,Short skate返航,南向返航
126.8,B0200,14333.720116730448,-904.3122201856912,5661.432786090571,201.73564121488485,357.44717844233827,-1.8436017725969296,1.291049165354248,平飞,无
127.0,A0100,-26551.664780566218,-524.1147994397052,5748.587297267691,225.55370695616864,178.07726591797064,-0.3010149981723019,3.706954054867099,Short skate返航,南向返航
127.0,A0200,-26339.971871813505,884.3156344775252,5975.746097289401,159.04828042543298,182.0841319544828,-3.92824809065758,-1.210693184304198,Short skate返航,南向返航
127.0,B0200,14374.028755726264,-906.0191822128072,5660.444886265285,201.930474198774,357.55788401492424,-0.1748337815730395,-0.9494321009249004,平飞,无
127.2,A0100,-26596.735639330083,-522.9447742496795,5748.151046809729,225.2314006225025,177.6815967824826,-2.9507330037403845,1.4372316002619183,Short skate返航,南向返航
127.2,A0200,-26371.7072466778,883.0706735681615,5973.659926675475,159.2587545423963,181.91793526042792,1.5151764422792398,-3.3622604138412022,Short skate返航,南向返航
127.2,B0200,14414.401820668849,-907.7267789895576,5659.270610916121,202.28066670980687,357.76501466542635,2.174359586147778,2.358375475712408,平飞,无
127.4,A0100,-26641.74322756253,-521.7464018068003,5747.469705731024,225.1903455449688,177.88711717930724,-2.445824553259327,0.216656686579933,Short skate返航,南向返航
127.4,A0200,-26403.505396586203,881.8576777843864,5971.78356805494,159.4872169542361,181.82141667774485,6.740282825817164,-2.663837032381324,Short skate返航,南向返航
127.4,B0200,14454.81056235991,-909.3978495689034,5658.316887253129,202.13482109808345,357.82138083510966,6.031858450246182,2.947345770460197,平飞,无
127.6,A0100,-26686.78457855873,-520.540063250095,5746.391853780805,225.49299451750477,178.13298957026996,0.4390745359337936,4.769449778679112,Short skate返航,南向返航
127.6,A0200,-26435.34066882788,880.6733230489554,5970.286986078205,159.3572781096028,181.81996848974757,10.749001584292078,-0.8612733165967992,Short skate返航,南向返航
127.6,B0200,14495.155288477545,-911.0216593283184,5658.205970693195,201.64777236485813,357.90012959541684,9.494387615435798,-0.9389728549633192,平飞,无
127.8,A0100,-26731.86049105263,-519.3614328628137,5745.460414917398,225.3874551804169,178.38305939401465,4.301977098852127,4.814877291897661,Short skate返航,南向返航
127.8,A0200,-26467.13979638983,879.508673712462,5969.430895209109,158.94253862447906,181.90527243708297,13.653992698301382,-0.1761290412148735,Short skate返航,南向返航
127.8,B0200,14535.407780668767,-912.644720692514,5658.819124411372,201.36284487290084,358.07549536317373,9.121971687328756,-1.1943020695526494,平飞,无
128.0,A0100,-26776.8573550763,-518.2501297905746,5745.439460182482,224.72106286902675,178.50877017736622,6.708380597338845,-2.4536591506724936,Short skate返航,南向返航
128.0,A0200,-26498.85125969981,878.3502460981235,5969.284863754298,158.3635880287103,181.95211331497592,15.412858889521075,0.1013771283067578,Short skate返航,南向返航
128.0,B0200,14575.64574628391,-914.2581843675316,5659.673641639236,201.46230407387893,358.18851492276883,5.953068971386903,2.847094367504293,平飞,无
128.20000000000002,A0100,-26821.72523931903,-517.1045843662996,5746.325544585126,224.2835969457836,178.78116130917405,6.527512699586275,-6.182447574474189,Short skate返航,南向返航
128.20000000000002,A0200,-26530.441629585115,877.1936513016371,5969.7616860838925,157.84844220482813,181.89159795453165,14.43167108705698,0.184485651067191,Short skate返航,南向返航
128.20000000000002,B0200,14615.903517078284,-915.835915281942,5660.571330239405,201.4603615758802,357.95268569956727,2.492237759066708,3.586194679334515,平飞,无
128.4,A0100,-26866.56932379172,-515.9405907532182,5747.397198238535,224.46894272598357,179.2030626651237,3.4006307319269355,-2.2768533980483165,Short skate返航,南向返航
128.4,A0200,-26561.95236337227,876.0403383900593,5970.677863895338,157.6563014152834,181.81447331784204,11.690101299226896,0.0488431892893991,Short skate返航,南向返航
128.4,B0200,14656.15584098611,-917.3927542338824,5661.418537986448,201.54606601085155,357.8889493600069,-0.9856381114348406,1.9044929329078064,平飞,无
128.6,A0100,-26911.46877623474,-514.8005209708808,5748.209647108756,224.7520106813079,179.31678568324762,-0.0286431567704156,2.6843451441634194,Short skate返航,南向返航
128.6,A0200,-26593.443850461645,874.891121169454,5971.805348116374,157.7007649881193,181.75001383588813,8.344453079229613,-0.1793635738852722,Short skate返航,南向返航
128.6,B0200,14696.475339808852,-918.9583824931368,5661.595133768282,201.94813312309756,357.9012534744805,-4.135762094927449,5.350870439918754,平飞,无
128.8,A0100,-26956.40046058921,-513.6934702746839,5748.53259367588,224.5762915232063,178.86545124356988,-2.533834579976562,3.0635694983453723,Short skate返航,南向返航
128.8,A0200,-26624.96966130995,873.7501652771443,5972.890100024545,157.99293448383156,181.8122984160077,4.891619388008499,0.6069215677312987,Short skate返航,南向返航
128.8,B0200,14736.830632506568,-920.538982411791,5660.914365481283,201.8357184210491,357.4715014284449,-6.269700017240351,6.314599970053332,平飞,无
129.0,A0100,-27001.25926914233,-512.5979078606542,5748.5686066734215,224.1812874781598,178.55698631765753,-1.6722095388425204,-3.0541944500159706,Short skate返航,南向返航
129.0,A0200,-26656.57532460569,872.6122967799893,5973.659066237778,158.3670939894175,181.93642773795375,1.4795694284924774,3.371234626420501,Short skate返航,南向返航
129.0,B0200,14777.093860771947,-922.1210071760306,5659.797305400682,201.3552773627028,357.4106960816212,-4.243012474028626,1.1172846280937834,平飞,无
129.20000000000002,A0100,-27046.080182937163,-511.4842685785952,5748.469957070635,224.26867894587969,178.50925577033672,1.9079129910222732,-5.006887558346787,Short skate返航,南向返航
129.20000000000002,A0200,-26688.26027013544,871.46685723669,5973.990132856521,158.674308679621,181.72773114649183,-1.8535355929648825,4.717158662791809,Short skate返航,南向返航
129.20000000000002,B0200,14817.319864089435,-923.7058690462172,5658.5544940540085,201.5099584254529,357.6742124780039,1.2178973108917133,-1.16210670907797,平飞,无
129.4,A0100,-27090.934737245527,-510.3641414835238,5748.276917224489,224.3746340459792,178.49733894189512,2.992450821186401,-0.7381858757918798,Short skate返航,南向返航
129.4,A0200,-26719.98397134366,870.3180458310126,5973.886322351524,158.7317389102276,181.27858896050543,-4.952491016579824,0.7637288741410845,Short skate返航,南向返航
129.4,B0200,14857.603698513709,-925.2894544668852,5657.413572753395,201.6972935998862,357.87511837838593,6.338485724211685,2.294279702091656,平飞,无
129.6,A0100,-27135.8162077453,-509.23819033860127,5747.95511795563,224.64054338229596,178.52114091032772,-0.1742383155371318,4.136021146752115,Short skate返航,南向返航
129.6,A0200,-26751.694810319656,869.1884178593336,5973.33659614455,158.62146608239146,181.21548562760336,-7.365804660641433,-3.804547723314617,Short skate返航,南向返航
129.6,B0200,14897.873638940491,-926.8350715373464,5656.814540697743,201.21191767565423,357.9183442315002,8.098675527934754,2.549500311136848,平飞,无
129.8,A0100,-27180.731483262807,-508.1231492449824,5747.291187935486,224.5562056389531,178.0992032014873,-2.758514851898018,4.734727937602933,Short skate返航,南向返航
129.8,A0200,-26783.37062857908,868.0727535200131,5972.197141041783,158.61454610316318,181.39565484884395,-6.867994466124763,-2.911235665906002,Short skate返航,南向返航
129.8,B0200,14938.043265658793,-928.3474191493932,5656.901360320806,200.95454487792665,357.94450314356226,5.260780323664091,-1.1482748130508875,平飞,无
130.0,A0100,-27225.58209076425,-507.0114097824553,5746.483415404204,224.19171686276175,177.85746281602118,-1.8850889605210948,-0.936294170870445,Short skate返航,南向返航
130.0,A0200,-26815.0680329002,866.9597256727411,5970.503414859611,159.0506343390012,181.50374270918175,-3.1363751560290405,1.9100469657830248,Short skate返航,南向返航
130.0,B0200,14978.242642401005,-929.8620541750624,5657.005180563387,201.36928734685185,358.177085924334,1.7489927960440268,-0.2190975176802713,平飞,无
130.20000000000002,A0100,-27270.397384979515,-505.86913119129713,5745.684227552665,224.262491512563,177.98117264955562,1.7449545362346524,-2.6295463931179794,Short skate返航,南向返航
130.20000000000002,A0200,-26846.84281805439,865.8444069874095,5968.565726865134,159.432547408878,181.7647499890244,2.286642033585013,4.846876443026421,Short skate返航,南向返航
130.20000000000002,B0200,15018.530132074007,-931.3626746479868,5656.678930295522,201.80795924696463,358.1262511554564,-1.6694412440026845,4.115723859847295,平飞,无
130.4,A0100,-27315.236495698115,-504.70539596835806,5744.949656158863,224.2822292079431,178.08444560305,3.1067157626303743,-0.5469395940212662,Short skate返航,南向返航
130.4,A0200,-26878.671286211407,864.6936654736037,5966.891401420041,159.4256833824383,182.06081636096008,7.2872919796122995,1.2040936962828668,Short skate返航,南向返航
130.4,B0200,15058.871373511836,-932.8533630479068,5655.843495612643,201.82057438773975,357.6334198977294,-4.261556080428942,5.18597538197981,平飞,无
130.6,A0100,-27360.086561313583,-503.5221970437997,5744.411317368112,224.4703303384688,178.28112332148012,1.9135814501197812,1.8973223845772216,Short skate返航,南向返航
130.6,A0200,-26910.48744863682,863.530769529516,5965.843300334543,159.11780473018132,182.2075303522881,11.046240997873136,-2.725842466187028,Short skate返航,南向返航
130.6,B0200,15099.140339120866,-934.328539498777,5654.816568126931,201.33156463696835,357.4280425064757,-2.515018006468256,0.2655326699416208,平飞,无
130.8,A0100,-27404.975300110505,-502.3492580532311,5743.74586920145,224.53781012722885,178.15966917170425,-0.6587621336980612,4.700049037998589,Short skate返航,南向返航
130.8,A0200,-26942.2498570288,862.3927769860748,5965.434399986787,158.69798841754974,182.16775922864252,13.511986124452829,-2.3726914974104667,Short skate返航,南向返航
130.8,B0200,15139.36813877614,-935.814486208852,5653.867194133255,201.4297652906835,357.509017002618,3.068669706319788,-1.922724619014688,平飞,无
131.0,A0100,-27449.8353784389,-501.201732098396,5743.112871015092,224.18201435467708,177.97090893255793,0.2214792430903434,2.439865217985804,Short skate返航,南向返航
131.0,A0200,-26973.918626634477,861.2784469827839,5965.588831333566,158.2453305974853,182.04064887487635,12.951664876260114,-1.4988158087645735,Short skate返航,南向返航
131.0,B0200,15179.638217371868,-937.3172438018528,5653.140401829007,201.53559694966648,357.65874613106206,7.453145689727024,1.3862651127444408,平飞,无
131.20000000000002,A0100,-27494.645246405264,-500.06106286401337,5742.83156270978,224.1592369111754,178.26974314427022,4.202739745873608,1.2563478354236628,Short skate返航,南向返航
131.20000000000002,A0200,-27005.524582530285,860.1802864265446,5966.152062350163,158.10448822095154,181.92850682845915,10.306815196570948,-0.8648085975524429,Short skate返航,南向返航
131.20000000000002,B0200,15219.882579896524,-938.8004330776204,5652.987283354004,201.1106244341889,357.8064813286929,9.004266215048316,3.9085994307074654,平飞,无
131.4,A0100,-27539.457466957974,-498.9411638048314,5742.900112768553,224.0605508448608,178.3460697122247,5.371913381163664,3.4570663858562702,Short skate返航,南向返航
131.4,A0200,-27037.13050064291,859.0935747619114,5966.87231738618,158.28361085459414,181.9421069930401,6.996481212615455,0.408541087420175,Short skate返航,南向返航
131.4,B0200,15260.05385263963,-940.235729382478,5653.44944617653,200.97867005017625,357.785217890137,6.313344948558288,4.059837988203161,平飞,无
131.6,A0100,-27584.24373905842,-497.8484727916366,5743.390389209593,223.97865669196625,178.34324466062637,4.006854483792438,3.619199944048334,Short skate返航,南向返航
131.6,A0200,-27068.79695281562,858.0064870533406,5967.451722664172,158.62592109508077,182.02850117919093,3.580482618942125,3.4128244058440345,Short skate返航,南向返航
131.6,B0200,15300.254133429811,-941.649925112646,5654.0387373786125,201.38806842959207,357.8015922873544,2.821751186767927,5.674166227948514,平飞,无
131.8,A0100,-27629.029434698423,-496.7693927383152,5743.940225495769,224.06313263294143,178.29168680360144,0.7356087486018605,3.648714462415685,Short skate返航,南向返航
131.8,A0200,-27100.53487290949,856.9026846535271,5967.743476124952,158.93989546830784,181.80209366023743,0.1909735800965296,4.851040975038542,Short skate返航,南向返航
131.8,B0200,15340.539003634634,-943.0540396708502,5654.318050271962,201.6219806903476,357.389960464607,-0.5933268489522934,5.712920921656391,平飞,无
132.0,A0100,-27673.817344353785,-495.69486805477936,5744.2403094149895,223.85565966764497,177.99047925517633,-2.64547629860437,1.0295435651221367,Short skate返航,南向返航
132.0,A0200,-27132.317236596868,855.7852298205944,5967.7306795735885,159.03455211083698,181.33515143481924,-3.1198105550226614,0.96776166609085,Short skate返航,南向返航
132.0,B0200,15380.80689911991,-944.4532815211852,5654.4026242250175,201.1797162631525,356.87946118626564,-3.876680659163013,-2.7960878188933984,平飞,无
132.20000000000002,A0100,-27718.550761476858,-494.5959601357117,5744.061603250592,223.68492175304337,178.1890527688897,-4.924211468342993,-0.2773608629558921,Short skate返航,南向返航
132.20000000000002,A0200,-27164.097667727,854.6829093129109,5967.376661679645,158.99359326506573,181.24898801406908,-5.790401857746903,-3.4450166719454387,Short skate返航,南向返航
132.20000000000002,B0200,15420.93781346429,-945.9081333470622,5654.337728555282,200.41909695941533,357.2741242680849,-6.127782175299744,-11.24531223317119,平飞,无
132.4,A0100,-27763.256904071084,-493.4992040059078,5743.146262389421,223.56531374502785,178.0802863305673,-2.935612467741694,-0.5888232242462427,Short skate返航,南向返航
132.4,A0200,-27195.866470411493,853.5969954706725,5966.523962541992,159.03533630358453,181.42426038709223,-5.657324138546268,-2.3213994818394217,Short skate返航,南向返航
132.4,B0200,15460.948474501209,-947.372623003298,5653.753697057017,200.15145446081013,357.4077446836505,-4.265587886228781,-8.810897901205427,平飞,无
132.6,A0100,-27807.942934340797,-492.37340478923215,5742.109421576742,223.6660488142529,178.1504883019202,1.1287833517166783,-1.4465586112843765,Short skate返航,南向返航
132.6,A0200,-27227.661514916574,852.5151053848858,5965.165753241841,159.43457225802385,181.54812156654188,-2.0958745629114945,2.6167811732990858,Short skate返航,南向返航
132.6,B0200,15500.963609545592,-948.841020112788,5652.729351786223,200.40703275381065,356.87049452677326,1.1431184108276695,-2.887946190703192,平飞,无
132.8,A0100,-27852.68332932489,-491.23636152232575,5741.207367912137,223.9168646338528,178.26781162000876,4.998819373724191,2.891245307242195,Short skate返航,南向返航
132.8,A0200,-27259.53382411988,851.4266257621221,5963.593512223423,159.81920502218136,181.8448820115761,3.253279721042494,5.601361045242479,Short skate返航,南向返航
132.8,B0200,15541.022557502218,-950.3684981250008,5651.780095482508,200.5636015115884,356.84915734652753,5.182771826431115,1.4391763681899798,平飞,无
133.0,A0100,-27897.42675543948,-490.1283962550442,5740.873842995521,223.5918974157288,178.46788697515234,7.097088652053567,5.41663726283651,Short skate返航,南向返航
133.0,A0200,-27291.45591347073,850.2923834039848,5962.305137817233,159.78211414724663,182.1797042153596,8.15457016066914,1.969601326694092,Short skate返航,南向返航
133.0,B0200,15581.102050881964,-951.915405774791,5651.084851341336,200.57676661430156,357.1522366717293,5.629490502667315,5.419955028075435,平飞,无
133.20000000000002,A0100,-27942.103779499263,-489.0884352223256,5741.208184401779,223.37557988348712,178.51092213310528,5.433426377401256,5.569289774964438,Short skate返航,南向返航
133.20000000000002,A0200,-27323.35090914386,849.133027749991,5961.654036784284,159.44395782230012,182.3691862487035,11.763425985860026,-1.968433954006829,Short skate返航,南向返航
133.20000000000002,B0200,15621.191189824463,-953.4288099058932,5650.573457857676,200.59655285489671,356.91362820994647,2.7198998250770927,5.507722818806117,平飞,无
133.4,A0100,-27986.76715174099,-488.09275611524026,5741.79117892931,223.427711151277,178.383102105213,2.047947277196453,5.5856854003304255,Short skate返航,南向返航
133.4,A0200,-27355.17888819552,847.9858496378929,5961.639712880866,159.00697312855294,182.36537560800664,14.016020135277106,-1.6148110460377725,Short skate返航,南向返航
133.4,B0200,15661.280968909192,-954.931457040564,5650.176300187066,200.70358069331704,356.8586791577717,-0.7462842273424931,3.20900712598376,平飞,无
133.6,A0100,-28031.451834228857,-487.10589547439486,5742.190824872359,223.5331276752666,178.1811057369256,-1.4065367090907706,5.741424306552994,Short skate返航,南向返航
133.6,A0200,-27386.90549118712,846.8502529447269,5962.173050608344,158.56456075907997,182.23533145237815,13.259178175737054,-0.7613513570901446,Short skate返航,南向返航
133.6,B0200,15701.439630977078,-956.4766350607832,5649.210554897853,201.3976858052746,357.0516087086045,-4.112489454320954,8.379943233790193,平飞,无
133.8,A0100,-28076.12256665935,-486.1089417485182,5742.139648748409,223.18928049352184,177.7855587738464,-3.820470207242783,3.2025716096316303,Short skate返航,南向返航
133.8,A0200,-27418.566933248905,845.7207703236581,5963.093097234438,158.43094106732127,182.09110566524205,10.529257083833029,-0.1560898930445362,Short skate返航,南向返航
133.8,B0200,15741.708128954971,-958.1231928347834,5647.129783777887,202.0570368736896,356.6573983439316,-6.370543981869042,14.284274469126045,平飞,无
134.0,A0100,-28120.72029622161,-485.08053557203857,5741.663548695831,223.04584422813645,178.00725123713596,-2.995400723681701,1.925363320373184,Short skate返航,南向返航
134.0,A0200,-27450.21961413675,844.5917865730371,5964.174937058877,158.51333494029848,181.9441391211716,7.191184837871448,0.1193157234504965,Short skate返航,南向返航
134.0,B0200,15782.00857395688,-959.8767064851718,5644.24616135531,202.41227120060464,357.2076884696606,-4.341301039969714,15.065969708193702,平飞,无
134.20000000000002,A0100,-28165.32719285532,-484.0452400286067,5740.811977145173,223.1312658028853,178.11596426913306,0.8349280840138135,1.5219576296341095,Short skate返航,南向返航
134.20000000000002,A0200,-27481.91343437042,843.4669472060123,5965.163857309161,158.81827416116363,181.92233403568375,3.756721291200775,1.186673316065811,Short skate返航,南向返航
134.20000000000002,B0200,15822.368557885162,-961.5938418967808,5641.126703229101,202.6515797799809,358.70103999894155,0.995120835013778,14.166442003816544,平飞,无
134.4,A0100,-28209.92766170083,-483.0011380760043,5740.261032908943,223.11221964010784,178.37446817160364,4.094285538130298,0.7083080111410109,Short skate返航,南向返航
134.4,A0200,-27513.682997353502,842.3390386563715,5965.8102903314775,159.11707308611648,181.8584186180012,0.3615784358422094,3.0895498012484754,Short skate返航,南向返航
134.4,B0200,15862.752792734793,-963.055597751768,5638.740612682796,202.01140547672216,359.6024289885879,5.700399416674021,5.153865665844168,平飞,无
134.6,A0100,-28254.55490397876,-481.9643032904533,5739.962293481665,223.24846450647007,178.59896771911346,4.324754060245096,4.945903819165901,Short skate返航,南向返航
134.6,A0200,-27545.50245498953,841.2032168520709,5966.072428822803,159.25482620633085,181.52574639692227,-2.9207447681472023,2.186549743365756,Short skate返航,南向返航
134.6,B0200,15903.02113233923,-964.3287304176628,5637.724656120572,201.097994683122,359.8770573299511,8.570426913431987,-1.43315553582949,平飞,无
134.8,A0100,-28299.19624002532,-480.96194579955227,5739.7829482891775,223.2601168940569,178.39207546527317,1.1685160216901405,7.797434911016668,Short skate返航,南向返航
134.8,A0200,-27577.335634905656,840.0765695429509,5965.901313410609,159.31367584416043,181.35019384350528,-5.917754913966476,-0.831333977671477,Short skate返航,南向返航
134.8,B0200,15943.173378660522,-965.5544486090012,5637.672862586223,200.71510043281145,359.8716496589732,8.010950348595932,1.648021759718616,平飞,无
135.0,A0100,-28343.818237320786,-480.0032248666648,5739.611181578998,222.94832899995328,177.9000222424464,-1.4195575972397498,5.71272197867081,Short skate返航,南向返航
135.0,A0200,-27609.1807658469,838.9618573048938,5965.041861191982,159.4628536171411,181.48017416011768,-8.185430844715194,-0.753648585343061,Short skate返航,南向返航
135.0,B0200,15983.282890678816,-966.7163091046776,5638.02930736354,200.55362991668048,359.60274664522325,4.829106822772497,5.067862178479051,平飞,无
135.20000000000002,A0100,-28388.3824396682,-479.0485534846666,5739.380002668557,222.94664013939192,178.15949092147423,-0.511263561430763,4.514004842471665,Short skate返航,南向返航
135.20000000000002,A0200,-27641.03091240629,837.8510408012226,5963.347103704814,159.7589704557946,181.64415388660905,-7.637248380181692,2.7306949573944697,Short skate返航,南向返航
135.20000000000002,B0200,16023.350339309778,-967.7969999493451,5638.663035798388,200.23976142955,359.1426008004665,1.3261543105887534,3.036940530742425,平飞,无
135.4,A0100,-28432.97368886534,-478.1063346770625,5738.9887937307485,222.954889309695,178.28321200352593,2.1135632751963445,4.108798333740392,Short skate返航,南向返航
135.4,A0200,-27672.92416677554,836.7457667834315,5961.026206479068,160.1942960998952,181.8407221136366,-4.617271990268019,5.400722974177255,Short skate返航,南向返航
135.4,B0200,16063.33974366081,-968.8368871314706,5639.432016728727,199.9523201724754,359.0656761636988,-2.1338381117949954,-0.202733380577204,平飞,无
135.6,A0100,-28477.538841769616,-477.1950897300667,5738.996718348185,222.8759779088816,178.5042850132456,5.168305794316988,3.3987849051499763,Short skate返航,南向返航
135.6,A0200,-27704.87699524213,835.6204074307807,5958.5477893584775,160.44988695952367,182.08330002407152,-0.1062907122660178,1.9455141742073312,Short skate返航,南向返航
135.6,B0200,16103.321556026429,-969.863778803825,5639.651160553748,200.06754223941763,359.1554175928672,-5.146409532530823,2.750102709605235,平飞,无
135.8,A0100,-28522.09842711778,-476.31528809376687,5739.384224902828,222.7492004116993,178.6108277877594,5.319130063837849,5.304310220678125,Short skate返航,南向返航
135.8,A0200,-27736.87980544073,834.4754375934717,5956.3587020058,160.52578931771524,182.2244876875869,4.879969790079641,-2.378971473958211,Short skate返航,南向返航
135.8,B0200,16143.310776581,-970.8809544085044,5638.920411170487,199.89373580599556,358.7854426740073,-7.123809279226454,3.59444099753221,平飞,无
136.0,A0100,-28566.6338372036,-475.46914453505633,5740.01371483228,222.7682923230425,178.49650942319562,2.121354256761877,5.50850037805171,Short skate返航,南向返航
136.0,A0200,-27768.92018915848,833.3446641280188,5954.586612724855,160.55616528640866,182.22922637978988,9.112645657031983,-2.1218836763186117,Short skate返航,南向返航
136.0,B0200,16183.21243759464,-971.9040699403396,5637.5724443526215,199.6706811826891,358.8371588424522,-4.909361069960886,2.5699953032628384,平飞,无
136.20000000000002,A0100,-28611.20863504996,-474.6182091020346,5740.384181711656,223.12137156843215,178.42142267452104,-1.3287310102330554,7.743594519202928,Short skate返航,南向返航
136.20000000000002,A0200,-27800.96293170297,832.2289215273777,5953.309023899896,160.258541795217,182.21527678683435,11.997929085589258,-0.0883391353973988,Short skate返航,南向返航
136.20000000000002,B0200,16223.136381817032,-972.920650992316,5635.796324943095,200.0775569735234,359.3379786779901,0.7224520472863826,5.909488588042564,平飞,无
136.4,A0100,-28655.82614959732,-473.7393968738888,5740.102929963751,223.02147355287624,177.9193225677705,-3.69826160734426,8.087144236454453,Short skate返航,南向返航
136.4,A0200,-27832.940950347194,831.1149902811176,5952.67402634271,159.7726580046517,182.2722811868248,12.884888636241742,0.9271841649110636,Short skate返航,南向返航
136.4,B0200,16263.117296542305,-973.8604148926224,5634.238352909767,199.98659025318517,359.8677257408997,6.3157401279945145,6.115201843351069,平飞,无
136.6,A0100,-28700.373642562205,-472.8438139271748,5739.460153439957,222.6232750866425,177.74788116157933,-2.8365591786643374,2.4204905879370178,Short skate返航,南向返航
136.6,A0200,-27864.84138662191,829.9863402657938,5952.566241039557,159.48853782643235,182.24690518080365,11.044035674327375,1.4726764951343132,Short skate返航,南向返航
136.6,B0200,16303.016069536672,-974.6598471572352,5633.719262339369,199.0938211081798,0.0307220645491822,9.476670926313371,-0.7778457706285355,平飞,无
136.8,A0100,-28744.87804995713,-471.9241694406373,5738.673199467006,222.6916586932396,178.11128791430357,0.957692322477876,0.719389229240494,Short skate返航,南向返航
136.8,A0200,-27896.71417893801,828.838352381501,5952.777070393992,159.48955103251353,182.08683942645456,7.947131392087386,1.7624602779914529,Short skate返航,南向返航
136.8,B0200,16342.750584344452,-975.43176294944,5634.271107666872,198.4963634258156,0.0931034614973984,8.81368177712594,-4.056592504182822,平飞,无
137.0,A0100,-28789.41535677344,-470.9978122110715,5737.965353920354,222.7232145304951,178.28253479124322,4.893102574418875,-0.0091253414813847,Short skate返航,南向返航
137.0,A0200,-27928.60611272049,827.6769973220362,5953.07018220791,159.67950319965288,181.8900640954921,4.528780261210784,1.8164554171071632,Short skate返航,南向返航
137.0,B0200,16382.441029646772,-976.2039080091644,5635.177963777987,198.63107928897355,0.20014980164752,5.632201642631336,-0.3259514634444586,平飞,无
137.20000000000002,A0100,-28833.92209400689,-470.0504033155048,5737.912235232176,222.48753540420347,178.53573767100573,7.036435005570718,-0.8978439985762755,Short skate返航,南向返航
137.20000000000002,A0200,-27960.55406631696,826.5156235749455,5953.193767586451,160.05419322352233,181.8121783453847,1.0910924149882777,2.7561390983007,Short skate返航,南向返航
137.20000000000002,B0200,16422.17261148491,-976.9430730247886,5636.002255776645,198.84944172678,0.0790711335946491,2.184336436628449,4.821536841869683,平飞,无
137.4,A0100,-28878.412467040194,-469.101162815683,5738.198530612417,222.58595305315475,178.73098618170567,4.4084887597877565,3.355383390395063,Short skate返航,南向返航
137.4,A0200,-27992.58422319595,825.352845868445,5952.903811337021,160.44343235232645,181.6309003881628,-2.282899399026908,2.86945260511696,Short skate返航,南向返航
137.4,B0200,16461.944471213777,-977.6370809461688,5636.543485120672,198.88079749899072,359.45263705467875,-1.202716513137103,6.282790667201408,平飞,无
137.6,A0100,-28922.92685192117,-468.1769867837902,5738.53339284435,222.6289251234488,178.57696060314615,0.8807280428906593,6.330656029342952,Short skate返航,南向返航
137.6,A0200,-28024.672443904783,824.1955709878257,5952.136715886112,160.7553969196361,181.444316131008,-5.083321329355546,0.6830301110107763,Short skate返航,南向返航
137.6,B0200,16501.658472304953,-978.2935610615732,5636.914122074495,198.22277347799323,358.7343675928738,-4.353190470070112,-1.1548614516111244,平飞,无
137.8,A0100,-28967.426454605105,-467.2792039231626,5738.741688444009,222.3742655076238,178.04577687361962,-2.527015592654565,4.254246243417729,Short skate返航,南向返航
137.8,A0200,-28056.79292200601,823.0511802258316,5950.803661130863,160.91813564893636,181.4845787639172,-5.016815415209608,0.4768424470962177,Short skate返航,南向返航
137.8,B0200,16541.205493878562,-978.974241502754,5637.076465647153,197.33456374709883,358.8993939615459,-6.449141703502505,-9.18220999280781,平飞,无
138.0,A0100,-29011.86698186034,-466.3601453751999,5738.527354592297,222.20302657268329,177.9338832825433,-4.836084328347416,3.18463394534712,Short skate返航,南向返航
138.0,A0200,-28088.93682815497,821.9123289232011,5949.100783588635,161.20220027548456,181.56723721697017,-1.3566587275852378,1.2780765784917243,Short skate返航,南向返航
138.0,B0200,16580.615960609888,-979.6430997949838,5636.6201083034,197.03554279898964,358.9698542695228,-4.513843610805861,-7.116425849556786,平飞,无
138.20000000000002,A0100,-29056.297262500226,-465.39959260953947,5737.520170031486,222.36016961109723,178.27809001153463,-3.0207983346986844,7.54818288252325,Short skate返航,南向返航
138.20000000000002,A0200,-28121.136043713832,820.7704937868002,5947.386782685386,161.38812352407348,181.6492506246629,3.950305910296701,-0.0915606771149302,Short skate返航,南向返航
138.20000000000002,B0200,16620.031023173426,-980.299173615148,5635.664701110707,197.28157282810827,358.5250164545636,0.9287245363243684,-1.3973177369782537,平飞,无
138.4,A0100,-29100.75021183878,-464.44788150504974,5736.218673416348,222.3549608568632,178.84195037179867,1.3229518367765951,7.788279230530634,Short skate返航,南向返航
138.4,A0200,-28153.361834822612,819.6419585290278,5946.073619904039,161.33211552863708,181.7197656018235,8.713345223636134,-2.6773910882676586,Short skate返航,南向返航
138.4,B0200,16659.496283382996,-980.984940599944,5634.806834794412,197.4863334933022,358.4369302332677,6.4795884079873485,3.099921877326278,平飞,无
138.6,A0100,-29145.14001101848,-463.6155650279579,5735.597919158653,221.5426131093683,178.97654919712087,4.913210894329662,-0.2526562271063259,Short skate返航,南向返航
138.6,A0200,-28185.57787302631,818.5462282640565,5945.3008096099375,161.06073163771327,181.77777664259455,12.34216145464725,-2.120565585746319,Short skate返航,南向返航
138.6,B0200,16698.959339013007,-981.6557362092562,5634.455913716511,197.10652386230365,358.5475341558948,8.541898860398913,2.7996920353435435,平飞,无
138.8,A0100,-29189.341883309666,-462.7800155223522,5736.079515338763,220.68031041075244,179.14526579838204,4.892970018161546,-7.1459754945376055,Short skate返航,南向返航
138.8,A0200,-28217.7223676776,817.4789878204101,5945.191274397586,160.5289270029961,181.72690041905344,14.591700332132724,-1.43943602093365,Short skate返航,南向返航
138.8,B0200,16738.335700922213,-982.3053803265876,5634.8199317100425,196.885914734932,358.72680285078155,6.926799091039647,-1.399106475949704,平飞,无
139.0,A0100,-29233.44180807529,-461.8956207929332,5736.935200176307,220.6232385771485,179.70184916468975,1.6412281486486204,-4.194234964424691,Short skate返航,南向返航
139.0,A0200,-28249.75012670825,816.4331550221759,5945.691791452515,160.0214710002486,181.6416917739028,13.804017290920555,-0.8898371636812584,Short skate返航,南向返航
139.0,B0200,16777.74088608255,-982.96597707589,5635.2917139513975,197.2862099447052,359.04265587918525,3.66848027709711,-0.7648002417290364,平飞,无
139.20000000000002,A0100,-29277.58087559592,-461.0428106447962,5737.384186217989,220.87722896167887,179.9279201983223,-1.7511210543812017,0.5881774221465446,Short skate返航,南向返航
139.20000000000002,A0200,-28281.70157766279,815.402013031342,5946.623202987218,159.84705403284406,181.5702081271135,11.062477043349162,-0.6633919462202389,Short skate返航,南向返航
139.20000000000002,B0200,16817.229749089063,-983.622404128916,5635.439396177241,197.6561985254221,359.1976085036946,0.2653453952788049,3.233146735714919,平飞,无
139.4,A0100,-29321.74406180132,-460.2323191707819,5737.185541622242,220.70791329586328,179.5893621914312,-4.122248824216955,0.9739401133742676,Short skate返航,南向返航
139.4,A0200,-28313.637599912625,814.3836510070469,5947.749974580102,159.9073743774174,181.59378479763504,7.706714624995478,-0.7762642506625619,Short skate返航,南向返航
139.4,B0200,16856.77493552936,-984.2643022697504,5635.155597162249,197.76530734234285,358.8234554872028,-3.0807464447802366,4.240236084410103,平飞,无
139.6,A0100,-29365.84251216473,-459.4369682199649,5736.544225381469,220.5094685527876,179.50236318659282,-3.3241116580547514,-0.1318209677722221,Short skate返航,南向返航
139.6,A0200,-28345.611642975316,813.3744084718528,5948.807766391121,160.2056522911489,181.7611964376449,4.25946350153785,0.1667136549377516,Short skate返航,南向返航
139.6,B0200,16896.29550834956,-984.9042511499074,5634.509634020535,197.5441258715581,358.41854049675385,-5.539230266327938,-1.3589515612536982,平飞,无
139.8,A0100,-29409.96218667985,-458.6627685593503,5735.464132618419,220.8928531125934,179.53895526551796,0.4408386612621084,3.8419958507592207,Short skate返航,南向返航
139.8,A0200,-28377.665438949258,812.3633165613828,5949.523646741241,160.576911210294,181.89388471254463,0.8547978265774814,3.2056298925905966,Short skate返航,南向返航
139.8,B0200,16935.767923802698,-985.5688865826296,5633.37524769283,197.55692259353552,358.5025848069389,-4.17798626855799,-4.239595822516747,平飞,无
140.0,A0100,-29454.133154668816,-457.9312272250736,5734.478155167504,220.85738388481408,179.6368400392087,4.366363068351528,3.687324693483149,Short skate返航,南向返航
140.0,A0200,-28409.795433329244,811.3420237575156,5949.775751290373,160.86166774124496,181.65434601601996,-2.448104658086484,4.724610232743652,Short skate返航,南向返航
140.0,B0200,16975.2952498117,-986.233975771479,5631.673359930916,198.13601712248857,358.5258268656658,0.3302506751161669,0.0087702006899971,平飞,无
140.20000000000002,A0100,-29498.264436628157,-457.2660578224586,5734.241774398453,220.5907295049824,179.83433030098467,6.7718918329935,0.7123814078652633,Short skate返航,南向返航
140.20000000000002,A0200,-28441.957987147653,810.3163828476208,5949.569909345852,160.89329433784545,181.16927928691453,-5.483340564219271,0.7454940850202959,Short skate返航,南向返航
140.20000000000002,B0200,17014.909968854034,-986.9055459743648,5629.956036637388,198.3461987202278,358.7835583362038,5.938769493946452,5.551510096358906,平飞,无
140.4,A0100,-29542.376857301177,-456.64183008275,5734.532546705173,220.6108343862208,179.98401439038088,6.604966930698017,2.490422228096952,Short skate返航,南向返航
140.4,A0200,-28474.098754933475,809.3089505446533,5948.892267221721,160.73907161122392,181.08564945492748,-7.811119521942283,-3.924209724922184,Short skate返航,南向返航
140.4,B0200,17054.524711720318,-987.516243970611,5628.83832794935,197.90618248530183,359.0562061368102,7.9031485743999665,5.60619553926753,平飞,无
140.6,A0100,-29586.494252770703,-456.0701839421854,5735.053394932704,220.59950515635563,179.8350000653419,3.470808390410473,5.063400546715933,Short skate返航,南向返航
140.6,A0200,-28506.19367610257,808.313056963385,5947.599488160158,160.71199598691808,181.24154046129323,-7.128028742204664,-2.9994545490449624,Short skate返航,南向返航
140.6,B0200,17094.029341104342,-988.0409542056086,5628.622751401782,197.255602316538,359.0513905910421,6.080589288327068,-1.830572156461964,平飞,无
140.8,A0100,-29630.58897262511,-455.5547824560417,5735.707574328771,220.32642893400072,179.4342962729297,-0.0076340328871376,1.5438749384707957,Short skate返航,南向返航
140.8,A0200,-28538.30762499372,807.3185108610196,5945.74681678312,161.15819760192855,181.3241333816432,-3.2289806156987795,1.9177216033442173,Short skate返航,南向返航
140.8,B0200,17133.45853661474,-988.5882602859174,5628.937328946922,197.2032459349043,359.41356036403033,2.6943784253959,-6.396576615841391,平飞,无
141.0,A0100,-29674.59929447041,-455.0468692590202,5736.324110170977,219.93725577272212,179.62432982099543,-3.3357393691128725,-3.1437295781472208,Short skate返航,南向返航
141.0,A0200,-28570.49952968583,806.3211780912679,5943.665467049935,161.5343533843238,181.57466681772556,2.281132409918071,4.840482521311089,Short skate返航,南向返航
141.0,B0200,17172.93912227399,-989.1377998506432,5628.994927987701,197.65382967169717,359.89578821283595,-0.7175016347417034,-3.8237132908389113,平飞,无
141.20000000000002,A0100,-29718.582215603303,-454.5640373239421,5736.213795729036,219.9445150593605,179.95554072549646,-5.4577476731979,0.3003509034455077,Short skate返航,南向返航
141.20000000000002,A0200,-28602.74454529363,805.286940328615,5941.876347928533,161.50250824159963,181.86020410375517,7.261199100565752,1.0223237688439737,Short skate返航,南向返航
141.20000000000002,B0200,17212.49681969134,-989.6501108581588,5628.423531996463,197.97749668849173,0.0152240175206464,-4.003200134424529,0.8541009581532695,平飞,无
141.4,A0100,-29762.541200506792,-454.1169753258928,5735.288168777657,219.72205132998303,179.73507596910136,-3.3716688789737264,0.7010530643532854,Short skate返航,南向返航
141.4,A0200,-28634.975025523312,804.2431663419593,5940.746484582147,161.16713388182023,182.011037593916,10.969964641352764,-3.033264037518528,Short skate返航,南向返航
141.4,B0200,17252.073823493978,-990.1346007968268,5627.167333637307,197.90862041207595,359.63119726366443,-6.347916296788461,2.1920089725135923,平飞,无
141.6,A0100,-29806.46510583754,-453.6726148368725,5734.267280405016,219.7708498727609,179.77748090434173,0.9263096068030562,-0.3465062286366665,Short skate返航,南向返航
141.6,A0200,-28667.14898810141,803.2310160467405,5940.283865099268,160.7276235565249,182.0448529575116,13.396663871323268,-2.6688841201728764,Short skate返航,南向返航
141.6,B0200,17291.573713434078,-990.6121362975182,5625.574625889408,197.54256928003616,359.3855070886265,-4.766115136634203,-2.7499616156391657,平飞,无
141.8,A0100,-29850.441996977635,-453.2443406954735,5733.369027974837,220.06635406286227,179.9806067129091,4.850947610232471,3.666410280319264,Short skate返航,南向返航
141.8,A0200,-28699.226704037865,802.2438553173743,5940.405878122467,160.26107340213534,182.00774210579507,12.751353090244816,-1.6114993482268036,Short skate返航,南向返航
141.8,B0200,17331.04653498042,-991.1060825038747,5623.853801991665,197.6928189336851,359.2569868076891,0.097512800342366,-5.059738974700943,平飞,无
142.0,A0100,-29894.429876157148,-452.8800985824892,5732.989381741059,219.706407203333,180.05202014148347,7.010459326098547,3.502206562669744,Short skate返航,南向返航
142.0,A0200,-28731.23963355137,801.2680834163821,5940.953035534119,160.11301157260291,181.9044035722661,10.0314235281564,-0.6574678207888978,Short skate返航,南向返航
142.0,B0200,17370.583227001374,-991.621860154498,5622.212079562728,197.9512822627664,358.9332631332104,5.91036807375298,-1.6083635742897229,平飞,无
142.20000000000002,A0100,-29938.324109972968,-452.5748697376876,5733.381969150083,219.42822365677324,180.10803673290627,5.374859106163953,-0.5432245835927275,Short skate返航,南向返航
142.20000000000002,A0200,-28763.25115637654,800.2982625536533,5941.663980194402,160.28976317834812,181.88215105703216,6.686271293566592,0.9012548154974932,Short skate返航,南向返航
142.20000000000002,B0200,17410.11599388609,-992.1624103665508,5621.193251084914,197.42135079542263,358.7505228280813,9.48868888513266,1.0114029585492128,平飞,无
142.4,A0100,-29982.241139633115,-452.2890264811267,5733.863307107087,219.8215821787846,180.29834387281767,2.039766015092733,0.9072893943877184,Short skate返航,南向返航
142.4,A0200,-28795.32251697032,799.3242201318426,5942.230320952188,160.62643618914552,181.915335309592,3.258750707167747,4.122564084693281,Short skate返航,南向返航
142.4,B0200,17449.542514010936,-992.7037085355488,5620.971019896734,197.01848372682247,358.66887890421475,7.861590610544033,1.1327291664634325,平飞,无
142.6,A0100,-30026.22742821754,-452.03653196447885,5734.001713934169,219.9750009819786,180.0972916929886,-1.3805629207335544,3.5191224477033245,Short skate返航,南向返航
142.6,A0200,-28827.463963114125,798.331617658192,5942.4991906667965,160.9319129805705,181.6219728606297,-0.1288082711630996,5.661182304205779,Short skate返航,南向返航
142.6,B0200,17488.959341456055,-993.2518997194284,5621.080643305074,197.28206369794185,358.7514104410397,4.320452378683901,2.3530462226413382,平飞,无
142.8,A0100,-30070.194760173577,-451.8059619218693,5733.786207186122,219.6280518531758,179.62545851853105,-3.879790552062352,1.1258221038796503,Short skate返航,南向返航
142.8,A0200,-28859.6464451964,797.324636971176,5942.452032656678,161.00411350137824,181.09229108861012,-3.4129359942006467,1.7088591192158042,Short skate返航,南向返航
142.8,B0200,17528.44026729219,-993.7961102581912,5621.050620209063,197.51770929067456,358.6523897825166,0.843889205779952,4.583116130831347,平飞,无
143.0,A0100,-30114.094018795287,-451.5659183330226,5733.176809988157,219.5257267902873,179.72002935725095,-3.1094424475515083,-0.5364284145253261,Short skate返航,南向返航
143.0,A0200,-28891.822283877336,796.3329563300485,5942.05040747751,160.9447331606154,180.97115170862264,-6.034600976201242,-2.7973572903878168,Short skate返航,南向返航
143.0,B0200,17567.939531285276,-994.3272661915324,5620.882962190606,197.3959618945919,358.22735501228726,-2.5878338524277487,2.0755851802818333,平飞,无
143.20000000000002,A0100,-30158.02593027524,-451.3359373803432,5732.111331450049,219.9150009150098,179.85776112229445,0.69117114354447,3.5839908912402856,Short skate返航,南向返航
143.20000000000002,A0200,-28923.980853104407,795.358902165859,5941.135207762513,160.96760576942495,181.1484046376148,-5.77690606951451,-1.613157674675999,Short skate返航,南向返航
143.20000000000002,B0200,17607.37542161866,-994.8814719999764,5620.554982745026,197.0772610086332,358.3282925780445,-5.128929632099747,-1.8654822584080093,平飞,无
143.4,A0100,-30202.00595709709,-451.1389344797044,5731.173291583278,219.86024496347537,179.9789746849942,4.579940729800109,3.5761447808379936,Short skate返航,南向返航
143.4,A0200,-28956.16397852012,794.3904341750822,5939.710585619813,161.36933515581038,181.3162137295309,-2.078032617414704,3.430074265622617,Short skate返航,南向返航
143.4,B0200,17646.77399123424,-995.4519335418564,5619.683851238808,197.1666050738179,358.5815092509923,-3.8055949211511138,0.8969475965398251,平飞,无
143.6,A0100,-30245.94163429152,-450.9956372738652,5731.00078813353,219.5830191223445,180.2098733193749,6.953763889863054,0.5962165259775053,Short skate返航,南向返航
143.6,A0200,-28988.42420577711,793.4134546633741,5938.084532254229,161.74521584397309,181.70189399594545,3.343105508186085,6.386936809913292,Short skate返航,南向返航
143.6,B0200,17686.202027426974,-996.0245969645202,5618.399183767188,197.2844566045528,358.60879410145407,0.2076067047256259,1.4884957030737596,平飞,无
143.8,A0100,-30289.856372374383,-450.88241389148425,5731.35656476503,219.60443661683223,180.39594791988324,6.77814863253816,2.312316161150543,Short skate返航,南向返航
143.8,A0200,-29020.73178378537,792.3801785283777,5936.766722764232,161.6826475142308,182.117379630308,8.227463649985138,2.5719143093302788,Short skate返航,南向返航
143.8,B0200,17725.641265505274,-996.604929719867,5617.399883611453,197.35741711496823,358.845636169486,4.381680067368614,0.5179873915576357,平飞,无
144.0,A0100,-30333.775620442942,-450.81279543552046,5731.940699404528,219.5958562519271,180.2887143537403,3.651727392239605,4.858421131773679,Short skate返航,南向返航
144.0,A0200,-29053.00737646844,791.3086385104416,5936.115186198922,161.3167362918948,182.3193873553004,11.794583745511266,-2.071136071395215,Short skate返航,南向返航
144.0,B0200,17765.118892126262,-997.1820573243658,5616.712209683394,197.4721666483601,359.15941948210053,6.893055360987589,3.8500350563870382,平飞,无
144.20000000000002,A0100,-30377.671605814805,-450.797945804321,5732.661589577487,219.3248106053045,179.77112239216362,0.1830726670482625,1.6646325842756666,Short skate返航,南向返航
144.20000000000002,A0200,-29085.21245103499,790.2483881520639,5936.119124309765,160.87719145339182,182.2726409606884,14.01112688799745,-2.740276655833713,Short skate返航,南向返航
144.20000000000002,B0200,17804.590451803106,-997.7132308166356,5616.435639947032,197.21560276801168,359.2328776980349,6.721790565986455,3.937473507894035,平飞,无
144.4,A0100,-30421.484240057114,-450.777294710746,5733.354142334896,218.9439426815312,179.87822731854584,-3.147498419637388,-2.831288610344,Short skate返航,南向返航
144.4,A0200,-29117.31561200197,789.2102255200643,5936.675801517149,160.4276697037364,182.1263303909215,13.179295119561967,-2.0577169307812317,Short skate返航,南向返航
144.4,B0200,17844.02159741855,-998.2039604652072,5616.619506109469,197.27079283373905,359.24351059360896,3.654285617088613,0.2134370166856322,平飞,无
144.6,A0100,-30465.271895718397,-450.7653611044643,5733.333463376293,218.9553848423884,180.23648141112255,-5.286472017648845,0.6620974186375125,Short skate返航,南向返航
144.6,A0200,-29149.35203033453,788.1893586951701,5937.629339639957,160.28652799081092,181.99029495001463,10.384571760381132,-1.292967618316949,Short skate返航,南向返航
144.6,B0200,17883.518379720746,-998.6938694765204,5616.632170247694,197.7610236491039,359.4325788520988,0.2322488479612285,1.0010044416205424,平飞,无
144.8,A0100,-30509.036592053428,-450.77757187256975,5732.511559729708,218.72522319706843,180.06879424017987,-3.2254257916585263,1.2494439895700329,Short skate返航,南向返航
144.8,A0200,-29181.386156198983,787.1796724071028,5938.720929357892,160.46070631816738,181.9803030745892,7.02506814740762,0.1887429345233494,Short skate返航,南向返航
144.8,B0200,17923.098040524084,-999.1705031373668,5616.119717790572,198.00970264248872,359.2345375913466,-3.1299089162341547,1.1930981710939328,平飞,无
145.0,A0100,-30552.7649172847,-450.78772641787873,5731.601555625017,218.7654319670205,180.1764281863314,1.0615146253068504,0.2989679100371636,Short skate返航,南向返航
145.0,A0200,-29213.48048965768,786.1677566332692,5939.646822105289,160.77993660351984,182.0372394678979,3.6005084463044623,3.4034218676991577,Short skate返航,南向返航
145.0,B0200,17962.690849461098,-999.6545750542272,5615.115539851463,198.14456702188195,359.22800416775266,-5.623689241769419,0.2154326883413878,平飞,无
145.20000000000002,A0100,-30596.544648332496,-450.8129514686207,5730.81349160969,219.0609461845051,180.4474981628861,4.983152237332323,4.308775888421057,Short skate返航,南向返航
145.20000000000002,A0200,-29245.644928731388,785.1380702712431,5940.25813098119,161.06516095361127,181.76808002797543,0.2149473729546001,4.952862456085358,Short skate返航,南向返航
145.20000000000002,B0200,18002.298845005404,-1000.1400158062096,5613.374720922924,198.37092208486428,359.3735239494963,-4.0357215490384215,3.803900859748928,平飞,无
145.4,A0100,-30640.33428351609,-450.9059501420961,5730.533024673632,218.7077121636613,180.56984656955447,7.150598003779798,4.1483180534933,Short skate返航,南向返航
145.4,A0200,-29277.848972438107,784.094853473569,5940.53808366574,161.1100547156552,181.2639479747401,-3.0523248164429324,0.9991468936069716,Short skate返航,南向返航
145.4,B0200,18041.94134957408,-1000.609251161397,5611.3457007621855,198.50364836070477,359.58266003068155,0.3790538608112546,4.34068921165862,平飞,无
145.6,A0100,-30684.02898681295,-451.064751816255,5731.014785665571,218.43201812528125,180.62787887685712,5.529384595476878,0.0928149876058855,Short skate返航,南向返航
145.6,A0200,-29310.047537270977,783.0662616555637,5940.437656716104,161.06856978354406,181.1796560473648,-6.024509396196111,-3.5218708776362377,Short skate返航,南向返航
145.6,B0200,18081.58168616289,-1001.0217051410272,5609.842221575367,198.1973018241876,359.7801174745239,5.03833911613709,-0.5141644630597806,平飞,无
145.8,A0100,-30727.74646556076,-451.24410216893193,5731.582086343251,218.8268670938648,180.7977359751382,2.197053521771261,1.5111663942257154,Short skate返航,南向返航
145.8,A0200,-29342.237562569244,782.0448797325207,5939.683253598231,161.09425771027037,181.4875870704856,-8.22698951241072,-2.4386059443388755,Short skate返航,南向返航
145.8,B0200,18121.17591169862,-1001.4254179933168,5609.153583595067,197.86776278633232,359.8331032509432,8.66021476684577,-2.1686553047408035,平飞,无
146.0,A0100,-30771.533822114696,-451.4541233046275,5731.807416455871,218.98183584649743,180.57645006283389,-1.2207770584857571,4.136301506309059,Short skate返航,南向返航
146.0,A0200,-29374.414884629758,781.014409512627,5938.11003413856,161.31539269416527,181.68014208686176,-7.544073058611144,2.595601901535264,Short skate返航,南向返航
146.0,B0200,18160.711334524556,-1001.8313775203032,5609.081678023432,197.45291920812596,359.7579876709594,8.375013642264381,0.0248954118035366,平飞,无
146.20000000000002,A0100,-30815.30291097483,-451.6834283714125,5731.684717897595,218.63423163133152,180.09044341321226,-3.726030547799336,1.814186430855237,Short skate返航,南向返航
146.20000000000002,A0200,-29406.62798080465,779.9841019672203,5935.923055973018,161.70591623616588,181.84580327704816,-4.441836825192433,6.09424322982539,Short skate返航,南向返航
146.20000000000002,B0200,18200.19229076597,-1002.2315136063072,5609.456086855987,197.52582874561816,359.7229960146913,5.171183692799776,2.4319604939802257,平飞,无
146.4,A0100,-30859.004297774976,-451.9000427667252,5731.176907834921,218.5262041141056,180.2014440114,-2.9757543055980724,0.1918750933975674,Short skate返航,南向返航
146.4,A0200,-29438.893482533284,778.9272343282555,5933.601920963742,161.9135056019595,182.11263453403532,0.1127340788617587,3.07674443241164,Short skate返航,南向返航
146.4,B0200,18239.72941197771,-1002.6170821533104,5609.73655994834,197.89838967692484,359.64767121540564,1.719497719185379,6.744949066920997,平飞,无
146.6,A0100,-30902.73846772921,-452.12334926585936,5730.215577563229,218.9143337511757,180.39662926794068,0.8061561033142206,4.305725494698758,Short skate返航,南向返航
146.6,A0200,-29471.19617312115,777.8343807866131,5931.645081832907,161.858609266326,182.15444281738004,5.036913508553658,-4.44385561907265,Short skate返航,南向返航
146.6,B0200,18279.3337282509,-1002.9777893232484,5609.7168526230935,198.0577313810024,359.07343958883393,-1.6678072510900248,7.799902371132853,平飞,无
146.8,A0100,-30946.52016065786,-452.3827530506205,5729.374505073063,218.8620534165721,180.6062402660561,4.6903898650589975,4.292620061208436,Short skate返航,南向返航
146.8,A0200,-29503.501547528165,776.7972158529028,5930.291310872053,161.64708681780576,181.8063712170816,9.171409094462833,-10.015570351088735,Short skate返航,南向返航
146.8,B0200,18318.891762503183,-1003.3139875517882,5609.540247680116,197.39830271965573,358.43966194383995,-4.243176118251216,0.1713771383629498,平飞,无
147.0,A0100,-30990.25594460258,-452.7089030545267,5729.288375545266,218.5887038858912,180.891962031434,7.065626428387638,1.35115308102389,Short skate返航,南向返航
147.0,A0200,-29535.78377486933,775.8777398278908,5929.517377751747,161.38692234522767,181.31786463529548,12.005736813149152,-7.572225465935568,Short skate返航,南向返航
147.0,B0200,18358.29489922622,-1003.6875579983534,5609.374843638909,196.78260499454476,358.5461691027374,-3.7193370677021713,-7.5464303963490655,平飞,无
147.20000000000002,A0100,-31033.969857756696,-453.0761345343144,5729.72259701423,218.6123118822545,181.0779695147428,6.895100653753045,3.0613914701858027,Short skate返航,南向返航
147.20000000000002,A0200,-29568.012376789626,775.0365455624778,5929.197940889877,161.0379117196481,181.061248634741,11.645693821650392,-2.555329433725296,Short skate返航,南向返航
147.20000000000002,B0200,18397.6459037184,-1004.0976528329091,5608.947674145224,196.8909489993716,358.74296495698434,-1.8340841694031471,-4.970509851755098,平飞,无
147.4,A0100,-31077.687941716293,-453.493618793289,5730.378903226763,218.605785086499,180.93508124734137,3.780367433547125,5.598635894943329,Short skate返航,南向返航
147.4,A0200,-29600.1890604426,774.2321676901684,5929.2960423412405,160.8876831676708,180.93165708463857,8.993561703094395,-0.3199906100916875,Short skate返航,南向返航
147.4,B0200,18437.049179865564,-1004.518133319416,5608.149396784421,197.2258182043573,358.7077524366027,0.332359998049074,0.745139328714084,平飞,无
147.6,A0100,-31121.382176843254,-453.96555558862747,5731.170862212284,218.33603209640225,180.53361370482077,0.3051910345227845,2.18912930506214,Short skate返航,南向返航
147.6,A0200,-29632.363308069405,773.4438370609387,5929.591672538787,161.00250279084085,180.93261383923425,5.654709481241073,0.2245306632850942,Short skate返航,南向返航
147.6,B0200,18476.49278439208,-1004.9476292235222,5607.3326290870855,197.22001241338245,358.6247117507125,2.895993178072373,1.684717629976654,平飞,无
147.8,A0100,-31164.993443164403,-454.44232134099184,5731.936010174257,217.9571311037561,180.6978148075085,-3.037518440704969,-2.331485913057076,Short skate返航,南向返航
147.8,A0200,-29664.584600399765,772.6650151549729,5929.796819655701,161.3506263236097,181.08433019291343,2.215712856679497,1.3170931748707997,Short skate返航,南向返航
147.8,B0200,18515.92164891016,-1005.3841319244484,5607.002758413534,197.18974101010517,358.79771589359615,5.547564427749911,0.6305649102874723,平飞,无
148.0,A0100,-31208.581243278724,-454.933243415584,5731.9907131645305,217.9733668566998,181.01447686329303,-5.185678467892078,1.1231662174948018,Short skate返航,南向返航
148.0,A0200,-29696.88124327844,771.8808667742251,5929.653833859826,161.6837338929348,181.0212250780639,-1.1799183664243222,1.6193115683887165,Short skate返航,南向返航
148.0,B0200,18555.3564522515,-1005.8216204905848,5607.060186334908,197.13925719139007,358.9876839115557,5.750442448411967,2.069043934107951,平飞,无
148.20000000000002,A0100,-31252.148674765034,-455.44920818146966,5731.242285131439,217.75216090198504,180.84632330555883,-3.14545235224354,1.6535085363507465,Short skate返航,南向返航
148.20000000000002,A0200,-29729.21708382453,771.093545793532,5929.1406225060055,161.765792612118,180.76943724433448,-4.4609735859239485,-3.3560224951176068,Short skate返航,南向返航
148.20000000000002,B0200,18594.79137343844,-1006.2487678534198,5607.347464274705,197.27723022602703,359.0183857273233,2.858663328072916,2.251928434296984,平飞,无
148.4,A0100,-31295.6813783975,-455.9686522565389,5730.397603871945,217.80059920547828,180.9654368187929,1.1297613491401923,0.6624257578574088,Short skate返航,南向返航
148.4,A0200,-29761.54541891715,770.3292165777912,5928.232239314002,161.7533860586542,180.98649266752773,-7.030843719405534,-8.808886245837163,Short skate返航,南向返航
148.4,B0200,18634.2872843575,-1006.6794944194844,5607.442623209083,197.7807867460301,359.0611970544409,-0.5414171470300724,3.939077664266286,平飞,无
148.6,A0100,-31339.266398975844,-456.509728111967,5729.664447380712,218.10206233240305,181.2477093122349,5.050655852078987,4.636444740048732,Short skate返航,南向返航
148.6,A0200,-29793.857497874516,769.5674347495769,5926.782939468758,161.8323429459787,181.237121177537,-6.684823181511314,-8.102305878299552,Short skate返航,南向返航
148.6,B0200,18673.873490889964,-1007.118439337808,5606.963497152911,198.02277424003924,358.7317332046802,-3.8302830496445175,4.283843560194146,平飞,无
148.8,A0100,-31382.860809647624,-457.1258153139297,5729.429753522289,217.75446954156536,181.37483875374744,7.222649301835473,4.509739743043346,Short skate返航,南向返航
148.8,A0200,-29826.19533501488,768.7929438984684,5924.809680633049,162.27797464282432,181.00442779643163,-2.9166140391291293,-3.084076170591559,Short skate返航,南向返航
148.8,B0200,18713.441198402208,-1007.5697599360274,5606.042650598765,197.77166122836687,358.38950037606514,-6.20995032731861,-0.6237367894743481,平飞,无
149.0,A0100,-31426.359692986294,-457.81537349557584,5729.949332596629,217.48259240053943,181.41202471418745,5.616122309017007,0.4888259442738271,Short skate返航,南向返航
149.0,A0200,-29858.616159717025,768.0298051646987,5922.615883653973,162.74159392564778,180.86899521172083,2.5457709929468155,3.2083842433866354,Short skate返航,南向返航
149.0,B0200,18752.95057612548,-1008.0519402143173,5604.634704389944,197.7613152129605,358.5301184861489,-4.819494904056462,-3.208157155102122,平飞,无
149.20000000000002,A0100,-31469.88139623078,-458.53003880150936,5730.552473028954,217.87900988698743,181.5502864482893,2.2875967603487064,1.8898715048570685,Short skate返航,南向返航
149.20000000000002,A0200,-29891.115256039757,767.2527461886748,5920.603019686292,162.8872719561394,181.15497521257163,7.492113397962636,6.209698012652933,Short skate返航,南向返航
149.20000000000002,B0200,18792.507043703263,-1008.5418845937784,5602.652461400121,198.33911135891643,358.66745360711366,-0.3360994084389659,1.147507042477791,平飞,无
149.4,A0100,-31513.473382388063,-459.2785936039381,5730.814988404189,218.03678117646467,181.27087418067367,-1.1263281852445612,4.555929775432823,Short skate返航,南向返航
149.4,A0200,-29923.62180604458,766.4094845279378,5919.183824227268,162.52747751883663,181.5130122519072,11.071873191098325,1.9498161808586376,Short skate返航,南向返航
149.4,B0200,18832.150746439474,-1009.0336497767512,5600.644878928329,198.4727474419796,358.87369343305807,5.279034695615939,3.099242311903792,平飞,无
149.6,A0100,-31557.047568582435,-460.0460923904575,5730.7363255391465,217.69183595021408,180.7453082493843,-3.6376060542241806,2.2493831692352946,Short skate返航,南向返航
149.6,A0200,-29956.04842684454,765.5379870121233,5918.619021937502,161.92568905053108,181.67605618882536,13.68862752309886,-3.535625766252682,Short skate返航,南向返航
149.6,B0200,18871.75863190405,-1009.5021338257628,5599.448757302173,197.73730792777107,358.9717135682326,7.534916689880822,-3.554347537087965,平飞,无
149.8,A0100,-31600.555333893608,-460.7989842919196,5730.2772521328825,217.5863537934308,180.8609984581169,-2.905433489509269,0.6066770867927168,Short skate返航,南向返航
149.8,A0200,-29988.365392867825,764.7075133040707,5918.832408331429,161.33504855270436,181.5583367251968,15.440015833782883,-5.228380812270881,Short skate返航,南向返航
149.8,B0200,18911.217165465136,-1010.0567941200444,5599.369964338723,197.01014249612308,359.1786393441792,6.959701643017838,-9.296146438174253,平飞,无
150.0,A0100,-31644.096806347123,-461.557387295059,5729.364179993867,217.9778382377972,181.0867480220218,0.8600717973168495,4.69004323091028,Short skate返航,南向返航
150.0,A0200,-30020.553694460687,763.9381696600849,5919.6780788411525,160.8118612144009,181.4189566430084,14.42701328772485,-5.077867994208565,Short skate返航,南向返航
150.0,B0200,18950.611832822087,-1010.70527860537,5599.7389367864025,197.1190181711897,359.7048070772842,3.914251762181527,-6.640340616502044,平飞,无
150.20000000000002,A0100,-31687.68588597291,-462.35475725920514,5728.564705320119,217.93063227789895,181.32755924952343,4.740989868534897,4.7000435672830845,Short skate返航,南向返航
150.20000000000002,A0200,-30052.656415390644,763.2220659739742,5920.963209493566,160.6026055222452,181.36625588182244,11.583925415408787,-4.181103166481566,Short skate返航,南向返航
150.20000000000002,B0200,18990.05998781112,-1011.3500121475072,5599.920434047644,197.42537088907972,0.0190267678137548,0.5167516745463807,-1.844772390226288,平飞,无
150.4,A0100,-31731.228190835554,-463.2250937582139,5728.5124306024445,217.65988740345324,181.6329829041781,7.117920739911246,1.767997629029797,Short skate返航,南向返航
150.4,A0200,-30084.741949920328,762.5407481377224,5922.4283909957885,160.72104625806844,181.45492837917035,8.197356322522381,-2.429857094075151,Short skate返航,南向返航
150.4,B0200,19029.574630366857,-1011.9661041920344,5599.642433821557,197.78954023320887,359.9436736597034,-2.859283551198745,3.374972494058395,平飞,无
150.6,A0100,-31774.74850907304,-464.1414643611661,5728.9732664979965,217.6890649920335,181.820670357361,6.952594933921242,3.452909354353528,Short skate返航,南向返航
150.6,A0200,-30116.87888899848,761.8651451998539,5923.764973113743,161.0022973402696,181.60835308905985,4.756969403711894,1.0086843314248828,Short skate返航,南向返航
150.6,B0200,19069.12909540405,-1012.5597294931458,5598.767641983621,197.7572864934309,359.41825589093764,-5.30065575455578,4.845690193967026,平飞,无
150.8,A0100,-31818.273244358224,-465.1110432197329,5729.650330595836,217.68663677300324,181.6616215642761,3.848544968596512,5.980329733724727,Short skate返航,南向返航
150.8,A0200,-30149.07880871522,761.1735864863222,5924.818311805575,161.2210511891306,181.4804346827824,1.3497906040635494,4.209203454251604,Short skate返航,南向返航
150.8,B0200,19108.613694427757,-1013.1370481331996,5597.607747415076,197.4051303134597,359.2201861237188,-3.910970479773544,-0.0528834774930607,平飞,无
151.0,A0100,-31861.773945489167,-466.1376380833426,5730.462307353544,217.4202313193585,181.24251888431948,0.3767913036959008,2.615600337630104,Short skate返航,南向返航
151.0,A0200,-30181.318977659863,760.4644448972394,5925.533085159166,161.29951140139724,181.0059223821064,-1.9479274405538431,3.969725253829409,Short skate返航,南向返航
151.0,B0200,19148.07829728081,-1013.7157061661964,5596.2994452531,197.6067340506578,359.34020416052874,-0.2019017515159288,-2.3604454566898765,平飞,无
151.20000000000002,A0100,-31905.19253239024,-467.17045182302354,5731.2506034841645,217.04704639008,181.38003345707145,-2.970735032242413,-1.8530335549957104,Short skate返航,南向返航
151.20000000000002,A0200,-30213.5581562573,759.7523781932887,5925.889726145393,161.17809597970387,180.5352050881308,-4.958498118857814,-1.7252778133525666,Short skate返航,南向返航
151.20000000000002,B0200,19187.6147432036,-1014.2882501785044,5594.898546421173,197.99059531060712,359.3338093522338,3.69936571593915,1.1108631692791544,平飞,无
151.4,A0100,-31948.589047055582,-468.2135742193568,5731.334191764923,217.0691214835723,181.68045517401276,-5.129754610922498,1.578983788650182,Short skate返航,南向返航
151.4,A0200,-30245.76539406839,759.0618323726922,5925.749212741292,160.99105779368583,180.69424714468465,-7.610848638182253,-8.021678607404194,Short skate返航,南向返航
151.4,B0200,19227.1928599167,-1014.83667271781,5593.849830447372,197.89330276512757,359.29037268169714,6.770445131312876,3.892152236246909,平飞,无
151.6,A0100,-31991.9666429168,-469.27750295630176,5730.617533619188,216.85280772676344,181.53386216682347,-3.1108770625063014,2.1406965906974165,Short skate返航,南向返航
151.6,A0200,-30277.93139163272,758.3512954284761,5924.833450040202,160.901325950699,181.31230191285587,-9.4731892872471,-8.295146486645825,Short skate返航,南向返航
151.6,B0200,19266.74337826072,-1015.3322276228746,5593.510062651244,197.6400189042824,359.3892625401188,8.316959229431134,4.058505491914046,平飞,无
151.8,A0100,-32035.310328353407,-470.34638520621047,5729.80159875651,216.90543925849903,181.6881703599796,1.1522343148026926,1.161219917038243,Short skate返航,南向返航
151.8,A0200,-30310.05581091825,757.5833414302415,5923.0258818626535,161.03833669641926,181.47114766696052,-8.28028136185021,-3.884356649793213,Short skate返航,南向返航
151.8,B0200,19306.255143816477,-1015.7806477416498,5593.678999716206,197.5840832095103,359.39042657764463,5.9294577185426665,3.670499122333091,平飞,无
152.0,A0100,-32078.70675410971,-471.4406480762154,5729.090298866846,217.21256110716135,182.00616540336745,5.071321222025564,5.112882264621938,Short skate返航,南向返航
152.0,A0200,-30342.20605530616,756.7947960058864,5920.578121526391,161.5172645172307,181.3942260723372,-4.122834948137678,2.6437449628725,Short skate返航,南向返航
152.0,B0200,19345.78718388641,-1016.1982710330813,5594.020574133934,197.78544717346512,359.3165903385034,2.4800373704993284,3.4926163605209486,平飞,无
152.20000000000002,A0100,-32122.11255681175,-472.6159835837607,5728.867961225555,216.87290486218123,182.1574602092076,7.248907434612145,5.004528824230887,Short skate返航,南向返航
152.20000000000002,A0200,-30374.43812414617,755.9967120342935,5917.936979815333,161.9357385857709,181.6091216998284,1.4624702062508566,6.225247423223357,Short skate返航,南向返航
152.20000000000002,B0200,19385.386330043297,-1016.6114074474408,5594.119841011703,198.29656104755017,359.24693433237667,-0.9815591032868706,5.197717346229588,平飞,无
152.4,A0100,-32165.42292120213,-473.8722041380497,5729.391551634886,216.60633059611263,182.18308924742885,5.6562422418089975,0.9973235390225156,Short skate返航,南向返航
152.4,A0200,-30406.73674882765,755.140543977006,5915.62622079334,161.9074935783067,181.95487939365785,6.500879279096188,2.7733895256837027,Short skate返航,南向返航
152.4,B0200,19425.07320500803,-1017.0350726282012,5593.603257320331,198.51763466599635,358.8016540191697,-4.221617944344756,5.307674664656949,平飞,无
152.6,A0100,-32208.756496452173,-475.1569395919323,5729.996260749651,217.0063049381844,182.29369135307863,2.331198131353188,2.3749862222764526,Short skate返航,南向返航
152.6,A0200,-30439.030955542832,754.2399336251237,5914.014607967547,161.56324900852974,182.1674129537728,10.198962202237484,-1.0133331939454138,Short skate返航,南向返航
152.6,B0200,19464.73900669597,-1017.4753216310746,5592.581250859083,198.28187253294,358.3966833313421,-6.530045652262564,-0.8401134850643468,平飞,无
152.8,A0100,-32252.160181442945,-476.475748729812,5730.263647183336,217.1338878961141,181.9360593540268,-1.078349272936058,2.432330609550037,Short skate返航,南向返航
152.8,A0200,-30471.28015613609,753.3358662868195,5913.098961273865,161.17718174484486,182.2478874666897,12.59436197670824,-0.567593907931628,Short skate返航,南向返航
152.8,B0200,19504.34764399072,-1017.9484926103224,5591.001228620236,198.3198511772285,358.5634363579535,-5.0716788108012665,-3.886569658591508,平飞,无
153.0,A0100,-32295.55946230943,-477.7985154251055,5730.134286550985,217.1600712086197,181.8019294586949,-4.314691461864985,1.5290758604704142,Short skate返航,南向返航
153.0,A0200,-30503.45411967861,752.4279021543207,5912.835692062705,160.69169558226324,182.25529679081927,13.323924067468566,0.2902973633737994,Short skate返航,南向返航
153.0,B0200,19544.009709913076,-1018.4240339122244,5588.809175139443,198.9284695906096,358.67542187676173,-0.5536273093092783,0.4285316809724505,平飞,无
153.20000000000002,A0100,-32338.963971928293,-479.1197775059318,5729.153936206187,217.05409463457036,181.5477782299864,-6.428776489852389,0.8148383791445887,Short skate返航,南向返航
153.20000000000002,A0200,-30535.54293686419,751.5089611997319,5913.098490141883,160.39576161962938,182.25035328234483,11.41001451852414,1.0430660456673104,Short skate返航,南向返航
153.20000000000002,B0200,19583.760716827448,-1018.9041190307698,5586.600998445233,199.05757260762223,358.80444747075995,5.074455372025742,2.287316255463208,平飞,无
153.4,A0100,-32382.29923337954,-480.4255308024585,5727.575346743392,216.9756415303621,181.5629258073908,-4.43474793944909,-0.2581725429628195,Short skate返航,南向返航
153.4,A0200,-30567.59797262684,750.5692764850683,5913.675007047834,160.37830075822242,182.153677103832,8.272241060883832,1.6705289743569969,Short skate返航,南向返航
153.4,B0200,19623.483365511245,-1019.3806329272902,5585.247588511236,198.32798689104703,358.81532543567243,8.01317655686645,-5.416440352936937,平飞,无
153.60000000000002,A0100,-32425.66535797596,-481.7338229988,5725.533540049533,217.33272000116037,181.659582305924,-0.432918174507423,3.8286104427342287,Short skate返航,南向返航
153.60000000000002,A0200,-30599.666835076107,749.6087809395158,5914.328858088489,160.54343661289744,181.95368941128928,4.843012192540377,2.1129929665363267,Short skate返航,南向返航
153.60000000000002,B0200,19663.046787302155,-1019.9981632139416,5585.157400041982,197.44772559797093,358.81270339323885,9.010237179189396,-11.61103013061672,平飞,无
153.8,A0100,-32469.074599212483,-483.0690229406664,5723.614939559842,217.26920832109988,181.82679315933947,3.442910893411084,3.80611490372742,Short skate返航,南向返航
153.8,A0200,-30631.787916785477,748.6406541542419,5914.804501352457,160.889665896944,181.8307642142636,1.405320339256454,3.3899357690573595,Short skate返航,南向返航
153.8,B0200,19702.489109137463,-1020.777068918067,5585.773166386412,197.17639569105407,359.282518810075,6.400045515384185,-10.445414379077972,平飞,无
154.0,A0100,-32512.45310626181,-484.4628862960872,5722.452079002795,216.98298582348,182.03061344716707,5.793653312711275,3.0025271837475414,Short skate返航,南向返航
154.0,A0200,-30663.98945466297,747.6658719835887,5914.855568977193,161.24251485608568,181.55483944201063,-1.955647522335492,3.786568792575388,Short skate返航,南向返航
154.0,B0200,19741.922201660866,-1021.62043726125,5586.536963412745,197.3986259779715,359.7913027584429,2.977786727687868,-7.755249204527803,平飞,无
154.20000000000002,A0100,-32555.801246738843,-485.9162372423653,5721.901447425487,216.73681460264095,181.9133109727556,5.601332706479398,5.049910129581244,Short skate返航,南向返航
154.20000000000002,A0200,-30696.231688257387,746.6904330936668,5914.481361616148,161.2870635540692,181.2106027672181,-4.716317313613452,-1.291626300798753,Short skate返航,南向返航
154.20000000000002,B0200,19781.42439752776,-1022.439716881022,5586.944251574931,197.7281611917908,0.131279894581042,-0.4347179626707999,-3.104589648715953,平飞,无
154.4,A0100,-32599.123143183384,-487.4133486217579,5721.74749992071,216.7907870071768,181.69058930516164,2.448760345002342,5.083689067964822,Short skate返航,南向返航
154.4,A0200,-30728.447560381912,745.7396800795013,5913.777056652783,161.12267054422054,181.24856600883933,-4.614732123609127,-6.860849793006558,Short skate返航,南向返航
154.4,B0200,19820.988247563742,-1023.215034569861,5586.760836278314,197.9804658246917,0.0809146887002326,-3.701039138406248,2.0748009532744622,平飞,无
154.60000000000002,A0100,-32642.45258644177,-488.9367811762204,5721.614147797856,216.67451254119317,181.267478034976,-1.01043204207564,1.2588495011596166,Short skate返航,南向返航
154.60000000000002,A0200,-30760.657848740644,744.8126266424151,5912.771613296738,161.34239215449782,181.15105264031823,-0.9995875796563816,-6.024845393898826,Short skate返航,南向返航
154.60000000000002,B0200,19860.567616888384,-1023.9579542425654,5585.8849397372,197.8670972499446,359.5597727243151,-5.996490638346205,3.5018343035800616,平飞,无
154.8,A0100,-32685.724450045927,-490.432278456814,5721.384782010486,216.36474415741628,181.42130980029413,-3.6286337461328606,-3.4414314250388056,Short skate返航,南向返航
154.8,A0200,-30792.936694626263,743.9072009259398,5911.600372686335,161.76977742136074,180.8530676844676,4.383490048412315,-1.1554810631872006,Short skate返航,南向返航
154.8,B0200,19900.066031539154,-1024.6845369534703,5584.658493137281,197.4801105551085,359.2984943086426,-4.36431365386753,-1.522037863365612,平飞,无
155.0,A0100,-32728.973517086728,-491.92025379917504,5720.618253519075,216.5043681768348,181.61651573678964,-2.70808780514652,0.0912591605681916,Short skate返航,南向返航
155.0,A0200,-30825.277822218617,743.0223486190825,5910.590255882778,161.83494484284475,180.8815166430648,9.30175941218879,2.7629182002023565,Short skate返航,南向返航
155.0,B0200,19939.535366336902,-1025.414023157187,5583.283795922943,197.62301699018363,359.23528475223253,0.5248785122446082,-3.859092706069986,平飞,无
155.20000000000002,A0100,-32772.23791746062,-493.40940951618177,5719.480327625037,216.46715278525485,181.48174266552297,0.1311774384099549,0.5588281738662573,Short skate返航,南向返航
155.20000000000002,A0200,-30857.60042973644,742.1252487721904,5910.112880351326,161.52692928633405,181.24182801744809,12.881597641162,3.388720294182594,Short skate返航,南向返航
155.20000000000002,B0200,19979.06504786278,-1026.1484817601486,5581.967223108726,197.85121838173805,359.0035077759694,6.026443998721277,-0.3390052821453309,平飞,无
155.4,A0100,-32815.48694274281,-494.87744944092447,5718.677039516186,216.4344410164104,181.63567217796452,3.9904929381111818,-0.2975362398499214,Short skate返航,南向返航
155.4,A0200,-30889.84396555449,741.1933473762529,5910.279203449372,161.0166394179356,181.6610875554289,14.94652101662673,2.781806566189887,Short skate返航,南向返航
155.4,B0200,20018.58703010864,-1026.8794960861424,5581.168654834499,197.4413144359409,358.8174672682882,7.91696537848477,2.433991109651068,平飞,无
155.60000000000002,A0100,-32858.74003998618,-496.3432109568184,5718.354917468101,216.2515902918894,181.7894167974927,6.420410884293315,1.6705438684034877,Short skate返航,南向返航
155.60000000000002,A0200,-30921.97166308325,740.2248181154064,5911.013434547309,160.54960336685042,181.8096117463771,13.984611105761408,2.171218881899035,Short skate返航,南向返航
155.60000000000002,B0200,20058.051696333147,-1027.5870275570896,5580.948178556568,197.3714353695977,358.58804302216646,5.146953689957882,2.712548632296332,平飞,无
155.8,A0100,-32901.94558295398,-497.8262581306972,5718.538050788124,216.13423611223405,181.6965707307432,4.29140199164582,2.088032652605432,Short skate返航,南向返航
155.8,A0200,-30954.02591961125,739.229148191851,5912.147204595107,160.39584750862247,181.72113386816116,11.17696780221108,1.8085126118845056,Short skate返航,南向返航
155.8,B0200,20097.559320414875,-1028.293959193457,5580.818559920773,197.8484051135777,358.5487512928477,1.6224861979143064,4.08184055166652,平飞,无
156.0,A0100,-32945.17498646111,-499.3103573086592,5718.75759979449,216.49898871084028,181.68290340138503,0.8615491214765553,4.00959153549,Short skate返航,南向返航
156.0,A0200,-30986.065762834343,738.2194680035718,5913.456010661063,160.45996675324594,181.581386915084,7.806132281023747,1.518292481425934,Short skate返航,南向返航
156.0,B0200,20137.160734288245,-1029.0032328973705,5580.332645791064,198.16506130076309,358.2484914486837,-1.803534317174457,3.848825535397365,平飞,无
156.20000000000002,A0100,-32988.47425040166,-500.7941313593328,5718.546909133314,216.63246931715625,181.3211372123445,-2.52059385983953,4.124936012940892,Short skate返航,南向返航
156.20000000000002,A0200,-31018.135616809734,737.2077336531038,5914.711862062362,160.654396723893,181.5229413559284,4.350047801520597,1.1588906363634612,Short skate返航,南向返航
156.20000000000002,B0200,20176.77100146284,-1029.7215598883004,5579.551034870332,198.0554173153352,357.95617279203003,-4.466026813383696,-2.364463811102328,平飞,无
156.4,A0100,-33031.7375917055,-502.2603895137763,5717.956734989743,216.2717045576627,180.98734290126836,-4.930179882165248,-1.3806701486979782,Short skate返航,南向返航
156.4,A0200,-31050.26744379027,736.2005673180302,5915.676173260428,161.0039454784532,181.61028242572556,0.9292408077027536,1.9830586366891128,Short skate返航,南向返航
156.4,B0200,20216.346328198382,-1030.4751907447153,5578.383302008231,198.09459634342505,358.0774446174409,-3.1557983238973706,-5.334059426499753,平飞,无
156.60000000000002,A0100,-33074.92726655484,-503.68642112498856,5716.903834303488,216.16388011815712,181.12959401398325,-3.019555741697172,-3.453624389185103,Short skate返航,南向返航
156.60000000000002,A0200,-31082.480092683625,735.1900520961044,5916.124178355061,161.27141236841834,181.48300198351663,-2.3568939234878825,2.218221846197641,Short skate返航,南向返航
156.60000000000002,B0200,20255.983996185445,-1031.240339269668,5576.752857270198,198.67002892657155,358.0425206390996,1.5050706647371548,-1.107722140611389,平飞,无
156.8,A0100,-33118.15287559902,-505.10101287837097,5715.446438358062,216.55138061790495,181.16918792032368,1.0905075435796543,0.6554293053378222,Short skate返航,南向返航
156.8,A0200,-31114.72638667581,734.1805027606952,5916.060921035238,161.3194723192997,181.20743325999408,-5.367770222944138,-2.9083749277727224,Short skate返航,南向返航
156.8,B0200,20295.70339096449,-1032.023365678555,5575.206266944974,198.7983995196568,358.13651787749353,6.91260548634867,4.46737045879478,平飞,无
157.0,A0100,-33161.43009040254,-506.5070691606488,5714.200158291638,216.494291138841,181.0875188640584,4.8310565981470255,0.8724546074478258,Short skate返航,南向返航
157.0,A0200,-31146.956455347117,733.1891085145126,5915.484899386398,161.18430433814893,181.42441810468264,-7.650130436786766,-8.636548051368859,Short skate返航,南向返航
157.0,B0200,20335.409187387337,-1032.7715766985175,5574.317040024387,198.39652932560207,358.4264203639136,8.632114367800405,6.553781880471962,平飞,无
157.20000000000002,A0100,-33204.66298410157,-507.8917781679356,5713.760772734553,216.12933312029085,181.10781931370437,6.8246795163029095,-2.142657912130989,Short skate返航,南向返航
157.20000000000002,A0200,-31179.146315245955,732.1882864077561,5914.267220614607,161.1880540158547,181.64198786544128,-6.912107761976712,-8.228506303048581,Short skate返航,南向返航
157.20000000000002,B0200,20375.06056348449,-1033.445314127338,5574.095781214647,198.2493032345744,358.56423078355186,6.839518221388366,6.006973510450903,平飞,无
157.4,A0100,-33247.87695153474,-509.23915135056814,5713.711056473445,216.34068966177105,181.40348093335945,4.293365813188953,-0.8355250881563113,Short skate返航,南向返航
157.4,A0200,-31211.35996921812,731.1685861884253,5912.475263623208,161.64362149171785,181.4015246815819,-2.9766338791236,-3.3601447747464213,Short skate返航,南向返航
157.4,B0200,20414.720839729354,-1034.0741130517729,5574.1660165979365,198.43423120330604,358.55021239999763,3.476935818605535,5.36879187612447,平飞,无
157.60000000000002,A0100,-33291.15968433723,-510.5822690826917,5713.560659690402,216.69647185788915,181.6075961747353,0.8306176741243505,3.623089661926792,Short skate返航,南向返航
157.60000000000002,A0200,-31243.65724177643,730.1592838373017,5910.435430547406,162.11191362154491,181.2510867925728,2.5539960066837413,2.879146814813978,Short skate返航,南向返航
157.60000000000002,B0200,20454.41103733311,-1034.6790045278658,5574.254715568415,198.4270413998127,358.3613930020456,-0.0187387145035402,1.6256391195896125,平飞,无
157.8,A0100,-33334.48665250223,-511.9421223836107,5713.136016102419,216.672051938276,181.2633884334689,-1.7849446277760437,4.483585991636535,Short skate返航,南向返航
157.8,A0200,-31276.0325472603,729.139468443238,5908.5582828852985,162.26647440621107,181.51636756682373,7.585986996829183,5.869444750421525,Short skate返航,南向返航
157.8,B0200,20494.077158955763,-1035.2949402057648,5574.269563329733,198.36737693631943,358.5839540412037,-3.4167650390883475,-2.796601793544969,平飞,无
158.0,A0100,-33377.75954653057,-513.3068896752993,5712.646384938089,216.3278261928236,181.03113853443705,-1.051076450643539,-0.8293820185724702,Short skate返航,南向返航
158.0,A0200,-31308.41379648988,728.060576225269,5907.261446504577,161.91458891026656,181.86721429671616,11.22818511171794,1.629804104830193,Short skate返航,南向返航
158.0,B0200,20533.760666760245,-1035.9097669631456,5573.603839400517,198.5592230410064,358.90484238646764,-5.729578766168171,-0.0503801555753653,平飞,无
158.20000000000002,A0100,-33421.01008995352,-514.6394804160464,5712.214362721776,216.50149517539745,181.14448362209572,2.5253318393052173,-2.716989239595549,Short skate返航,南向返航
158.20000000000002,A0200,-31340.713139743,726.9609346498255,5906.808057904886,161.31769324627638,182.0284379068584,13.87618402640914,-3.824185204891424,Short skate返航,南向返航
158.20000000000002,B0200,20573.437479843844,-1036.512751317042,5572.203820438087,198.476317842644,358.7985774430164,-4.105472015423252,0.7601424553138235,平飞,无
158.4,A0100,-33464.30563575515,-515.9534761566865,5711.856965058749,216.587072524454,181.16802356606087,3.936807244011135,-0.7108289284420914,Short skate返航,南向返航
158.4,A0200,-31372.903479123062,725.9072805323376,5907.115064934855,160.7597265568839,181.916512814776,15.646167524086508,-5.127379131081897,Short skate返航,南向返航
158.4,B0200,20613.093923979097,-1037.128594918929,5570.716599857568,198.5046300191965,358.91161485374715,0.8261417733901014,-0.1232640230837217,平飞,无
158.60000000000002,A0100,-33507.61710622818,-517.2422502327117,5711.6959495957,216.7942821856564,181.31021316859395,2.770476954497144,1.5165190539335,Short skate返航,南向返航
158.60000000000002,A0200,-31404.96733371272,724.9131370711348,5908.034356142181,160.2202844964022,181.7828212846545,14.665914756023962,-4.388148909739764,Short skate返航,南向返航
158.60000000000002,B0200,20652.79677865665,-1037.746490214657,5569.396006203308,198.7027397879503,359.1989676758738,6.209905131684737,3.293743300931977,平飞,无
158.8,A0100,-33550.97634440555,-518.5335457135188,5711.3844797795045,216.94955335028223,181.20862447860492,-0.4017998890205894,4.178861280431161,Short skate返航,南向返航
158.8,A0200,-31436.940726894696,723.9672392928933,5909.4027531912525,159.99836382203196,181.7163528261648,11.841978318227952,-3.350711976333506,Short skate返航,南向返航
158.8,B0200,20692.491192779693,-1038.3180983674238,5568.602101503452,198.2335987640392,359.3259601090882,8.016583621024783,3.392122701338924,平飞,无
159.0,A0100,-33594.32633564001,-519.8279310615635,5710.893345908027,216.6736142422841,180.84919886483357,-3.0911928388935324,2.064971943155716,Short skate返航,南向返航
159.0,A0200,-31468.89445412924,723.0514005446803,5910.955429901309,160.10900151131523,181.78667822133264,8.461357125372915,-1.6386818123238498,Short skate返航,南向返航
159.0,B0200,20732.101816363647,-1038.845563452106,5568.481495248758,198.1054939853044,359.3470094226135,5.1843406220975305,-0.5251396391195677,平飞,无
159.20000000000002,A0100,-33637.61622943021,-521.0988769153446,5710.165018310028,216.57972639019945,180.9580183555714,-2.403317865853036,0.852451647002017,Short skate返航,南向返航
159.20000000000002,A0200,-31500.898752103065,722.1398253479965,5912.382163208462,160.38706811241886,181.92284077483137,5.021098368773224,1.7187757344386416,Short skate返航,南向返航
159.20000000000002,B0200,20771.76262979841,-1039.3710799720757,5568.376407204958,198.5663853926473,359.54720123106057,1.6753978952306006,0.2966264085820097,平飞,无
159.4,A0100,-33680.92345955489,-522.3608684966639,5709.189777215488,216.6828176535792,180.9414010785125,1.41900038867803,0.3312378997072215,Short skate返航,南向返航
159.4,A0200,-31532.966152525107,721.2125119701614,5913.5279276460005,160.60355571768145,181.7801281018575,1.6155156528690948,4.857005738649442,Short skate返航,南向返航
159.4,B0200,20811.50231789483,-1039.8786089182277,5567.902358766847,198.83683745795776,359.4256315488974,-1.7518532870089565,2.807572524030661,平飞,无
159.60000000000002,A0100,-33724.229289166506,-523.5952117243796,5708.606546590352,216.67441971560828,181.11104007858924,5.201643650320236,-0.661312327388552,Short skate返航,南向返航
159.60000000000002,A0200,-31565.074443198217,720.2682692437629,5914.338154262812,160.68225430165543,181.29141315781436,-1.682767393143148,4.5911917083118565,Short skate返航,南向返航
159.60000000000002,B0200,20851.24878493551,-1040.3697216922728,5567.137050035675,198.6217797998165,359.02710883222693,-4.416465505071816,1.1852359180349812,平飞,无
159.8,A0100,-33767.534516140644,-524.817051441345,5708.550800616564,216.42570650641008,181.2753793874089,7.390320310001874,1.276694975290015,Short skate返航,南向返航
159.8,A0200,-31597.18297480264,719.3262279113223,5914.794181246731,160.56160089322185,180.91407220028063,-4.703972590401032,-1.290873015951956,Short skate返航,南向返航
159.8,B0200,20890.92651797664,-1040.8670517939945,5566.130581229043,198.4641128029791,358.981721047732,-3.140990271495809,-0.2743703555150486,平飞,无
160.0,A0100,-33810.77347987101,-526.0460531831322,5709.038214964965,216.26340540687784,181.22211907798325,4.839787954285205,1.6503376406560344,Short skate返航,南向返航
160.0,A0200,-31629.261677390583,718.4057651071398,5914.758679253231,160.37654074254627,181.1907005418356,-7.372719515631193,-7.746296044275191,Short skate返航,南向返航
160.0,B0200,20930.63682776853,-1041.370653374077,5564.768696031588,198.89630442809252,359.07402698905935,0.673603845882971,3.0717464552365428,平飞,无
160.20000000000002,A0100,-33854.03361321509,-527.2703821238192,5709.57242725948,216.62050607745843,181.25518018247516,1.279768335543818,3.5778504529533763,Short skate返航,南向返航
160.20000000000002,A0200,-31661.301549554923,717.4625361926082,5913.952731547332,160.28545591146127,181.81485654073165,-9.252957999268189,-7.975986495939379,Short skate返航,南向返航
160.20000000000002,B0200,20970.40811891931,-1041.8586768012892,5563.47255634048,198.94078599068445,359.2407844742704,4.40097102933094,3.2053094426281543,平飞,无
160.4,A0100,-33897.364087752954,-528.4924300360672,5709.677226049873,216.73652574849143,180.92710569845565,-2.116545115764406,3.7121236702342464,Short skate返航,南向返航
160.4,A0200,-31693.30199838791,716.4626017261799,5912.257890427834,160.41840693592002,181.96955428563183,-8.084027089486218,-3.54008506931818,Short skate返航,南向返航
160.4,B0200,21010.163131789843,-1042.3101381577462,5562.809465683331,198.77399181635136,359.5629346551008,6.688542187318291,2.1010557395255693,平飞,无
160.60000000000002,A0100,-33940.6580581412,-529.6937245772133,5709.40014602434,216.3621843142579,180.65684210018455,-4.526808124829024,-1.8415217330957805,Short skate返航,南向返航
160.60000000000002,A0200,-31725.329181691817,715.4416831222625,5909.923420582374,160.89173194210764,181.90161779230937,-3.9531318320284417,2.9886264981906363,Short skate返航,南向返航
160.60000000000002,B0200,21049.906172401574,-1042.7210426050242,5562.63801455703,198.631324684434,359.7123375262633,6.53167972336714,3.8651018680497353,平飞,无
160.8,A0100,-33983.87898830288,-530.8565490251003,5708.654985604382,216.24334675801785,180.81246926840927,-2.6097320213649247,-3.877799698389664,Short skate返航,南向返航
160.8,A0200,-31757.438326619354,714.408600677647,5907.389156992742,161.31974641864343,182.1216550489262,1.4918835315895853,6.596413931908919,Short skate返航,南向返航
160.8,B0200,21089.634278578866,-1043.084560404508,5562.821390609091,198.71773584331825,359.61658365919214,3.525229800630288,4.252480659312873,平飞,无
161.0,A0100,-34027.13587752713,-532.0091943805073,5707.504827939978,216.61445459430405,180.8192689556269,1.5012586165606825,0.2619333981827233,Short skate返航,南向返航
161.0,A0200,-31789.61315381967,713.3149163876806,5905.150153165807,161.31473291185847,182.43044531737004,5.98869161019869,3.2071794270003555,Short skate返航,南向返航
161.0,B0200,21129.416321573062,-1043.428852524679,5562.906102999683,199.19343976618296,359.5083033061018,0.0913223122347061,6.123890777916325,平飞,无
161.20000000000002,A0100,-34070.43979933217,-533.149204561194,5706.567769927591,216.54194035655564,180.70881851762107,5.2409335732326765,0.4777397833700441,Short skate返航,南向返航
161.20000000000002,A0200,-31821.787802957195,712.1715308574603,5903.561517881295,161.02913803011518,182.62040396924735,9.54817762643574,-1.2206711459724164,Short skate返航,南向返航
161.20000000000002,B0200,21169.28675004125,-1043.7729560348737,5562.489163664131,199.43251872671547,358.98828637353967,-3.233632682549521,6.288385312891967,平飞,无
161.4,A0100,-34113.69063431613,-534.2603529820626,5706.438586204731,216.1618928599012,180.71285468324197,7.234016869605335,-2.536168411133151,Short skate返航,南向返航
161.4,A0200,-31853.93089454789,711.0277127118025,5902.612194629797,160.76302892719062,182.68808376933683,12.036460181550328,-0.8624849481250177,Short skate返航,南向返航
161.4,B0200,21209.14120610753,-1044.1260034393863,5561.651323805223,199.19901831303548,358.526234540046,-5.649216641899278,0.1411259221119478,平飞,无
161.60000000000002,A0100,-34156.91671311684,-535.3294028880973,5706.699190653426,216.3589435571124,181.02343895102285,4.702941008686952,-1.217220616445917,Short skate返航,南向返航
161.60000000000002,A0200,-31886.02571489128,709.8799129674298,5902.208946767785,160.36356880746646,182.69822998409396,12.90479475392747,1.400401801988936,Short skate返航,南向返航
161.60000000000002,B0200,21248.942107052764,-1044.511923415148,5560.313570444987,199.22538095916948,358.6783525211903,-4.192613499546627,-2.816829646390409,平飞,无
161.8,A0100,-34200.20940739565,-536.3922893181552,5706.859382154309,216.7003689695248,181.24796198305023,1.2411384569552486,3.248753016928282,Short skate返航,南向返航
161.8,A0200,-31918.041685719058,708.7095946837235,5902.320011824273,160.07227017378264,182.6646618375569,11.068247004729558,2.577779978451689,Short skate返航,南向返航
161.8,B0200,21288.80042150562,-1044.905944621124,5558.417602301137,199.81367902969453,358.84005581069243,0.4000338722780057,1.5320120762146063,平飞,无
162.0,A0100,-34243.55141256144,-537.4692131254033,5706.717729329444,216.736476963936,180.8531435817323,-2.170422811517943,4.106172552348947,Short skate返航,南向返航
162.0,A0200,-31950.01873893241,707.5029380604519,5902.77380288757,159.95525230030526,182.45355127922505,7.948123598584908,1.3095319823557017,Short skate返航,南向返航
162.0,B0200,21328.74245515124,-1045.2972057426025,5556.559945600526,199.88433246353043,359.0752199386725,6.003590668295764,3.332468734101131,平飞,无
162.20000000000002,A0100,-34286.84663457122,-538.5333779769062,5706.272663052199,216.36207071779745,180.51904233488384,-4.618772627477318,-1.3567563447752842,Short skate返航,南向返航
162.20000000000002,A0200,-31981.979983119512,706.2858801685434,5903.423174145597,160.01194760914132,182.34659343828795,4.493403585039876,-0.9224364225200136,Short skate返航,南向返航
162.20000000000002,B0200,21368.666848391407,-1045.662906069374,5555.414870965502,199.61794806820276,359.3250109792928,8.165419946743933,-0.1587571984959633,平飞,无
162.4,A0100,-34330.06895820377,-539.5599555980771,5705.374208578489,216.25176601652504,180.6780162815002,-2.7105358507015045,-3.435746263759611,Short skate返航,南向返航
162.4,A0200,-32013.985794670443,705.072694465016,5903.908778689813,160.35401995020445,182.48491686726615,1.0457621937750667,0.6476070401494597,Short skate返航,南向返航
162.4,B0200,21408.57584662346,-1046.0261658454965,5554.81452789968,199.5699625532744,359.5535657635306,7.605189882358212,0.7092337280178748,平飞,无
162.60000000000002,A0100,-34373.3278634842,-540.5773490506053,5704.0809503713335,216.63090885725683,180.7079055140322,1.413599726436935,0.6773431365065986,Short skate返航,南向返航
162.60000000000002,A0200,-32046.07027368489,703.8442204169278,5903.953784470621,160.69306830237372,182.35689946929776,-2.311832855859589,1.3877131095958806,Short skate返航,南向返航
162.60000000000002,B0200,21448.483908958515,-1046.3718563174843,5554.4994079697535,199.517215408448,359.58944640461266,4.519185723489138,2.9758523894569406,平飞,无
162.8,A0100,-34416.63552604713,-541.5878165800223,5703.009793443816,216.5609021861817,180.6192680826086,5.13628791170532,0.8855236266517511,Short skate返航,南向返航
162.8,A0200,-32078.19185263577,702.6053655601008,5903.559848433792,160.72455262411566,182.0105400888908,-5.046960503877116,-3.1930167860654644,Short skate返航,南向返航
162.8,B0200,21488.39293269185,-1046.685481080371,5554.360410316825,199.6328462281561,359.3753105964476,1.0287750709628467,3.678881597009801,平飞,无
163.0,A0100,-34459.892586761736,-542.5792109637041,5702.753016457198,216.1822239137638,180.63315561520943,7.110923582498798,-2.1261103475186074,Short skate返航,南向返航
163.0,A0200,-32110.284443272634,701.3868845128109,5902.824639843013,160.54858920225752,181.82932072402272,-4.928453000220056,-8.19061851476057,Short skate返航,南向返航
163.0,B0200,21528.32255433508,-1046.982360846525,5554.103185193355,199.56705423742628,358.9517880706759,-2.4252420715523084,0.533849810675312,平飞,无
163.20000000000002,A0100,-34503.12633341004,-543.5347493534937,5702.8905173199055,216.38315054447088,180.92185923876767,4.571222374333228,-0.8056268913335736,Short skate返航,南向返航
163.20000000000002,A0200,-32142.369672986828,700.1970613942958,5901.778977852171,160.76741560636427,181.50546008228895,-1.3040483625808488,-7.183701032884243,Short skate返航,南向返航
163.20000000000002,B0200,21568.19108595348,-1047.3024389973198,5553.667134540889,199.20264269753744,359.0818592297169,-4.973470488509234,-3.8349589270328166,平飞,无
163.4,A0100,-34546.427169236405,-544.4864988587706,5702.9308596980045,216.72899171889728,181.11904740770817,1.108843455254056,3.6605277681389055,Short skate返航,南向返航
163.4,A0200,-32174.52382145784,699.037965146892,5900.556584212169,161.20436824413295,181.07445795736336,4.0862819782567685,-2.442374368255921,Short skate返航,南向返航
163.4,B0200,21608.01658856408,-1047.6265916305902,5552.670767840556,199.31311525242276,359.2418454504944,-3.5453961262985048,-1.0828696290135866,平飞,无
163.60000000000002,A0100,-34589.77167678275,-545.4555721766137,5702.6993595499935,216.6953525418864,180.76961940753156,-1.5057441462476937,4.5132767320386025,Short skate返航,南向返航
163.60000000000002,A0200,-32206.74503347129,697.9135707336027,5899.474406590425,161.3214372756186,181.0569021804564,9.054560641916035,2.486364780094238,Short skate返航,南向返航
163.60000000000002,B0200,21647.887706066213,-1047.9506837808667,5551.211592791047,199.67939696393395,359.26143844791244,0.2738662993695936,3.3988669679016765,平飞,无
163.8,A0100,-34633.06068687281,-546.43097861354,5702.404333942695,216.34272439602012,180.535202588852,-0.7703316340451095,-0.8103711856647512,Short skate返航,南向返航
163.8,A0200,-32238.965310341508,696.784219682464,5898.872873251039,161.08312293629456,181.4739655445254,12.757131962225602,4.842319990657845,Short skate返航,南向返航
163.8,B0200,21687.812619423286,-1048.260932371828,5549.83416702047,199.7045605287757,359.4441466924791,4.053528799123781,3.679585004435191,平飞,无
164.0,A0100,-34676.32505821961,-547.375137086945,5702.168144145397,216.50744261523036,180.6473481699669,2.808050404482456,-2.698540618913673,Short skate返航,南向返航
164.0,A0200,-32271.116032553397,695.604979000489,5898.934741749208,160.6136102390839,182.0005868052069,14.989626147888233,4.568413511189502,Short skate返航,南向返航
164.0,B0200,21727.683298651027,-1048.5265061355803,5549.265506466929,198.95577629405707,359.5410939789635,6.368362881902299,-3.588648972977947,平飞,无
164.20000000000002,A0100,-34719.62776085628,-548.301053459254,5701.994793419477,216.5057115708774,180.67594874320196,3.8116665266978345,-0.6905762772474873,Short skate返航,南向返航
164.20000000000002,A0200,-32303.155182242463,694.3708063110516,5899.5760504837,160.13616767585364,182.2110468400769,14.181690994125873,3.621690228892693,Short skate返航,南向返航
164.20000000000002,B0200,21767.38544531339,-1048.870336670424,5549.778322216782,198.22068675876392,359.72449945775907,6.187335190793917,-9.595365996908338,平飞,无
164.4,A0100,-34762.9375053781,-549.2036589853215,5701.866615431632,216.79809182300528,180.82940966281285,0.7369551746531878,1.5588205996852778,Short skate返航,南向返航
164.4,A0200,-32335.118457161447,693.0964158957195,5900.625092607084,159.97264185294287,182.1363726567109,11.444546387857592,2.824555564705954,Short skate返航,南向返航
164.4,B0200,21807.006615615523,-1049.3030143794158,5550.690592124822,198.241565964398,0.2553096796372373,3.256110338667081,-6.926297756080105,平飞,无
164.60000000000002,A0100,-34806.31060232702,-550.1059731052846,5701.359612995164,216.9387427252273,180.6153529478308,-2.673566536302617,1.7469152611903562,Short skate返航,南向返航
164.60000000000002,A0200,-32367.06563380576,691.8012002627784,5901.862056639608,160.031451792195,181.9965119046996,8.092599497050337,2.220564157824374,Short skate返航,南向返航
164.60000000000002,B0200,21846.678575548427,-1049.7192979369183,5551.308614710549,198.54886318211945,0.5703878799586716,-0.1065680400187637,-2.188723890764107,平飞,无
164.8,A0100,-34849.64830417015,-550.9891800102778,5700.504940336408,216.59602801691017,180.4232448086501,-5.126963640643823,-3.805554596361606,Short skate返航,南向返航
164.8,A0200,-32399.04124381316,690.4975830481835,5903.063419148537,160.22572074712733,181.84433243352785,4.63840941367593,1.8013967466697718,Short skate返航,南向返航
164.8,B0200,21886.415686447137,-1050.096697520583,5551.340101363495,198.85233784430608,0.4878761297529448,-3.368642376767517,3.007944396875692,平飞,无
165.0,A0100,-34892.92212549698,-551.8400744544724,5699.177726092767,216.59106928470547,180.5680800301133,-3.805414083667692,-5.844226027204404,Short skate返航,南向返航
165.0,A0200,-32431.077584292056,689.2000589441632,5903.995093291971,160.5763576406712,181.81893717554232,1.214256330848151,2.524153368465994,Short skate返航,南向返航
165.0,B0200,21926.184784141864,-1050.448562032624,5550.676863099754,198.7730843015146,359.9463213455637,-5.65714067099294,4.388506860270985,平飞,无
165.20000000000002,A0100,-34936.22625585988,-552.6937254359145,5697.334573677075,216.8927419690089,180.53034533394936,-0.834771589540526,-1.642027244046076,Short skate返航,南向返航
165.20000000000002,A0200,-32463.19946535246,687.9066540424137,5904.42667671187,160.89934659403914,181.68479164503495,-2.097216990526867,2.5135159152471584,Short skate返航,南向返航
165.20000000000002,B0200,21965.87334937688,-1050.781814608702,5549.665314429813,198.35816639569,359.60974424160685,-3.9812008170907474,-0.5052640843209395,平飞,无
165.4,A0100,-34979.58281861661,-553.5256834447755,5695.473212223405,217.15612718588736,180.52640446983116,3.0418903173931557,3.11102468045936,Short skate返航,南向返航
165.4,A0200,-32495.36184317417,686.622004049932,5904.370781578924,160.92201206181778,181.50743511498592,-4.75817944143131,-2.965215563596354,Short skate返航,南向返航
165.4,B0200,22005.535108102897,-1051.119542122513,5548.494872370877,198.5550668374426,359.5788524115453,0.1098171660984882,-2.8277866482245355,平飞,无
165.60000000000002,A0100,-35022.97785997625,-554.3738205720801,5694.093423440447,216.94823644536805,180.688661129831,6.219941183006643,3.0951787661591625,Short skate返航,南向返航
165.60000000000002,A0200,-32527.4978833408,685.366939999165,5903.93674093624,160.75112808889364,181.6197294176344,-4.5674597054102,-8.831719176737868,Short skate返航,南向返航
165.60000000000002,B0200,22045.268349961985,-1051.458530576022,5547.244587166483,198.93032448793585,359.5244127143586,4.056728342718473,0.5761970084685456,平飞,无
165.8,A0100,-35066.302518010314,-555.2586090301684,5693.677008204484,216.47263275917453,180.84719434726065,7.77656435683818,0.1153898741390364,Short skate返航,南向返航
165.8,A0200,-32559.630153197188,684.1368054216018,5903.162665279922,160.97322797288237,181.4484984850341,-0.951689259844241,-8.127432308661668,Short skate返航,南向返航
165.8,B0200,22085.039139144643,-1051.7828593902632,5546.361938531366,198.81429662944916,359.46459206998867,7.108046649115005,3.2798485985846986,平飞,无
166.0,A0100,-35109.591256787084,-556.1422087294977,5693.751931824725,216.62924707830365,181.02860443190403,5.122537266889101,1.4576915256916445,Short skate返航,南向返航
166.0,A0200,-32591.824698367323,682.9388964645896,5902.228124986839,161.30727604113432,180.95778644210583,4.430659013478109,-4.129041081408146,Short skate返航,南向返航
166.0,B0200,22124.77457300358,-1052.0624807059485,5546.206505462031,198.5329895456404,359.45641321252185,8.63218535173022,3.5138410687086674,平飞,无
166.20000000000002,A0100,-35152.92606771252,-557.04294154124,5693.864227567465,216.7525903286017,180.92139817208368,1.66941935687136,4.012915419461711,Short skate返航,南向返航
166.20000000000002,A0200,-32624.071755257784,681.7919465555806,5901.478592574926,161.40876957556554,180.68789919360543,9.43039716411364,-0.28565774607457,Short skate返航,南向返航
166.20000000000002,B0200,22164.464137597963,-1052.3077332107778,5546.575071449834,198.47037669098307,359.3815023839359,6.210775151872673,3.017641318385744,平飞,无
166.4,A0100,-35196.25559920233,-557.9605069361969,5693.93867229736,216.56672963163533,180.51640202263,-1.7981480911775318,1.871216343762427,Short skate返航,南向返航
166.4,A0200,-32656.30799336473,680.6783684253933,5901.174603348183,161.0800958552874,180.8058077706524,12.71671768566106,1.7047429047282563,Short skate返航,南向返航
166.4,B0200,22204.173304840155,-1052.5384307290242,5547.109410836712,198.67667351834055,359.3668452443166,2.7538908874949426,2.609795618023993,平飞,无
166.60000000000002,A0100,-35239.54203389789,-558.8576906290236,5693.694994740636,216.45834079931797,180.5552958145252,-4.259363849699724,0.6007186387811906,Short skate返航,南向返航
166.60000000000002,A0200,-32688.456859024394,679.5705747283992,5901.392822126994,160.66985618565533,180.99931979356415,12.462073037752958,1.4356329219588118,Short skate返航,南向返航
166.60000000000002,B0200,22243.95166115184,-1052.7726459044616,5547.388455431656,199.18902248172884,359.4088846836232,-0.7092989440700346,4.213697099622434,平飞,无
166.8,A0100,-35282.80685841823,-559.7432103050851,5692.837188033911,216.34014283174756,180.4860577974904,-2.275146119301157,0.1171800374646515,Short skate返航,南向返航
166.8,A0200,-32720.55338714947,678.4625863515266,5901.972518009408,160.5835767087465,181.0758554053729,9.860926554741544,0.6302755411536067,Short skate返航,南向返航
166.8,B0200,22283.81939429421,-1053.0158770719718,5547.044383390228,199.39875703142772,359.0593584071322,-3.9560383500783223,4.554943663674576,平飞,无
167.0,A0100,-35326.0583238195,-560.6036980900008,5691.943207170982,216.45044145398052,180.5365967225952,1.8446104717952068,-0.6841645247004946,Short skate返航,南向返航
167.0,A0200,-32752.652289854024,677.3615072210087,5902.696763649561,160.7062314393049,181.12918250168485,6.552643453849452,-0.1289685074512366,Short skate返航,南向返航
167.0,B0200,22323.66355630895,-1053.273138024227,5546.22118391155,199.1233244903682,358.7023206524885,-6.269602637808712,-0.4415186039646059,平飞,无
167.20000000000002,A0100,-35369.36720207419,-561.4523118038051,5691.208855767292,216.72986917731356,180.66150797557836,5.60710851045437,3.334431060331206,Short skate返航,南向返航
167.20000000000002,A0200,-32784.799486194526,676.274386109646,5903.31581399897,161.04736968248483,181.29638496629383,3.127077173532565,0.3681440903357491,Short skate返航,南向返航
167.20000000000002,B0200,22363.446418291474,-1053.5612470033047,5544.879356245929,199.1049037388801,358.8492699138316,-4.798566162606209,-2.998173653253997,平飞,无
167.4,A0100,-35412.68247757151,-562.3280236943592,5691.005764052819,216.43945691412256,180.91287687433612,7.645958305108829,5.713115518873647,Short skate返航,南向返航
167.4,A0200,-32817.02482322695,675.1906753029507,5903.583324333999,161.37194810760403,181.3863804575601,-0.2667579477746123,2.015470932900504,Short skate返航,南向返航
167.4,B0200,22403.276034992305,-1053.855626227304,5542.944267136454,199.6779788386034,358.9981812215141,-0.2793984874525748,1.4879698122254756,平飞,无
167.60000000000002,A0100,-35455.93206968691,-563.2679976930776,5691.442067682052,216.24146477507097,180.98948000625197,6.05687732931531,5.762346541298054,Short skate返航,南向返航
167.60000000000002,A0200,-32849.29982480354,674.1041862794173,5903.461132394687,161.52594616743892,181.18311830270065,-3.554972506255546,0.8812600236418507,Short skate返航,南向返航
167.60000000000002,B0200,22443.191078419717,-1054.1485041693786,5540.990790592961,199.7957337918111,359.2220455216238,5.342017241766971,3.332099194052854,平飞,无
167.8,A0100,-35499.16977418528,-564.2508216954011,5692.126174785413,216.32035281810676,180.88282616898556,2.6964958947245004,5.670215346158596,Short skate返航,南向返航
167.8,A0200,-32881.58355021174,673.0348232258257,5902.912097055147,161.55062091598347,181.23056514302476,-6.164015725534681,-1.679121685719128,Short skate返航,南向返航
167.8,B0200,22483.065462303726,-1054.4163877758374,5539.868908425869,199.0377896250135,359.2877950809397,7.57564199393702,-4.49890333785622,平飞,无
168.0,A0100,-35542.434152387825,-565.2442672294255,5692.653641933128,216.4645093696804,180.69945685552253,-0.7652352359565598,5.759192626247684,Short skate返航,南向返航
168.0,A0200,-32913.863881323385,671.9762954953039,5901.791128024986,161.66063761448208,181.47530220998556,-5.883801234040228,-0.1771120714095341,Short skate返航,南向返航
168.0,B0200,22522.784281566244,-1054.7919985427752,5539.882526920323,198.29250086736192,359.4922410362502,6.998288874500995,-10.900625251434262,平飞,无
168.20000000000002,A0100,-35585.70195297241,-566.2281028246616,5692.749657744032,216.2335223340081,180.27037572962183,-3.971977031394592,3.3492242703882207,Short skate返航,南向返航
168.20000000000002,A0200,-32946.16448561845,670.9133229319068,5900.199545460855,161.90903497394552,181.4742690890206,-2.129101072500093,0.5276673189811131,Short skate返航,南向返航
168.20000000000002,B0200,22562.435811034036,-1055.2785607640162,5540.346795040225,198.3917714656369,0.0808176135469469,3.949455906696473,-8.28504183646677,平飞,无
168.4,A0100,-35628.91047144517,-567.1725867564292,5692.258517221506,216.0403698831923,180.2628082753028,-6.12768646123945,2.102978088059101,Short skate返航,南向返航
168.4,A0200,-32978.51388690053,669.8577284756029,5898.562578444118,162.194187581385,181.5170142110036,3.32851090807286,-0.7187756928882469,Short skate返航,南向返航
168.4,B0200,22602.139524345606,-1055.7604051232047,5540.615963351471,198.6899291051041,0.459169142105156,0.556080431129107,-3.438948063276666,平飞,无
168.60000000000002,A0100,-35672.079944443285,-568.0863826108252,5690.960214398303,215.9284371446564,180.2631067856908,-4.133714007636117,1.7423533191746725,Short skate返航,南向返航
168.60000000000002,A0200,-33010.92728751257,668.8119732190389,5897.112274079773,162.37679762434948,181.752466441912,8.348509496903176,1.2447698456504992,Short skate返航,南向返航
168.60000000000002,B0200,22641.904171173614,-1056.2056589799504,5540.41407629165,198.97445623436383,0.4449847222666946,-2.8127752487735043,1.8031002836362708,平飞,无
168.8,A0100,-35715.23196708617,-568.9741291597311,5689.457309388563,216.0633444069177,180.4390243543164,-0.187382295316204,0.994114387086388,Short skate返航,南向返航
168.8,A0200,-33043.35203442088,667.7502187006176,5896.113100807161,162.1265826578393,182.06403130715725,12.090529864849437,3.3447983601055924,Short skate返航,南向返航
168.8,B0200,22681.69025298619,-1056.6182536163196,5539.603870835053,198.87224724916348,359.95565529118045,-5.231156971975935,3.1973231901597408,平飞,无
169.0,A0100,-35758.452032758985,-569.8526074864931,5687.974642282476,216.43985531830083,180.79341207072068,3.775840809460331,4.895512720591353,Short skate返航,南向返航
169.0,A0200,-33075.70572477901,666.6418879762678,5895.796314817038,161.58708548120725,182.37498323809345,14.319850845053308,3.798532811188657,Short skate返航,南向返航
169.0,B0200,22721.402255729805,-1057.0102110079988,5538.509825207877,198.52229569437225,359.5880920092937,-3.619954296744785,-1.6419064228682012,平飞,无
169.20000000000002,A0100,-35801.70653518659,-570.7772850597521,5686.929852143563,216.18706514919973,181.0540328269779,6.0428780426875335,4.525720446746825,Short skate返航,南向返航
169.20000000000002,A0200,-33107.945502191884,665.4790503022123,5896.0915266691045,161.0979649078996,182.42018004889616,13.463456369748757,3.646620745317013,Short skate返航,南向返航
169.20000000000002,B0200,22761.09781943908,-1057.4116717970935,5537.310003930756,198.7282267820189,359.47206803529383,0.4643785962303065,-3.9060692482126815,平飞,无
169.4,A0100,-35844.895704853414,-571.751643127247,5686.596931653412,215.9872012430788,181.191945399462,4.471673038941771,-0.0301869598933337,Short skate返航,南向返航
169.4,A0200,-33140.11367452088,664.2713044543743,5896.814693101429,160.9433993015701,182.24228475118048,10.688813770384014,3.349393380953713,Short skate返航,南向返航
169.4,B0200,22800.863828233865,-1057.821778447199,5536.0707298490215,199.08550330255963,359.339271555285,4.344261831095004,-0.4699813516971581,平飞,无
169.60000000000002,A0100,-35888.11456382598,-572.7318618011068,5686.316663080886,216.34550976482817,181.43975900191572,1.1564394243838307,1.201822394352244,Short skate返航,南向返航
169.60000000000002,A0200,-33172.26991828201,663.0359462552897,5897.731351906759,161.0188127444498,182.0221654909876,7.322458811836493,2.9984274762209138,Short skate返航,南向返航
169.60000000000002,B0200,22840.66311517901,-1058.2318784381723,5535.226266961967,198.9463394884328,359.24690321942177,7.322312555117571,2.2116641660731684,平飞,无
169.8,A0100,-35931.38775115991,-573.7321120237975,5685.68457509614,216.4651871132537,181.20505739006583,-2.251354693908428,1.2812661420439473,Short skate返航,南向返航
169.8,A0200,-33204.4492488427,661.783884696033,5898.639607227004,161.11706809139312,181.73359496804545,3.862787338408694,0.4894016194269135,Short skate返航,南向返航
169.8,B0200,22880.422583934647,-1058.6151199277238,5535.12601150696,198.6480994971353,359.22427641480454,8.797010385720975,2.491995348653545,平飞,无
170.0,A0100,-35974.64934309666,-574.726343794724,5684.675671690091,216.4453592277897,181.17533159124,-4.773893235764579,0.453159651379618,Short skate返航,南向返航
170.0,A0200,-33236.64923860255,660.542887855112,5899.41967555739,161.26127825711416,181.75167773356404,0.4174463812503263,-2.936216540128154,Short skate返航,南向返航
170.0,B0200,22920.132255085675,-1058.9770114939874,5535.564132943522,198.57282835300495,359.18013058113144,6.354417081933571,2.0683756025424582,平飞,无
170.20000000000002,A0100,-36017.895854593546,-575.7229961768353,5683.086342476297,216.39798090614744,181.0311978687041,-2.863806287430528,-0.1157039824888678,Short skate返航,南向返航
170.20000000000002,A0200,-33268.90739768615,659.3082879041667,5899.747780667765,161.59857532535773,182.06144030469807,-2.8616841326004536,-1.916470976165248,Short skate返航,南向返航
170.20000000000002,B0200,22959.87861546634,-1059.3358458240928,5536.099532340628,199.01332653335143,359.2602856008484,2.9101691463447468,3.481757303336584,平飞,无
170.4,A0100,-36061.14156287284,-576.704666015994,5681.485135533205,216.56070900299065,181.0123621203014,1.2377816345050927,-1.000057222792904,Short skate返航,南向返航
170.4,A0200,-33301.22537352513,658.0581884845196,5899.411825546811,161.78570280265038,182.1067871737025,-5.434662682634964,-1.5326071516025328,Short skate返航,南向返航
170.4,B0200,22999.71436887054,-1059.6885087956616,5536.3183541072685,199.292818924268,359.0408603832861,-0.5172575037179834,5.972642499423292,平飞,无
170.60000000000002,A0100,-36104.45494201922,-577.6815225367827,5680.065210011731,216.85483291400283,181.07451023068128,4.932831404165103,3.0134997619210644,Short skate返航,南向返航
170.60000000000002,A0200,-33333.54866149599,656.805397342765,5898.511477501534,161.88224190772513,182.00592294561804,-5.191058335068293,-3.6192592469912337,Short skate返航,南向返航
170.60000000000002,B0200,23039.56232567557,-1060.0321767946334,5536.245938017817,199.08010907834569,358.4925290537256,-3.7919623475849114,3.4836450861141195,平飞,无
170.8,A0100,-36147.78471899146,-578.6896465101381,5679.204301215574,216.5710939526974,181.27457095850056,6.908953608683032,5.428849739626149,Short skate返航,南向返航
170.8,A0200,-33365.90434989422,655.5536199901453,5897.11895253778,162.24818887241636,181.8583604397295,-1.8403535706059635,-2.857720456060566,Short skate返航,南向返航
170.8,B0200,23079.328481113276,-1060.3961470134636,5535.8874507016335,198.6671462224923,358.43365361474207,-6.104490813166346,-0.3729634194342651,平飞,无
171.0,A0100,-36191.06053147597,-579.7647719969518,5679.0049001050975,216.3866468964448,181.32702906567965,5.304231338871154,5.524885067578846,Short skate返航,南向返航
171.0,A0200,-33398.33209119573,654.3120777710719,5895.531959494587,162.63377280455035,181.6984709961588,3.469710906282828,0.0685658497954661,Short skate返航,南向返航
171.0,B0200,23119.038869318854,-1060.784069830568,5534.883049237216,198.72483630772345,358.65139270759374,-4.577447980577307,2.497560465676976,平飞,无
171.20000000000002,A0100,-36234.3315747544,-580.8863382292602,5679.068475174516,216.4888085936497,181.2099282527169,1.9416234193207156,5.457969347829215,Short skate返航,南向返航
171.20000000000002,A0200,-33430.8177534966,653.0780407763359,5894.158759420019,162.66237761219045,181.71104661563712,8.419352855430205,0.6602809688253118,Short skate返航,南向返航
171.20000000000002,B0200,23158.773078549268,-1061.1851049702254,5533.394529068393,198.840846905764,358.85205221053934,-0.562313405335982,2.637727921452968,平飞,无
171.4,A0100,-36277.611664642856,-582.033937754788,5679.066973980425,216.35091069792637,180.79630987310827,-1.5160346401278555,1.7187158125488269,Short skate返航,南向返航
171.4,A0200,-33463.29110080389,651.8540927326685,5893.352149775375,162.39545461949277,181.82134837600296,12.14433955585696,-2.1379711454650416,Short skate返航,南向返航
171.4,B0200,23198.514408237585,-1061.5810612812456,5532.180877152541,198.85512236813597,359.1843969364657,4.444904200136015,0.5588889875479239,平飞,无
171.60000000000002,A0100,-36320.82535864004,-583.1602041598653,5678.901611763351,215.99473053942813,180.8522840184264,-4.043324096132652,-2.766582116346417,Short skate返航,南向返航
171.60000000000002,A0200,-33495.70280956115,650.6600817524468,5893.178077505427,161.90113246080756,181.8328780503037,14.453228758287157,-3.058350978614705,Short skate返航,南向返航
171.60000000000002,B0200,23238.28209778232,-1061.9659313475804,5531.393487017331,198.82807540980212,359.5171747294732,8.47077988632631,3.773432109574581,平飞,无
171.8,A0100,-36364.00428173411,-584.2740924326263,5678.185497064464,216.1097299483932,180.97667699035705,-2.157976271977155,0.789495060467101,Short skate返航,南向返航
171.8,A0200,-33528.00255956292,649.5051859531704,5893.607090337073,161.39208463419942,181.7830254143579,13.656165493229182,-2.8399690506997706,Short skate返航,南向返航
171.8,B0200,23278.006091926924,-1062.297818609071,5531.174667261579,198.4137419138154,359.62292547616505,8.171174724466995,6.1420037589918985,平飞,无
172.0,A0100,-36407.21823942333,-585.3837521539026,5677.213182034016,216.16483389587864,180.9085385473793,1.963304873844344,1.129749871538735,Short skate返航,南向返航
172.0,A0200,-33560.22644967249,648.3849797907733,5894.478132920545,161.2109722827044,181.7590755445697,10.87916063024911,-2.434907005804264,Short skate返航,南向返航
172.0,B0200,23317.653868527443,-1062.546928717673,5531.54437605778,198.0474564144588,359.3750220460981,4.817737571642927,3.015929905785641,平飞,无
172.20000000000002,A0100,-36450.41754224177,-586.4781220309251,5676.736656007935,216.07479594018503,181.1150444800081,5.659581987946061,0.2093406501419304,Short skate返航,南向返航
172.20000000000002,A0200,-33592.44196686023,647.2902732511429,5895.525922491202,161.36198012371733,181.863828259425,7.511097602377922,-1.1552961853124126,Short skate返航,南向返航
172.20000000000002,B0200,23357.225555165664,-1062.7697101644917,5532.346810301335,197.88582323389247,359.47319266462443,1.2179877896671374,-1.1450380918645304,平飞,无
172.4,A0100,-36493.59858764389,-587.5762777994369,5676.861063810304,215.77133312236245,181.2991456937106,7.762177028059802,2.1596833610664032,Short skate返航,南向返航
172.4,A0200,-33624.713735384794,646.2004308494143,5896.44118783532,161.67415094284834,182.03009325944305,4.074642600602156,1.9770565533959068,Short skate返航,南向返航
172.4,B0200,23396.8240349602,-1062.9974780689408,5532.8506800231135,198.1728149077072,359.7412137177586,-2.1865342575674527,1.462805267167394,平飞,无
172.60000000000002,A0100,-36536.70608707179,-588.698290509632,5677.545594423462,215.60113328839108,181.1978614453344,5.202614313446877,2.538456672128926,Short skate返航,南向返航
172.60000000000002,A0200,-33657.053586643124,645.0946043825224,5897.070611029001,161.9542712708898,181.8626643648797,0.6711832584739782,3.4498846399148397,Short skate返航,南向返航
172.60000000000002,B0200,23436.469992916143,-1063.215890628826,5532.606159283394,198.2182737918156,359.498543792699,-5.196430309919577,2.250841628088278,平飞,无
172.8,A0100,-36579.83258122995,-589.8239632734985,5678.284520218558,215.95020451755337,181.1699749914911,1.6575038365312356,4.455271862683202,Short skate返航,南向返航
172.8,A0200,-33689.43295803742,643.9763231287616,5897.392944230383,162.00107922459597,181.45603065761503,-2.643203825702434,-0.6440575518786943,Short skate返航,南向返航
172.8,B0200,23476.06268783877,-1063.4410589902309,5531.7722356093545,197.7688423583257,359.2113984027563,-7.291815724769306,-2.6763791633029697,平飞,无
173.0,A0100,-36623.030162233496,-590.9479622897088,5678.601354838775,216.06307072294507,180.78940208622492,-1.73521946226365,4.580051527754485,Short skate返航,南向返航
173.0,A0200,-33721.80731543963,642.8762769326513,5897.353112269964,161.96027607972536,181.53679948293268,-5.656120230378004,-5.391639797854168,Short skate返航,南向返航
173.0,B0200,23515.55205801216,-1063.6791123110688,5530.319673667043,197.58429335126897,359.13614166501253,-5.157322709433831,-5.105001678596564,平飞,无
173.20000000000002,A0100,-36666.19205975888,-592.0542791895405,5678.545096460781,215.68001032601788,180.44264209667756,-4.150477557711798,-0.9070160199775702,Short skate返航,南向返航
173.20000000000002,A0200,-33754.175898169386,641.7745786025898,5896.674073386088,161.9946974210807,182.00018823178587,-7.878022557332851,-4.342842067617817,Short skate返航,南向返航
173.20000000000002,B0200,23555.079051519093,-1063.9187566283415,5528.312260719285,198.21616460965,358.9241781405775,0.5528598687774047,-0.7417579468692391,平飞,无
173.4,A0100,-36709.28120236717,-593.1194373065882,5678.031299015125,215.54882737085424,180.60477745576776,-2.249967072607433,-2.9750642068973177,Short skate返航,南向返航
173.4,A0200,-33786.53454028416,640.6454497501036,5895.18744607016,162.21347863595594,182.16652620440223,-7.201421449870425,0.8536784449104885,Short skate返航,南向返航
173.4,B0200,23594.694707023194,-1064.172885841297,5526.340344040382,198.25963905344992,358.8152686656969,5.81456179772706,1.047265114468672,平飞,无
173.60000000000002,A0100,-36752.40687056436,-594.1716516765446,5677.115904915079,215.9155129768577,180.68326033831792,1.857322276704244,1.1205711853238731,Short skate返航,南向返航
173.60000000000002,A0200,-33818.932406168795,639.5061652836685,5893.098896184178,162.63000505264284,182.21225510527464,-4.0717411473888,4.450650585446051,Short skate返航,南向返航
173.60000000000002,B0200,23634.298796215004,-1064.4506095796223,5525.073193945516,198.0513299188744,358.88659001737534,8.484404675855695,-2.570844673479991,平飞,无
173.8,A0100,-36795.57710863325,-595.2189336424635,5676.41143255381,215.8369957465165,180.63829295637265,5.592875023546832,1.3316355973342764,Short skate返航,南向返航
173.8,A0200,-33851.38784200407,638.343928111055,5890.893188153623,162.82902750782102,182.3224001544308,0.5096692459984664,1.4308343092073252,Short skate返航,南向返航
173.8,B0200,23673.887398386963,-1064.7739741642272,5524.444425592028,197.8929239790989,359.0839458355358,9.520167635925423,-1.9231786188120727,平飞,无
174.0,A0100,-36838.68834419022,-596.2540830628877,5676.51113556585,215.4519047682031,180.67951818407184,7.58304513772701,-1.6889702969563962,Short skate返航,南向返航
174.0,A0200,-33883.88040108457,637.1651926762079,5889.026373485031,162.84200563901118,182.40694619107612,5.432111283580798,-1.915457128787319,Short skate返航,南向返航
174.0,B0200,23713.43963387915,-1065.1133511737553,5524.2812297484015,197.64165228981804,359.1544681174795,6.888979216819574,0.3716357354113537,平飞,无
174.20000000000002,A0100,-36881.77140439493,-597.2575070456314,5676.997641131298,215.643114593914,180.95859302933945,5.057309452880193,-0.3992078201357757,Short skate返航,南向返航
174.20000000000002,A0200,-33916.39371251468,635.9947959169895,5887.60713078305,162.8100135904489,182.4563744175048,9.13021010653198,-0.2014567529141822,Short skate返航,南向返航
174.20000000000002,B0200,23752.97648521095,-1065.45929030138,5524.42165331507,197.8515830772185,359.2134750364584,3.3827418613066627,2.509747096546364,平飞,无
174.4,A0100,-36924.920408914506,-598.2575830104979,5677.382542204799,215.97872093766372,181.14024600586788,1.5945263218272463,4.042110882708315,Short skate返航,南向返航
174.4,A0200,-33948.902986048626,634.8164559613688,5886.660158646286,162.58852324449296,182.52964873040077,11.183895748473542,2.262049114590553,Short skate返航,南向返航
174.4,B0200,23792.571055222463,-1065.7986441761695,5524.374335488676,198.05367258036003,359.0544463999239,-0.0758897308984586,5.049550068127469,平飞,无
174.60000000000002,A0100,-36968.11913626665,-599.2717732630663,5677.466412301212,216.00956882228425,180.70676345722205,-1.812164499878384,4.903647587926172,Short skate返航,南向返航
174.60000000000002,A0200,-33981.36004584685,633.6061324228685,5886.304885229829,162.21656785167391,182.6544012125588,11.987665815997314,3.189255382121971,Short skate返航,南向返航
174.60000000000002,B0200,23832.16940897527,-1066.125407708147,5524.117824065026,197.8275778356989,358.5708425649307,-3.4373221307184614,2.598816652353539,平飞,无
174.8,A0100,-37011.27107469824,-600.2753646211258,5677.251586425984,215.62326391266703,180.30546607704403,-4.26020095408689,-0.4716989773691986,Short skate返航,南向返航
174.8,A0200,-34013.75320022658,632.3522554742685,5886.412736358625,162.0137789910356,182.5935996753394,10.123350666811085,3.5227964418089037,Short skate返航,南向返航
174.8,B0200,23871.68236895023,-1066.470893760441,5523.6393260074565,197.41167570454135,358.5460568596277,-5.850644176678284,-1.1937785289951532,平飞,无
175.0,A0100,-37054.358739907504,-601.2375841570465,5676.591198536764,215.6014348722612,180.47583329099857,-2.3748400406867245,-2.5616077984711594,Short skate返航,南向返航
175.0,A0200,-34046.12135223061,631.0568635423006,5886.804428406174,161.94678623493886,182.288965130187,6.985214558441437,1.580588975169306,Short skate返航,南向返航
175.0,B0200,23911.13834079816,-1066.836820319153,5522.576839046671,197.4445459002482,358.7410308807708,-4.260552205082427,1.6373186030028306,平飞,无
175.20000000000002,A0100,-37097.50259736087,-602.1871221248257,5675.535582113151,216.0289960499274,180.5810058816494,1.7333958254639972,1.5212708626590958,Short skate返航,南向返航
175.20000000000002,A0200,-34078.48365824106,629.7530297640387,5887.339120344779,162.03458385661258,182.1118517364648,3.541553107534752,-1.199771277124436,Short skate返航,南向返航
175.20000000000002,B0200,23950.619990023628,-1067.2130384979791,5521.090006949626,197.5862919949426,358.89356945924607,0.0731655363441342,1.7464381462782854,平飞,无
175.4,A0100,-37140.695761988005,-603.1363752256493,5674.696584261717,215.9536150764759,180.56033196265065,5.457956218181635,1.7277197443016308,Short skate返航,南向返航
175.4,A0200,-34110.8958533684,628.4594158291839,5887.657366007357,162.40177757118025,182.21296091328725,0.1094769549793629,0.074111610580115,Short skate返航,南向返航
175.4,B0200,23990.111415646017,-1067.5940131291172,5519.928645274244,197.58792179454647,359.17741384056706,4.988049983898008,-0.4015233644048709,平飞,无
175.60000000000002,A0100,-37183.83270493158,-604.0821543965612,5674.6663313521385,215.57100965575825,180.61439769797235,7.437171279553732,-1.2935563364983629,Short skate返航,南向返航
175.60000000000002,A0200,-34143.38363342388,627.1584731773255,5887.497204767202,162.68641878169308,182.15702314408904,-2.7997140349049587,0.4307020227339198,Short skate返航,南向返航
175.60000000000002,B0200,24029.624109050023,-1067.9747917605837,5519.222505443768,197.5223012734,359.4576606016826,8.851393520542876,2.806967030945396,平飞,无
175.8,A0100,-37226.94314368843,-605.0016503679617,5675.026006428274,215.76661016133647,180.87561551851084,4.903998413581137,-0.0036339775124744,Short skate返航,南向返航
175.8,A0200,-34175.90072988774,625.8561529710096,5886.911156243894,162.85747707644413,182.01531057130035,-2.9047497728381937,-1.6091882081509383,Short skate返航,南向返航
175.8,B0200,24069.08063389753,-1068.3168994414991,5519.0598040369605,197.09883480999167,359.502656806808,7.746307935935635,5.245323431113578,平飞,无
176.0,A0100,-37270.120063194,-605.9196501912484,5675.285878678847,216.10676510793363,181.0333704598092,1.4401740943516987,4.4390332110908926,Short skate返航,南向返航
176.0,A0200,-34208.47349037475,624.5591248955607,5885.923994013176,163.2968892861231,181.9737607929353,-0.2505757689817051,-0.8638997261031328,Short skate返航,南向返航
176.0,B0200,24108.472060666438,-1068.5938671046915,5519.424940609528,196.7868670646152,359.2792058045042,4.151563659413359,2.2479587973038564,平飞,无
176.20000000000002,A0100,-37313.34678477231,-606.8522179523916,5675.245684191514,216.14238048693636,180.5762776126093,-1.9637891640941916,5.298965783200633,Short skate返航,南向返航
176.20000000000002,A0200,-34241.126926471465,623.2649120710739,5884.739138619287,163.69238602485234,181.9929537773642,3.288811521977696,2.073536979763394,Short skate返航,南向返航
176.20000000000002,B0200,24147.786025127432,-1068.856272456689,5520.158042217092,196.5394632616644,359.4187311401257,0.5433301325533122,-1.8016008102686276,平飞,无
176.4,A0100,-37356.52681048063,-607.7746411840799,5674.907442837488,215.76093088235905,180.15887707237783,-4.408879233362928,-0.0785839431478146,Short skate返航,南向返航
176.4,A0200,-34273.84482743326,621.9590682804683,5883.657907494604,163.86442402831975,182.11690486989448,6.441623450713048,2.6898725637505385,Short skate返航,南向返航
176.4,B0200,24187.11113070183,-1069.1236396026688,5520.540155621744,196.79451935582992,359.7243538982587,-2.802446691635096,0.7936362929309699,平飞,无
176.60000000000002,A0100,-37399.64219153595,-608.6550756967681,5674.124461377181,215.74401212558445,180.3438220118405,-2.5203043620404584,-2.161693863088592,Short skate返航,南向返航
176.60000000000002,A0200,-34306.56557912745,620.633571128581,5883.028949824002,163.60716869462942,182.198840962866,9.230225131691782,-2.752966797510703,Short skate返航,南向返航
176.60000000000002,B0200,24226.47996300764,-1069.3776157722932,5520.133909667653,196.8433993053087,359.5195041137531,-5.7439387052767605,1.612832368239778,平飞,无
176.8,A0100,-37442.81360085125,-609.5223148598034,5672.947629615521,216.1756822030498,180.4788255380708,1.589508194251371,1.929936666191303,Short skate返航,南向返航
176.8,A0200,-34339.21822044738,619.3576891967587,5883.0992192094,163.18106017463091,182.1423415082796,11.721957029283208,-7.539750787130246,Short skate返航,南向返航
176.8,B0200,24265.78733798967,-1069.6356163060227,5519.109017018158,196.32741651744507,359.2527546863762,-7.78243973386349,-3.244867005708118,平飞,无
177.0,A0100,-37486.03566597047,-610.393090189993,5671.989372233744,216.10394450295317,180.4859670507332,5.312795396049619,2.135052847406693,Short skate返航,南向返航
177.0,A0200,-34371.79124323894,618.1650611670448,5883.702495485433,162.87489808787927,182.15658060439333,11.290564308450792,-6.9953803255961935,Short skate返航,南向返航
177.0,B0200,24304.97848733197,-1069.9022302005033,5517.446281377001,196.14403551574043,359.1487598728912,-5.619289811344905,-5.688099490661009,平飞,无
177.20000000000002,A0100,-37529.20424698368,-611.2685407154204,5671.842226783137,215.7246866349376,180.55631441647068,7.289197122434179,-0.8891390126253873,Short skate返航,南向返航
177.20000000000002,A0200,-34404.33268048231,617.0291342519431,5884.570520881187,162.91744384787344,182.3133732149416,8.56472040764105,-4.765500222784515,Short skate返航,南向返航
177.20000000000002,B0200,24344.20624293717,-1070.1671833696546,5515.214028695096,196.79452905523453,358.87791458490267,0.0430965052580772,-1.3958679075028606,平飞,无
177.4,A0100,-37572.34805669091,-612.1227809868888,5672.08645469015,215.92504448300332,180.80205306887603,4.750018726230035,0.399386218628619,Short skate返航,南向返航
177.4,A0200,-34436.90898768236,615.910016882779,5885.41887986835,163.16496150907795,182.5258633093103,5.2712154390076025,-0.8473035931121471,Short skate返航,南向返航
177.4,B0200,24383.53195923054,-1070.4507856214514,5512.996766637349,196.98146766482617,358.9089049198061,5.790899703626724,4.083218041272238,平飞,无
177.60000000000002,A0100,-37615.55896519701,-612.9770150581098,5672.230966655357,216.269675183216,180.93753041454065,1.2845715958775072,4.843556398985586,Short skate返航,南向返航
177.60000000000002,A0200,-34469.54553277775,614.7762502160676,5886.055840671459,163.4676020983082,182.4815600504167,1.87847214935306,3.8409486895874783,Short skate返航,南向返航
177.60000000000002,B0200,24422.85813453972,-1070.6993871553022,5511.492231627743,196.4356506778916,359.2010479012624,9.13637992854854,3.8236281888917314,平飞,无
177.8,A0100,-37658.81974764692,-613.8458310084043,5672.07478932065,216.3091086766281,180.45768356945948,-2.115982292606602,5.702332086274694,Short skate返航,南向返航
177.8,A0200,-34502.24638253761,613.6217423813359,5886.334499564608,163.7232273097607,182.00103796385463,-1.4692442725475905,6.140270901247555,Short skate返航,南向返航
177.8,B0200,24462.07670279832,-1070.900449402403,5510.943125960914,195.97477763706323,359.4026095730771,7.602563931700773,-0.8157482363486919,平飞,无
178.0,A0100,-37702.03375369122,-614.7044995087617,5671.619848505077,215.93138524949603,180.0252074000147,-4.555997273751841,0.3234254281310901,Short skate返航,南向返航
178.0,A0200,-34534.97333596846,612.4574866505955,5886.239466912521,163.71357457814997,181.36670015405412,-4.6040548842642055,2.364332053364888,Short skate返航,南向返航
178.0,B0200,24501.30021210037,-1071.1077666581004,5510.680584335976,196.33767370554472,359.6867310952753,4.187057992062188,-0.388084320713133,平飞,无
178.20000000000002,A0100,-37745.18264167436,-615.5202341512613,5670.720126454185,215.9187734628913,180.2264662374656,-2.662717645253969,-1.7478358487539156,Short skate返航,南向返航
178.20000000000002,A0200,-34567.68239606131,611.3110999284545,5885.722395828416,163.61789018215998,181.19175592449707,-7.024367091898172,-2.1761087095697182,Short skate返航,南向返航
178.20000000000002,B0200,24540.60337320957,-1071.3102792537302,5510.227092318384,196.71917808767049,359.8268741167763,0.7323063632838281,3.552517394664995,平飞,无
178.4,A0100,-37788.38732695537,-616.3220846300865,5669.427486678367,216.3539239081537,180.3932537083319,1.4482311805856607,2.3568209584608355,Short skate返航,南向返航
178.4,A0200,-34600.35735649023,610.1829280971197,5884.617118332606,163.59551602312928,181.3585916855124,-6.389358260519736,-0.9465612592636086,Short skate返航,南向返航
178.4,B0200,24579.9635222888,-1071.4925671882174,5509.459742690015,196.88060336584823,359.45139599558894,-2.675030302245548,4.521515842758149,平飞,无
178.60000000000002,A0100,-37831.643913719614,-617.1313001855451,5668.355191610046,216.2854648757352,180.4300742309432,5.171123624808214,2.5604635188468654,Short skate返航,南向返航
178.60000000000002,A0200,-34633.05314223223,609.0611672197847,5882.969413556606,164.01236393832565,181.5656222256236,-2.478677894493569,4.220795414574057,Short skate返航,南向返航
178.60000000000002,B0200,24619.30422062865,-1071.667603145277,5508.43005753012,196.65480898890053,359.046061051417,-5.275257675816259,-1.0544998701907728,平飞,无
178.8,A0100,-37874.8496147243,-617.9535310106494,5668.096419954476,215.90921501066995,180.5180984402969,7.145360454811216,-0.4675532876698225,Short skate返航,南向返航
178.8,A0200,-34665.82707977652,607.9283237619184,5881.120137511132,164.39882944802602,182.0168023607069,2.9651043487746342,7.157891522689293,Short skate返航,南向返航
178.8,B0200,24658.593811173218,-1071.870176866878,5506.99077517669,196.67556438738453,359.16238207317326,-3.962172546384821,-3.934487096696661,平飞,无
179.0,A0100,-37918.03220898231,-618.7597209272371,5668.230410658838,216.11417772698763,180.74827229712236,4.59953601741246,0.8199771705201805,Short skate返航,南向返航
179.0,A0200,-34698.65055514555,606.730490989703,5879.580257078003,164.33654074361024,182.44678096893895,7.450588853903716,3.07817836046965,Short skate返航,南向返航
179.0,B0200,24697.94101093163,-1072.0762088095416,5505.049568340908,197.26964348981429,359.21803639636033,0.6120897592095813,0.3133762694012831,平飞,无
179.20000000000002,A0100,-37961.28249378289,-619.5673886711647,5668.264538777963,216.46300867409263,180.86090068070783,1.1323362429326451,5.266605031007247,Short skate返航,南向返航
179.20000000000002,A0200,-34731.44581986782,605.4854702311859,5878.698117479569,163.97326826649615,182.7075101647032,10.463758332619651,-1.1624551422513292,Short skate返航,南向返航
179.20000000000002,B0200,24737.374106768064,-1072.28332854771,5503.159490804446,197.3466791613889,359.3129432393208,6.11864362061945,2.1612001930636398,平飞,无
179.4,A0100,-38004.58267919219,-620.3895556522784,5667.997024897533,216.5057197191607,180.35746852990587,-2.2643862450876857,6.1239827421970805,Short skate返航,南向返航
179.4,A0200,-34764.18381918396,604.2343416560616,5878.373618514213,163.6766857285393,182.7670926430278,10.564288917529275,-0.7636609333535516,Short skate返航,南向返航
179.4,B0200,24776.79684623168,-1072.4827502534845,5502.000523320143,197.10728644902747,359.4935878700885,8.928409499489728,-1.1910524931045063,平飞,无
179.60000000000002,A0100,-38047.8359205685,-621.2014161521256,5667.429649368369,216.13116284122705,179.90960294781905,-4.698368484140388,0.7431582797731427,Short skate返航,南向返航
179.60000000000002,A0200,-34796.88372625339,602.9754305663719,5878.414426973648,163.60463020014512,182.63305389140743,8.05539894212925,0.0538971258150703,Short skate返航,南向返航
179.60000000000002,B0200,24816.19452619981,-1072.695842114117,5501.513086236921,196.9051312079677,359.6773595122929,9.896436925299277,-0.2876933302796724,平飞,无
179.8,A0100,-38091.02353231848,-621.9692409860581,5666.417209157986,216.12252944495603,180.12833964162454,-2.799258416777066,-1.313818457380147,Short skate返航,南向返航
179.8,A0200,-34829.59787673351,601.7118601153106,5878.57356997734,163.84516239602272,182.5534828036003,4.767008358157077,1.6819611871767055,Short skate返航,南向返航
179.8,B0200,24855.54859732584,-1072.8985228620422,5501.510986662059,196.63494362918695,359.64396177739883,7.244829406126581,2.117022070008131,平飞,无
180.0,A0100,-38134.26668780715,-622.7224503237339,5665.012843322998,216.56070093777535,180.3286297102556,1.312814930838648,2.806268877109852,Short skate返航,南向返航
180.0,A0200,-34862.37527021738,600.4309818783986,5878.567324696314,164.15868041516592,182.34090665864787,1.367016837114495,2.2245032029399203,Short skate返航,南向返航
180.0,B0200,24894.867766067728,-1073.0823404652274,5501.884547358004,196.62755349057903,359.55468169125754,3.722020581902628,2.5175352455949525,平飞,无
180.2,A0100,-38177.56299877155,-623.4817163988428,5663.831194722317,216.49499337968493,180.525877991938,5.02622420953915,2.828832826051378,Short skate返航,南向返航
180.2,A0200,-34895.19794534428,599.1355028660328,5878.348240221712,164.2896790391368,181.97412750756223,-2.0385817391433685,-2.7414186187710805,Short skate返航,南向返航
180.2,B0200,24934.22671497427,-1073.2644223001043,5502.134568116537,197.070680460474,359.5900083146452,0.2289940788439249,4.215888560623888,平飞,无
180.4,A0100,-38220.81207651687,-624.2637161129223,5663.460253950871,216.13142100299223,180.80135395466507,6.989537178171424,-0.1766765655129872,Short skate返航,南向返航
180.4,A0200,-34928.023905045586,597.8616065698352,5877.85918331854,164.26364414652124,182.10240663697343,-4.838543851911177,-8.084254933159071,Short skate返航,南向返航
180.4,B0200,24973.670840596445,-1073.4470212327287,5501.858321458296,197.26563014320772,359.22333445320896,-3.1067329137970385,4.335574274724209,平飞,无
180.6,A0100,-38264.03913655167,-625.0475389167441,5663.485128766522,216.3267259182909,181.04657205978293,4.434403366843507,1.3685545166383606,Short skate返航,南向返航
180.6,A0200,-34960.83909255062,596.5975781590732,5876.92210966,164.30235099509812,182.28865418863813,-4.630628213931538,-7.148332622414723,Short skate返航,南向返航
180.6,B0200,25013.074874109094,-1073.6358250437552,5501.240212980289,196.6854583494784,358.7861279361648,-5.538520158443689,-4.022560677826581,平飞,无
180.8,A0100,-38307.316449299,-625.8493205288887,5663.483555608633,216.4643089270286,181.0164036190942,0.9547439809210192,3.9162262966859145,Short skate返航,南向返航
180.8,A0200,-34993.67446981458,595.3301069494573,5875.578770163886,164.5979224605425,181.99185198437624,-0.776619135454362,-2.802413786858836,Short skate返航,南向返航
180.8,B0200,25052.32944254341,-1073.8935247376648,5500.548761796124,196.07465831522535,358.8636543511945,-4.767875187912325,-12.269286578524644,平飞,无
181.0,A0100,-38350.59086326645,-626.6744404001038,5663.378357177759,216.2734484958222,180.6220146682628,-2.490085367839569,1.8933276976235744,Short skate返航,南向返航
181.0,A0200,-35026.57275232604,594.0784999268708,5874.165252721539,164.9032203658603,181.75425934306307,4.6621879950776695,1.461170637610112,Short skate返航,南向返航
181.0,B0200,25091.525714830757,-1074.2016376013344,5499.5955215049125,196.09424514326545,358.7767253013168,-2.05631766040174,-9.856750428474127,平飞,无
181.2,A0100,-38393.81662602125,-627.485465698619,5662.908067177988,216.14889732916296,180.61012502392185,-4.887250486513294,0.6159131403397435,Short skate返航,南向返航
181.2,A0200,-35059.51268896096,592.825448501837,5873.052178229364,164.83762016995985,181.84396841004215,9.439687987143468,2.3759928169969333,Short skate返航,南向返航
181.2,B0200,25130.753630821884,-1074.5569309911807,5498.473745179143,196.3399026098753,358.1008628212537,3.4628353742772973,-4.318963825261553,平飞,无
181.4,A0100,-38437.015044122265,-628.2888118831761,5661.789765608772,216.03017008553527,180.51269691153652,-2.904849210182208,0.0692352905996297,Short skate返航,南向返航
181.4,A0200,-35092.41640802831,591.5590111701622,5872.571956255088,164.48345549746335,182.07491423642017,12.896938016298988,-0.4862618531686868,Short skate返航,南向返航
181.4,B0200,25170.014284897108,-1074.9941661590435,5497.640753878093,196.33992061439616,357.8966491344168,7.36779323990837,-0.1191456644594703,平飞,无
181.6,A0100,-38480.19896281676,-629.0704889484132,5660.603562849266,216.14563073046608,180.53965179474216,1.1754542520159654,-0.7754073964639472,Short skate返航,南向返航
181.6,A0200,-35125.239406543194,590.2977264675719,5872.75441592165,163.952713281561,182.1816715783646,14.912875779493191,-1.5343621388216588,Short skate返航,南向返航
181.6,B0200,25209.254042774348,-1075.4696542472848,5497.288808331943,196.0786067420016,357.9634622193142,7.440010237968186,1.874731456881341,平飞,无
181.8,A0100,-38523.44421270418,-629.8424562511809,5659.548088519648,216.4546549168749,180.64402274061635,4.993547904139708,3.2369646510412178,Short skate返航,南向返航
181.8,A0200,-35157.93979292138,589.0525233055341,5873.5426391381625,163.44661346142846,182.13952590222144,13.84386471644699,-1.466842317612962,Short skate返航,南向返航
181.8,B0200,25248.4712859218,-1075.96141187596,5497.346512033158,196.1912981625829,358.08028339365484,4.351729570554055,1.4554089668462271,平飞,无
182.0,A0100,-38566.706309606685,-630.6419225336122,5659.002046475385,216.1954541642973,180.88111378589625,7.086391638672162,5.624948100778835,Short skate返航,南向返航
182.0,A0200,-35190.56102360757,587.823824022651,5874.760182845403,163.27278018119125,182.06987079401972,10.937137193139842,-1.2011380595718912,Short skate返航,南向返航
182.0,B0200,25287.75196358189,-1076.4773313887508,5497.338404167262,196.7201580153483,358.3320802731415,0.8895377514777615,2.6113923788515216,平飞,无
182.2,A0100,-38609.91327896027,-631.5057649316586,5659.083132410558,216.02213268172255,180.94826590275952,5.508394091215815,5.693572735406508,Short skate返航,南向返航
182.2,A0200,-35223.16468528599,586.6052122519686,5876.1625862425535,163.3260075768545,181.9916538597946,7.520363887486574,-1.0416673291205505,Short skate返航,南向返航
182.2,B0200,25327.13208655062,-1077.0062366318834,5496.871021368657,197.0386418173614,358.19506171575824,-2.5087444616849903,2.389037704285378,平飞,无
182.4,A0100,-38653.1147900901,-632.4129246605935,5659.4020475484685,216.11936832504276,180.83533464910343,2.149201909988544,5.614594051385963,Short skate返航,南向返航
182.4,A0200,-35255.804555250725,585.3961394903454,5877.4767074550855,163.6016688029538,182.0399279575832,4.057790522277643,0.0661773032515422,Short skate返航,南向返航
182.4,B0200,25366.53379241384,-1077.56084389468,5495.953539852393,197.1927471070025,358.1901702974783,-5.063212906469084,0.2255329186336258,平飞,无
182.6,A0100,-38696.32472748539,-633.342916231346,5659.636905840627,215.97052735694183,180.4238689390811,-1.3036463707703396,1.88743203546571,Short skate返航,南向返航
182.6,A0200,-35288.51745710369,584.1834918534805,5878.43921246645,163.8639414498359,182.0272500832096,0.6525752587900991,2.059335489014305,Short skate返航,南向返航
182.6,B0200,25405.960822649,-1078.1405248407773,5494.317241061268,197.48705251153604,358.4062405777262,-3.6358753281365233,3.430222768545756,平飞,无
182.8,A0100,-38739.4721342917,-634.2507427930414,5659.668058208241,215.6933901230665,180.50789962570724,-4.517320787943277,-2.573532357389767,Short skate返航,南向返航
182.8,A0200,-35321.274868350585,582.9623451998632,5879.002071598456,163.94792705344807,181.73232649929764,-2.611697337261017,1.025718892679945,Short skate返航,南向返航
182.8,B0200,25445.4300521524,-1078.726361656576,5492.376020249996,197.62886006363092,358.69636134242694,0.5010047834832494,3.754750304006383,平飞,无
183.0,A0100,-38782.60123951223,-635.1541136341984,5658.8685168278735,215.74943425012864,180.75476718670757,-6.582876151474093,1.098266193873502,Short skate返航,南向返航
183.0,A0200,-35354.03861733295,581.750478764312,5879.111335540732,163.94613120161824,181.62665017553712,-5.565201123876364,-1.3582128193397978,Short skate返航,南向返航
183.0,B0200,25484.880016337826,-1079.28130024878,5491.028861910967,197.019106805726,358.88861786027087,5.121864390588496,-3.3304523536513124,平飞,无
183.2,A0100,-38825.69061708618,-636.0536123202346,5657.248564128342,215.5288934584857,180.678545098674,-4.248985874799171,1.8351327192785205,Short skate返航,南向返航
183.2,A0200,-35386.80630062004,580.5457667701921,5878.498059994292,164.02040832017988,181.75827480238223,-7.750833291579933,0.259999707561216,Short skate返航,南向返航
183.2,B0200,25524.18650708161,-1079.9196719533884,5490.896042950566,196.1526158355276,358.7756526451608,8.705462078417817,-9.10277623190878,平飞,无
183.4,A0100,-38868.745541219614,-636.9365978586538,5655.553811958927,215.550623596084,180.9535621159789,0.1409786622001731,0.980634423055677,Short skate返航,南向返航
183.4,A0200,-35419.558598172734,579.3406356051455,5877.090802627545,164.06386605886962,181.71507068475248,-6.981324601346525,0.9662195519435824,Short skate返航,南向返航
183.4,B0200,25563.345577998127,-1080.6937880346704,5491.581895725163,195.67948767382995,358.97871915943017,7.576429337164233,-7.832877732365613,平飞,无
183.6,A0100,-38911.85356754689,-637.8308594710943,5653.984685013571,215.8790532194432,181.3352983709792,4.054668747079669,4.987732973394711,Short skate返航,南向返航
183.6,A0200,-35452.31522492296,578.141537421956,5875.225379479192,164.31358017492886,181.6367102375945,-3.437013225180376,-0.960712125315858,Short skate返航,南向返航
183.6,B0200,25602.471453976737,-1081.5289310701935,5492.511088461157,195.8685027972556,359.39280806300195,4.147072287354316,-5.179360701307022,平飞,无
183.8,A0100,-38954.98405887333,-638.794564474747,5652.905050568459,215.52649876219087,181.5047569305262,6.2242065407510765,4.878595545162879,Short skate返航,南向返航
183.8,A0200,-35485.13747537439,576.9542998922352,5873.152327919976,164.77329688355564,181.7161807973517,2.014514770175561,-0.2324191023048579,Short skate返航,南向返航
183.8,B0200,25641.662182458706,-1082.3548093082518,5493.167900838324,196.18554551138288,359.64422066994973,0.7105174468965365,-0.5564475883378055,平飞,无
184.0,A0100,-38998.03461848813,-639.8256085701832,5652.571936890667,215.28693035120384,181.55987183651672,4.640307680127279,0.4812874594042708,Short skate返航,南向返航
184.0,A0200,-35518.039420758745,575.7677020818755,5871.206922375664,164.97335392098773,181.90350226848184,7.174273924935799,2.7073491027566314,Short skate返航,南向返航
184.0,B0200,25680.92379711924,-1083.1562507667004,5493.305037652184,196.52429445910764,359.51176155705303,-2.6277424727740955,4.599962410810585,平飞,无
184.2,A0100,-39041.12046331901,-640.872716554888,5652.313417671197,215.74615948921704,181.74155274437783,1.3188689885757003,1.72653928435182,Short skate返航,南向返航
184.2,A0200,-35550.96257569481,574.5498776944951,5869.735372675319,164.72947207148314,182.12375815143392,11.02514431555141,3.330276955409426,Short skate返航,南向返航
184.2,B0200,25720.23053457425,-1083.947003344796,5492.781006266228,196.5500793660548,358.8813381813991,-5.620009766121775,6.071906757654825,平飞,无
184.4,A0100,-39084.28024200075,-641.9477164029249,5651.714721370967,215.9226213173484,181.42135953354327,-2.093003253062206,1.841303995186873,Short skate返航,南向返航
184.4,A0200,-35583.82743626358,573.2926733042132,5869.004178293755,164.2571191427359,182.3624810464648,13.754046915026684,0.4072119318517744,Short skate返航,南向返航
184.4,B0200,25759.45245873525,-1084.7322401215952,5491.818753650819,195.69506610084423,358.2655195897226,-7.686411359616311,-0.5300606876032704,平飞,无
184.6,A0100,-39127.43284016368,-643.0201535491888,5650.748963121017,215.9073591044435,181.32760542484863,-4.627637847778206,0.9681776706298328,Short skate返航,南向返航
184.6,A0200,-35616.59789700155,572.0235269705809,5869.000670788246,163.6626087550856,182.4588126304934,15.319361487869395,-0.6399537569595154,Short skate返航,南向返航
184.6,B0200,25798.456600343867,-1085.549045219499,5490.657709007332,194.81236695545735,358.2106431435701,-5.530472458245101,-7.641252190612027,平飞,无
184.8,A0100,-39170.57196100958,-644.0948345500929,5649.209313635405,215.8631102441041,181.19117455034785,-2.7391698473788155,0.3406557575884643,Short skate返航,南向返航
184.8,A0200,-35649.240155067186,570.7563351976296,5869.643373408359,163.13288445150584,182.38589119293863,14.042712748057676,-0.574295473202924,Short skate返航,南向返航
184.8,B0200,25837.389279229195,-1086.4074441563553,5489.331991925048,194.94752095099625,357.9418840110028,-0.0568903366338424,-4.853472606385938,平飞,无
185.0,A0100,-39213.71046903444,-645.159495685899,5647.660789614161,216.0251761472637,181.19745215301583,1.3452362993721272,-0.5632260506876653,Short skate返航,南向返航
185.0,A0200,-35681.799466846904,569.4937268033082,5870.742056209876,162.94247793863795,182.26530175941477,11.091959892457188,-0.3122236144726755,Short skate返航,南向返航
185.0,B0200,25876.37232292319,-1087.3108171269305,5488.072459492179,195.1063080391607,357.65103337879634,5.605578013120184,0.5599566628093233,平飞,无
185.2,A0100,-39256.91701024093,-646.2212950813282,5646.290035674807,216.32918404231344,181.37699376927893,5.032549365762222,3.3171585526074194,Short skate返航,南向返航
185.2,A0200,-35714.33863672894,568.2334241533445,5872.045987865888,162.98780385955206,182.14794164605144,7.659540763261176,-0.1824945694104801,Short skate返航,南向返航
185.2,B0200,25915.347885203904,-1088.2427424813486,5487.274956348188,194.85709695625997,357.77670948317336,7.039514884310508,2.793379258065005,平飞,无
185.4,A0100,-39300.14046769437,-647.3265081808058,5645.469417868455,216.04372497732655,181.6413803422776,7.002336829514335,5.844013374428017,Short skate返航,南向返航
185.4,A0200,-35746.912590337255,566.9780915327647,5873.278779430955,163.2666206296396,182.1616687153941,4.186484662431448,0.9128498533466852,Short skate返航,南向返航
185.4,B0200,25954.30249069729,-1089.1610340481966,5486.982956906637,194.84813099124932,357.8598747818524,5.356388504752713,2.732742671889022,平飞,无
185.6,A0100,-39343.30681966796,-648.5139148559447,5645.317013779062,215.8492260619632,181.65726399331976,5.395570854039905,6.0493302967783,Short skate返航,南向返航
185.6,A0200,-35779.55870285872,565.7176828880747,5874.175922380482,163.53297821335826,182.1021492109899,0.7752667063949261,2.9173692680151686,Short skate返航,南向返航
185.6,B0200,25993.28349701128,-1090.0765428805353,5486.86076692805,195.0943896408619,357.8606299172199,2.0811484591318306,2.258275376113307,平飞,无
185.8,A0100,-39386.46658640882,-649.7575254108797,5645.430920423487,215.9489370863033,181.4911573665396,2.0346365866423204,6.007621690389414,Short skate返航,南向返航
185.8,A0200,-35812.249914922264,564.4481814196224,5874.6880176348,163.627073845466,181.76000406808197,-2.506307424654884,1.9027168500533065,Short skate返航,南向返航
185.8,B0200,26032.34007630341,-1091.010037346845,5486.484432189254,195.6694144425108,357.9751616071339,-1.360026620220479,3.5999466369004534,平飞,无
186.0,A0100,-39429.63489004866,-651.0346733731658,5645.479900733297,215.80987041439863,180.99594061269667,-1.4148004298311856,2.335949626684708,Short skate返航,南向返航
186.0,A0200,-35844.94867497095,563.1885818815445,5874.758950445537,163.6365408268463,181.6096799425264,-5.48560148861486,-0.4594131606376644,Short skate返航,南向返航
186.0,B0200,26071.48521729048,-1091.9592592534864,5485.514989115351,195.87634423899155,357.7648692397066,-4.009434362958037,3.538695647880276,平飞,无
186.2,A0100,-39472.73675423284,-652.2931757420756,5645.366103965873,215.4547175972368,180.99200962402296,-3.9412321633802834,-2.145111112607973,Short skate返航,南向返航
186.2,A0200,-35877.65230426751,561.9402618816403,5874.127467065615,163.6838622387864,181.67827682145213,-7.701587575046688,0.3769782863789221,Short skate返航,南向返航
186.2,B0200,26110.598851741262,-1092.9186586047765,5484.277038428685,195.6446757427984,357.62995227985806,-2.734824164332986,-2.531157760517354,平飞,无
186.4,A0100,-39515.80035094784,-653.537089254387,5644.690109482814,215.49046064504972,181.13961279333083,-2.2896966148153983,1.3718330417966382,Short skate返航,南向返航
186.4,A0200,-35910.33460463699,560.6995253761888,5872.743218879785,163.742035530671,181.71883018289645,-6.970134747362368,1.7628306210390647,Short skate返航,南向返航
186.4,B0200,26149.710417866445,-1093.9154989439412,5482.976366003084,195.9043428843436,357.6961561698605,0.6536799420301197,-5.1520120364729705,平飞,无
186.6,A0100,-39558.87864147261,-654.7777848641763,5643.726635453402,215.490965702422,181.1136040201677,1.7126832663237477,1.7288752912159284,Short skate返航,南向返航
186.6,A0200,-35943.029869507365,559.4611219046128,5870.872420027699,163.96032261796344,181.69756742583596,-3.798799661677517,0.9000009221102888,Short skate返航,南向返航
186.6,B0200,26188.90053725634,-1094.9407802187634,5481.563496307343,196.3416783209848,357.74406323083167,2.8131065753679096,-1.9900402234204155,平飞,无
186.8,A0100,-39601.94054835592,-656.011891493692,5643.225779068383,215.4181794616868,181.3591680506198,5.453656577277959,0.8192435643071249,Short skate返航,南向返航
186.8,A0200,-35975.75953733798,558.2308363209722,5868.929299915086,164.16858517819762,181.76172524282345,0.8673786251610816,-1.3638324276602785,Short skate返航,南向返航
186.8,B0200,26228.161905738096,-1095.9944575248592,5480.251076923511,196.6137034786073,357.85657143811187,4.266700290995975,2.18925332984776,平飞,无
187.0,A0100,-39644.98873378859,-657.259605416144,5643.301034926146,215.1376591799916,181.568496328421,7.610085703749516,2.763458054735506,Short skate返航,南向返航
187.0,A0200,-36008.55074706507,557.0142965407413,5867.130811412815,164.43290674148955,181.9654702858402,6.079692096542627,0.3579198178426098,Short skate返航,南向返航
187.0,B0200,26267.461919000907,-1097.0369948851912,5479.233150094302,196.62127008820303,357.9376802469883,4.821791644785083,4.787366465268356,平飞,无
187.2,A0100,-39687.967032077526,-658.5401135292868,5643.920749070496,214.9771169678358,181.44322262019887,5.076918700619734,3.134396219385692,Short skate返航,南向返航
187.2,A0200,-36041.37940132496,555.7907475354386,5865.712328202253,164.30775674337187,182.22110818774928,10.27459944843586,2.4977085535167096,Short skate返航,南向返航
187.2,B0200,26306.775680377123,-1098.0454984278367,5478.590511610126,196.7275699210503,357.93486371681,3.4890538459748317,4.840264967625073,平飞,无
187.4,A0100,-39730.96618201297,-659.828182494306,5644.583503400796,215.3349548645057,181.37900490128325,1.525434176769837,5.039803252204488,Short skate返航,南向返航
187.4,A0200,-36074.16825493059,554.533141509668,5864.957762110527,163.88850171790253,182.51247421562968,13.276255921424529,3.0686951661679176,Short skate返航,南向返航
187.4,B0200,26346.128777518046,-1099.0402025987496,5478.0123045751625,196.9554831052972,357.9212346591569,0.829961873441715,4.467877053500781,平飞,无
187.6,A0100,-39774.03730680101,-661.114671724843,5644.815125977848,215.45356308167217,180.93531033325016,-1.8572382028222956,5.210903789981432,Short skate返航,南向返航
187.6,A0200,-36106.86351699038,553.2290818684596,5864.932671709668,163.30139852240404,182.7691485883166,14.986199370959756,2.970965330815244,Short skate返航,南向返航
187.6,B0200,26385.50269666135,-1100.0183158101809,5477.446146916311,196.87009092147983,357.9682766952096,0.9047663676401796,0.8431534109477179,平飞,无
187.8,A0100,-39817.07312024238,-662.3812123759744,5644.668654913241,215.0800824639574,180.54645294166687,-4.260829428212121,-0.2776793321556368,Short skate返航,南向返航
187.8,A0200,-36139.43375328915,551.879122896893,5865.53632422278,162.80102669309267,182.7786152304239,13.781258491956432,2.815510592106949,Short skate返航,南向返航
187.8,B0200,26424.848559517028,-1101.0037929494192,5477.1903783137095,196.82086965513835,358.1653177368749,2.2293118156704046,-3.269545844585453,平飞,无
188.0,A0100,-39860.05076548472,-663.6037738244504,5644.046117770567,215.08194302818632,180.7464639835685,-2.632205528618267,-2.364250886074408,Short skate返航,南向返航
188.0,A0200,-36171.92651444338,550.492168188599,5866.571838985477,162.63767345514714,182.5910209559132,10.860389263544644,2.692670440475589,Short skate返航,南向返航
188.0,B0200,26464.228143451044,-1102.0080503145143,5476.985285614896,197.09314443896207,358.2999634822175,2.9559012368056985,-0.4152931108451091,平飞,无
188.2,A0100,-39903.08281514624,-664.8131456993615,5642.983239132976,215.50654274778927,180.8823206808851,1.340147766254164,1.7423904241122012,Short skate返航,南向返航
188.2,A0200,-36204.40375454913,549.0822478847367,5867.793698824382,162.7030171891311,182.37103237742215,7.44755778960342,2.5033808321625526,Short skate返航,南向返航
188.2,B0200,26503.646743184,-1103.0145112386217,5476.637489163459,197.22575473509573,358.2887690357769,0.5656875861809478,2.1810870444381174,平飞,无
188.4,A0100,-39946.16566227062,-666.0224973905806,5642.093957196419,215.45213514916784,180.88508735038968,5.13127109839644,1.9700478511274704,Short skate返航,南向返航
188.4,A0200,-36236.90160320569,547.6577169537159,5868.993161851222,162.7783317265763,182.08474570560185,3.977374348130333,0.0776067100246827,Short skate返航,南向返航
188.4,B0200,26543.074561973237,-1104.011047897522,5476.203220828927,197.05825132177225,358.0480649878064,-2.1377427743395208,-0.2890439575043998,平飞,无
188.6,A0100,-39989.198544423285,-667.2312267332018,5641.984062359221,215.09713234521797,180.95489215469416,7.1886109744437565,-1.0418129099461924,Short skate返航,南向返航
188.6,A0200,-36269.41685096466,546.2451067994825,5870.047675333055,162.89377364463724,182.1159573364007,0.535196298424904,-3.289145347803396,Short skate返航,南向返航
188.6,B0200,26582.4135311449,-1105.0302737368438,5475.842598680369,196.6108181001572,358.061534097152,-1.1249565879216148,-3.985030398594655,平飞,无
188.8,A0100,-40032.209743131054,-668.416014917224,5642.245094904818,215.30573369814252,181.2103354058464,4.682643287278842,0.2431370361631178,Short skate返航,南向返航
188.8,A0200,-36301.98754632247,544.8366109194922,5870.629264060528,163.19639747041137,182.4388698931793,-2.7051400493582034,-2.1595208071895384,Short skate返航,南向返航
188.8,B0200,26621.74334651641,-1106.07622405684,5475.415516365234,196.90264270469032,358.04706796786667,2.3527423341911,-1.1911738628869863,平飞,无
189.0,A0100,-40075.28971595978,-669.5997785114869,5642.39045012964,215.65761154598516,181.3579310983779,1.2104810210976238,4.676177351208347,Short skate返航,南向返航
189.0,A0200,-36334.61637558062,543.4091350371909,5870.525838638223,163.35079923852084,182.48391025545,-5.222506087987574,-1.7241147569648103,Short skate返航,南向返航
189.0,B0200,26661.13833783976,-1107.1350862597574,5474.960906680024,197.20702792855693,358.065230666398,4.9667131202989845,3.0551205733154925,平飞,无
189.2,A0100,-40118.42047320165,-670.7970656737889,5642.222664165922,215.69896846019608,180.8915868742875,-2.1881582668678914,5.53864152526242,Short skate返航,南向返航
189.2,A0200,-36367.24796206656,541.9777132773834,5869.84331799599,163.42132492220432,182.38531250658957,-4.891723147161159,-3.851307983141566,Short skate返航,南向返航
189.2,B0200,26700.56916353038,-1108.1706156601083,5474.831228645564,197.1381234487924,358.1671573436524,7.187264052051064,5.596179758299442,平飞,无
189.4,A0100,-40161.504432859976,-671.9829774751797,5641.748053329211,215.32166945788552,180.46841416733795,-4.62099644601526,0.1712476256215464,Short skate返航,南向返航
189.4,A0200,-36399.9111720634,540.5451204649835,5868.659332112969,163.77124961555234,182.2320346203745,-1.4695793933778585,-3.0520518065429334,Short skate返航,南向返航
189.4,B0200,26739.97056031124,-1109.1574963991825,5475.14506381691,197.10191087825152,358.0877564378201,5.431341632104929,5.482383892147071,平飞,无
189.6,A0100,-40204.52364813873,-673.1256182338111,5640.8228730949,215.31212102539035,180.6650274096632,-2.738158763495673,-1.911039420690355,Short skate返航,南向返航
189.6,A0200,-36432.6442764823,539.1214944077656,5867.284220950603,164.1361802316869,182.0444976440587,3.894421590034488,-0.0401345233781741,Short skate返航,南向返航
189.6,B0200,26779.39902190506,-1110.1227879914131,5475.548661022292,197.33579048275377,357.9766117609393,2.0541924162357303,5.035977572715592,平飞,无
189.8,A0100,-40247.59908019145,-674.2549150652831,5639.496520718101,215.7533098360768,180.82145973702072,1.361856886026435,2.17628203018602,Short skate返航,南向返航
189.8,A0200,-36465.427721275766,537.7060507620317,5866.126327734655,164.11831225511682,182.0306044187,8.514769312649712,0.567458705292542,Short skate返航,南向返航
189.8,B0200,26818.863075980968,-1111.0817708510713,5475.791201283009,197.31853782493997,357.75990235050017,-1.3946665946254857,1.3807864504698482,平飞,无
190.0,A0100,-40290.72785116458,-675.3900198262254,5638.381824669879,215.69311933196343,180.8486142427205,5.09308232163662,2.378086403525999,Short skate返航,南向返航
190.0,A0200,-36498.1928531508,536.302496826187,5865.487324717135,163.91524084167654,182.13309135214777,11.038543777110863,-2.26345304159524,Short skate返航,南向返航
190.0,B0200,26858.287956450877,-1112.0559303423706,5475.831531776712,197.1136212285124,357.88920383538635,-3.996049335239093,-2.9202704044985524,平飞,无
190.2,A0100,-40333.8083906184,-676.5341223943906,5638.073619764507,215.326696121493,180.9304752036467,7.077853674391122,-0.6483620787676571,Short skate返航,南向返航
190.2,A0200,-36530.92722043229,534.9258060327556,5865.329144100233,163.7135162682496,182.2244037601584,12.093603350424534,-2.080025061020918,Short skate返航,南向返航
190.2,B0200,26897.71326371908,-1113.0382623640508,5475.2628486858375,197.36993085743453,358.05173265149034,-3.3637378728383207,-0.2161753657164302,平飞,无
190.4,A0100,-40376.86807845491,-677.6597985897934,5638.153038774546,215.5381479140656,181.16735576053748,4.543198226931817,0.6320078288246347,Short skate返航,南向返航
190.4,A0200,-36563.62118838493,533.5639514544018,5865.524672803573,163.53339638849178,182.2191189471333,10.328264085168591,-0.1465971309467557,Short skate返航,南向返航
190.4,B0200,26937.178133658657,-1114.0225640564677,5474.190673804094,197.472882072909,357.9663020378251,-0.6430060146238775,0.3001204633061261,平飞,无
190.6,A0100,-40419.99663239909,-678.7866324661281,5638.12921000554,215.89336023914592,181.29070926023283,1.0766032222177535,5.067463754057596,Short skate返航,南向返航
190.6,A0200,-36596.29323006916,532.2043933050281,5865.993332099868,163.54280320007177,182.12463545189655,7.1944135459587,0.6747880259252376,Short skate返航,南向返航
190.6,B0200,26976.657037299112,-1115.02795666386,5473.290998738965,197.6360983006056,358.0732183430757,3.530400967185612,-0.641011297864343,平飞,无
190.8,A0100,-40463.17578965118,-679.9282222254242,5637.802290113928,215.94204396450343,180.80053199636737,-2.321758804848264,5.925179615117567,Short skate返航,南向返航
190.8,A0200,-36628.99457163514,530.8444276504815,5866.468817839028,163.83285385916278,182.03687648188145,3.7780806100395954,2.097923234780931,Short skate返航,南向返航
190.8,B0200,27016.19525722444,-1116.0467599127496,5472.634550820872,197.85447330055257,358.3308799803379,6.88819479423063,2.7058915392413594,平飞,无
191.0,A0100,-40506.30873616503,-681.0594651722349,5637.176296041827,215.57241741103783,180.3609605213758,-4.759566486558319,0.5524451994765226,Short skate返航,南向返航
191.0,A0200,-36661.76666231136,529.4791969014077,5866.673815551383,164.15922687911146,181.78997801201916,0.3711913224900626,2.353773054196783,Short skate返航,南向返航
191.0,B0200,27055.730643917712,-1117.0339270918594,5472.469253453295,197.54703763394403,358.60391290941163,8.585412841514543,5.101227015977697,平飞,无
191.2,A0100,-40549.37676343173,-682.1469119799531,5636.105892262192,215.56867299865277,180.5712267454665,-2.870631578052275,-1.520091073668688,Short skate返航,南向返航
191.2,A0200,-36694.60046692005,528.1202100890278,5866.508823662598,164.49994310046446,181.6097037922422,-2.974012186909614,0.855578422718439,Short skate返航,南向返航
191.2,B0200,27095.20857108566,-1117.9571601669395,5472.860723317011,197.44985295482627,358.60253556029267,6.159893075228117,5.243291476211959,平飞,无
191.4,A0100,-40592.50098130116,-683.2205183637689,5634.641196995302,216.0139594558312,180.7558515195322,1.2369626655018109,2.5780847636384694,Short skate返航,南向返航
191.4,A0200,-36727.49288659668,526.777080871585,5865.740965668327,164.7475970240792,181.61608365002567,-5.626202159442638,2.0064434304432504,Short skate返航,南向返航
191.4,B0200,27134.702403203173,-1118.839132774092,5473.427826595536,197.6419435867355,358.4673992608866,2.6929151721484845,5.12449817887357,平飞,无
191.6,A0100,-40635.67986490367,-684.3038883340869,5633.395167028466,215.95529715855645,180.80955160231275,4.959081049165835,2.774222086387851,Short skate返航,南向返航
191.6,A0200,-36760.390842918496,525.4433576262945,5864.425558748297,164.75298327289408,181.59661381017807,-5.331351745072594,0.9748464692435,Short skate返航,南向返航
191.6,B0200,27174.2246449078,-1119.7005990170746,5473.8930112236685,197.59587454059428,358.19026821826145,-0.7803221631744397,1.662787046285208,平飞,无
191.8,A0100,-40678.81516088625,-685.404384931735,5632.969214924615,215.64989374214196,180.90708722941807,7.166538550264089,-0.2572305350155661,Short skate返航,南向返航
191.8,A0200,-36793.28327518934,524.1206040617253,5862.843482664526,164.8790365954797,181.6263837313832,-1.8615819272781715,-1.2856015073259988,Short skate返航,南向返航
191.8,B0200,27213.708788708424,-1120.5714220851205,5474.178825725583,197.443536790504,358.37014444975125,-4.024910815156669,-2.645064319757559,平飞,无
192.0,A0100,-40721.93306209953,-686.4909838553813,5633.086857037188,215.700161292466,181.11972285921124,6.929008824576896,0.9969314601616472,Short skate返航,南向返航
192.0,A0200,-36826.22843376444,522.8102381715544,5861.189446470289,165.24715026582393,181.69375568178896,3.5268119312141937,0.5138083762180236,Short skate返航,南向返航
192.0,B0200,27253.198899565712,-1121.4361986393214,5473.70147637095,197.57947979042652,358.6572707843352,-6.185204427905103,0.1632720836375829,平飞,无
192.2,A0100,-40765.06459603296,-687.5849702266987,5633.42364772966,215.7333981829522,181.171218201306,3.82742474254044,3.312476533762553,Short skate返航,南向返航
192.2,A0200,-36859.23192601252,521.5013126023932,5859.760660688229,165.268843981626,181.81104901773284,8.476653113616653,0.6362437340819165,Short skate返航,南向返航
192.2,B0200,27292.677734275378,-1122.2870882322932,5472.411588002742,197.486591926864,358.53451882056817,-4.5566735158501785,0.9931037489742812,平飞,无
192.4,A0100,-40808.203202351695,-688.6966434080059,5633.820857491566,215.8377392448217,180.986996668743,0.3540996525622412,3.881555609814392,Short skate返航,南向返航
192.4,A0200,-36892.219092849096,520.2006546861467,5858.905349873949,164.9701735398505,181.9558164256744,11.78056239629393,-2.4187237181611154,Short skate返航,南向返航
192.4,B0200,27332.13191712131,-1123.1478052240382,5470.964407519517,197.51300718833767,358.648286829809,0.2716070450329116,0.102841091619886,平飞,无
192.6,A0100,-40851.3468845458,-689.8058900375345,5633.945513717286,215.6498621231151,180.6344288635966,-3.0072581310705657,1.3738989224724576,Short skate返航,南向返航
192.6,A0200,-36925.14608758471,518.9303409474996,5858.642830289678,164.52854711764567,182.0101996366584,12.859019659659046,-3.307665040882992,Short skate返航,南向返航
192.6,B0200,27371.63489428169,-1124.0073650624126,5469.625987088744,197.75386236944823,358.9447371408487,5.814967393842261,3.53114054993543,平飞,无
192.8,A0100,-40894.441982317294,-690.8859093876308,5633.583592260358,215.51975366727245,180.71977905612164,-5.291295268673587,0.0692910671750885,Short skate返航,南向返航
192.8,A0200,-36957.993810623695,517.6962430073218,5858.889055389447,164.24671537823215,182.0095837130389,10.957048839234698,-3.046567688883846,Short skate返航,南向返航
192.8,B0200,27411.1394277231,-1124.816676043578,5468.784698462918,197.36758813005963,359.08135554602256,7.866733355907697,3.642387406188004,平飞,无
193.0,A0100,-40937.51108802272,-691.9532071154208,5632.489033978807,215.4197183857504,180.64303016774625,-3.320042125293672,-0.3268443884342947,Short skate返航,南向返航
193.0,A0200,-36990.81963252635,516.493337680813,5859.413840419409,164.3383967994876,182.11678007078487,7.787567015465322,-1.587420292367081,Short skate返航,南向返航
193.0,B0200,27450.570290473253,-1125.5722271070829,5468.667725959525,197.17873742188183,359.129505342377,6.144888040615573,-0.2242490201417824,平飞,无
193.2,A0100,-40980.56770226599,-692.9904149958111,5631.249362369848,215.5600707794521,180.6642134243672,0.6988573285362362,-1.0967176402310015,Short skate返航,南向返航
193.2,A0200,-37023.68971569824,515.2967595418195,5859.899757938856,164.62975544391807,182.2775148797799,4.371375358825822,1.7504330109137614,Short skate返航,南向返航
193.2,B0200,27490.036579062355,-1126.3203977714911,5468.660099126364,197.5918281389509,359.2983806194426,2.850852148651764,0.6938378048772429,平飞,无
193.4,A0100,-41023.69052978654,-694.0097660512492,5630.082842436677,215.89817828347648,180.76715446223108,4.587379103778615,2.9068066523413445,Short skate返航,南向返航
193.4,A0200,-37056.62135926996,514.0807872146343,5860.177196006371,164.90233380070512,182.1013909039321,0.95131105976067,3.283484093367331,Short skate返航,南向返航
193.4,B0200,27529.57674140507,-1127.0478397294828,5468.381744413622,197.8400584041122,359.1442477577181,-0.5661788361413616,3.2550613442264344,平飞,无
193.6,A0100,-41066.837926616245,-695.0454136079825,5629.392582849207,215.6731199443853,181.0174834345312,6.754879173720356,5.259718966547645,Short skate返航,南向返航
193.6,A0200,-37089.58981909815,512.8488688617981,5860.212221404539,164.9632424652465,181.6933421570055,-2.423410522339859,-0.9792685989687788,Short skate返航,南向返航
193.6,B0200,27569.13186601409,-1127.7547898095272,5467.87668443465,197.7216982032297,358.6929183947945,-3.923719295181625,1.6530206868838244,平飞,无
193.8,A0100,-41109.93784601671,-696.1338029641884,5629.307087175213,215.52396590950977,181.1137352455116,5.195876790364729,5.300877348758057,Short skate返航,南向返航
193.8,A0200,-37122.55283649865,511.635337444568,5859.931543725272,164.93422753310134,181.79480147577695,-5.528142223765974,-5.853473246084057,Short skate返航,南向返航
193.8,B0200,27608.649611628334,-1128.469920869749,5466.97612790922,197.69162544528936,358.6123200118452,-6.299665758359003,0.1778653068309829,平飞,无
194.0,A0100,-41153.037041180105,-697.2574857117506,5629.442992814613,215.63565086047385,181.03690278967397,1.8379738316161256,5.210987126233944,Short skate返航,南向返航
194.0,A0200,-37155.51199828953,510.41969073938526,5859.041975168479,165.00771394977937,182.2729303688996,-7.820395347660905,-4.640051390526188,Short skate返航,南向返航
194.0,B0200,27648.143291360047,-1129.1914728449538,5465.395503850998,197.6617563604691,358.6656716801769,-4.615575847991111,2.465578444413287,平飞,无
194.2,A0100,-41196.16644900174,-698.3914324842899,5629.403202040738,215.79694709454805,180.79985117209247,-1.6130035185013252,5.421033695830965,Short skate返航,南向返航
194.2,A0200,-37188.45990650859,509.1745261533142,5857.371781069351,165.18259483372054,182.41650042970784,-7.000700443660684,0.8077178845204358,Short skate返航,南向返航
194.2,B0200,27687.632247892303,-1129.909443084645,5463.5938674969,197.6163083515949,358.7390103473885,-0.2433266633785112,0.5190628033941981,平飞,无
194.4,A0100,-41239.290292444,-699.5128423071619,5628.949806020082,215.4876262606298,180.3999239975926,-4.069960052235328,2.972197375338568,Short skate返航,南向返航
194.4,A0200,-37221.43765369083,507.9149734547336,5855.164252029741,165.58299480028523,182.4132630874195,-3.025899375648179,4.549684685911067,Short skate返航,南向返航
194.4,B0200,27727.10211922517,-1130.6337647450164,5462.2732174949815,197.44918597692427,358.88591428321905,3.931531995944018,-2.5725596983770997,平飞,无
194.6,A0100,-41282.33650492733,-700.603309555836,5628.173669177226,215.3690004045557,180.55437511292095,-2.178383837759565,1.7039871385805754,Short skate返航,南向返航
194.6,A0200,-37254.47620999692,506.6276303505056,5852.94062813649,165.74329614206215,182.47770817263603,1.9035592701577213,1.3268598999862482,Short skate返航,南向返航
194.6,B0200,27766.58573202417,-1131.3773256349468,5461.415095168783,197.53419577645124,359.0015148528718,7.056436316320751,0.6644240470576542,平飞,无
194.8,A0100,-41325.40988961892,-701.6831460549329,5627.17190864411,215.4981197183313,180.62498381769848,1.9233374743938547,1.1667790636563125,Short skate返航,南向返航
194.8,A0200,-37287.54362834937,505.3262554503417,5851.165534095722,165.65685690982926,182.5437548970678,6.635903406092964,-2.3035385584730834,Short skate返航,南向返航
194.8,B0200,27806.057852845574,-1132.0989612925314,5461.106923570884,197.18482475108485,358.9786756128549,8.62610003321958,3.5139024093773585,平飞,无
195.0,A0100,-41368.482929564525,-702.7440022276496,5626.604867397604,215.48062097867805,180.86521102925263,5.62627988481502,0.1472443923656762,Short skate返航,南向返航
195.0,A0200,-37320.61419478925,504.04051534234713,5849.924489295314,165.53302342710424,182.57246479397705,10.018828725591977,-0.5683774644386196,Short skate返航,南向返航
195.0,B0200,27845.46631868695,-1132.7741974240344,5461.402881022701,197.0645366360017,358.7277272461913,6.176002442635295,3.887100674026101,平飞,无
195.2,A0100,-41411.55174372348,-703.802342667168,5626.591178451959,215.2150285401949,181.07620121694157,7.719928870772118,2.0452636815434926,Short skate返航,南向返航
195.2,A0200,-37353.658182634994,502.7531966333154,5849.197938316696,165.1792183189053,182.6153812494168,11.276230008781692,1.954045091388436,Short skate返航,南向返航
195.2,B0200,27884.889883299344,-1133.431270821051,5461.889720711528,197.27726789230957,358.5791579249627,2.710873619171653,3.5077363144165616,平飞,无
195.4,A0100,-41454.55160259313,-704.8786900165978,5627.135419218397,215.0507594602015,181.00455090701053,5.154265870227102,2.382659930040365,Short skate返航,南向返航
195.4,A0200,-37386.63831457019,501.4381708678338,5848.969585606403,164.95288702324893,182.5307446932592,9.431466025270604,3.024460003261701,Short skate返航,南向返航
195.4,B0200,27924.38599637353,-1134.0980763257594,5462.108638071428,197.81048275785415,358.5773891775592,-0.7530124312933251,4.992370116788006,平飞,无
195.6,A0100,-41497.57220576741,-705.9544608100714,5627.74056890144,215.40824416930076,181.00399464510656,1.6094680485886292,4.278066224977007,Short skate返航,南向返航
195.6,A0200,-37419.60254030739,500.0906580154096,5849.020124344479,165.00328550347973,182.29749523691132,6.267603163605349,3.381332092521648,Short skate返航,南向返航
195.6,B0200,27963.97376903898,-1134.7836676681418,5461.695236526961,198.0364431935033,358.2056837153093,-3.991406039442493,5.271123653629686,平飞,无
195.8,A0100,-41540.66439934866,-707.0274271488161,5627.930245705931,215.53171141345084,180.61644548512837,-1.785492133798965,4.453748933236725,Short skate返航,南向返航
195.8,A0200,-37452.59062339755,498.7194684076312,5849.126143502024,165.14514998986022,181.96754829045148,2.8396330235783034,1.1195294034330638,Short skate返航,南向返航
195.8,B0200,28003.534700609634,-1135.4890477405006,5460.8009974669385,197.71920876605932,357.87271616233085,-6.300370565948778,0.2437301566044377,平飞,无
196.0,A0100,-41583.72747715374,-708.0786090945294,5627.729329538843,215.2489882030655,180.2539664043857,-4.917830989505849,-1.021818518680446,Short skate返航,南向返航
196.0,A0200,-37485.60302899209,497.3555737994975,5849.152229744188,165.30478594924034,181.949478891504,-0.6148984410626439,-2.1988566727778016,Short skate返航,南向返航
196.0,B0200,28043.018786906847,-1136.224409514265,5459.407094352524,197.5851723993971,357.9663136051689,-4.441746308010933,-2.158354996705907,平飞,无
196.2,A0100,-41626.731280292326,-709.0908141378768,5626.8038073055,215.05120340613868,180.59552629037503,-6.953802320482465,-3.153520088126965,Short skate返航,南向返航
196.2,A0200,-37518.66384976831,495.999548033944,5848.764966379822,165.60882077127857,182.19785268083555,-3.501673498851528,-0.943657719634031,Short skate返航,南向返航
196.2,B0200,28082.544427571494,-1136.9782718720144,5457.516489968108,198.20572071203088,358.09330076183136,1.1909558875670627,2.196308754044854,平飞,无
196.4,A0100,-41669.70656443719,-710.1123605381872,5624.826505067469,215.35244621433225,180.85491251056504,-4.857489410962065,2.622049598146067,Short skate返航,南向返航
196.4,A0200,-37551.757690245344,494.6342240889953,5847.845120672571,165.72730911926683,182.1555326007656,-3.4494935679016763,-0.4867305915372117,Short skate返航,南向返航
196.4,B0200,28122.162515097956,-1137.734293900265,5455.709939647748,198.29096925853585,358.41534330319524,6.675261358982045,3.7287532407815593,平飞,无
196.6,A0100,-41712.717997407046,-711.1310950630268,5622.335021245623,215.51200585848488,181.06550289862952,-0.514412174238294,5.234245407519768,Short skate返航,南向返航
196.6,A0200,-37584.87730721738,493.2718307199666,5846.633997485715,166.02305702084166,182.00819421010044,-0.680561894239281,-2.5890022002965205,Short skate返航,南向返航
196.6,B0200,28161.728964789712,-1138.454576173086,5454.851122799522,197.46902354153517,358.61999729721884,9.647008317114969,-3.315673263935562,平飞,无
196.8,A0100,-41755.731871405966,-712.1898706126267,5620.301884873006,215.23551246105384,181.34300283927797,3.598581389142753,0.1294774985763493,Short skate返航,南向返航
196.8,A0200,-37618.069653625535,491.9209088635544,5845.264877454771,166.45312721315275,181.9026717265833,2.9282415420188053,-1.6884245902840345,Short skate返航,南向返航
196.8,B0200,28201.142810594145,-1139.237126366881,5455.07783356803,196.8904080181447,358.8820519161837,8.85748200315602,-7.222699718976116,平飞,无
197.0,A0100,-41798.71794614058,-713.2562809152187,5619.023655081846,215.02665800964093,181.5648645398875,5.933557683512461,-1.5049689498306908,Short skate返航,南向返航
197.0,A0200,-37651.33689163224,490.58149121569295,5843.951898639281,166.70837393708243,181.876598350959,6.126753035043709,1.3760173391174195,Short skate返航,南向返航
197.0,B0200,28240.51952247809,-1140.075879425458,5455.66969476852,197.05563927762591,359.2908858428293,5.672416045558966,-3.894859269264909,平飞,无
197.2,A0100,-41841.688224235455,-714.3239359572472,5618.26711343597,214.8123413932124,181.63876485900167,5.720762777710923,0.561278510656507,Short skate返航,南向返航
197.2,A0200,-37684.637896042696,489.2373254359664,5842.94148956438,166.67712146715266,182.04217643845573,8.583064864087847,3.6101161570223503,Short skate返航,南向返航
197.2,B0200,28279.94252034378,-1140.9119534332804,5456.192114425337,197.3056588453299,359.47044822633865,2.219513963900906,1.0747997421085296,平飞,无
197.4,A0100,-41884.64939194738,-715.4022445937298,5617.860881783841,215.0574827044298,181.70745197276105,2.575019239214726,3.0009898539842563,Short skate返航,南向返航
197.4,A0200,-37717.92729759578,487.8616648464613,5842.404167926794,166.53288361910214,182.34413990603943,9.876120340063164,3.8311025986250646,Short skate返航,南向返航
197.4,B0200,28319.410242250287,-1141.720126642318,5456.446630718252,197.4208646143277,359.1914108812554,-1.2114392357414,4.614147448313579,平飞,无
197.6,A0100,-41927.66577274972,-716.5121802931244,5617.326239705079,215.1930173282037,181.30672553018587,-0.8459294168172914,3.022240232943723,Short skate返航,南向返航
197.6,A0200,-37751.18948559549,486.4452539409649,5842.239568864585,166.43578169028186,182.39265358638207,8.160387014455122,3.617212035779784,Short skate返航,南向返航
197.6,B0200,28358.87110404719,-1142.5037629223625,5456.392702186864,197.1463879526128,358.5885123098214,-4.403345827280926,2.517479083791254,平飞,无
197.8,A0100,-41970.66846225158,-717.6239425499407,5616.614092020534,215.0137611237472,180.95225737000868,-3.533506827308473,-3.820931531575592,Short skate返航,南向返航
197.8,A0200,-37784.45747777904,484.9972695445158,5842.250091267562,166.60208504199838,182.2230554296923,5.048613996733934,3.402028616298468,Short skate返航,南向返航
197.8,B0200,28398.23530249937,-1143.293232786451,5456.020033329703,196.62893504247552,358.45353846001336,-6.603637888878923,-1.2208098430143322,平飞,无
198.0,A0100,-42013.63705156108,-718.7054398967412,5615.521219987935,215.09613049893505,181.0597907871131,-2.5623106150908144,-6.366744033610774,Short skate返航,南向返航
198.0,A0200,-37817.7700608805,483.5304027677921,5842.237258431544,166.8250738956662,181.9317815338437,1.6532356736751104,0.8322801168325488,Short skate返航,南向返航
198.0,B0200,28437.52032309804,-1144.0895262492086,5454.973878296669,196.61645615766625,358.5512564858472,-4.812753975552692,1.4756668622542826,平飞,无
198.2,A0100,-42056.6560480661,-719.7926694596208,5613.959523252019,215.4777010672786,181.03031925148224,-0.408450944447649,-2.417414564760108,Short skate返航,南向返航
198.2,A0200,-37851.11856946356,482.07468222972784,5842.0759339132765,167.0094838118246,181.9650780047592,-1.773577927306944,-2.7098389762828665,Short skate返航,南向返航
198.2,B0200,28476.82846214925,-1144.8882331934583,5453.434116163249,196.7701577333221,358.6207864266847,-0.535622941890035,1.5277546465174083,平飞,无
198.4,A0100,-42099.73052698463,-720.8639730436626,5612.306223040725,215.71846694127152,180.9960185417648,2.265539431955861,2.338336334785008,Short skate返航,南向返航
198.4,A0200,-37884.512221371006,480.6263829805266,5841.437631549119,167.30596051647467,182.26770960922735,-4.556784329519345,-1.481681425930499,Short skate返航,南向返航
198.4,B0200,28516.151169410958,-1145.6868734234758,5452.134979925839,196.83012521650264,358.83774438382494,3.7465969630711817,-0.5675191229332561,平飞,无
198.6,A0100,-42142.84240011634,-721.9493312269042,5611.019635355448,215.5900267356633,180.9932828907097,5.530585784050157,2.531017388945949,Short skate返航,南向返航
198.6,A0200,-37917.930341531865,479.16781031587743,5840.225620479901,167.39844866545425,182.23806929052773,-4.272949355402758,-1.0278372330647974,Short skate返航,南向返航
198.6,B0200,28555.519363296207,-1146.4813944968282,5451.143861400822,196.99195668547245,359.0683392627116,6.936507500634623,2.780706576222697,平飞,无
198.8,A0100,-42185.89786930046,-723.0546399357409,5610.610979594638,215.1855614211368,181.05203380596677,7.328658602258471,-0.4867812054708135,Short skate返航,南向返航
198.8,A0200,-37951.36027278004,477.7154817056835,5838.730880861327,167.60854040770292,182.045132736466,-0.6317090943549137,-3.1704210715530943,Short skate返航,南向返航
198.8,B0200,28594.881286655826,-1147.2306057489168,5450.692708066103,196.63699344140105,359.27449832459666,8.47881163370824,5.377912858922986,平飞,无
199.0,A0100,-42228.92828981148,-724.1475382744175,5610.632363406592,215.38006970916345,181.25985274698184,4.760666792292431,0.8027825973221681,Short skate返航,南向返航
199.0,A0200,-37984.85347082045,476.2831802386372,5837.1828336955405,167.9650408164669,181.8247044406855,4.737639739227237,-2.243729886644997,Short skate返航,南向返航
199.0,B0200,28634.153787537063,-1147.8936276290533,5450.928707152823,196.13401353113704,359.11742634482846,5.995587464915019,2.543563290005617,平飞,无
199.2,A0100,-42272.01082887028,-725.2525242866759,5610.643200581557,215.5247277847707,181.1916663554233,1.2926278519612666,3.3500147611680497,Short skate返航,南向返航
199.2,A0200,-38018.3999669603,474.8799162930664,5835.8806992498885,167.99383681810755,181.82401995744289,9.0567059968609,0.6237771046476446,Short skate返航,南向返航
199.2,B0200,28673.326222771306,-1148.5227084500348,5451.727359595645,195.83773400301783,359.18490120556675,2.444830682954773,-1.2399565337934,平飞,无
199.4,A0100,-42315.09085316792,-726.3694234123941,5610.580974233726,215.3423312408084,180.8267637446744,-2.168723492660553,1.2174127323576944,Short skate返航,南向返航
199.4,A0200,-38051.93760905071,473.48260595692045,5835.06851383,167.729750964017,182.06982677799132,11.31515041981846,2.681217556294936,Short skate返航,南向返航
199.4,B0200,28712.508024278075,-1149.1522219185044,5452.347114107442,196.13720956377315,359.39593848742874,-1.020933399262788,1.4639954119361396,平飞,无
199.6,A0100,-42358.126742925735,-727.4651599594508,5610.174475629081,215.2379006011435,180.8904937636346,-4.599126023400578,-0.0691744984331741,Short skate返航,南向返航
199.6,A0200,-38085.41309728765,472.0555861919456,5834.884007949597,167.32241179324686,182.25266364887463,12.144120351298527,2.98902274369588,Short skate返航,南向返航
199.6,B0200,28751.746925038577,-1149.7667150024045,5452.313194351264,196.2143200538196,359.1197676316574,-4.166136105762086,2.269647060224426,平飞,无
199.8,A0100,-42401.13987898874,-728.5525964123335,5609.1334143420245,215.1313377324609,180.79246465850272,-2.630963987465943,-0.5555341136957612,Short skate返航,南向返航
199.8,A0200,-38118.81695134663,470.5973085671103,5835.185160307554,167.106517374325,182.1997409558636,10.154396247020404,2.656799657555108,Short skate返航,南向返航
199.8,B0200,28790.94973240564,-1150.3798838300609,5451.766697220799,195.88146784543773,358.7802692229797,-6.393051904625994,-2.5610986806555758,平飞,无
200.0,A0100,-42444.14142335684,-729.6116469082881,5608.035517761038,215.2556054919583,180.78808555475703,1.4596150605509737,-1.3725989591690095,Short skate返航,南向返航
200.0,A0200,-38152.2020484356,469.120952600344,5835.73946881904,167.1527833531204,182.08029879341905,6.9379348391087765,2.148382551411656,Short skate返航,南向返航
200.0,B0200,28830.07368098906,-1151.0046224328362,5450.663463240808,195.7138332147324,358.66872443393225,-4.445257874815502,-5.034543900523179,平飞,无
200.2,A0100,-42487.2050164827,-730.6531051723505,5607.076181922121,215.56109427374824,180.86430012128508,5.248251368354139,2.616114630642318,Short skate返航,南向返航
200.2,A0200,-38185.61415543179,467.6378139715507,5836.298090221677,167.3551591674452,181.94941778335772,3.49860408784281,1.7217697837354966,Short skate返航,南向返航
200.2,B0200,28869.23753157915,-1151.6318490057365,5449.029169661933,196.334482615408,358.438506482922,1.244307849310497,-0.787402020014367,平飞,无
200.4,A0100,-42530.28298167942,-731.7168164804607,5606.63233192414,215.29007096742265,180.93977959550384,7.326525480639037,5.156704510126389,Short skate返航,南向返航
200.4,A0200,-38219.08400177559,466.16285761654217,5836.600685279898,167.72331776648554,181.95267819189212,0.0693550332843787,2.5142086675032465,Short skate返航,南向返航
200.4,B0200,28908.490191044573,-1152.2737820005314,5447.420482383062,196.45292448591877,358.4959891715288,6.463749471873922,4.681432553700155,平飞,无
200.6,A0100,-42573.30319212239,-732.8255607061728,5606.820977674028,215.12667369342284,180.9426995657669,5.754711368031156,5.025883103496129,Short skate返航,南向返航
200.6,A0200,-38252.63214569748,464.69305031607655,5836.396515998675,168.05017534102691,181.82150704701985,-3.2392796696615536,2.4700600294832027,Short skate返航,南向返航
200.6,B0200,28947.72886704465,-1152.8752064137934,5446.426387999938,196.01624918556024,358.67672039606924,8.192708370920501,4.433177402537726,平飞,无
200.8,A0100,-42616.32091712678,-733.9585128677645,5607.235861710651,215.2359913787681,180.90977846365735,2.394752327679219,4.778760001430557,Short skate返航,南向返航
200.8,A0200,-38286.22407556494,463.23579660569885,5835.628752013792,168.29263360858064,181.70051981974797,-5.836140279750692,-0.0270019329907709,Short skate返航,南向返航
200.8,B0200,28986.884010806643,-1153.4260322868795,5446.223548583015,195.73046808895324,358.8487724343542,6.490503079204462,-0.175093257174645,平飞,无
201.0,A0100,-42659.36863580724,-735.0972976186204,5607.487939481587,215.39034055348665,180.7198021252869,-1.063380159030322,4.958141088306718,Short skate返航,南向返航
201.0,A0200,-38319.83954002232,461.794478207461,5834.1945712780325,168.49254216858606,181.82473804007876,-5.302135149190769,0.6690172885505001,Short skate返航,南向返航
201.0,B0200,29026.06481660723,-1153.9796706636844,5446.15729402129,196.16253312172287,359.1250686092878,3.203684717166135,0.2942832026970576,平飞,无
201.2,A0100,-42702.41860596074,-736.2187134544074,5607.316009616807,215.17011219951263,180.34338274557848,-4.274079035077221,2.470781613999494,Short skate返航,南向返航
201.2,A0200,-38353.48686838623,460.3554252064132,5832.319640860658,168.80411496965058,181.86166407242425,-1.387439249797974,0.6711787740210009,Short skate返航,南向返航
201.2,B0200,29065.32404850245,-1154.5223171308007,5445.8334809574135,196.4318567359352,359.0744698293576,-0.2173347161332682,2.6527040376396505,平飞,无
201.4,A0100,-42745.40984671591,-737.2981662475831,5606.554838679645,215.00433588344777,180.4174971090044,-6.4304737247704,1.233786324341852,Short skate返航,南向返航
201.4,A0200,-38387.18963689878,458.9263896015,5830.456033448987,169.05583158015688,181.94792240477085,3.497383954376101,-1.1319162988767912,Short skate返航,南向返航
201.4,B0200,29104.602462101226,-1155.051701251914,5445.312339759668,196.29810106079165,358.69178504293245,-3.609766920538329,0.2347909248769439,平飞,无
201.6,A0100,-42788.36236307258,-738.3508268165751,5604.981573152114,214.9188958311126,180.40625246335804,-4.444826068200026,0.9396800305933865,Short skate返航,南向返航
201.6,A0200,-38420.95121486333,457.5116566192101,5828.836657960752,169.18794910881095,182.18739065790885,8.224907070275046,0.860537938638132,Short skate返航,南向返航
201.6,B0200,29143.80364817388,-1155.598951428392,5444.588703209731,195.8693046506242,358.7186325060694,-6.056851420570592,-3.5251324086463773,平飞,无
201.8,A0100,-42831.30112789022,-739.3727958223972,5603.19894338017,215.079061861588,180.53657478696613,-0.5005590310960376,0.2163550146378711,Short skate返航,南向返航
201.8,A0200,-38454.71503191288,456.0861972835228,5827.726498989647,168.86812692227122,182.4700772507229,11.442753180841615,2.987786788458081,Short skate返航,南向返航
201.8,B0200,29182.93855078869,-1156.1547606922925,5443.299792558599,195.8781079777572,358.85215670478453,-4.249854063807391,0.4149324880981292,平飞,无
202.0,A0100,-42874.3127122499,-740.3783497416771,5601.4316564441815,215.47548603353104,180.84385836448303,3.460059863510219,4.09707302861885,Short skate返航,南向返航
202.0,A0200,-38488.40466344815,454.6229389336677,5827.300774550329,168.3661222520664,182.72565403218275,12.395586944230336,3.3514337630517543,Short skate返航,南向返航
202.0,B0200,29222.108589584543,-1156.7122443277203,5441.565681508195,196.15663201881097,358.96317954818284,1.3432479595944409,2.549910776412041,平飞,无
202.2,A0100,-42917.36557322255,-741.4186877271277,5600.100346220805,215.24119604821544,181.0536216462957,5.725783129085401,3.738550591857983,Short skate返航,南向返航
202.2,A0200,-38522.01098316064,453.114864132689,5827.415177572544,168.0991848151937,182.72737107473532,10.338760725227852,3.248445549262404,Short skate返航,南向返航
202.2,B0200,29261.28225141913,-1157.2607177114496,5440.304431303188,195.70185566974837,358.9723203424447,5.822787932973595,-4.702065982688857,平飞,无
202.4,A0100,-42960.36177719956,-742.4915223075368,5599.4802934184845,215.0595545764412,181.20168346646665,4.15872938478502,-0.8436022548506178,Short skate返航,南向返航
202.4,A0200,-38555.59033977107,451.5710938517586,5827.833451379091,168.11297696389605,182.5356670986689,7.092137840424105,3.101787075521651,Short skate返航,南向返航
202.4,B0200,29300.336795760315,-1157.9130000579753,5440.089115243816,194.96950888620228,358.9235751336142,7.577181736030869,-10.536488340495143,平飞,无
202.6,A0100,-43003.392154183945,-743.5620088444448,5598.909505266603,215.43846397609596,181.502521260737,0.8476501635593765,0.3598531709612497,Short skate返航,南向返航
202.6,A0200,-38589.18236261947,450.00493267491765,5828.32803532487,168.18173989933612,182.2337111907769,3.630094996599007,0.5187603585023318,Short skate返航,南向返航
202.6,B0200,29339.295653964982,-1158.6899000041683,5440.451107321824,194.78523138087476,359.34039293534346,5.143099383334416,-9.340156118460785,平飞,无
202.8,A0100,-43046.47877553343,-744.6499311839507,5597.982895346711,215.61004260553847,181.40974221228436,-2.563770336632184,2.995301126229206,Short skate返航,南向返航
202.8,A0200,-38622.7877302301,448.4498504354233,5828.754085030674,168.30841261797588,182.26105885755504,0.1647852189883772,-3.0363939042133103,Short skate返航,南向返航
202.8,B0200,29378.261284821438,-1159.509951920174,5440.8624738815015,195.06094372736592,359.80625641017207,1.7341319094063603,-6.7554174249858825,平飞,无
203.0,A0100,-43089.54766590998,-745.7449376084223,5596.719492785962,215.29492615522216,181.0531641031993,-5.079195284072172,0.8031057759459944,Short skate返航,南向返航
203.0,A0200,-38656.44490744952,446.90108957482335,5828.7533514650695,168.64306335396884,182.5750098263356,-3.1469630313149843,-1.7516630441028378,Short skate返航,南向返航
203.0,B0200,29417.303089259345,-1160.299310885017,5440.831644225867,195.4265260130148,0.1002061910956889,-1.6564123085062956,-2.1922791122078946,平飞,无
203.2,A0100,-43132.53868151652,-746.8236960095892,5595.152497324594,215.22165523713736,181.08279990207905,-3.2607714728655046,-0.5395931329637745,Short skate返航,南向返航
203.2,A0200,-38690.152928824245,445.3354272323031,5828.092625920543,168.80499661839954,182.5829894064792,-5.704430652418477,-1.2918225252272244,Short skate返航,南向返航
203.2,B0200,29456.40279253444,-1161.047111746404,5440.143334293087,195.6952275335811,0.0022075758353474,-4.8337815466470655,2.9819553274624138,平飞,无
203.4,A0100,-43175.57770769071,-747.899092170639,5593.262553795661,215.6863289256181,181.18351655442208,0.8073607711341095,3.458241171604696,Short skate返航,南向返航
203.4,A0200,-38723.85706375232,443.76810486864815,5826.875937597497,168.90422713882108,182.46001906393403,-5.308518553392847,-3.5110130800549118,Short skate返航,南向返航
203.4,B0200,29495.511695595796,-1161.7701133975515,5438.719565137284,195.60905342998015,359.4509172738232,-7.050157657446345,4.468631336992723,平飞,无
203.6,A0100,-43218.67921419864,-748.9979018948361,5591.592489932593,215.6550516435323,181.34648853899924,4.490937845087451,3.408036377975556,Short skate返航,南向返航
203.6,A0200,-38757.59307051284,442.2022531057337,5825.175507971804,169.266075699974,182.31753412318824,-1.941437551812364,-2.608941636622008,Short skate返航,南向返航
203.6,B0200,29534.53947208687,-1162.4785641371782,5436.919433443492,195.25475693447217,359.2207231907047,-5.428284728198249,-0.494154417484352,平飞,无
203.8,A0100,-43261.74977616819,-750.1398986386448,5590.740512452385,215.3754372544056,181.5820862809996,6.66366494316708,0.4106432082973176,Short skate返航,南向返航
203.8,A0200,-38791.39361340002,440.64703461072895,5823.34627833497,169.54820421679247,182.12841384025285,3.4580501398847625,-0.3307675833775507,Short skate返航,南向返航
203.8,B0200,29573.541265271317,-1163.1869055000152,5434.943734905648,195.43430592817933,359.24895733631746,-0.6185012494038051,-2.8373146231553816,平飞,无
204.0,A0100,-43304.81044667068,-751.2986010851782,5590.43957233384,215.4266604839565,181.78602606229595,6.410376413592256,1.9570270950699875,Short skate返航,南向返航
204.0,A0200,-38825.23081743743,439.1073730703647,5821.865989701662,169.4081509505386,182.0558937159761,7.987770207548686,-1.471744235940399,Short skate返航,南向返航
204.0,B0200,29612.61374811203,-1163.893394662533,5433.003509584589,195.74270978326075,359.11547368758943,5.256611941431935,0.6451278934211438,平飞,无
204.2,A0100,-43347.88527375773,-752.495323574276,5590.378606116186,215.45431070418772,181.58748383090887,3.3103374065315,4.608690795632295,Short skate返航,南向返航
204.2,A0200,-38859.03592249136,437.6103709020881,5821.033820093944,169.10430914193608,182.12127837770203,10.408423598053815,-4.058344431041803,Short skate返航,南向返航
204.2,B0200,29651.70408521001,-1164.5861985554093,5431.667134350289,195.38786948213905,359.1557753737856,9.140835802497174,3.2096851412866934,平飞,无
204.4,A0100,-43390.94317806056,-753.7320721318356,5590.491693674007,215.2089998643026,181.03874062183957,-0.163505767110951,1.4118761008829106,Short skate返航,南向返航
204.4,A0200,-38892.79163420044,436.1665877171745,5820.813204061944,168.74254446312003,182.12005707935916,11.401441245776926,-3.07842690481992,Short skate返航,南向返航
204.4,B0200,29690.723544800618,-1165.2255723210146,5431.250964798761,194.8816095934896,359.3170463225704,10.015309727895792,3.372191605667793,平飞,无
204.6,A0100,-43433.92507165756,-754.9466440626711,5590.626293591171,214.87006843828684,181.1947687455364,-3.5305400133394502,-3.097604841967344,Short skate返航,南向返航
204.6,A0200,-38926.483002181965,434.7605630414055,5821.074150228093,168.53004393116296,182.0826733351284,9.441542953546868,-2.291144410313366,Short skate返航,南向返航
204.6,B0200,29729.663979480232,-1165.8122573349574,5431.48267031624,194.64520800938288,359.31810662643403,7.147179359202689,3.140304961782189,平飞,无
204.8,A0100,-43476.88154247776,-756.1622769160531,5590.095836316677,214.92089284601076,181.49985631274853,-5.71360119366727,0.4836867780584064,Short skate返航,南向返航
204.8,A0200,-38960.16560590181,433.37808052472974,5821.551546726172,168.67947989547434,182.0975874772042,6.227451527633028,-0.6842885683215434,Short skate返航,南向返航
204.8,B0200,29768.589439905634,-1166.3651835444707,5431.982281118613,194.70344491819063,359.28361299230534,3.6184791707170336,3.01229942757418,平飞,无
205.0,A0100,-43519.81287363721,-757.3874541991463,5588.79932485537,214.71773230655344,181.36247690003057,-3.7286769595996327,1.1526144875981752,Short skate返航,南向返航
205.0,A0200,-38993.90230638224,431.9984669371952,5821.916134762714,168.9945905159334,182.0554736697972,2.814903010930968,2.764592639374133,Short skate返航,南向返航
205.0,B0200,29807.56061522584,-1166.9027730414837,5432.312754365434,195.15075665568156,359.140209354272,0.1413669025991786,4.910022325576887,平飞,无
205.2,A0100,-43562.71237112155,-758.6037584330516,5587.430491721105,214.78128704716767,181.43174954684963,0.5225832306960121,0.4333096034920081,Short skate返航,南向返航
205.2,A0200,-39027.70314432448,430.6112432798564,5821.993700126299,169.27468559082254,181.74467773901245,-0.5848519706561107,3.970222826517785,Short skate返航,南向返航
205.2,B0200,29846.6207380772,-1167.444493219451,5432.104441509895,195.37995591843367,358.62285599940884,-3.164463038392483,5.028983115888255,平飞,无
205.4,A0100,-43605.67026025658,-759.8279478234908,5586.17674857953,215.1184853406349,181.5820523066718,4.438260263367038,4.439505286142257,Short skate返航,南向返航
205.4,A0200,-39061.53556736405,429.2240234823057,5821.753121011161,169.29172893815308,181.3447997769196,-3.871240403448063,-1.1399834365477604,Short skate返航,南向返航
205.4,B0200,29885.64435829655,-1167.9951014587768,5431.550612342076,194.78866773916477,358.16021455182795,-5.5698886646665,-3.4055135266087238,平飞,无
205.6,A0100,-43648.652539597184,-761.1030877167359,5585.401361362239,214.8245714486851,181.67672723622923,6.626366099751906,4.074630469886411,Short skate返航,南向返航
205.6,A0200,-39095.34801452837,427.86484141009896,5821.145440563241,169.17180348814463,181.44238329728876,-6.4035266411621015,-6.70158802076918,Short skate返航,南向返航
205.6,B0200,29924.517044248707,-1168.6095872259812,5430.915466192306,194.18270734832169,358.2555081063891,-4.818259985621033,-11.746863951590674,平飞,无
205.8,A0100,-43691.558190807336,-762.4231345128101,5585.364074712326,214.59661310408623,181.77773089897815,5.046384239814476,-0.5283199299221237,Short skate返航,南向返航
205.8,A0200,-39129.12815830315,426.52234917694113,5820.009265300034,169.1478788352867,181.65461399823184,-5.74832759061299,-5.5356247939202605,Short skate返航,南向返航
205.8,B0200,29963.33177173321,-1169.2713582667477,5430.003430216493,194.2067678414769,358.2091427281723,-2.1309732575333404,-9.518578979156164,平飞,无
206.0,A0100,-43734.48993433399,-763.749077958295,5585.391615532641,214.94856176933595,182.03039336883637,1.73304408808647,0.6809018225813948,Short skate返航,南向返航
206.0,A0200,-39162.92809070014,425.1832070843502,5818.382144521227,169.54787049440617,181.58837123280972,-1.5421079507875195,-0.1402254904750609,Short skate返航,南向返航
206.0,B0200,30002.179277529973,-1169.9768837810989,5428.901976953062,194.46975854567663,357.5850758803309,3.344449912078665,-4.065244845165481,平飞,无
206.2,A0100,-43777.47678534046,-765.098974924189,5585.074819277026,215.0619641552138,181.81404826808517,-1.6778662796885642,0.7493009908127614,Short skate返航,南向返航
206.2,A0200,-39196.800744724096,423.84984586752034,5816.632083873517,169.82590262951817,181.60631443662535,4.116500223869841,2.7705096409207783,Short skate返航,南向返航
206.2,B0200,30041.06345674306,-1170.7595914025878,5428.061567758963,194.501781075086,357.4049962531324,7.255404656289814,0.096779438676986,平飞,无
206.4,A0100,-43820.45406051207,-766.4465668042722,5584.390006924496,215.03987825058712,181.7901433443331,-4.215924639653215,-0.0978269083778165,Short skate返航,南向返航
206.4,A0200,-39230.70104708368,422.5081661367221,5815.3134529685685,169.62463423738748,181.6792071089988,8.867205636444156,-1.901674372670868,Short skate返航,南向返航
206.4,B0200,30079.932235684635,-1171.576772971113,5427.677920643308,194.26531009526892,357.47827853096175,7.371633163543681,2.059505955025282,平飞,无
206.6,A0100,-43863.4200678162,-767.8012290682782,5583.129987016917,214.9884707635931,181.6171630283356,-2.347199959032132,-0.7049916654346525,Short skate返航,南向返航
206.6,A0200,-39264.54338080915,421.2157583303288,5814.773603277352,169.08163660214225,181.71630087060532,11.633893558679713,-6.614560311630028,Short skate返航,南向返航
206.6,B0200,30118.78276723266,-1172.4073073382388,5427.687392836979,194.39411155277196,357.5898387852989,4.30525368681465,1.6139730705324988,平飞,无
206.8,A0100,-43906.38406582174,-769.1400224033096,5581.858338119693,215.14293056364707,181.54357622478904,1.7252205380330867,-1.6078479263316998,Short skate返航,南向返航
206.8,A0200,-39298.29379492159,420.0050512046928,5814.840294687601,168.71346005004816,181.8460862590895,10.65977418532104,-6.0059963175404265,Short skate返航,南向返航
206.8,B0200,30157.699378655387,-1173.2614008429118,5427.62145920176,194.93752414204093,357.8329726374159,0.8455347349894322,2.7214202273867025,平飞,无
207.0,A0100,-43949.413161429286,-770.470765205966,5580.762908587272,215.43197052344115,181.5539429351846,5.4136263953128125,2.3824020827692904,Short skate返航,南向返航
207.0,A0200,-39332.011672550005,418.8519668759909,5815.236849508256,168.75497404035096,182.05077063309,7.668829047829371,-3.8660434016756646,Short skate返航,南向返航
207.0,B0200,30196.717639850434,-1174.129457101968,5427.090412658943,195.2725826336969,357.6975161801403,-2.550986466363275,2.470511424700943,平飞,无
207.2,A0100,-43992.45297755671,-771.8306302439487,5580.221386095611,215.13556447041964,181.57375628868812,7.398970041617741,4.973006052331725,Short skate返航,南向返航
207.2,A0200,-39365.76559228911,417.71567571110427,5815.638460900729,169.0154274633479,182.28048293120452,4.278559422778091,0.0104167688861719,Short skate返航,南向返航
207.2,B0200,30235.76000079493,-1175.0226607535424,5426.107126309766,195.44598027539143,357.6885668595848,-5.112394620761663,0.3041247764136129,平飞,无
207.4,A0100,-44035.4309126793,-773.246670774748,5580.343541767132,214.94376074916224,181.4065402430216,5.817569126191215,5.060434916366941,Short skate返航,南向返航
207.4,A0200,-39399.57196524673,416.56312204783535,5815.85880718529,169.23057188238022,182.19391256176868,0.8499718843250492,3.4054470074365826,Short skate返航,南向返航
207.4,B0200,30274.82976972279,-1175.9413989697678,5424.403081678471,195.7577617043056,357.9037089134296,-3.7222194080048094,3.4423166022619376,平飞,无
207.6,A0100,-44078.4032480173,-774.6863831659939,5580.716871003551,215.05989616393896,181.2654516366074,2.461398068429203,4.701656295615304,Short skate返航,南向返航
207.6,A0200,-39433.41189656924,415.39009686099234,5815.811501041349,169.32937148752887,181.75334193014905,-2.5185029824354714,2.89751678225823,Short skate返航,南向返航
207.6,B0200,30313.944029049537,-1176.8662906475129,5422.387663014868,195.91636445198955,358.1829961149384,0.3900897228595538,3.488019389213635,平飞,无
207.8,A0100,-44121.408197036464,-776.1273969724461,5580.929563171347,215.22727704291256,181.0887759177928,-0.9995863062534494,4.770521035592725,Short skate返航,南向返航
207.8,A0200,-39467.25586151354,414.22079797329206,5815.402537014439,169.3752041798474,181.5090525668984,-5.623081320533204,0.797466936367132,Short skate返航,南向返航
207.8,B0200,30353.04368790077,-1177.7671209529271,5420.955374456202,195.3252612214185,358.25613055096403,4.999887719493595,-4.993730356431213,平飞,无
208.0,A0100,-44164.41746383328,-777.5504969174981,5580.725568439386,215.01554377041523,180.7297538768144,-4.2248182647372605,2.2666846868382704,Short skate返航,南向返航
208.0,A0200,-39501.10442669259,413.0654216569965,5814.340571644383,169.4526213169156,181.48631264095133,-7.921093864378921,1.921129302489204,Short skate返航,南向返航
208.0,B0200,30392.004608406336,-1178.7914650344355,5420.722316664751,194.47942975433975,357.9942559658614,8.57281960524951,-11.557573451680664,平飞,无
208.2,A0100,-44207.369483899645,-778.9314355579008,5579.941394996056,214.8598842779728,180.81574709515772,-6.392949397519432,1.0394912901159814,Short skate返航,南向返航
208.2,A0200,-39534.92209986544,411.91915567433534,5812.584662905545,169.40239148551092,181.39227652824923,-7.112572648238462,0.9002033195207839,Short skate返航,南向返航
208.2,B0200,30430.82233124923,-1179.993548025428,5421.289583984586,194.02843319867236,358.22319568398643,7.486787822769692,-10.449009259118457,平飞,无
208.4,A0100,-44250.28442428874,-780.2863220738946,5578.35332719062,214.7766788548332,180.80133369594253,-4.412625525219812,0.7557741520188935,Short skate返航,南向返航
208.4,A0200,-39568.72564371365,410.7835625257503,5810.480016781936,169.54273757259114,181.3189290825036,-3.402739181202651,-2.271193579008453,Short skate返航,南向返航
208.4,B0200,30469.609480349973,-1181.2794496416536,5422.090237886305,194.2277395067343,358.75650595785834,4.085198774717126,-7.717872725116075,平飞,无
208.6,A0100,-44293.186287675984,-781.6094770427699,5576.561987729625,214.9380888118955,180.92129635620168,-0.4622604443361568,0.0382461199979167,Short skate返航,南向返航
208.6,A0200,-39602.58354385136,409.66867313134935,5808.26445978839,169.9530445306507,181.32257970464337,2.1840494491538016,-1.8023089737931048,Short skate返航,南向返航
208.6,B0200,30508.462370895497,-1182.559145118279,5422.621382481173,194.5529154135091,359.12596001256884,0.658352870088469,-3.0282196520063187,平飞,无
208.8,A0100,-44336.16142431244,-782.9151139855021,5574.790746438484,215.3346291640237,181.21768567764545,3.492306942084189,3.917873619423133,Short skate返航,南向返航
208.8,A0200,-39636.5173173032,408.5697803444127,5806.234367834366,170.1050761868011,181.3927294019856,7.316427432716527,1.2024450018020705,Short skate返航,南向返航
208.8,B0200,30547.38327168506,-1183.8103888083351,5422.637011091405,194.8480650101375,359.1963716750107,-2.682959058549439,2.0325853767036226,平飞,无
209.0,A0100,-44379.17768825698,-784.2531298543254,5573.4588707357725,215.09895561277796,181.42163300490373,5.749440426521353,3.5491684557032515,Short skate返航,南向返航
209.0,A0200,-39670.465471372925,407.4627418709788,5804.742241590844,169.8137594000083,181.59444090822896,11.084354826118268,3.411063372473936,Short skate返航,南向返航
209.0,B0200,30586.33704508602,-1185.0327769347186,5421.9913580459215,194.85026155774435,358.7426456422717,-5.697427722532421,3.583667559426516,平飞,无
209.2,A0100,-44422.13708594471,-785.6196311654203,5572.840695439376,214.917348276987,181.5760772753681,4.17861182599877,-1.0394998749190896,Short skate返航,南向返航
209.2,A0200,-39704.34703105016,406.3173101137545,5804.011149522346,169.24654525378725,181.9249670983777,13.296226024304548,3.3448956213656214,Short skate返航,南向返航
209.2,B0200,30625.233943551557,-1186.2415310969643,5420.818994009931,194.4619021018001,358.2407411815681,-7.801709244811978,-1.0316220598903407,平飞,无
209.4,A0100,-44465.13085818877,-786.982506066648,5572.272467359629,215.2970846844747,181.88803131715824,0.8674506264747408,0.1673499099395594,Short skate返航,南向返航
209.4,A0200,-39738.119285918365,405.1309858288296,5803.94534485943,168.75946292726766,182.10359097976576,12.1965673187773,2.6370533783053567,Short skate返航,南向返航
209.4,B0200,30664.03324448558,-1187.4581371355362,5419.0343095116,194.30836845608687,358.20920149812383,-5.732394820621721,-3.769731761177404,平飞,无
209.6,A0100,-44508.18089712824,-788.3631175976188,5571.348805548672,215.4690420183456,181.80641652996735,-2.544473079470855,2.8025302690650684,Short skate返航,南向返航
209.6,A0200,-39771.82948770732,403.9111526688321,5804.329752241358,168.63270942006147,182.08257977805383,9.204034030181637,2.1908116016425474,Short skate返航,南向返航
209.6,B0200,30702.8693602267,-1188.6664828621997,5416.683384992024,194.96863583853772,358.1339815657189,-0.0978473126158307,0.4563111054313893,平飞,无
209.8,A0100,-44551.21324122701,-789.7506139063626,5570.088856626733,215.15389000179863,181.45847571287467,-5.060722159460896,0.6060263875236356,Short skate返航,南向返航
209.8,A0200,-39805.53502142288,402.6697685627914,5804.90699011043,168.73389759159545,181.92868402558625,5.752069253540864,1.9880352989209475,Short skate返航,南向返航
209.8,B0200,30741.807048142167,-1189.8699858849668,5414.360474435442,195.1228581393748,358.1832470657967,5.635925690477156,2.362995951261784,平飞,无
210.0,A0100,-44594.16788971592,-791.1209444694905,5568.525819089613,215.08126784208116,181.4876813414572,-3.2392226613027817,-0.7452521713965824,Short skate返航,南向返航
210.0,A0200,-39839.28324134394,401.42554954618026,5805.388302894558,169.05315081168075,181.8811268601942,2.276764364257645,2.9762607874577305,Short skate返航,南向返航
210.0,B0200,30780.71850316398,-1191.0532074673702,5412.969310206585,194.3161144243595,358.1760781147666,9.17696283636371,-4.858395824050072,平飞,无
210.2,A0100,-44637.17081465252,-792.4884918847201,5566.640476465143,215.54659464269852,181.57674341674667,0.8307716186880847,3.257187855027912,Short skate返航,南向返航
210.2,A0200,-39873.10655437378,400.1765833629761,5805.497758861577,169.38354865868286,181.6786632118048,-1.1245123957084489,3.054084194104969,Short skate返航,南向返航
210.2,B0200,30819.456334451243,-1192.351353352451,5412.905726758701,193.38539744525315,358.15558653061623,9.900518714757332,-10.28959779246278,平飞,无
210.4,A0100,-44680.23612397976,-793.8783538704374,5564.976823750096,215.51445289942248,181.72528567822727,4.512329582677256,3.2059207072452467,Short skate返航,南向返航
210.4,A0200,-39906.96597292225,398.9282807271193,5805.220616031907,169.38261724845526,181.3712508610569,-3.9184822501146175,-2.792220912258662,Short skate返航,南向返航
210.4,B0200,30858.06308724291,-1193.7880307652704,5413.59373886267,193.0816322669328,358.522036680214,7.062374636278427,-8.708185721139294,平飞,无
210.6,A0100,-44723.27006807343,-795.3074618140854,5564.133362465067,215.23446606702828,181.95142735167127,6.683003039879924,0.2105365202118273,Short skate返航,南向返航
210.6,A0200,-39940.788894353165,397.7122480900143,5804.653799427344,169.15074794486463,181.30079776944788,-3.5646563439399324,-8.799962317111541,Short skate返航,南向返航
210.6,B0200,30896.65314213233,-1195.278843917442,5414.4778348646505,193.2908386232349,358.8876187751125,3.5773768767289,-5.806203468182734,平飞,无
210.8,A0100,-44766.2940817162,-796.7503030909247,5563.84164047308,215.28646136290493,182.15389660141207,6.429104333907068,1.764478584659095,Short skate返航,南向返航
210.8,A0200,-39974.60103308758,396.539437768326,5803.848724882922,169.340847509163,180.9623490477869,0.5109951449147366,-7.726383671812187,Short skate返航,南向返航
210.8,B0200,30935.312196578798,-1196.7497459162314,5415.038339308103,193.62248154342683,359.08832422482755,0.1384245685948089,-1.0658942413613886,平飞,无
211.0,A0100,-44809.33215573584,-798.2289442715737,5563.7899477943465,215.31479856718235,181.9765918946705,3.3262953968728595,4.403551923819091,Short skate返航,南向返航
211.0,A0200,-40008.468942379135,395.4201777438757,5803.013274431954,169.58795088398296,180.4649989354596,6.025870833068861,-3.5406446453174163,Short skate返航,南向返航
211.0,B0200,30974.038092113107,-1198.1876580944263,5415.036732204384,193.89278325009892,358.91311394274567,-3.153922410227802,4.160449232875017,平飞,无
211.2,A0100,-44852.37844994301,-799.737640713407,5563.808556544875,215.442656446513,181.6110395789321,-0.1399576366981526,4.901885994335118,Short skate返航,南向返航
211.2,A0200,-40042.35846397832,394.3671065097951,5802.5270060104085,169.4407512855344,180.3285234835502,10.48949048289483,-1.153216855860543,Short skate返航,南向返航
211.2,B0200,31012.786705688075,-1199.605260780514,5414.369737070867,193.79739674727324,358.3166302251245,-5.471549257181357,5.739985811461469,平飞,无
211.4,A0100,-44895.433269171626,-801.2469687083831,5563.54245255388,215.2818090848249,181.1495783137274,-3.4875915647208213,2.343109752061173,Short skate返航,南向返航
211.4,A0200,-40076.19197704336,393.3611993491868,5802.642796078202,169.00620130867375,180.42602090160847,12.803436871952227,-1.074683378477206,Short skate返航,南向返航
211.4,B0200,31051.45861943147,-1200.9972211597103,5413.380926746295,193.39757563174115,358.0031358718634,-3.939780218456688,1.135090132612393,平飞,无
211.6,A0100,-44938.43968480348,-802.724884230116,5562.786796596558,215.1713578542397,181.16644194153457,-5.7653534003142255,0.9846368649131544,Short skate返航,南向返航
211.6,A0200,-40109.93157882825,392.38970431005873,5803.285312005073,168.66365254844084,180.53726258925136,11.52135834459475,-1.6417788140145082,Short skate返航,南向返航
211.6,B0200,31090.105331103998,-1202.3867889606572,5412.240302484266,193.59717282609432,358.0880366891655,0.0206386228447668,-1.2151004961732326,平飞,无
211.8,A0100,-44981.41781463813,-804.1833569119299,5561.297939348335,215.09166440070183,181.1221725174868,-3.784343643438031,0.5384686796283549,Short skate返航,南向返航
211.8,A0200,-40143.63022178102,391.4540866606621,5804.245644311568,168.62870476688758,180.75972416560197,8.459471949121848,-2.378179877798553,Short skate返航,南向返航
211.8,B0200,31128.826566675623,-1203.771246299597,5410.99645912083,194.00830365780644,358.154202363621,3.963376127250772,2.068505677723318,平飞,无
212.0,A0100,-45024.38632764136,-805.6150758812582,5559.666981729155,215.2518634091168,181.2069546004508,0.2363220817384079,-0.2372199200988225,Short skate返航,南向返航
212.0,A0200,-40177.35024292343,390.54622730073606,5805.238892294514,168.88645387764993,181.11907237806855,5.049356835666493,-1.6532186784062022,Short skate返航,南向返航
212.0,B0200,31167.58997710423,-1205.1242335044317,5410.051824777271,193.88143385960748,358.1178206187918,6.27862025951421,4.776902791505259,平飞,无
212.2,A0100,-45067.42651846664,-807.0322131421417,5558.108277991958,215.61939833803555,181.4655648030905,4.1165332154953065,3.640484766789721,Short skate返航,南向返航
212.2,A0200,-40211.14072911164,389.6435586932639,5805.962445599535,169.22064148942505,181.41229794980404,1.6355775327190445,1.487620509903014,Short skate返航,南向返航
212.2,B0200,31206.326581439265,-1206.4237750697505,5409.553690151217,193.82465298032423,357.84075864046383,4.214550460694028,5.04565762837632,平飞,无
212.4,A0100,-45110.498708315055,-808.4819258201642,5557.0286190076895,215.342532349572,181.6660713514673,6.280492214296707,3.24749860836156,Short skate返航,南向返航
212.4,A0200,-40244.99745907564,388.7301510425132,5806.272568362861,169.4376637342717,181.28606272951788,-1.717690506450282,2.858433721639256,Short skate返航,南向返航
212.4,B0200,31245.09289493622,-1207.701725169869,5409.143999197313,194.1006975566092,357.61092399995056,0.7954696104978676,4.658665027265887,平飞,无
212.6,A0100,-45153.503381725895,-809.9594516678517,5556.688065080261,215.1339995095533,181.8304010751793,4.681922270097827,-1.3022683871090124,Short skate返航,南向返航
212.6,A0200,-40278.87231496202,387.8130084763216,5806.157670633871,169.3992815194123,180.9230280577107,-4.829533836008714,-1.921793830852892,Short skate返航,南向返航
212.6,B0200,31283.90358469025,-1208.972317145401,5408.55388938264,194.1487528367772,357.2960602531364,-2.64782125067508,1.1670355526514975,平飞,无
212.8,A0100,-45196.53750518787,-811.435191705601,5556.416307140142,215.49266316422177,182.1390724302584,1.3668181374156787,-0.0454664246336823,Short skate返航,南向返航
212.8,A0200,-40312.71593827179,386.9191023579042,5805.588535092751,169.19690975486742,181.08029559213207,-7.155350720893037,-7.418846735057223,Short skate返航,南向返航
212.8,B0200,31322.675048790625,-1210.263038946989,5407.75011298655,193.9129406064912,357.4286436952471,-5.239252885388344,-3.242481810265525,平飞,无
213.0,A0100,-45239.62597246723,-812.9327477334627,5555.805645014356,215.61347299092336,181.9712088895465,-2.0483318925626803,0.0258069107701348,Short skate返航,南向返航
213.0,A0200,-40346.50694433713,386.02617277392346,5804.414819697529,169.12726562432644,181.29000723563215,-6.207278923138989,-6.287903336870803,Short skate返航,南向返航
213.0,B0200,31361.42071174052,-1211.5611717290158,5406.362317932644,194.1165549818412,357.62896126079704,-3.936562574826833,-0.754970715522364,平飞,无
213.2,A0100,-45282.703792737295,-814.4260893578175,5554.830128799089,215.59723983476965,181.9875362133321,-4.5824316603088695,-0.809837864115095,Short skate返航,南向返航
213.2,A0200,-40380.31516532372,385.1246222297596,5802.715165354641,169.53968260750926,181.12370263635543,-1.8945031243541892,-0.7890936364750328,Short skate返航,南向返航
213.2,B0200,31400.227127277398,-1212.8651632194396,5404.470263556152,194.63131163150416,357.73105992993254,0.1206808430274939,4.1279030460238175,平飞,无
213.4,A0100,-45325.76772962828,-815.927799634992,5553.282324295375,215.55206187074023,181.79357948370463,-2.685616307176393,-1.406592731577364,Short skate返航,南向返航
213.4,A0200,-40414.19669055099,384.2270502926549,5800.878397400138,169.82644038645725,181.013882575282,3.815896172277902,2.265863537257077,Short skate返航,南向返航
213.4,B0200,31439.11387493796,-1214.1545729156533,5402.611827233612,194.76527575486503,358.043615251023,4.379082791073504,5.083702222789904,平飞,无
213.6,A0100,-45368.83147561889,-817.4080448120985,5551.731254673416,215.7133329391289,181.6738194960854,1.402604758042996,-2.2948595583964746,Short skate返航,南向返航
213.6,A0200,-40448.10939543782,383.3257644315927,5799.470660845038,169.6356321723951,180.98729921986487,8.715556610538657,-2.2560550389123533,Short skate返航,南向返航
213.6,B0200,31477.97287831671,-1215.376517904553,5401.552537786396,194.0544954247553,358.19704315573824,6.957842985559375,-2.9839262849075205,平飞,无
213.8,A0100,-45411.963296730006,-818.8731141700628,5550.365931008128,216.00814567007063,181.6416323399146,5.085011716180037,1.7186314920697376,Short skate返航,南向返航
213.8,A0200,-40481.96758880529,382.4800855725771,5798.858582590925,169.12216204597192,180.94347327333944,11.882572675050952,-6.839615209328215,Short skate返航,南向返航
213.8,B0200,31516.673798066506,-1216.65769673674,5401.613163214244,193.28867481794583,358.3735489205828,6.589326634125316,-9.380813329470708,平飞,无
214.0,A0100,-45455.11081406689,-820.3556677637971,5549.564290356862,215.71774915052143,181.65679425913376,7.058873852457288,4.2830827185755895,Short skate返航,南向返航
214.0,A0200,-40515.73513645393,381.7302430761847,5798.964313420031,168.62284621937633,180.82675109157967,12.863006637533683,-6.147035435012417,Short skate返航,南向返航
214.0,B0200,31555.297497388263,-1218.0290275607786,5402.130505458374,193.347236255755,358.865528495065,3.5677826728727045,-6.871285017576011,平飞,无
214.2,A0100,-45498.20216880446,-821.8832117785132,5549.433577043312,215.5331154311982,181.51839281171192,5.460927671962076,4.394749121141964,Short skate返航,南向返航
214.2,A0200,-40549.41090229262,381.0575182930115,5799.606677969376,168.32464599897227,180.812074459296,10.794554411453388,-5.015115289011368,Short skate返航,南向返航
214.2,B0200,31593.97497988356,-1219.391362797698,5402.412849918628,193.68295119336173,359.15180077094374,0.1800763253093377,-2.101520379963631,平飞,无
214.4,A0100,-45541.289823968655,-823.4334715073746,5549.561760126226,215.6441830219806,181.2897484934292,2.106300170674431,4.221274527172591,Short skate返航,南向返航
214.4,A0200,-40583.05931439591,380.43832455335,5800.518287741717,168.40858564610477,180.992851328022,7.54458536171053,-3.162446647649356,Short skate返航,南向返航
214.4,B0200,31632.718726869218,-1220.72067925818,5402.174782902022,193.97859778711336,359.0520047283877,-3.1474803439351517,3.1367001755896293,平飞,无
214.6,A0100,-45584.409446994745,-824.9772891917492,5549.533815431911,215.82414699257612,181.06727728830745,-1.3517792638930084,4.214148527572536,Short skate返航,南向返航
214.6,A0200,-40616.751927150166,379.8336124793459,5801.359002703595,168.6836091350316,181.23003812197885,4.116491823382621,0.4327797378448771,Short skate返航,南向返航
214.6,B0200,31671.48638851983,-1222.0253043098237,5401.302132211285,193.9014486091301,358.510537115924,-5.522937925411292,4.71482532621723,平飞,无
214.8,A0100,-45627.52872806157,-826.496417762617,5549.101742049732,215.53094993279717,180.7974064074403,-3.841977147537272,1.6388754342682688,Short skate返航,南向返航
214.8,A0200,-40650.508713969706,379.21796724128944,5801.920795886213,168.99547864879443,181.18670060718176,0.7005747045628754,4.943391614761113,Short skate返航,南向返航
214.8,B0200,31710.17887094356,-1223.3053275763305,5400.131837627641,193.5095376630286,358.18102203670645,-4.010641584577261,0.1273956910261698,平飞,无
215.0,A0100,-45670.57290788957,-827.9775719390309,5548.3627050233845,215.41614404918047,180.9640323742242,-1.9383937267350613,0.461717182131658,Short skate返航,南向返航
215.0,A0200,-40684.32777224924,378.5918116679968,5802.051315595285,169.2163295645212,180.68682221308305,-2.5946460019038264,6.966848302941664,Short skate返航,南向返航
215.0,B0200,31748.847584730094,-1224.587621783885,5398.831927094216,193.7162019033205,358.2022230908637,-0.0272657485592769,-2.1939436926703744,平飞,无
215.2,A0100,-45713.64582212341,-829.4416679621354,5547.417172844165,215.54372770358583,180.96243316698747,2.1760206682916854,-0.0233170489269455,Short skate返航,南向返航
215.2,A0200,-40718.16241968885,377.97245398975065,5801.741584571586,169.1594771126061,180.17540315800665,-5.60613242380464,2.2741576495431817,Short skate返航,南向返航
215.2,B0200,31787.591462304143,-1225.8702277828595,5397.446997384423,194.12688051095773,358.20299685108307,3.891652261096584,1.1060938962443474,平飞,无
215.4,A0100,-45756.71757639361,-830.866116950001,5546.9250648430825,215.51720524882376,181.13973478864344,5.849025712638523,-1.0416452376630432,Short skate返航,南向返航
215.4,A0200,-40751.95608487423,377.3764431474883,5800.94846023253,168.91750835338772,180.199364341108,-7.859360209217134,-3.1315869970793337,Short skate返航,南向返航
215.4,B0200,31826.38227050241,-1227.131599750037,5396.40078583451,194.05249994801136,358.1703438834307,6.928563810756495,3.818385832036996,平飞,无
215.6,A0100,-45799.78284818847,-832.2660648211604,5546.999458581668,215.24104544413524,181.3168066958708,7.910912230442933,0.8449853365568002,Short skate返航,南向返航
215.6,A0200,-40785.685965842335,376.7917637436221,5799.516638322784,168.84098263076044,180.4004359496309,-6.807833521492744,-1.893278336793144,Short skate返航,南向返航
215.6,B0200,31865.14571555713,-1228.3377457239003,5396.050805438495,193.7624208642748,358.1759334524044,8.45439779485543,4.071042615652091,平飞,无
215.8,A0100,-45842.77697539501,-833.6622867971346,5547.640412486864,215.0729020743273,181.30646089870712,5.317053938604564,1.1708251880047733,Short skate返航,南向返航
215.8,A0200,-40819.431101966606,376.2111934081149,5797.541291989828,169.27548398586666,180.5537804762401,-2.456550085221217,3.530373039585609,Short skate返航,南向返航
215.8,B0200,31903.86760091524,-1229.5018922755462,5396.198299891419,193.7251691875462,358.1153837301261,6.100402686439368,3.5074712525122678,平飞,无
216.0,A0100,-45885.79134990494,-835.0477032820636,5548.34494213873,215.42754169250628,181.38560596193835,1.77262034496796,3.076374202927369,Short skate返航,南向返航
216.0,A0200,-40853.25567398801,375.6220947564434,5795.413655468276,169.6325911810518,180.94614936304663,3.1317674012097267,6.392047901787244,Short skate返航,南向返航
216.0,B0200,31942.6172772442,-1230.6459691215075,5396.498527920128,193.96354356779025,358.0964853934504,2.6544356760847534,3.088612722168848,平飞,无
216.2,A0100,-45928.878128112425,-836.4284975771188,5548.631957939884,215.579279905152,181.18915801309777,-1.6369766454231245,5.760879704920389,Short skate返航,南向返航
216.2,A0200,-40887.12620117998,374.973653605437,5793.670912160849,169.50274497240005,181.30431138410088,7.457476628928413,1.7838082801235835,Short skate返航,南向返航
216.2,B0200,31981.44053458997,-1231.7868634200458,5396.54890226462,194.50124312214243,357.98187888984666,-0.8027146105410801,4.823408312370285,平飞,无
216.4,A0100,-45971.94793785789,-837.7964303287226,5548.476630631672,215.26587672384045,180.6806892086082,-4.746827923367419,3.710436921719264,Short skate返航,南向返航
216.4,A0200,-40920.96203016428,374.2977227802621,5792.6658557635055,169.0796718465158,181.51289850087448,10.313434796755445,-2.803645400676481,Short skate返航,南向返航
216.4,B0200,32020.35492769383,-1232.943551413673,5395.996726842704,194.74203820440647,357.5111665027491,-4.05338630548576,4.860326667326933,平飞,无
216.6,A0100,-46014.93006669064,-839.1222627486713,5547.744590841679,214.7750535463418,180.43443555977825,-6.792918413074643,-2.297193213143372,Short skate返航,南向返航
216.6,A0200,-40954.73490746521,373.64137545182894,5792.276119783617,168.75652507972583,181.6479197944265,10.23367985728269,-2.3261201294959584,Short skate返航,南向返航
216.6,B0200,32059.231716791244,-1234.1162091753597,5395.05298722774,194.17181006379045,357.0899971118326,-6.397658165157112,-3.6186126638232654,平飞,无
216.8,A0100,-46057.80976756573,-840.4055481599607,5546.308831310205,214.65986679907547,180.51303381050383,-4.687032961692254,-4.0944487543212,Short skate返航,南向返航
216.8,A0200,-40988.46739305144,372.9923778752273,5792.280872788944,168.6712679197416,181.65204154951843,7.5597015557459795,-1.2950807750764293,Short skate返航,南向返航
216.8,B0200,32097.957287489717,-1235.3538695238203,5393.9996082080015,193.57665213091127,357.21007426895767,-5.600714325858653,-11.99853396528172,平飞,无
217.0,A0100,-46100.71231579938,-841.6701646885813,5544.313266400219,215.00052684231667,180.5063724196984,-0.6829098154099801,0.1522965818342928,Short skate返航,南向返航
217.0,A0200,-41022.21286976802,372.3432756745024,5792.411059465825,168.90645012235967,181.63990036179064,4.203149179714833,0.7026780691024797,Short skate返航,南向返航
217.0,B0200,32136.62476882508,-1236.6387948595475,5392.654427400374,193.62461285293028,357.1813142648573,-2.9091394478649977,-9.808374146576716,平飞,无
217.2,A0100,-46143.659873608936,-842.9056035408212,5542.405841285066,214.9688061915348,180.44672196553023,3.2579973585851487,0.3460763428133802,Short skate返航,南向返航
217.2,A0200,-41056.02197134245,371.6802372230632,5792.338818397413,169.25502642203335,181.52214851205932,0.7843776640768504,4.588973029989371,Short skate返航,南向返航
217.2,B0200,32175.343865692244,-1237.9592801541476,5391.019113123648,194.12862941010584,356.601587512288,2.676087351995692,-3.246540291773518,平飞,无
217.4,A0100,-46186.59412511053,-844.0998655411422,5541.257104905857,214.76119101959853,180.57260939528305,6.377564774932767,-0.7082340606779445,Short skate返航,南向返航
217.4,A0200,-41089.89574930817,370.9989990104477,5791.9033154202425,169.54386965211313,181.00951309120885,-2.571239013699816,6.312941845085723,Short skate返航,南向返航
217.4,B0200,32214.13126997422,-1239.3474867730383,5389.592447190427,194.16875027075037,356.6108197463167,7.664643793255923,2.1496647160398834,平飞,无
217.6,A0100,-46229.49995965711,-845.2611814347692,5540.864498433748,214.389258673656,180.7360588376476,8.046029311684482,0.9133432097757412,Short skate返航,南向返航
217.6,A0200,-41123.78954776921,370.3155936188814,5791.099546682195,169.49059845298754,180.5340268114406,-5.283913658338307,1.3916327535383477,Short skate返航,南向返航
217.6,B0200,32252.891117584368,-1240.743959346768,5388.859041713431,193.6589372148649,357.03259968542807,9.977241121551828,4.030150356394908,平飞,无
217.8,A0100,-46272.3354348623,-846.4120328620447,5541.110555044719,214.2252310514641,180.770852767455,5.383323360393167,1.0577018724424148,Short skate返航,南向返航
217.8,A0200,-41157.63529088347,369.6495664796639,5790.00850519575,169.24968706303696,180.5263963241076,-4.871464450245562,-4.00815314571662,Short skate返航,南向返航
217.8,B0200,32291.563591065373,-1242.1027306030064,5388.821369870342,193.42741396453528,357.24316830544177,7.645090728024972,3.424996339565668,平飞,无
218.0,A0100,-46315.19278102479,-847.5468934751661,5541.475864231956,214.58926411128388,180.891217305403,1.875786701903969,2.878187932511444,Short skate返航,南向返航
218.0,A0200,-41191.4645086492,369.00550051206665,5788.667594923427,169.44273708349675,180.4945152078535,-0.8031493782139726,-2.4781209647721223,Short skate返航,南向返航
218.0,B0200,32330.234240798796,-1243.443902738989,5389.086609452119,193.5342645909421,357.3664153251312,4.088530541930395,2.708280546481059,平飞,无
218.2,A0100,-46358.122557940485,-848.6746669211461,5541.478263568737,214.7717491199204,180.7350076182188,-1.5515593125821123,5.539807015507644,Short skate返航,南向返航
218.2,A0200,-41225.3503379582,368.3791585916915,5787.283274247839,169.72694958553868,180.45654561431732,4.79610799896399,1.947944552842879,Short skate返航,南向返航
218.2,B0200,32368.93372680421,-1244.7841528010777,5389.2966802804,193.7078541194925,357.45451269828715,0.572854796434982,2.348220041256533,平飞,无
218.4,A0100,-46401.034235910825,-849.7922380198434,5541.115081597387,214.39571318270904,180.317259919904,-4.012746086357757,3.537849934102738,Short skate返航,南向返航
218.4,A0200,-41259.27099191632,367.74705816973074,5786.238861769705,169.61244296050842,180.65258116807996,9.521252560800798,2.801614750899938,Short skate返航,南向返航
218.4,B0200,32407.654018051733,-1246.1225819986705,5389.230141889349,193.61625255823557,357.2960856378793,-2.826586120232379,-0.8944362959341967,平飞,无
218.6,A0100,-46443.848446232114,-850.882773572208,5540.499525177445,214.02532917183308,180.20158673152085,-2.165941986252629,-2.333786480973955,Short skate返航,南向返航
218.6,A0200,-41293.14141005388,367.09472828160506,5785.857481127347,169.1673246992662,180.9410416084272,12.279918965795396,-0.3052291339614302,Short skate返航,南向返航
218.6,B0200,32446.314139683527,-1247.4843596916471,5388.87508349645,193.3038532458146,357.51473316373216,-5.27704356680102,-5.13607792822361,平飞,无
218.8,A0100,-46486.6401872972,-851.922903379822,5539.793484977845,214.1619629879422,180.3183301488288,1.3749000642966218,-4.182800539136857,Short skate返航,南向返航
218.8,A0200,-41326.924982002005,366.4420780618093,5786.022537512148,168.7983444185667,181.10485019599457,11.349691311348735,-1.41293461633512,Short skate返航,南向返航
218.8,B0200,32484.95749183148,-1248.8414561665595,5387.841575375782,193.6405133000507,357.76347049485696,-4.61398289836169,-1.414359674520664,平飞,无
219.0,A0100,-46529.48919931506,-852.9299586737761,5539.0246397337305,214.4928248105797,180.4288571290409,3.518029254362084,-0.174703462964105,Short skate返航,南向返航
219.0,A0200,-41360.66339717602,365.79696732385855,5786.555206616784,168.72782587599477,181.126162130884,8.371095686433423,-1.4894647413916176,Short skate返航,南向返航
219.0,B0200,32523.66440850254,-1250.1897355711644,5386.096231322545,194.04187244313448,357.8415432380919,-1.92581381999318,5.214230410577383,平飞,无
219.2,A0100,-46572.3756291178,-853.9175084912422,5538.486313851408,214.4352188184245,180.4206805973295,4.144576586199105,2.513110273614002,Short skate返航,南向返航
219.2,A0200,-41394.41542590657,365.1623500233727,5787.183052239165,168.9651564185741,181.2169254837206,4.9511924014439535,-0.1929018901254968,Short skate返航,南向返航
219.2,B0200,32562.430576183626,-1251.5197171909003,5384.2446211836905,194.1815186138282,358.1966685244711,2.43383248436072,6.888780261471798,平飞,无
219.4,A0100,-46615.253083011485,-854.8961575573994,5538.174319458103,214.51106084570765,180.31649221516636,1.222099185871732,2.769787625066285,Short skate返航,南向返航
219.4,A0200,-41428.23334011758,364.5256305974144,5787.586849495099,169.30286232435256,181.31298506498845,1.5185623078382282,3.2033769340182694,Short skate返航,南向返航
219.4,B0200,32601.17625843025,-1252.750313867471,5383.115685166817,193.50111063606764,358.4936071930456,6.601906008301822,-0.6699516377979825,平飞,无
219.6,A0100,-46658.18006271186,-855.8508982009334,5537.60230844615,214.95561738569225,180.2659495264283,-2.203307004850052,4.836798787578058,Short skate返航,南向返航
219.6,A0200,-41462.11868342671,363.873331665618,5787.6106789678,169.5779001194622,181.0221776896014,-1.8501121140173604,4.7070495857815535,Short skate返航,南向返航
219.6,B0200,32639.75825697244,-1253.9816865196317,5383.265275109588,192.58417263438676,358.48790150951726,9.761580506480142,-6.634508662521172,平飞,无
219.8,A0100,-46701.15774740237,-856.7709884068427,5536.391107303611,214.9373752260467,179.91279719608872,-4.631594756362745,5.12211237164536,Short skate返航,南向返航
219.8,A0200,-41496.02948001323,363.2130105504693,5787.237039678181,169.56750199787743,180.51468298336465,-4.996146679127465,0.0168406644714282,Short skate返航,南向返航
219.8,B0200,32678.181921715797,-1255.292764113332,5384.259688289132,192.10627724582992,358.6045226132805,8.463171914503993,-5.361676062655211,平飞,无
220.0,A0100,-46744.06424165965,-857.6627836639091,5534.91193174123,214.57932277559715,179.84632102567664,-2.70092057558592,-0.2472745031886385,Short skate返航,南向返航
220.0,A0200,-41529.910454379984,362.5720703232073,5786.42958056323,169.3946496823173,180.4868451137088,-7.373422685339364,-5.262769167669284,Short skate返航,南向返航
220.0,B0200,32716.566121710508,-1256.6363435869223,5385.524190545368,192.27168070994443,358.82059244393486,5.064880928770016,-2.6095600986859395,平飞,无
220.2,A0100,-46786.960521499685,-858.5125440480006,5533.450594345932,214.8104828908459,180.0694143597651,1.3875638244838202,-2.0070894586966577,Short skate返航,南向返航
220.2,A0200,-41563.74082234753,361.9404869717073,5785.031229429536,169.3447951955519,180.6338446421882,-6.4799362379683805,-3.99693225601658,Short skate返航,南向返航
220.2,B0200,32755.013603865773,-1257.96676460631,5386.545997407928,192.57374203874176,358.8911814116816,1.6184037324003502,2.057980661958565,平飞,无
220.4,A0100,-46829.93213906591,-859.3345666341265,5532.125762169382,215.12050165874027,180.24381459390744,5.096955916566836,1.96844145217306,Short skate返航,南向返航
220.4,A0200,-41597.58821987492,361.3096385107274,5783.113101307339,169.76917655612553,180.62336300386576,-2.1675286085656973,1.4470904570940186,Short skate返航,南向返航
220.4,B0200,32793.51749008817,-1259.2704589528985,5387.1510995513545,192.67656078253648,358.5272839990146,-1.73638807857818,5.572377125589449,平飞,无
220.6,A0100,-46872.92116926736,-860.1650136957796,5531.352794276974,214.842494750732,180.33242800102377,7.089122425285091,4.510191725265021,Short skate返航,南向返航
220.6,A0200,-41631.51442928732,360.678612315427,5781.058199915282,170.1137023486655,180.80833044499096,3.4038454187796185,4.288932375074282,Short skate返航,南向返航
220.6,B0200,32832.007792910976,-1260.5518274069364,5387.349359107942,192.32710038139516,357.85599985301883,-4.755041026492375,3.716818475537604,平飞,无
220.8,A0100,-46915.857751746975,-861.0304990935292,5531.234412260705,214.676695183862,180.2473404562517,5.504734770355928,4.483214767949035,Short skate返航,南向返航
220.8,A0200,-41665.48368982754,360.015980566699,5779.40271206141,169.96687010149054,181.0102073344025,7.683771649062067,-0.3878622362828664,Short skate返航,南向返航
220.8,B0200,32870.35156727646,-1261.8281178707275,5387.284690353319,191.22770262849923,357.4274456531272,-6.809225086417245,-6.170828212263692,平飞,无
221.0,A0100,-46958.79437451089,-861.9077015684343,5531.360887148634,214.79965704202897,180.07332383225682,2.151872730652568,4.215881657076552,Short skate返航,南向返航
221.0,A0200,-41699.41563031868,359.36615310414345,5778.499623634792,169.55234749560557,181.07933173375167,10.662574330926368,-4.948606212830853,Short skate返航,南向返航
221.0,B0200,32908.47397366304,-1263.1542175671657,5386.959834931578,190.45267372338543,357.4208737751357,-5.505414781184163,-15.511666489566023,平飞,无
221.2,A0100,-47001.76467876366,-862.7689482628411,5531.327729686029,214.9850357460946,179.89606860443993,-1.308559547110827,4.197392826368195,Short skate返航,南向返航
221.2,A0200,-41733.2814260765,358.77643034089124,5778.273348549734,169.14523082801682,181.0845668353981,11.720688524000606,-4.390470875739586,Short skate返航,南向返航
221.2,B0200,32946.53034296859,-1264.5069405782651,5386.236274530087,190.49909519490865,357.22914921170764,-2.721304923916273,-14.111048426768422,平飞,无
221.4,A0100,-47044.73527636124,-863.5984153686186,5530.893871407126,214.69526505126285,179.66245721041517,-3.8084054407369226,1.6812763509905495,Short skate返航,南向返航
221.4,A0200,-41767.0754217051,358.2305383138337,5778.549318120413,168.904522274208,181.12039521249463,9.705355037198434,-3.270543583676658,Short skate返航,南向返航
221.4,B0200,32984.640536326,-1265.8824084872904,5385.142963018856,191.007489347896,356.27847063609954,2.695299428520036,-7.782294324509253,平飞,无
221.6,A0100,-47087.63058922306,-864.3854151089217,5530.1592890222855,214.57921398487676,179.85832231248804,-1.9415490018704236,0.5541037043194778,Short skate返航,南向返航
221.6,A0200,-41800.85380558342,357.70972023684226,5779.070593839642,169.02766855543854,181.2110168152327,6.464382587017772,-1.2091295954238632,Short skate返航,南向返航
221.6,B0200,33022.84658614116,-1267.3481427577062,5384.022848423192,191.49636340515232,355.9982237970625,7.624785953531799,0.427395613162958,平飞,无
221.8,A0100,-47130.5538103146,-865.150151293692,5529.219478646832,214.70328827165764,179.88918614186414,2.146871653553098,0.1019745324127601,Short skate返航,南向返航
221.8,A0200,-41834.681946967,357.18816174016683,5779.499953179855,169.3266428570328,181.30530224237552,3.0389803478906,2.5763027004706784,Short skate返航,南向返航
221.8,B0200,33061.12187719522,-1268.862769050209,5382.9400201106055,191.62362307245493,356.2907834694059,8.05308917737644,6.326510125024519,平飞,无
222.0,A0100,-47173.47490414379,-865.8730838946212,5528.729955741732,214.6768742540929,180.09361588922118,5.824330916042584,-0.9280405315730746,Short skate返航,南向返航
222.0,A0200,-41868.56817844282,356.644610423602,5779.658821539966,169.55025683314548,181.023519818214,-0.3646308621053568,4.284771399518181,Short skate返航,南向返航
222.0,B0200,33099.40681690814,-1270.363847383709,5382.125852374478,191.59801537480817,356.32966387564164,4.869927729297421,3.4652069496877487,平飞,无
222.2,A0100,-47216.38968381006,-866.5700581777637,5528.802461807078,214.40800993437276,180.29424257608792,7.898795392223274,0.9184793450960944,Short skate返航,南向返航
222.2,A0200,-41902.4765332433,356.0852302357853,5779.513917854103,169.54068627216017,180.5192474757152,-3.650312398446273,-0.2139626673152956,Short skate返航,南向返航
222.2,B0200,33137.700119214285,-1271.8689658460808,5381.580086356547,191.76822801696383,356.6347900473065,1.2829341702222952,-0.4113691529905663,平飞,无
222.4,A0100,-47259.2351883975,-867.2632201637716,5529.433169047614,214.24731785550415,180.29752691685627,5.325420128024424,1.2154530906432903,Short skate返航,南向返航
222.4,A0200,-41936.362409057736,355.54485146732986,5779.005916145994,169.40931102593672,180.5527551617227,-6.182919393431305,-5.399036801775412,Short skate返航,南向返航
222.4,B0200,33176.08160421174,-1273.4030987307124,5380.61396599933,192.593007163945,357.0968787101808,-2.160332802183424,3.528277480441967,平飞,无
222.6,A0100,-47302.10219436642,-867.9436061134002,5530.122606808576,214.60808929882245,180.384887714686,1.7819815883370822,3.0939485570452057,Short skate返航,南向返航
222.6,A0200,-41970.21728431958,355.01224478779113,5777.961192653884,169.43116360286282,180.76974887404816,-5.639443137212873,-3.990375296493076,Short skate返航,南向返航
222.6,B0200,33214.61247157463,-1274.9763051287136,5378.666313605307,193.4224109014065,356.9627999395134,-4.732790590733784,8.130205205038765,平飞,无
222.8,A0100,-47345.042697599005,-868.6162991583442,5530.393000993368,214.76624600519972,180.19823051181484,-1.6279418315967555,5.770385613748178,Short skate返航,南向返航
222.8,A0200,-42004.09679936235,354.4726088564239,5776.392964116876,169.80124066657194,180.76101364602204,-1.9730922496722956,1.6331058814713668,Short skate返航,南向返航
222.8,B0200,33253.21388055197,-1276.6049906855442,5376.001955254451,193.86941268919767,357.26958799393987,-3.093186472327678,8.457807117558277,平飞,无
223.0,A0100,-47387.96699343995,-869.2753427841562,5530.22341906317,214.4572259661561,179.6979175086599,-4.739325653609965,3.750482681016361,Short skate返航,南向返航
223.0,A0200,-42038.04664442652,353.9270493798067,5774.664580594304,170.13211823645534,180.9277418227485,3.4887068012123894,4.670052604679627,Short skate返航,南向返航
223.0,B0200,33291.884989482714,-1278.2105877485335,5373.163557128153,194.11395803022788,358.1717269499332,2.2695773549425127,7.447147773286464,平飞,无
223.2,A0100,-47430.803718362135,-869.8931058812741,5529.483050767936,213.9720879688133,179.4560198983806,-6.79029089985732,-2.2256352999431743,Short skate返航,南向返航
223.2,A0200,-42072.03481852439,353.34171114070705,5773.315371380268,169.98648340553478,181.12951090706355,7.936449322561565,0.2225987103713521,Short skate返航,南向返航
223.2,B0200,33330.57522990898,-1279.688876576609,5371.085488364288,193.488689979158,358.5658174527081,6.889712551588964,-1.148045724067928,平飞,无
223.4,A0100,-47473.53839571912,-870.4689870502298,5528.042832519837,213.86067788416088,179.54251693254938,-4.711945901789041,-4.041360935094446,Short skate返航,南向返航
223.4,A0200,-42105.97640183556,352.75502871072604,5772.703349580246,169.54279173489664,181.21306407506987,10.868256401988726,-4.121801532164929,Short skate返航,南向返航
223.4,B0200,33369.13622573417,-1281.1651464267925,5370.343375480172,192.55107982973044,358.49352382279267,9.50745784456244,-7.166461461090757,平飞,无
223.6,A0100,-47516.29621009724,-871.0252634443241,5526.039381693152,214.2077252904849,179.54536474941477,-0.7225892740238581,0.172744040617196,Short skate返航,南向返航
223.6,A0200,-42139.84390773875,352.2092203991451,5772.707124152326,169.19787005425746,181.29604107731,10.802629092338677,-3.4604832999338826,Short skate返航,南向返航
223.6,B0200,33407.55948778083,-1282.7226942639663,5370.479976917633,192.09552079095977,358.5902725653692,7.563752951272032,-5.560415720361709,平飞,无
223.8,A0100,-47559.09966277713,-871.5509845413872,5524.116396953223,214.18389009189937,179.51137298984375,3.2199307978387304,0.3407437922961127,Short skate返航,南向返航
223.8,A0200,-42173.67064387243,351.68811535850546,5773.070640377553,169.19838601725968,181.43168381987093,8.13453922100228,-1.2179944054492573,Short skate返航,南向返航
223.8,B0200,33445.9512247638,-1284.3118796577128,5370.938461086145,192.2743142507159,358.7481616369321,4.041923085967842,-2.51647086093954,平飞,无
224.0,A0100,-47601.891031897125,-872.037025035319,5522.943459646758,213.98586623033052,179.64996169683246,6.341926784031246,-0.7053420063013488,Short skate返航,南向返航
224.0,A0200,-42207.52438446472,351.1618607055643,5773.483209444043,169.42708268810563,181.494233768721,4.799707177519252,2.866477337105569,Short skate返航,南向返航
224.0,B0200,33484.40538659274,-1285.8834863365191,5371.182827852595,192.6018378072546,358.75769903384634,0.5688251883012961,2.315821713269606,平飞,无
224.2,A0100,-47644.65575067625,-872.491881220627,5522.518380770616,213.62321825725243,179.81220326807076,8.01481041482156,0.9169520189761112,Short skate返航,南向返航
224.2,A0200,-42241.42587494981,350.6048885775453,5773.755761819044,169.61402312583616,181.1805253834539,1.3869410914225009,4.761871515274478,Short skate返航,南向返航
224.2,B0200,33522.913126029576,-1287.4210009192377,5371.031290332761,192.6926131533849,358.28329930859803,-2.7936374965308945,3.809765006946102,平飞,无
224.4,A0100,-47687.35188988682,-872.938203833015,5522.726971356446,213.4643476033753,179.84613246652003,5.365026553184669,1.0604015858848548,Short skate返航,南向返航
224.4,A0200,-42275.34825898509,350.0221676200017,5773.838769243466,169.62145333048778,180.6417013394812,-1.996279156023886,0.4181150538316559,Short skate返航,南向返航
224.4,B0200,33561.37129865217,-1288.931481049014,5370.633328009128,192.09106640027963,357.7082070262699,-5.8542287824002885,-3.247174511549072,平飞,无
224.6,A0100,-47730.070747515805,-873.3687944641679,5523.0530484802985,213.8338696696679,179.96428800401495,1.8584906778744332,2.8651876915135635,Short skate返航,南向返航
224.6,A0200,-42309.2578597236,349.45386799367407,5773.633557600815,169.56037567383586,180.6573992215009,-5.134292156648535,-4.551779337145611,Short skate返航,南向返航
224.6,B0200,33599.66203948255,-1290.4632481007611,5369.979947168427,191.21427766191215,357.91863549338325,-7.84609634452689,-11.010295549577426,平飞,无
224.8,A0100,-47772.86285154494,-873.7914815957338,5523.016100525474,214.023589880121,179.8098162630295,-1.5691631246905375,5.512375206211414,Short skate返航,南向返航
224.8,A0200,-42343.16011269575,348.8867378488758,5772.820965931012,169.61314674521677,181.06607883537723,-7.433392307329113,-3.0490150927444986,Short skate返航,南向返航
224.8,B0200,33637.809703191815,-1291.965749351697,5368.67748604682,190.97090132450543,357.90268721371217,-5.929133435086932,-9.25691546906626,平飞,无
225.0,A0100,-47815.63785848988,-874.2050244767306,5522.615906467763,213.65482929188488,179.39399402444502,-4.037523042220705,3.5205370931115625,Short skate返航,南向返航
225.0,A0200,-42377.05362039663,348.2981985236329,5771.220971322789,169.82461062843973,181.20050227689345,-6.63090851743114,2.737370233136501,Short skate返航,南向返航
225.0,B0200,33675.98170223023,-1293.4410731883418,5366.748995295829,191.54025593104203,357.4269968130575,-0.5916578770451932,-2.8169519327777346,平飞,无
225.2,A0100,-47858.316149916165,-874.5939477147986,5521.965482144618,213.2908685593692,179.277230124062,-2.220919630322882,-2.3438761881253303,Short skate返航,南向返航
225.2,A0200,-42410.9808160792,347.7026299070567,5769.063685578261,170.16542016596597,181.3196979816535,-3.2419146788086364,6.402049392938821,Short skate返航,南向返航
225.2,B0200,33714.24216928972,-1294.9391064404772,5364.780355538567,191.76886693453665,357.31145072022053,5.312958245306967,3.1410388170572308,平飞,无
225.4,A0100,-47900.97221949358,-874.9335422951845,5521.220417111428,213.43478866286185,179.39342717073407,1.2819456540506258,-4.221231333424594,Short skate返航,南向返航
225.4,A0200,-42444.953152138354,347.0676126904364,5766.878816117329,170.27207433968354,181.5747607722215,1.5048162779799226,2.7747635015352885,Short skate返航,南向返航
225.4,B0200,33752.51210313698,-1296.4122838638632,5363.452657974038,191.31861887569656,357.51078806449,9.04771670322371,3.344129590698928,平飞,无
225.6,A0100,-47943.68664121043,-875.2400287471828,5520.404015663964,213.77518483326568,179.49615140381508,3.425169124635574,-0.2350072255502894,Short skate返航,南向返航
225.6,A0200,-42478.94716721872,346.39337530430566,5765.1524887544965,170.16669904450882,181.79098986191835,6.336621134109696,-0.97409889067042,Short skate返航,南向返航
225.6,B0200,33790.684741353834,-1297.8387928755,5363.099066756098,190.8109127850302,357.7366265522927,9.05125177956116,-0.855336786975945,平飞,无
225.8,A0100,-47986.44008348196,-875.5260668901865,5519.809976601333,213.72629926540912,179.48368077350727,4.061958288503503,2.4400158894123605,Short skate返航,南向返航
225.8,A0200,-42512.93890110224,345.7091997124735,5763.987202659839,170.0230607806496,181.91521542986752,9.8261811003608,1.055262020961771,Short skate返航,南向返航
225.8,B0200,33828.83636667268,-1299.2667939029125,5363.131662705531,191.04977377694397,357.9932419732304,6.003619809603673,-0.2879955454173337,平飞,无
226.0,A0100,-48029.186245975136,-875.8027213423156,5519.437401991228,213.80886842362955,179.38461603555163,1.1568459667153204,2.687892778013315,Short skate返航,南向返航
226.0,A0200,-42546.89818556394,344.9943065210973,5763.368765149657,169.64274815190154,181.96694521241227,11.081759222781164,3.78983851926435,Short skate返航,南向返航
226.0,B0200,33867.055419277254,-1300.688867343566,5363.081042747925,191.40338386774908,358.09995679770765,2.5576908141170995,3.654008283068828,平飞,无
226.2,A0100,-48071.98244284988,-876.0547966795893,5518.803462482145,214.26077528211323,179.3390508773686,-2.2652012668446466,4.73427361944329,Short skate返航,南向返航
226.2,A0200,-42580.77932895548,344.22191509603,5763.307835634854,169.27569528134129,181.81616497256948,9.086190091925886,2.7324495344931337,Short skate返航,南向返航
226.2,B0200,33905.331830642375,-1302.0855897660258,5362.814808235573,191.54453880270097,357.7317762240905,-0.8755368165837539,4.7196352113220295,平飞,无
226.4,A0100,-48114.82958972234,-876.2721161447007,5517.530368224041,214.2526793154936,178.9924392565073,-4.698941534975663,5.011111009118823,Short skate返航,南向返航
226.4,A0200,-42614.604944923565,343.4156615813081,5763.674975624906,169.17772807968186,181.70228200890585,5.796851203245154,-1.1878575058574343,Short skate返航,南向返航
226.4,B0200,33943.576408879846,-1303.4594472568133,5362.458340770523,191.048979292253,357.248568256294,-4.202873512018656,-2.448478761215556,平飞,无
226.6,A0100,-48157.606559372536,-876.462703624351,5515.989311692116,213.90225139310465,178.92197615796255,-2.795042658421908,-0.3498581790941005,Short skate返航,南向返航
226.6,A0200,-42648.45140125354,342.61201353266006,5764.052515985861,169.454875341282,181.8446587494248,2.3361638024219333,-1.885575881734955,Short skate返航,南向返航
226.6,B0200,33981.68593281074,-1304.871805693836,5362.007847880159,190.36862868056355,357.5420883661135,-6.526187654693208,-9.93617683572434,平飞,无
226.8,A0100,-48200.37374941247,-876.6112252435378,5514.462837862859,214.13919642853136,179.1361500361228,1.2742510234185231,-2.1331308105704028,Short skate返航,南向返航
226.8,A0200,-42682.37310717023,341.7961861612166,5764.054374430709,169.85493716564898,181.9331425920144,-1.0704547476947304,0.9989319222025076,Short skate返航,南向返航
226.8,B0200,34019.68616916771,-1306.28871806576,5361.0501355511005,190.1704742089511,357.6583873180336,-4.883866334608901,-7.8785889013163075,平飞,无
227.0,A0100,-48243.21746287079,-876.7301167371807,5513.065899351943,214.45961287918288,179.3018100140805,4.9868997036080165,1.815151120214114,Short skate返航,南向返航
227.0,A0200,-42716.356811173806,340.9614202097291,5763.536325441844,170.07823196794374,181.6276532539625,-4.315848653425952,2.302812532421373,Short skate返航,南向返航
227.0,B0200,34057.7159040664,-1307.6939168662884,5359.540361979043,190.701996579072,357.2358469432102,0.4602903883070995,-1.2366358224554057,平飞,无
227.2,A0100,-48286.08169616715,-876.8556249332214,5512.213495952776,214.1914067149401,179.37287485175742,6.9863259540017575,4.364594547156458,Short skate返航,南向返航
227.2,A0200,-42750.344980894224,340.1223728073419,5762.524180898316,169.99967271153855,181.2223925016685,-6.820465163686298,-2.8480307465972587,Short skate返航,南向返航
227.2,B0200,34095.825030333304,-1309.1214475299255,5358.051675795283,190.7877594545165,357.0593320437157,6.278832201559934,1.141292082549205,平飞,无
227.4,A0100,-48328.8970426422,-877.0140369642868,5512.011142535364,214.0345454315908,179.28455070468752,5.409761205106051,4.319524621442366,Short skate返航,南向返航
227.4,A0200,-42784.27557986291,339.3089011452612,5761.135576668894,169.7430823447706,181.14578184151145,-6.1481099431044415,-8.683364368911375,Short skate返航,南向返航
227.4,B0200,34133.91274627759,-1310.5679565570244,5357.295827230108,190.4947655992737,357.1413541912865,10.11931342772923,-2.1391901755851297,平飞,无
227.6,A0100,-48371.7149248104,-877.1819380494599,5512.049866480076,214.1661543180721,179.12262570358476,2.058750512522607,4.029901947139167,Short skate返航,南向返航
227.6,A0200,-42818.187498525534,338.5222231584339,5759.43981620774,169.9655780068462,180.85428505933027,-1.9505525404268969,-7.385219929403675,Short skate返航,南向返航
227.6,B0200,34171.95727412195,-1312.0519799343856,5357.208324046505,190.23810365074735,357.3348190386948,11.330045457596205,-1.5876334819498996,平飞,无
227.8,A0100,-48414.56753884245,-877.3327515353958,5511.927960087185,214.35991913145884,178.9585350220996,-1.4021518822074297,3.996216706009892,Short skate返航,南向返航
227.8,A0200,-42852.16716684432,337.76888038892866,5757.625606776155,170.3802862715686,180.37354222250116,3.731358637207237,-1.999280570648028,Short skate返航,南向返航
227.8,B0200,34209.944817639735,-1313.5477470474016,5357.605572499811,189.94728757128743,357.42402184395166,8.791456472571356,0.5720603721950357,平飞,无
228.0,A0100,-48457.42090931476,-877.4522134150029,5511.406361152334,214.0794423480185,178.73570950723175,-3.9080497375429006,1.4775708743808946,Short skate返航,南向返航
228.0,A0200,-42886.21036596338,337.0480809390356,5756.054699575372,170.42241652981076,180.2904522906401,8.658090591682106,3.336327804415176,Short skate返航,南向返航
228.0,B0200,34247.887521740704,-1315.0428553815382,5358.405405068965,189.91548167482023,357.46716812011823,5.266157682776028,0.9445668684206552,平飞,无
228.2,A0100,-48500.19944319839,-877.5306460204629,5510.585194844494,213.9712132653928,178.9237609945531,-2.064276621291125,0.3324988235116765,Short skate返航,南向返航
228.2,A0200,-42920.24551989275,336.3103716207115,5755.084512702606,170.0978178084282,180.65157782396508,12.226636286628938,5.524195907851556,Short skate返航,南向返航
228.2,B0200,34285.863438427725,-1316.5429561752444,5359.134089055491,190.28411944214875,357.6000142840651,1.7568823529423068,2.558376488605215,平飞,无
228.4,A0100,-48543.02502601784,-877.5830292084756,5509.468114597999,214.39917574494515,179.199597818523,2.01298328085107,4.437205835239744,Short skate返航,南向返航
228.4,A0200,-42954.2038370658,335.50922820974665,5754.884822961545,169.5603586562997,181.17903718588067,14.330238128814743,4.773761649403254,Short skate返航,南向返航
228.4,B0200,34323.921061742134,-1318.0406078472715,5359.393782249355,190.49814924763692,357.35736945142486,-1.6258421156176226,2.7133732527272048,平飞,无
228.6,A0100,-48585.9028438423,-877.6497020069182,5508.582359854932,214.33309021130825,179.50941289194293,5.666898000968664,4.399019134069454,Short skate返航,南向返航
228.6,A0200,-42988.04428321367,334.64519758772803,5755.3435908190095,169.0538770300573,181.3557316622156,13.182994878932307,3.521300843236178,Short skate返航,南向返航
228.6,B0200,34361.957186249885,-1319.5392781188257,5359.341438288955,190.0451672331509,357.0279337018613,-4.764591962542022,-5.085029518840082,平飞,无
228.8,A0100,-48628.72667033172,-877.7638463775802,5508.509424097068,213.9609533423085,179.87417642676633,7.576838932655395,1.263307592728759,Short skate返航,南向返航
228.8,A0200,-43021.8108805518,333.74080958905324,5756.249369615884,168.9040230622195,181.2690426206148,10.176590703894648,2.5904374951538265,Short skate返航,南向返航
228.8,B0200,34399.85408560974,-1321.0860100592529,5359.061381808237,189.2792255861238,357.45153546723105,-6.878206199749956,-13.162487819683909,平飞,无
229.0,A0100,-48671.52609846882,-877.8936681718806,5508.827440449462,214.16120678558977,180.10518565458895,5.021963926704115,2.7033156726217387,Short skate返航,南向返航
229.0,A0200,-43055.56609571678,332.81905373962945,5757.343314292431,168.98392635560415,181.13925562349823,6.718712434623445,1.9520394378348696,Short skate返航,南向返航
229.0,B0200,34437.63014700865,-1322.6208805414751,5358.202441658752,189.0602020478869,357.5033626954838,-5.121940731226762,-11.550237184582729,平飞,无
229.2,A0100,-48714.37638392794,-878.0447491254963,5509.118713618576,214.296465949638,180.02253257235242,1.547231289828665,5.210789695662929,Short skate返航,南向返航
229.2,A0200,-43089.35281135561,331.89718671752416,5758.370611640132,169.17613450344624,181.10352621641857,3.235882343064863,1.4040669579676086,Short skate返航,南向返航
229.2,B0200,34475.436704778724,-1324.129676886634,5356.749678910248,189.6022548758848,356.796588955311,0.1383205964172844,-5.021090265610013,平飞,无
229.4,A0100,-48757.22295991205,-878.2234690827281,5509.31852376389,214.04820260133192,179.5273836423161,-1.89138336364613,2.205660873395623,Short skate返航,南向返航
229.4,A0200,-43123.19956670701,330.9799198970395,5759.069196797838,169.51824722460452,181.1237194277536,-0.1860146156584389,2.427513730200357,Short skate返航,南向返航
229.4,B0200,34513.35430636412,-1325.6898194400092,5355.105909961081,190.27900049175136,356.6792003178306,5.779174852357794,3.471747776440945,平飞,无
229.6,A0100,-48799.978196326505,-878.3836822105477,5509.345470159944,213.57290010026608,179.52396692162375,-4.328240468487616,-1.9479698190249528,Short skate返航,南向返航
229.6,A0200,-43157.12004858581,330.0660978739834,5759.202279763433,169.77745607266692,180.8802800043196,-3.399800465267268,2.655283882175193,Short skate返航,南向返航
229.6,B0200,34551.37586417835,-1327.2661275532282,5353.5055250387,190.423868201091,357.1179693258803,8.740916488200822,8.743161877389534,平飞,无
229.8,A0100,-48842.68592340761,-878.5292112570423,5508.794489313474,213.655555606686,179.67675329619175,-2.735165958193536,1.650638597478996,Short skate返航,南向返航
229.8,A0200,-43191.06145455933,329.1685477190222,5758.794724112126,169.7145856365053,180.6803956120424,-5.875379092053223,-3.5038826339463163,Short skate返航,南向返航
229.8,B0200,34589.382208273106,-1328.78076523689,5352.3444283735735,190.141759340204,357.1020422648066,6.745413267730808,3.142752297562668,平飞,无
230.0,A0100,-48885.42279493947,-878.670805101483,5507.879426421241,213.71293498297692,179.66006414032807,1.1888328167447928,2.072718675506748,Short skate返航,南向返航
230.0,A0200,-43224.95177976116,328.3065151918672,5757.98296077014,169.45043368020524,180.79964293242503,-5.188687507632649,-10.072597675888757,Short skate返航,南向返航
230.0,B0200,34627.37145530412,-1330.277213079342,5351.656777241153,190.2326597359488,357.3143280974439,3.0984312140578902,-1.6605786432482654,平飞,无
230.2,A0100,-48928.148861801776,-878.8136730407605,5507.357633620624,213.6679570537136,179.82667848731262,5.042511233501554,1.3021142277959843,Short skate返航,南向返航
230.2,A0200,-43258.82653469504,327.4758514380956,5756.850361433582,169.66275333774075,180.5210481344158,-0.987295733414726,-9.0751395764388,Short skate返航,南向返航
230.2,B0200,34665.43426666535,-1331.7862040812397,5350.780001938414,190.789294226634,357.6567015549857,-0.3952568780309933,0.4375939528329218,平飞,无
230.4,A0100,-48970.87066065974,-878.9705767875748,5507.360701459129,213.4453577482373,180.0008952540335,7.319783309574149,3.116929964404008,Short skate返航,南向返航
230.4,A0200,-43292.760270905885,326.6936204874546,5755.628248391402,169.9545523365653,179.90642465543243,4.669928021005158,-4.692384995293692,Short skate返航,南向返航
230.4,B0200,34703.57271985892,-1333.283790996198,5349.47798116276,191.01169629701425,357.5419293992883,-3.124939538480426,0.8910663441022758,平飞,无
230.6,A0100,-49013.53406974678,-879.1598913664857,5507.865988276419,213.31495995490076,179.88807382099066,4.852811998601716,3.3683531189547464,Short skate返航,南向返航
230.6,A0200,-43326.73749117683,325.9823854936076,5754.694077069384,169.9727914877522,179.60400445593538,9.591820236009823,-0.7982829072104564,Short skate返航,南向返航
230.6,B0200,34741.71281693151,-1334.7885348396885,5347.950864554576,191.022902213746,357.57821500309075,-2.769154380933883,-0.9390986142268604,平飞,无
230.8,A0100,-49056.22394241767,-879.3536395120027,5508.385338831231,213.69670439188252,179.82397256506025,1.2876661366121618,5.228400886382874,Short skate返航,南向返航
230.8,A0200,-43360.68815777871,325.3192608907957,5754.313921064224,169.54163852016043,179.73626106307674,12.644901979741556,0.9865726015235698,Short skate返航,南向返航
230.8,B0200,34779.882599585675,-1336.3021654573804,5346.1814057060565,191.38507089095376,357.8290182772424,2.048901516279694,1.970321054347489,平飞,无
231.0,A0100,-49098.98830286375,-879.5400951842566,5508.452548701163,213.828786395908,179.36796954771762,-2.085559078707034,5.0631246816872775,Short skate返航,南向返航
231.0,A0200,-43394.53676647125,324.67276213934747,5754.538323120514,169.0916347614023,179.95782288787802,11.914673534001723,0.5107965014623269,Short skate返航,南向返航
231.0,B0200,34818.10466227385,-1337.7904835724255,5344.7004239767575,191.233493280255,358.0942937773833,7.403466432171756,2.0759932634512333,平飞,无
231.2,A0100,-49141.72559741615,-879.7002842570546,5508.097782184017,213.5551691419552,179.00334731101188,-4.468940935135551,-1.855706890823735,Short skate返航,南向返航
231.2,A0200,-43428.3302619928,324.0369012891824,5755.16083033732,169.0042845080163,180.07490857139703,8.991022433424984,-0.3227537644731324,Short skate返航,南向返航
231.2,B0200,34856.260993381715,-1339.2412228334542,5344.024745882231,190.7760925614023,358.2459157557081,8.219499940490742,-1.4159219487391097,平飞,无
231.4,A0100,-49184.41912292886,-879.8180864460483,5507.187347222323,213.61474074348624,179.24037615836627,-3.515151278132357,-4.288428591459543,Short skate返航,南向返航
231.4,A0200,-43462.13541731926,323.42113220490137,5755.891638541591,169.2409790122845,180.29419624679136,5.576109037126684,0.1378763776837133,Short skate返航,南向返航
231.4,B0200,34894.40117279949,-1340.6869684664453,5343.684008234077,191.00720137087688,358.42120889841004,5.073502770560545,-0.2280762299175786,平飞,无
231.6,A0100,-49227.16278980321,-879.9331330536952,5505.6368118970495,214.1007152076893,179.37756664630186,-0.6698706082525061,0.4880510967060512,Short skate返航,南向返航
231.6,A0200,-43496.00810552424,322.81653643727986,5756.411157714461,169.58294010994064,180.54325351198065,2.1392489677661173,2.960069636314036,Short skate返航,南向返航
231.6,B0200,34932.6098620018,-1342.1173794175302,5343.252374565105,191.36888661686191,358.4359262174221,1.5846465951372048,4.061803486576013,平飞,无
231.8,A0100,-49269.97591959816,-880.0383173175542,5504.027507249142,214.20718638516448,179.32681474935424,3.234495191385164,1.8060719933316407,Short skate返航,南向返航
231.8,A0200,-43529.950507106834,322.2066636727068,5756.565237153978,169.86709575664307,180.3986380853332,-1.2461949564535106,4.05939937724151,Short skate返航,南向返航
231.8,B0200,34970.875378332305,-1343.5153569950398,5342.585522923431,191.5155612712883,357.97778206626344,-1.843540519337993,5.354645893440906,平飞,无
232.0,A0100,-49312.78961026346,-880.1328850940372,5503.059086059075,214.089980883632,179.37976727595185,6.455895626106448,-0.97769909786568,Short skate返航,南向返航
232.0,A0200,-43563.92276539742,321.6019180690964,5756.334411201817,169.86858735814917,180.14675951062088,-4.4468803272956485,-1.2112410850163242,Short skate返航,南向返航
232.0,B0200,35009.10244326901,-1344.8873597963177,5341.830263673699,190.93820902010583,357.5678805837628,-4.5667299873547975,-1.9145242366650583,平飞,无
232.2,A0100,-49355.60300973509,-880.1977486210562,5502.697209643291,214.04582861371227,179.57540193710162,8.20291470393881,0.2637397999769841,Short skate返航,南向返航
232.2,A0200,-43597.869144374905,321.0234927110177,5755.686653650591,169.70720733762658,180.45336958557243,-6.872268313034542,-7.033488626468418,Short skate返航,南向返航
232.2,B0200,35047.18907286159,-1346.2903455378018,5341.13155074391,190.3808665298189,357.69892306030846,-4.201386318623543,-9.211452131771177,平飞,无
232.4,A0100,-49398.39473037691,-880.2637464693289,5502.769234336229,213.8911938533812,179.56548316412744,5.607612436077553,2.603291310597604,Short skate返航,南向返航
232.4,A0200,-43631.77078447346,320.4468898511259,5754.468434724835,169.65706639758395,180.7190365348904,-6.043806094882621,-5.793166911877407,Short skate返航,南向返航
232.4,B0200,35085.22389816361,-1347.722573032137,5340.215438454896,190.42336205376367,357.6289337723468,-1.6277745783267696,-6.654927744295125,平飞,无
232.6,A0100,-49441.17765434146,-880.336011033778,5503.116154898678,213.98469120116613,179.4829157490949,2.0720841775138736,2.835080588682482,Short skate返航,南向返航
232.6,A0200,-43665.69012835979,319.8634594795876,5752.741063486794,170.0638454309969,180.5953736503876,-1.7539145888976293,-0.1856339975666917,Short skate返航,南向返航
232.6,B0200,35123.29415423714,-1349.1801349154102,5339.1463213961815,190.6877417670868,357.1629997411626,3.83327551407202,-1.1736614625060295,平飞,无
232.8,A0100,-49484.01162909578,-880.3962977809606,5503.196545992632,214.40264043545776,179.4465777276698,-1.3899389340259312,4.975902943053548,Short skate返航,南向返航
232.8,A0200,-43699.68216515368,319.28286561839195,5750.891408412002,170.34191525879982,180.5605445892704,3.943516436539195,2.855470500968148,Short skate返航,南向返航
232.8,B0200,35161.385043941795,-1350.675407044866,5338.457228737892,190.49361315460132,357.1477394303078,8.141843115225079,1.3164415478189504,平飞,无
233.0,A0100,-49526.90404125589,-880.4302854409252,5502.609950843122,214.44424573056796,178.96578745346864,-4.549150942326066,5.2726998018391935,Short skate返航,南向返航
233.0,A0200,-43733.703540593895,318.68977142790027,5749.486452973863,170.13695934253343,180.60301113974128,8.806295939742245,-1.7351788884485304,Short skate返航,南向返航
233.0,B0200,35199.419577822795,-1352.171424434635,5338.482676299085,190.1265384312961,357.4088128856,9.85713344556558,1.2503323790803669,平飞,无
233.2,A0100,-49569.73894481608,-880.4234921248426,5501.468491697768,214.04023651373373,178.6128388026001,-6.711562507155471,-0.2431569904602545,Short skate返航,南向返航
233.2,A0200,-43767.66710874604,318.1400797657116,5748.89247839338,169.61145008489927,180.58999006790992,11.941383333986389,-6.306922741314788,Short skate返航,南向返航
233.2,B0200,35237.38464715504,-1353.6548846373898,5339.0396986184005,189.92414559359472,357.5914303503116,7.4184260960454385,0.941193729160936,平飞,无
233.4,A0100,-49612.48447662641,-880.3674215774117,5499.719656741821,213.9578350104014,178.84600045066637,-4.793523490567385,-2.247506685190423,Short skate返航,南向返航
233.4,A0200,-43801.53680170232,317.67628226887973,5749.027751417476,169.10555977250186,180.4956770716639,12.902823736841288,-5.577424216995806,Short skate返航,南向返航
233.4,B0200,35275.35842816905,-1355.1331732753297,5339.731726481954,190.241922366609,357.73424538301794,3.957329845770541,2.497514373870501,平飞,无
233.6,A0100,-49655.25385640052,-880.2941708151629,5497.442576670321,214.31830462437017,179.01734859249422,-0.8023620246832277,1.9592104193955209,Short skate返航,南向返航
233.6,A0200,-43835.31259269208,317.28043045905724,5749.705657604309,168.8052181198915,180.4946233457468,10.81070396822327,-4.436419174166653,Short skate返航,南向返航
233.6,B0200,35313.40099278373,-1356.6008391097312,5340.15576532567,190.42256030627183,357.55935843507115,0.5202515763222143,5.026996775855742,平飞,无
233.8,A0100,-49698.07058719588,-880.2113101806026,5495.278199438864,214.28956956569024,179.15856445913582,3.0944125295104223,2.0548735079172764,Short skate返航,南向返航
233.8,A0200,-43869.05990183752,316.9297875864504,5750.654561011186,168.88822372839726,180.65988909218532,7.547337617345967,-2.522171500680971,Short skate返航,南向返航
233.8,B0200,35351.44555042971,-1358.0509596659886,5340.346281654796,190.193169791146,357.06612228224566,-2.8152652290779265,2.868293328801858,平飞,无
234.0,A0100,-49740.87897665613,-880.130677671812,5493.884830201019,214.0908434553177,179.5063673910337,6.166154276257119,1.0135666186177723,Short skate返航,南向返航
234.0,A0200,-43902.85092506903,316.5887266043792,5751.53176957436,169.15948833001892,180.85335289870545,4.112750736028154,1.155678796235328,Short skate返航,南向返航
234.0,B0200,35389.410030251645,-1359.5122257427993,5340.311104995126,189.7973069357689,357.05982572513835,-5.241221378823993,-0.7938613684232053,平飞,无
234.2,A0100,-49783.66426951482,-880.0686542021649,5493.250990584682,213.72020920290876,179.73635749503902,7.809076315612917,2.887974275290597,Short skate返航,南向返航
234.2,A0200,-43936.698261304286,316.2320788545512,5752.156220210998,169.3675058010042,180.72169433870985,0.6938654612457296,4.430569003632907,Short skate返航,南向返航
234.2,B0200,35427.33028055076,-1360.987000422694,5339.6801281950775,189.8625873094741,357.2853195617336,-4.048714828098516,1.7744751174011002,平飞,无
234.4,A0100,-49826.38154571744,-880.0452170299941,5493.271783640081,213.55334742327,179.62663829267547,5.146727268546175,3.199507926382656,Short skate返航,南向返航
234.4,A0200,-43970.57848189547,315.85922194108934,5752.450307895642,169.4249607738281,180.2359289841341,-2.6085470466212617,3.825144098051482,Short skate返航,南向返航
234.4,B0200,35465.28139885013,-1362.4671476627243,5338.565404994257,190.0272726461743,357.4495041568045,-0.0133931501154429,1.9627131419920116,平飞,无
234.6,A0100,-49869.12139505621,-880.0309715346957,5493.420089851075,213.9246679961617,179.57962269611318,1.6369752205952317,5.056282890917346,Short skate返航,南向返航
234.6,A0200,-44004.44640564376,315.4919278546913,5752.382501365033,169.25980456797072,179.91726096433092,-5.608879948067542,-3.055791532925584,Short skate返航,南向返航
234.6,B0200,35503.246902653074,-1363.9437478021482,5337.679349370967,190.09457175461955,357.74216392554587,4.933462744482227,0.0166295826888718,平飞,无
234.8,A0100,-49911.93325604227,-880.0166891050067,5493.209386626626,214.08660902284967,179.13752740054588,-1.7679219037437937,4.873427481161053,Short skate返航,南向返航
234.8,A0200,-44038.26227848791,315.1440548750652,5751.8133014390205,168.96400713583688,180.1953971526125,-7.775487232825471,-10.236846389632916,Short skate返航,南向返航
234.8,B0200,35541.24591659816,-1365.4120926901287,5337.154795161769,190.1157118209244,358.0174006044284,8.978413309240413,3.180442178170653,平飞,无
235.0,A0100,-49954.724320614696,-879.9815762059225,5492.649615138795,213.84588697871743,178.77772423736843,-4.245197808228158,-2.02730516503524,Short skate返航,南向返航
235.0,A0200,-44072.00944564615,314.78142238377404,5750.5848405950055,168.86390538005233,180.30365362794748,-6.587168111628997,-10.047621269515371,Short skate返航,南向返航
235.0,B0200,35579.20014578213,-1366.8331021670492,5337.1146277517855,189.6818853066872,357.9896698181457,8.215996426745711,3.4441723333363488,平飞,无
235.2,A0100,-49997.47416211499,-879.9040746718892,5491.592797529091,213.92035467719717,179.00391202821743,-3.294956662209849,-4.449805360217626,Short skate返航,南向返航
235.2,A0200,-44105.7727953129,314.4055527910496,5748.805706551695,169.29753990962598,179.9000816216526,-2.188668811094484,-4.981952104900271,Short skate返航,南向返航
235.2,B0200,35617.099078978354,-1368.214380683161,5337.563808043764,189.74193721539748,357.947114794344,4.657848792941678,-0.081459373696982,平飞,无
235.4,A0100,-50040.27686063569,-879.821920518807,5489.944893426309,214.41507637533851,179.12443218108925,-0.4268823007063875,0.3027302647119844,Short skate返航,南向返航
235.4,A0200,-44139.617763523725,314.05713603390905,5746.840510286012,169.71399350136312,179.61312725481662,3.5517507392525265,1.3702147274925407,Short skate返航,南向返航
235.4,B0200,35655.068641489954,-1369.5975015942931,5337.860218103935,190.251869446402,358.11881715320857,1.150007941945617,0.6093116471096877,平飞,无
235.6,A0100,-50083.14988890404,-879.7287889792606,5488.277743478822,214.51291435386185,179.0581911157879,3.4235171220927043,1.5833538718093538,Short skate返航,南向返航
235.6,A0200,-44173.52935355133,313.7206452189166,5745.133638595627,169.7641586375811,179.8122251708249,8.477643883991004,3.96939735750052,Short skate返航,南向返航
235.6,B0200,35693.13095458796,-1370.967977637245,5337.649331848628,190.54119883721785,357.940271131708,-2.235969883906697,0.5461023078673994,平飞,无
235.8,A0100,-50126.02207587432,-879.6218962521634,5487.28062395949,214.37593213006096,179.09668016825486,6.579690008227231,-1.223217483071667,Short skate返航,南向返航
235.8,A0200,-44207.42387564492,313.3550112416269,5744.122382112635,169.28044820330524,180.09166015086737,11.94417036572128,-1.2529648668564963,Short skate返航,南向返航
235.8,B0200,35731.215750373834,-1372.3424950890148,5336.950282784728,190.70404276571796,357.9519316245367,-5.373151611925335,-1.5432661292496908,平飞,无
236.0,A0100,-50168.89097280292,-879.4813839513372,5486.908876241825,214.3187107034846,179.2831307609767,8.281345064383926,0.0218663670112147,Short skate返航,南向返航
236.0,A0200,-44241.20276782467,313.02040197351016,5744.0484184408215,168.54306628208158,180.155274587474,13.83553592156244,-6.177354417431159,Short skate返航,南向返航
236.0,B0200,35769.34260976193,-1373.709114317537,5335.2786760319705,191.14405265780212,358.1030635392818,-7.517519700184281,2.1312895780402408,平飞,无
236.2,A0100,-50211.73636174789,-879.339220884438,5486.983935996654,214.1570162481752,179.28100501527413,5.667880724098604,2.370072878567071,Short skate返航,南向返航
236.2,A0200,-44274.85045734835,312.76505126487245,5744.669657913155,168.07553978830836,180.2398756366408,12.479620609439744,-5.598352891171411,Short skate返航,南向返航
236.2,B0200,35807.47444280844,-1375.0706768396867,5332.763173880236,191.2244608379694,358.1014497669537,-5.825706905288692,3.7999692096035047,平飞,无
236.4,A0100,-50254.57186027158,-879.2012756886543,5487.342640153529,214.24723227622923,179.2108690151365,2.1329549738198064,2.6030343436377783,Short skate返航,南向返航
236.4,A0200,-44308.43153999175,312.566979232055,5745.706843315802,167.9437665820059,180.31753923372065,9.38209175144517,-4.61679468958881,Short skate返航,南向返航
236.4,B0200,35845.58910469288,-1376.410101713425,5330.233119715276,190.90194037903888,358.1058926621292,-1.0012450422480343,-3.1141858619195792,平飞,无
236.6,A0100,-50297.45791373077,-879.0511528740244,5487.440157286092,214.6639136718648,179.1865609464724,-1.3304639392879196,4.750774329885815,Short skate返航,南向返航
236.6,A0200,-44342.01323863028,312.4037054244618,5746.862607197349,168.13343320309872,180.48897172352244,5.927396319005893,-2.799773044381737,Short skate返航,南向返航
236.6,B0200,35883.64982386629,-1377.8033438175753,5328.504709957275,190.42098612062185,357.7591595898504,4.730873613872558,-8.527093231478089,平飞,无
236.8,A0100,-50340.402346038245,-878.8760620376343,5486.874120467626,214.7033287411333,178.71517341544572,-4.495681546986469,5.03785619270064,Short skate返航,南向返航
236.8,A0200,-44375.65610239368,312.244611953367,5747.805329439971,168.4365760018684,180.6840737569643,2.4876545109325416,0.8138704499046662,Short skate返航,南向返航
236.8,B0200,35921.66521990512,-1379.325337172435,5327.605979109127,190.1944415021052,357.2410719466891,9.109585006941463,-4.0759084678267365,平飞,无
237.0,A0100,-50383.289006254,-878.6613928837396,5485.754701849692,214.2987214516938,178.36981994873614,-6.660838063005021,-0.4959347699403858,Short skate返航,南向返航
237.0,A0200,-44409.36295050635,312.07048497690266,5748.373571697621,168.64853110311384,180.5445461656942,-0.8943868458878403,4.0808241961387575,Short skate返航,南向返航
237.0,B0200,35959.630630101645,-1380.9144866649913,5327.424550338974,189.65743839041195,357.03545520678193,11.221844445276464,0.7843369665014395,平飞,无
237.2,A0100,-50426.0863415588,-878.3989683772925,5484.028711721981,214.21529283473217,178.5934229184386,-4.733476836058216,-2.490994511449599,Short skate返航,南向返航
237.2,A0200,-44443.09876398763,311.88376455042817,5748.509239861756,168.67907500949968,180.0515588987964,-4.040664516777923,3.532692509501041,Short skate返航,南向返航
237.2,B0200,35997.46921038046,-1382.506461649642,5328.013327173485,189.22388206419976,356.9889547917977,8.966959655626422,1.5406953579550915,平飞,无
237.4,A0100,-50468.9075245158,-878.1200120287758,5481.777186021704,214.57267731633831,178.74521958109634,-0.7351550507838932,1.7303930429083,Short skate返航,南向返航
237.4,A0200,-44476.81453480163,311.7045257001992,5748.20139371283,168.46607243504874,179.72153618470642,-6.86099135148118,-3.299285976148759,Short skate返航,南向返航
237.4,B0200,36035.28391767894,-1384.101274046243,5328.897424407274,189.47203513045463,357.0665398204766,5.453690772555109,2.8010346327855444,平飞,无
237.6,A0100,-50511.77536940475,-877.8294372138917,5479.643370622885,214.53918944523667,178.8685308708652,3.1582225592084665,1.8171048446625948,Short skate返航,南向返航
237.6,A0200,-44510.459726833535,311.5391622297502,5747.317195281996,168.11272605288568,179.98238173633982,-8.85873865070979,-10.445469684963491,Short skate返航,南向返航
237.6,B0200,36073.16381624933,-1385.695987653722,5329.597362449189,189.65615973545383,356.98412897974873,1.982864515444384,4.929354127774054,平飞,无
237.8,A0100,-50554.63349507084,-877.5367256838654,5478.28528319137,214.3364990740911,179.20248631044873,6.2270866403997625,0.7791825514886819,Short skate返航,南向返航
237.8,A0200,-44544.020483238,311.34964166091595,5745.724598050228,168.00572018904077,180.05439250067548,-7.499616988660401,-10.370765841923031,Short skate返航,南向返航
237.8,B0200,36111.08562966735,-1387.3024736312946,5329.975637708174,189.9948860134499,356.8274814993138,-1.432383117465674,6.968013738882798,平飞,无
238.0,A0100,-50597.467216239645,-877.2584848343249,5477.6902009309415,213.96136040051115,179.42342291637866,7.866805764573227,2.662349745466934,Short skate返航,南向返航
238.0,A0200,-44577.593802294825,311.14204272353163,5743.556169609399,168.47152968781154,179.62384101831242,-3.0659748482980587,-5.386350160677471,Short skate返航,南向返航
238.0,B0200,36149.10409750755,-1388.9902688618222,5329.496915874261,190.7106084799109,356.72050672943124,-4.542897295488177,13.354602864496773,平飞,无
238.2,A0100,-50640.23165592146,-877.0154358070577,5477.752877615574,213.79135500481397,179.32188281857358,5.195697353290803,2.977695568029852,Short skate返航,南向返航
238.2,A0200,-44611.25155846916,310.9619661147772,5741.183210956737,168.92169088704495,179.29837274501517,2.6875110332423464,0.940327709844993,Short skate返航,南向返航
238.2,B0200,36187.253123597846,-1390.9052693546018,5327.698553420792,191.67331419338376,356.42968955926136,-6.668790903091264,26.39856537040688,平飞,无
238.4,A0100,-50683.01801441607,-876.7796871798746,5477.943827354222,214.1599024054549,179.28721900282116,1.6846161820109151,4.843834855950634,Short skate返航,南向返航
238.4,A0200,-44644.98237413356,310.7977100849603,5739.052362503011,168.97053739094235,179.43809187606195,7.66189025774009,3.589469614783829,Short skate返航,南向返航
238.4,B0200,36225.47403386916,-1393.090125452376,5324.8276267177625,192.1882442951268,357.4604162162295,-4.943086345315518,37.17523914269812,平飞,无
238.6,A0100,-50725.87607676434,-876.5436012869795,5477.775297413064,214.31746994131888,178.85503750032711,-1.7215002044139087,4.656496899461571,Short skate返航,南向返航
238.6,A0200,-44678.70574595853,310.6120344085248,5737.60623550598,168.51065159801212,179.67231331852776,11.252908053221583,-1.5543871839076453,Short skate返航,南向返航
238.6,B0200,36263.75743363792,-1395.137589057691,5321.709726428593,192.3605767937171,0.3949924638554297,-0.5580022268050139,36.00580974088538,平飞,无
238.8,A0100,-50768.71275877551,-876.2865888546112,5477.255838501747,214.07366934692175,178.5038806647786,-4.195787742132987,-2.264808538842656,Short skate返航,南向返航
238.8,A0200,-44712.33038408737,310.4653173848237,5737.0993404672445,167.79163686767126,179.71598150812574,13.344890333246973,-6.479415002306476,Short skate返航,南向返航
238.8,B0200,36302.07252877722,-1396.5147001785044,5319.147024866395,191.80283449936053,2.873506659173472,3.392931798239416,27.54355770297979,平飞,无
239.0,A0100,-50811.50786798603,-875.9879684312837,5476.237089164995,214.1458513843181,178.72562138795928,-3.237487340527344,-4.676191221411608,Short skate返航,南向返航
239.0,A0200,-44745.83280233999,310.4044355990227,5737.3024275178,167.3136939833244,179.79591516025042,12.16808606259904,-5.922480843467938,Short skate返航,南向返航
239.0,B0200,36340.327737474654,-1397.12293698537,5317.596416505163,191.13171317865024,4.364444979588069,6.797404705698486,18.20503846065715,平飞,无
239.2,A0100,-50854.35131936878,-875.6854963689693,5474.627673922532,214.56912770404128,178.83285480781382,-0.363627582377157,0.0945399657533671,Short skate返航,南向返航
239.2,A0200,-44779.27980026139,310.4055884571753,5737.911211924033,167.28452775808188,179.9390309323388,9.148511477639262,-3.748809575800441,Short skate返航,南向返航
239.2,B0200,36378.467106379954,-1397.1732933367985,5317.151934142348,190.25951517974613,4.846775760367493,9.214831417452013,10.771731924250416,平飞,无
239.4,A0100,-50897.247540245306,-875.3707915376363,5473.00178262806,214.60831949443144,178.75087802880745,3.4921766646784924,1.3709597283705182,Short skate返航,南向返航
239.4,A0200,-44812.74833663402,310.43017923177104,5738.592276960382,167.4968061084131,180.10226561508767,5.723279236690294,0.0679971875463311,Short skate返航,南向返航
239.4,B0200,36416.40582531913,-1396.8588645227885,5317.830210581915,189.26834280396636,4.007560902532211,7.469273443199526,3.0607123948855577,平飞,无
239.6,A0100,-50940.13822065682,-875.0387405690708,5472.049333773142,214.46697702746192,178.77665013713758,6.647215992411849,-1.4386375259438966,Short skate返航,南向返航
239.6,A0200,-44846.272383822106,310.4517031087489,5739.11747939367,167.79404534447804,180.16241689702375,2.2714925683081386,4.44536217023277,Short skate返航,南向返航
239.6,B0200,36454.18531998564,-1396.4120065443913,5319.277692349637,188.95759247355943,3.2358062645665537,3.951160762869557,-1.40160254855069,平飞,无
239.8,A0100,-50983.02399873305,-874.669559363294,5471.724787446259,214.40621043179004,178.95545103013953,8.346921108634998,-0.1853805980830607,Short skate返航,南向返航
239.8,A0200,-44879.85960429835,310.4562614685601,5739.313621427495,168.0522929373981,179.80663157886048,-1.1113324658284511,6.408191983535671,Short skate返航,南向返航
239.8,B0200,36491.9734767264,-1395.922921254718,5320.654935941591,189.28760156844305,2.7678758365315583,0.44554120756768,1.305353784688313,平飞,无
240.0,A0100,-51025.88507123043,-874.2961105831382,5471.848785299731,214.2416524278107,178.96095163652674,5.728471792337286,2.1691071358617227,Short skate返航,南向返航
240.0,A0200,-44913.47229868634,310.45482866840393,5739.1548413930905,168.032030296436,179.3314120462241,-4.3046461443963695,1.9256480304847503,Short skate返航,南向返航
240.0,B0200,36529.85306008321,-1395.4024484846614,5321.361081061961,189.5906079591435,2.30040174862472,-2.7431621184460955,5.697885763538433,平飞,无
240.2,A0100,-51068.73541152283,-873.9247782319435,5472.256795015313,214.3293565973481,178.9020187195652,2.19244539440941,2.403307007340185,Short skate返航,南向返航
240.2,A0200,-44947.05824551859,310.4697238152403,5738.589778368663,167.87353178440588,179.34870847620525,-6.754794538639183,-3.1486301852566103,Short skate返航,南向返航
240.2,B0200,36567.77199216562,-1394.867648987234,5321.306597200757,189.53147547765715,1.6109329935823071,-4.9599614314405285,6.871928756629527,平飞,无
240.4,A0100,-51111.63605097598,-873.5407095916817,5472.402754635721,214.7433729520893,178.88852201029005,-1.2707438032147929,4.555496160580657,Short skate返航,南向返航
240.4,A0200,-44980.60063060379,310.49386818954736,5737.450033625812,167.82513357022864,179.53016743592994,-5.993214440128347,-1.6569903351128108,Short skate返航,南向返航
240.4,B0200,36605.60008375256,-1394.2982894128309,5320.9563471088895,188.74558330760155,1.132856548812604,-3.2667666163100573,-0.4007012471069166,平飞,无
240.6,A0100,-51154.59504099312,-873.1324117460172,5471.88398965522,214.77914476814303,178.42644498975991,-4.4359724083745045,4.837167733381569,Short skate返航,南向返航
240.6,A0200,-45014.1617361813,310.52104432158376,5735.7930585577615,168.23413924983117,179.670117513083,-1.785607634574618,3.8510497413871447,Short skate返航,南向返航
240.6,B0200,36643.28837591291,-1393.740642289942,5320.887203113734,188.30839880027276,0.8887457323569893,1.622433657189955,-7.228346518184453,平飞,无
240.8,A0100,-51197.49593703778,-872.6854873849443,5470.810409982252,214.3712634711215,178.08804979293225,-6.599930604164003,-0.7077025128443084,Short skate返航,南向返航
240.8,A0200,-45047.799999970266,310.5372929031364,5733.992076486205,168.5736497982549,180.06585162530965,3.745449979501061,6.771250570361545,Short skate返航,南向返航
240.8,B0200,36680.94430270669,-1393.238678324955,5321.08787654295,188.37206156151436,0.6108522693016606,5.221096916544092,-5.3049928417646095,平飞,无
241.0,A0100,-51240.30728043941,-872.192238092739,5469.128724817823,214.28581513156396,178.3036298487973,-4.665891872304388,-2.699210789010221,Short skate返航,南向返航
241.0,A0200,-45081.47839544174,310.488232899952,5732.575659377904,168.42899248448975,180.43416356330732,8.045882184849784,2.278301707456502,Short skate返航,南向返航
241.0,B0200,36718.63390244015,-1392.772089661048,5321.383518663151,188.526912970318,0.5301576722338485,6.096977886762183,-1.1392113204944088,平飞,无
241.2,A0100,-51283.15248069843,-871.683883396403,5466.868991220876,214.76486004013964,178.47688630563772,-0.6551019403678449,2.193627022648749,Short skate返航,南向返航
241.2,A0200,-45115.11289460794,310.40011953538124,5731.891901527699,167.9941283214082,180.63574595182183,10.893307445335273,-2.177303594424448,Short skate返航,南向返航
241.2,B0200,36756.3580946326,-1392.316705507692,5321.661571229379,188.7793802547941,0.6330069541646592,3.5584082886664903,3.351859775804719,平飞,无
241.4,A0100,-51326.06122727441,-871.1683178796811,5464.65086292351,214.8179262127828,178.64998662351488,3.2259353083883258,3.252754938525184,Short skate返航,南向返航
241.4,A0200,-45148.67569966446,310.31741196672374,5731.818846699198,167.65582256091932,180.66591246188912,10.821326742200435,-1.5943587897118432,Short skate返航,南向返航
241.4,B0200,36794.13071643272,-1391.8406456046123,5321.772724145185,188.9163444482482,0.3319752717346375,0.2464057970151636,4.423153321665222,平飞,无
241.6,A0100,-51368.932244758216,-870.6690433912117,5463.306994293904,214.02076710131848,178.68814944349725,5.523526613150647,-4.7518014629016765,Short skate返航,南向返航
241.6,A0200,-45182.191367646345,310.23578417845056,5732.137171388051,167.55924279439012,180.55806904100004,8.160558224579223,-0.6786475026750057,Short skate返航,南向返航
241.6,B0200,36831.87976542093,-1391.346542902731,5321.840827094891,188.49277459241256,359.90561324231106,-3.1176562135737407,-2.606326272634806,平飞,无
241.8,A0100,-51411.63582319631,-870.0372873164561,5463.162736319242,213.18091403010396,178.95250336170665,5.244594670152812,-11.56542035627752,Short skate返航,南向返航
241.8,A0200,-45215.71717146331,310.15509998816924,5732.574218071166,167.7864671238051,180.5262071210918,4.811958030665404,1.072758355011514,Short skate返航,南向返航
241.8,B0200,36869.50902512846,-1390.9019892380256,5321.854690840999,187.859682818292,0.2269722951910152,-5.534809500978643,-9.9053065571354,平飞,无
242.0,A0100,-51454.2435490878,-869.277168150471,5463.499973980255,213.04245424784773,179.6383840339684,2.163709210422424,-10.669193690783535,Short skate返航,南向返航
242.0,A0200,-45249.30736644392,310.06755424351286,5732.80388039305,168.13014458400394,180.50824561032277,1.3932103973950916,4.645203164225727,Short skate返航,南向返航
242.0,B0200,36907.05889311327,-1390.4680565828603,5321.363128400675,187.85376902644737,0.528036831860218,-4.93944587548565,-7.872403576259029,平飞,无
242.2,A0100,-51496.86588778039,-868.5140846151044,5463.60983381527,213.3120946428158,180.28519415792823,-1.1994309766841436,-8.423141425957514,Short skate返航,南向返航
242.2,A0200,-45282.96514912511,309.96321583202734,5732.665175847218,168.4180480080606,180.11490880620835,-1.9668371967202407,6.249052628080191,Short skate返航,南向返航
242.2,B0200,36944.64099088962,-1389.9999686377942,5320.191747582425,188.1816552140988,0.4339509872683017,-3.087246039644607,-2.19869078531515,平飞,无
242.4,A0100,-51539.54052294974,-867.8366699918297,5462.993062530459,213.51401177610052,180.6067544470875,-4.356245822128928,-3.7829938393081326,Short skate返航,南向返航
242.4,A0200,-45316.64971810277,309.8540420252866,5732.140703752757,168.42289858483142,179.62753944753985,-5.122603254869689,1.469671848766366,Short skate返航,南向返航
242.4,B0200,36982.27854007081,-1389.5379869868975,5318.630100470629,188.54083789648,0.3637624352542065,-0.2839589275262124,2.657481439271866,平飞,无
242.6,A0100,-51582.2241307857,-867.2340988163996,5461.48712889283,213.62630998054576,180.52135747336737,-6.515252993192064,1.197861690736293,Short skate返航,南向返航
242.6,A0200,-45350.30588976776,309.7608941520157,5731.191453967856,168.26999976169645,179.64978797865552,-7.532019293687412,-3.8681619127327367,Short skate返航,南向返航
242.6,B0200,37019.97165536706,-1389.0688681565516,5317.107392316164,188.6207453709468,0.5304416748688565,3.821991847022365,3.19298366355335,平飞,无
242.8,A0100,-51624.87872695386,-866.6774476394676,5459.270475548503,213.48375190064613,180.15357921093803,-4.509005443859081,1.5468445645945788,Short skate返航,南向返航
242.8,A0200,-45383.91258944931,309.673907732471,5729.655804868669,168.23486862737448,179.80914913971273,-6.704151889445586,-2.5199143071466485,Short skate返航,南向返航
242.8,B0200,37057.65932670362,-1388.565920863779,5316.1903666147045,188.4238505119502,0.7396947216712535,6.712400405826091,-0.5674992409259935,平飞,无
243.0,A0100,-51667.51499102631,-866.1437096746849,5457.028388200797,213.6100598667807,180.18663207314228,-0.189111829966375,0.3492383311151915,Short skate返航,南向返航
243.0,A0200,-45417.53608325875,309.58747519142344,5727.598606467403,168.66882656984222,179.88008242264817,-2.452226555039449,2.949830619333032,Short skate返航,南向返航
243.0,B0200,37095.32940802571,-1388.0637339700515,5315.765689773103,188.4226939792821,0.9203642841737808,6.660346347414551,-1.025681845602148,平飞,无
243.2,A0100,-51710.22436052511,-865.6449027151975,5454.931488322785,213.9803428480913,180.40381870769127,3.652520029177089,4.252056130790324,Short skate返航,南向返航
243.2,A0200,-45451.2397523798,309.4931895383816,5725.398188483539,169.02898533784935,180.1846198180675,3.0980059807122124,5.843713511886283,Short skate返航,南向返航
243.2,B0200,37133.03722215536,-1387.5569036164943,5315.39959551342,188.72585945839188,1.0550184079029707,3.7849898981726415,2.616373408673528,平飞,无
243.4,A0100,-51752.973704316544,-865.2349568190693,5453.348550019364,213.69096011782196,180.4381516019856,5.743918950156157,4.385408869004146,Short skate返航,南向返航
243.4,A0200,-45484.99196855688,309.34545538013845,5723.587689548571,168.90199868175847,180.48674184119196,7.394601213601869,1.2892638436652255,Short skate返航,南向返航
243.4,B0200,37170.79842983012,-1387.0187769990353,5314.950362015992,188.88859335111005,0.7563933541380079,0.395460615199181,3.6151559186620426,平飞,无
243.6,A0100,-51795.66983555733,-864.9124914430795,5452.58190997097,213.4683535414192,180.41839566603468,5.51802499633198,0.3553805112346958,Short skate返航,南向返航
243.6,A0200,-45518.71248489578,309.1772552812617,5722.516534664535,168.48545625753977,180.66196816486425,10.235354187550744,-3.1959017098933344,Short skate返航,南向返航
243.6,B0200,37208.56624764321,-1386.459537204419,5314.446435505519,188.8782821209411,0.383100733897085,-3.0432311295735257,-1.566692164801989,平飞,无
243.8,A0100,-51838.384229918185,-864.6259063952275,5452.218913963301,213.7025756828868,180.5322523674809,5.471979589186979,1.8294274837806797,Short skate返航,南向返航
243.8,A0200,-45552.37239591152,309.0328467536092,5722.060599397915,168.16831189042878,180.7804855956297,10.153391420235984,-2.6160092140160587,Short skate返航,南向返航
243.8,B0200,37246.33061858515,-1385.9175980290547,5313.531922014998,188.96931257933596,0.596962649784566,-5.5570593933951695,-4.429740134905996,平飞,无
244.0,A0100,-51881.13218801551,-864.3924184612806,5452.005106488086,213.749749717694,180.24940430596823,2.6823653430028696,4.581916646051294,Short skate返航,南向返航
244.0,A0200,-45585.99389825008,308.90153665017715,5721.998633169591,168.09152444191236,180.86237832085564,7.482695303918931,-1.6205477686226222,Short skate返航,南向返航
244.0,B0200,37284.12057123873,-1385.3563965996782,5311.79673432179,189.44512061859896,0.7535290885907712,-4.183014961720716,-0.4815961370059633,平飞,无
244.2,A0100,-51923.86823302242,-864.2126096397187,5451.916139783585,213.5149458922932,179.62459324119865,-0.7557855152254807,1.4486438277873672,Short skate返航,南向返航
244.2,A0200,-45619.630577117896,308.7702948955812,5722.0584692276825,168.33454846535545,180.9390183124328,4.129906636841353,0.4486969047648739,Short skate返航,南向返航
244.2,B0200,37321.98685665946,-1384.7839394836735,5309.539499153738,189.88035001613136,0.8166993896769924,0.083636550785686,5.348038948710079,平飞,无
244.4,A0100,-51966.52166846454,-864.0292543033102,5451.836567887771,213.08044631945845,179.58348412281472,-3.404486595865348,-2.9498801435223183,Short skate返航,南向返航
244.4,A0200,-45653.33135043123,308.62104542494853,5721.917999310639,168.6841658741825,180.8210606221704,0.711773059357747,4.511394852193808,Short skate返航,南向返航
244.4,B0200,37359.91587901971,-1384.17023757861,5307.4748527671145,189.89371741206665,1.1508293712551916,4.237775788548743,6.052527541035174,平飞,无
244.6,A0100,-52009.14173497459,-863.8433195367143,5451.283413591653,213.2672580821584,179.65970867101035,-2.5543455496494114,0.3923164851780378,Short skate返航,南向返航
244.6,A0200,-45687.09666682836,308.451066270256,5721.418543813381,168.9748319866562,180.2869969293204,-2.6433106342045645,6.373155824818598,Short skate返航,南向返航
244.6,B0200,37397.80005534336,-1383.4527934755934,5306.307183222798,189.10860587045283,1.3725313130183705,6.750935558046879,-0.6232114307513746,平飞,无
244.8,A0100,-52051.79774395192,-863.6636633483431,5450.318522128771,213.30721488810067,179.49229901709444,0.247384100508841,0.7066004664707318,Short skate返航,南向返航
244.8,A0200,-45720.88171870016,308.276302939601,5720.555263272563,168.92318345089686,179.78477604641162,-5.356604608073564,1.5727938376223498,Short skate返航,南向返航
244.8,B0200,37435.53170023879,-1382.741454840485,5306.266215482179,188.38911524550184,1.5210679384169836,6.4277610878098095,-6.140103328639508,平飞,无
245.0,A0100,-52094.44472842383,-863.475893265444,5449.642097283384,213.30975341137048,179.5188685857618,4.126688475823639,-0.0647025989353464,Short skate返航,南向返航
245.0,A0200,-45754.61868087137,308.1195614332355,5719.405940058139,168.68720454821232,179.85054048756552,-4.951071601420773,-3.9117706801233343,Short skate返航,南向返航
245.0,B0200,37473.197273604965,-1382.0824622753207,5306.6661764238015,188.46647305567572,1.8521991609275077,3.453398703370566,-3.6014029392597564,平飞,无
245.2,A0100,-52137.10200263832,-863.2912972182312,5449.406647659489,213.16307669785004,179.505685989143,6.598721124773207,1.8953062209338365,Short skate返航,南向返航
245.2,A0200,-45788.3391881703,307.9802122414985,5718.005121789058,168.8853217243391,179.90477784171577,-0.8950520803119681,-2.393700187093159,Short skate返航,南向返航
245.2,B0200,37510.92037274321,-1381.4080420663522,5306.823880143611,188.8331738587466,1.9769890192434123,0.0753836842035842,1.0652518513460798,平飞,无
245.4,A0100,-52179.71748879807,-863.1203234731911,5449.652134853568,213.07627574308844,179.36646374965628,4.499247559471323,2.0950548996130807,Short skate返航,南向返航
245.4,A0200,-45822.11677358661,307.8513351417241,5716.560075453623,169.1723445336422,179.85803903801298,4.697313282352801,2.1969215379099563,Short skate返航,南向返航
245.4,B0200,37548.69973765216,-1380.700029251604,5306.536917072979,188.94702007560724,1.6087645628912686,-3.247666886477822,2.5761040417498267,平飞,无
245.6,A0100,-52222.363159575085,-862.9473352071218,5449.907983600249,213.46528354834183,179.28087398817908,1.0743567461505044,4.022460634837564,Short skate返航,南向返航
245.6,A0200,-45855.93050635254,307.7093284656439,5715.4571183063545,169.06118613422638,180.02070781826905,9.42498878749073,3.2510005603808483,Short skate返航,南向返航
245.6,B0200,37586.45516697566,-1379.9744480051922,5305.893183835504,188.7334876625516,1.1606481552792096,-5.704314941973762,-2.4088887717074,平飞,无
245.8,A0100,-52265.08146809284,-862.7633561470902,5449.728659717712,213.60342975493484,178.8842140004767,-2.3034800313684056,4.051606664019142,Short skate返航,南向返航
245.8,A0200,-45889.69944833045,307.53616184406565,5715.019815848391,168.66105191066444,180.26117938097792,12.187016773512791,0.3174932813292967,Short skate返航,南向返航
245.8,B0200,37624.17446459578,-1379.2573729846736,5304.741371299466,188.8408674700666,1.1536273741362872,-5.08685632638659,-5.265155746555303,平飞,无
246.0,A0100,-52307.76471799274,-862.5544876789754,5449.173823571011,213.25424742243493,178.62809052445783,-4.718226136077807,-1.518908494169373,Short skate返航,南向返航
246.0,A0200,-45923.389393317935,307.3532361411453,5715.130009909628,168.3049448711394,180.37766360037944,11.25540402648674,-0.78696480535536,Short skate返航,南向返航
246.0,B0200,37661.94975853397,-1378.5145622038672,5302.868280113822,189.44491121872903,1.1379326228739015,-2.3873412069295883,-1.283999861209179,平飞,无
246.2,A0100,-52350.37555941871,-862.3059173463662,5448.157184258998,213.15895852977184,178.81222321157256,-2.8391652322893104,-3.57363752417048,Short skate返航,南向返航
246.2,A0200,-45957.03667582611,307.1710029498463,5715.603891036839,168.2443399498334,180.3666391178006,8.276123022365947,-0.9349548235507256,Short skate返航,南向返航
246.2,B0200,37699.8094651501,-1377.7609370274986,5300.71299197977,189.779730007766,1.1242593566927743,3.1882494734423057,4.430887317291623,平飞,无
246.4,A0100,-52393.02485575592,-862.0428457798116,5446.730558991727,213.56376666189925,178.85700925688425,1.2525599374335084,0.5013002002829734,Short skate返航,南向返航
246.4,A0200,-45990.69954652468,306.99566510148,5716.16853978654,168.4905828232452,180.43142183224572,4.85633299357263,0.3052623679665956,Short skate返航,南向返航
246.4,B0200,37737.70563947708,-1376.960052725657,5299.035741270611,189.4988574333917,1.409343990103104,7.619124569024556,4.800355376207583,平飞,无
246.6,A0100,-52435.7285409174,-861.7660381620626,5445.506152841932,213.5223101844653,178.78421677814444,4.981249193693785,0.6680350199073836,Short skate返航,南向返航
246.6,A0200,-46024.42955905096,306.8183873722337,5716.505356028156,168.83579402546664,180.5048241127581,1.424048451948431,3.66726091134733,Short skate返航,南向返航
246.6,B0200,37775.50863233642,-1376.0773452988087,5298.413292589252,188.7232076573968,1.5367882123639156,9.13371157600593,-2.249720697344847,平飞,无
246.8,A0100,-52478.390223630646,-861.4655067343992,5445.080273425032,213.1791503648342,178.80904094705429,6.967836579804295,-2.369037729766344,Short skate返航,南向返航
246.8,A0200,-46058.22788486316,306.627119898385,5716.459300928429,169.11744507636126,180.19301931641897,-1.9408358999959767,5.144053959042666,Short skate返航,南向返航
246.8,B0200,37813.188105865134,-1375.2263111596458,5298.748802418309,188.2928213447644,1.6822264005838434,8.468653216615934,-6.121652608125726,平飞,无
247.0,A0100,-52521.036007647126,-861.1253145753944,5445.031247797844,213.4126154633227,179.11599007626015,4.454405579673714,-1.0925948557623215,Short skate返航,南向返航
247.0,A0200,-46092.05216283082,306.4289718770342,5716.014022225885,169.11285669491895,179.66731670201196,-5.080580653699701,0.425182740754263,Short skate返航,南向返航
247.0,B0200,37850.85182188176,-1374.4099707609512,5299.348852498382,188.52590511195675,1.9680247372357675,5.491159052561386,-2.978708181908539,平飞,无
247.2,A0100,-52563.75451644506,-860.7762061526155,5444.86979999621,213.7883740302809,179.3380967760395,0.9927750916237312,3.3210282121962043,Short skate返航,南向返航
247.2,A0200,-46125.84648417357,306.2537050201354,5715.134731257571,168.94504172336016,179.70265555310465,-7.452741677711604,-5.01650204586877,Short skate返航,南向返航
247.2,B0200,37888.574336376245,-1373.580190394583,5299.811577835671,188.8257276558946,2.0621274963562786,2.0812959049401285,1.902938418681791,平飞,无
247.4,A0100,-52606.52133692957,-860.4409195048975,5444.428776048939,213.77908181445449,179.01918563930974,-1.6314363225129913,4.157228787252773,Short skate返航,南向返航
247.4,A0200,-46159.58987645828,306.08685178959786,5713.664805646627,168.90107341098897,179.93599345451207,-6.558840108198773,-3.829173103486504,Short skate返航,南向返航
247.4,B0200,37926.34859239712,-1372.7167844357464,5299.978891954015,188.9385356522352,1.6746778152610526,-1.326189901197777,3.5027952954151216,平飞,无
247.6,A0100,-52649.23654689296,-860.1104303200809,5443.924899464386,213.4446725849596,178.82835177755035,-0.9258098892459128,-1.1930603406066167,Short skate返航,南向返航
247.6,A0200,-46193.3502706925,305.91727419498056,5711.675582035139,169.3304305626836,179.9419200476607,-2.251343589038344,1.6863602359776335,Short skate返航,南向返航
247.6,B0200,37964.10898645467,-1371.8327747011915,5299.887766118232,188.79501094831505,1.2083349027221302,-4.519946978724008,-1.3793673678994087,平飞,无
247.8,A0100,-52691.93080853004,-859.7489544989039,5443.474652748173,213.63691301816877,178.9394252563792,2.619718244274705,-3.073933447484558,Short skate返航,南向返航
247.8,A0200,-46227.19016306393,305.745530000866,5709.55159488557,169.67918942397162,180.13723883383597,3.313942418654133,4.587350754409794,Short skate返航,南向返航
247.8,B0200,38001.84553936598,-1370.9581439263238,5299.201133615285,188.78343171773943,1.3526115433642747,-6.7123519525417645,-4.254540275439473,平飞,无
248.0,A0100,-52734.66929762073,-859.3675640088659,5443.074885009712,213.66478171801597,178.95740565483538,3.6416387441947737,-1.0803216884364135,Short skate返航,南向返航
248.0,A0200,-46261.07529143326,305.5373498871122,5707.829384422221,169.5360337680952,180.3492962488792,7.588556683978671,-0.0344984381383148,Short skate返航,南向返航
248.0,B0200,38039.593286330346,-1370.052645414613,5297.544604361559,189.2492128842825,1.479506632241108,-5.24813591334498,-0.2929159955634218,平飞,无
248.2,A0100,-52777.41935105204,-858.9651487563242,5442.713591315416,213.97861053347995,179.02607873963856,0.5870957229575802,1.2750175275383429,Short skate返航,南向返航
248.2,A0200,-46294.92533216047,305.33389284603254,5706.862052657165,169.12659739381627,180.42875690458703,10.5654816020949,-4.53643661471948,Short skate返航,南向返航
248.2,B0200,38077.40841664775,-1369.1265449964649,5295.254176576218,189.6186903929387,1.3664859218403584,-1.0732267260051005,2.3071277064376066,平飞,无
248.4,A0100,-52820.22953399088,-858.5564724963879,5441.99938908096,214.10229501825597,178.90569928534157,-2.037158880055124,3.9022087879430094,Short skate返航,南向返航
248.4,A0200,-46328.71095873222,305.182085538836,5706.573039086961,168.7264299533745,180.4367520353345,11.623364833607,-3.945068964551508,Short skate返航,南向返航
248.4,B0200,38115.257244969325,-1368.1905361302888,5293.228123047686,189.4995299490631,1.3387964825219545,3.2922166190958917,-1.928902029359962,平飞,无
248.6,A0100,-52863.01440130724,-858.1506406900735,5441.1172150793645,213.7872106869031,178.7749181397916,-1.2973785409787202,1.7287891541050988,Short skate返航,南向返航
248.6,A0200,-46362.42683112124,305.0696433915764,5706.784873750914,168.4961772691289,180.53299582496555,9.610755496248474,-2.922196815205344,Short skate返航,南向返航
248.6,B0200,38153.10834892357,-1367.2849850245984,5291.858042910446,189.42672403752064,1.3610902871480788,6.583888057970028,-3.773790538515018,平飞,无
248.8,A0100,-52905.76230713229,-857.7404930679913,5440.392768248337,213.87377310235095,178.93865529413085,2.4626810067297047,0.5728548579968555,Short skate返航,南向返航
248.8,A0200,-46396.1295330453,304.975699667466,5707.237192489567,168.62852706855526,180.68270474126737,6.374068146124761,-0.8214180705004407,Short skate返航,南向返航
248.8,B0200,38190.95741453471,-1366.412723172025,5291.033389504551,189.1397090581329,1.2590244425619532,8.15434645829841,-1.8075421420701852,平飞,无
249.0,A0100,-52948.56493085544,-857.3310318596632,5439.8503405033225,214.15186864889512,179.14486298557196,6.12967254186565,4.515840883785691,Short skate返航,南向返航
249.0,A0200,-46429.88260069694,304.8742745121999,5707.598527978242,168.9284872619786,180.7450090099173,2.948562695687277,3.12888828744199,Short skate返航,南向返航
249.0,B0200,38228.76075325219,-1365.5666818875525,5290.706685814343,189.14823090330165,1.305226169874573,5.844991792160438,0.4653814522584475,平飞,无
249.2,A0100,-52991.37151936572,-856.9748023375432,5439.840725794678,213.82131496591305,179.28415793665908,8.084413668596154,7.025869084288679,Short skate返航,南向返航
249.2,A0200,-46463.69689069039,304.74762776102216,5707.692197078584,169.19374058480057,180.41035880054065,-0.4529229510952744,4.964200712642212,Short skate返航,南向返航
249.2,B0200,38266.61364460922,-1364.7171766197662,5290.383878051536,189.49809865999185,1.3661972853375035,2.4621479486864706,4.571213203133006,平飞,无
249.4,A0100,-53034.10794682382,-856.6976280776398,5440.408285963884,213.6905100092617,178.97516070920332,5.471396768019387,7.007199942017871,Short skate返航,南向返航
249.4,A0200,-46497.53989082083,304.6024113675048,5707.484824404906,169.19550757131933,179.8496593839054,-3.733733975980909,0.5629640150360817,Short skate返航,南向返航
249.4,B0200,38304.523526326506,-1363.8396221085711,5289.867321390779,189.65925399222965,0.9797508458525584,-0.9622794966053784,5.609296940725944,平飞,无
249.6,A0100,-53076.85274293533,-856.4448669435806,5441.100808036608,213.8399271762839,178.7324262984239,1.94603745125648,6.632625304137896,Short skate返航,南向返航
249.6,A0200,-46531.360055085286,304.4743291030827,5706.914712660677,169.06616933806234,179.83519071398382,-6.264176027329206,-4.547749783632433,Short skate返航,南向返航
249.6,B0200,38342.40104631904,-1362.9373761029965,5289.298589593816,189.12562120448533,0.488727682101515,-3.760997727886821,-1.4947375474247475,平飞,无
249.8,A0100,-53119.61494528303,-856.1902389748939,5441.590927832436,213.68886135012784,178.3306708930822,-1.482581030418032,2.7661486365835004,Short skate返航,南向返航
249.8,A0200,-46565.14541993334,304.3552164325083,5705.810513433231,169.03469352193497,180.04036240289187,-5.587236309401588,-3.091904444161292,Short skate返航,南向返航
249.8,B0200,38380.14531856261,-1362.0844390307211,5288.827322040699,188.57498651090316,0.5680108752446359,-3.469971209621947,-8.692170163675215,平飞,无
250.0,A0100,-53162.31332728513,-855.9009285941029,5441.787881512282,213.408784046648,178.42969077761558,-4.600719983109485,-1.6837640583568456,Short skate返航,南向返航
250.0,A0200,-46598.95039339383,304.2328208588551,5704.215245409914,169.4318064221704,180.05857488892747,-1.3578892824368567,2.524560723292129,Short skate返航,南向返航
250.0,B0200,38417.85106512604,-1361.2766889328068,5288.153346115852,188.7463756755982,0.6882807224150979,-1.6562376010095432,-6.3780796184548905,平飞,无
250.2,A0100,-53204.99267992394,-855.5900496636168,5441.08722495017,213.4261181300924,178.70422205804934,-6.582858061267954,2.079460040627994,Short skate返航,南向返航
250.2,A0200,-46632.83100726712,304.1015328013309,5702.503275320125,169.7480091330919,180.3005841281286,4.152611526216561,5.476315092209877,Short skate返航,南向返航
250.2,B0200,38455.619490020064,-1360.478825092352,5287.1402611642825,189.1376093236152,0.5860385386700018,0.4670246110191872,-0.937504160431812,平飞,无
250.4,A0100,-53247.62653297719,-855.2596626568957,5439.531219635588,213.2016646163661,178.72273725986358,-4.215392004228553,2.9698560381447643,Short skate返航,南向返航
250.4,A0200,-46666.74544164023,303.91901213168603,5701.203567312248,169.57107945521233,180.5549194100712,8.365962160669547,0.9226376078838432,Short skate返航,南向返航
250.4,B0200,38493.45853522308,-1359.6995408173025,5286.021371683313,189.50896534460827,0.6258813984786609,2.932915910524862,3.609550508600393,平飞,无
250.6,A0100,-53290.21508184617,-854.9135246360274,5437.930834696195,213.03446373886632,178.85442129503684,0.078947884976028,-2.439200659644773,Short skate返航,南向返航
250.6,A0200,-46700.60772870855,303.7210770446072,5700.659541054023,169.11069738501595,180.67811833950697,11.155810576936965,-3.4983538294309957,Short skate返航,南向返航
250.6,B0200,38531.34796619653,-1358.9015154053525,5285.141580531425,189.4272671300495,0.9351736081592564,6.538925894111391,3.59878847633446,平飞,无
250.8,A0100,-53332.79597165377,-854.530227816027,5436.640162396594,213.0657862966785,179.01010835658712,3.422293764503882,-4.000024240035385,Short skate返航,南向返航
250.8,A0200,-46734.3917700592,303.55275620748944,5700.740371513515,168.7570876572922,180.76394635934895,11.040851216181936,-2.8626860118943864,Short skate返航,南向返航
250.8,B0200,38569.184466478255,-1358.05832674072,5285.036724302197,189.09327985885636,1.2568200035242396,9.851354021045417,-0.3544107321178064,平飞,无
251.0,A0100,-53375.40131855354,-854.1180241751281,5435.603891296345,213.04147141602465,179.00740685785925,4.003321935238326,-1.8632382527989115,Short skate返航,南向返航
251.0,A0200,-46768.124363297466,303.401738233104,5701.21849522181,168.64810696041954,180.83864323338148,8.347461387947048,-1.864625614632996,Short skate返航,南向返航
251.0,B0200,38606.9799887288,-1357.209100207614,5285.455021087884,189.02409709110785,1.4543955956794876,9.645281414512633,0.3851810005812895,平飞,无
251.2,A0100,-53418.01937087784,-853.6760014343272,5434.74969189355,213.35637426459516,179.19082019540505,0.9434320573213116,0.3970703695153794,Short skate返航,南向返航
251.2,A0200,-46801.86397586434,303.2537600754731,5701.818294781682,168.86065393439824,180.91702099616447,4.986712034590021,0.1888429842576376,Short skate返航,南向返航
251.2,B0200,38644.765644013816,-1356.3440735002823,5286.116841435278,188.96278375938127,1.4771677218556565,6.578730285089778,2.6422401035763894,平飞,无
251.4,A0100,-53460.70417228744,-853.2359559395882,5433.622403956902,213.59166586347425,179.1216354754113,-2.4851237444450223,3.084578876063092,Short skate返航,南向返航
251.4,A0200,-46835.66505171777,303.09333059893106,5702.214129840775,169.18326925779317,180.90799801573337,1.5636121032222452,4.092278574577903,Short skate返航,南向返航
251.4,B0200,38682.540958942525,-1355.4526409072987,5286.949183050727,189.0120906758326,1.3652931899891916,3.076296071484093,3.280010251509621,平飞,无
251.6,A0100,-53503.37784722987,-852.7990257202364,5432.192564826455,213.29505818347383,178.76297818451206,-5.039470347661429,1.0135157289352557,Short skate返航,南向返航
251.6,A0200,-46869.53120233935,302.9108203350261,5702.242632598829,169.44746122789567,180.495194406429,-1.7966143979257343,5.898629100518149,Short skate返航,南向返航
251.6,B0200,38720.36471748261,-1354.5552843396326,5287.521650634035,189.46826892061216,1.2702718510782542,-0.3801255546291028,5.082760489536949,平飞,无
251.8,A0100,-53545.97522017828,-852.3419350668519,5430.49007596539,213.22794055248968,178.810819461064,-3.2783365665965523,-0.2915930748134641,Short skate返航,南向返航
251.8,A0200,-46903.4206103269,302.7148328293697,5701.884292321061,169.42453752410287,179.86799845749007,-4.930059127022806,1.417289694059723,Short skate返航,南向返航
251.8,B0200,38758.28270709161,-1353.6654832998538,5287.456330116389,189.7094318381165,0.842949016530301,-3.58172610854744,5.304545351256677,平飞,无
252.0,A0100,-53588.62188147377,-851.873107790776,5428.479377672313,213.707925452313,178.95843244434408,0.7639644323638205,3.681907075403385,Short skate返航,南向返航
252.0,A0200,-46937.27838865588,302.5349178131546,5701.094507937529,169.24484015731488,179.73874995768796,-7.300355178860447,-3.716988128878346,Short skate返航,南向返航
252.0,B0200,38796.17046205693,-1352.7839317464825,5286.967720676625,189.15489526986295,0.371973505693208,-5.896812616834493,-2.550020625623526,平飞,无
252.2,A0100,-53631.33566800115,-851.4230366823176,5426.687898524404,213.69117131387236,179.16263500137387,4.426444057240959,3.610405910999413,Short skate返航,南向返航
252.2,A0200,-46971.08430720472,302.3661370043519,5699.710629937312,169.19176078518183,179.8741403399439,-6.388822983918319,-2.3658684300107664,Short skate返航,南向返航
252.2,B0200,38833.91129082042,-1351.959735251723,5286.33704649175,188.5535215751014,0.4591234278329097,-5.1810603915632285,-10.496284131526512,平飞,无
252.4,A0100,-53674.02556480279,-851.0179680530637,5425.71153796999,213.42922042142283,179.4266838131756,6.58266285568674,0.5868528346134346,Short skate返航,南向返航
252.4,A0200,-47004.9074813258,302.200047836086,5697.806804111548,169.61721390186773,179.958406241765,-2.0593050962672264,3.1090748831310724,Short skate返航,南向返航
252.4,B0200,38871.59890246327,-1351.1742382405337,5285.387532780636,188.6028452801905,0.4713005047058727,-2.5801289297812704,-8.46837943361437,平飞,无
252.6,A0100,-53716.71195786267,-850.6295835941128,5425.278080523709,213.50363810112088,179.64385615238547,6.325205225584032,2.090988555664887,Short skate返航,南向返航
252.6,A0200,-47038.8096622818,302.0260938893007,5695.770128228776,169.95993011802676,180.28638704454147,3.503768821551136,5.950360299699125,Short skate返航,南向返航
252.6,B0200,38909.3255313484,-1350.4175033407537,5284.1912582760815,188.91734467719297,359.9645159390609,2.7452413848811363,-3.143770584035654,平飞,无
252.8,A0100,-53759.4188843035,-850.277100807285,5425.076014433791,213.54992053706096,179.45370868119213,3.228867088203648,4.706738229202891,Short skate返航,南向返航
252.8,A0200,-47072.75449727149,301.79711068823235,5694.1375932235005,169.80853949108024,180.6018458272656,7.760461879403821,1.2533527562823454,Short skate返航,南向返航
252.8,B0200,38947.10519954835,-1349.7183546825636,5283.180392861072,189.0389603546704,359.8420638674722,6.690906583157921,1.0013160034966624,平飞,无
253.0,A0100,-53802.11408120857,-849.9645697356209,5425.045553313263,213.317888158926,178.9094470513484,-0.247176359190145,1.5236875202275943,Short skate返航,南向返航
253.0,A0200,-47106.65908391018,301.54734263902355,5693.258793619814,169.36951505256437,180.76079800316836,10.570104530300576,-3.2997804015882046,Short skate返航,南向返航
253.0,B0200,38984.88857852765,-1349.0436559550526,5282.560151566222,188.8784915232228,0.0444786305501418,6.953097593852651,2.839769532847343,平飞,无
253.2,A0100,-53844.73512867406,-849.6358171894717,5425.03944673745,212.9928096886861,178.9617244885839,-3.618569063500293,-2.794540346711592,Short skate返航,南向返航
253.2,A0200,-47140.49574911916,301.3238884694365,5693.005201043554,169.03605590526917,180.85968349109623,10.454749839918495,-2.727341949747024,Short skate返航,南向返航
253.2,B0200,39022.66770842866,-1348.364493707713,5282.289868317997,189.0396000958231,0.2019854837419686,3.977429051487,2.58533094176204,平飞,无
253.4,A0100,-53887.33210860812,-849.3002728309948,5424.368698487004,213.06754428435175,179.2030757079517,-5.8056965151873205,0.732282311833308,Short skate返航,南向返航
253.4,A0200,-47174.288914199366,301.116532171538,5693.149404661717,168.9472362096272,180.94835688160947,7.755987405455759,-1.7786766316313125,Short skate返航,南向返航
253.4,B0200,39060.5168723287,-1347.6896814110914,5281.942876379671,189.60227110676811,0.3317873855960089,0.5323256984126689,3.869811911319689,平飞,无
253.6,A0100,-53929.9065685001,-848.9659426872895,5422.92684326677,212.8881624196948,179.0931442334455,-3.8328492642862986,1.3968308730544672,Short skate返航,南向返航
253.6,A0200,-47208.09441181553,300.91100317012024,5693.414238688452,169.17988653398726,181.03856696407175,4.393376239335721,0.2691684743952516,Short skate返航,南向返航
253.6,B0200,39098.470278811714,-1347.0210889763655,5281.1347467279575,189.97373369252276,0.1013784402765107,-2.8554046579679686,3.734059263381293,平飞,无
253.8,A0100,-53972.45293059612,-848.6202647429818,5421.408886244884,212.9743634171784,179.19491338928478,0.4063613589119027,0.7007135678158507,Short skate返航,南向返航
253.8,A0200,-47241.9630717668,300.69176380831414,5693.473842520532,169.52051970511232,181.0246716004704,0.9697302799624732,4.200421175073126,Short skate返航,南向返航
253.8,B0200,39136.43125987562,-1346.3691690230044,5279.967277793514,189.84994314377585,359.95739987829063,-5.451834433264153,-2.3751718157100967,平飞,无
254.0,A0100,-54015.062690348925,-848.2776541946441,5419.99868706111,213.33314159417424,179.38142804260931,4.312345419242472,4.673447865482257,Short skate返航,南向返航
254.0,A0200,-47275.89664034923,300.4498927259192,5693.16461201667,169.8016215948167,180.60175836633863,-2.3890543307356333,6.0223294410939054,Short skate返航,南向返航
254.0,B0200,39174.36539371608,-1345.7469737991796,5278.340878963547,190.0360344838695,0.2548491056159788,-4.885972334457667,-5.497683281816891,平飞,无
254.2,A0100,-54057.70463571867,-847.98460100585,5419.059920058,213.06017297684468,179.5075309086146,6.492683705688608,4.250000593942866,Short skate返航,南向返航
254.2,A0200,-47309.8494467358,300.1933293036818,5692.48131241328,169.73642004334567,179.9926682818112,-5.078737657784885,1.52425396278078,Short skate返航,南向返航
254.2,B0200,39212.36617719717,-1345.1121060770529,5276.051531259076,190.6861379929136,0.3764659250788149,-2.1147839705166818,-1.4723654805788262,平飞,无
254.4,A0100,-54100.27846185058,-847.7404137640951,5418.8540570237565,212.8520698290315,179.62072483119624,4.913010012828663,-0.3948154311483514,Short skate返航,南向返航
254.4,A0200,-47343.75224253093,299.95098626712206,5691.508199526836,169.4833488867799,179.82643631615912,-4.6131523648973145,-3.528814559656487,Short skate返航,南向返航
254.4,B0200,39250.454922484816,-1344.4793784143258,5273.56579323117,190.99948982837373,0.4426078870180917,3.497282072697381,4.1576089728525485,平飞,无
254.6,A0100,-54142.89176874682,-847.5000550743171,5418.707115724148,213.32855842507772,179.87350228937368,1.5955512364681188,0.7933886577455465,Short skate返航,南向返航
254.6,A0200,-47377.63758923869,299.73278752477563,5690.286774220134,169.6704798579542,179.78774557866907,-0.496739322259742,-1.9267099747520784,Short skate返航,南向返航
254.6,B0200,39288.58387921356,-1343.8094950561715,5271.63749221228,190.69730018524317,0.8155500390522809,8.1455710489691,4.197796043109066,平飞,无
254.8,A0100,-54185.58360392421,-847.2783527614738,5418.209816577812,213.54734105094155,179.74302685739903,-1.8221403065412256,3.4098696458648927,Short skate返航,南向返航
254.8,A0200,-47411.57822675494,299.5309376828518,5689.028904649907,169.9450201979944,179.79321268999908,5.118015302141751,2.507251691318269,Short skate返航,南向返航
254.8,B0200,39326.63990756618,-1343.072846019144,5270.776166912179,190.1182762634001,1.1598457077770428,10.565535642731096,-0.0451501228835384,平飞,无
255.0,A0100,-54228.26306297354,-847.0677068515506,5417.384743081093,213.22293482171415,179.3621429346187,-4.3494384362161576,1.2189562277318764,Short skate返航,南向返航
255.0,A0200,-47445.553445630416,299.3170481280031,5688.12123426769,169.8566782362352,180.03528292065505,9.82537882230967,3.3106517802363724,Short skate返航,南向返航
255.0,B0200,39364.63711799796,-1342.3209105879596,5270.608726392118,189.980716662158,1.289305511765905,9.866937870695104,0.6801362537789897,平飞,无
255.2,A0100,-54270.86549381125,-846.8460619361576,5416.263883837535,213.140448862169,179.39885756767023,-2.5754132949741404,-0.1563770095394702,Short skate返航,南向返航
255.2,A0200,-47479.4787950801,299.0720234699984,5687.887748973759,169.40193527498903,180.3316869305524,12.555963561574693,0.1690021422300569,Short skate返航,南向返航
255.2,B0200,39402.615462808106,-1341.5485844413397,5270.798642717429,189.86446864485015,1.1692665970021932,6.716826472617751,2.9210147524122787,平飞,无
255.4,A0100,-54313.517408519845,-846.621318248468,5414.818035585631,213.59929569959297,179.5276441503704,1.4612733815523753,3.78667364156523,Short skate返航,南向返航
255.4,A0200,-47513.31267630446,298.81845754722235,5688.206780633796,169.02596838435932,180.4677558664388,11.581180064939662,-0.9635155018343192,Short skate返航,南向返航
255.4,B0200,39440.58039388487,-1340.7519791040395,5271.2376138843465,189.92612460704603,1.0133986733347424,3.1748442434826383,3.3243754862453225,平飞,无
255.6,A0100,-54356.22895635216,-846.423511803132,5413.584522433517,213.56125784370127,179.71389442817235,5.134658462701399,3.7305061836577273,Short skate返航,南向返航
255.6,A0200,-47547.0986718032,298.56750616624777,5688.893727316407,168.95159687607185,180.4680488494012,8.576588875150112,-1.0993266257380054,Short skate返航,南向返航
255.6,B0200,39478.594626774015,-1339.953410914306,5271.4651227741815,190.39132972427123,0.9543478754213278,-0.3040646864952457,4.948639503241211,平飞,无
255.8,A0100,-54398.90161243822,-846.2825516513549,5413.160403688515,213.2769733721887,179.86324994519637,7.30354150348519,0.8688482639860158,Short skate返航,南向返航
255.8,A0200,-47580.89715547973,298.3246447661768,5689.671981174331,169.18535857188309,180.54267266607133,5.148670789706581,0.1649479708332216,Short skate返航,南向返航
255.8,B0200,39516.69593853469,-1339.1631295579991,5271.097182341095,190.6112782960629,0.5639476350810826,-3.5730153679022054,5.0409459181550025,平飞,无
256.0,A0100,-54441.55811756841,-846.1609204413289,5413.280558975177,213.3274710267765,180.00130592997652,7.050221533287778,2.3050372010093656,Short skate返航,南向返航
256.0,A0200,-47614.76156049353,298.0799583801818,5690.2201408145465,169.5167464157013,180.62284325036333,1.71457782693105,3.557470095297013,Short skate返航,南向返航
256.0,B0200,39554.76386481602,-1338.3829455944306,5270.3403316950335,190.08535368333827,0.1523649348296348,-5.952833673164611,-3.008992787532923,平飞,无
256.2,A0100,-54484.229051479735,-846.0736822381077,5413.622741523279,213.35981386771888,179.81584905739302,3.9567088449332055,4.823018616561641,Short skate返航,南向返航
256.2,A0200,-47648.69371317411,297.82115021287973,5690.381619653908,169.78166378367493,180.31345325294737,-1.6490329523411045,5.030843512302489,Short skate返航,南向返航
256.2,B0200,39592.69309469554,-1337.6650022007198,5269.477378371619,189.51736928547888,0.2759698457076072,-5.290077310372373,-11.057072079421868,平飞,无
256.40000000000003,A0100,-54526.90789187743,-846.0178124992417,5414.0283934878535,213.47696846708237,179.40947646507607,0.4944787287869289,5.333810707459022,Short skate返航,南向返航
256.40000000000003,A0200,-47682.65050409321,297.55566585604174,5690.13957997103,169.75758884550575,179.79241561203096,-4.780184375555382,0.24203937682717,Short skate返航,南向返航
256.40000000000003,B0200,39630.57086089991,-1336.9898128289717,5268.317788602344,189.5767177772805,0.2655467699539638,-2.6786084535911816,-8.96933415754554,平飞,无
256.6,A0100,-54569.59539908092,-845.9594997073582,5414.153303188323,213.3043520216117,178.9205317873812,-2.849534345005552,2.7654794432267025,Short skate返航,南向返航
256.6,A0200,-47716.57578118021,297.3132516747901,5689.458380147993,169.56727301482806,179.83788500486375,-7.135628672532537,-5.267847905820604,Short skate返航,南向返航
256.6,B0200,39668.48847118668,-1336.3486332118955,5266.93331701036,189.89122889693095,359.7054688907697,2.695718768664675,-3.62874276349346,平飞,无
256.8,A0100,-54612.23594382742,-845.867378173687,5413.79380887801,213.1871338756173,178.933915997256,-5.131568404514074,1.393291740706874,Short skate返航,南向返航
256.8,A0200,-47750.44917988461,297.0783138871666,5688.181630153991,169.50593695657963,180.06606286046983,-6.196507959361328,-4.066858100300673,Short skate返航,南向返航
256.8,B0200,39706.45883254765,-1335.7723138906822,5265.761280283172,189.9960468200624,359.5409340870749,6.631324703093654,0.5110481511608692,平飞,无
257.0,A0100,-54654.85294393587,-845.751421802288,5412.704304341598,213.0991045844932,178.92343133605056,-3.1744828639211264,0.9503914365363352,Short skate返航,南向返航
257.0,A0200,-47784.34005143972,296.8401085422265,5686.386286214503,169.92337056657732,180.0518509069704,-1.8459474981755664,1.4831751238241608,Short skate返航,南向返航
257.0,B0200,39744.43212182293,-1335.2285836253868,5265.002728588957,189.82734624481225,359.7368009465188,6.835442224622401,2.2948223039577083,平飞,无
257.2,A0100,-54697.458647404696,-845.6090967461423,5411.47341972166,213.2496561912884,179.04812423135328,0.8297671933093713,0.1746179800649569,Short skate返航,南向返航
257.2,A0200,-47818.30551878327,296.6005656268753,5684.463126944809,170.21400897143295,180.226636339026,3.729183956875128,4.372833021437947,Short skate返航,南向返航
257.2,B0200,39782.40240073566,-1334.6881671811716,5264.606529386772,189.99124785964963,359.9285399898468,3.826378565703384,1.9893909080350776,平飞,无
257.40000000000003,A0100,-54740.13341190538,-845.4507250239913,5410.308591442321,213.61477218923136,179.34363443963082,4.702413378510467,4.006174549609852,Short skate返航,南向返航
257.40000000000003,A0200,-47852.30312241498,296.3271917153688,5682.951107252746,170.03777270365583,180.4215845430434,7.985576185368779,-0.3143356368682455,Short skate返航,南向返航
257.40000000000003,B0200,39820.44339933541,-1334.1558838292058,5264.138795160652,190.55848485246395,0.0972808566768083,0.3738863375964607,3.2712916666995886,平飞,无
257.6,A0100,-54782.83674518759,-845.3273488168052,5409.611126667031,213.3375298980412,179.5739879684992,6.865187660831158,3.5733881322739176,Short skate返航,南向返航
257.6,A0200,-47886.25662705944,296.06389958308864,5682.203146660168,169.60856049418197,180.48531828429287,10.946842139646416,-4.850348670064181,Short skate返航,南向返航
257.6,B0200,39858.583432537824,-1333.6279974721947,5263.234552494878,190.86388572759412,359.9471500652413,-2.3466247513846468,3.111774267227489,平飞,无
257.8,A0100,-54825.466780710034,-845.2400893026061,5409.642105290903,213.1263657438335,179.73852366871284,5.275294646657514,-0.9916894276926558,Short skate返航,南向返航
257.8,A0200,-47920.13778171841,295.8580848742313,5682.140030090368,169.19118835287244,180.4843290224232,11.992312274613154,-4.2363599426020455,Short skate返航,南向返航
257.8,B0200,39896.72795350149,-1333.1092367773454,5262.158228557901,190.7732296244152,359.8919634244944,-2.0249376413045144,-2.9737828611273027,平飞,无
258.0,A0100,-54868.12485869539,-845.1515477709036,5409.734811864801,213.4805229992647,180.03109989089805,1.961439352532903,0.2387650362306591,Short skate返航,南向返航
258.0,A0200,-47953.94246847352,295.6930226909062,5682.582525885005,168.94319195648532,180.51024936589133,9.95558804179924,-3.094976545265807,Short skate返航,南向返航
258.0,B0200,39934.8816562468,-1332.6279795288556,5261.048644562641,191.04583304730355,359.9752918937039,1.1565548932270595,-5.656663570722377,平飞,无
258.2,A0100,-54910.84047420892,-845.0807811058185,5409.483515801236,213.63063050875436,179.9370098754043,-1.4523159045125376,2.8652738747021727,Short skate返航,南向返航
258.2,A0200,-47987.72878358805,295.55088873150453,5683.269515336246,169.0612800907431,180.5899044279688,6.703954692618496,-1.0222042419926531,Short skate返航,南向返航
258.2,B0200,39973.117304483785,-1332.170927291103,5259.832488765831,191.4904227768961,359.97434196708645,3.4269757640933527,-2.567657411670273,平飞,无
258.40000000000003,A0100,-54953.54558666235,-845.0188219667762,5408.882933027438,213.38738771004503,179.557495799664,-4.695104600697438,0.6719918625286949,Short skate返航,南向返航
258.40000000000003,A0200,-48021.5641698115,295.4074954113603,5683.860845829871,169.3526235886746,180.6722760802806,3.2756834029996216,2.778001028829683,Short skate返航,南向返航
258.40000000000003,B0200,40011.42591185009,-1331.739301575244,5258.7201650922,191.75958158554616,359.9900193273647,4.842849016656966,1.638079732190041,平飞,无
258.6,A0100,-54996.18772574889,-844.9418691280807,5407.71775852895,213.2559131013064,179.61156537787318,-6.855285011990765,-0.7472098648875918,Short skate返航,南向返航
258.6,A0200,-48055.45760803069,295.242461545462,5684.176834395781,169.5668280616206,180.37618651178056,-0.1265918113012791,4.471980744030034,Short skate返航,南向返航
258.6,B0200,40049.771600199405,-1331.306919012408,5257.901449331957,191.78158708887744,0.1109911199435744,5.34428073168577,4.003270332292919,平飞,无
258.8,A0100,-55038.81357421865,-844.8638434492423,5405.619866100038,213.59774502814145,179.75048673559442,-4.85798033734117,4.125707454509349,Short skate返航,南向返航
258.8,A0200,-48089.37234246162,295.0619549706935,5684.184440860732,169.5433581905782,179.8608892600723,-3.4029061582898628,-0.0956386914287696,Short skate返航,南向返航
258.8,B0200,40088.131889153934,-1330.8475670458956,5257.442835772568,191.9008749993473,0.2065435728029103,3.9978503649605655,4.046272463112125,平飞,无
259.0,A0100,-55081.48084526563,-844.7891250885368,5403.073837270229,213.72665974514587,179.99081577075003,-0.5311599119559511,5.357132517707015,Short skate返航,南向返航
259.0,A0200,-48123.26622523108,294.89966649722555,5683.810286332833,169.44750288326466,179.92340770694193,-6.349228419464326,-5.345502695934318,Short skate返航,南向返航
259.0,B0200,40126.53331242316,-1330.3724756794709,5257.037658706195,192.18282242117465,0.1813319965847423,0.8477056894749666,3.760780966910191,平飞,无
259.2,A0100,-55124.149403731935,-844.773576435251,5401.012366684376,213.461493676859,180.2543821571023,3.573004183175902,0.018871862404383,Short skate返航,南向返航
259.2,A0200,-48157.13424983112,294.7319823841753,5682.746598338083,169.41704990873606,180.38419978154195,-8.446083847082622,-4.044893675784315,Short skate返航,南向返航
259.2,B0200,40164.97318559332,-1329.8902304193325,5256.48069344507,192.1447826751551,0.0640647490737386,-1.903584161485955,0.265858664981433,平飞,无
259.40000000000003,A0100,-55166.794342740766,-844.7759776898711,5399.696983412494,213.271069151706,180.42430458404075,5.913874699325258,-1.525343546816198,Short skate返航,南向返航
259.40000000000003,A0200,-48190.96961879688,294.5344719550704,5680.839708991036,169.5551465162205,180.5164330209516,-7.216046517577588,1.617739107163425,Short skate返航,南向返航
259.40000000000003,B0200,40203.36398255328,-1329.4230539607795,5255.923677765091,191.95824060747992,0.1388681357034233,-1.4223714936445515,-3.7803681568473935,平飞,无
259.6,A0100,-55209.42769157357,-844.7872339709284,5398.894490234819,213.0724076966233,180.45452687133087,5.705143214031146,0.6259622948294444,Short skate返航,南向返航
259.6,A0200,-48224.8287015152,294.32808269395537,5678.3941272624725,169.91893096893824,180.6218770639013,-2.93862734366124,5.18038808537642,Short skate返航,南向返航
259.6,B0200,40241.783458869,-1328.9728894398977,5255.134482880505,192.38807884645132,0.1716300093512552,0.5043604860061255,-1.223054026104652,平飞,无
259.8,A0100,-55252.05490437282,-844.8158757399287,5398.438040992278,213.32848569091556,180.4843286428152,2.555593885721598,3.1210699701678086,Short skate返航,南向返航
259.8,A0200,-48258.74205379525,294.08887217298616,5675.980857576767,170.02624577021933,180.8166341397026,2.118491710644007,1.3700857094345735,Short skate返航,南向返航
259.8,B0200,40280.28530937843,-1328.532908482848,5254.148825765942,192.77934534968432,0.2200438617934402,3.0309615204265667,2.8619723113111424,平飞,无
260.0,A0100,-55294.73996943504,-844.8796909171033,5397.84702329717,213.4718811714021,180.0565206077245,-0.8662380044734742,3.1487755633715024,Short skate返航,南向返航
260.0,A0200,-48292.678765086224,293.8293224006338,5674.098341084467,169.86693704484532,180.92944047721832,7.005276771112144,-2.5073724286026304,Short skate返航,南向返航
260.0,B0200,40318.84741115064,-1328.0798410619643,5253.362569102135,192.80600157229296,0.3866964929791875,5.568163582477467,2.7413012500150766,平飞,无
260.2,A0100,-55337.41207130159,-844.9506034546175,5397.074956047472,213.29756015187309,179.6829336340222,-3.547992094392875,-3.705255097302198,Short skate返航,南向返航
260.2,A0200,-48326.60696785977,293.5838865173464,5672.838847243653,169.65691650637217,180.94848308040972,10.445317957606292,-0.4333219365614953,Short skate返航,南向返航
260.2,B0200,40357.39337999665,-1327.6052022115018,5253.122315379727,192.79708722444,0.5321877652814324,5.743961547101687,-1.3197379149190442,平飞,无
260.40000000000003,A0100,-55380.05003560499,-844.9959416522979,5395.916310462275,213.39073108001847,179.77483504441363,-2.571315811857643,-6.277957951244671,Short skate返航,南向返航
260.40000000000003,A0200,-48360.491997182966,293.3301612667565,5672.176773763647,169.2148483489422,180.9496988177579,11.576071534199665,2.391099787216105,Short skate返航,南向返航
260.40000000000003,B0200,40395.98134895503,-1327.138417700362,5253.093247090223,193.1072003939301,0.7124285579999126,5.738808695107235,-0.5291066239326063,平飞,无
260.6,A0100,-55422.75556065844,-845.0532679565149,5394.22677468865,213.9819938307652,179.766709793943,-0.4087640772110709,-1.6976964693808831,Short skate返航,南向返航
260.6,A0200,-48394.300725770525,293.0420207077441,5672.071664642604,168.95437961652496,180.90694209885223,9.52425580528615,3.399505975685259,Short skate返航,南向返航
260.6,B0200,40434.61712418025,-1326.6617654589645,5253.064805850132,193.251339171987,0.7007311522903857,3.202263973438799,1.8249711693719652,平飞,无
260.8,A0100,-55465.54405446114,-845.1044524118442,5392.412839169039,214.2561851477888,179.76497387976772,2.240171987240481,3.8256618844218178,Short skate返航,南向返航
260.8,A0200,-48428.08051974834,292.7137285895151,5672.3028585170505,168.86544312543182,180.76666817958755,6.247353261135215,1.39380127678896,Short skate返航,南向返航
260.8,B0200,40473.3001412064,-1326.175913041492,5252.949193843702,193.70349411195323,0.5453832144205952,-0.1659411271554861,4.182827215942439,平飞,无
261.0,A0100,-55508.37171432676,-845.1904846968282,5391.000789920247,214.1144825777147,179.81036491592937,5.474132454253653,4.145447074485663,Short skate返航,南向返航
261.0,A0200,-48461.85075573277,292.3749781328188,5672.695986159877,168.92934072174623,180.79992438762207,2.747065444734122,-1.4406863047782277,Short skate返航,南向返航
261.0,B0200,40512.070911691706,-1325.692954160113,5252.334404713587,193.9677104989414,0.1046517755199403,-3.484898330073116,4.295145312046922,平飞,无
261.2,A0100,-55551.14727025045,-845.3321809882291,5390.490707244393,213.7740602689965,179.91065214047498,7.483333996306992,1.091138631525795,Short skate返航,南向返航
261.2,A0200,-48495.66594082562,292.0372140865584,5672.8543524181405,169.2789560177997,180.99576076703448,-0.6995741704360885,0.3918099837139627,Short skate返航,南向返航
261.2,B0200,40550.83539493343,-1325.228726344505,5251.2918825507295,193.8411598076046,359.91787024921024,-5.917376146004391,-2.086898734934197,平飞,无
261.40000000000003,A0100,-55593.90339880683,-845.4847767735519,5390.556525821958,213.82426427878295,180.10112716233616,7.172365402595661,2.315873435856044,Short skate返航,南向返航
261.40000000000003,A0200,-48529.5465924964,291.6823018816285,5672.487241185554,169.52071777892954,180.84599929854355,-3.962005880794284,1.1950798380406047,Short skate返航,南向返航
261.40000000000003,B0200,40589.57210844589,-1324.7863549608828,5249.704481112785,194.0219844528745,0.1878566049668781,-5.117165397942708,-5.109494308343275,平飞,无
261.6,A0100,-55636.67349146307,-845.6653600480349,5390.857847764939,213.8559249594507,179.95728696286247,4.066630989004933,4.7450408080666735,Short skate返航,南向返航
261.6,A0200,-48563.44828569954,291.3225198392647,5671.542073453744,169.67039378539835,180.61813423726588,-6.469783074321937,-0.7626341035924544,Short skate返航,南向返航
261.6,B0200,40628.372453317694,-1324.3241709818158,5247.400482352574,194.65653855000505,0.2702164209468208,-2.258361979301725,-0.7645408517016586,平飞,无
261.8,A0100,-55679.45119659384,-845.8717555676085,5391.236883372378,213.97197254703212,179.58647668800617,0.5984365287309901,5.226752469718064,Short skate返航,南向返航
261.8,A0200,-48597.35682520743,290.96482612944965,5669.910480821745,169.84751038485535,180.5858261300464,-5.774820315332817,0.2202918446460218,Short skate返航,南向返航
261.8,B0200,40667.25373550461,-1323.858248635048,5244.919464541965,194.8536005579407,0.1915633429654159,3.5096739203292207,1.4619384877444268,平飞,无
262.0,A0100,-55722.236873761445,-846.0723273131516,5391.351497517757,213.75975809904727,179.07416572014358,-2.7566808814850523,1.4052988295515467,Short skate返航,南向返航
262.0,A0200,-48631.28938431281,290.6019409959554,5667.837233938408,170.11738322236897,180.4846384798252,-1.4285097500239017,0.2968347926554013,Short skate返航,南向返航
262.0,B0200,40706.12598928069,-1323.402319899118,5243.232739888863,194.14574300395395,0.1447818679474481,7.747491096632788,-5.141544096343155,平飞,无
262.2,A0100,-55764.93926914186,-846.2305382305458,5391.144959448284,213.3397839883824,179.17825264504168,-5.062022563877436,-3.2989258128838084,Short skate返航,南向返航
262.2,A0200,-48665.27473917074,290.2467481023013,5665.833629712404,170.35564913203942,180.45857828416715,4.194427959297036,-1.4264071236254865,Short skate返航,南向返航
262.2,B0200,40744.85338764027,-1323.0855931475326,5242.814194243534,193.2614291084138,0.1839546731141164,8.788294898522135,-10.587671163264815,平飞,无
262.40000000000003,A0100,-55807.58856443678,-846.3700705342999,5390.270852537837,213.34814908988943,179.3487727734319,-3.150781051737894,0.3480774196564901,Short skate返航,南向返航
262.40000000000003,A0200,-48699.3153347541,289.9058813044285,5664.151549683094,170.41935461583734,180.6068675575731,8.934065293028699,0.8100888769654966,Short skate返航,南向返航
262.40000000000003,B0200,40783.4719637939,-1322.915618208799,5243.107443604888,193.01350225808167,0.5502538223988259,5.974062611861785,-9.05755803290142,平飞,无
262.6,A0100,-55850.24949121101,-846.4953715431548,5389.030753326315,213.36195040047264,179.2897590021954,0.8736228425666532,0.84607047797828,Short skate返航,南向返航
262.6,A0200,-48733.3434684246,289.5503543916348,5663.047827862392,169.975225377703,180.8009576326984,11.806603923895066,3.144021045865549,Short skate返航,南向返航
262.6,B0200,40822.08883790077,-1322.8061456442065,5243.547915425934,193.2696467451945,0.9343899959583424,2.493665089480237,-6.417135175311339,平飞,无
262.8,A0100,-55892.90080856184,-846.5964534146406,5388.203589331642,213.3193155726856,179.41289678536123,4.7216645772740335,0.0778788980978712,Short skate返航,南向返航
262.8,A0200,-48767.27873495464,289.1525944076966,5662.599888053581,169.51446480785688,180.87978763349668,10.937255345209763,3.588871018723872,Short skate返航,南向返航
262.8,B0200,40860.78081679619,-1322.6774750335935,5243.603819673675,193.64898698095368,1.2278056472344463,-0.9231256979609008,-1.9027328187375103,平飞,无
263.0,A0100,-55935.55233751124,-846.6893069670223,5387.917803271885,213.09999549943817,179.47484422167187,6.983051711533991,1.9655712251273243,Short skate返航,南向返航
263.0,A0200,-48801.15822007475,288.71084985393827,5662.6223685204095,169.31487748703017,180.7992450790787,7.946517960890388,1.0969005326475667,Short skate返航,南向返航
263.0,B0200,40899.53642712755,-1322.5135276312285,5243.04615251245,193.94060596332255,1.1419846146140435,-4.163556923055698,3.246734009158943,平飞,无
263.2,A0100,-55978.15177242708,-846.7858295315564,5388.138244248868,212.99769901847213,179.38285909003042,4.4857103927354345,2.0602877121484053,Short skate返航,南向返航
263.2,A0200,-48835.01229222534,288.2622470074202,5662.939637825741,169.3398515452836,180.8770510180918,4.46117660735105,-2.068488373616057,Short skate返航,南向返航
263.2,B0200,40938.30740244973,-1322.328763321937,5241.787653417434,193.86472481072516,0.611729508348224,-6.430836975611617,4.749233183884596,平飞,无
263.40000000000003,A0100,-56020.78433084512,-846.8669954451834,5388.356260789689,213.40933809030585,179.4412162840656,0.9119038870206746,3.818335025387806,Short skate返航,南向返航
263.40000000000003,A0200,-48868.90703609362,287.8199717898169,5663.137776951218,169.67907559982189,181.11905434397607,0.989467013096106,-0.3206375024150004,Short skate返航,南向返航
263.40000000000003,B0200,40976.99998275965,-1322.131956280395,5240.1855176473455,193.503296003653,0.4186140983831529,-4.832801219697088,-0.144072074654482,平飞,无
263.6,A0100,-56063.49269954658,-846.9338213853443,5388.112119124642,213.55793770009635,179.1480676921353,-2.474565185143042,3.916280296778915,Short skate返航,南向返航
263.6,A0200,-48902.87096754339,287.360062509244,5662.919564110161,169.95236004303206,181.01998635030571,-2.3920208665898346,0.4472688256585237,Short skate返航,南向返航
263.6,B0200,41015.667207465696,-1321.9365174342129,5238.439414948274,193.6739143782156,0.4920935038852194,-0.0144116077588152,-2.4240231334332423,平飞,无
263.8,A0100,-56106.16566222451,-846.9743688461131,5387.475591439441,213.20240990616148,178.90846407488215,-4.870807427441948,-1.5775894479688557,Short skate返航,南向返航
263.8,A0200,-48936.86536425265,286.8922073134672,5662.212591083709,170.11617444370364,180.81779272592965,-5.081515183487547,-1.4747686123345023,Short skate返航,南向返航
263.8,B0200,41054.40310326406,-1321.737590079816,5236.73876304134,193.9575361464591,0.4128052094037348,5.4914991809610605,1.0573150103022744,平飞,无
264.0,A0100,-56148.76457491471,-846.9732514771822,5386.372123095316,213.1068757616129,179.09957473619934,-2.978657590674944,-3.580687201157744,Short skate返航,南向返航
264.0,A0200,-48970.87476028873,286.42449398286044,5660.887319271613,170.28172239280525,180.76221046149396,-4.510279310278441,-0.4648242909407288,Short skate返航,南向返航
264.0,B0200,41093.15053714607,-1321.523181458866,5235.539609942129,193.6728355486343,0.4503712631432232,7.515272371049144,3.554272841553226,平飞,无
264.2,A0100,-56191.40126195576,-846.956701488285,5384.853959945725,213.5145732323961,179.14967727931523,1.1088910023168337,0.5248941524101673,Short skate返航,南向返航
264.2,A0200,-49004.91067400812,285.95270737481405,5659.178640069229,170.52283254741477,180.61039622840903,-0.1491685579212656,-0.4288287223997979,Short skate返航,南向返航
264.2,B0200,41131.85927816022,-1321.2630090001169,5234.963556610739,193.51917887754408,0.4637944174948536,5.830484597599175,3.795903634108843,平飞,无
264.40000000000003,A0100,-56234.09367167079,-846.9255900128846,5383.53538628203,213.47797732819475,179.0831972206351,4.845875776621227,0.6781865768761783,Short skate返航,南向返航
264.40000000000003,A0200,-49038.99352761963,285.495505931347,5657.586747452286,170.7151289114372,180.5185532961484,5.375269392430888,-2.1947005027521294,Short skate返航,南向返航
264.40000000000003,B0200,41170.577107820725,-1320.965831536092,5234.652812818349,193.7194821895479,0.3598477078181425,2.4985107009830383,3.705247369682753,平飞,无
264.6,A0100,-56276.74702316234,-846.8697005313079,5383.016273894518,213.140616437015,179.11374820464533,6.837928496694508,-2.3684083825191338,Short skate返航,南向返航
264.6,A0200,-49073.11712841239,285.0625856372826,5656.326340907697,170.72599877027534,180.6193446882514,9.560147858925095,0.0294725880391094,Short skate返航,南向返航
264.6,B0200,41209.32884937324,-1320.6460492864098,5234.327375818113,193.73064974565284,0.1527731255585286,-0.9891639426783678,0.2727217049480844,平飞,无
264.8,A0100,-56319.38690462068,-846.773400391492,5382.872785473181,213.38161725713425,179.42455740723446,4.317694687287397,-1.0844785877112453,Short skate返航,南向返航
264.8,A0200,-49107.21913815127,284.62841408395616,5655.567814612536,170.3268908497738,180.78081517867028,10.997256719302309,2.368769486741965,Short skate返航,南向返航
264.8,B0200,41248.04233357795,-1320.3365272665196,5233.923117032766,193.4831509292659,0.340925114104571,-3.748402185490199,-3.930978032873145,平飞,无
265.0,A0100,-56362.1006339161,-846.6680901616746,5382.613138435041,213.7634882447084,179.6483128022539,0.853223761095062,3.3355726122696367,Short skate返航,南向返航
265.0,A0200,-49141.24975743229,284.16744215031576,5655.353110625554,170.0881003206951,180.8649316729509,8.978103117049207,2.937461192517682,Short skate返航,南向返航
265.0,B0200,41286.744751696926,-1320.02297961942,5233.001307847098,193.75520390735292,0.4741247677887863,-3.196444285464783,-1.2595953491816534,平飞,无
265.2,A0100,-56404.86841583493,-846.5739093637021,5382.042133265793,213.8319958512923,179.2642889667139,-2.5568240091200347,4.161158933027735,Short skate返航,南向返航
265.2,A0200,-49175.26635903412,283.6789344887911,5655.41866647849,170.15348099792382,180.9008920587351,5.707525650750799,2.94686276622972,Short skate返航,南向返航
265.2,B0200,41325.50312821706,-1319.7002907627684,5231.564640821172,194.1023552814568,0.4541555907807333,-0.4712053286056928,3.171317282393374,平飞,无
265.40000000000003,A0100,-56447.59148497423,-846.4682550445505,5381.169716104345,213.48238739153092,178.94059281866095,-5.00416408067968,-1.2904131983949283,Short skate返航,南向返航
265.40000000000003,A0200,-49209.31339550578,283.1668015767282,5655.487018539505,170.36463063095613,180.7911131731005,2.250712642585348,3.070960131720879,Short skate返航,南向返航
265.40000000000003,B0200,41364.31254118058,-1319.3602654725528,5230.142667055228,194.15690673648209,0.6487350848487112,3.7805608432680673,3.546520419383773,平飞,无
265.6,A0100,-56490.24146049658,-846.3267272574194,5379.847373590506,213.4018777339848,179.10444423989424,-3.113601997596373,-3.3837475792409744,Short skate返航,南向返航
265.6,A0200,-49243.40284451268,282.6390046530214,5655.353479827631,170.54376530524956,180.46082323979857,-1.1802974259239445,0.8561515663200834,Short skate返航,南向返航
265.6,B0200,41403.10886349164,-1318.9732303108483,5229.352955422815,193.92706310329484,0.8888419586524896,6.72000588268953,-0.271189200074487,平飞,无
265.8,A0100,-56532.93058161573,-846.1744567094793,5378.124516391083,213.8206695663867,179.1401339418259,0.996180234590518,0.679016593476527,Short skate返航,南向返航
265.8,A0200,-49277.50729463207,282.1204168694094,5654.917418697245,170.57807125230323,180.38593073273296,-4.009473556132362,-2.3096940772206533,Short skate返航,南向返航
265.8,B0200,41441.8789632521,-1318.573810414562,5229.087780485799,193.89235953383263,1.0518232708588189,6.618227478953361,-0.3947246025855279,平飞,无
266.0,A0100,-56575.67794430814,-846.0137820271448,5376.617560467843,213.7846713238496,179.0619653605832,4.704622262829819,0.8198530399692955,Short skate返航,南向返航
266.0,A0200,-49311.61644943669,281.6124985109018,5653.986578272532,170.7488185453073,180.4826823222662,-3.739264004156593,-0.6905322614400996,Short skate返航,南向返航
266.0,B0200,41480.66718944577,-1318.1571318891347,5228.95513335838,193.9686353968416,1.0658955083055532,3.636732488517979,1.869241489981884,平飞,无
266.2,A0100,-56618.38965712767,-845.8352065102881,5375.923131242413,213.45737569147667,179.07897671200496,6.6661939081285295,-2.2079905476334147,Short skate返航,南向返航
266.2,A0200,-49345.76545786798,281.10391778131816,5652.645627511454,171.00314191457622,180.39397477201743,-0.5520238175355209,-0.3125674815061355,Short skate返航,南向返航
266.2,B0200,41519.48572979881,-1317.720366245294,5228.789259937723,194.3567149716235,0.9836304221514824,0.1944017034108595,4.339040519381447,平飞,无
266.40000000000003,A0100,-56661.09274714031,-845.6202846850429,5375.631619947875,213.69426824358257,179.35506325804218,4.438675221369803,-0.8922605819630438,Short skate返航,南向返航
266.40000000000003,A0200,-49379.95262860676,280.6128319216441,5651.342867998988,171.19968302904323,180.3691479639517,4.121425150622334,-1.9581833916018616,Short skate返航,南向返航
266.40000000000003,B0200,41558.38728698104,-1317.2684052697332,5228.174705219888,194.61841135368329,0.5201025748218479,-3.161808990899938,4.731044549850703,平飞,无
266.6,A0100,-56703.8662977842,-845.3987067686357,5375.264888157708,214.06336422684623,179.5545387749745,1.061074693082265,3.5394228526960902,Short skate返航,南向返航
266.6,A0200,-49414.19396753898,280.14455598053974,5650.238029790256,171.3654589452,180.52604039152436,8.574564922999071,0.2235380428612481,Short skate返航,南向返航
266.6,B0200,41597.27570446085,-1316.8139211638863,5227.179769502829,194.40476464767943,0.0909644753782947,-5.629131229403373,-1.1943045527815432,平飞,无
266.8,A0100,-56746.69290488395,-845.1918117018358,5374.626660845152,214.1389068724189,179.1530595572399,-2.3529140056629942,4.349800052204159,Short skate返航,南向返航
266.8,A0200,-49448.43565327853,279.6748292933553,5649.530028437286,171.05543554345562,180.7288068248017,10.32482311350797,2.4695898929612152,Short skate返航,南向返航
266.8,B0200,41636.11414101298,-1316.384518188368,5225.708466101103,194.45315401504536,0.1873551906413787,-4.244834867283542,-4.195170393178387,平飞,无
267.0,A0100,-56789.47739507007,-844.9767648227935,5373.719067560338,213.79959167748711,178.81600600455116,-4.837248894817303,-1.114303614216658,Short skate返航,南向返航
267.0,A0200,-49482.61639475112,279.1799911449343,5649.314363183104,170.86040590816353,180.83298452571432,8.37019057417186,2.959563531919925,Short skate返航,南向返航
267.0,B0200,41675.013139851326,-1315.9521657149198,5223.681244270461,195.0786993220858,0.2099337235967036,0.2954753270424963,0.0357564314766396,平飞,无
267.2,A0100,-56832.19006625857,-844.7264769612011,5372.385093358702,213.71948325038036,178.9798505134866,-2.945294031297085,-3.2068734099506706,Short skate返航,南向返航
267.2,A0200,-49516.79036506738,278.66005267228684,5649.338189970578,170.9578215718445,180.8815161803309,5.118211348420162,2.9233391643529054,Short skate返航,南向返航
267.2,B0200,41713.99992422106,-1315.516097419037,5221.674720875679,195.14798375174888,0.1803126788246002,5.86224699013087,2.0864933344034213,平飞,无
267.40000000000003,A0100,-56874.94261031379,-844.4651066740807,5370.673064370454,214.1351142154724,179.02200666341798,1.185439349502157,0.8544608988811971,Short skate返航,南向返航
267.40000000000003,A0200,-49550.99865427159,278.1188392112272,5649.330166773096,171.17465658887974,180.7809799811151,1.675953793270378,3.0282057428486957,Short skate返航,南向返航
267.40000000000003,B0200,41752.97723152824,-1315.075937652693,5220.388066512965,194.9177682941163,0.3088253489036464,8.727384959219096,-0.5978165238510569,平飞,无
267.6,A0100,-56917.752435186645,-844.1976550179534,5369.196612008283,214.08730059313567,178.95194266182267,4.861886985590962,0.9825905301519828,Short skate返航,南向返航
267.6,A0200,-49585.2410644714,277.5624617567337,5649.128539521476,171.2268462877547,180.45730895964337,-1.7471528220814811,0.7831528027007681,Short skate返航,南向返航
267.6,B0200,41791.936159838486,-1314.6482090813406,5219.771390415208,194.75033219441545,0.520451724288539,9.703784257971318,0.2808075079998336,平飞,无
267.8,A0100,-56960.523374010605,-843.9163048983028,5368.547189434714,213.73557243712656,178.9730862074923,6.789029072869725,-2.0499623750827944,Short skate返航,南向返航
267.8,A0200,-49619.46345916899,277.0157546359078,5648.724943873734,171.11060451452622,180.3952325663025,-4.538635958309713,-2.4392458614021635,Short skate返航,南向返航
267.8,B0200,41830.86084813354,-1314.208376853423,5219.621492141763,194.51817486277503,0.5173097451812723,7.037079600761182,2.5096610973054405,平飞,无
268.0,A0100,-57003.28030129759,-843.6015783450712,5368.291349172479,213.9731698276435,179.252796056559,4.232450631547216,-0.7229435395117684,Short skate返航,南向返航
268.0,A0200,-49653.68379121354,276.47900171731453,5647.788689594407,171.36360464769575,180.50313279427115,-4.225007634039255,-0.803798732405823,Short skate返航,南向返航
268.0,B0200,41869.758755009,-1313.7460461940373,5219.828078096762,194.53794701233545,0.4129096136069767,3.5066926161933574,2.862216860628989,平飞,无
268.2,A0100,-57046.110317318016,-843.2816446798424,5367.93142892596,214.3531060725004,179.44059628039662,0.7671203535856451,3.728055897662064,Short skate返航,南向返航
268.2,A0200,-49687.9549645838,275.93966454448673,5646.341144664901,171.6316378958644,180.414747443627,-1.0348129948459155,-0.4049258447100017,Short skate返航,南向返航
268.2,B0200,41908.70064598828,-1313.2820609263215,5219.8968524519405,195.00889464890696,0.4014259978895731,0.0133019973349638,4.530938664532524,平飞,无
268.40000000000003,A0100,-57088.993717047895,-842.9754218945272,5367.267348055499,214.42176576841229,179.02157852317296,-2.6419787491354705,4.536955221827274,Short skate返航,南向返航
268.40000000000003,A0200,-49722.26193132222,275.41892896172794,5644.927852907225,171.8362730732484,180.3870314266992,3.691001205005616,-2.048861778835247,Short skate返航,南向返航
268.40000000000003,B0200,41947.73038550896,-1312.8230991202618,5219.421956414586,195.22394065040504,0.0271052960330699,-3.3095096444194487,4.540578854110568,平飞,无
268.6,A0100,-57131.83182699104,-842.6614216808848,5366.3059474769725,214.07043041681516,178.63651239017685,-5.084961288280824,-0.8926988298968228,Short skate返航,南向返航
268.6,A0200,-49756.63480183115,274.9194428392766,5643.657814413571,172.08936573570836,180.51501627849987,8.23649217219693,0.1840058838755679,Short skate返航,南向返航
268.6,B0200,41986.72125148022,-1312.3741318773173,5218.598941735363,194.6532959532628,359.6108704270706,-5.723651611369488,-3.956814582177182,平飞,无
268.8,A0100,-57174.59535681142,-842.3102748349629,5364.899627708604,213.98831667405636,178.78682038700472,-3.172755053308599,-2.990622350457792,Short skate返航,南向返航
268.8,A0200,-49791.01681636134,274.4198267251086,5642.759766127565,171.7813357572604,180.6934313551605,10.013049816777288,2.401582010368985,Short skate返航,南向返航
268.8,B0200,42025.5646290248,-1311.998565857588,5217.709419777086,194.0479924949191,359.71060341765474,-4.939215967625917,-12.284097078102764,平飞,无
269.0,A0100,-57217.39749847165,-841.9463459896506,5363.099241220749,214.40732070714256,178.85207944435714,0.9472738853055396,1.0800833377779804,Short skate返航,南向返航
269.0,A0200,-49825.34175167394,273.898241438932,5642.358078157689,171.59767496512833,180.80605432042404,8.035638490464759,2.8011577414444284,Short skate返航,南向返航
269.0,B0200,42064.35167870786,-1311.6767865838665,5216.562070526721,194.08555169453317,359.6344419251147,-2.2228967063558795,-9.901733145864222,平飞,无
269.2,A0100,-57260.25821438013,-841.5770740746229,5361.523049013711,214.36792393784324,178.801398623303,4.649610448231935,1.2053266364207853,Short skate返航,南向返航
269.2,A0200,-49859.66370007892,273.35409604337474,5642.19528606924,171.70742346308748,180.8716797053136,4.771903598398911,2.7064728182596847,Short skate返航,南向返航
269.2,B0200,42103.17454970267,-1311.4034635564983,5215.24552882705,194.35542830041996,358.9647118994048,3.289037800869366,-4.418358383595265,平飞,无
269.40000000000003,A0100,-57303.08662100034,-841.1968181868506,5360.801896360012,214.06762141351183,178.81665457859245,7.531656526757281,-1.8347305344995724,Short skate返航,南向返航
269.40000000000003,A0200,-49894.00675148981,272.78589415645547,5642.0643012172,171.69790158787382,180.71824459385596,1.314149582175458,0.2944667694843815,Short skate返航,南向返航
269.40000000000003,B0200,42142.0383278326,-1311.2136919617387,5214.214686035015,194.38529546693235,358.76612633667025,7.163844840224355,-0.293100763583717,平飞,无
269.6,A0100,-57345.88863634472,-840.7768235998301,5360.786568009335,213.9646438238194,178.96676244493796,9.08514217647964,-0.5729054699043576,Short skate返航,南向返航
269.6,A0200,-49928.334525850514,272.2225652923444,5641.919331550671,171.70760155739706,180.7712224359149,-2.1427888806000115,-2.9387365595033077,Short skate返航,南向返航
269.6,B0200,42180.89042582264,-1311.0654298229874,5213.659795712032,194.15420370815252,358.8440453887032,7.217926387261862,1.617602703899083,平飞,无
269.8,A0100,-57388.65501173715,-840.3508261867792,5361.253933363911,213.76506568826204,178.9703380654341,6.43498056198206,1.8161100765621456,Short skate返航,南向返航
269.8,A0200,-49962.697891159725,271.6593134235227,5641.256254161257,172.0644820418992,181.0306921466319,-4.833021409850512,-1.2309290559422177,Short skate返航,南向返航
269.8,B0200,42219.71979600679,-1310.9369189500885,5213.506979969898,194.1952492638466,358.9820986602482,4.117370374227354,1.1363407801987575,平飞,无
270.0,A0100,-57431.40239563018,-839.9266040599723,5362.031086569004,213.83272434125524,178.91922266636902,2.895730687007092,2.057048808492272,Short skate返航,南向返航
270.0,A0200,-49997.09114919531,271.0781790822075,5639.926815725707,172.12587747077785,180.92478404745,-4.239396083152148,-0.5816594800125555,Short skate返航,南向返航
270.0,B0200,42258.59485762908,-1310.8325210715357,5213.27570208496,194.6350967915945,359.2527472373425,0.6601982761645209,2.2655388207341502,平飞,无
270.2,A0100,-57474.198963135445,-839.488319243279,5362.563084871832,214.24187645330943,179.01381238008625,-0.5760702715363937,4.06440481313065,Short skate返航,南向返航
270.2,A0200,-50031.48536340147,270.50183706598546,5638.3729210288,172.3178460799941,180.7433883084364,-0.3040463900798006,-1.87308231394268,Short skate返航,南向返航
270.2,B0200,42297.552916880166,-1310.738497895405,5212.574563182501,194.92501284209249,359.14010381581585,-2.7283024466564743,1.984056714641387,平飞,无
270.40000000000003,A0100,-57517.06064109226,-839.0355964654082,5362.434571425867,214.2814896939814,178.62788612507924,-3.76253613903392,4.340726520429269,Short skate返航,南向返航
270.40000000000003,A0200,-50065.95536709125,269.93563112943593,5636.731218720641,172.7687213284345,180.64946856492816,5.195818939694263,0.5786796125445093,Short skate返航,南向返航
270.40000000000003,B0200,42336.53161509947,-1310.6683352815126,5211.420335595078,195.1042001465561,359.15394625558014,-5.273593096263483,-0.2314081422163999,平飞,无
270.6,A0100,-57559.86882485655,-838.5545234845704,5361.757658846804,213.8681988243225,178.2842940711939,-5.941563814706499,-1.2276074889815418,Short skate返航,南向返航
270.6,A0200,-50100.47413425997,269.3698373178413,5635.386656394465,172.62395754863354,180.77176386869303,9.370642878334037,2.673126176168623,Short skate返航,南向返航
270.6,B0200,42375.53387589987,-1310.6195668187684,5209.548039742265,195.3897896036229,359.35737669205605,-3.687095582122113,2.939899392936575,平飞,无
270.8,A0100,-57602.59242247806,-838.0345482019002,5360.47997766807,213.7740950358744,178.456149017367,-4.01019519958305,-3.2887774393551403,Short skate返航,南向返航
270.8,A0200,-50134.95096939016,268.7783696739971,5634.674939303361,172.26294604741344,181.0185424794111,10.726916730971968,2.796253725697521,Short skate返航,南向返航
270.8,B0200,42414.580283332165,-1310.5752164249589,5207.403419139384,195.55974481546647,359.6286288686383,0.7484274371642585,3.179741274290252,平飞,无
271.0,A0100,-57645.34314308491,-837.5042123164276,5358.680850500103,214.1179274322727,178.5286794450445,0.0002776139965478,0.8901340865867777,Short skate返航,南向返航
271.0,A0200,-50169.37553547685,268.15587115341987,5634.452312043213,172.09889988198893,181.15010067311877,8.626790274946671,2.464623975398362,Short skate返航,南向返航
271.0,B0200,42453.63139758026,-1310.5071300970867,5205.81137188134,195.26450884687435,359.87822106177435,5.303343366592333,-1.959399843154292,平飞,无
271.2,A0100,-57688.13594852333,-836.9627591904864,5357.008452797596,214.06315130771148,178.48600663608818,3.879891543447543,1.063409367845779,Short skate返航,南向返航
271.2,A0200,-50203.79400448441,267.5053477973488,5634.475591553506,172.18133903762484,181.12182937896097,5.338191524790721,2.365807975021736,Short skate返航,南向返航
271.2,B0200,42492.641096293606,-1310.468105023063,5205.049303068106,194.94439534835425,359.945693822344,8.798285428618243,-3.7268562147206894,平飞,无
271.40000000000003,A0100,-57730.9049046158,-836.4023367546761,5356.125913205757,213.82571594851908,178.70944301222858,6.933015972442697,-0.0600614756493549,Short skate返航,南向返航
271.40000000000003,A0200,-50238.25959824803,266.84351798049465,5634.423448067006,172.6113884264512,181.06997854205105,1.8896937121548036,3.648969828731321,Short skate返航,南向返航
271.40000000000003,B0200,42531.59276616755,-1310.4603126303664,5204.850818762025,194.57626556673452,359.97112491281257,7.547542178321537,-1.5938320494025708,平飞,无
271.6,A0100,-57773.63496312725,-835.8376949376761,5356.0178624219625,213.42725843833412,178.9103613155349,8.561293123772494,1.7521523802867776,Short skate返航,南向返航
271.6,A0200,-50272.81525035209,266.1756072122007,5633.959478273388,172.97256650321177,180.8015425321306,-1.4959674358568136,3.897170501838791,Short skate返航,南向返航
271.6,B0200,42570.51472519384,-1310.4708021601,5205.003659854679,194.76235185018112,0.0662553269776713,4.044500995361525,0.7746993248121704,平飞,无
271.8,A0100,-57816.28458577153,-835.2929247368229,5356.568091693687,213.24000950137483,178.8523262690365,5.8786216300603895,2.0568786224880964,Short skate返航,南向返航
271.8,A0200,-50307.3843633231,265.5048044833893,5633.240840886174,172.73877143152174,180.5154941546839,-4.327541031976168,-2.293252722483956,Short skate返航,南向返航
271.8,B0200,42609.50363017137,-1310.4778434216169,5204.957612698272,195.12905248804125,0.0966885299039983,0.5736340933748387,5.073161129189725,平飞,无
272.0,A0100,-57858.95116650681,-834.7474762345992,5357.244148221012,213.59145726269224,178.8719224215917,2.364578140423744,3.9288552452889975,Short skate返航,南向返航
272.0,A0200,-50341.86014115153,264.8759853781921,5632.4824090111,172.23898397927266,180.59281935889277,-3.946477003956948,-8.72025371705416,Short skate返航,南向返航
272.0,B0200,42648.549055118834,-1310.469325356562,5204.521367802812,195.25577628377872,359.62367463533866,-2.788288935238908,6.065317624378483,平飞,无
272.2,A0100,-57901.690456655626,-834.1991736919954,5357.555289589585,213.7617026622934,178.5941737185967,-1.054318319031209,6.6143240214546335,Short skate返航,南向返航
272.2,A0200,-50376.298657888765,264.29215295742324,5631.566617662513,172.43437108667453,180.3168511140906,0.2245060305301063,-7.401518199922487,Short skate返航,南向返航
272.2,B0200,42687.54699755126,-1310.4500609074894,5203.845772105291,194.6663225734945,359.0716060019142,-5.874556785924016,-1.7393240665867802,平飞,无
272.40000000000003,A0100,-57944.41556690969,-833.642989162101,5357.479937866294,213.40001219135831,177.9781963665034,-4.20739427913425,3.483541715409582,Short skate返航,南向返航
272.40000000000003,A0200,-50410.80380550057,263.7454276437893,5630.561996692326,172.75930954209866,179.8030459571997,5.841654507182325,-2.8405339826235005,Short skate返航,南向返航
272.40000000000003,B0200,42726.380620148426,-1310.4743646275565,5202.946834769879,193.80825590765613,359.3788796029294,-7.906818263333024,-9.924906922723592,平飞,无
272.6,A0100,-57987.02241043563,-833.0434223938391,5357.010049315522,212.77410477887116,178.09318289236856,-6.321783226067994,-1.1026069956802935,Short skate返航,南向返航
272.6,A0200,-50445.33585067533,263.2529725898057,5629.907957002488,172.57163535607492,179.67817018871307,10.311566294416084,-0.3138681314793545,Short skate返航,南向返航
272.6,B0200,42765.07089578804,-1310.4975947449602,5201.429938022557,193.57820263482245,359.5100376421642,-5.928560024715936,-7.866751924313931,平飞,无
272.8,A0100,-58029.53110044684,-832.4217281209349,5355.805293245328,212.7098250681127,178.42764462398245,-4.048127719569137,3.268042164291067,Short skate返航,南向返航
272.8,A0200,-50479.80493429763,262.7968262555769,5629.918312857855,172.11895784839442,179.89192276585845,12.5518117943769,-0.3218052744846483,Short skate返航,南向返航
272.8,B0200,42803.78312216415,-1310.5083850507126,5199.321426826984,194.1300019335203,359.1236609411141,-0.4585493307275121,-1.0399271242242758,平飞,无
273.0,A0100,-58072.05373449402,-831.7892855318678,5354.154118181512,212.7902768684044,178.7070287114786,0.5822956353933431,4.705018748080818,Short skate返航,南向返航
273.0,A0200,-50514.18111328471,262.35773233941654,5630.472647974992,171.7883622042098,180.09350908014417,11.09291970702512,-0.7411161414592453,Short skate返航,南向返航
273.0,B0200,42842.584492524926,-1310.5438841448067,5197.247675656512,194.297630571242,358.9980399967733,5.419651839096892,1.2599214823436182,平飞,无
273.2,A0100,-58114.54164002811,-831.1933979018686,5353.064763149981,212.14963971148325,178.85091478698624,4.722855088970078,-2.940628337572829,Short skate返航,南向返航
273.2,A0200,-50548.51852573857,261.9344798680468,5631.349971271542,171.7655944863699,180.25851948595545,7.931676286284303,-1.1203452910127398,Short skate返航,南向返航
273.2,B0200,42881.38988345117,-1310.6006775121168,5195.954063727644,194.01134238762597,359.147971694353,9.206004718767373,-1.572247939480577,平飞,无
273.40000000000003,A0100,-58156.87272016559,-830.5190379602827,5353.147203508448,211.2770567118596,178.8974101694712,6.8066067082187525,-9.27375102490973,Short skate返航,南向返航
273.40000000000003,A0200,-50582.888685680286,261.5248327591944,5632.215515741453,172.14177529008842,180.50702239004136,4.495093591766812,-0.0585092813077405,Short skate返航,南向返航
273.40000000000003,B0200,42920.163315954334,-1310.6888802225058,5195.36673563777,193.77631407156952,359.3104990382126,10.153206921893863,-0.7815392259228339,平飞,无
273.6,A0100,-58199.07708312512,-829.731008571318,5353.867703854696,210.999070207556,179.3594477194599,4.318516563261734,-8.081834883511975,Short skate返航,南向返航
273.6,A0200,-50617.35706760163,261.1154503827456,5632.687268501777,172.5971747391388,180.67051077447584,1.0947143000134965,3.344964189486897,Short skate返航,南向返航
273.6,B0200,42958.89498721463,-1310.787487636322,5195.265828220305,193.5417282547895,359.33623705791786,7.35804068864592,1.2025454749520297,平飞,无
273.8,A0100,-58241.279562534684,-828.9197379186371,5354.540463119232,211.2385439396857,179.8613590742509,0.8547784666336625,-5.687749656621705,Short skate返航,南向返航
273.8,A0200,-50651.90522763322,260.6974031495665,5632.6854915601325,172.82620006450017,180.4027370868156,-2.233426082557581,4.749099044341918,Short skate返航,南向返航
273.8,B0200,42997.61683283541,-1310.889452101259,5195.459834636971,193.79010741396849,359.3953886084531,3.8186746141485575,3.072200770461238,平飞,无
274.0,A0100,-58283.54622032044,-828.1543603669415,5354.628762268185,211.4769776919305,180.1551907786128,-2.4616361203910544,-1.133844676652706,Short skate返航,南向返航
274.0,A0200,-50686.43918673877,260.2688066798146,5632.394427024792,172.4360822076589,179.9383824552381,-4.87338134070887,-0.367952974413768,Short skate返航,南向返航
274.0,B0200,43036.40336336013,-1310.9869277609814,5195.459802790974,194.0191661734561,359.23575819954584,0.3509612873228996,5.442335821967434,平飞,无
274.2,A0100,-58325.847473032736,-827.4353567815488,5353.904980465326,211.6795279814162,180.02864921328302,-5.46894545027023,3.974703007324362,Short skate返航,南向返航
274.2,A0200,-50720.85577382924,259.8719938769973,5632.023557734985,171.86366160694644,179.91095799799265,-4.297691039968468,-6.092500097383817,Short skate返航,南向返航
274.2,B0200,43075.19930781167,-1311.073359676444,5195.257772571302,193.8207982814181,358.774275745805,-3.023111596252135,2.9049400675176478,平飞,无
274.40000000000003,A0100,-58368.14248145398,-826.732450668278,5352.292707959859,211.48125983039117,179.43414420607272,-7.477239219897984,4.592954488884082,Short skate返航,南向返航
274.40000000000003,A0200,-50755.22403433024,259.5136003780208,5631.448518961352,172.0050752337564,179.8511199761899,-0.1421902320240514,-4.593324771043386,Short skate返航,南向返航
274.40000000000003,B0200,43113.91549440082,-1311.1820957814052,5194.847612821082,193.4328990437934,358.839411251602,-5.46246725905087,-1.0680512894796816,平飞,无
274.6,A0100,-58410.32716578412,-826.0317203861559,5350.171208486729,211.09004303643877,179.26340398691315,-5.344080350457483,-1.4881166757160498,Short skate返航,南向返航
274.6,A0200,-50789.652265118944,259.1796768059503,5630.739224249406,172.33685564358936,179.64427613787515,5.5844275858345815,-0.0170945775874476,Short skate返航,南向返航
274.6,B0200,43152.585814122045,-1311.3108640847076,5193.849955827558,193.51250958626184,359.1115731037544,-4.1432696690070205,1.65692768133946,平飞,无
274.8,A0100,-58452.47972904272,-825.3293451258141,5347.835315517368,211.24908047456103,179.2680316874507,-0.1987646568036741,-3.6841082423823015,Short skate返航,南向返航
274.8,A0200,-50824.10768124279,258.86692004759243,5630.321156014295,172.1426650295302,179.76381407397315,10.05346671325713,2.479818284254108,Short skate返航,南向返航
274.8,B0200,43191.28462314008,-1311.443585325007,5192.409855373102,193.6647273881661,359.2026770844193,0.0381560438222133,1.9362018830018173,平飞,无
275.0,A0100,-58494.6908883355,-824.6242306107597,5345.6288920620245,211.37899807911424,179.07700026610806,5.2915175205791405,0.3226066753576342,Short skate返航,南向返航
275.0,A0200,-50858.49555671224,258.54789393863393,5630.417023114016,171.82791660275248,180.01807419319366,10.164972268303924,2.4249070521834466,Short skate返航,南向返航
275.0,B0200,43229.99594702521,-1311.5808327932991,5191.273634892197,193.69303507525456,359.45222945397506,4.957311702484668,-0.1684545828738969,平飞,无
275.2,A0100,-58536.8917246386,-823.9300240160446,5344.089556189108,210.9397138411449,178.92331144889528,7.067754627271249,3.0360168705053625,Short skate返航,南向返航
275.2,A0200,-50892.85273931615,258.2125876640457,5630.823595649708,171.8200558500106,180.11440559452623,7.328028013344087,1.9931943162884465,Short skate返航,南向返航
275.2,B0200,43268.73622393616,-1311.719160066059,5190.565096108861,193.68991729954408,359.75799792688105,8.87562640756031,2.916417450571128,平飞,无
275.40000000000003,A0100,-58579.04206749655,-823.27229599973,5343.291931657328,210.76173501491587,178.72918465813524,5.19987091720765,3.1876587251387294,Short skate返航,南向返航
275.40000000000003,A0200,-50927.22795355622,257.8704114336469,5631.296885269137,172.0003908049448,180.1443527572246,3.9393297079045215,1.6029455808783497,Short skate返航,南向返航
275.40000000000003,B0200,43307.4368517868,-1311.8128464948077,5190.414439466433,193.2968904798156,359.7630721899556,8.575669285572548,5.38559821507783,平飞,无
275.6,A0100,-58621.19986121956,-822.6317145457106,5342.794489242031,210.91651079807176,178.53600231568672,1.814058466844105,2.954654133907594,Short skate返航,南向返航
275.6,A0200,-50961.665511295694,257.53404305700315,5631.518517823981,172.46954901993823,180.2596451675257,0.512587102040881,2.629812944758481,Short skate返航,南向返航
275.6,B0200,43346.08741834205,-1311.8502019165337,5190.7532002132175,193.3001480451212,359.5850846082931,5.253434523843096,5.35733298331482,平飞,无
275.8,A0100,-58663.397224373664,-821.9856467371646,5342.176999148622,211.1553257224192,178.37318645429795,-1.658969312643248,2.855417658969698,Short skate返航,南向返航
275.8,A0200,-50996.198788514055,257.1994363355334,5631.185348187493,172.81440586973318,180.0929396849719,-2.8151254480225485,2.8344042864794097,Short skate返航,南向返航
275.8,B0200,43384.74799813767,-1311.854789593166,5191.228850515483,193.25578105685815,359.38552150131983,1.7180598942799583,1.5697023838653898,平飞,无
276.0,A0100,-58705.60263309308,-821.3231787455879,5341.193743083451,210.9363352456221,178.15375337831026,-4.228584961396253,0.2450312115865892,Short skate返航,南向返航
276.0,A0200,-51030.73781709469,256.87141810067624,5630.480985825328,172.54769674694123,179.8812878050545,-5.45683451349519,-3.419857683902985,Short skate返航,南向返航
276.0,B0200,43423.37506080969,-1311.8643100547288,5191.727390962282,193.11866774107503,359.5875833012125,-1.7566161149522852,-2.881819716171301,平飞,无
276.2,A0100,-58747.74102094087,-820.6317383784881,5339.933844042505,210.87541259310385,178.2418654113911,-2.4980309751966883,-1.0633082000181038,Short skate返航,南向返航
276.2,A0200,-51065.17699348821,256.5904134302109,5629.649989601941,172.04178710940565,179.96492818320942,-4.854050888252228,-9.974738164607396,Short skate返航,南向返航
276.2,B0200,43462.023572661485,-1311.8710951831636,5191.597351335131,193.4087602305979,359.90089530358733,-4.804303155001599,-0.2964423674235635,平飞,无
276.40000000000003,A0100,-58789.93197356005,-819.9204802788117,5338.3790273663,211.348327902861,178.36551651388987,1.5302198808824097,2.868972164851079,Short skate返航,南向返航
276.40000000000003,A0200,-51099.57875679666,256.352261382759,5628.597184844468,172.26316504066955,179.62969493261664,-0.5994232896422589,-8.713385413949151,Short skate返航,南向返航
276.40000000000003,B0200,43500.69413165797,-1311.8617695948324,5190.557065793782,193.3000921921255,359.73021796822945,-6.8853489568195725,0.5159219159564745,平飞,无
276.6,A0100,-58832.185991542814,-819.2139430704738,5337.045457467248,211.32227926292256,178.52798897735505,5.161109889115041,2.398260720079334,Short skate返航,南向返航
276.6,A0200,-51134.05046310677,256.1540125418469,5627.407637074266,172.62105401969433,179.0080521434913,5.095632417504301,-4.177127441021573,Short skate返航,南向返航
276.6,B0200,43539.28885394191,-1311.862900232154,5188.955208486794,193.16573349374244,359.6707745826829,-5.168481519024361,-0.2137527704396425,平飞,无
276.8,A0100,-58874.40533103185,-818.5192485912048,5336.51911463639,211.05718211633223,178.7353536369337,7.298521646769524,-2.1989389556931944,Short skate返航,南向返航
276.8,A0200,-51168.57242952231,256.0236832214068,5626.465265688115,172.6916547299981,178.8465145769562,9.712762313246936,-0.3849183023854119,Short skate返航,南向返航
276.8,B0200,43577.90959305479,-1311.8709984516645,5186.882298703193,193.59219426115396,359.78096881193403,-0.3127364476653507,3.217132182928502,平飞,无
277.0,A0100,-58916.61004261433,-817.8035339876878,5336.5014475948665,211.05104826820508,178.97682966150808,7.0568227704828175,-0.9731656304625568,Short skate返航,南向返航
277.0,A0200,-51203.07509493692,255.9300737464655,5626.023181794473,172.26457186697016,179.10746152182725,12.046737403089104,1.4724530981586124,Short skate返航,南向返航
277.0,B0200,43616.59515049579,-1311.8590429810429,5184.938953695011,193.59948319053208,0.0505945221831793,5.148863198224985,2.977467072202725,平飞,无
277.2,A0100,-58958.81313695198,-817.0908214053561,5336.70351836284,211.03665350257376,179.06836167416358,3.9767350794265446,1.494063563192147,Short skate返航,南向返航
277.2,A0200,-51237.48467284309,255.8357391182435,5626.169705687553,171.92089959460796,179.29373472065132,10.594170143808926,1.3155191187382844,Short skate返航,南向返航
277.2,B0200,43655.22431357137,-1311.8097226244863,5183.939283927826,192.73474589007927,0.08593461652395,7.667412136561276,-5.623470936268616,平飞,无
277.40000000000003,A0100,-59001.04069635609,-816.3859985063864,5336.911598868257,211.39112872340505,179.0998937870863,0.5047801256159393,3.964766997683408,Short skate返航,南向返航
277.40000000000003,A0200,-51271.861234362375,255.7399875185365,5626.65087944589,171.9222794357924,179.3523106813603,7.427483020325389,0.7399427426624537,Short skate返航,南向返航
277.40000000000003,B0200,43693.67785609682,-1311.8876390940804,5184.1421946439805,191.93247247947093,0.2232848164421901,7.154894634720409,-11.924558668736289,平飞,无
277.6,A0100,-59043.33652857223,-815.6882044195045,5336.648064790068,211.5077213946984,178.67150406109204,-2.841211099021699,4.288046749169323,Short skate返航,南向返航
277.6,A0200,-51306.275871798505,255.6565768255932,5627.119807953939,172.33355006319636,179.51242227389957,3.982837875920318,1.4437228711144898,Short skate返航,南向返航
277.6,B0200,43732.04945595711,-1312.093878689269,5184.828599247096,191.97300758813057,0.771825251966782,4.109370554681424,-9.143267180300612,平飞,无
277.8,A0100,-59085.592377649045,-814.9815604024079,5335.970517523696,211.1547475410169,178.28373660445908,-5.191652078354281,-1.2186925595523348,Short skate返航,南向返航
277.8,A0200,-51340.79189409172,255.58179183146424,5627.187833813823,172.82235536611583,179.5756546456665,0.5817878664610593,4.645552386647166,Short skate返航,南向返航
277.8,B0200,43770.47205095951,-1312.2927878243208,5185.300071877082,192.29325754191296,1.1290209285952872,0.7143967170868557,-4.194242423909281,平飞,无
278.0,A0100,-59127.775154497234,-814.2448177822444,5334.788257732456,211.0799725876987,178.40248189074538,-3.349221099914158,-3.480450064164487,Short skate返航,南向返航
278.0,A0200,-51375.38791445334,255.51131544332748,5626.784802367874,173.0787852465783,179.21598011380777,-2.7443284331863707,5.810426707619693,Short skate返航,南向返航
278.0,B0200,43808.960345003215,-1312.4478555250862,5185.266093241651,192.5822860022234,1.0995344939709448,-2.625889148372043,1.133302774259345,平飞,无
278.2,A0100,-59170.00315984977,-813.5031589993923,5333.0941091976165,211.5695544642357,178.462072661615,0.698530567417488,1.1092769777157845,Short skate返航,南向返航
278.2,A0200,-51409.97202708134,255.4462059011312,5626.09734345552,172.71422669682087,178.89729469561672,-5.400478492657285,0.0668126684579615,Short skate返航,南向返航
278.2,B0200,43847.47863358482,-1312.5653819054533,5184.586571188225,192.5764621818808,0.5709576941259243,-5.642756172835065,2.740088011022056,平飞,无
278.40000000000003,A0100,-59212.29439248444,-812.7614566475604,5331.478765395197,211.60316865071832,178.42876625196402,4.472650377718485,2.2539987603732787,Short skate返航,南向返航
278.40000000000003,A0200,-51444.44222632191,255.41545958362624,5625.339455186208,172.16158755048647,179.0720362731667,-4.840421478245727,-6.1455338195041564,Short skate返航,南向返航
278.40000000000003,B0200,43885.93898648527,-1312.667658418159,5183.391789367317,192.1952146244488,0.0716396646011441,-7.746312841093697,-1.902347192365035,平飞,无
278.6,A0100,-59254.57378535879,-812.0266572797555,5330.578500623404,211.4241942413792,178.48110612124503,6.706909856307655,-0.5935608097499255,Short skate返航,南向返航
278.6,A0200,-51478.86543479043,255.4228147714384,5624.387380175896,172.32169158592592,179.078523237054,-0.6770938649387808,-4.712244734083547,Short skate返航,南向返航
278.6,B0200,43924.3035582106,-1312.7749134053556,5181.584837878087,192.0554970820521,359.98434269773213,-5.68006270230653,-4.649218746646258,平飞,无
278.8,A0100,-59296.85619161322,-811.2742220220316,5330.181256432374,211.52121886852035,178.6768691961091,6.462234537693658,0.6276712924513093,Short skate返航,南向返航
278.8,A0200,-51513.35082486421,255.45786915663484,5623.308605105558,172.67084540419884,178.89504831722297,5.049097888005948,-0.1372408643360847,Short skate返航,南向返航
278.8,B0200,43962.70732264,-1312.868444903208,5179.208178713921,192.73562379431965,359.8008464925343,-0.0634180948414224,-0.4432867864218245,平飞,无
279.0,A0100,-59339.16472155071,-810.5258470679801,5329.991910079614,211.5997218688864,178.7448907879181,3.3676647771044363,2.900168015544146,Short skate返航,南向返航
279.0,A0200,-51547.87270532431,255.51740376519592,5622.538940465973,172.54186698607063,179.04165869151913,9.882583916665023,2.3200189085398866,Short skate返航,南向返航
279.0,B0200,44001.21238350371,-1312.9593509124643,5176.855041798812,192.861146199058,359.74903675551565,5.654996311885786,1.438762653179871,平飞,无
279.2,A0100,-59381.49019414168,-809.7949857892818,5329.863302033511,211.74314210545103,178.5523690849222,-0.1091804423916242,3.495833822375925,Short skate返航,南向返航
279.2,A0200,-51582.34400841064,255.56842194484489,5622.427514352876,172.1424495617271,179.4257938673086,12.665014435222036,2.1911920874653905,Short skate返航,南向返航
279.2,B0200,44039.71874448808,-1313.0460441562827,5175.27158325908,192.56866134490164,359.84988101416576,9.226356413174615,-1.6756902552304584,平飞,无
279.40000000000003,A0100,-59423.82537296768,-809.0629805343888,5329.471932070261,211.5951601256785,178.17564443475646,-3.475267701674848,1.0252260572570349,Short skate返航,南向返航
279.40000000000003,A0200,-51616.72333204474,255.59677620948787,5622.88579689883,171.75414493701675,179.6149044731193,11.601476529966789,1.59773870389468,Short skate返航,南向返航
279.40000000000003,B0200,44078.19415967495,-1313.1466769790568,5174.420963983212,192.2895690927023,359.8843774356837,10.071448594616712,-0.4311506058657766,平飞,无
279.6,A0100,-59466.11313608197,-808.3036107861699,5328.609909685074,211.5085641177737,178.25110964094426,-5.769011600944959,-0.3675113362921082,Short skate返航,南向返航
279.6,A0200,-51651.0542897468,255.60973198776264,5623.707126613299,171.6940491534891,179.61379772234164,8.528420102624409,1.144630903658111,Short skate返航,南向返航
279.6,B0200,44116.62367206714,-1313.2418724722666,5174.102879178652,192.02225713291173,359.78626414102166,7.280311632819021,1.976128965257166,平飞,无
279.8,A0100,-59508.37463811132,-807.5333130109466,5327.026603736966,211.4474798680517,178.17629015086652,-3.8444587909200783,-0.8499336863944175,Short skate返航,南向返航
279.8,A0200,-51685.410193835385,255.62447643206903,5624.563888294459,172.0535356375001,179.68314515176388,5.089997127497021,2.050950317235813,Short skate返航,南向返航
279.8,B0200,44155.02497758198,-1313.3200382178366,5174.179873096848,192.0421951428731,359.6868870969405,3.717981926069236,2.358474206702708,平飞,无
280.0,A0100,-59550.618943764464,-806.7320313073615,5325.304400459852,211.51925781674788,178.16504425526634,0.1493238841866136,-1.6563094919688128,Short skate返航,南向返航
280.0,A0200,-51719.8502927143,255.63755306633905,5625.112422826529,172.32556496018933,179.61925026675212,1.6753218230984994,4.041176541176499,Short skate返航,南向返航
280.0,B0200,44193.46664466836,-1313.3924432403546,5174.149450016557,192.4483454893721,359.5870199142893,0.217104907325966,4.149646470545298,平飞,无
280.2,A0100,-59592.91816280062,-805.9057348718015,5323.644084426283,211.8557444133908,178.23013289855265,4.032063930545444,2.2487096280427563,Short skate返航,南向返航
280.2,A0200,-51754.31530302091,255.63740304714884,5625.430552660688,172.24949548681144,179.24949036403532,-1.7014788131821756,2.58934632185091,Short skate返航,南向返航
280.2,B0200,44231.98447550352,-1313.470536658424,5173.613402599731,192.6629508484844,359.161156156756,-3.1262817181869496,4.117525095537378,平飞,无
280.40000000000003,A0100,-59635.25534784274,-805.091360898623,5322.440558122049,211.67732901578464,178.3013339680617,6.208579264459531,4.722333536685567,Short skate返航,南向返航
280.40000000000003,A0200,-51788.74195142414,255.6466814482737,5625.539739918149,172.09870606037327,179.19629061974047,-4.823159633056286,-0.2905832184417676,Short skate返航,南向返航
280.40000000000003,B0200,44270.46694238039,-1313.5604279427134,5172.763269709612,192.1131745528989,358.7826046395685,-5.596245058969956,-4.353551861701624,平飞,无
280.6,A0100,-59677.56317555683,-804.3191876794772,5321.834213050752,211.5774977307424,178.1754065789793,4.683920122247435,4.702225710542625,Short skate返航,南向返航
280.6,A0200,-51823.16713576803,255.6724287725301,5624.970922243338,172.2363481090321,179.4067515278128,-7.066807511993649,1.5754224123953542,Short skate返航,南向返航
280.6,B0200,44308.80618104007,-1313.7247163871507,5171.865112078958,191.5315826560737,358.893997549823,-4.907532790165371,-12.671261678733982,平飞,无
280.8,A0100,-59719.88561243859,-803.5579176823485,5321.429836290699,211.756598112093,178.049756308113,1.3370897795777792,4.292485583197352,Short skate返航,南向返航
280.8,A0200,-51857.58799438526,255.70580368142328,5623.561123522486,172.25161947085903,179.42436277635505,-6.071669001159265,2.3357417215037644,Short skate返航,南向返航
280.8,B0200,44347.09169452685,-1313.9448285119142,5170.715038219922,191.5816674461593,358.80961652118987,-2.2359159331805403,-10.527538650337238,平飞,无
281.0,A0100,-59762.23116875916,-802.7920804255664,5320.910620184412,211.68293578291065,177.77617083770502,-2.123683327020545,0.3348564520779665,Short skate返航,南向返航
281.0,A0200,-51891.97597438071,255.74321110812525,5621.928772681495,171.9516849291993,179.3510425504763,-2.188955954502362,-3.4603826434817506,Short skate返航,南向返航
281.0,B0200,44385.41480869445,-1314.2154407482958,5169.389126414502,191.87020300142143,358.0938789701659,3.2257672724152693,-5.176060800439972,平飞,无
281.2,A0100,-59804.51009732015,-801.9854138291157,5320.20144209767,211.2898318054283,178.05454548208567,-4.633420703551346,-4.386495655393886,Short skate返航,南向返航
281.2,A0200,-51926.30992050716,255.8436035713385,5620.726357637312,171.6719860793166,179.0964188602454,3.443251693441787,-8.797929049878087,Short skate返航,南向返航
281.2,B0200,44423.78181266573,-1314.576116756587,5168.32872101869,191.92352271436263,357.84369379134915,7.125659738854713,-1.1025073836367056,平飞,无
281.40000000000003,A0100,-59846.745273094064,-801.1680945978806,5318.905943430025,211.48112469327324,178.28426307264334,-2.9016224990386323,-0.1966538960013087,Short skate返航,南向返航
281.40000000000003,A0200,-51960.63370020181,256.0557052313161,5620.015420804819,171.6733910820826,178.61937947979297,8.69829320950466,-6.441022501784934,Short skate返航,南向返航
281.40000000000003,B0200,44462.13645422101,-1314.9892317021477,5167.725109940162,191.6458512471229,357.9387968668352,7.2163016878675075,0.7584102261913268,平飞,无
281.6,A0100,-59889.031745476816,-800.3452111966253,5317.265411360997,211.6661149603439,178.18621430896562,1.1263768106559675,1.2859574144894752,Short skate返航,南向返航
281.6,A0200,-51994.94343266503,256.3561302504095,5619.78673983955,171.30408798436108,178.31484457202708,12.149746604254618,-2.83550903737592,Short skate返航,南向返航
281.6,B0200,44500.45942694924,-1315.4306701628557,5167.511976059861,191.67991691367163,358.13534088964195,4.152264723534015,0.2823941458594743,平飞,无
281.8,A0100,-59931.31547168475,-799.5037405349249,5316.129839494955,211.41454488920195,178.0524165893555,4.800956061262024,-3.984139545975008,Short skate返航,南向返航
281.8,A0200,-52029.14042919676,256.71962192668434,5620.196647051242,170.80341500374263,178.35688118808105,11.531985907597118,-1.908827911808541,Short skate返航,南向返航
281.8,B0200,44538.82943181339,-1315.8989269572155,5167.222811682681,192.13172319593008,358.44884377477695,0.7023311141676623,1.3768416631569145,平飞,无
282.0,A0100,-59973.5580774143,-798.5794351524819,5315.719559895384,211.16550176791063,178.0852332255619,6.923707227103689,-5.879078106644975,Short skate返航,南向返航
282.0,A0200,-52063.27594700835,257.12229914823547,5621.01005311924,170.7223601248974,178.5394191726214,8.558583675070102,-2.0170143957593054,Short skate返航,南向返航
282.0,B0200,44577.28497715896,-1316.3785794685537,5166.469055626509,192.46179198903175,358.4583919104182,-2.69201349810228,3.643266135379553,平飞,无
282.2,A0100,-60015.76947434069,-797.5954128117592,5315.658029191425,211.08804979939217,178.41293110971634,4.5139161903828775,-3.9543980483977794,Short skate返航,南向返航
282.2,A0200,-52097.43473300265,257.5519832225109,5621.862780046238,171.07967343921482,178.86433609928713,5.153531315940712,-1.0275340218082052,Short skate返航,南向返航
282.2,B0200,44615.75066411334,-1316.8647157232772,5165.342238151723,192.28022981022275,358.1929184399412,-5.263491830673575,1.9971077810041773,平飞,无
282.40000000000003,A0100,-60057.993088888914,-796.5810191677083,5315.671859703863,211.33805527379045,178.77054534160135,1.0023340880813791,-1.5287679106178615,Short skate返航,南向返航
282.40000000000003,A0200,-52131.68976550522,257.9879342280692,5622.36281672553,171.53266442573988,179.1181001257184,1.754631770356169,2.2703072760690035,Short skate返航,南向返航
282.40000000000003,B0200,44654.15431814146,-1317.371847101589,5163.930173366665,192.21182972581252,358.288391815723,-4.026667509897652,0.5170276148135505,平飞,无
282.6,A0100,-60100.28162519427,-795.577863182647,5315.2264799130535,211.6899812712261,178.82509925684397,-2.401245736127481,3.231865387099713,Short skate返航,南向返航
282.6,A0200,-52166.02276541128,258.4167957298232,5622.42664186782,171.7372076720033,178.94458857483886,-1.6008538138605364,3.616257587556842,Short skate返航,南向返航
282.6,B0200,44692.59836890127,-1317.89883402735,5162.120597684479,192.6890645380957,358.5385322543265,-0.0314251871037483,3.696367413086761,平飞,无
282.8,A0100,-60142.598955106405,-794.5829054017704,5314.175437021549,211.6024015169652,178.3790284642937,-4.817370220512347,4.035012256481229,Short skate返航,南向返航
282.8,A0200,-52200.34350649639,258.83723323832965,5622.218098793488,171.41496966547325,178.54739755748292,-4.762950466837401,-1.4545188489486789,Short skate返航,南向返航
282.8,B0200,44731.11464853386,-1318.416308034164,5160.360332618348,192.78640138609293,358.86237411767013,4.2829702791905495,3.3225834549731816,平飞,无
283.0,A0100,-60184.84764184017,-793.5857535592986,5312.782010008112,211.27258104912605,178.10852432804134,-4.120939443411623,-1.4763723563044298,Short skate返航,南向返航
283.0,A0200,-52234.565859519535,259.28758329286575,5621.8036152329405,170.88599729111914,178.7111732391824,-7.101495862199971,-7.247334829620846,Short skate返航,南向返航
283.0,B0200,44769.62887537668,-1318.902337270123,5159.262288616606,192.6201860681466,359.2355728228921,6.972384040474834,0.6466006940043055,平飞,无
283.2,A0100,-60227.06364125386,-792.563398093549,5311.185918816867,211.426151674254,178.15328556234226,-0.5019582712013795,-3.5463998015360776,Short skate返航,南向返航
283.2,A0200,-52268.69720362183,259.7448538694771,5620.841242823575,170.74820342890075,178.92828849433465,-5.992995629605483,-6.141729513822142,Short skate返航,南向返航
283.2,B0200,44808.15114370546,-1319.3714489929152,5158.582942530342,192.67028092746648,359.47597109675587,6.761539672936963,3.6460405278406665,平飞,无
283.40000000000003,A0100,-60269.343415111405,-791.5239221901284,5309.512437678,211.79523543884247,178.1287500798663,3.4828188460118943,0.3556943175755593,Short skate返航,南向返航
283.40000000000003,A0200,-52302.86080418666,260.18586418190534,5619.234490025803,171.3362468582733,178.77603780084996,-1.5293972943344674,-0.5512003255071394,Short skate返航,南向返航
283.40000000000003,B0200,44846.68513970501,-1319.799102971865,5158.133254486813,192.7111321557378,359.3619697578411,3.739788499968812,6.273600208348773,平飞,无
283.6,A0100,-60311.66960725973,-790.4811640980879,5308.28282279136,211.67855193994603,178.13925985743916,6.63694492898716,2.933286428211129,Short skate返航,南向返航
283.6,A0200,-52337.11863490618,260.6315989941395,5617.393007730756,171.65270983230724,178.69803805206965,4.234424823352473,2.4211357276055643,Short skate返航,南向返航
283.6,B0200,44885.21652854216,-1320.1694797453565,5157.8759180136185,192.54031121635285,359.011356392518,0.2543333425370828,3.672486395213704,平飞,无
283.8,A0100,-60353.95875058591,-789.4710219210901,5307.866927716506,211.32564590401168,178.1909749370321,8.21038081403358,3.022362200599075,Short skate返航,南向返航
283.8,A0200,-52371.38970689861,261.0721633143621,5616.086736913261,171.22548685579508,178.6942684665135,8.945625461496997,-2.441673733844329,Short skate返航,南向返航
283.8,B0200,44923.697663643376,-1320.5222862424307,5157.704820089795,192.38379921006535,359.0295187502604,-3.2010210744878744,-0.0124959666175789,平飞,无
284.0,A0100,-60396.19172277782,-788.4892321437255,5308.043584148007,211.21456769814105,178.0580332377366,5.555771683178618,2.6795593101662067,Short skate返航,南向返航
284.0,A0200,-52405.55186468484,261.57700665969605,5615.791414891806,170.4935327288722,178.69181645674198,11.61429360587364,-7.257346343670576,Short skate返航,南向返航
284.0,B0200,44962.179793860094,-1320.8827476483166,5156.975173277409,192.5444389008289,359.170847473362,-5.578211665375465,2.797313886232692,Short skate偏转,左转
284.2,A0100,-60438.43609601545,-787.5072839872046,5308.398107308825,211.37607124610284,178.02036972118194,2.044765894287627,2.294453972998991,Short skate返航,南向返航
284.2,A0200,-52439.59981944389,262.1745173840827,5616.166234556124,170.13276740836554,178.8519218542958,10.454492038764291,-6.5866300260037205,Short skate返航,南向返航
284.2,B0200,45000.65443745312,-1321.244441621693,5155.537540751058,192.464414286012,359.1174037088341,-3.874248470849131,3.605943387016416,Short skate偏转,左转
284.40000000000003,A0100,-60480.73987168798,-786.5096754725346,5308.444927506247,211.8228462703378,178.0283996421521,-1.4068910542886033,4.302009832979546,Short skate返航,南向返航
284.40000000000003,A0200,-52473.61802070287,262.8287933756583,5616.824149361251,170.27577607221818,179.10056589190714,7.384707972393123,-4.36418568742892,Short skate返航,南向返航
284.40000000000003,B0200,45039.09983631334,-1321.5942702073116,5154.110036260019,192.3021806600552,359.20228641453167,0.9771093185444428,-1.2098253445583982,Short skate偏转,左转
284.6,A0100,-60523.10019890504,-785.489171861991,5307.834972230063,211.8193704761825,177.66359437346594,-3.85031080686183,4.559192545544274,Short skate返航,南向返航
284.6,A0200,-52507.698580854325,263.4934267973585,5617.357027174465,170.64073122865597,179.34384050199498,4.006971520601031,-0.3519510034695027,Short skate返航,南向返航
284.6,B0200,45077.54249605449,-1321.9600953120937,5153.115389702358,192.3022862238881,359.2575226849117,5.976127154521633,-3.040285335113325,Short skate偏转,左转
284.8,A0100,-60565.42061422212,-784.4405031711503,5306.8001910431885,211.7551324274109,177.74948942300784,-3.1424392001425328,3.798281254811545,Short skate返航,南向返航
284.8,A0200,-52541.85823092361,264.1493101708911,5617.57422688248,171.03534111082774,179.38154303582442,0.6046762001112008,4.287411368509772,Short skate返航,南向返航
284.8,B0200,45115.97667529524,-1322.3465344173965,5152.519659958063,192.02828679361537,359.23822677353013,6.696070043169014,-1.1446895175937275,Short skate偏转,左转
285.0,A0100,-60607.76044022436,-783.3830708234782,5305.442130059841,211.895257924248,177.91744364969196,0.5535007912122644,3.2806456222835427,Short skate返航,南向返航
285.0,A0200,-52576.08668090028,264.78937228240466,5617.360031564243,171.23150518700768,178.9664589327503,-2.7156363544936992,6.347096736506188,Short skate返航,南向返航
285.0,B0200,45154.38678479391,-1322.7494823935704,5152.22583816728,192.2351187912864,359.33104872793416,3.5446512234121093,1.0085465524032229,Short skate偏转,左转
285.2,A0100,-60650.105148870185,-782.3338319916293,5304.4103850393,211.88978413831737,178.31147339114156,4.399816080664921,2.234463441813292,Short skate返航,南向返航
285.2,A0200,-52610.29701832257,265.41107753328833,5616.872710874792,170.8737272884687,178.4486744022905,-5.783328507252374,1.6089559942724014,Short skate返航,南向返航
285.2,B0200,45192.87359367868,-1323.1529481982288,5151.72429846675,192.7109352276768,359.3774352306304,0.0882634677089589,5.1535944356184205,Short skate偏转,左转
285.40000000000003,A0100,-60692.46159291825,-781.3162776233839,5303.849134084452,211.7146582121628,178.60501325816878,6.686687451319088,4.150565148900195,Short skate返航,南向返航
285.40000000000003,A0200,-52644.39791055913,266.03974372768425,5616.146581796042,170.29598233224417,178.45843745129454,-8.03235523245639,-3.886126342901016,Short skate返航,南向返航
285.40000000000003,B0200,45231.43784777561,-1323.5443798298402,5150.836724761848,192.9394486479868,358.93199741425343,-3.2856207281699543,6.122324227576116,Short skate偏转,左转
285.6,A0100,-60734.77430363428,-780.3469910035274,5303.7885933896505,211.62293765425875,178.56840790503747,4.218770299393087,4.304715877200354,Short skate返航,南向返航
285.6,A0200,-52678.39413859449,266.672296515364,5614.829377217378,170.14899325579904,178.59663889686698,-6.792107791467503,-2.6170998377533947,Short skate返航,南向返航
285.6,B0200,45269.96134137762,-1323.9299199564812,5149.7391986037765,192.32632115241637,358.56607935425694,-5.8118152143325945,-1.7869311082986563,Short skate偏转,左转
285.8,A0100,-60777.10430213877,-779.4034677979216,5303.812297138615,211.7972100733797,178.44132561240687,0.6375135939925769,4.30698862682398,Short skate返航,南向返航
285.8,A0200,-52712.41799108742,267.30178123052247,5612.844865545678,170.7679764054566,178.65570045711178,-2.284683722307833,2.8981933985570985,Short skate返航,南向返航
285.8,B0200,45308.336489548514,-1324.359742175824,5148.6325126638985,191.749916021685,358.7743607958409,-5.193622710586553,-9.628308642417462,Short skate偏转,左转
286.0,A0100,-60819.45099725598,-778.4716423858263,5303.609538935572,211.64457202169368,178.03726705138354,-2.776263328256944,0.6250642803249862,Short skate返航,南向返航
286.0,A0200,-52746.542502842414,267.92967774470526,5610.606936877237,171.1613133965724,178.95921733426744,3.3555483585617587,5.717112567904629,Short skate返航,南向返航
286.0,B0200,45346.65688588852,-1324.8238946234303,5147.268596249691,191.8049945304143,358.76624744653327,-2.5440031006281942,-7.062810972366137,Short skate偏转,左转
286.2,A0100,-60861.72256922611,-777.511724636388,5303.120678919877,211.2748983041536,178.2143278297671,-5.140033714696502,-4.121655589196491,Short skate返航,南向返航
286.2,A0200,-52780.701377632,268.49978956750783,5608.857973652317,170.80588973086074,179.24767002127652,7.577153386077698,0.8787676841537928,Short skate返航,南向返航
286.2,B0200,45385.01517940634,-1325.318291772568,5145.7254372474745,192.1001969233853,358.319993134536,2.939104424521216,-1.5547645109058117,Short skate偏转,左转
286.40000000000003,A0100,-60903.945727140126,-776.552853936344,5301.987634552464,211.3181175532674,178.36204765550477,-3.2680062482797294,-0.6462446728922775,Short skate返航,南向返航
286.40000000000003,A0200,-52814.78162871263,269.05021468905034,5608.075152983907,170.19482442084183,179.38252841517345,10.328903196249126,-3.737215860148943,Short skate返航,南向返航
286.40000000000003,B0200,45423.40580441213,-1325.8570135273876,5144.550788901564,191.9397118003208,358.218446939913,7.135998391301485,0.9280906132689892,Short skate偏转,左转
286.6,A0100,-60946.18532707154,-775.5942483514737,5300.507630520289,211.3611399940164,178.16891930740084,0.7595371838494573,-0.1876486709025081,Short skate返航,南向返航
286.6,A0200,-52848.78142576615,269.6342717782645,5607.973809135572,169.87601063010172,179.47673567059343,10.1781678686134,-3.1467547777906084,Short skate返航,南向返航
286.6,B0200,45461.75829173884,-1326.4136896386408,5144.076172315872,191.6574191855361,358.37900380802404,8.65110783313422,0.6304798639053834,Short skate偏转,左转
286.8,A0100,-60988.42214034443,-774.608426359242,5299.448333094431,211.34194733608385,178.1590564074049,4.566367905417764,-0.9835003132523552,Short skate返航,南向返航
286.8,A0200,-52882.75209288602,270.2357088353165,5608.195824068953,169.9892766556838,179.60099313922512,7.469199337418923,-0.9209356741581272,Short skate返航,南向返航
286.8,B0200,45500.06949131187,-1326.9774341672382,5144.092959248854,191.5507136953131,358.5054252193072,6.097326126968039,0.0898238540084657,Short skate偏转,左转
287.0,A0100,-61030.66576773803,-773.6057007854943,5298.928491510145,211.14647331283905,178.13585750068407,6.795497689435961,0.9104917301192506,Short skate返航,南向返航
287.0,A0200,-52916.77800977349,270.8288173526671,5608.354271337841,170.33861731879708,179.64330665946,4.150442982175673,3.1920092088449703,Short skate返航,南向返航
287.0,B0200,45538.40552205591,-1327.5554231575152,5144.195403190704,191.93166039854373,358.67902782793925,2.6397343362585235,1.360188271507755,Short skate偏转,左转
287.2,A0100,-61072.86693929914,-772.5996842350069,5298.937003262199,211.06362866972503,178.05818079059685,4.632309322218329,1.0611178575932398,Short skate返航,南向返航
287.2,A0200,-52950.86783947716,271.3923775906842,5608.320366597967,170.54183639497725,179.30123119643935,0.7545105184885983,5.056681175533655,Short skate返航,南向返航
287.2,B0200,45576.8219310514,-1328.1355741178268,5143.968682193299,192.2320008850897,358.62305350913766,-0.791461870556623,3.656268439341607,Short skate偏转,左转
287.40000000000003,A0100,-61115.10036712387,-771.57817466493,5298.989467938733,211.4718573254056,178.14864790006533,1.2134004340038431,2.8058254720652123,Short skate返航,南向返航
287.40000000000003,A0200,-52984.953875312895,271.9200158647436,5608.223126165274,170.2659811734616,178.73873221356004,-2.632020059007408,0.5366231640535508,Short skate返航,南向返航
287.40000000000003,B0200,45615.25887545245,-1328.7112801373223,5143.458437753685,192.09149514842312,358.2512190027391,-4.101529455625683,1.2110428591837985,Short skate偏转,左转
287.6,A0100,-61157.41055027547,-770.5492963097531,5298.629751681965,211.6526268683941,177.9007081088409,-2.1860770685066817,2.871881145949862,Short skate返航,南向返航
287.6,A0200,-53018.95741538108,272.4596345147147,5608.073914621531,169.86198440591426,178.73322667533742,-5.311719251835278,-4.632309196539642,Short skate返航,南向返航
287.6,B0200,45653.61700133328,-1329.3118583458563,5142.684759460179,191.6605077903759,358.37970263609645,-6.449535090466452,-2.7344045133118406,Short skate偏转,左转
287.8,A0100,-61199.71167332847,-769.4943404915284,5297.832195053124,211.63346841763192,177.96324712691126,-4.645493732114515,1.9718882409536649,Short skate返航,南向返航
287.8,A0200,-53052.90500805214,273.0128108443605,5607.492002657451,169.8410187614782,178.95029850275378,-4.847660897214921,-3.1090099540038345,Short skate返航,南向返航
287.8,B0200,45691.90655500286,-1329.9233433089903,5141.297385110705,191.69202722433675,358.6434871192537,-4.6013241811695575,1.0786021231551226,Short skate偏转,左转
288.0,A0100,-61241.99663025786,-768.4284520250148,5296.416068401479,211.55515528533317,178.0059439411399,-2.5588097131052163,1.5541736967471866,Short skate返航,南向返航
288.0,A0200,-53086.89595060572,273.55789049351006,5606.286795096759,170.36333712259864,178.9848306590782,-1.1673675005348354,2.6101650355490134,Short skate返航,南向返航
288.0,B0200,45730.23817444199,-1330.5366011656552,5139.427304970828,192.0527238794642,358.845462190455,0.937638442442434,3.264655852588956,Short skate偏转,左转
288.2,A0100,-61284.26043832262,-767.3504347672897,5295.087603899054,211.44784990312093,178.02022955819274,2.0166726589708848,-3.9991608206390974,Short skate返航,南向返航
288.2,A0200,-53120.97725683437,274.09752111051057,5604.824288307147,170.7111485341718,179.23624808328995,4.303812760518175,5.62346350776332,Short skate返航,南向返航
288.2,B0200,45768.5922151837,-1331.1308096804569,5138.02038576419,191.6441024273844,358.93784272112,6.089063119903014,-3.8317659596489233,Short skate偏转,左转
288.40000000000003,A0100,-61326.51673319208,-766.2162405490853,5294.220273500756,211.42928573637025,178.07125909240003,5.063994960390331,-5.5753992260368825,Short skate返航,南向返航
288.40000000000003,A0200,-53155.075005032086,274.57804598646544,5603.837731739932,170.32573238657972,179.50292009708187,8.650275850288509,1.024320907442112,Short skate返航,南向返航
288.40000000000003,B0200,45806.82833337151,-1331.8130031602414,5137.759305454438,190.84377539924003,358.7689104856022,9.375750396245609,-9.419380742919078,Short skate偏转,左转
288.6,A0100,-61368.78113734555,-765.0349714030599,5293.705569662521,211.32270788589167,178.0292156219939,5.437571650481873,-3.386026546382215,Short skate返航,南向返航
288.6,A0200,-53189.065691901,275.0345429810186,5603.805393171635,169.6629287233793,179.62859438537103,11.469109146581353,-3.404799535782935,Short skate返航,南向返航
288.6,B0200,45844.93174445317,-1332.6256730778696,5138.279155822151,190.3992702104385,358.89827463477275,7.858351871073796,-7.868875673134527,Short skate偏转,左转
288.8,A0100,-61411.04404725143,-763.8114880539397,5293.446095958785,211.6006613006566,178.2587094189575,2.3528151894919165,-1.0654363745174804,Short skate返航,南向返航
288.8,A0200,-53222.94829019856,275.5133923467256,5604.411173230328,169.3154703087143,179.67941196001613,10.552233163645669,-2.652829537971611,Short skate返航,南向返航
288.8,B0200,45883.00338012697,-1333.5059636768965,5139.073879225685,190.5995632113716,359.22126479367046,4.381435067198785,-5.152794251040381,Short skate偏转,左转
289.0,A0100,-61453.38562091537,-762.5876334134591,5292.910969813012,212.0235418787631,178.31574246093868,-1.072006876281143,3.616470955453488,Short skate返航,南向返航
289.0,A0200,-53256.80109901819,276.0039121462614,5605.2792056866965,169.4594566344019,179.71470756382743,7.553177805929258,-0.487823879481666,Short skate返航,南向返航
289.0,B0200,45921.14407486886,-1334.3827982590485,5139.606883643093,190.9491266335574,359.4634109397008,0.9339540171993692,-0.5973514598816941,Short skate偏转,左转
289.2,A0100,-61495.77130622233,-761.3704949432249,5291.92278610151,211.9835927107776,177.87896863136345,-3.674112592976565,4.391716048065423,Short skate返航,南向返航
289.2,A0200,-53290.7177476642,276.4882123320858,5606.0057542788745,169.82300835539047,179.74010619462598,4.193092082785126,3.4370383622496727,Short skate返航,南向返航
289.2,B0200,45959.35715749351,-1335.2381130723952,5139.632144741325,191.2645671339688,359.33726064130315,-2.4141899975726924,4.530482006043369,Short skate返航,北向返航
289.40000000000003,A0100,-61538.1068554594,-760.1445283136818,5290.664581048655,211.8466290092537,178.00057148296017,-3.0039818279952386,3.4866705935280238,Short skate返航,南向返航
289.40000000000003,A0200,-53324.702549638896,276.94779179827674,5606.4661489026985,170.02333947505608,179.39166348592823,0.8083287185511688,5.180161826915204,Short skate返航,南向返航
289.40000000000003,B0200,45997.60570441227,-1336.0834490119269,5139.016027129801,191.27808613631848,358.72824633930423,-5.420980424426813,6.089444566519847,Short skate返航,北向返航
289.6,A0100,-61580.44975569287,-758.9287361682145,5289.212508569723,211.90282708741785,178.26555694266048,0.7178075625422217,2.799720346413922,Short skate返航,南向返航
289.6,A0200,-53358.68179136922,277.37660518806297,5606.798243991692,169.7163255806814,178.8275657292673,-2.524659095255369,0.5872764835881445,Short skate返航,南向返航
289.6,B0200,46035.77496099659,-1336.9207009141792,5137.990294093102,190.47559516848176,358.12994718024805,-7.520891977111449,-0.2314834811956723,Short skate返航,北向返航
289.8,A0100,-61622.79111672597,-757.742486350151,5288.179155265036,211.8898792661365,178.5978979310738,4.507642853222591,1.9572096137289388,Short skate返航,南向返航
289.8,A0200,-53392.575731580255,277.81864076714555,5607.015339744958,169.3143752114809,178.8526606930384,-5.533252236886344,-4.686049407786352,Short skate返航,南向返航
289.8,B0200,46073.7359356488,-1337.786547628573,5136.793140003967,189.6202804277564,358.0925792698362,-5.498083282635057,-7.094890444795328,Short skate返航,北向返航
290.0,A0100,-61665.14181895577,-756.5996731526029,5287.674160699673,211.68758375358027,178.80042062702302,6.756520522896701,3.9956919525264456,Short skate返航,南向返航
290.0,A0200,-53426.41551787303,278.2621361050951,5606.61392422218,169.19257858650025,179.2851688172317,-7.610189850206508,-3.422018000758356,Short skate返航,南向返航
290.0,B0200,46111.629243019546,-1338.6920810315787,5135.431518269168,189.78079236252012,357.873213409351,-0.1169231111345625,-4.397969564789517,Short skate返航,北向返航
290.2,A0100,-61707.44557042211,-755.5135701895197,5287.683592738969,211.58731746994863,178.72241207580174,4.283171610757107,4.2506880616156,Short skate返航,南向返航
290.2,A0200,-53460.24653339332,278.675614867705,5605.239253856958,169.53588672970804,179.4250039644455,-6.479646715471929,2.195921732688864,Short skate返航,南向返航
290.2,B0200,46149.57943219073,-1339.6375636015146,5134.114865279978,189.98815558729015,357.62452126242266,5.55726993181164,0.90968339329291,Short skate返航,北向返航
290.40000000000003,A0100,-61749.76502217952,-754.4612244378623,5287.781286377984,211.75550039869276,178.5694535835163,0.7100387979554132,4.288867416247106,Short skate返航,南向返航
290.40000000000003,A0200,-53494.13275293957,279.0862658580663,5603.167706796092,169.92206863335912,179.53198864481988,-2.9554653383187386,5.733459108732716,Short skate返航,南向返航
290.40000000000003,B0200,46187.53266354701,-1340.6053869027928,5133.23654404813,189.77849561353497,357.761237714742,7.11545029392884,3.087118690228768,Short skate返航,北向返航
290.6,A0100,-61792.10087841395,-753.4271627318885,5287.650940242325,211.59853696047256,178.1739218456907,-2.7025927099671825,0.5435592408307028,Short skate返航,南向返航
290.6,A0200,-53528.05322731889,279.4585730439685,5601.143824289793,169.81865694572866,179.7567056437403,1.8172797645225756,1.9088418035473949,Short skate返航,南向返航
290.6,B0200,46225.468228676655,-1341.5585868943017,5132.843304856655,189.7567940037856,357.9365725118161,5.418836739594781,2.8580570624853765,Short skate返航,北向返航
290.8,A0100,-61834.36123652372,-752.3736776117075,5287.2309474203685,211.22385705733012,178.34188858155704,-5.064234828670803,-4.279069629279051,Short skate返航,南向返航
290.8,A0200,-53561.95312211378,279.797808238578,5599.785310747586,169.51150369963895,179.92415819406438,6.655895339560903,-1.9592547207830435,Short skate返航,南向返航
290.8,B0200,46263.42173858751,-1342.501902029835,5132.602401971049,189.9160411669804,358.0002158662708,2.144536208107796,2.451132304663261,Short skate返航,北向返航
291.0,A0100,-61876.57360147449,-751.3293962943644,5286.161597802562,211.2665227513199,178.45212637789334,-3.194794375142937,-0.8631113657954272,Short skate返航,南向返航
291.0,A0200,-53595.832228163854,280.14301974038244,5599.032217574826,169.4220369711148,179.99498691484948,10.242649574944958,0.0755685259137287,Short skate返航,南向返航
291.0,B0200,46301.435044127225,-1343.4542960019935,5132.113160039007,190.4627641463063,358.0737160085821,-1.2891491083386046,3.882573349863814,Short skate返航,北向返航
291.2,A0100,-61918.80311073649,-750.2906298060734,5284.738851152739,211.3114285106448,178.21840647960974,0.8289357782373663,-0.4552341108515212,Short skate返航,南向返航
291.2,A0200,-53629.68562364777,280.47143924924967,5598.760182152342,169.04310138904603,180.0237897756533,11.592647737565622,2.819292617997462,Short skate返航,南向返航
291.2,B0200,46339.538914277065,-1344.419209447351,5131.037115391377,190.70906941147464,357.83743745729623,-3.9550877077520297,3.858274826233288,Short skate返航,北向返航
291.40000000000003,A0100,-61961.02960053644,-749.2258534895045,5283.731736109516,211.29493221996808,178.16877284774893,4.637936555236808,-1.2481053612700677,Short skate返航,南向返航
291.40000000000003,A0200,-53663.43889157176,280.7522280892226,5599.106972467256,168.50305336546816,179.90960302412842,9.59438424115547,1.7494351701685775,Short skate返航,南向返航
291.40000000000003,B0200,46377.597571570535,-1345.385566356959,5129.7896493141925,190.14418031284328,357.6030380613509,-2.6854271641739067,-4.2400984559802,Short skate返航,北向返航
291.6,A0100,-62003.26254514364,-748.1438993718366,5283.260565666682,211.0984619293383,178.11461212214098,6.868087771563654,0.673921002745946,Short skate返航,南向返航
291.6,A0200,-53697.08776655104,281.0060341999342,5600.0305666301865,168.23656248374232,179.85592843162965,6.256596982200919,-2.1717460043408146,Short skate返航,南向返航
291.6,B0200,46415.552661188805,-1346.4360336081118,5128.945732269604,189.75069382139003,357.4001160231783,1.2088536935854928,-11.359711500709135,Short skate返航,北向返航
291.8,A0100,-62045.45160079493,-747.0580780167656,5283.319538880034,211.0108792844531,178.02816837339063,4.703086912574894,0.8560804230779848,Short skate返航,南向返航
291.8,A0200,-53730.74452417114,281.2676933302246,5600.964587068516,168.5644624156158,180.05729935362203,2.7860047458892763,-2.849748563588464,Short skate返航,南向返航
291.8,B0200,46453.48491355561,-1347.6102344930405,5128.403679928098,189.88847967041184,357.25158466674526,3.6973938575690526,-8.427686643154626,Short skate返航,北向返航
292.0,A0100,-62087.67200598191,-745.9576397333549,5283.424043968873,211.41552205489305,178.11687242071534,1.2838167597425183,2.619084260174112,Short skate返航,南向返航
292.0,A0200,-53764.50787634032,281.51589435913047,5601.373994161178,169.0869800339236,180.2741648887665,-0.5877382610592797,-0.074982620261049,Short skate返航,南向返航
292.0,B0200,46491.461406272734,-1348.85589466495,5127.953511949796,190.06013816195585,357.1723734236119,4.4887899341393975,-2.835667883355052,Short skate返航,北向返航
292.2,A0100,-62129.96909692148,-744.8518739389256,5283.116723801912,211.5931663473309,177.86962652924797,-2.1160917488871145,2.683358851868704,Short skate返航,南向返航
292.2,A0200,-53798.3523548056,281.74077079672134,5601.17504770049,169.28405286290015,180.10045648926425,-3.790325027020227,1.1936331543403629,Short skate返航,南向返航
292.2,B0200,46529.47381551363,-1350.1394090624672,5127.491606114723,190.3432008706383,357.2818622999443,2.000273772192451,1.8192616716869656,Short skate返航,北向返航
292.40000000000003,A0100,-62172.25699868673,-743.7220533212785,5282.37157605042,211.57065190737856,177.93163518659753,-4.574155845515732,1.7719030057241911,Short skate返航,南向返航
292.40000000000003,A0200,-53832.18105500307,281.95174847855014,5600.552345323704,168.99580313891002,179.6943901615566,-6.283560740720644,-3.8062657920865943,Short skate返航,南向返航
292.40000000000003,B0200,46567.53948329153,-1351.429615316607,5126.820578541367,190.5241364655569,357.0841657750311,-1.313160090377845,2.4587582296060515,Short skate返航,北向返航
292.6,A0100,-62214.55309310701,-742.5739440513316,5280.889315173652,211.8663453726426,178.24844726241884,-2.477251061547227,6.692322886315617,Short skate返航,南向返航
292.6,A0200,-53865.91652620441,282.18837173769134,5599.633929254618,168.56578776659322,179.5231068505991,-5.592892404971076,-9.476111053561926,Short skate返航,南向返航
292.6,B0200,46605.60371123991,-1352.7316061635283,5125.980966334715,190.42759628619288,356.9106562631724,-4.077864174169133,-3.3140498094679387,Short skate返航,北向返航
292.8,A0100,-62256.89886893907,-741.4464479987982,5279.170120186733,211.9602145532615,178.74308743990295,2.289019647980599,7.705733563060713,Short skate返航,南向返航
292.8,A0200,-53899.6156239939,282.45783069494064,5598.44070936344,168.7617828115614,179.13960525778506,-1.4446887759400306,-8.143117509412129,Short skate返航,南向返航
292.8,B0200,46643.64941931864,-1354.0702731496058,5124.776859695168,190.59035743335963,357.11032552601745,-3.620537570917531,-6.290565834729656,Short skate返航,北向返航
293.0,A0100,-62299.20454136896,-740.4305519935406,5278.173921581216,211.2101015573476,178.94219040475554,5.550345865581064,-1.6222007711863606,Short skate返航,南向返航
293.0,A0200,-53933.387673575686,282.7567641824535,5597.051035320812,169.23881489845076,178.57111970077057,4.2388240971527935,-2.777910369393239,Short skate返航,南向返航
293.0,B0200,46681.76662400855,-1355.4106596533163,5122.979862954297,191.2118299605016,357.1832764601087,-0.8169103168409237,-2.2991790386320017,Short skate返航,北向返航
293.2,A0100,-62341.340184462926,-739.3932003075388,5278.315017056753,210.38848284944893,179.1375892512501,5.391519483955431,-8.955442452331063,Short skate返航,南向返航
293.2,A0200,-53967.22789709736,283.09431223868523,5595.835968208561,169.32448106337552,178.40781078548625,9.234543739200417,2.550587231427824,Short skate返航,南向返航
293.2,B0200,46719.96925028841,-1356.767721076092,5121.037845093233,191.4753783708795,357.1947459098723,4.807703514225098,3.235701376909608,Short skate返航,北向返航
293.40000000000003,A0100,-62383.38554166495,-738.2911055819714,5278.866694538501,210.37583415467776,179.6899539555895,2.226155443923034,-6.177206880486054,Short skate返航,南向返航
293.40000000000003,A0200,-54001.0530782914,283.4295475796061,5595.175459247872,168.9324224264935,178.6849492966705,12.28155282841913,4.719768207863734,Short skate返航,南向返航
293.40000000000003,B0200,46758.18693218896,-1358.1085361681544,5119.660831666162,191.0482435839748,357.4392083889904,8.292928888985063,3.0542534702350377,Short skate返航,北向返航
293.6,A0100,-62425.473909166176,-737.2232029791412,5279.063742494407,210.6376567198835,179.95763441400987,-1.1683228445582563,-1.4064062500180547,Short skate返航,南向返航
293.6,A0200,-54034.79400671344,283.7248966305524,5595.129211513118,168.57015701956857,178.95695992528005,11.495403619320454,4.034953970400548,Short skate返航,南向返航
293.6,B0200,46796.31960876047,-1359.4153122031348,5119.115045763047,190.7139715026373,357.56442526503594,6.793066222380671,-1.3479106950891706,Short skate返航,北向返航
293.8,A0100,-62467.60813758286,-736.2050273826972,5278.575175130289,210.87281202747948,179.81304250967514,-4.3356064012454825,3.706195249906997,Short skate返航,南向返航
293.8,A0200,-54068.49647464734,283.9886647282765,5595.469663062235,168.52045081783365,179.1215826548684,8.53376401553238,2.924029882309309,Short skate返航,南向返航
293.8,B0200,46834.47630816521,-1360.7383092534037,5118.754998235203,191.1612444016895,357.8098161969692,3.4592912465055154,-0.9824277604055828,Short skate返航,北向返航
294.0,A0100,-62509.74965607293,-735.213139797881,5277.286394472885,210.7116439027456,179.20729786987673,-6.458672755210859,4.326089768479923,Short skate返航,南向返航
294.0,A0200,-54102.2090944498,284.2375189284103,5595.941674531696,168.67433224734833,179.2641976544549,5.09155403684217,2.175214138892882,Short skate返航,南向返航
294.0,B0200,46872.72516080142,-1362.0634095331625,5118.111012926718,191.60152072234948,357.912705753082,0.0321977367114444,2.880887152285255,Short skate返航,北向返航
294.2,A0100,-62551.80234512807,-734.2363268030931,5275.556292333113,210.4015514790384,178.89887306438564,-4.586641374936227,-1.5685655657466515,Short skate返航,南向返航
294.2,A0200,-54135.97206555621,284.4829852751791,5596.26810918951,169.01865454054348,179.39350344869047,1.6263676065147874,3.152911104280776,Short skate返航,南向返航
294.2,B0200,46911.0373904309,-1363.3803524328978,5117.087912813851,191.7949261941726,357.5431248230768,-3.352056112274483,3.6997511742075977,Short skate返航,北向返航
294.40000000000003,A0100,-62593.83687183648,-733.2574976990436,5273.597574502936,210.6187925268669,178.85677861968247,-0.6810882708673355,-3.7873635694120256,Short skate返航,南向返航
294.40000000000003,A0200,-54169.81142496078,284.7230161145308,5596.188020710168,169.35053883705902,179.20279988165856,-1.7560587439620423,3.448142181803384,Short skate返航,南向返航
294.40000000000003,B0200,46949.33162966405,-1364.6993858064016,5115.759146685359,191.59837562270863,357.21875763887573,-5.897566095462609,-1.9861968289796503,Short skate返航,北向返航
294.6,A0100,-62635.9383764873,-732.2790918788342,5271.576241974395,210.9324899701094,178.72838697113906,3.282213728693029,0.1200719748100867,Short skate返航,南向返航
294.6,A0200,-54203.68290277939,284.9677817408665,5595.696204967549,169.33909022095213,178.9520123603077,-4.49016385753196,-2.447766990037588,Short skate返航,南向返航
294.6,B0200,46987.56786184117,-1366.0472116608798,5114.003603634501,191.53252421502023,357.3095645276026,-4.2288208718558575,-4.959606245912131,Short skate返航,北向返航
294.8,A0100,-62678.07397166824,-731.3096141686547,5270.02323424743,210.7504809787611,178.65057888867034,6.3748534923807885,2.8042421256039844,Short skate返航,南向返航
294.8,A0200,-54237.51204363856,285.2426630127193,5594.899094855955,169.09436796509434,179.02888889603474,-4.036142193903455,-8.63995318421192,Short skate返航,南向返航
294.8,B0200,47025.853679666725,-1367.406772135644,5111.808987468099,192.20363241272048,357.20948155650177,1.4743243979024747,-0.9012079132229784,Short skate返航,北向返航
295.0,A0100,-62720.17482126012,-730.3823993027509,5269.303380927977,210.395732124026,178.6331535728756,7.898173641904098,3.0275330398045868,Short skate返航,南向返航
295.0,A0200,-54271.32654780722,285.551612601339,5593.857167555569,169.29784315327348,178.7617481855957,0.1520919625699291,-7.394596759812762,Short skate返航,南向返航
295.0,B0200,47064.23500217525,-1368.783150084164,5109.709102193032,192.313399583063,357.27734390421443,6.419805738628231,4.500971524664202,Short skate返航,北向返航
295.2,A0100,-62762.22465962962,-729.4917932580647,5269.188971175219,210.2919423787378,178.4667689743172,5.241995802494795,2.771401029025938,Short skate返航,南向返航
295.2,A0200,-54305.196944791074,285.90731222536124,5592.788244270803,169.5548862288545,178.2643107103673,5.717453741646926,-2.938856108515158,Short skate返航,南向返航
295.2,B0200,47102.61482568321,-1370.1216564832284,5108.254967466397,191.90670935753843,357.47500639446827,7.95889046444518,4.085868319849333,Short skate返航,北向返航
295.40000000000003,A0100,-62804.28853712652,-728.6140353484589,5269.263575157154,210.45405144457703,178.29940505489157,1.737111817896068,2.577993717984234,Short skate返航,南向返航
295.40000000000003,A0200,-54339.09040784945,286.3201318651445,5592.081955405942,169.41396474203955,178.1339695840198,10.194505837780964,-0.4057520711212689,Short skate返航,南向返航
295.40000000000003,B0200,47140.9289012148,-1371.412286340681,5107.60679268809,191.65793768211853,357.6428439610113,6.226918774943668,-0.5944992777733014,Short skate返航,北向返航
295.6,A0100,-62846.41035264923,-727.7233779363814,5269.045635935741,210.91500044607287,178.20088920774273,-1.7139040221815312,4.509097730632537,Short skate返航,南向返航
295.6,A0200,-54372.931836339776,286.76832853011365,5591.990750451798,168.99323488534003,178.33934721215337,12.495777403387311,-0.3768144333721652,Short skate返航,南向返航
295.6,B0200,47179.27752457997,-1372.711468178426,5107.101933066093,192.1325935330348,357.9152799868785,2.931076412282863,-0.22701205723457,Short skate返航,北向返航
295.8,A0100,-62888.58943963971,-726.8074939292164,5268.16822066034,210.91418039891835,177.82659135998887,-4.138456850205919,4.665184731328169,Short skate返航,南向返航
295.8,A0200,-54406.684475498805,287.2322646658831,5592.432071354502,168.66535941503898,178.5441425739434,11.16298216478294,-0.7999105055441428,Short skate返航,南向返航
295.8,B0200,47217.71159487259,-1374.0061172340284,5106.343711150006,192.45084748038985,357.9338408042773,-0.4985476206277162,1.993884318245307,Short skate返航,北向返航
296.0,A0100,-62930.71903958229,-725.8687433230407,5266.9254894097685,210.85789291723884,177.98430387635,-2.277088700439693,3.859698207606056,Short skate返航,南向返航
296.0,A0200,-54440.398901731314,287.71173164169886,5593.197840777346,168.6398445485426,178.71527381750087,8.065011046827497,-1.1906012760651177,Short skate返航,南向返航
296.0,B0200,47256.17375999,-1375.2899027835338,5105.397594179391,192.41105926957945,357.6534383287034,-3.910135391733883,0.3744127371839924,Short skate返航,北向返航
296.2,A0100,-62972.88514854288,-724.9307634998295,5265.489567921017,211.02837113122,178.15151244009763,1.7742421109505064,2.802742640261588,Short skate返航,南向返航
296.2,A0200,-54474.1359558579,288.2067627061515,5593.997386390303,168.90733430412058,178.96894116030884,4.635963544550286,-0.1821107652141126,Short skate返航,南向返航
296.2,B0200,47294.59970684959,-1376.5839434988811,5104.114131860271,192.3340464337913,357.6580938980137,-6.366102247837302,-1.0729602061035943,Short skate返航,北向返航
296.40000000000003,A0100,-63015.02440763216,-723.9933218900624,5264.678871477678,210.42705645400383,178.014104620913,5.355760347467491,-7.589508638589643,Short skate返航,南向返航
296.40000000000003,A0200,-54507.943750057646,288.7046196828378,5594.519640357117,169.2525070272985,179.14379304336467,1.2139585141052809,3.1350816693999857,Short skate返航,南向返航
296.40000000000003,B0200,47333.00848347058,-1377.8843533834297,5102.089869636347,192.56676309697733,357.78353521170555,-4.515932199832064,2.875835065328085,Short skate返航,北向返航
296.6,A0100,-63057.00042485713,-722.8575451150937,5265.043902568756,209.5619820191832,177.88112598599375,7.346330226801939,-15.594927171653964,Short skate返航,南向返航
296.6,A0200,-54541.820602294654,289.19431373343104,5594.616622877664,169.51327690258324,178.8974891825679,-2.124847749281708,4.5637698607278185,Short skate返航,南向返航
296.6,B0200,47371.46051719851,-1379.1820479181115,5099.715652773302,192.8144738059126,358.08251817419193,1.1956253710982188,3.983920183982576,Short skate返航,北向返航
296.8,A0100,-63098.84173959819,-721.5113644845333,5266.0328199534815,209.2848852535496,178.57645447680298,4.989031108999067,-14.7404364296532,Short skate返航,南向返航
296.8,A0200,-54575.71980502923,289.68685446840755,5594.278901435242,169.48455043639797,178.54776908658425,-5.207217494302281,-0.5255552310754632,Short skate返航,南向返航
296.8,B0200,47409.92377395702,-1380.4357845590785,5098.002576358591,192.2519397939156,358.2156322899061,6.355265937682206,-3.791231195020489,Short skate返航,北向返航
297.0,A0100,-63140.679790626586,-720.1120861391137,5266.975262793581,209.51704246890336,179.41517963241466,1.6128507005309638,-12.30683574094934,Short skate返航,南向返航
297.0,A0200,-54609.58262699617,290.20013011603805,5593.476770739246,169.27047082575834,178.76899942109978,-7.506376905859533,-6.301448340448991,Short skate返航,南向返航
297.0,B0200,47448.24765070288,-1381.7738648500126,5097.592954114061,191.3100606216178,358.03452781534503,9.385669914560795,-9.52725079163627,Short skate返航,北向返航
297.2,A0100,-63182.58658511888,-718.785797176828,5267.356945781263,209.7573041914105,180.0355036608087,-1.668756713796815,-7.759461488565186,Short skate返航,南向返航
297.2,A0200,-54643.38650031615,290.70885233128865,5592.057597629162,169.20342046376595,178.98850044630123,-6.486718597409029,-5.074578114494663,Short skate返航,南向返航
297.2,B0200,47486.42323915623,-1383.2499569182874,5098.041577964195,190.8647236572238,358.22573192497094,7.666364664781161,-7.931253655866629,Short skate返航,北向返航
297.40000000000003,A0100,-63224.53293355947,-717.5567358876287,5266.94850368554,209.90765142275015,180.304683898596,-4.683391644924684,-2.864964955216691,Short skate返航,南向返航
297.40000000000003,A0200,-54677.20676792679,291.20931190161355,5590.11007958691,169.63275388520637,178.88388636576764,-2.108717756889273,0.5363421891097333,Short skate返航,南向返航
297.40000000000003,B0200,47524.56906165538,-1384.785734031404,5098.764963350008,191.06309949246224,358.56356917660844,4.209657079506044,-4.994869887843805,Short skate返航,北向返航
297.6,A0100,-63266.48758758885,-716.4109148810021,5265.580958720511,210.01809689434475,180.1791225261413,-6.741750606983469,2.128956013062884,Short skate返航,南向返航
297.6,A0200,-54711.10240176504,291.7126576129667,5588.03659422175,169.9270058681183,178.95766730427738,3.615550837982584,3.455807528970937,Short skate返航,南向返航
297.6,B0200,47562.78159138328,-1386.3105685491391,5099.2319747516885,191.40035759412316,358.7435560454564,0.7589953571886997,-0.2248106386255044,Short skate返航,北向返航
297.8,A0100,-63308.4144720156,-715.3136164798307,5263.453519727846,209.88445424474773,179.90778979874344,-4.805392306145078,2.296835788133316,Short skate返航,南向返航
297.8,A0200,-54745.03398651096,292.1923837812901,5586.41170452788,169.7345435399905,179.09898330997518,8.48329206191546,-1.197447563284577,Short skate返航,南向返航
297.8,B0200,47601.046377700295,-1387.8053270463352,5099.266204170566,191.46076746956388,358.50995231168866,-2.591880387389426,3.2831309211209128,Short skate返航,北向返航
298.0,A0100,-63350.3183660127,-714.2594812491589,5261.237236251673,209.9824940515788,180.0052707002712,-0.5906442657391117,1.1358860738257093,Short skate返航,南向返航
298.0,A0200,-54778.9148030739,292.6966448239364,5585.604872861542,169.22420605418,179.10288929246565,11.615694458918572,-5.581960991988346,Short skate返航,南向返航
298.0,B0200,47639.28640961063,-1389.2738199928826,5098.876102762901,191.19263376949064,357.9766627809327,-5.6015452308762885,2.055393995440085,Short skate返航,北向返航
298.2,A0100,-63392.29186619984,-713.259789267293,5259.099487014842,210.3796506755812,180.1979714164304,3.314887008559361,5.090746359892573,Short skate返航,南向返航
298.2,A0200,-54812.70706687136,293.2713501955004,5585.533075312949,168.7342052908032,179.07395108609512,12.578737021947816,-4.755650541949537,Short skate返航,南向返航
298.2,B0200,47677.45195784188,-1390.7422943360543,5097.915762152035,190.9069682127236,357.78133591828663,-7.622516514178213,0.5308474559936288,Short skate返航,北向返航
298.40000000000003,A0100,-63434.31371790665,-712.3717475827507,5257.459235080911,210.10502280471795,180.3081214611829,6.32726373165547,5.412186449782179,Short skate返航,南向返航
298.40000000000003,A0200,-54846.41017202512,293.8950667667814,5586.007675489134,168.4476800212711,179.10709665635827,10.474615040080687,-3.4612123814825786,Short skate返航,南向返航
298.40000000000003,B0200,47715.573958372326,-1392.2182371209929,5096.015804109647,191.20611156837623,357.84918125354926,-5.755402151807189,4.282805192175863,Short skate返航,北向返航
298.6,A0100,-63476.27110258492,-711.6179750457413,5256.794948567844,209.71116472447213,180.39030061599783,8.007638766454106,1.746041664121326,Short skate返航,南向返航
298.6,A0200,-54880.08756276806,294.5467985141768,5586.757483276026,168.54223358201742,179.2018200325657,7.196551699419708,-1.3122796750771588,Short skate返航,南向返航
298.6,B0200,47753.746695890775,-1393.6965636350724,5093.543192004534,191.5243969569044,358.0814928871273,-1.4766170959247238,5.473130875755255,Short skate返航,北向返航
298.8,A0100,-63518.20603177756,-710.9368342694252,5256.752020161966,209.7198401176696,180.42720828192228,7.566460202358384,3.4334489389125764,Short skate返航,南向返航
298.8,A0200,-54913.81046051192,295.20044743590915,5587.434908450512,168.8244778911905,179.30101850440312,3.753817212976484,2.517089851700474,Short skate返航,南向返航
298.8,B0200,47791.93998208171,-1395.116295367523,5091.458732532421,191.1206756702788,358.25837877637684,3.3991549540083645,-1.9756334457228728,Short skate返航,北向返航
299.0,A0100,-63560.14585835798,-710.3309493040033,5257.012047891527,209.7095286306651,180.16609999565824,4.456917012860185,6.150644339955463,Short skate返航,南向返航
299.0,A0200,-54947.59082178101,295.83383531005893,5587.8557154488735,169.03233252845234,179.0236439342073,0.3416226705295081,4.213671403194919,Short skate返航,南向返航
299.0,B0200,47830.04710248501,-1396.565541814296,5090.469871239882,190.4160233903575,358.11353303208324,7.251837956281567,-7.580613873324582,Short skate返航,北向返航
299.2,A0100,-63602.06558743329,-709.8083746250086,5257.502572637837,209.45788313557048,179.681434126724,0.9642089020657788,3.134192483105714,Short skate返航,南向返航
299.2,A0200,-54981.39325172217,296.4518319336857,5587.984555827366,169.00843273700534,178.52594450072593,-2.959244668176214,-0.3575576045864116,Short skate返航,南向返航
299.2,B0200,47868.05558693489,-1398.1098391239757,5090.304556299161,190.0093618411261,357.9622577854879,7.398367141438138,-6.036608526393874,Short skate返航,北向返航
299.40000000000003,A0100,-63643.909737959,-709.3176164362158,5258.066214355145,209.1357602140496,179.69536985998488,-2.4583760658980154,-0.981022501714018,Short skate返航,南向返航
299.40000000000003,A0200,-55015.17565109845,297.0876102911134,5587.744690957534,168.91391777451454,178.6020886309261,-5.932830777872157,-5.588885794399814,Short skate返航,南向返航
299.40000000000003,B0200,47906.02848698735,-1399.707570820945,5090.483087067918,190.1776399603904,358.1078460434651,4.374529098699261,-3.358248486706217,Short skate返航,北向返航
299.6,A0100,-63685.7396724474,-708.8413770135958,5258.003314047455,209.22427251100385,179.89156317877897,-4.697846605537295,2.228220474743477,Short skate返航,南向返航
299.6,A0200,-55048.936489943895,297.71709077303603,5586.826869092824,168.89019859113006,179.07046825079516,-8.053545529996317,-4.2498192745443655,Short skate返航,南向返航
299.6,B0200,47944.06601003293,-1401.3056874249596,5090.482616045574,190.53672695841576,358.2500404862357,0.963301896526319,1.1738492303726848,Short skate返航,北向返航
299.8,A0100,-63727.56385633626,-708.3891519195422,5257.179910383147,209.07585974246464,179.7428357337199,-2.7658976886858926,2.750307435926494,Short skate返航,南向返航
299.8,A0200,-55082.67015490411,298.31485144408725,5585.073923317934,169.02708748418706,179.19712813590496,-6.860321106450933,1.442779019026349,Short skate返航,南向返航
299.8,B0200,47982.16210260848,-1402.8784348344489,5090.126405474559,190.6762162876838,357.920831591612,-2.4284784208522936,2.4723784490472696,Short skate返航,北向返航
300.0,A0100,-63769.366794761496,-707.9534345034408,5256.275720021738,209.18601393401784,179.9173594241239,1.4709900287872577,1.7604671237283989,Short skate返航,南向返航
300.0,A0200,-55116.42900249697,298.9036186952326,5582.786580004038,169.3818567183136,179.28662484364654,-2.599421015689192,5.0140897045153165,Short skate返航,南向返航
300.0,B0200,48020.22152456982,-1404.4339430767468,5089.564587293302,190.16824360852328,357.4847083296673,-5.577841711931809,-4.710411720147992,Short skate返航,北向返航
