Time_s,Missile_ID,Launcher_ID,Type,Status,X_m,Y_m,Z_m,Velocity_m_s,Target_ID,Distance_to_Target_km,Data_Type
44.800000000000004,B1001,B0100,R-27ER,ACTIVE,30744.476612720042,4083.6926377188706,6614.771728914827,332.3856833655488,A0100,59.841639996120946,Trajectory
45.0,B1001,B0100,R-27ER,ACTIVE,30676.94756238477,4078.0893807026014,6614.088422541681,346.4416078138377,A0100,59.70803906025826,Trajectory
45.2,B1001,B0100,R-27ER,ACTIVE,30606.611451456924,4072.252691331975,6613.376694715977,360.5597196082984,A0100,59.571690923991326,Trajectory
45.400000000000006,B1001,B0100,R-27ER,ACTIVE,30533.455952290202,4066.181271735629,6612.6364123359845,374.73953432146016,A0100,59.43255801191884,Trajectory
45.6,B1001,B0100,R-27ER,ACTIVE,30457.46883659457,4059.873824800111,6611.867448989339,388.9805429476687,A0100,59.290637073349615,Trajectory
45.800000000000004,B1001,B0100,R-27ER,ACTIVE,30378.637980626958,4053.329051847675,6611.069683937368,403.2821842160565,A0100,59.14588706284696,Trajectory
46.0,B1001,B0100,R-27ER,ACTIVE,30296.951433181664,4046.5453459724067,6610.242996050007,417.6435942174207,A0100,58.99837459338817,Trajectory
46.2,B1001,B0100,R-27ER,ACTIVE,30212.39735600743,4039.521157316016,6609.387266601255,432.06445499544816,A0100,58.84809960239044,Trajectory
46.400000000000006,B1001,B0100,R-27ER,ACTIVE,30124.96398898272,4032.2551129957806,6608.502368410734,446.5441508067298,A0100,58.695021603224944,Trajectory
46.6,B1001,B0100,R-27ER,ACTIVE,30034.639697849932,4024.7458440919154,6607.588167547456,461.08203849449086,A0100,58.539067866394575,Trajectory
46.800000000000004,B1001,B0100,R-27ER,ACTIVE,29941.41297952778,4016.991986426652,6606.644536620253,475.67744728231304,A0100,58.38031005347489,Trajectory
47.0,B1001,B0100,R-27ER,ACTIVE,29845.272467722418,4008.9921812381585,6605.671355447961,490.3296774381817,A0100,58.21872665703115,Trajectory
47.2,B1001,B0100,R-27ER,ACTIVE,29746.20693885165,4000.745075679666,6604.668497937225,505.0380000577844,A0100,58.0542913441048,Trajectory
47.400000000000006,B1001,B0100,R-27ER,ACTIVE,29644.20531795553,3992.2493230037667,6603.6358330531675,519.8016562898633,A0100,57.886933685992524,Trajectory
47.6,B1001,B0100,R-27ER,ACTIVE,29539.256684537995,3983.503583076091,6602.573236560144,534.6198572866489,A0100,57.71668377953247,Trajectory
47.800000000000004,B1001,B0100,R-27ER,ACTIVE,29431.350278680933,3974.5065227964324,6601.480593235177,549.4917826959469,A0100,57.54348775244052,Trajectory
48.0,B1001,B0100,R-27ER,ACTIVE,29320.475507343544,3965.256816716384,6600.357791372966,564.4165809228099,A0100,57.36736468523992,Trajectory
48.2,B1001,B0100,R-27ER,ACTIVE,29206.62195072379,3955.753147514907,6599.204721769951,579.3933679300254,A0100,57.188274254049766,Trajectory
48.400000000000006,B1001,B0100,R-27ER,ACTIVE,29089.77936872149,3945.9942066280128,6598.021275543977,594.4212273284459,A0100,57.006236607494486,Trajectory
48.6,B1001,B0100,R-27ER,ACTIVE,28969.937707511337,3935.9786946962836,6596.80734493324,609.4992091626932,A0100,56.82121060321799,Trajectory
48.800000000000004,B1001,B0100,R-27ER,ACTIVE,28847.087106226772,3925.705322195856,6595.562821929286,624.6263299353875,A0100,56.63321662474569,Trajectory
49.0,B1001,B0100,R-27ER,ACTIVE,28721.217903774064,3915.172809863608,6594.287599427622,639.8015713920181,A0100,56.44221369394925,Trajectory
49.2,B1001,B0100,R-27ER,ACTIVE,28592.32064574905,3904.379889332802,6592.981570115214,655.0238805172085,A0100,56.24823101202693,Trajectory
49.400000000000006,B1001,B0100,R-27ER,ACTIVE,28460.386091512966,3893.3253033402584,6591.644631013271,670.2921679554638,A0100,56.05123314923495,Trajectory
49.6,B1001,B0100,R-27ER,ACTIVE,28325.405221323406,3882.007806244746,6590.27668926722,685.6053088509572,A0100,55.851265264486315,Trajectory
49.800000000000004,B1001,B0100,R-27ER,ACTIVE,28187.36924332755,3870.426165445631,6588.877664371707,700.9621428595474,A0100,55.64831140782256,Trajectory
50.0,B1001,B0100,R-27ER,ACTIVE,28046.26960035296,3858.57916369482,6587.447490762099,716.3614748305253,A0100,55.442447438953764,Trajectory
50.2,B1001,B0100,R-27ER,ACTIVE,27902.45562477106,3846.4956555733334,6585.989738876797,723.1862628839242,A0100,55.23397647961544,Trajectory
50.400000000000006,B1001,B0100,R-27ER,ACTIVE,27758.49657065248,3834.391117458749,6584.530471871315,721.4113570359492,A0100,55.02544402828145,Trajectory
50.6,B1001,B0100,R-27ER,ACTIVE,27614.89127650377,3822.3071559948116,6583.074738453106,719.6443349651548,A0100,54.81733943271227,Trajectory
50.800000000000004,B1001,B0100,R-27ER,ACTIVE,27471.638203868355,3810.24333183743,6581.6224822504155,717.885136453009,A0100,54.609504497275125,Trajectory
51.0,B1001,B0100,R-27ER,ACTIVE,27328.735823088944,3798.1992133913686,6580.173635235806,716.1337377592781,A0100,54.40173813739571,Trajectory
51.2,B1001,B0100,R-27ER,ACTIVE,27186.18260237492,3786.174405196337,6578.72814487149,714.3901508905418,A0100,54.19413204778945,Trajectory
51.400000000000006,B1001,B0100,R-27ER,ACTIVE,27043.977002271364,3774.168560737009,6577.285991540734,712.6543907760172,A0100,53.98684010375402,Trajectory
51.6,B1001,B0100,R-27ER,ACTIVE,26902.11747886817,3762.181372334398,6575.847197487226,710.9264453361512,A0100,53.779910600195905,Trajectory
51.800000000000004,B1001,B0100,R-27ER,ACTIVE,26760.602491316542,3750.212551749875,6574.411816149602,709.2062774820467,A0100,53.573295768592814,Trajectory
52.0,B1001,B0100,R-27ER,ACTIVE,26619.430506610894,3738.2618190459243,6572.979905508782,707.4938409778825,A0100,53.3669223519416,Trajectory
52.2,B1001,B0100,R-27ER,ACTIVE,26478.600000805134,3726.3289001636126,6571.551499254732,705.7890900100291,A0100,53.16081700952838,Trajectory
52.400000000000006,B1001,B0100,R-27ER,ACTIVE,26338.109459104373,3714.4135261283905,6570.126598374953,704.0919783959685,A0100,52.95499307259624,Trajectory
52.6,B1001,B0100,R-27ER,ACTIVE,26197.957375970505,3702.5154319409894,6568.705181323047,702.4024594196799,A0100,52.74945239351386,Trajectory
52.800000000000004,B1001,B0100,R-27ER,ACTIVE,26058.142255154733,3690.6343557548344,6567.287219667507,700.720485447553,A0100,52.544167228572846,Trajectory
53.0,B1001,B0100,R-27ER,ACTIVE,25918.662609850875,3678.770037988385,6565.872688551362,699.0460084975093,A0100,52.33915546736472,Trajectory
53.2,B1001,B0100,R-27ER,ACTIVE,25779.51696250696,3666.9222216532007,6564.461569954079,697.3789821118107,A0100,52.13442202626649,Trajectory
53.400000000000006,B1001,B0100,R-27ER,ACTIVE,25640.703844474854,3655.0906531000546,6563.053852637786,695.7193605482357,A0100,51.92999069977662,Trajectory
53.6,B1001,B0100,R-27ER,ACTIVE,25502.221796209633,3643.2750813084185,6561.649527509821,695.1436516607179,A0100,51.72586886934595,Trajectory
53.800000000000004,B1001,B0100,R-27ER,ACTIVE,25362.67490964404,3631.3561730187203,6560.2344332441735,706.4186951300777,A0100,51.52067731984766,Trajectory
54.0,B1001,B0100,R-27ER,ACTIVE,25220.881527181624,3619.2327301351993,6558.7965711155275,717.7029569913359,A0100,51.31317448958691,Trajectory
54.2,B1001,B0100,R-27ER,ACTIVE,25076.839922582843,3606.9042449547537,6557.335905988301,728.9955718063665,A0100,51.10337961198099,Trajectory
54.400000000000006,B1001,B0100,R-27ER,ACTIVE,24930.54854369917,3594.370221508454,6555.852407470548,740.2956593862211,A0100,50.89127221133155,Trajectory
54.6,B1001,B0100,R-27ER,ACTIVE,24782.006015356113,3581.630175693333,6554.3460503123615,751.6023251535148,A0100,50.676875144258254,Trajectory
54.800000000000004,B1001,B0100,R-27ER,ACTIVE,24631.228547019673,3568.633722764647,6552.813678943409,762.7705107710478,A0100,50.46018418775538,Trajectory
54.800000000000004,B1002,B0100,R-27ER,ACTIVE,27638.372457633755,4690.334304408269,7102.39860045121,350.07735824115025,A0100,53.57389231374305,Trajectory
55.0,B1001,B0100,R-27ER,ACTIVE,24478.23592399098,3555.3342461198176,6551.252035912352,773.9365594292154,A0100,50.24123596308417,Trajectory
55.0,B1002,B0100,R-27ER,ACTIVE,27567.50119872426,4682.550048444124,7100.989234003605,364.22620727295384,A0100,53.4373563770623,Trajectory
55.2,B1001,B0100,R-27ER,ACTIVE,24323.028560278606,3541.728484922587,6549.662152232779,785.1022835502622,A0100,50.02001271687772,Trajectory
55.2,B1002,B0100,R-27ER,ACTIVE,27493.81196285411,4674.455629814211,7099.523768432319,378.43803230032944,A0100,53.2979451464522,Trajectory
55.400000000000006,B1001,B0100,R-27ER,ACTIVE,24165.60530505261,3527.817952326765,6548.04235878399,796.2767139354747,A0100,49.796533563560125,Trajectory
55.400000000000006,B1002,B0100,R-27ER,ACTIVE,27417.292298137334,4666.049443930378,7098.001931942472,392.7123966620124,A0100,53.15566549218841,Trajectory
55.6,B1001,B0100,R-27ER,ACTIVE,24005.96693638109,3513.5989641626757,6546.392364217298,807.442894980355,A0100,49.57078184367126,Trajectory
55.6,B1002,B0100,R-27ER,ACTIVE,27337.929847556385,4657.329862445331,7096.423450357842,407.0487546756792,A0100,53.01048871741668,Trajectory
55.800000000000004,B1001,B0100,R-27ER,ACTIVE,23844.114199905605,3499.069280387266,6544.714039850675,818.6123611801199,A0100,49.34277623121933,Trajectory
55.800000000000004,B1002,B0100,R-27ER,ACTIVE,27255.712416925046,4648.294976330031,7094.788021033442,421.4465034431829,A0100,52.86241945703272,Trajectory
56.0,B1001,B0100,R-27ER,ACTIVE,23680.04718433678,3484.2281543741174,6543.005582668594,829.7770446030025,A0100,49.11248361350342,Trajectory
56.0,B1002,B0100,R-27ER,ACTIVE,27170.62787617448,4638.943048439042,7093.095358606628,435.9052834213779,A0100,52.711413876177986,Trajectory
56.2,B1001,B0100,R-27ER,ACTIVE,23513.76697837332,3469.073226823648,6541.266246429663,840.9350045148155,A0100,48.87990769869251,Trajectory
56.2,B1002,B0100,R-27ER,ACTIVE,27082.66418061249,4629.272418002716,7091.345183268356,450.4245555155616,A0100,52.557460660664276,Trajectory
56.400000000000006,B1001,B0100,R-27ER,ACTIVE,23345.275803211076,3453.6001596524707,6539.497522229257,852.0891133984927,A0100,48.64507464470373,Trajectory
56.400000000000006,B1002,B0100,R-27ER,ACTIVE,26991.809395636832,4619.281430666996,7089.537218045019,465.00375503806714,A0100,52.40057045450186,Trajectory
56.6,B1001,B0100,R-27ER,ACTIVE,23174.575014042864,3437.8066546135287,6537.702583884572,863.2325824017335,A0100,48.407969104975805,Trajectory
56.6,B1002,B0100,R-27ER,ACTIVE,26898.051701876666,4608.968439240203,7087.671193247773,479.6422899734402,A0100,52.24071540567712,Trajectory
56.800000000000004,B1001,B0100,R-27ER,ACTIVE,23001.66636658381,3421.690637379016,6535.881331538838,874.3710647382296,A0100,48.16861426101046,Trajectory
56.800000000000004,B1002,B0100,R-27ER,ACTIVE,26801.379400669382,4598.331804331234,7085.746846294809,494.33954058337673,A0100,52.07790551287789,Trajectory
57.0,B1001,B0100,R-27ER,ACTIVE,22826.551511462952,3405.2505175262813,6534.032323582038,885.501238989718,A0100,47.92699478792962,Trajectory
57.0,B1002,B0100,R-27ER,ACTIVE,26701.780919740933,4587.369894749497,7083.763920796817,509.0948580485578,A0100,51.91211434868043,Trajectory
57.2,B1001,B0100,R-27ER,ACTIVE,22649.2333871911,3388.48219918749,6532.155573495447,896.6156918735903,A0100,47.68313405330686,Trajectory
57.2,B1002,B0100,R-27ER,ACTIVE,26599.244819080646,4576.081088112932,7081.722162488991,523.9075644931019,A0100,51.74335078129093,Trajectory
57.400000000000006,B1001,B0100,R-27ER,ACTIVE,22469.713557458017,3371.385714222394,6530.249950560696,907.7293801967171,A0100,47.437015974178514,Trajectory
57.400000000000006,B1002,B0100,R-27ER,ACTIVE,26493.759796812057,4564.463771330408,7079.62131928958,538.7769520760345,A0100,51.57158697094663,Trajectory
57.6,B1001,B0100,R-27ER,ACTIVE,22287.994384675767,3353.9588196455015,6528.31570285716,918.8236068896055,A0100,47.18866234730181,Trajectory
57.6,B1002,B0100,R-27ER,ACTIVE,26385.31469520929,4552.516341295934,7077.461139497206,553.7022827491021,A0100,51.39683056706962,Trajectory
57.800000000000004,B1001,B0100,R-27ER,ACTIVE,22104.08038330507,3336.1962904173565,6526.35333114562,929.902755270805,A0100,46.93805873147226,Trajectory
57.800000000000004,B1002,B0100,R-27ER,ACTIVE,26273.898506788417,4540.237205379237,7075.241372950477,568.6827872801517,A0100,51.219053052573635,Trajectory
58.0,B1001,B0100,R-27ER,ACTIVE,21917.973746252268,3318.097863113647,6524.3619117229,940.9702124335386,A0100,46.685226561286,Trajectory
58.0,B1002,B0100,R-27ER,ACTIVE,26159.500380562076,4527.624782162274,7072.961769684805,583.7176649054766,A0100,51.03826197669986,Trajectory
58.2,B1001,B0100,R-27ER,ACTIVE,21730.108670111575,3299.7025573438223,6522.345557721856,943.3685461497246,A0100,46.43058322889126,Trajectory
58.2,B1002,B0100,R-27ER,ACTIVE,26042.10962839715,4514.677501931013,7070.622081291686,598.8060823545748,A0100,50.85442897133177,Trajectory
58.400000000000006,B1001,B0100,R-27ER,ACTIVE,21542.699575168215,3281.224744882136,6520.325333103613,939.6088009554368,A0100,46.176372740058994,Trajectory
58.400000000000006,B1002,B0100,R-27ER,ACTIVE,25921.71573153068,4501.393807448227,7068.222059655006,613.9471734557742,A0100,50.66756178198847,Trajectory
58.6,B1001,B0100,R-27ER,ACTIVE,21356.049034035746,3262.693675663376,6518.304952616825,935.8737939588601,A0100,45.922880534117766,Trajectory
58.6,B1002,B0100,R-27ER,ACTIVE,25798.308347205,4487.772154447332,7065.761458349252,629.1400381732907,A0100,50.477632360216276,Trajectory
58.800000000000004,B1001,B0100,R-27ER,ACTIVE,21170.151940069252,3244.1089426302788,6516.282969142002,932.1684671305894,A0100,45.670120522856365,Trajectory
58.800000000000004,B1002,B0100,R-27ER,ACTIVE,25671.877315452282,4473.811012441124,7063.240031387755,644.3837421748287,A0100,50.284648748961274,Trajectory
59.0,B1001,B0100,R-27ER,ACTIVE,20985.002694666087,3225.470694604671,6514.258086668458,928.4871905962292,A0100,45.41805293551383,Trajectory
59.0,B1002,B0100,R-27ER,ACTIVE,25542.41266602133,4459.5088652001505,7060.657534525316,659.677315788032,A0100,50.08856827902868,Trajectory
59.2,B1001,B0100,R-27ER,ACTIVE,20800.59785101725,3206.7753078568244,6512.228425268909,924.8250635427951,A0100,45.166679005648014,Trajectory
59.2,B1002,B0100,R-27ER,ACTIVE,25409.90462546032,4444.864211791051,7058.013721992607,675.0197540779742,A0100,49.889384271898685,Trajectory
59.400000000000006,B1001,B0100,R-27ER,ACTIVE,20616.932227140544,3188.0225205556276,6510.196465372783,921.1901426880069,A0100,44.91601066135061,Trajectory
59.400000000000006,B1002,B0100,R-27ER,ACTIVE,25274.34362389656,4429.875567978917,7055.308350678914,690.4100173393722,A0100,49.68710216052256,Trajectory
59.6,B1001,B0100,R-27ER,ACTIVE,20434.00135959429,3169.210763595084,6508.1628397272,917.5822029360402,A0100,44.666027676613524,Trajectory
59.6,B1002,B0100,R-27ER,ACTIVE,25135.720302037913,4414.541467112265,7052.541185510582,705.8470287794662,A0100,49.48169714703682,Trajectory
59.800000000000004,B1001,B0100,R-27ER,ACTIVE,20251.799954231607,3150.339842035189,6506.12992950009,913.9961825258123,A0100,44.41674730551179,Trajectory
59.800000000000004,B1002,B0100,R-27ER,ACTIVE,24994.025518583083,4398.8604609039585,7049.712000195032,721.3296741124761,A0100,49.27318260615829,Trajectory
60.0,B1001,B0100,R-27ER,ACTIVE,20070.32314084376,3131.4094331700353,6504.097511185658,910.4394860595744,A0100,44.1681500167385,Trajectory
60.0,B1002,B0100,R-27ER,ACTIVE,24849.607043579002,4382.870616124865,7046.827700691363,728.2405467295529,A0100,49.06189590659321,Trajectory
60.2,B1001,B0100,R-27ER,ACTIVE,19889.56527121976,3112.420279988399,6502.0682788405775,906.9081487564977,A0100,43.92025042208577,Trajectory
60.2,B1002,B0100,R-27ER,ACTIVE,24705.026882258553,4366.85524174181,7043.939423540922,726.5513619942479,A0100,48.85043486404659,Trajectory
60.400000000000006,B1001,B0100,R-27ER,ACTIVE,19709.522716999483,3093.369544391007,6500.040016253164,903.3932844485879,A0100,43.67302786609589,Trajectory
60.400000000000006,B1002,B0100,R-27ER,ACTIVE,24560.78268824069,4350.869163699123,7041.057084132537,724.8691012357344,A0100,48.63928474324067,Trajectory
60.6,B1001,B0100,R-27ER,ACTIVE,19530.192154409204,3074.2542699553273,6498.011503109077,899.8984456218059,A0100,43.426497445079,Trajectory
60.6,B1002,B0100,R-27ER,ACTIVE,24416.873119824468,4334.911962468297,7038.180630180091,723.1937226969122,A0100,48.4284621306557,Trajectory
60.800000000000004,B1001,B0100,R-27ER,ACTIVE,19351.569094102382,3055.073836135391,6495.981657132805,896.4281251931802,A0100,43.18063707583559,Trajectory
60.800000000000004,B1002,B0100,R-27ER,ACTIVE,24273.29684367987,4318.9832194173005,7035.3100085959995,721.5251845828838,A0100,48.21794918735096,Trajectory
61.0,B1001,B0100,R-27ER,ACTIVE,19173.650790457592,3035.8239361855435,6493.949643760886,892.9735074097624,A0100,42.935461931297716,Trajectory
61.0,B1002,B0100,R-27ER,ACTIVE,24130.052534842023,4303.0825168426145,7032.445164012844,719.8634455643485,A0100,48.00776211291564,Trajectory
61.2,B1001,B0100,R-27ER,ACTIVE,18996.432297668125,3016.5052131702582,6491.914187614402,889.5462444622672,A0100,42.69094943670966,Trajectory
61.2,B1002,B0100,R-27ER,ACTIVE,23987.138876655434,4287.209437756483,7029.586040103174,718.2084643265102,A0100,47.797882879500705,Trajectory
61.400000000000006,B1001,B0100,R-27ER,ACTIVE,18819.909110979166,2997.11663620465,6489.877440884275,886.136189231401,A0100,42.44711324672004,Trajectory
61.400000000000006,B1002,B0100,R-27ER,ACTIVE,23844.554560756067,4271.363565941031,7026.732578176458,716.5601999976411,A0100,47.588327590207776,Trajectory
61.6,B1001,B0100,R-27ER,ACTIVE,18644.078078185794,2977.6557583226786,6487.835132484143,882.7505167175959,A0100,42.203932198260745,Trajectory
61.6,B1002,B0100,R-27ER,ACTIVE,23702.298287021247,4255.544485721135,7023.884718538135,714.9186117480606,A0100,47.37907817915523,Trajectory
61.6,A1001,A0100,AIM-120C-7,ACTIVE,-23340.91332298697,-1278.7619283009776,6050.799743803293,352.218646932659,B0100,49.88359858234819,Trajectory
61.800000000000004,B1001,B0100,R-27ER,ACTIVE,18468.93500368539,2958.1214736016377,6485.786227647735,879.3833113203947,A0100,41.96142015251741,Trajectory
61.800000000000004,B1002,B0100,R-27ER,ACTIVE,23560.368763544786,4239.751782037548,7021.04239909143,713.2836591607863,A0100,47.17015073014857,Trajectory
61.800000000000004,A1001,A0100,AIM-120C-7,ACTIVE,-23269.01270583241,-1282.6087293132837,6049.839794380086,369.3164476769789,B0100,49.78513744411649,Trajectory
62.0,B1001,B0100,R-27ER,ACTIVE,18294.475443894393,2938.513546252541,6483.7312840120085,876.0411680609604,A0100,41.7195549322679,Trajectory
62.0,B1002,B0100,R-27ER,ACTIVE,23418.764706594568,4223.985040202946,7018.20555670609,711.6553018830232,A0100,46.9615271730543,Trajectory
62.0,A1001,A0100,AIM-120C-7,ACTIVE,-23193.682586848183,-1286.4800058513645,6048.863576483944,386.4843233208862,B0100,49.6836877409247,Trajectory
62.2,B1001,B0100,R-27ER,ACTIVE,18120.69600797329,2918.8294276077054,6481.669063815618,872.7127261365903,A0100,41.47835102413786,Trajectory
62.2,B1002,B0100,R-27ER,ACTIVE,23277.48484058209,4208.243845992703,7015.374125813405,710.0334999413815,A0100,46.7532236084611,Trajectory
62.2,A1001,A0100,AIM-120C-7,ACTIVE,-23114.908962830486,-1290.3687949306875,6047.872160579941,403.7125789858551,B0100,49.57975173077313,Trajectory
62.400000000000006,B1001,B0100,R-27ER,ACTIVE,17947.5936581281,2899.066724734809,6479.59774692796,869.4074950756703,A0100,41.23777308463774,Trajectory
62.400000000000006,B1002,B0100,R-27ER,ACTIVE,23136.527898037963,4192.527785364999,7012.548039677302,708.4182133405579,A0100,46.54520820399782,Trajectory
62.400000000000006,A1001,A0100,AIM-120C-7,ACTIVE,-23032.68503509971,-1294.174542424778,6046.88379689375,420.9106795988186,B0100,49.47386573684161,Trajectory
62.6,B1001,B0100,R-27ER,ACTIVE,17775.163828251527,2879.225362599871,6477.517288211756,866.1211909184489,A0100,40.997815917638405,Trajectory
62.6,B1002,B0100,R-27ER,ACTIVE,22995.89261957699,4176.836444808735,7009.7272273179315,706.8094031271899,A0100,46.33747666754527,Trajectory
62.6,A1001,A0100,AIM-120C-7,ACTIVE,-22947.00508655512,-1297.8301014917513,6045.91050160764,438.173062966083,B0100,49.36621783423313,Trajectory
62.800000000000004,B1001,B0100,R-27ER,ACTIVE,17603.403314183335,2859.302797444678,6475.429178183753,862.8558615058575,A0100,40.75849722956056,Trajectory
62.800000000000004,B1002,B0100,R-27ER,ACTIVE,22855.57775333154,4161.169412009045,7006.91161908829,705.2070326887351,A0100,46.13004697565302,Trajectory
62.800000000000004,A1001,A0100,AIM-120C-7,ACTIVE,-22857.857046603785,-1301.326865271924,6044.953487582762,455.49885350979264,B0100,49.256740391189496,Trajectory
63.0,B1001,B0100,R-27ER,ACTIVE,17432.308179240663,2839.298117822046,6473.3331957988175,859.6116611480471,A0100,40.5197981616371,Trajectory
63.0,B1002,B0100,R-27ER,ACTIVE,22715.582054580536,4145.526275912217,7004.101152001397,703.611065435559,A0100,45.922903539600235,Trajectory
63.0,A1001,A0100,AIM-120C-7,ACTIVE,-22765.229001803353,-1304.6564287864028,6044.013906434432,472.88712837393484,B0100,49.14550470460668,Trajectory
63.2,B1001,B0100,R-27ER,ACTIVE,17261.87457398889,2819.2097529166836,6471.233689312387,856.3834090856828,A0100,40.281740005590045,Trajectory
63.2,B1002,B0100,R-27ER,ACTIVE,22575.90428573506,4129.90662668095,7001.295769649286,702.0214651808234,A0100,45.71607008408872,Trajectory
63.2,A1001,A0100,AIM-120C-7,ACTIVE,-22669.109207805195,-1307.810566089891,6043.092850423131,490.33691869657457,B0100,49.032684473823,Trajectory
63.400000000000006,B1001,B0100,R-27ER,ACTIVE,17092.099193790476,2799.0356702800927,6469.135714951969,853.1781663730496,A0100,40.04429860000751,Trajectory
63.400000000000006,B1002,B0100,R-27ER,ACTIVE,22436.543216379254,4114.310055370089,6998.495422800108,701.5147501745898,A0100,45.50952534456669,Trajectory
63.400000000000006,A1001,A0100,AIM-120C-7,ACTIVE,-22569.486100917096,-1310.7812110443535,6042.191359405473,507.84720977684213,B0100,48.918325928066885,Trajectory
63.6,B1001,B0100,R-27ER,ACTIVE,16922.978468556805,2778.7742385963606,6467.041067021209,849.989667630372,A0100,39.80749180288796,Trajectory
63.6,B1002,B0100,R-27ER,ACTIVE,22296.106903711512,4098.580404919332,6995.672111491775,712.8592100120813,A0100,45.30189013412883,Trajectory
63.6,A1001,A0100,AIM-120C-7,ACTIVE,-22466.348309366786,-1313.5604409570456,6041.310429666051,525.4169410778273,B0100,48.80246861005342,Trajectory
63.6,A1002,A0100,AIM-120C-7,ACTIVE,-22664.957057250027,-1314.6986860761042,6051.845456117697,370.4864999809411,B0100,48.998417134814545,Trajectory
63.800000000000004,B1001,B0100,R-27ER,ACTIVE,16754.50858549313,2758.424825762849,6464.949908409028,846.8226305831811,A0100,39.571300401849825,Trajectory
63.800000000000004,B1002,B0100,R-27ER,ACTIVE,22153.41671700498,4082.585242267034,6992.802111134581,724.2145409890471,A0100,45.091964986966886,Trajectory
63.800000000000004,A1001,A0100,AIM-120C-7,ACTIVE,-22359.684664334545,-1316.1404624421482,6040.451023096159,543.0450064826226,B0100,48.68536695379879,Trajectory
63.800000000000004,A1002,A0100,AIM-120C-7,ACTIVE,-22589.405486564614,-1318.8142584474829,6052.373974768833,387.60613234549857,B0100,48.912178057833536,Trajectory
64.0,B1001,B0100,R-27ER,ACTIVE,16586.68623155551,2737.9855155600335,6462.863397492712,843.6696595233994,A0100,39.33574077537084,Trajectory
64.0,B1002,B0100,R-27ER,ACTIVE,22008.470631968903,4066.3238270647457,6989.885341766799,735.579892768899,A0100,44.87976731866348,Trajectory
64.0,A1001,A0100,AIM-120C-7,ACTIVE,-22249.484210613202,-1318.513599369797,6039.6140696791535,560.7302567254868,B0100,48.56715662380911,Trajectory
64.0,A1002,A0100,AIM-120C-7,ACTIVE,-22510.41973205636,-1322.9421190640282,6052.940198259762,404.77627293594117,B0100,48.824954246889654,Trajectory
64.2,B1001,B0100,R-27ER,ACTIVE,16419.50902878608,2717.453233207324,6460.779047493189,840.5348874516908,A0100,39.100793005924295,Trajectory
64.2,B1002,B0100,R-27ER,ACTIVE,21861.26679555595,4049.795431745204,6986.921726392853,746.9543989006744,A0100,44.66527927920326,Trajectory
64.2,A1001,A0100,AIM-120C-7,ACTIVE,-22135.736216612215,-1320.6722828279676,6038.800457280022,578.4715014869179,B0100,48.44751289433185,Trajectory
64.2,A1002,A0100,AIM-120C-7,ACTIVE,-22427.994506158604,-1326.964037612783,6053.553268274495,421.9193150645975,B0100,48.736408795174846,Trajectory
64.4,B1001,B0100,R-27ER,ACTIVE,16252.973888010834,2696.8258430702663,6458.698843087289,837.4140434582748,A0100,38.866472508656514,Trajectory
64.4,B1002,B0100,R-27ER,ACTIVE,21711.803529167435,4032.9993418510494,6983.911188886274,758.3371773665215,A0100,44.44851713834957,Trajectory
64.4,A1001,A0100,AIM-120C-7,ACTIVE,-22018.430184151443,-1322.6090419193174,6038.01102348665,596.2675071186711,B0100,48.32624709629285,Trajectory
64.4,A1002,A0100,AIM-120C-7,ACTIVE,-22342.1234370325,-1330.8188286227273,6054.217814601855,439.12694969968794,B0100,48.64634821732541,Trajectory
64.60000000000001,B1001,B0100,R-27ER,ACTIVE,16087.078739515197,2676.0997626798603,6456.619539244204,834.3090149475173,A0100,38.6327588936895,Trajectory
64.60000000000001,B1002,B0100,R-27ER,ACTIVE,21560.111811401883,4015.847308216484,6980.84469914097,769.4844520071456,A0100,44.22948397229702,Trajectory
64.60000000000001,A1001,A0100,AIM-120C-7,ACTIVE,-21897.555858466818,-1324.3164953377966,6037.2465584104075,614.1169953583973,B0100,48.20340648513507,Trajectory
64.60000000000001,A1002,A0100,AIM-120C-7,ACTIVE,-22252.79451094417,-1334.497226733627,6054.934452100291,456.3982941476499,B0100,48.55481750114825,Trajectory
64.8,B1001,B0100,R-27ER,ACTIVE,15921.820162741453,2655.2739605976217,6454.542418605703,831.2250351022628,A0100,38.39966711110683,Trajectory
64.8,B1002,B0100,R-27ER,ACTIVE,21406.225461740854,3998.2649747726045,6977.715500931256,780.6338658138848,A0100,44.008221858883054,Trajectory
64.8,A1001,A0100,AIM-120C-7,ACTIVE,-21773.103238153628,-1325.7873445636008,6036.507811337974,632.0186434332146,B0100,48.07903382236824,Trajectory
64.8,A1002,A0100,AIM-120C-7,ACTIVE,-22159.995868925882,-1337.990200002327,6055.7037516675555,473.73242608174525,B0100,48.46185701654875,Trajectory
65.0,B1001,B0100,R-27ER,ACTIVE,15757.194220006644,2634.3484568928966,6452.463071547568,828.1571945964112,A0100,38.16717511148171,Trajectory
65.0,B1002,B0100,R-27ER,ACTIVE,21250.146246720265,3980.2453409790123,6974.522267655767,791.7790251890569,A0100,43.784714505693586,Trajectory
65.0,A1001,A0100,AIM-120C-7,ACTIVE,-21645.062585062173,-1327.0143680041317,6035.795498473535,649.9710832753515,B0100,47.95311258459397,Trajectory
65.0,A1002,A0100,AIM-120C-7,ACTIVE,-22063.71581768866,-1341.2889272432144,6056.526248338217,491.12838332902714,B0100,48.36744770035082,Trajectory
65.2,B1001,B0100,R-27ER,ACTIVE,15593.19814499009,2613.3210151176663,6450.381473505792,825.1056627526219,A0100,37.935298324132816,Trajectory
65.2,B1002,B0100,R-27ER,ACTIVE,21091.875427114388,3961.783330898772,6971.264701010465,802.922291991689,A0100,43.55898011933801,Trajectory
65.2,A1001,A0100,AIM-120C-7,ACTIVE,-21513.42443426152,-1327.9904156131588,6035.110311788916,667.9729008465422,B0100,47.82564348919677,Trajectory
65.2,A1002,A0100,AIM-120C-7,ACTIVE,-21963.942840242304,-1344.3847781392146,6057.40245039338,508.58516369936297,B0100,48.27158759539559,Trajectory
65.4,B1001,B0100,R-27ER,ACTIVE,15429.830117801783,2592.1877417849387,6448.295867072711,822.0693528241297,A0100,37.70399995652803,Trajectory
65.4,B1002,B0100,R-27ER,ACTIVE,20931.41363237057,3942.8759906865544,6967.9414677111145,814.0662750767002,A0100,43.33098597567504,Trajectory
65.4,A1001,A0100,AIM-120C-7,ACTIVE,-21378.179603918237,-1328.7084047540823,6034.452928586859,686.0226376743694,B0100,47.69687060419224,Trajectory
65.4,A1002,A0100,AIM-120C-7,ACTIVE,-21860.66560618755,-1347.2692965043732,6058.332849108334,526.101726219773,B0100,48.174518179108496,Trajectory
65.60000000000001,B1001,B0100,R-27ER,ACTIVE,15267.08709420833,2570.947094655983,6446.205616487675,819.0470952239739,A0100,37.47328126861358,Trajectory
65.60000000000001,B1002,B0100,R-27ER,ACTIVE,20768.76165127345,3923.520230628331,6964.550926868222,825.2064481453015,A0100,43.10073479336758,Trajectory
65.60000000000001,A1001,A0100,AIM-120C-7,ACTIVE,-21239.319204439842,-1329.1613190025955,6033.824015886301,704.1187960665675,B0100,47.5669901654772,Trajectory
65.60000000000001,A1002,A0100,AIM-120C-7,ACTIVE,-21753.872981298064,-1349.9341880731065,6059.317923326722,543.6769942446451,B0100,48.07643341590184,Trajectory
65.8,B1001,B0100,R-27ER,ACTIVE,15104.966016310662,2549.5976464261826,6444.11303531397,816.0448293670877,A0100,37.243155909839864,Trajectory
65.8,B1002,B0100,R-27ER,ACTIVE,20603.921150222057,3903.7118299625704,6961.091643326848,836.3468197435601,A0100,42.86824225877946,Trajectory
65.8,A1001,A0100,AIM-120C-7,ACTIVE,-21096.834646840733,-1329.342207737244,6033.2242221406705,722.2598386723382,B0100,47.435719240241745,Trajectory
65.8,A1002,A0100,AIM-120C-7,ACTIVE,-21643.554036360027,-1352.3713104489545,6060.358131448198,561.3098545225938,B0100,47.97704784687874,Trajectory
66.0,B1001,B0100,R-27ER,ACTIVE,14943.465359390513,2528.1346378570806,6442.019220980542,813.0506317879015,A0100,37.01360681141088,Trajectory
66.0,B1002,B0100,R-27ER,ACTIVE,20436.892347461813,3883.449357958758,6957.565951647601,847.4827946662497,A0100,42.63349354868896,Trajectory
66.0,A1001,A0100,AIM-120C-7,ACTIVE,-20950.71765190194,-1329.244182112063,6032.654169388794,740.444181732736,B0100,47.30281694258256,Trajectory
66.0,A1002,A0100,AIM-120C-7,ACTIVE,-21529.698056318113,-1354.572660642752,6061.453903763451,578.9991532522815,B0100,47.87611764297864,Trajectory
66.2,B1001,B0100,R-27ER,ACTIVE,14782.582103818193,2506.557064021681,6439.92679281618,810.0789107349023,A0100,36.784653023296194,Trajectory
66.2,B1002,B0100,R-27ER,ACTIVE,20267.677711600547,3862.726862077646,6953.9778472269145,858.6071814780857,A0100,42.39651266584568,Trajectory
66.2,A1001,A0100,AIM-120C-7,ACTIVE,-20800.96026006728,-1328.860410544085,6032.114456079524,758.6701947973368,B0100,47.168251495968875,Trajectory
66.2,A1002,A0100,AIM-120C-7,ACTIVE,-21412.29454975299,-1356.5303631115205,6062.60564528854,596.7436965877395,B0100,47.773608001149995,Trajectory
66.4,B1001,B0100,R-27ER,ACTIVE,14622.312528983253,2484.864674909984,6437.837764556021,807.1230199972972,A0100,36.556276611692965,Trajectory
66.4,B1002,B0100,R-27ER,ACTIVE,20096.2800694766,3841.5392845737447,6950.326208223788,869.7272169212821,A0100,42.1572896702639,Trajectory
66.4,A1001,A0100,AIM-120C-7,ACTIVE,-20647.554841001376,-1328.1841166774866,6031.605664180677,776.936202479396,B0100,47.03203348562075,Trajectory
66.4,A1002,A0100,AIM-120C-7,ACTIVE,-21291.333258019004,-1358.2366610887907,6063.813742814522,614.542252114883,B0100,47.66952635679162,Trajectory
66.60000000000001,B1001,B0100,R-27ER,ACTIVE,14462.654418310485,2463.0546362039136,6435.7516677008425,804.1795174587442,A0100,36.32849467721726,Trajectory
66.60000000000001,B1002,B0100,R-27ER,ACTIVE,19922.70102072506,3819.883955989774,6946.611686513351,880.8372765418086,A0100,41.91584493374906,Trajectory
66.60000000000001,A1001,A0100,AIM-120C-7,ACTIVE,-20490.49410278775,-1327.2085791375332,6031.128367472578,795.2404874428706,B0100,46.89437735012341,Trajectory
66.60000000000001,A1002,A0100,AIM-120C-7,ACTIVE,-21166.804164029494,-1359.6839104132282,6065.078573112304,632.393551033755,B0100,47.564084267541546,Trajectory
66.8,B1001,B0100,R-27ER,ACTIVE,14303.605755735074,2441.124019176672,6433.667986667605,801.2500935923221,A0100,36.10128844060824,Trajectory
66.8,B1002,B0100,R-27ER,ACTIVE,19746.942837243198,3797.757890091165,6942.832996007705,891.942829754161,A0100,41.67216505302725,Trajectory
66.8,A1001,A0100,AIM-120C-7,ACTIVE,-20329.771099872964,-1325.9271349238904,6030.683134395326,813.5812985078651,B0100,46.75543792222905,Trajectory
66.8,A1002,A0100,AIM-120C-7,ACTIVE,-21038.697500089587,-1360.8645775847092,6066.40050576702,650.2962931589553,B0100,47.45743417881908,Trajectory
67.0,B1001,B0100,R-27ER,ACTIVE,14145.164162434341,2419.0706091021784,6431.585932634106,798.33479578633,A0100,35.87467355614961,Trajectory
67.0,B1002,B0100,R-27ER,ACTIVE,19569.007810647043,3775.158093660617,6938.988963066008,903.0365655407419,A0100,41.426269303594246,Trajectory
67.0,A1001,A0100,AIM-120C-7,ACTIVE,-20165.379240136557,-1324.3331827257596,6030.270517902091,831.9568467667224,B0100,46.61492798192154,Trajectory
67.0,A1002,A0100,AIM-120C-7,ACTIVE,-20907.003755055863,-1361.7712383071353,6067.779893193826,668.2491431194571,B0100,47.349285942526436,Trajectory
67.2,B1001,B0100,R-27ER,ACTIVE,13987.327106653524,2396.892707514761,6429.504806186784,795.4383460121016,A0100,35.64863000461159,Trajectory
67.2,B1002,B0100,R-27ER,ACTIVE,19388.899623258476,3752.079579141371,6935.077500416781,914.1138183583588,A0100,41.178144363903016,Trajectory
67.2,A1001,A0100,AIM-120C-7,ACTIVE,-19997.312293861898,-1322.4201797518567,6029.891045778537,850.3652945311048,B0100,46.47261649958782,Trajectory
67.2,A1002,A0100,AIM-120C-7,ACTIVE,-20771.71368274523,-1362.3965701164498,6069.217061063132,686.2507231186604,B0100,47.23940504130219,Trajectory
67.4,B1001,B0100,R-27ER,ACTIVE,13830.09198158482,2374.5882368326183,6427.423748513227,792.5492399746059,A0100,35.42317293911085,Trajectory
67.4,B1002,B0100,R-27ER,ACTIVE,19206.62256320585,3728.5169756085224,6931.09614669816,925.175750315441,A0100,40.92781082873412,Trajectory
67.4,A1001,A0100,AIM-120C-7,ACTIVE,-19825.564403781387,-1320.1816377858465,6029.545222062553,868.8047566378606,B0100,46.328478324366365,Trajectory
67.4,A1002,A0100,AIM-120C-7,ACTIVE,-20632.81831101,-1362.7333446488542,6070.7123096329915,704.2996146787058,B0100,47.12776284358948,Trajectory
67.60000000000001,B1001,B0100,R-27ER,ACTIVE,13673.457325590838,2352.1539194921047,6425.3405674801415,789.6793098435508,A0100,35.198282981607825,Trajectory
67.60000000000001,B1002,B0100,R-27ER,ACTIVE,19022.18045285917,3704.466025899027,6927.044281003839,936.222393143726,A0100,40.675255335495095,Trajectory
67.60000000000001,A1001,A0100,AIM-120C-7,ACTIVE,-19650.130094266773,-1317.6111229315925,6029.233533363742,887.2733048743189,B0100,46.182536842815225,Trajectory
67.60000000000001,A1002,A0100,AIM-120C-7,ACTIVE,-20490.3089501511,-1362.7744239050544,6072.265919910503,722.3943621357236,B0100,47.01437917907954,Trajectory
67.8,B1001,B0100,R-27ER,ACTIVE,13517.420879516645,2329.587255869213,6423.2553523461065,786.820512646431,A0100,34.97397554300632,Trajectory
67.8,B1002,B0100,R-27ER,ACTIVE,18835.57628059207,3679.9244808152157,6922.922712923173,947.259207220422,A0100,40.4204976050113,Trajectory
67.8,A1001,A0100,AIM-120C-7,ACTIVE,-19471.00427974678,-1314.7022577792743,6028.9564564706125,905.768972371014,B0100,46.03487766284225,Trajectory
67.8,A1002,A0100,AIM-120C-7,ACTIVE,-20344.177200726455,-1362.512759219422,6073.8781610825745,740.5334758041106,B0100,46.899336412362786,Trajectory
68.0,B1001,B0100,R-27ER,ACTIVE,13361.981276948887,2306.8842328328756,6421.168813323975,783.968526923421,A0100,34.750231179887464,Trajectory
68.0,B1002,B0100,R-27ER,ACTIVE,18647.243605189957,3654.943432072149,6918.739704671817,949.6151216631804,A0100,40.163957505224595,Trajectory
68.0,A1001,A0100,AIM-120C-7,ACTIVE,-19288.1822724046,-1311.4487244155514,6028.714461059309,924.2897506635794,B0100,45.8852932426736,Trajectory
68.0,A1002,A0100,AIM-120C-7,ACTIVE,-20194.414960820308,-1361.9413913498101,6075.549293135788,758.7154289443409,B0100,46.78242318552305,Trajectory
68.2,B1001,B0100,R-27ER,ACTIVE,13207.137513964019,2284.0409484314073,6419.077269437185,781.1323927129575,A0100,34.527066374529554,Trajectory
68.2,B1002,B0100,R-27ER,ACTIVE,18459.389702137632,3629.809998834824,6914.543735552806,945.8147034609676,A0100,39.90787848650879,Trajectory
68.2,A1001,A0100,AIM-120C-7,ACTIVE,-19101.659791711063,-1307.8442620154642,6028.508009753881,942.8335818356865,B0100,45.73374083290647,Trajectory
68.2,A1002,A0100,AIM-120C-7,ACTIVE,-20041.014434645294,-1361.0534454905571,6077.2795668418,776.9386521609661,B0100,46.663592830779905,Trajectory
68.4,B1001,B0100,R-27ER,ACTIVE,13052.887964151201,2261.0542313891347,6416.97720698762,778.305823301671,A0100,34.30444493762132,Trajectory
68.4,B1002,B0100,R-27ER,ACTIVE,18272.316307060697,3604.5641790648247,6910.338082333306,942.0345324111456,A0100,39.65253236089306,Trajectory
68.4,A1001,A0100,AIM-120C-7,ACTIVE,-18911.43297335185,-1303.8826677665575,6028.337564180714,961.3983716859641,B0100,45.58038189965965,Trajectory
68.4,A1002,A0100,AIM-120C-7,ACTIVE,-19883.968140650322,-1359.8421297738023,6079.069229624789,795.2015437394971,B0100,46.54300358857216,Trajectory
68.60000000000001,B1001,B0100,R-27ER,ACTIVE,12899.230708174997,2237.9220676865402,6414.863076118662,775.4926390291904,A0100,34.08236844222083,Trajectory
68.60000000000001,B1002,B0100,R-27ER,ACTIVE,18086.019920429113,3579.2035071813552,6906.119847481233,938.2749240791578,A0100,39.39791679002573,Trajectory
68.60000000000001,A1001,A0100,AIM-120C-7,ACTIVE,-18717.49837493971,-1299.5578050734173,6028.203588133831,979.9820038375881,B0100,45.425318950094585,Trajectory
68.60000000000001,A1002,A0100,AIM-120C-7,ACTIVE,-19723.2689172492,-1358.3007411264973,6080.918528630094,813.502479087418,B0100,46.4207554917721,Trajectory
68.8,B1001,B0100,R-27ER,ACTIVE,12746.16387723179,2214.641546853427,6412.738839660529,772.6946398277669,A0100,33.860850865839325,Trajectory
68.8,B1002,B0100,R-27ER,ACTIVE,17900.496691158205,3553.725504674144,6901.892467626648,934.5411427275269,A0100,39.144041464575885,Trajectory
68.8,A1001,A0100,AIM-120C-7,ACTIVE,-18519.852980717355,-1294.8636107043844,6028.106537446492,998.582328723907,B0100,45.26830081056508,Trajectory
68.8,A1002,A0100,AIM-120C-7,ACTIVE,-19558.909927886372,-1356.4226702822982,6082.827700776728,831.839801010101,B0100,46.296593684485956,Trajectory
69.0,B1001,B0100,R-27ER,ACTIVE,12593.68439488627,2191.2120530995953,6410.609496692866,769.9121128235682,A0100,33.63987430368635,Trajectory
69.0,B1002,B0100,R-27ER,ACTIVE,17715.74144620946,3528.1297147356654,6897.661719113453,930.8318516583801,A0100,38.89088661066478,Trajectory
69.0,A1001,A0100,AIM-120C-7,ACTIVE,-18318.49421048233,-1289.7940913479329,6028.0468495850155,1017.1971431766381,B0100,45.10912065205011,Trajectory
69.0,A1002,A0100,AIM-120C-7,ACTIVE,-19390.88466924522,-1354.2013965541043,6084.796962488476,850.2118052606813,B0100,46.17030682892467,Trajectory
69.2,B1001,B0100,R-27ER,ACTIVE,12441.790803545195,2167.6297510045115,6408.482028598335,767.1374664248174,A0100,33.419462743561596,Trajectory
69.2,B1002,B0100,R-27ER,ACTIVE,17531.74997826854,3502.4146387847522,6893.429103367877,927.1450954156591,A0100,38.638473209264404,Trajectory
69.2,A1001,A0100,AIM-120C-7,ACTIVE,-18113.41993029072,-1284.3433188145784,6028.0249445169175,1035.8241951383186,B0100,44.94773475280375,Trajectory
69.2,A1002,A0100,AIM-120C-7,ACTIVE,-19219.186980681316,-1351.6304814008772,6086.826510440856,868.6167450681776,B0100,46.04184693517594,Trajectory
69.4,B1001,B0100,R-27ER,ACTIVE,12290.482056340683,2143.890865964725,6406.3601132688755,764.3781653114555,A0100,33.199594772603724,Trajectory
69.4,B1002,B0100,R-27ER,ACTIVE,17348.517787114415,3476.579408822856,6889.196606379454,923.4819739905199,A0100,38.38677728390838,Trajectory
69.4,A1001,A0100,AIM-120C-7,ACTIVE,-17904.628461208187,-1278.50543064656,6028.041230985602,1054.4611929366993,B0100,44.78413371889054,Trajectory
69.4,A1002,A0100,AIM-120C-7,ACTIVE,-19043.811052149766,-1348.7035674210724,6088.916527614058,887.0528384470789,B0100,45.911200333075314,Trajectory
69.60000000000001,B1001,B0100,R-27ER,ACTIVE,12139.755976899572,2119.993363134,6404.248321317154,761.626496084182,A0100,32.98028952336895,Trajectory
69.60000000000001,B1002,B0100,R-27ER,ACTIVE,17166.040183482655,3450.623862883925,6884.964551361443,919.846228577498,A0100,38.13581571120798,Trajectory
69.60000000000001,A1001,A0100,AIM-120C-7,ACTIVE,-17694.252566355786,-1272.2802481337167,6028.081587068098,1049.8200681636497,B0100,44.620498823121075,Trajectory
69.60000000000001,A1002,A0100,AIM-120C-7,ACTIVE,-18864.751430916112,-1345.4143808669426,6091.067191001276,905.5182754634935,B0100,45.778458560530545,Trajectory
69.8,B1001,B0100,R-27ER,ACTIVE,11989.612826983937,2095.931173219108,6402.145144190395,758.8829053026463,A0100,32.76153148508416,Trajectory
69.8,B1002,B0100,R-27ER,ACTIVE,16984.313892787606,3424.544598619744,6880.7363396911915,916.2239237905366,A0100,37.88557192748953,Trajectory
69.8,A1001,A0100,AIM-120C-7,ACTIVE,-17484.815645037146,-1265.680129045246,6028.128974671579,1045.2153201459817,B0100,44.459320450219145,Trajectory
69.8,A1002,A0100,AIM-120C-7,ACTIVE,-18682.003025793634,-1341.756740030538,6093.278673840269,924.0112303031145,B0100,45.64364245571865,Trajectory
70.0,B1001,B0100,R-27ER,ACTIVE,11840.051214371648,2071.7015083456154,6400.051581841586,756.152616795078,A0100,32.543338494507545,Trajectory
70.0,B1002,B0100,R-27ER,ACTIVE,16803.33498982399,3398.340594604381,6876.512838793791,912.6294168610807,A0100,37.63606092918604,Trajectory
70.0,A1001,A0100,AIM-120C-7,ACTIVE,-17276.306652630912,-1258.7163766102537,6028.1817736765015,1040.6676696671675,B0100,44.30035148020005,Trajectory
70.0,A1002,A0100,AIM-120C-7,ACTIVE,-18495.561110893053,-1337.7245618123968,6095.551134694248,942.5298455122876,B0100,45.506512333159904,Trajectory
70.2,B1001,B0100,R-27ER,ACTIVE,11691.069293122635,2047.302217665964,6397.9687703117315,753.4327292928951,A0100,32.32569137207171,Trajectory
70.2,B1002,B0100,R-27ER,ACTIVE,16623.09933747745,3372.010677346474,6872.293738217941,909.0539490235401,A0100,37.38726252780136,Trajectory
70.2,A1001,A0100,AIM-120C-7,ACTIVE,-17068.71489785202,-1251.398898709015,6028.237798451736,1036.1738201711316,B0100,44.14341324798824,Trajectory
70.2,A1002,A0100,AIM-120C-7,ACTIVE,-18305.421334167695,-1333.3118557980772,6097.884707036718,961.0722124635981,B0100,45.36689628419615,Trajectory
70.4,B1001,B0100,R-27ER,ACTIVE,11542.66688076373,2022.7281911182113,6395.893848401428,750.7203588214915,A0100,32.108607773909,Trajectory
70.4,B1002,B0100,R-27ER,ACTIVE,16443.603219375585,3345.5535687427805,6868.075646152018,905.4983968761917,A0100,37.139190346994454,Trajectory
70.4,A1001,A0100,AIM-120C-7,ACTIVE,-16862.030065678144,-1243.7370853696525,6028.29549387893,1031.7332871577635,B0100,43.988454072535745,Trajectory
70.4,A1002,A0100,AIM-120C-7,ACTIVE,-18111.57972731781,-1328.5127175387386,6100.27950004598,979.636379619556,B0100,45.22475000305599,Trajectory
70.60000000000001,B1001,B0100,R-27ER,ACTIVE,11394.842804647331,1997.9764777130163,6393.8245444134045,748.0187076303662,A0100,31.892068340079135,Trajectory
70.60000000000001,B1002,B0100,R-27ER,ACTIVE,16264.842847960812,3318.96806007078,6863.857452879847,901.965208895723,A0100,36.89182359459598,Trajectory
70.60000000000001,A1001,A0100,AIM-120C-7,ACTIVE,-16656.241798657167,-1235.7405595399712,6028.3542842050565,1027.3459228622191,B0100,43.83542784554626,Trajectory
70.60000000000001,A1002,A0100,AIM-120C-7,ACTIVE,-17914.032713236025,-1323.3213285503673,6102.735604382075,998.2203630287679,B0100,45.08003492038329,Trajectory
70.8,B1001,B0100,R-27ER,ACTIVE,11247.596811078565,1973.0420852071277,6391.762056701257,745.3223355969243,A0100,31.676090533864347,Trajectory
70.8,B1002,B0100,R-27ER,ACTIVE,16086.815355390063,3292.25102116719,6859.639981896225,898.4501794572898,A0100,36.64517636845706,Trajectory
70.8,A1001,A0100,AIM-120C-7,ACTIVE,-16451.339777327543,-1227.4189970029367,6028.414758683026,1023.0113664990045,B0100,43.684277112949275,Trajectory
70.8,A1002,A0100,AIM-120C-7,ACTIVE,-17712.777112665903,-1317.7319577900157,6105.253099919093,1016.8221441984563,B0100,44.93270114084924,Trajectory
71.0,B1001,B0100,R-27ER,ACTIVE,11100.92898287693,1947.920010121281,6389.703128606023,742.6370395024286,A0100,31.46065579003286,Trajectory
71.0,B1002,B0100,R-27ER,ACTIVE,15909.516827973215,3265.402005803985,6855.419243053479,894.9586867489419,A0100,36.39922750580204,Trajectory
71.0,A1001,A0100,AIM-120C-7,ACTIVE,-16247.313455302621,-1218.782764587486,6028.478630305353,1018.7320448487449,B0100,43.535006647392706,Trajectory
71.0,A1002,A0100,AIM-120C-7,ACTIVE,-17507.81015059918,-1311.7389640502781,6107.8320646641005,1035.4396798628263,B0100,44.78276264865076,Trajectory
71.2,B1001,B0100,R-27ER,ACTIVE,10954.838009803982,1922.6076143062016,6387.645456107976,739.9609774094015,A0100,31.245780758168788,Trajectory
71.2,B1002,B0100,R-27ER,ACTIVE,15732.943474646667,3238.4195100318384,6851.197267069985,891.4848735022808,A0100,36.153990459552745,Trajectory
71.2,A1001,A0100,AIM-120C-7,ACTIVE,-16044.151550723762,-1209.843836477347,6028.547303602978,1014.5105264394059,B0100,43.38757122761698,Trajectory
71.2,A1002,A0100,AIM-120C-7,ACTIVE,-17299.129458964853,-1305.3368058392202,6110.4725791027595,1054.0709206534423,B0100,44.63018500869311,Trajectory
71.4,B1001,B0100,R-27ER,ACTIVE,10809.32412028905,1897.0993815198678,6385.586185739725,737.2873293120732,A0100,31.03142986327368,Trajectory
71.4,B1002,B0100,R-27ER,ACTIVE,15557.09188781356,3211.302178786132,6846.972180614298,888.03460260641,A0100,35.90942813412224,Trajectory
71.4,A1001,A0100,AIM-120C-7,ACTIVE,-15841.842751209357,-1200.6141496950443,6028.620352971109,1010.3435116939648,B0100,43.24179207749522,Trajectory
71.4,A1002,A0100,AIM-120C-7,ACTIVE,-17088.850473386545,-1298.570826949061,6113.135766103636,1049.6063468126997,B0100,44.476874607937575,Trajectory
71.60000000000001,B1001,B0100,R-27ER,ACTIVE,10664.38830244167,1871.388962547732,6383.522376195461,734.6235842369117,A0100,30.817607628291363,Trajectory
71.60000000000001,B1002,B0100,R-27ER,ACTIVE,15381.958110898755,3184.0495554673166,6842.740806452934,884.6040148238221,A0100,35.66553831760835,Trajectory
71.60000000000001,A1001,A0100,AIM-120C-7,ACTIVE,-15640.376553863569,-1191.1041262369008,6028.696805352504,1006.2273959334012,B0100,43.09754061719974,Trajectory
71.60000000000001,A1002,A0100,AIM-120C-7,ACTIVE,-16879.47079782655,-1291.5055493476646,6115.775168063266,1045.1895391961298,B0100,44.32516096393311,Trajectory
71.8,B1001,B0100,R-27ER,ACTIVE,10520.029039356481,1845.474318956951,6381.45558101926,731.9722116951335,A0100,30.604329370292692,Trajectory
71.8,B1002,B0100,R-27ER,ACTIVE,15207.538477141476,3156.6602261962034,6838.50605595826,881.1939067519605,A0100,35.42233178202613,Trajectory
71.8,A1001,A0100,AIM-120C-7,ACTIVE,-15439.7429112275,-1181.323500498478,6028.776352540461,1002.1613547854216,B0100,42.954749333888955,Trajectory
71.8,A1002,A0100,AIM-120C-7,ACTIVE,-16670.9797690644,-1284.1506385637267,6118.390721666252,1040.827270753204,B0100,44.17497506784692,Trajectory
72.0,B1001,B0100,R-27ER,ACTIVE,10376.244183533247,1819.3544895200848,6379.392690508791,729.3373362423613,A0100,30.391578092462836,Trajectory
72.0,B1002,B0100,R-27ER,ACTIVE,15033.828441702939,3129.1345927252464,6834.270365652046,877.8083340764697,A0100,35.17978937691743,Trajectory
72.0,A1001,A0100,AIM-120C-7,ACTIVE,-15239.931807433772,-1171.2821030445912,6028.859788779175,998.1452850946885,B0100,42.81335301917462,Trajectory
72.0,A1002,A0100,AIM-120C-7,ACTIVE,-16463.36663879025,-1276.515852314548,6120.983442023887,1036.5194921662476,B0100,44.026250148058104,Trajectory
72.2,B1001,B0100,R-27ER,ACTIVE,10233.030729062442,1793.0301015252182,6377.34022024983,726.7177017048566,A0100,30.179372934823263,Trajectory
72.2,B1002,B0100,R-27ER,ACTIVE,14860.824365139411,3101.4711681152794,6830.038383096034,874.4428316153882,A0100,34.93792948784217,Trajectory
72.2,A1001,A0100,AIM-120C-7,ACTIVE,-15040.932966894332,-1160.9905165952582,6028.949002181515,994.1816433132165,B0100,42.673287585304884,Trajectory
72.2,A1002,A0100,AIM-120C-7,ACTIVE,-16256.620412543938,-1268.6116900672348,6123.5554160576285,1032.2686832135162,B0100,43.87892182469281,Trajectory
72.4,B1001,B0100,R-27ER,ACTIVE,10090.38705868864,1766.4994395176261,6375.298716439615,724.1096109211736,A0100,29.967697853305687,Trajectory
72.4,B1002,B0100,R-27ER,ACTIVE,14688.522783763932,3073.668703009808,6825.810705026458,871.0971110386033,A0100,34.69673654918968,Trajectory
72.4,A1001,A0100,AIM-120C-7,ACTIVE,-14842.735366301933,-1150.460948081257,6029.045523263507,990.2730136355917,B0100,42.5344472862921,Trajectory
72.4,A1002,A0100,AIM-120C-7,ACTIVE,-16050.72938421582,-1260.4502534174221,6126.108386704542,1028.077192944541,B0100,43.73288520300666,Trajectory
72.60000000000001,B1001,B0100,R-27ER,ACTIVE,9948.311826475034,1739.7604576815402,6373.269620213535,721.5123711517314,A0100,29.75657075407826,Trajectory
72.60000000000001,B1002,B0100,R-27ER,ACTIVE,14516.919702658097,3045.7268457058753,6821.589371190883,867.7706118907903,A0100,34.45622549386261,Trajectory
72.60000000000001,A1001,A0100,AIM-120C-7,ACTIVE,-14645.327954346027,-1139.7055366588634,6029.148968050974,986.4161005709032,B0100,42.39671558810291,Trajectory
72.60000000000001,A1002,A0100,AIM-120C-7,ACTIVE,-15845.681860599208,-1252.0435824144088,6128.64222046464,1023.9414074403295,B0100,43.58802249291306,Trajectory
72.8,B1001,B0100,R-27ER,ACTIVE,9806.804020571339,1712.8107526437698,6371.251131933209,718.928556777083,A0100,29.545973859429257,Trajectory
72.8,B1002,B0100,R-27ER,ACTIVE,14346.013583664062,3017.6413000153902,6817.37072398346,864.4559455999436,A0100,34.21637889166805,Trajectory
72.8,A1001,A0100,AIM-120C-7,ACTIVE,-14448.700514386768,-1128.734842895511,6029.2583139537655,982.6072882350776,B0100,42.26002441936508,Trajectory
72.8,A1002,A0100,AIM-120C-7,ACTIVE,-15641.466996160407,-1243.402164992515,6131.156147298479,1019.8576215324564,B0100,43.444263365361884,Trajectory
73.0,B1001,B0100,R-27ER,ACTIVE,9665.861112230106,1685.6505731606787,6369.243441449617,716.3577493803442,A0100,29.335922895330572,Trajectory
73.0,B1002,B0100,R-27ER,ACTIVE,14175.801632149014,2989.410138661808,6813.155912097058,861.1622076067827,A0100,33.977210992132086,Trajectory
73.0,A1001,A0100,AIM-120C-7,ACTIVE,-14252.84330000159,-1117.5587128908144,6029.373144863859,978.845774675961,B0100,42.12430763878575,Trajectory
73.0,A1002,A0100,AIM-120C-7,ACTIVE,-15438.074418397435,-1234.535786031961,6133.649983843925,1015.8250643677908,B0100,43.301540042944666,Trajectory
73.2,B1001,B0100,R-27ER,ACTIVE,9525.482158892832,1658.27740763833,6367.2423650728315,713.796979033383,A0100,29.126399272668095,Trajectory
73.2,B1002,B0100,R-27ER,ACTIVE,14006.27939490446,2961.0345075240944,6808.94244641047,857.8918855337314,A0100,33.73870114750676,Trajectory
73.2,A1001,A0100,AIM-120C-7,ACTIVE,-14057.746587395928,-1106.1871164888046,6029.494115103635,975.1315304290603,B0100,41.98948544311744,Trajectory
73.2,A1002,A0100,AIM-120C-7,ACTIVE,-15235.493779613995,-1225.454353064584,6136.124592607357,1011.8437988751497,B0100,43.15977111402173,Trajectory
73.4,B1001,B0100,R-27ER,ACTIVE,9385.666430741416,1630.6885411713345,6365.246854492642,711.2496425146253,A0100,28.917419947372732,Trajectory
73.4,B1002,B0100,R-27ER,ACTIVE,13837.443680068027,2932.513036286209,6804.728421798817,854.636939787797,A0100,33.500862945544256,Trajectory
73.4,A1001,A0100,AIM-120C-7,ACTIVE,-13863.40038643423,-1094.630797070129,6029.622938319558,971.4669657781678,B0100,41.855422935479666,Trajectory
73.4,A1002,A0100,AIM-120C-7,ACTIVE,-15033.714470575598,-1216.168536096078,6138.5818739669,1007.9162841861523,B0100,43.01882127890124,Trajectory
73.60000000000001,B1001,B0100,R-27ER,ACTIVE,9246.412651704133,1602.8821241281678,6363.254211890255,708.7116155676781,A0100,28.708965813276453,Trajectory
73.60000000000001,B1002,B0100,R-27ER,ACTIVE,13669.291483425717,2903.844518676658,6800.511779226472,851.4018214586214,A0100,33.263676524678274,Trajectory
73.60000000000001,A1001,A0100,AIM-120C-7,ACTIVE,-13669.793976862336,-1082.9020811495334,6029.760899905206,967.8545314067535,B0100,41.72195286239409,Trajectory
73.60000000000001,A1002,A0100,AIM-120C-7,ACTIVE,-14832.725186377571,-1206.690567331393,6141.023313541347,1004.0446959498781,B0100,42.87852412186795,Trajectory
73.8,B1001,B0100,R-27ER,ACTIVE,9107.718173470665,1574.859114235295,6361.265164360927,706.1914882056318,A0100,28.501052336335135,Trajectory
73.8,B1002,B0100,R-27ER,ACTIVE,13501.820246599462,2875.026692602913,6796.292099063532,848.1837695782782,A0100,33.0271560212995,Trajectory
73.8,A1001,A0100,AIM-120C-7,ACTIVE,-13476.916643065522,-1071.0131359297136,6029.907306654712,964.2909005559424,B0100,41.58902701887178,Trajectory
73.8,A1002,A0100,AIM-120C-7,ACTIVE,-14632.514676752538,-1197.0325271270344,6143.448456513931,1000.2253361494745,B0100,42.7388303678795,Trajectory
74.0,B1001,B0100,R-27ER,ACTIVE,8969.582723631422,1546.6156655158275,6359.277294624412,703.6744165076489,A0100,28.293661053723117,Trajectory
74.0,B1002,B0100,R-27ER,ACTIVE,13335.027066396251,2846.05824225293,6792.066400308914,844.9812407929384,A0100,32.791281448404234,Trajectory
74.0,A1001,A0100,AIM-120C-7,ACTIVE,-13284.758539331404,-1058.9744575381496,6030.060873535926,960.7721159728083,B0100,41.45664311019247,Trajectory
74.0,A1002,A0100,AIM-120C-7,ACTIVE,-14433.072575570068,-1187.2048513717511,6145.856257754245,996.4542024658568,B0100,42.59973527706189,Trajectory
74.2,B1001,B0100,R-27ER,ACTIVE,8832.005509173528,1518.1496792021735,6357.2904664266935,701.1712518086597,A0100,28.08680899485299,Trajectory
74.2,B1002,B0100,R-27ER,ACTIVE,13168.90911166305,2816.9376083772945,6787.8352107926985,841.7981259981059,A0100,32.55606686971918,Trajectory
74.2,A1001,A0100,AIM-120C-7,ACTIVE,-13093.310598695047,-1046.7951697806598,6030.22131569098,957.2952679824147,B0100,41.324788886013245,Trajectory
74.2,A1002,A0100,AIM-120C-7,ACTIVE,-14234.389274770769,-1177.2166232232416,6148.246642366561,992.7285493776212,B0100,42.46122384800645,Trajectory
74.4,B1001,B0100,R-27ER,ACTIVE,8694.985198488343,1489.459789901653,6355.30113705207,698.6794106214663,A0100,27.8804597805506,Trajectory
74.4,B1002,B0100,R-27ER,ACTIVE,13003.46384798503,2787.6627809685388,6783.596332614849,838.6280578890347,A0100,32.32147622992628,Trajectory
74.4,A1001,A0100,AIM-120C-7,ACTIVE,-12902.56420126012,-1034.483731184773,6030.390206696483,953.858408875202,B0100,41.193433086047406,Trajectory
74.4,A1002,A0100,AIM-120C-7,ACTIVE,-14036.455573992665,-1167.0762681532294,6150.621349980628,989.0467597570791,B0100,42.32326184862515,Trajectory
74.60000000000001,B1001,B0100,R-27ER,ACTIVE,8558.522064937359,1460.541991588058,6353.303462838744,696.196780366397,A0100,27.674617085093082,Trajectory
74.60000000000001,B1002,B0100,R-27ER,ACTIVE,12838.689263581724,2758.231306410934,6779.346838344106,835.4748371337271,A0100,32.0875083531871,Trajectory
74.60000000000001,A1001,A0100,AIM-120C-7,ACTIVE,-12712.511411122787,-1022.0474016449555,6030.5711452826345,950.4568475040555,B0100,41.062613723780565,Trajectory
74.60000000000001,A1002,A0100,AIM-120C-7,ACTIVE,-13839.26289278385,-1156.7910275371828,6152.984096829035,985.4044458354073,B0100,42.185883675570466,Trajectory
74.8,B1001,B0100,R-27ER,ACTIVE,8422.613060405032,1431.3980907219668,6351.300653386908,693.7324319274995,A0100,27.46929478414798,Trajectory
74.8,B1002,B0100,R-27ER,ACTIVE,12674.58164872947,2728.643067494809,6775.091144957603,832.3461441480994,A0100,31.854173602063007,Trajectory
74.8,A1001,A0100,AIM-120C-7,ACTIVE,-12523.14558450865,-1009.4910324980729,6030.768358997876,947.0840909602709,B0100,40.9324464716875,Trajectory
74.8,A1002,A0100,AIM-120C-7,ACTIVE,-13642.803888557384,-1146.3657668140165,6155.339203592869,981.7949515590041,B0100,42.04920249694327,Trajectory
75.0,B1001,B0100,R-27ER,ACTIVE,8287.256386071947,1402.027138982189,6349.297338410252,691.2764954945795,A0100,27.264476440503827,Trajectory
75.0,B1002,B0100,R-27ER,ACTIVE,12511.136858337519,2698.89858555728,6770.831540601213,829.2359181140159,A0100,31.62145336089615,Trajectory
75.0,A1001,A0100,AIM-120C-7,ACTIVE,-12334.461377830552,-996.8169965561276,6030.98466588188,943.7359982015281,B0100,40.80290924972904,Trajectory
75.0,A1002,A0100,AIM-120C-7,ACTIVE,-13447.072531852245,-1135.8029101962659,6157.689598191777,978.2137443425545,B0100,41.9131952183742,Trajectory
75.2,B1001,B0100,R-27ER,ACTIVE,8152.451222123856,1372.4269007980843,6347.302309460084,688.8321651816785,A0100,27.0601831145187,Trajectory
75.2,B1002,B0100,R-27ER,ACTIVE,12348.353260023323,2668.9939722591307,6766.571619116111,826.1345222552609,A0100,31.38936763725816,Trajectory
75.2,A1001,A0100,AIM-120C-7,ACTIVE,-12146.454007259434,-984.0265974842903,6031.221105581056,940.412009744209,B0100,40.673889682433554,Trajectory
75.2,A1002,A0100,AIM-120C-7,ACTIVE,-13252.063401941685,-1125.1038316068598,6160.036459286672,974.6597648347694,B0100,41.777750091486574,Trajectory
75.4,B1001,B0100,R-27ER,ACTIVE,8018.196604479546,1342.5956146657982,6345.319169683229,686.3993933790944,A0100,26.856400086525,Trajectory
75.4,B1002,B0100,R-27ER,ACTIVE,12186.228818832082,2638.9267996804238,6762.314291770442,823.0527549728035,A0100,31.157902814217028,Trajectory
75.4,A1001,A0100,AIM-120C-7,ACTIVE,-11959.11861922011,-971.1211616225136,6031.4764034225245,937.1129109845672,B0100,40.5452881687075,Trajectory
75.4,A1002,A0100,AIM-120C-7,ACTIVE,-13057.771089528811,-1114.2699325155425,6162.3786962816375,971.1332791190644,B0100,41.64276876221346,Trajectory
75.60000000000001,B1001,B0100,R-27ER,ACTIVE,7884.491770947435,1312.5311953387134,6343.348667138138,683.9738597268633,A0100,26.653145732214558,Trajectory
75.60000000000001,B1002,B0100,R-27ER,ACTIVE,12024.759702417787,2608.697725651495,6758.0587919732225,819.9886148505631,A0100,30.92707385818919,Trajectory
75.60000000000001,A1001,A0100,AIM-120C-7,ACTIVE,-11772.45018655941,-958.1022474943696,6031.747284597622,933.8392022679992,B0100,40.417073600841825,Trajectory
75.60000000000001,A1002,A0100,AIM-120C-7,ACTIVE,-12864.190088536898,-1103.3028477606017,6164.713258175263,967.6344386930346,B0100,41.508220869136046,Trajectory
75.8,B1001,B0100,R-27ER,ACTIVE,7751.336542241905,1282.2309879069378,6341.388463590597,681.5609964382404,A0100,26.450403504433886,Trajectory
75.8,B1002,B0100,R-27ER,ACTIVE,11863.943720223277,2578.3047613635954,6753.803964247977,816.9424282432351,A0100,30.69686340714889,Trajectory
75.8,A1001,A0100,AIM-120C-7,ACTIVE,-11586.443719183093,-944.9713907210325,6032.030381367754,930.5897679655985,B0100,40.28930331449525,Trajectory
75.8,A1002,A0100,AIM-120C-7,ACTIVE,-12671.314951762608,-1092.2041900428478,6167.037001188804,964.1623534027067,B0100,41.37416199902747,Trajectory
76.0,B1001,B0100,R-27ER,ACTIVE,7618.728949766194,1251.6952691640859,6339.437557764778,679.1610168949824,A0100,26.248189525554395,Trajectory
76.0,B1002,B0100,R-27ER,ACTIVE,11703.777612196724,2547.74766763298,6749.549480652392,813.9110284999218,A0100,30.467285161708624,Trajectory
76.0,A1001,A0100,AIM-120C-7,ACTIVE,-11401.094554434814,-931.7297675493859,6032.325170819031,927.36304331463,B0100,40.16209706114378,Trajectory
76.0,A1002,A0100,AIM-120C-7,ACTIVE,-12479.140487733754,-1080.9752112488543,6169.34956688617,960.7161237187005,B0100,41.240708354847506,Trajectory
76.2,B1001,B0100,R-27ER,ACTIVE,7486.668804735849,1220.9211790848783,6337.4932502548245,676.7674004962329,A0100,26.04648634899243,Trajectory
76.2,B1002,B0100,R-27ER,ACTIVE,11544.259764402324,2517.023927230337,6745.291476790342,810.8969102734516,A0100,30.238321081839796,Trajectory
76.2,A1001,A0100,AIM-120C-7,ACTIVE,-11216.398267953571,-918.378424403228,6032.634005427559,924.158476474259,B0100,40.035462790272746,Trajectory
76.2,A1002,A0100,AIM-120C-7,ACTIVE,-12287.661659509338,-1069.6170276007756,6171.653413435005,957.2954959396362,B0100,41.10786594379576,Trajectory
76.4,B1001,B0100,R-27ER,ACTIVE,7355.154764793847,1189.9082675492186,6335.553264253459,674.3864777897569,A0100,25.845310415461196,Trajectory
76.4,B1002,B0100,R-27ER,ACTIVE,11385.386855073823,2486.133424593096,6741.030911869583,807.898611038813,A0100,30.009984577302813,Trajectory
76.4,A1001,A0100,AIM-120C-7,ACTIVE,-11032.350524658565,-904.9183654160598,6032.959425354611,920.9754765094166,B0100,39.909387650246636,Trajectory
76.4,A1002,A0100,AIM-120C-7,ACTIVE,-12096.873513690785,-1058.130711911701,6173.951182225375,953.8997135427504,B0100,40.97562153110145,Trajectory
76.60000000000001,B1001,B0100,R-27ER,ACTIVE,7224.186906612502,1158.653373537186,6333.61737549804,672.0144464201879,A0100,25.644644250998052,Trajectory
76.60000000000001,B1002,B0100,R-27ER,ACTIVE,11227.155829130295,2455.075889550668,6736.767453435016,804.9180269583035,A0100,29.782256185567825,Trajectory
76.60000000000001,A1001,A0100,AIM-120C-7,ACTIVE,-10848.94710483218,-891.3504428375427,6033.303383106066,917.8140346529939,B0100,39.783823230317175,Trajectory
76.60000000000001,A1002,A0100,AIM-120C-7,ACTIVE,-11906.771235039078,-1046.5171878355345,6176.24493706921,950.528515587702,B0100,40.8439269424705,Trajectory
76.80000000000001,B1001,B0100,R-27ER,ACTIVE,7093.7640389793005,1127.155781854837,6331.683476021783,669.652840188911,A0100,25.444504434728568,Trajectory
76.80000000000001,B1002,B0100,R-27ER,ACTIVE,11069.566248789235,2423.846616343364,6732.498812201953,801.9484027323507,A0100,29.555151496731597,Trajectory
76.80000000000001,A1001,A0100,AIM-120C-7,ACTIVE,-10666.183647682528,-877.6756228854563,6033.665095292355,914.6750940669733,B0100,39.658773626956894,Trajectory
76.80000000000001,A1002,A0100,AIM-120C-7,ACTIVE,-11717.349953866898,-1034.7774967917167,6178.534060570632,947.1820693319146,B0100,40.71278866510043,Trajectory
77.0,B1001,B0100,R-27ER,ACTIVE,6963.886371661999,1095.4124578591134,6329.747266542087,667.2995338150797,A0100,25.2448734662633,Trajectory
77.0,B1002,B0100,R-27ER,ACTIVE,10912.615249990735,2392.4454033405573,6728.22290063432,798.9941507617955,A0100,29.32865100381011,Trajectory
77.0,A1001,A0100,AIM-120C-7,ACTIVE,-10484.055703122265,-863.8949223885795,6034.042227112734,911.558309867647,B0100,39.53418907030961,Trajectory
77.0,A1002,A0100,AIM-120C-7,ACTIVE,-11528.604782654787,-1022.9127348019914,6180.816413544656,943.8600890774497,B0100,40.58215598024076,Trajectory
77.2,B1001,B0100,R-27ER,ACTIVE,6834.552577249669,1063.4230616755385,6327.809369119834,664.9602648287307,A0100,25.045767935534762,Trajectory
77.2,B1002,B0100,R-27ER,ACTIVE,10756.300766231507,2360.8703917365597,6723.93966144984,796.0549818177026,A0100,29.102769218050486,Trajectory
77.2,A1001,A0100,AIM-120C-7,ACTIVE,-10302.558939662611,-850.0093197873468,6034.433742219723,908.4631146110379,B0100,39.41015326379938,Trajectory
77.2,A1002,A0100,AIM-120C-7,ACTIVE,-11340.530923728627,-1010.9239566112205,6183.09112815586,940.5622437592104,B0100,40.45211097680775,Trajectory
77.4,B1001,B0100,R-27ER,ACTIVE,6705.761909526325,1031.186254383018,6325.864405587043,662.6296773423608,A0100,24.84716947431872,Trajectory
77.4,B1002,B0100,R-27ER,ACTIVE,10600.62077720188,2329.119825595841,6719.64846246119,793.1312633879479,A0100,28.877487129756627,Trajectory
77.4,A1001,A0100,AIM-120C-7,ACTIVE,-10121.689126443294,-836.0197595675252,6034.839611279753,905.3889584674499,B0100,39.28673103074725,Trajectory
77.4,A1002,A0100,AIM-120C-7,ACTIVE,-11153.123655932619,-998.812180084682,6185.3583238512265,937.2881054408749,B0100,40.32271718819388,Trajectory
77.60000000000001,B1001,B0100,R-27ER,ACTIVE,6577.514083797759,998.6999050021519,6323.911380223223,660.306331948436,A0100,24.649095612790862,Trajectory
77.60000000000001,B1002,B0100,R-27ER,ACTIVE,10445.572869122681,2297.1926259873812,6715.34867229021,790.2217935522042,A0100,28.652819136166727,Trajectory
77.60000000000001,A1001,A0100,AIM-120C-7,ACTIVE,-9941.442169209304,-821.9271014618353,6035.261011347842,902.3352712421284,B0100,39.16386414428944,Trajectory
77.60000000000001,A1002,A0100,AIM-120C-7,ACTIVE,-10966.378366518322,-986.5783362726619,6187.619301383746,934.0373092859845,B0100,40.19391478552589,Trajectory
77.80000000000001,B1001,B0100,R-27ER,ACTIVE,6449.809512194035,965.9610341748297,6321.947025352013,657.991704535041,A0100,24.45151176419726,Trajectory
77.80000000000001,B1002,B0100,R-27ER,ACTIVE,10291.155352502523,2265.086950105469,6711.036516619684,787.3273811400229,A0100,28.428730008239707,Trajectory
77.80000000000001,A1001,A0100,AIM-120C-7,ACTIVE,-9761.814060310326,-807.7321359624196,6035.699246653513,899.301660446131,B0100,39.041546420498676,Trajectory
77.80000000000001,A1002,A0100,AIM-120C-7,ACTIVE,-10780.290526675923,-974.223286884747,6189.875484807107,930.8093199317367,B0100,40.065697326119455,Trajectory
78.0,B1001,B0100,R-27ER,ACTIVE,6322.647188634152,932.9692609036044,6319.966782495617,655.6916210760319,A0100,24.25442075041341,Trajectory
78.0,B1002,B0100,R-27ER,ACTIVE,10137.366965874688,2232.8000682735,6706.709207612801,784.4445220479323,A0100,28.20521889335096,Trajectory
78.0,A1001,A0100,AIM-120C-7,ACTIVE,-9582.80089348256,-793.435562010157,6036.155805149855,896.2878170854405,B0100,38.91973957677356,Trajectory
78.0,A1002,A0100,AIM-120C-7,ACTIVE,-10594.855712889095,-961.7478025660037,6192.128477043012,927.6038732478988,B0100,39.93802565395686,Trajectory
78.2,B1001,B0100,R-27ER,ACTIVE,6196.026315095862,899.7230033369359,6317.975674374385,653.3990374014493,A0100,24.057838451811275,Trajectory
78.2,B1002,B0100,R-27ER,ACTIVE,9984.205114674109,2200.3311765861654,6702.369867830425,781.5783285161885,A0100,27.982297003570714,Trajectory
78.2,A1001,A0100,AIM-120C-7,ACTIVE,-9404.398702424418,-779.038159359521,6036.630750632423,893.2945276094,B0100,38.79846069454781,Trajectory
78.2,A1002,A0100,AIM-120C-7,ACTIVE,-10410.069483778563,-949.1527360148763,6194.37848447384,924.4211286832749,B0100,39.81091896882946,Trajectory
78.4,B1001,B0100,R-27ER,ACTIVE,6069.945971902247,866.2212842184749,6315.981368668388,651.1194590413779,A0100,23.861749744432295,Trajectory
78.4,B1002,B0100,R-27ER,ACTIVE,9831.667406504313,2167.678859032478,6698.022250157641,778.7247711153921,A0100,27.75994739859528,Trajectory
78.4,A1001,A0100,AIM-120C-7,ACTIVE,-9226.603356230258,-764.5408516510523,6037.121894573927,890.3222421419475,B0100,38.67762950486942,Trajectory
78.4,A1002,A0100,AIM-120C-7,ACTIVE,-10225.927318655937,-936.4390880069154,6196.623504475455,921.2612431575945,B0100,39.6842977760258,Trajectory
78.60000000000001,B1001,B0100,R-27ER,ACTIVE,5944.4059642525235,832.4617572267379,6313.991456837154,648.8455233721364,A0100,23.66617646285227,Trajectory
78.60000000000001,B1002,B0100,R-27ER,ACTIVE,9679.751882385479,2134.841371782652,6693.670820106265,775.8901105565916,A0100,27.538190105276055,Trajectory
78.60000000000001,A1001,A0100,AIM-120C-7,ACTIVE,-9049.410685752728,-749.9446435953272,6037.626444974227,887.3707602149543,B0100,38.55730562402885,Trajectory
78.60000000000001,A1002,A0100,AIM-120C-7,ACTIVE,-10042.424689336476,-923.6079410043965,6198.860941058215,918.1239821627446,B0100,39.55822133570037,Trajectory
78.80000000000001,B1001,B0100,R-27ER,ACTIVE,5819.40692655189,798.4413440547295,6312.008344910399,646.5801016759991,A0100,23.471105816860288,Trajectory
78.80000000000001,B1002,B0100,R-27ER,ACTIVE,9528.455807237826,2101.818454865486,6689.315610779935,773.0705404176474,A0100,27.31701131630452,Trajectory
78.80000000000001,A1001,A0100,AIM-120C-7,ACTIVE,-8872.816599887845,-735.2505315049318,6038.1424935324685,884.4394627845229,B0100,38.437594799192524,Trajectory
78.80000000000001,A1002,A0100,AIM-120C-7,ACTIVE,-9859.557131810992,-910.6603666348027,6201.089065517455,915.0090559239122,B0100,39.43279323702089,Trajectory
79.0,B1001,B0100,R-27ER,ACTIVE,5694.947512530882,764.1603227409298,6310.032882324252,644.3266671135841,A0100,23.27655601158886,Trajectory
79.0,B1002,B0100,R-27ER,ACTIVE,9377.776856704604,2068.6090308437656,6684.9600834059465,770.2660759156606,A0100,27.096427323468543,Trajectory
79.0,A1001,A0100,AIM-120C-7,ACTIVE,-8696.817179404916,-720.4595056404391,6038.671428363906,881.5274602852422,B0100,38.31842511291465,Trajectory
79.0,A1002,A0100,AIM-120C-7,ACTIVE,-9677.320267807158,-897.5974223836573,6203.309380625338,911.9162767681912,B0100,39.30793768086776,Trajectory
79.2,B1001,B0100,R-27ER,ACTIVE,5571.027091196857,729.6179159705048,6308.061510218141,642.085759559885,A0100,23.0825106847391,Trajectory
79.2,B1002,B0100,R-27ER,ACTIVE,9227.712984465754,2035.2120334195379,6680.601881401175,767.4727597404366,A0100,26.876421172743473,Trajectory
79.2,A1001,A0100,AIM-120C-7,ACTIVE,-8521.40865177012,-705.5725073835672,6039.216120332092,878.6342848889257,B0100,38.19979977424212,Trajectory
79.2,A1002,A0100,AIM-120C-7,ACTIVE,-9495.709811685641,-884.4201120296644,6205.524842481946,908.8450167535494,B0100,39.18365791765541,Trajectory
79.4,B1001,B0100,R-27ER,ACTIVE,5447.645801394818,694.8118185557165,6306.093758280314,639.8493293106897,A0100,22.888987969624857,Trajectory
79.4,B1002,B0100,R-27ER,ACTIVE,9078.262620252191,2001.6258547269426,6676.239930644777,764.6967520874828,A0100,26.657008018710233,Trajectory
79.4,A1001,A0100,AIM-120C-7,ACTIVE,-8346.58728216162,-690.5903513201466,6039.777666222153,875.7603396665019,B0100,38.081682421103515,Trajectory
79.4,A1002,A0100,AIM-120C-7,ACTIVE,-9314.721568188726,-871.1293180130466,6207.736666009061,905.795131631943,B0100,39.05991953261895,Trajectory
79.60000000000001,B1001,B0100,R-27ER,ACTIVE,5324.803851555339,659.7401878345362,6304.1267221147145,637.6228877014524,A0100,22.69597138269623,Trajectory
79.60000000000001,B1002,B0100,R-27ER,ACTIVE,8929.424048512032,1967.8488973867225,6671.872113219693,761.9310703812341,A0100,26.43817002226305,Trajectory
79.60000000000001,A1001,A0100,AIM-120C-7,ACTIVE,-8172.349152876128,-675.5139631001963,6040.353913148597,872.9064028572251,B0100,37.96403777970716,Trajectory
79.60000000000001,A1002,A0100,AIM-120C-7,ACTIVE,-9134.351267382575,-857.7260409952493,6209.942878147692,902.7667832748114,B0100,38.93668958026625,Trajectory
79.80000000000001,B1001,B0100,R-27ER,ACTIVE,5202.50194798981,624.4000907800665,6302.158851575211,635.4012009697062,A0100,22.503479379269987,Trajectory
79.80000000000001,B1002,B0100,R-27ER,ACTIVE,8781.196137386707,1933.8789548870254,6667.496552469759,759.1786902286897,A0100,26.219922431550895,Trajectory
79.80000000000001,A1001,A0100,AIM-120C-7,ACTIVE,-7998.690310123589,-660.3443042454819,6040.942011647328,870.0719350828358,B0100,37.84680578110753,Trajectory
79.80000000000001,A1002,A0100,AIM-120C-7,ACTIVE,-8954.594644415183,-844.2113200250424,6212.140820083865,899.7596097312776,B0100,38.81390661238787,Trajectory
80.0,B1001,B0100,R-27ER,ACTIVE,5080.740725386844,588.7892182367599,6300.187043927297,633.1908880584951,A0100,22.311495577854078,Trajectory
80.0,B1002,B0100,R-27ER,ACTIVE,8633.576732125255,1899.715469914109,6663.111017207871,756.4391391814243,A0100,26.002246705246147,Trajectory
80.0,A1001,A0100,AIM-120C-7,ACTIVE,-7825.606962411518,-645.0822392236861,6041.5410308858845,867.2561472912483,B0100,37.73007594332515,Trajectory
80.0,A1002,A0100,AIM-120C-7,ACTIVE,-8775.447547497904,-830.5860933025772,6214.3297138250855,896.7732529113247,B0100,38.69165747159521,Trajectory
80.2,B1001,B0100,R-27ER,ACTIVE,4959.518458389846,552.9086999538555,6298.210327682239,630.9911001263412,A0100,22.120036498257186,Trajectory
80.2,B1002,B0100,R-27ER,ACTIVE,8486.564587865681,1865.3563457622342,6658.715347624139,753.7144093144303,A0100,25.785158089113438,Trajectory
80.2,A1001,A0100,AIM-120C-7,ACTIVE,-7653.09546278063,-629.7285741025618,6042.151996329689,864.4584181196327,B0100,37.61389857665087,Trajectory
80.2,A1002,A0100,AIM-120C-7,ACTIVE,-8596.905912800785,-816.8512354394838,6216.510701419379,893.8073248131559,B0100,38.5699906828413,Trajectory
80.4,B1001,B0100,R-27ER,ACTIVE,4838.836249196539,516.7552249843595,6296.225672242134,628.7938257137686,A0100,21.92908600296969,Trajectory
80.4,B1002,B0100,R-27ER,ACTIVE,8340.1583335809,1830.7998365894225,6654.306856953588,751.0004782107952,A0100,25.56863841415264,Trajectory
80.4,A1001,A0100,AIM-120C-7,ACTIVE,-7481.152292696272,-614.2840475302206,6042.777039640332,861.678426348312,B0100,37.49819529495992,Trajectory
80.4,A1002,A0100,AIM-120C-7,ACTIVE,-8418.965773500368,-803.007550803725,6218.686008956888,890.8615885216146,B0100,38.448826894528096,Trajectory
80.60000000000001,B1001,B0100,R-27ER,ACTIVE,4718.696478571349,480.3239682459492,6294.228798597972,626.6027716778872,A0100,21.738664185653498,Trajectory
80.60000000000001,B1002,B0100,R-27ER,ACTIVE,8194.356907153098,1796.0436241203738,6649.885125155396,748.2968447329122,A0100,25.352703207823417,Trajectory
80.60000000000001,A1001,A0100,AIM-120C-7,ACTIVE,-7309.773891122433,-598.7494432611929,6043.416729733758,858.9166990190835,B0100,37.38297965062681,Trajectory
80.60000000000001,A1002,A0100,AIM-120C-7,ACTIVE,-8241.623163015118,-789.0558912566804,6220.856328590869,887.9359490497508,B0100,38.32818216133842,Trajectory
80.80000000000001,B1001,B0100,R-27ER,ACTIVE,4599.099757160804,443.6127714475468,6292.218459973394,624.4201677702843,A0100,21.54873725918316,Trajectory
80.80000000000001,B1002,B0100,R-27ER,ACTIVE,8049.158734932864,1761.0865579455487,6645.448791915386,745.608683721857,A0100,25.137317632656046,Trajectory
80.80000000000001,A1001,A0100,AIM-120C-7,ACTIVE,-7138.9566115401485,-583.125590566126,6044.069895828265,856.1732962426233,B0100,37.26820244829066,Trajectory
80.80000000000001,A1002,A0100,AIM-120C-7,ACTIVE,-8064.874098878752,-774.9971591721401,6223.0206444488695,885.0303916654543,B0100,38.2080071012246,Trajectory
81.0,B1001,B0100,R-27ER,ACTIVE,4480.046059107037,406.6208353116842,6290.187935726681,622.2483592797755,A0100,21.35930930123909,Trajectory
81.0,B1002,B0100,R-27ER,ACTIVE,7904.562729417179,1725.9267961820594,6640.993734675713,742.9316625628388,A0100,24.92248083984853,Trajectory
81.0,A1001,A0100,AIM-120C-7,ACTIVE,-6968.696841829211,-567.4133138954927,6044.7356099554945,853.4477255421166,B0100,37.15394482750851,Trajectory
81.0,A1002,A0100,AIM-120C-7,ACTIVE,-7888.714634281144,-760.8322515817081,6225.178178448527,882.1445210479976,B0100,38.08838173444665,Trajectory
81.2,B1001,B0100,R-27ER,ACTIVE,4361.535042425667,369.3470713177101,6288.143742464905,620.0861968693815,A0100,21.170397060915956,Trajectory
81.2,B1002,B0100,R-27ER,ACTIVE,7760.567054683721,1690.5631354754828,6636.523678376874,740.2700732859294,A0100,24.708204652923406,Trajectory
81.2,A1001,A0100,AIM-120C-7,ACTIVE,-6798.991162178807,-551.6133146512417,6045.415325429669,850.7388585886092,B0100,37.04018483734652,Trajectory
81.2,A1002,A0100,AIM-120C-7,ACTIVE,-7713.14095454941,-746.5619377079323,6227.330488939207,879.2778374049172,B0100,37.96928028449888,Trajectory
81.4,B1001,B0100,R-27ER,ACTIVE,4243.566789164066,331.78985868543447,6286.094021703619,617.9342095151791,A0100,20.981986960862137,Trajectory
81.4,B1002,B0100,R-27ER,ACTIVE,7617.169730448439,1654.994355006411,6632.043676237366,737.620268064663,A0100,24.494472790262552,Trajectory
81.4,A1001,A0100,AIM-120C-7,ACTIVE,-6629.83634440141,-535.7261958199814,6046.112186421741,848.046157416576,B0100,36.92690884781629,Trajectory
81.4,A1002,A0100,AIM-120C-7,ACTIVE,-7538.149376683999,-732.1868830260652,6229.480792767651,876.4297781635041,B0100,37.85068865280724,Trajectory
81.60000000000001,B1001,B0100,R-27ER,ACTIVE,4126.139407418543,293.950750269026,6284.046858698479,615.7933285077835,A0100,20.794099930771054,Trajectory
81.60000000000001,B1002,B0100,R-27ER,ACTIVE,7474.368904365163,1619.2194144839327,6627.557750895221,734.9840778158483,A0100,24.28130556449161,Trajectory
81.60000000000001,A1001,A0100,AIM-120C-7,ACTIVE,-6461.2292344885645,-519.752449276766,6046.828545847759,845.3696603977783,B0100,36.81407621567735,Trajectory
81.60000000000001,A1002,A0100,AIM-120C-7,ACTIVE,-7363.736315098887,-717.7076446563219,6231.63152925976,873.60009291512,B0100,37.732567072679316,Trajectory
81.80000000000001,B1001,B0100,R-27ER,ACTIVE,4009.253729866268,255.8272891050957,6282.005294473,613.6566343048598,A0100,20.60672418879578,Trajectory
81.80000000000001,B1002,B0100,R-27ER,ACTIVE,7332.1623919775775,1583.2382801057586,6623.066712999665,732.3668294020076,A0100,24.06869012903578,Trajectory
81.80000000000001,A1001,A0100,AIM-120C-7,ACTIVE,-6293.16654406014,-503.6927254675553,6047.564947423785,842.7104312875554,B0100,36.70162823865386,Trajectory
81.80000000000001,A1002,A0100,AIM-120C-7,ACTIVE,-7189.89811193526,-703.1249411053074,6233.783361291449,870.7893954547716,B0100,37.61485871826541,Trajectory
82.0,B1001,B0100,R-27ER,ACTIVE,3892.911210747186,217.41655965532422,6279.972154596322,611.5289934138548,A0100,20.419880798901783,Trajectory
82.0,B1002,B0100,R-27ER,ACTIVE,7190.547503769923,1547.051271360175,6618.572602473229,729.76048652479,A0100,23.856642587603663,Trajectory
82.0,A1001,A0100,AIM-120C-7,ACTIVE,-6125.644765154549,-487.54776788952654,6048.318858085173,840.069036715212,B0100,36.58959141566789,Trajectory
82.0,A1002,A0100,AIM-120C-7,ACTIVE,-7016.630989136545,-688.4395921877333,6235.933931000618,867.9974873076612,B0100,37.497593667165916,Trajectory
82.2,B1001,B0100,R-27ER,ACTIVE,3777.112106985503,178.71746510107664,6277.945893910273,609.4088513183879,A0100,20.233554970554923,Trajectory
82.2,B1002,B0100,R-27ER,ACTIVE,7049.524601193012,1510.6542526396936,6614.075388761435,727.1611744050131,A0100,23.64514823858512,Trajectory
82.2,A1001,A0100,AIM-120C-7,ACTIVE,-5958.660344532308,-471.31822717056457,6049.08566146031,837.4452855004962,B0100,36.47798846566399,Trajectory
82.2,A1002,A0100,AIM-120C-7,ACTIVE,-6843.931205071899,-673.6523337548525,6238.078834332567,865.2242455513683,B0100,37.38079385342178,Trajectory
82.4,B1001,B0100,R-27ER,ACTIVE,3661.856787090898,139.72887364126285,6275.924286503118,607.2965743608122,A0100,20.04776558476269,Trajectory
82.4,B1002,B0100,R-27ER,ACTIVE,6909.092546639262,1474.0460674987994,6609.573003441138,724.5767444368723,A0100,23.434222708795495,Trajectory
82.4,A1001,A0100,AIM-120C-7,ACTIVE,-5792.209866379345,-455.0048555050342,6049.863947343049,834.8381051948198,B0100,36.36688218460518,Trajectory
82.4,A1002,A0100,AIM-120C-7,ACTIVE,-6671.795074418517,-658.7639927775092,6240.2168142376695,862.4694252150337,B0100,37.26451720835316,Trajectory
82.60000000000001,B1001,B0100,R-27ER,ACTIVE,3547.0670696292973,100.71190857961051,6273.9112618074605,605.0191577729204,A0100,19.862443752008005,Trajectory
82.60000000000001,B1002,B0100,R-27ER,ACTIVE,6769.249276400126,1437.226632464674,6605.064572068778,722.0050015744223,A0100,23.223848274784512,Trajectory
82.60000000000001,A1001,A0100,AIM-120C-7,ACTIVE,-5626.290137823766,-438.60833143580254,6050.65557360071,832.2465623116036,B0100,36.25629507202842,Trajectory
82.60000000000001,A1002,A0100,AIM-120C-7,ACTIVE,-6500.219031887131,-643.7753126990849,6242.349822733819,859.7324846778479,B0100,37.14878352855982,Trajectory
82.80000000000001,B1001,B0100,R-27ER,ACTIVE,3432.5316691905186,62.39925708117322,6271.930094226068,602.6917934373758,A0100,19.677465786094363,Trajectory
82.80000000000001,B1002,B0100,R-27ER,ACTIVE,6629.993800126827,1400.1944366936084,6600.547243812351,719.4438303428752,A0100,23.014040424291192,Trajectory
82.80000000000001,A1001,A0100,AIM-120C-7,ACTIVE,-5460.8981360145635,-422.1292961682927,6051.464091364153,829.670372429673,B0100,36.14612856577178,Trajectory
82.80000000000001,A1002,A0100,AIM-120C-7,ACTIVE,-6329.199628435633,-628.6869934417301,6244.48147283817,857.0132765170259,B0100,37.03349309084369,Trajectory
83.0,B1001,B0100,R-27ER,ACTIVE,3318.2418069416085,24.81046365736599,6269.9789922413775,600.4090702945564,A0100,19.49280634784156,Trajectory
83.0,B1002,B0100,R-27ER,ACTIVE,6491.325721708126,1362.9473057892224,6596.017228488866,716.8945662702931,A0100,22.80478231044179,Trajectory
83.0,A1001,A0100,AIM-120C-7,ACTIVE,-5296.030738942587,-405.56849333602884,6052.291002882265,827.110432400437,B0100,36.03644196399146,Trajectory
83.0,A1002,A0100,AIM-120C-7,ACTIVE,-6158.733369097116,-613.4998405192597,6246.613365940881,854.3118763717166,B0100,36.91870919289865,Trajectory
83.2,B1001,B0100,R-27ER,ACTIVE,3204.1994505571024,-12.078277609410378,6268.055061377717,598.1679764501654,A0100,19.308481299400185,Trajectory
83.2,B1002,B0100,R-27ER,ACTIVE,6353.243834563216,1325.4837035999428,6591.476819591717,714.3555373128306,A0100,22.596089397898613,Trajectory
83.2,A1001,A0100,AIM-120C-7,ACTIVE,-5131.684644485065,-388.9266223246506,6053.134153853373,824.5672997492426,B0100,35.92719823810448,Trajectory
83.2,A1002,A0100,AIM-120C-7,ACTIVE,-5988.816703867888,-598.2146285822757,6248.7435130388385,851.6283376642776,B0100,36.80439707744916,Trajectory
83.4,B1001,B0100,R-27ER,ACTIVE,3090.406436901952,-48.29154518491523,6266.154594760788,595.970249506024,A0100,19.124471674913888,Trajectory
83.4,B1002,B0100,R-27ER,ACTIVE,6215.74697363274,1287.802666063003,6586.923861806224,711.8293390061538,A0100,22.387944046764265,Trajectory
83.4,A1001,A0100,AIM-120C-7,ACTIVE,-4967.8565036291975,-372.20443592694744,6053.9906919076075,822.0407718712821,B0100,35.81833904268946,Trajectory
83.4,A1002,A0100,AIM-120C-7,ACTIVE,-5819.446072008894,-582.8321879414152,6250.869236768911,848.9625394629978,B0100,36.690497635442625,Trajectory
83.60000000000001,B1001,B0100,R-27ER,ACTIVE,2976.864176647898,-83.85181318104172,6264.275687956492,593.8121818169606,A0100,18.940793163019663,Trajectory
83.60000000000001,B1002,B0100,R-27ER,ACTIVE,6078.8341136113995,1249.9028606352633,6582.3572626818495,709.3152265428124,A0100,22.18036201946787,Trajectory
83.60000000000001,A1001,A0100,AIM-120C-7,ACTIVE,-4804.543065518539,-355.40264106094673,6054.858807136974,819.5300065849877,B0100,35.709967370508615,Trajectory
83.60000000000001,A1002,A0100,AIM-120C-7,ACTIVE,-5650.617985896379,-567.3533005684498,6252.9888829496695,846.3139659323153,B0100,36.577111479519466,Trajectory
83.80000000000001,B1001,B0100,R-27ER,ACTIVE,2863.5739516700064,-118.78169102858116,6262.4122715589865,591.6925523741771,A0100,18.757409106241557,Trajectory
83.80000000000001,B1002,B0100,R-27ER,ACTIVE,5942.504269790979,1211.783204744024,6577.772267216313,706.8077956095582,A0100,21.973309086001255,Trajectory
83.80000000000001,A1001,A0100,AIM-120C-7,ACTIVE,-4641.741351543845,-338.5217808489245,6055.740254364678,817.0336876467782,B0100,35.602069566523525,Trajectory
83.80000000000001,A1002,A0100,AIM-120C-7,ACTIVE,-5482.3291308599255,-551.7785759173829,6255.104298672012,843.6820664832675,B0100,36.46422009933369,Trajectory
84.0,B1001,B0100,R-27ER,ACTIVE,2750.5367134591174,-153.10102670433793,6260.55846048042,589.6079958105256,A0100,18.574321310530948,Trajectory
84.0,B1002,B0100,R-27ER,ACTIVE,5806.758880705066,1173.4391035558647,6573.165264638411,704.3109016166849,A0100,21.766786518190674,Trajectory
84.0,A1001,A0100,AIM-120C-7,ACTIVE,-4479.448575065918,-321.56233532437807,6056.638597272961,814.5515093054626,B0100,35.4946316256054,Trajectory
84.0,A1002,A0100,AIM-120C-7,ACTIVE,-5314.576316490999,-536.108552950889,6257.219106940338,841.0664416091631,B0100,36.3518096079044,Trajectory
84.2,B1001,B0100,R-27ER,ACTIVE,2637.753206103606,-186.82980979461922,6258.720460768169,587.5610232876871,A0100,18.391544294084753,Trajectory
84.2,B1002,B0100,R-27ER,ACTIVE,5671.595878072805,1134.8705679347865,6568.540204151932,701.827442413236,A0100,21.560806238571086,Trajectory
84.2,A1001,A0100,AIM-120C-7,ACTIVE,-4317.661967684536,-304.5246935173341,6057.555951330272,812.083594554079,B0100,35.387638157218475,Trajectory
84.2,A1002,A0100,AIM-120C-7,ACTIVE,-5147.3564129048655,-520.3436845819905,6259.335508050918,838.466833530044,B0100,36.2398662602791,Trajectory
84.4,B1001,B0100,R-27ER,ACTIVE,2525.223917611004,-219.98769014249055,6256.9042834999955,585.5460669552073,A0100,18.20906176241132,Trajectory
84.4,B1002,B0100,R-27ER,ACTIVE,5537.013564550332,1096.0766605246902,6563.904209956732,699.3552037179104,A0100,21.355352607068767,Trajectory
84.4,A1001,A0100,AIM-120C-7,ACTIVE,-4156.3786448730225,-287.4093302276195,6058.492547136221,809.6309898929649,B0100,35.28103767643016,Trajectory
84.4,A1002,A0100,AIM-120C-7,ACTIVE,-4980.666238616201,-504.48451444135344,6261.453849982558,835.88388268572,B0100,36.12834054263954,Trajectory
84.60000000000001,B1001,B0100,R-27ER,ACTIVE,2412.9492934187274,-252.59298398683947,6255.119476543273,583.5632115677691,A0100,18.02689345030578,Trajectory
84.60000000000001,B1002,B0100,R-27ER,ACTIVE,5403.010516690999,1057.0565457808896,6559.262434843554,696.8976624499217,A0100,21.15044660378006,Trajectory
84.60000000000001,A1001,A0100,AIM-120C-7,ACTIVE,-3995.5953982675046,-270.21704521480564,6059.4455537555705,807.1949626774115,B0100,35.17482981159478,Trajectory
84.60000000000001,A1002,A0100,AIM-120C-7,ACTIVE,-4814.502387646839,-488.5319170193214,6263.571472671328,833.3181315609497,B0100,36.01723604467709,Trajectory
84.80000000000001,B1001,B0100,R-27ER,ACTIVE,2300.929676336889,-284.6631735204643,6253.366528614672,581.6123540828478,A0100,17.84502426485049,Trajectory
84.80000000000001,B1002,B0100,R-27ER,ACTIVE,5269.585465620905,1017.809362343249,6554.6173617180675,694.4544009508007,A0100,20.946076525385845,Trajectory
84.80000000000001,A1001,A0100,AIM-120C-7,ACTIVE,-3835.3088805829743,-252.94873229792643,6060.410348203003,804.7750438154237,B0100,35.0689978985689,Trajectory
84.80000000000001,A1002,A0100,AIM-120C-7,ACTIVE,-4648.8613885939785,-472.4868672375914,6265.68395394066,830.7692478275278,B0100,35.90653490657308,Trajectory
85.0,B1001,B0100,R-27ER,ACTIVE,2189.1653243452147,-316.2173392933422,6251.646867093383,579.6942864967536,A0100,17.66347094492288,Trajectory
85.0,B1002,B0100,R-27ER,ACTIVE,5136.736613116971,978.3349969370995,6549.97117361472,692.0199787479435,A0100,20.74225946452409,Trajectory
85.0,A1001,A0100,AIM-120C-7,ACTIVE,-3675.5160738961654,-235.60496923634878,6061.385618120882,802.3692284473699,B0100,34.963591470010854,Trajectory
85.0,A1002,A0100,AIM-120C-7,ACTIVE,-4483.740008110721,-456.3500179546362,6267.790122509024,828.2360348429513,B0100,35.79628142664994,Trajectory
85.2,B1001,B0100,R-27ER,ACTIVE,2077.65632971685,-347.2741312274981,6249.956197559126,577.8089284657008,A0100,17.48221548090451,Trajectory
85.2,B1002,B0100,R-27ER,ACTIVE,5004.463875868084,938.6315187241983,6545.320111428767,689.5953139172126,A0100,20.53898077997755,Trajectory
85.2,A1001,A0100,AIM-120C-7,ACTIVE,-3516.2142936471128,-218.18607098597442,6062.37325857256,799.9771088368216,B0100,34.85860170837263,Trajectory
85.2,A1002,A0100,AIM-120C-7,ACTIVE,-4319.135240791636,-440.12175055756427,6269.891957907323,825.7183390017699,B0100,35.68646494294635,Trajectory
85.4,B1001,B0100,R-27ER,ACTIVE,1966.4025737709537,-377.85060295310126,6248.292002904252,575.9525139219884,A0100,17.30127317819863,Trajectory
85.4,B1002,B0100,R-27ER,ACTIVE,4872.765031914392,898.699932929626,6540.665410983544,687.186242650527,A0100,20.336255586424375,Trajectory
85.4,A1001,A0100,AIM-120C-7,ACTIVE,-3357.400775551707,-200.69252644155065,6063.374190173751,797.5994262624761,B0100,34.75406294872849,Trajectory
85.4,A1002,A0100,AIM-120C-7,ACTIVE,-4155.044023945561,-423.8026196863025,6271.990482778887,823.216377658521,B0100,35.577122684020026,Trajectory
85.60000000000001,B1001,B0100,R-27ER,ACTIVE,1855.403901853772,-407.96371228384226,6246.65105288775,574.1261176209384,A0100,17.12062513478042,Trajectory
85.60000000000001,B1002,B0100,R-27ER,ACTIVE,4741.640861803567,858.5368407155748,6536.002429631173,684.7804239320918,A0100,20.134068726296306,Trajectory
85.60000000000001,A1001,A0100,AIM-120C-7,ACTIVE,-3199.072572455203,-183.12495428445797,6064.3865271432705,795.2368064152114,B0100,34.64994116846129,Trajectory
85.60000000000001,A1002,A0100,AIM-120C-7,ACTIVE,-3991.4632041710997,-407.39331792533613,6274.083962095628,820.7303673828939,B0100,35.46822277540559,Trajectory
85.80000000000001,B1001,B0100,R-27ER,ACTIVE,1744.6600051512528,-437.6293445027958,6245.030924330807,572.3286076604193,A0100,16.94028644792605,Trajectory
85.80000000000001,B1002,B0100,R-27ER,ACTIVE,4611.082639640652,818.1672208035216,6531.334078608216,682.4172348241968,A0100,19.932431962907327,Trajectory
85.80000000000001,A1001,A0100,AIM-120C-7,ACTIVE,-3041.226662437559,-165.4840936856282,6065.407752318199,792.8890649252394,B0100,34.54616674499642,Trajectory
85.80000000000001,A1002,A0100,AIM-120C-7,ACTIVE,-3828.389585385275,-390.8946593931534,6276.170037547315,818.2602251686529,B0100,35.35969460863782,Trajectory
86.0,B1001,B0100,R-27ER,ACTIVE,1634.1704705251595,-466.8635520615648,6243.4270656283,570.5580580777291,A0100,16.760237771434465,Trajectory
86.0,B1002,B0100,R-27ER,ACTIVE,4480.924076014806,778.0587414040001,6526.691508221456,680.174481681951,A0100,19.73122844566211,Trajectory
86.0,A1001,A0100,AIM-120C-7,ACTIVE,-2883.860097761178,-147.77071343670391,6066.436903487636,790.5558396123946,B0100,34.442816231681,Trajectory
86.0,A1002,A0100,AIM-120C-7,ACTIVE,-3665.8200078808104,-374.3074826149967,6278.247878208304,815.8059479598967,B0100,35.25161203005754,Trajectory
86.2,B1001,B0100,R-27ER,ACTIVE,1523.93481107245,-495.6817500818446,6241.837683879767,568.8149597875185,A0100,16.58049416389909,Trajectory
86.2,B1002,B0100,R-27ER,ACTIVE,4351.1037999362,738.362641227301,6522.08551056308,677.9666976600232,A0100,19.530434490411782,Trajectory
86.2,A1001,A0100,AIM-120C-7,ACTIVE,-2726.9700021740477,-129.9856345858096,6067.474866636021,788.2367034474624,B0100,34.33996251589577,Trajectory
86.2,A1002,A0100,AIM-120C-7,ACTIVE,-3503.751331138709,-357.63267174424965,6280.3184718614575,813.3673152453524,B0100,35.14404622338017,Trajectory
86.4,B1001,B0100,R-27ER,ACTIVE,1413.9524537520335,-524.098588470809,6240.2594789217155,567.0986441530363,A0100,16.401036144900676,Trajectory
86.4,B1002,B0100,R-27ER,ACTIVE,4221.620467222115,699.0624244836235,6517.5105837770225,675.7921021693751,A0100,19.330029717565463,Trajectory
86.4,A1001,A0100,AIM-120C-7,ACTIVE,-2570.553639848354,-112.12950877811271,6068.523327619689,785.9309520550191,B0100,34.237576212959645,Trajectory
86.4,A1002,A0100,AIM-120C-7,ACTIVE,-3342.1805301430004,-340.8709406809465,6282.383592538803,810.9437121494926,B0100,35.03696680714843,Trajectory
86.60000000000001,B1001,B0100,R-27ER,ACTIVE,1304.2227404547755,-552.1301331742194,6238.690912727083,565.4100142269441,A0100,16.22187869849291,Trajectory
86.60000000000001,B1002,B0100,R-27ER,ACTIVE,4092.472605110843,660.1430384907337,6512.964723069314,673.6471118641111,A0100,19.13002718724189,Trajectory
86.60000000000001,A1001,A0100,AIM-120C-7,ACTIVE,-2414.6084151851815,-94.20283922927864,6069.584458292914,783.6383819122971,B0100,34.135578421303855,Trajectory
86.60000000000001,A1002,A0100,AIM-120C-7,ACTIVE,-3181.1047045906903,-324.02285399355577,6284.445489858886,808.5349322827991,B0100,34.93029456303144,Trajectory
86.80000000000001,B1001,B0100,R-27ER,ACTIVE,1194.7449296922,-579.7915063697993,6237.127453356198,563.7471580774766,A0100,16.042984583078248,Trajectory
86.80000000000001,B1002,B0100,R-27ER,ACTIVE,3963.6588856365015,621.5907698878093,6508.442069888829,671.5340442502351,A0100,18.930390066533707,Trajectory
86.80000000000001,A1001,A0100,AIM-120C-7,ACTIVE,-2259.1316241723866,-76.20625552399714,6070.658545685322,781.3598902740889,B0100,34.03399205127187,Trajectory
86.80000000000001,A1002,A0100,AIM-120C-7,ACTIVE,-3020.5208972830083,-307.0891061641418,6286.504560137846,806.1412577086173,B0100,34.82405602342368,Trajectory
87.0,B1001,B0100,R-27ER,ACTIVE,1085.518202797074,-607.0964193871881,6235.564394651176,562.1067863333717,A0100,15.864355231108977,Trajectory
87.0,B1002,B0100,R-27ER,ACTIVE,3835.177906181224,583.3901868418059,6503.935503289311,669.4507775182196,A0100,18.73111496101919,Trajectory
87.0,A1001,A0100,AIM-120C-7,ACTIVE,-2104.120359914105,-58.14057363960088,6071.743371962444,779.096028735728,B0100,33.932743422115045,Trajectory
87.0,A1002,A0100,AIM-120C-7,ACTIVE,-2860.426034895726,-290.07058519769157,6288.558736198153,803.7629461232873,B0100,34.71817914061901,Trajectory
87.2,B1001,B0100,R-27ER,ACTIVE,976.5416320380465,-634.0566270830965,6234.006469273935,560.4894345177173,A0100,15.68600498412773,Trajectory
87.2,B1002,B0100,R-27ER,ACTIVE,3707.0278738514608,545.5297732845306,6499.4510451537735,667.3913928209054,A0100,18.53221236383379,Trajectory
87.2,A1001,A0100,AIM-120C-7,ACTIVE,-1949.571662824217,-40.00663779493705,6072.835481632446,776.84645816696,B0100,33.83183518438787,Trajectory
87.2,A1002,A0100,AIM-120C-7,ACTIVE,-2700.817034095513,-272.96821136093155,6290.604731399318,801.3995878196433,B0100,34.612666696920876,Trajectory
87.4,B1001,B0100,R-27ER,ACTIVE,867.81420479878,-660.6840807580608,6232.461451639757,558.8921936658533,A0100,15.507917460272616,Trajectory
87.4,B1002,B0100,R-27ER,ACTIVE,3579.2071816369075,507.9977937357474,6494.994401916351,665.3588533983532,A0100,18.333664952182605,Trajectory
87.4,A1001,A0100,AIM-120C-7,ACTIVE,-1795.4827702288549,-21.805129614885526,6073.934162588416,774.6100175395063,B0100,33.73132413174466,Trajectory
87.4,A1002,A0100,AIM-120C-7,ACTIVE,-2541.690943977219,-255.78273679729233,6292.641956155296,799.0508635261126,B0100,34.5075693454405,Trajectory
87.60000000000001,B1001,B0100,R-27ER,ACTIVE,759.3350501283708,-686.9904902867114,6230.9390450727815,557.3168863281819,A0100,15.33011216876031,Trajectory
87.60000000000001,B1002,B0100,R-27ER,ACTIVE,3451.714204639994,470.7816808433974,6490.576207211893,663.3508638044214,A0100,18.135491647022544,Trajectory
87.60000000000001,A1001,A0100,AIM-120C-7,ACTIVE,-1641.851125261078,-3.5367544478426094,6075.04292298614,772.3863924314496,B0100,33.631184722347214,Trajectory
87.60000000000001,A1002,A0100,AIM-120C-7,ACTIVE,-2383.0448926840713,-238.51492127839984,6294.673971144982,796.7169149838595,B0100,34.402858178202344,Trajectory
87.80000000000001,B1001,B0100,R-27ER,ACTIVE,651.1032436992393,-712.9887787204844,6229.441206760285,555.763739076063,A0100,15.15257373518659,Trajectory
87.80000000000001,B1002,B0100,R-27ER,ACTIVE,3324.5474258062086,433.8697285986196,6486.198383122813,661.3672007807721,A0100,17.937678583576563,Trajectory
87.80000000000001,A1001,A0100,AIM-120C-7,ACTIVE,-1488.6741525580387,14.797607099926786,6076.165217290236,770.1756678591694,B0100,33.53143255361681,Trajectory
87.80000000000001,A1002,A0100,AIM-120C-7,ACTIVE,-2224.8759791163834,-221.1656952113498,6296.704284912316,794.3974199761362,B0100,34.2985513069865,Trajectory
88.0,B1001,B0100,R-27ER,ACTIVE,543.1177937748331,-738.6911177039116,6227.969089741968,554.2301216412629,A0100,14.975318736327106,Trajectory
88.0,B1002,B0100,R-27ER,ACTIVE,3197.705390876737,397.24978375216284,6481.860409170711,659.4119202416806,A0100,17.740241136618597,Trajectory
88.0,A1001,A0100,AIM-120C-7,ACTIVE,-1335.9492442044898,33.19727955311064,6077.301328552735,767.9781678815185,B0100,33.432079061957985,Trajectory
88.0,A1002,A0100,AIM-120C-7,ACTIVE,-2067.1813625380455,-203.735797977418,6298.73328755945,792.0921232036803,B0100,34.19466361650792,Trajectory
88.2,B1001,B0100,R-27ER,ACTIVE,435.3776897009207,-764.106915539159,6226.517579116686,552.7147452271306,A0100,14.798329361169465,Trajectory
88.2,B1002,B0100,R-27ER,ACTIVE,3071.186477529528,360.9088183709598,6477.557897068436,657.4814325716541,A0100,17.54316121758681,Trajectory
88.2,A1001,A0100,AIM-120C-7,ACTIVE,-1183.673676586833,51.6615631928691,6078.449234443847,765.7944874537848,B0100,33.333045890602264,Trajectory
88.2,A1002,A0100,AIM-120C-7,ACTIVE,-1909.9581646043005,-186.22600179981924,6300.759099924508,789.8012766406249,B0100,34.09111882286951,Trajectory
88.4,B1001,B0100,R-27ER,ACTIVE,327.8819531677441,-789.2474229839299,6225.086154453506,551.2215202855812,A0100,14.621621028930393,Trajectory
88.4,B1002,B0100,R-27ER,ACTIVE,2944.9890955464894,324.8367121080455,6473.289224570521,655.5736379803766,A0100,17.346452657267513,Trajectory
88.4,A1001,A0100,AIM-120C-7,ACTIVE,-1031.8446377210205,70.18970869757831,6079.605285531727,763.6244071532562,B0100,33.23434359107313,Trajectory
88.4,A1002,A0100,AIM-120C-7,ACTIVE,-1753.2034736543574,-168.63713401358854,6302.778240094351,787.5245480237038,B0100,33.987927928899126,Trajectory
88.60000000000001,B1001,B0100,R-27ER,ACTIVE,220.62944560308603,-814.1245393747022,6223.670358000695,549.7481397612755,A0100,14.445174745052947,Trajectory
88.60000000000001,B1002,B0100,R-27ER,ACTIVE,2819.11170723405,289.02295517204175,6469.050385840321,653.690090749596,A0100,17.150096628309527,Trajectory
88.60000000000001,A1001,A0100,AIM-120C-7,ACTIVE,-880.4594698976153,88.78102492694157,6080.768452504805,761.4669925924305,B0100,33.13603302418498,Trajectory
88.60000000000001,A1002,A0100,AIM-120C-7,ACTIVE,-1596.9144712115335,-150.9699568974878,6304.7898032370185,785.2618112478099,B0100,33.88514581354816,Trajectory
88.80000000000001,B1001,B0100,R-27ER,ACTIVE,113.61905325705425,-838.7502893796203,6222.2692354547935,548.2960646938656,A0100,14.269005573586355,Trajectory
88.80000000000001,B1002,B0100,R-27ER,ACTIVE,2693.552694834553,253.4570545031053,6464.839440442417,651.8284501059292,A0100,16.954106700216208,Trajectory
88.80000000000001,A1001,A0100,AIM-120C-7,ACTIVE,-729.5157392857767,107.43491662425595,6081.941261547538,759.3213622876747,B0100,33.038135471548145,Trajectory
88.80000000000001,A1002,A0100,AIM-120C-7,ACTIVE,-1441.0884509712382,-133.225124231912,6306.79638306235,783.0125095715799,B0100,33.78279128941506,Trajectory
89.0,B1001,B0100,R-27ER,ACTIVE,6.8495827653907355,-863.1351841685786,6220.878315612301,546.8614159835646,A0100,14.093094259718637,Trajectory
89.0,B1002,B0100,R-27ER,ACTIVE,2568.310553086146,218.12816705541152,6460.6519451248005,649.9927895237093,A0100,16.758463575726875,Trajectory
89.0,A1001,A0100,AIM-120C-7,ACTIVE,-579.0112109486171,126.15103099039553,6083.126849052795,757.1869580032372,B0100,32.940608351009026,Trajectory
89.0,A1002,A0100,AIM-120C-7,ACTIVE,-1285.7228779667685,-115.40304635027519,6308.801173036463,780.7760031665031,B0100,33.68082211507767,Trajectory
89.2,B1001,B0100,R-27ER,ACTIVE,-99.68007199358071,-887.2885078575833,6219.496223190489,545.4461057538537,A0100,13.917456150514056,Trajectory
89.2,B1002,B0100,R-27ER,ACTIVE,2443.383618385153,183.02537813792952,6456.4862220814675,648.1788759344179,A0100,16.56318084200132,Trajectory
89.2,A1001,A0100,AIM-120C-7,ACTIVE,-428.94361486612206,144.9289726784942,6084.326836546356,755.064742473203,B0100,32.843415822105264,Trajectory
89.2,A1002,A0100,AIM-120C-7,ACTIVE,-1130.8152246919256,-97.50417975131522,6310.805875337363,778.5528272297829,B0100,33.579205045803896,Trajectory
89.4,B1001,B0100,R-27ER,ACTIVE,-205.9710826456713,-911.2210447065119,6218.117304533394,544.0484489033272,A0100,13.742054279453772,Trajectory
89.4,B1002,B0100,R-27ER,ACTIVE,2318.770394508654,148.13885788248277,6452.335253690394,646.385447074622,A0100,16.368222322146895,Trajectory
89.4,A1001,A0100,AIM-120C-7,ACTIVE,-279.3103431120347,163.7680126330787,6085.539318871625,752.9559159333919,B0100,32.74655298298199,Trajectory
89.4,A1002,A0100,AIM-120C-7,ACTIVE,-976.3627360506594,-79.52932384076168,6312.808722193817,776.3434537982896,B0100,33.47793988283304,Trajectory
89.60000000000001,B1001,B0100,R-27ER,ACTIVE,-312.0245622338018,-934.9424430130044,6216.734418308869,542.6675026149055,A0100,13.566890277450504,Trajectory
89.60000000000001,B1002,B0100,R-27ER,ACTIVE,2194.469492714555,113.46006464957448,6448.191644599427,644.613230067112,A0100,16.17358556553895,Trajectory
89.60000000000001,A1001,A0100,AIM-120C-7,ACTIVE,-130.1086698813608,182.66735423620972,6086.760885420435,750.8601618363971,B0100,32.64996684020728,Trajectory
89.60000000000001,A1002,A0100,AIM-120C-7,ACTIVE,-822.3626029434687,-61.47935223178147,6314.806462152027,774.1477547543519,B0100,33.37697197144473,Trajectory
89.80000000000001,B1001,B0100,R-27ER,ACTIVE,-417.8418327324582,-958.4607961128794,6215.353541888856,541.3018066925234,A0100,13.391978549570148,Trajectory
89.80000000000001,B1002,B0100,R-27ER,ACTIVE,2070.4790329257694,78.98083869166656,6444.062162902449,642.8582390304168,A0100,15.979281433637782,Trajectory
89.80000000000001,A1001,A0100,AIM-120C-7,ACTIVE,18.664022688525016,201.62613138908054,6087.99054336353,748.777076001058,B0100,32.553788464924835,Trajectory
89.80000000000001,A1002,A0100,AIM-120C-7,ACTIVE,-668.812058852562,-43.35519852368085,6316.798222831165,771.9657879272474,B0100,33.276428809875426,Trajectory
90.0,B1001,B0100,R-27ER,ACTIVE,-523.4241451788464,-981.7837853184665,6213.984592606578,539.9495930326487,A0100,13.217303094957579,Trajectory
90.0,B1002,B0100,R-27ER,ACTIVE,1946.7973469751382,44.69296797588158,6439.955481718419,641.1197776997321,A0100,15.78529326046105,Trajectory
90.0,A1001,A0100,AIM-120C-7,ACTIVE,167.01029196174525,220.64338073572299,6089.229219725437,746.706237290935,B0100,32.458081434780475,Trajectory
90.0,A1002,A0100,AIM-120C-7,ACTIVE,-515.7083390805708,-25.157885831272548,6318.78502514347,769.7973032851276,B0100,33.17637250974332,Trajectory
90.2,B1001,B0100,R-27ER,ACTIVE,-628.7724233217418,-1004.9179624918487,6212.639436697234,538.6104615678129,A0100,13.042883982287922,Trajectory
90.2,B1002,B0100,R-27ER,ACTIVE,1823.4231174267181,10.590333225303024,6435.883109205537,639.3950716454881,A0100,15.591641271978622,Trajectory
90.2,A1001,A0100,AIM-120C-7,ACTIVE,314.93252572729256,239.71839071456657,6090.478463339821,744.6468923514824,B0100,32.36275280594829,Trajectory
90.2,A1002,A0100,AIM-120C-7,ACTIVE,-363.04882664798316,-6.888185260702318,6320.768500120174,767.6416068699065,B0100,33.07670947145361,Trajectory
90.4,B1001,B0100,R-27ER,ACTIVE,-733.8877163303054,-1027.8722416525964,6211.320069233712,537.2864455807697,A0100,12.868706419253979,Trajectory
90.4,B1002,B0100,R-27ER,ACTIVE,1700.3550423100937,-23.33587142176683,6431.8467974705645,637.6901578896619,A0100,15.398312602878685,Trajectory
90.4,A1001,A0100,AIM-120C-7,ACTIVE,462.4330208903791,258.8505676196525,6091.739602120266,742.5993326792565,B0100,32.26775466272432,Trajectory
90.4,A1002,A0100,AIM-120C-7,ACTIVE,-210.83099806420057,11.453249402580358,6322.750058762843,765.4987731126723,B0100,32.97739314036538,Trajectory
90.60000000000001,B1001,B0100,R-27ER,ACTIVE,-838.7710831029806,-1050.6540183128345,6210.0277236414,535.9755736591198,A0100,12.694787405019351,Trajectory
90.60000000000001,B1002,B0100,R-27ER,ACTIVE,1577.591684896306,-57.09338470464391,6427.846685480838,636.0024701733563,A0100,15.205323276063952,Trajectory
90.60000000000001,A1001,A0100,AIM-120C-7,ACTIVE,609.5142892240663,278.0391394990914,6093.010922639977,740.5645465828103,B0100,32.17309090182377,Trajectory
90.60000000000001,A1002,A0100,AIM-120C-7,ACTIVE,-59.05220445233667,29.865576976770264,6324.728118347152,763.3690982197694,B0100,32.87843207590425,Trajectory
90.80000000000001,B1001,B0100,R-27ER,ACTIVE,-943.4237185577235,-1073.2706550232087,6208.757490575739,534.6804647003164,A0100,12.521109369727055,Trajectory
90.80000000000001,B1002,B0100,R-27ER,ACTIVE,1455.131477956444,-90.69012639712396,6423.878603040302,634.3334856161869,A0100,15.01265619316824,Trajectory
90.80000000000001,A1001,A0100,AIM-120C-7,ACTIVE,756.1789425336771,297.2832751352168,6094.289371162425,738.5421206539407,B0100,32.07868874375488,Trajectory
90.80000000000001,A1002,A0100,AIM-120C-7,ACTIVE,92.29024443746857,48.347890872857555,6326.699774047024,761.2524075729054,B0100,32.779751377569056,Trajectory
91.0,B1001,B0100,R-27ER,ACTIVE,-1047.8467993170348,-1095.7301873458778,6207.50850364753,533.3996199855247,A0100,12.34768786031931,Trajectory
91.0,B1002,B0100,R-27ER,ACTIVE,1332.972951117786,-124.13350283163479,6419.94169562334,632.6817869223767,A0100,14.820325658234683,Trajectory
91.0,A1001,A0100,AIM-120C-7,ACTIVE,902.4294488417527,316.5821383910357,6095.574721664258,736.5315859245646,B0100,31.984648539116133,Trajectory
91.0,A1002,A0100,AIM-120C-7,ACTIVE,243.19897296255084,66.89929022951593,6328.664904106868,759.1487375702271,B0100,32.68144739981386,Trajectory
91.2,B1001,B0100,R-27ER,ACTIVE,-1152.0415526972063,-1118.0411525860295,6206.275956336749,532.1357571848048,A0100,12.174504290879712,Trajectory
91.2,B1002,B0100,R-27ER,ACTIVE,1211.1144785202366,-157.4311893164015,6416.03009118436,631.0490796213028,A0100,14.628313313830153,Trajectory
91.2,A1001,A0100,AIM-120C-7,ACTIVE,1048.2681987598512,335.9348339656251,6096.868653474061,734.5324907958045,B0100,31.891023518437773,Trajectory
91.2,A1002,A0100,AIM-120C-7,ACTIVE,393.6765886138052,85.51882306495631,6330.625265498975,757.0577720617325,B0100,32.583572178232735,Trajectory
91.4,B1001,B0100,R-27ER,ACTIVE,-1256.0092468432767,-1140.2114578967917,6205.057363595198,530.8856015460561,A0100,12.001573938390187,Trajectory
91.4,B1002,B0100,R-27ER,ACTIVE,1089.5544959782333,-190.59010835512413,6412.141438211495,629.4324938716794,A0100,14.436633203143106,Trajectory
91.4,A1001,A0100,AIM-120C-7,ACTIVE,1193.6974210546923,355.34070913255846,6098.173215974933,732.544150373089,B0100,31.79776281070838,Trajectory
91.4,A1002,A0100,AIM-120C-7,ACTIVE,543.7255524082506,104.20577923140415,6332.582979150038,754.9788539015407,B0100,32.48607443891099,Trajectory
91.60000000000001,B1001,B0100,R-27ER,ACTIVE,-1359.7510932477778,-1162.2493656084657,6203.848657936265,529.6500570957219,A0100,11.828877913259113,Trajectory
91.60000000000001,B1002,B0100,R-27ER,ACTIVE,968.2915211490536,-223.618116862312,6408.270951557579,627.8357820201513,A0100,14.245266637694618,Trajectory
91.60000000000001,A1001,A0100,AIM-120C-7,ACTIVE,1338.719255309122,374.79923856799655,6099.490088784287,730.5667929974331,B0100,31.704822766802355,Trajectory
91.60000000000001,A1002,A0100,AIM-120C-7,ACTIVE,693.3482295110194,122.95957471210471,6334.539799896309,752.9119745248453,B0100,32.3889121004625,Trajectory
91.80000000000001,B1001,B0100,R-27ER,ACTIVE,-1463.2683022485387,-1184.1614846846185,6202.6469746682305,528.4271667116144,A0100,11.656431690682536,Trajectory
91.80000000000001,B1002,B0100,R-27ER,ACTIVE,847.3240032871402,-256.5216455205521,6404.415964479867,626.2542894504235,A0100,14.054227827161029,Trajectory
91.80000000000001,A1001,A0100,AIM-120C-7,ACTIVE,1483.3360624830186,394.30973187191637,6100.817779497199,728.6015941178589,B0100,31.612212001977813,Trajectory
91.80000000000001,A1002,A0100,AIM-120C-7,ACTIVE,842.5471119537216,141.77944987366374,6336.49435924113,750.8575921326561,B0100,32.29209867707907,Trajectory
92.0,B1001,B0100,R-27ER,ACTIVE,-1566.5619798572359,-1205.9545357891918,6201.448605277148,527.2189113902243,A0100,11.48421642133082,Trajectory
92.0,B1002,B0100,R-27ER,ACTIVE,726.6505890455717,-289.30789118765824,6400.570992920413,624.689520883115,A0100,13.863498002530676,Trajectory
92.0,A1001,A0100,AIM-120C-7,ACTIVE,1627.5503650159742,413.871361194531,6102.153069917053,726.6483781194403,B0100,31.519857064709637,Trajectory
92.0,A1002,A0100,AIM-120C-7,ACTIVE,991.3247831875865,160.6645006369748,6338.443586765629,748.8156394404334,B0100,32.19555962329061,Trajectory
92.2,B1001,B0100,R-27ER,ACTIVE,-1669.6333717823875,-1227.6379795952892,6200.2525946805745,526.0263010440681,A0100,11.312247444904457,Trajectory
92.2,B1002,B0100,R-27ER,ACTIVE,606.2698230490566,-321.9837522503331,6396.734649229254,623.1408618203333,A0100,13.673091609592001,Trajectory
92.2,A1001,A0100,AIM-120C-7,ACTIVE,1771.3645831843805,433.4832918006632,6103.494566987838,724.706709845418,B0100,31.427853791223203,Trajectory
92.2,A1002,A0100,AIM-120C-7,ACTIVE,1139.6837741130657,179.61382334640737,6340.386208070154,746.7860522630317,B0100,32.09938776349491,Trajectory
92.4,B1001,B0100,R-27ER,ACTIVE,-1772.4835286400248,-1249.2185905375954,6199.052304733896,524.8446309289338,A0100,11.14048812260242,Trajectory
92.4,B1002,B0100,R-27ER,ACTIVE,486.1807336318027,-354.5561921227835,6392.901429258482,621.6034927426077,A0100,13.482973199605182,Trajectory
92.4,A1001,A0100,AIM-120C-7,ACTIVE,1914.7810614516577,453.14463779359426,6104.842793378648,722.7761890693461,B0100,31.336270237922587,Trajectory
92.4,A1002,A0100,AIM-120C-7,ACTIVE,1287.6265969854169,198.62647011858368,6342.322839433211,744.7686885906833,B0100,32.00364891767149,Trajectory
92.60000000000001,B1001,B0100,R-27ER,ACTIVE,-1875.1132147473497,-1270.7021593745253,6197.840493833657,523.6718012891108,A0100,10.968940821846594,Trajectory
92.60000000000001,B1002,B0100,R-27ER,ACTIVE,366.38294969033245,-387.02969872547834,6389.063809752822,620.0767948232258,A0100,13.29314190559949,Trajectory
92.60000000000001,A1001,A0100,AIM-120C-7,ACTIVE,2057.80203100655,472.85453335578285,6106.19994313133,720.8565117340984,B0100,31.244993977876952,Trajectory
92.60000000000001,A1002,A0100,AIM-120C-7,ACTIVE,1435.1557009534692,217.70152121653075,6344.255741082057,742.763455052397,B0100,31.90822890569293,Trajectory
92.80000000000001,B1001,B0100,R-27ER,ACTIVE,-1977.5239004514706,-1292.0929883027188,6196.62467835982,522.5121983065998,A0100,10.797620341844354,Trajectory
92.80000000000001,B1002,B0100,R-27ER,ACTIVE,246.87406006666788,-419.4091743349439,6385.2303045149265,618.569152933126,A0100,13.10360876377415,Trajectory
92.80000000000001,A1001,A0100,AIM-120C-7,ACTIVE,2200.429739076501,492.6121495674875,6107.56678915524,718.9479815061308,B0100,31.15407363106886,Trajectory
92.80000000000001,A1002,A0100,AIM-120C-7,ACTIVE,1582.2735208934207,236.8380896454746,6346.185772785332,740.7700247639542,B0100,31.813181049490996,Trajectory
93.0,B1001,B0100,R-27ER,ACTIVE,-2079.7169015778127,-1313.3951500244182,6195.41633769732,521.3590564950762,A0100,10.626511003104946,Trajectory
93.0,B1002,B0100,R-27ER,ACTIVE,127.65229145622115,-451.6994207269941,6381.410435090561,617.0655925317551,A0100,12.914357516836485,Trajectory
93.0,A1001,A0100,AIM-120C-7,ACTIVE,2342.6665261765215,512.4167852409428,6108.940696679471,717.0509604613177,B0100,31.063467790135814,Trajectory
93.0,A1002,A0100,AIM-120C-7,ACTIVE,1728.9824763168265,256.03539889132173,6348.110437527527,738.7883622653281,B0100,31.718466678827955,Trajectory
93.2,B1001,B0100,R-27ER,ACTIVE,-2181.6924173792772,-1334.6128556316014,6194.22993375185,520.2093383320962,A0100,10.455633866307297,Trajectory
93.2,B1002,B0100,R-27ER,ACTIVE,8.718922163443679,-483.9035292115141,6377.619480661621,615.5560163134456,A0100,12.725411485516048,Trajectory
93.2,A1001,A0100,AIM-120C-7,ACTIVE,2484.5147684119647,532.2676731169487,6110.318552919679,715.1652175986394,B0100,30.973100274902517,Trajectory
93.2,A1002,A0100,AIM-120C-7,ACTIVE,1875.2849976148225,275.2926053137547,6350.026763228889,736.8183775142783,B0100,31.624008387762345,Trajectory
93.4,B1001,B0100,R-27ER,ACTIVE,-2283.451064139311,-1355.7510998660002,6193.067107565146,519.0719543013881,A0100,10.28497484960442,Trajectory
93.4,B1002,B0100,R-27ER,ACTIVE,-109.9259115072463,-516.0259238375036,6373.858879869418,614.0598850809845,A0100,12.536759692940324,Trajectory
93.4,A1001,A0100,AIM-120C-7,ACTIVE,2625.976764646968,552.164039039751,6111.698802358601,713.2904275025746,B0100,30.88303739748412,Trajectory
93.4,A1002,A0100,AIM-120C-7,ACTIVE,2021.1834799949588,294.6088647912309,6351.933310522565,734.8600736554538,B0100,31.529869640684105,Trajectory
93.60000000000001,B1001,B0100,R-27ER,ACTIVE,-2384.9934876792477,-1376.8152635592144,6191.929581541117,517.9410335925191,A0100,10.114551619436098,Trajectory
93.60000000000001,B1002,B0100,R-27ER,ACTIVE,-228.28241645200222,-548.0718443428764,6370.128446978277,612.5666938040667,A0100,12.34841978666893,Trajectory
93.60000000000001,A1001,A0100,AIM-120C-7,ACTIVE,2767.0547291782455,572.1050937753178,6113.082253798554,711.4261363956617,B0100,30.79335334873528,Trajectory
93.60000000000001,A1002,A0100,AIM-120C-7,ACTIVE,2166.6802996340343,313.9833262673167,6353.830972248703,732.9134270157616,B0100,31.436120823134072,Trajectory
93.80000000000001,B1001,B0100,R-27ER,ACTIVE,-2486.3208559888517,-1397.811258032655,6190.813310974028,516.8247182404946,A0100,9.944346745110215,Trajectory
93.80000000000001,B1002,B0100,R-27ER,ACTIVE,-346.3512275316169,-580.0456734896308,6366.424595299486,611.0873573700682,A0100,12.160375999486082,Trajectory
93.80000000000001,A1001,A0100,AIM-120C-7,ACTIVE,2907.7507133388062,592.0900155345797,6114.473322024487,709.5715702309209,B0100,30.703952153838962,Trajectory
93.80000000000001,A1002,A0100,AIM-120C-7,ACTIVE,2311.7777743436545,333.41512248154794,6355.724193689479,730.9782994564796,B0100,31.342660886532897,Trajectory
94.0,B1001,B0100,R-27ER,ACTIVE,-2587.4341240507756,-1418.744548331003,6189.716896958559,515.718712845134,A0100,9.774376322053525,Trajectory
94.0,B1002,B0100,R-27ER,ACTIVE,-464.13275287570156,-611.9514003097903,6362.745363390705,609.6102302622085,A0100,11.97264424359174,Trajectory
94.0,A1001,A0100,AIM-120C-7,ACTIVE,3048.0666454726,612.117981604695,6115.87693218304,707.7265003515149,B0100,30.614850591925588,Trajectory
94.0,A1002,A0100,AIM-120C-7,ACTIVE,2456.478137992989,352.90339249286984,6357.617922454065,729.054036567255,B0100,31.249510061433107,Trajectory
94.2,B1001,B0100,R-27ER,ACTIVE,-2688.334821803461,-1439.6208731469737,6188.634268901542,514.6258363446682,A0100,9.604621658028071,Trajectory
94.2,B1002,B0100,R-27ER,ACTIVE,-581.6267495976654,-643.7942992302598,6359.084569144982,608.1413728456342,A0100,11.78520825576209,Trajectory
94.2,A1001,A0100,AIM-120C-7,ACTIVE,3188.0044849179285,632.1884315059903,6117.294320305761,705.8914008318093,B0100,30.52608609740349,Trajectory
94.2,A1002,A0100,AIM-120C-7,ACTIVE,2600.7835451661394,372.4475175753359,6359.5134729687215,727.1404966848925,B0100,31.156710006749368,Trajectory
94.4,B1001,B0100,R-27ER,ACTIVE,-2789.0240100864767,-1460.4449171045906,6187.563141530123,513.542680131292,A0100,9.435098634247316,Trajectory
94.4,B1002,B0100,R-27ER,ACTIVE,-698.8324294320591,-675.5791161397252,6355.440987622181,606.6747856135127,A0100,11.598084871605694,Trajectory
94.4,A1001,A0100,AIM-120C-7,ACTIVE,3327.566341946164,652.300764792646,6118.724402169754,704.0670911885189,B0100,30.437584521633628,Trajectory
94.4,A1002,A0100,AIM-120C-7,ACTIVE,2744.6962184647614,392.04682807104274,6361.409871749772,725.2381594078398,B0100,31.06418884304569,Trajectory
94.60000000000001,B1001,B0100,R-27ER,ACTIVE,-2889.503047481229,-1481.2217080725975,6186.49754278694,512.4712316196735,A0100,9.265788416483115,Trajectory
94.60000000000001,B1002,B0100,R-27ER,ACTIVE,-815.7492191537192,-707.3097655951027,6351.808569611435,605.2083683964831,A0100,11.411257843774852,Trajectory
94.60000000000001,A1001,A0100,AIM-120C-7,ACTIVE,3466.754560048949,672.4542056699277,6120.16329044508,702.2541971767862,B0100,30.34933157755581,Trajectory
94.60000000000001,A1002,A0100,AIM-120C-7,ACTIVE,2888.2185244358234,411.70046887945335,6363.303380194195,723.3470786029128,B0100,30.97193658249968,Trajectory
94.80000000000001,B1001,B0100,R-27ER,ACTIVE,-2989.7723545125205,-1501.9565808425355,6185.435345865626,511.40293967521353,A0100,9.096707529368874,Trajectory
94.80000000000001,B1002,B0100,R-27ER,ACTIVE,-932.3754874154741,-738.9915538056246,6348.18491593433,603.7411226164838,A0100,11.224744857555672,Trajectory
94.80000000000001,A1001,A0100,AIM-120C-7,ACTIVE,3605.5715110603937,692.6479588997744,6121.606211627479,700.4521960945671,B0100,30.261273602476024,Trajectory
94.80000000000001,A1002,A0100,AIM-120C-7,ACTIVE,3031.3528176941095,431.40756079415274,6365.189382833131,721.4670335970739,B0100,30.87989715081837,Trajectory
95.0,B1001,B0100,R-27ER,ACTIVE,-3089.8308884531466,-1522.6537251664504,6184.369708508526,510.32835324424184,A0100,8.927821656794087,Trajectory
95.0,B1002,B0100,R-27ER,ACTIVE,-1048.7100189535179,-770.6281289553765,6344.563594039754,602.2743169887246,A0100,11.038513161570656,Trajectory
95.0,A1001,A0100,AIM-120C-7,ACTIVE,3744.019439684131,712.8811595239713,6123.0512197094,698.6608090406185,B0100,30.173565233533036,Trajectory
95.0,A1002,A0100,AIM-120C-7,ACTIVE,3174.101409309397,451.1671675782819,6367.066051373081,719.5982373661512,B0100,30.788221077843904,Trajectory
95.2,B1001,B0100,R-27ER,ACTIVE,-3189.6764520340303,-1543.3168158877938,6183.291662468702,509.254596192879,A0100,8.759136141932617,Trajectory
95.2,B1002,B0100,R-27ER,ACTIVE,-1164.7517681105332,-802.2222394756832,6340.936718188783,600.8112626700873,A0100,10.852563275976454,Trajectory
95.2,A1001,A0100,AIM-120C-7,ACTIVE,3882.1005579834377,733.152818652813,6124.498601980826,696.8797199509711,B0100,30.08629514400413,Trajectory
95.2,A1002,A0100,AIM-120C-7,ACTIVE,3316.4666457964045,470.978237787842,6368.933764361317,717.740630426824,B0100,30.696994748423666,Trajectory
95.4,B1001,B0100,R-27ER,ACTIVE,-3289.3101481938943,-1563.9488723657414,6182.212370551004,508.18898956324125,A0100,8.590666230714309,Trajectory
95.4,B1002,B0100,R-27ER,ACTIVE,-1280.5021919017624,-833.775477390654,6337.314093041932,599.3559546337192,A0100,10.666907460244097,Trajectory
95.4,A1001,A0100,AIM-120C-7,ACTIVE,4019.8168739325242,753.4621949122218,6125.950801873786,695.1077395101775,B0100,29.999387476166024,Trajectory
95.4,A1002,A0100,AIM-120C-7,ACTIVE,3458.450733276654,490.83997425656,6370.79502499268,715.8934940248798,B0100,30.60613844623516,Trajectory
95.60000000000001,B1001,B0100,R-27ER,ACTIVE,-3388.7319503292674,-1584.5523209499013,6181.143715652626,507.1172700482,A0100,8.422397728123906,Trajectory
95.60000000000001,B1002,B0100,R-27ER,ACTIVE,-1395.9620176162603,-865.2898854536816,6333.708133746822,597.8995067035079,A0100,10.481530922767947,Trajectory
95.60000000000001,A1001,A0100,AIM-120C-7,ACTIVE,4157.170071675356,773.8088411134972,6127.412726162989,693.3440281258123,B0100,29.912744000031967,Trajectory
95.60000000000001,A1002,A0100,AIM-120C-7,ACTIVE,3600.055641295641,510.751885844498,6372.654761925285,714.0562185157881,B0100,30.515552353055483,Trajectory
95.80000000000001,B1001,B0100,R-27ER,ACTIVE,-3487.939414417947,-1605.1284377385894,6180.103630235039,506.0346085967017,A0100,8.254354622991732,Trajectory
95.80000000000001,B1002,B0100,R-27ER,ACTIVE,-1511.1300710229596,-896.7679995740325,6330.134261002716,596.437811613875,A0100,10.29645698715028,Trajectory
95.80000000000001,A1001,A0100,AIM-120C-7,ACTIVE,4294.161888316286,794.192246139002,6128.887106514827,691.5895625337079,B0100,29.826433045311656,Trajectory
95.80000000000001,A1002,A0100,AIM-120C-7,ACTIVE,3741.2833419352587,530.7134115596414,6374.515759962749,712.2289748728282,B0100,30.425310766632084,Trajectory
96.0,B1001,B0100,R-27ER,ACTIVE,-3586.9319936769175,-1625.679130524079,6179.094227727438,504.9562213344367,A0100,8.086524388125163,Trajectory
96.0,B1002,B0100,R-27ER,ACTIVE,-1626.0054031528887,-928.2132533250929,6326.59496766328,594.9807142084169,A0100,10.111675897057701,Trajectory
96.0,A1001,A0100,AIM-120C-7,ACTIVE,4430.794331327556,814.6118429824631,6130.372512977703,689.8453132689625,B0100,29.74043491514027,Trajectory
96.0,A1002,A0100,AIM-120C-7,ACTIVE,3882.13593460331,550.7239126757763,6376.376702174038,710.4121959821513,B0100,30.335397630617866,Trajectory
96.2,B1001,B0100,R-27ER,ACTIVE,-3685.708455000453,-1646.208791645682,6178.118499836645,503.87679081387404,A0100,7.918926631089668,Trajectory
96.2,B1002,B0100,R-27ER,ACTIVE,-1740.5877385565032,-959.6283830540116,6323.091614026193,593.5247020807108,A0100,9.927206073540036,Trajectory
96.2,A1001,A0100,AIM-120C-7,ACTIVE,4567.069606315349,835.0668365701864,6131.865855897466,688.1117165790332,B0100,29.65464359554928,Trajectory
96.2,A1002,A0100,AIM-120C-7,ACTIVE,4022.615653037606,570.7825172781316,6378.234631081108,708.6061479160514,B0100,30.245708130747353,Trajectory
96.4,B1001,B0100,R-27ER,ACTIVE,-3784.2692589407534,-1666.72105061493,6177.1695417904,502.80529307900235,A0100,7.751544837125058,Trajectory
96.4,B1002,B0100,R-27ER,ACTIVE,-1854.877474160926,-991.0158152094403,6319.617835110104,592.0778541026693,A0100,9.7430323036565,Trajectory
96.4,A1001,A0100,AIM-120C-7,ACTIVE,4702.989990410505,855.5563024378156,6133.3632870128895,686.3885573153243,B0100,29.569047884109274,Trajectory
96.4,A1002,A0100,AIM-120C-7,ACTIVE,4162.724775928019,590.8882232104754,6380.085837048145,706.8105857502003,B0100,30.156231339186466,Trajectory
96.60000000000001,B1001,B0100,R-27ER,ACTIVE,-3882.6141162566605,-1687.2196602809247,6176.245832857544,501.7340700509565,A0100,7.584396438954415,Trajectory
96.60000000000001,B1002,B0100,R-27ER,ACTIVE,-1968.8749341626196,-1022.377861707404,6316.1719849809,590.6327497511908,A0100,9.559170705670198,Trajectory
96.60000000000001,A1001,A0100,AIM-120C-7,ACTIVE,4838.557610537101,876.0794837497289,6134.862100767581,684.6750041693393,B0100,29.48377424428941,Trajectory
96.60000000000001,A1002,A0100,AIM-120C-7,ACTIVE,4302.465463411801,611.0401973018774,6381.927738472253,705.0251186234643,B0100,30.067090010744497,Trajectory
96.80000000000001,B1001,B0100,R-27ER,ACTIVE,-3980.743170448362,-1707.7079095897082,6175.339847967221,500.66897768361804,A0100,7.417464345066904,Trajectory
96.80000000000001,B1002,B0100,R-27ER,ACTIVE,-2082.5802975996817,-1053.7168815378222,6312.747303270497,589.195538188737,A0100,9.375605065253684,Trajectory
96.80000000000001,A1001,A0100,AIM-120C-7,ACTIVE,4973.7743120783,896.6358480074958,6136.3642052285295,682.9699783875465,B0100,29.39880451580839,Trajectory
96.80000000000001,A1002,A0100,AIM-120C-7,ACTIVE,4441.839728248514,631.2378473508428,6383.762305444462,703.2495363655011,B0100,29.978258753962283,Trajectory
97.0,B1001,B0100,R-27ER,ACTIVE,-4078.6562087265183,-1728.1889493482333,6174.449176377483,499.60500007152945,A0100,7.2507657876675795,Trajectory
97.0,B1002,B0100,R-27ER,ACTIVE,-2195.9932209218464,-1085.0362166236748,6309.34159888624,587.7580171487028,A0100,9.192351828961865,Trajectory
97.0,A1001,A0100,AIM-120C-7,ACTIVE,5108.641768609449,917.2247941732625,6137.874558640086,681.2733370417022,B0100,29.31410251415436,Trajectory
97.0,A1002,A0100,AIM-120C-7,ACTIVE,4580.849520475292,651.4805318930125,6385.594515706176,701.4838171653507,B0100,29.88970050704101,Trajectory
97.2,B1001,B0100,R-27ER,ACTIVE,-4176.353090937988,-1748.6657557895035,6173.565357295166,498.542732916961,A0100,7.084283596561057,Trajectory
97.2,B1002,B0100,R-27ER,ACTIVE,-2309.11311112071,-1116.3390253538134,6305.9477362546495,586.3239810240922,A0100,9.009394936037884,Trajectory
97.2,A1001,A0100,AIM-120C-7,ACTIVE,5243.161744456503,937.8455813975046,6139.396043152236,679.5855451406809,B0100,29.22971752397072,Trajectory
97.2,A1002,A0100,AIM-120C-7,ACTIVE,4719.496830333556,671.7674637940081,6387.427300986773,699.7277864895432,B0100,29.80146945532741,Trajectory
97.4,B1001,B0100,R-27ER,ACTIVE,-4273.832985957203,-1769.1422774421353,6172.687083346071,497.4802096655146,A0100,6.918035619410138,Trajectory
97.4,B1002,B0100,R-27ER,ACTIVE,-2421.9390072197825,-1147.6293288216598,6302.563885900227,584.8905402319621,A0100,8.826751469489691,Trajectory
97.4,A1001,A0100,AIM-120C-7,ACTIVE,5377.3361108342015,958.4976511190578,6140.928093308548,677.9070296167241,B0100,29.14565562013499,Trajectory
97.4,A1002,A0100,AIM-120C-7,ACTIVE,4857.783639085553,692.0980169751627,6389.260193610821,697.9813908896048,B0100,29.713575103843972,Trajectory
97.60000000000001,B1001,B0100,R-27ER,ACTIVE,-4371.094816081945,-1789.6225135426191,6171.807100791097,496.41732260924505,A0100,6.752005334457455,Trajectory
97.60000000000001,B1002,B0100,R-27ER,ACTIVE,-2534.4705399945383,-1178.9095417901324,6299.183513540532,583.4603372607016,A0100,8.64440495150482,Trajectory
97.60000000000001,A1001,A0100,AIM-120C-7,ACTIVE,5511.1668509894935,979.1804113130815,6142.468372879103,676.2382611902002,B0100,29.061827460909033,Trajectory
97.60000000000001,A1002,A0100,AIM-120C-7,ACTIVE,4995.71197547472,712.4715234994131,6391.090975958441,696.2448446412292,B0100,29.625930033400248,Trajectory
97.80000000000001,B1001,B0100,R-27ER,ACTIVE,-4468.13781612458,-1810.1101036915393,6170.9242669639925,495.3536308113564,A0100,6.586210663280185,Trajectory
97.80000000000001,B1002,B0100,R-27ER,ACTIVE,-2646.7064118876183,-1210.1842100570686,6295.804961008042,582.0292081847373,A0100,8.462372920115914,Trajectory
97.80000000000001,A1001,A0100,AIM-120C-7,ACTIVE,5644.6560391152925,999.89322330235,6144.012801057668,674.5791016208009,B0100,28.97823311993521,Trajectory
97.80000000000001,A1002,A0100,AIM-120C-7,ACTIVE,5133.283902439807,732.8872616502741,6392.915705857936,694.517830835595,B0100,29.53853572610055,Trajectory
98.0,B1001,B0100,R-27ER,ACTIVE,-4564.960641758944,-1830.6087588821053,6170.028920583931,494.28733625800527,A0100,6.420617330101889,Trajectory
98.0,B1002,B0100,R-27ER,ACTIVE,-2758.6453385895493,-1241.4566250278926,6292.4191438930475,580.5963208431489,A0100,8.280622389543781,Trajectory
98.0,A1001,A0100,AIM-120C-7,ACTIVE,5777.805605558947,1020.6355110486077,6145.559597273791,672.9287446164197,B0100,28.894911323388065,Trajectory
98.0,A1002,A0100,AIM-120C-7,ACTIVE,5270.5013967143495,753.3445804066894,6394.7327099992835,692.8003627499752,B0100,29.45142390533272,Trajectory
98.2,B1001,B0100,R-27ER,ACTIVE,-4661.562390608217,-1851.1203344138605,6169.109644776652,493.22262141622616,A0100,6.255229445307193,Trajectory
98.2,B1002,B0100,R-27ER,ACTIVE,-2870.286277606508,-1272.7289828694434,6289.015901044045,579.1684953777099,A0100,8.099153825557917,Trajectory
98.2,A1001,A0100,AIM-120C-7,ACTIVE,5910.617329050434,1041.406547097046,6147.111630272937,671.2869800759937,B0100,28.81186074958773,Trajectory
98.2,A1002,A0100,AIM-120C-7,ACTIVE,5407.366430913738,773.8427022947196,6396.544903500875,691.0927607783079,B0100,29.364588764155297,Trajectory
98.4,B1001,B0100,R-27ER,ACTIVE,-4757.944215908421,-1871.6464567939026,6168.181690205537,492.1672102560012,A0100,6.090062502807553,Trajectory
98.4,B1002,B0100,R-27ER,ACTIVE,-2981.6314318152963,-1304.0018412813986,6285.608397904506,577.7521404471199,A0100,7.917979118409072,Trajectory
98.4,A1001,A0100,AIM-120C-7,ACTIVE,6043.092997450634,1062.205430109571,6148.672159259731,669.6537156534722,B0100,28.729097343213603,Trajectory
98.4,A1002,A0100,AIM-120C-7,ACTIVE,5543.881014605639,794.3806828585489,6398.355587871475,689.3946328503849,B0100,29.27804881186264,Trajectory
98.60000000000001,B1001,B0100,R-27ER,ACTIVE,-4854.1074199391105,-1892.1873040344713,6167.263584620602,491.1127640998681,A0100,5.925101169846867,Trajectory
98.60000000000001,B1002,B0100,R-27ER,ACTIVE,-3092.6830563080002,-1335.2752354690717,6282.212745839816,576.3412776216923,A0100,7.737082263354568,Trajectory
98.60000000000001,A1001,A0100,AIM-120C-7,ACTIVE,6175.234391172319,1083.0315272903435,6150.241644674072,668.0292237821378,B0100,28.646657144035167,Trajectory
98.60000000000001,A1002,A0100,AIM-120C-7,ACTIVE,5680.047065347494,814.9578287283309,6400.165304167195,687.7057163653575,B0100,29.191844205667227,Trajectory
98.80000000000001,B1001,B0100,R-27ER,ACTIVE,-4950.051147397624,-1912.7433644739951,6166.379075369744,490.05090598111445,A0100,5.760367977983608,Trajectory
98.80000000000001,B1002,B0100,R-27ER,ACTIVE,-3203.441895214607,-1366.5495365013296,6278.850569768197,574.9287967257995,A0100,7.556485115773976,Trajectory
98.80000000000001,A1001,A0100,AIM-120C-7,ACTIVE,6307.043404563181,1103.8842948712359,6151.8176031730945,666.4139409966012,B0100,28.564502892115406,Trajectory
98.80000000000001,A1002,A0100,AIM-120C-7,ACTIVE,5815.866514726923,835.5735183115047,6401.971687657508,686.0260159773835,B0100,29.105940939666258,Trajectory
99.0,B1001,B0100,R-27ER,ACTIVE,-5045.774661319464,-1933.3170622374814,6165.530893735315,488.9929530485939,A0100,5.595850401378547,Trajectory
99.0,B1002,B0100,R-27ER,ACTIVE,-3313.908512958466,-1397.8255121767954,6275.523788694244,573.5229433771894,A0100,7.376176590991132,Trajectory
99.0,A1001,A0100,AIM-120C-7,ACTIVE,6438.521968269293,1124.7631591870538,6153.396857132374,664.8076435046279,B0100,28.48255252619839,Trajectory
99.0,A1002,A0100,AIM-120C-7,ACTIVE,5951.341298763899,856.2270974616587,6403.771683719437,684.3554463244559,B0100,29.020255796154032,Trajectory
99.2,B1001,B0100,R-27ER,ACTIVE,-5141.277878106583,-1953.909935235766,6164.720598822125,487.9353924183584,A0100,5.431567170105851,Trajectory
99.2,B1002,B0100,R-27ER,ACTIVE,-3424.082572909193,-1429.1056790917476,6272.235082748127,572.1179856846271,A0100,7.196175286339849,Trajectory
99.2,A1001,A0100,AIM-120C-7,ACTIVE,6569.671954773495,1145.667486827319,6154.977664570704,663.2101037891471,B0100,28.400858512673043,Trajectory
99.2,A1002,A0100,AIM-120C-7,ACTIVE,6086.473338271719,876.9178606112904,6405.563652828049,682.6940819729995,B0100,28.9348385572105,Trajectory
99.4,B1001,B0100,R-27ER,ACTIVE,-5236.561080215316,-1974.5243387033634,6163.939969249035,486.8850203902365,A0100,5.2675019130480285,Trajectory
99.4,B1002,B0100,R-27ER,ACTIVE,-3533.9647583605492,-1460.391292652882,6268.976933489462,570.7223228488543,A0100,7.016465707032987,Trajectory
99.4,A1001,A0100,AIM-120C-7,ACTIVE,6700.4951639844285,1166.596615249468,6156.560404429325,661.6208686405383,B0100,28.319501198155695,Trajectory
99.4,A1002,A0100,AIM-120C-7,ACTIVE,6221.2645454503245,897.6450817339004,6407.348052026672,681.0418459754181,B0100,28.849766209053115,Trajectory
99.60000000000001,B1001,B0100,R-27ER,ACTIVE,-5331.624028372837,-1995.1628880588007,6163.189329649583,485.8302016732237,A0100,5.103709392689644,Trajectory
99.60000000000001,B1002,B0100,R-27ER,ACTIVE,-3643.5547110512907,-1491.6854101006468,6265.749882117592,569.3228951468444,A0100,6.837100567407664,Trajectory
99.60000000000001,A1001,A0100,AIM-120C-7,ACTIVE,6830.9931456765125,1187.550124681783,6158.148451806994,660.0384969251807,B0100,28.238438279889827,Trajectory
99.60000000000001,A1002,A0100,AIM-120C-7,ACTIVE,6355.716677158504,918.4082899027205,6409.1282969218555,679.3978688914818,B0100,28.764991981833084,Trajectory
99.80000000000001,B1001,B0100,R-27ER,ACTIVE,-5426.463681514827,-2015.8270686471408,6162.496930657362,484.743040752949,A0100,4.940192532006022,Trajectory
99.80000000000001,B1002,B0100,R-27ER,ACTIVE,-3752.8513332863413,-1522.988683027996,6262.578063299774,567.9040718008096,A0100,6.65807619579264,Trajectory
99.80000000000001,A1001,A0100,AIM-120C-7,ACTIVE,6961.167042224129,1208.5280311490067,6159.747186413493,658.4619440313088,B0100,28.157594163748012,Trajectory
99.80000000000001,A1002,A0100,AIM-120C-7,ACTIVE,6489.831166617007,939.2074611069041,6410.909780171979,677.7611870790022,B0100,28.680440027271203,Trajectory
100.0,B1001,B0100,R-27ER,ACTIVE,-5521.07186620143,-2036.5164033477004,6161.915793980234,483.62241261199364,A0100,4.776956365506474,Trajectory
100.0,B1002,B0100,R-27ER,ACTIVE,-3861.849218946289,-1554.3011743962495,6259.507736290985,566.456176283245,A0100,6.4793974052051775,Trajectory
100.0,A1001,A0100,AIM-120C-7,ACTIVE,7091.018046813723,1229.5301311731116,6161.360619601737,656.8923670327463,B0100,28.076946658563788,Trajectory
100.0,A1002,A0100,AIM-120C-7,ACTIVE,6623.6094633358925,960.0423508783891,6412.696543218611,676.1325492206664,B0100,28.596090886309653,Trajectory
100.2,B1001,B0100,R-27ER,ACTIVE,-5615.44874610427,-2057.233698090006,6161.430936059209,482.553646473047,A0100,4.613963836155028,Trajectory
100.2,B1002,B0100,R-27ER,ACTIVE,-3970.5485122609844,-1585.6245346451149,6256.527543942758,565.053866655032,A0100,6.301036140116478,Trajectory
100.2,A1001,A0100,AIM-120C-7,ACTIVE,7220.547818265008,1250.5558317271436,6162.988604481006,655.3317635906932,B0100,27.996555630699927,Trajectory
100.2,A1002,A0100,AIM-120C-7,ACTIVE,6757.053343273238,980.91230641852,6414.48852309456,674.5128983413102,B0100,28.51201217401275,Trajectory
100.4,B1001,B0100,R-27ER,ACTIVE,-5709.604320823396,-2077.9802963366637,6160.959318465043,481.5148308307831,A0100,4.451282829058679,Trajectory
100.4,B1002,B0100,R-27ER,ACTIVE,-4078.9564018765427,-1616.9599496080552,6253.565403255059,563.681089407795,A0100,6.123061369340583,Trajectory
100.4,A1001,A0100,AIM-120C-7,ACTIVE,7349.758380273103,1271.6046008494216,6164.6260362112835,653.7808452620999,B0100,27.916400144026674,Trajectory
100.4,A1002,A0100,AIM-120C-7,ACTIVE,6890.1647638680715,1001.8167035618791,6416.280761030701,672.9024037213278,B0100,28.42818701235023,Trajectory
100.60000000000001,B1001,B0100,R-27ER,ACTIVE,-5803.542695816292,-2098.7521786027883,6160.477089116727,480.48713117503684,A0100,4.288887820336001,Trajectory
100.60000000000001,B1002,B0100,R-27ER,ACTIVE,-4187.077067628434,-1648.303587735789,6250.599718069757,562.3194417993162,A0100,5.945440159720364,Trajectory
100.60000000000001,A1001,A0100,AIM-120C-7,ACTIVE,7478.651778559254,1292.6757822585118,6166.2674291233925,652.239016308392,B0100,27.83641129523579,Trajectory
100.60000000000001,A1002,A0100,AIM-120C-7,ACTIVE,7022.945684829354,1022.7547941295873,6418.067917038179,671.300716142391,B0100,28.344545009783527,Trajectory
100.80000000000001,B1001,B0100,R-27ER,ACTIVE,-5897.265902276119,-2119.547418670357,6159.995505148433,479.46657041857276,A0100,4.126753948698397,Trajectory
100.80000000000001,B1002,B0100,R-27ER,ACTIVE,-4294.913311218699,-1679.653513123595,6247.639169807745,560.9683186569465,A0100,5.768145820939076,Trajectory
100.80000000000001,A1001,A0100,AIM-120C-7,ACTIVE,7607.229902282423,1313.7687614507101,6167.908304498699,650.705543299952,B0100,27.756681758295557,Trajectory
100.80000000000001,A1002,A0100,AIM-120C-7,ACTIVE,7155.397952244681,1043.7258781192195,6419.845644437598,669.7073625977604,B0100,28.261176945298637,Trajectory
101.0,B1001,B0100,R-27ER,ACTIVE,-5990.77660004141,-2140.3597291666465,6159.539573529074,478.4500747175917,A0100,3.9649433004448373,Trajectory
101.0,B1002,B0100,R-27ER,ACTIVE,-4402.4690498239315,-1711.0049446059745,6244.706151253523,559.625452656538,A0100,5.591239939729242,Trajectory
101.0,A1001,A0100,AIM-120C-7,ACTIVE,7735.494448577381,1334.8830087416468,6169.548024213561,649.1799110957171,B0100,27.677239738085508,Trajectory
101.0,A1002,A0100,AIM-120C-7,ACTIVE,7287.523329461265,1064.729355630727,6421.613391392717,668.1226865396951,B0100,28.178103083509967,Trajectory
101.2,B1001,B0100,R-27ER,ACTIVE,-6084.075252431575,-2161.1878374104385,6159.071987561999,477.4174022405181,A0100,3.803438716427207,Trajectory
101.2,B1002,B0100,R-27ER,ACTIVE,-4509.744737379344,-1742.3565869152649,6241.769284349215,558.2734490409372,A0100,5.414714355754415,Trajectory
101.2,A1001,A0100,AIM-120C-7,ACTIVE,7863.447004822826,1356.0178496940007,6171.19051722013,647.6619369331479,B0100,27.598051691947973,Trajectory
101.2,A1002,A0100,AIM-120C-7,ACTIVE,7419.323613444796,1085.764508301551,6423.375116539953,666.546952752727,B0100,28.09528598339227,Trajectory
101.4,B1001,B0100,R-27ER,ACTIVE,-6177.154072024481,-2182.0311224412458,6158.515893257665,476.3518669876465,A0100,3.6422809765705497,Trajectory
101.4,B1002,B0100,R-27ER,ACTIVE,-4616.734848842254,-1773.7053325298336,6238.765361624943,556.8994107016051,A0100,5.238604867423885,Trajectory
101.4,A1001,A0100,AIM-120C-7,ACTIVE,7991.089153318488,1377.172457022914,6172.839678170588,646.1514285280764,B0100,27.51912808500278,Trajectory
101.4,A1002,A0100,AIM-120C-7,ACTIVE,7550.800613738644,1106.8304704512857,6425.134745526926,664.9796506744278,B0100,28.012739095572233,Trajectory
101.60000000000001,B1001,B0100,R-27ER,ACTIVE,-6270.014542141109,-2202.88868290629,6157.879760035337,475.3376481855215,A0100,3.481411872188911,Trajectory
101.60000000000001,B1002,B0100,R-27ER,ACTIVE,-4723.4406248326895,-1805.0512877427607,6235.699493841545,555.5676360110596,A0100,5.0628445418800085,Trajectory
101.60000000000001,A1001,A0100,AIM-120C-7,ACTIVE,8118.42245934535,1398.346259863765,6174.496516755583,644.6486012808547,B0100,27.440513014947463,Trajectory
101.60000000000001,A1002,A0100,AIM-120C-7,ACTIVE,7681.956036218742,1127.926614446128,6426.893356193965,663.420479473391,B0100,27.930510663460616,Trajectory
101.80000000000001,B1001,B0100,R-27ER,ACTIVE,-6362.6664078335325,-2223.7616909071994,6157.2461739444125,474.3326340442786,A0100,3.320878350746762,Trajectory
101.80000000000001,B1002,B0100,R-27ER,ACTIVE,-4829.872194522466,-1836.3952750799951,6232.637077301261,554.2514878893095,A0100,4.887479736810411,Trajectory
101.80000000000001,A1001,A0100,AIM-120C-7,ACTIVE,8245.448587962805,1419.5388106149467,6176.159109385083,643.1538660071067,B0100,27.362181356630572,Trajectory
101.80000000000001,A1002,A0100,AIM-120C-7,ACTIVE,7812.791586259762,1149.0524170770623,6428.649128711947,661.8694125762777,B0100,27.848578953737324,Trajectory
102.0,B1001,B0100,R-27ER,ACTIVE,-6455.102950379531,-2244.6508865883397,6156.700205316325,473.256745966635,A0100,3.160612239510683,Trajectory
102.0,B1002,B0100,R-27ER,ACTIVE,-4936.0273929314435,-1867.737874781532,6229.646435934869,552.8848587292815,A0100,4.712437538546996,Trajectory
102.0,A1001,A0100,AIM-120C-7,ACTIVE,8372.169246869686,1440.7496415135006,6177.824753562677,641.6671047394593,B0100,27.284043796806483,Trajectory
102.0,A1002,A0100,AIM-120C-7,ACTIVE,7943.308976583366,1170.2073315558673,6430.399469099798,660.3264502666012,B0100,27.76685357990979,Trajectory
102.2,B1001,B0100,R-27ER,ACTIVE,-6547.316858861799,-2265.555923156031,6156.2712196861485,472.2249631391604,A0100,3.0006151142216053,Trajectory
102.2,B1002,B0100,R-27ER,ACTIVE,-5041.901495272159,-1899.0785697068804,6226.753230851847,551.5523165502735,A0100,4.537727904535451,Trajectory
102.2,A1001,A0100,AIM-120C-7,ACTIVE,8498.586123681032,1461.9781599012754,6179.4920396532,640.1882087427701,B0100,27.20614584515458,Trajectory
102.2,A1002,A0100,AIM-120C-7,ACTIVE,8073.509938674456,1191.3906952704838,6432.143058503174,658.7917462337952,B0100,27.685377628445035,Trajectory
102.4,B1001,B0100,R-27ER,ACTIVE,-6639.313232625395,-2286.483059693306,6155.797138405238,471.11622858047645,A0100,2.84091958248482,Trajectory
102.4,B1002,B0100,R-27ER,ACTIVE,-5147.495739638241,-1930.421546551048,6223.832147613507,550.1600897050251,A0100,4.363399657481298,Trajectory
102.4,A1001,A0100,AIM-120C-7,ACTIVE,8624.700862363783,1483.2237202120368,6181.161104683457,638.7168576279854,B0100,27.12855965531561,Trajectory
102.4,A1002,A0100,AIM-120C-7,ACTIVE,8203.396209891787,1212.6017995221189,6433.880109406119,657.2651948452542,B0100,27.60422132818864,Trajectory
102.60000000000001,B1001,B0100,R-27ER,ACTIVE,-6731.043307724551,-2307.452962456325,6155.017501128989,469.72836783791627,A0100,2.6815875914219554,Trajectory
102.60000000000001,B1002,B0100,R-27ER,ACTIVE,-5252.765428296939,-1961.7778789559818,6220.681594283679,548.525464572554,A0100,4.189521174429174,Trajectory
102.60000000000001,A1001,A0100,AIM-120C-7,ACTIVE,8750.51495385309,1504.4858412915037,6182.833683276767,637.252330376217,B0100,27.05126076204449,Trajectory
102.60000000000001,A1002,A0100,AIM-120C-7,ACTIVE,8332.96942594822,1233.8401065356124,6435.612413862673,655.7463750158676,B0100,27.523357730496738,Trajectory
102.80000000000001,B1001,B0100,R-27ER,ACTIVE,-6822.4598922976675,-2328.4822846524316,6153.762223527228,468.31288608192557,A0100,2.522512769038068,Trajectory
102.80000000000001,B1002,B0100,R-27ER,ACTIVE,-5357.666037482968,-1993.156567761398,6217.166480128492,546.8600972776184,A0100,4.015946940454307,Trajectory
102.80000000000001,A1001,A0100,AIM-120C-7,ACTIVE,8876.0297333907,1525.7641588543252,6184.51259075173,635.7945469110447,B0100,26.97418928489379,Trajectory
102.80000000000001,A1002,A0100,AIM-120C-7,ACTIVE,8462.23111028252,1255.1052036551578,6437.342829936393,654.2351751600581,B0100,27.442727312617112,Trajectory
103.0,B1001,B0100,R-27ER,ACTIVE,-6913.62616280727,-2349.403361792086,6152.160424282845,467.0918442347295,A0100,2.363483628981461,Trajectory
103.0,B1002,B0100,R-27ER,ACTIVE,-5462.257768314271,-2024.4406584548835,6213.374961653335,545.3996754171088,A0100,3.8423999855584188,Trajectory
103.0,A1001,A0100,AIM-120C-7,ACTIVE,9001.246737586598,1547.0581398186475,6186.19759093032,634.3447091742472,B0100,26.89740353071167,Trajectory
103.0,A1002,A0100,AIM-120C-7,ACTIVE,8591.182897284727,1276.396495624045,6439.071200679279,652.7319504541317,B0100,27.362395089508013,Trajectory
103.2,B1001,B0100,R-27ER,ACTIVE,-7004.619625957858,-2369.9288718430994,6150.583071908178,465.6593695341677,A0100,2.204608198046493,Trajectory
103.2,B1002,B0100,R-27ER,ACTIVE,-5566.628686427168,-2055.4270413743093,6209.57228208699,543.8199989582262,A0100,3.66897670231043,Trajectory
103.2,A1001,A0100,AIM-120C-7,ACTIVE,9126.167776866392,1568.3671002026426,6187.884447630426,632.9032136339282,B0100,26.82083846697665,Trajectory
103.2,A1002,A0100,AIM-120C-7,ACTIVE,8719.826553390998,1297.7132132888987,6440.793414666811,651.2367428316682,B0100,27.28229889944463,Trajectory
103.4,B1001,B0100,R-27ER,ACTIVE,-7095.419266599788,-2389.883224046473,6149.464950859031,463.8814792651465,A0100,2.0460114551678386,Trajectory
103.4,B1002,B0100,R-27ER,ACTIVE,-5670.779470397589,-2085.98148074165,6206.075833421626,541.95097775904,A0100,3.4958180044094145,Trajectory
103.4,A1001,A0100,AIM-120C-7,ACTIVE,9250.794645038046,1589.6902929528922,6189.56903418986,631.469471720815,B0100,26.744409845297618,Trajectory
103.4,A1002,A0100,AIM-120C-7,ACTIVE,8848.163826061367,1319.0545278744285,6442.505462411911,649.7492821197108,B0100,27.2023519923253,Trajectory
103.60000000000001,B1001,B0100,R-27ER,ACTIVE,-7185.979917736864,-2409.228080619249,6149.059330832276,462.0342248376339,A0100,1.8876944742193564,Trajectory
103.60000000000001,B1002,B0100,R-27ER,ACTIVE,-5774.681545335347,-2116.062464537399,6203.079834290102,540.0041075780524,A0100,3.322943024010155,Trajectory
103.60000000000001,A1001,A0100,AIM-120C-7,ACTIVE,9375.128961222248,1611.027127214837,6191.249662176791,630.0430450380909,B0100,26.668224334432317,Trajectory
103.60000000000001,A1002,A0100,AIM-120C-7,ACTIVE,8976.196365205993,1340.4197781453377,6444.205743689974,648.2695264211047,B0100,27.12265745345295,Trajectory
103.80000000000001,B1001,B0100,R-27ER,ACTIVE,-7276.3030365677505,-2428.006445581232,6149.247172960159,460.43775744206715,A0100,1.7296508063254272,Trajectory
103.80000000000001,B1002,B0100,R-27ER,ACTIVE,-5878.335249702845,-2145.6868635716687,6200.521823219239,538.2341294574345,A0100,3.150372094968092,Trajectory
103.80000000000001,A1001,A0100,AIM-120C-7,ACTIVE,9499.17220895214,1632.377176856262,6192.927245608388,628.6235510628983,B0100,26.592349777864666,Trajectory
103.80000000000001,A1002,A0100,AIM-120C-7,ACTIVE,9103.925762578037,1361.8084758667044,6445.895235317284,646.7974973688912,B0100,27.04327916846717,Trajectory
104.0,B1001,B0100,R-27ER,ACTIVE,-7366.429979973305,-2446.273935013006,6149.628118203348,459.0612852306972,A0100,1.5717945058444858,Trajectory
104.0,B1002,B0100,R-27ER,ACTIVE,-5981.766665216654,-2174.8851890920446,6198.147047273076,536.6474949820181,A0100,2.9780405541931194,Trajectory
104.0,A1001,A0100,AIM-120C-7,ACTIVE,9622.925682866478,1653.740108893085,6194.6065557048905,627.2101316397078,B0100,26.516703029943198,Trajectory
104.0,A1002,A0100,AIM-120C-7,ACTIVE,9231.35353761945,1383.2202462277417,6447.578727235641,645.3330261172749,B0100,26.964128148822244,Trajectory
104.2,B1001,B0100,R-27ER,ACTIVE,-7456.367619662295,-2464.0832223226607,6149.819623196507,457.65736144182995,A0100,1.414115206581503,Trajectory
104.2,B1002,B0100,R-27ER,ACTIVE,-6084.981459946943,-2203.686146735055,6195.7058600211285,535.0750371566246,A0100,2.8059358499875553,Trajectory
104.2,A1001,A0100,AIM-120C-7,ACTIVE,9746.390505747395,1675.1155982172318,6196.293182794799,625.8023793894721,B0100,26.441287203394612,Trajectory
104.2,A1002,A0100,AIM-120C-7,ACTIVE,9358.481094258752,1404.654734518715,6449.261818820934,643.8753576109559,B0100,26.885211139186985,Trajectory
104.4,B1001,B0100,R-27ER,ACTIVE,-7546.098019738998,-2481.4908661816203,6149.6634173865605,456.2850408073925,A0100,1.2566101311126212,Trajectory
104.4,B1002,B0100,R-27ER,ACTIVE,-6187.96731496349,-2232.12132336735,6193.082566106207,533.5224939868285,A0100,2.6340407889723947,Trajectory
104.4,A1001,A0100,AIM-120C-7,ACTIVE,9869.567842150665,1696.5034603257106,6197.989183149165,624.4007765844664,B0100,26.366148289724393,Trajectory
104.4,A1002,A0100,AIM-120C-7,ACTIVE,9485.309768191875,1426.1117046357135,6450.946618471159,642.4244307522765,B0100,26.806578203149165,Trajectory
104.60000000000001,B1001,B0100,R-27ER,ACTIVE,-7635.627397585139,-2498.5531230019915,6149.225792505893,455.04861724877816,A0100,1.0992839138851018,Trajectory
104.60000000000001,B1002,B0100,R-27ER,ACTIVE,-6290.725003290184,-2260.224203225053,6190.294016007106,532.0434745120133,A0100,2.462361756100986,Trajectory
104.60000000000001,A1001,A0100,AIM-120C-7,ACTIVE,9992.458987354286,1717.9034601754465,6199.69482499272,623.0057829518278,B0100,26.291196460868733,Trajectory
104.60000000000001,A1002,A0100,AIM-120C-7,ACTIVE,9611.840954542304,1447.5908589092912,6452.633465380184,640.9805538542811,B0100,26.728140317502348,Trajectory
104.80000000000001,B1001,B0100,R-27ER,ACTIVE,-7724.969006048572,-2515.3298749652013,6148.609875798198,453.9366883610714,A0100,0.9421115150887979,Trajectory
104.80000000000001,B1002,B0100,R-27ER,ACTIVE,-6393.260054501909,-2288.03136853897,6187.38424352166,530.6408590171043,A0100,2.2908823590773526,Trajectory
104.80000000000001,A1001,A0100,AIM-120C-7,ACTIVE,10115.065461335222,1739.3149593535493,6201.409572956215,621.6185184127806,B0100,26.2163695120682,Trajectory
104.80000000000001,A1002,A0100,AIM-120C-7,ACTIVE,9738.076242342677,1469.0914989166438,6454.321898753592,639.5445683730568,B0100,26.64983713961842,Trajectory
105.0,B1001,B0100,R-27ER,ACTIVE,-7814.1368473972725,-2531.8856359334895,6147.954647886918,452.9307877384253,A0100,0.7851018190760298,Trajectory
105.0,B1002,B0100,R-27ER,ACTIVE,-6495.579804846323,-2315.5832410811813,6184.418099805358,529.3151512290292,A0100,2.1196196125833806,Trajectory
105.0,A1001,A0100,AIM-120C-7,ACTIVE,10237.388993190745,1760.737300443703,6203.130072005854,620.2388640323874,B0100,26.141796839184078,Trajectory
105.0,A1002,A0100,AIM-120C-7,ACTIVE,9864.01733436644,1490.6128887789475,6456.008670207397,638.1158034618471,B0100,26.571803006498488,Trajectory
105.2,B1001,B0100,R-27ER,ACTIVE,-7903.1344987634075,-2548.2801843401453,6147.269627342908,451.9814071150684,A0100,0.6282351800727923,Trajectory
105.2,B1002,B0100,R-27ER,ACTIVE,-6597.6852695045,-2342.9199523491834,6181.403136571475,528.0351303094308,A0100,1.9485584663189208,Trajectory
105.2,A1001,A0100,AIM-120C-7,ACTIVE,10359.43115995548,1782.170261073001,6204.850979113198,618.8664292513713,B0100,26.06756546896595,Trajectory
105.2,A1002,A0100,AIM-120C-7,ACTIVE,9989.665716711505,1512.1547071992,6457.688569272716,636.6938848658466,B0100,26.494125209520448,Trajectory
105.4,B1001,B0100,R-27ER,ACTIVE,-7991.964285590643,-2564.574209940016,6146.582711299053,451.0866102200617,A0100,0.47152782951687267,Trajectory
105.4,B1002,B0100,R-27ER,ACTIVE,-6699.577076518159,-2370.082811195109,6178.349725332989,526.810932877166,A0100,1.777716464150291,Trajectory
105.4,A1001,A0100,AIM-120C-7,ACTIVE,10481.193497390164,1803.6133799530046,6206.569347386116,617.5007120631512,B0100,25.993627267669194,Trajectory
105.4,A1002,A0100,AIM-120C-7,ACTIVE,10115.022906346621,1533.7164094402124,6459.358754079758,635.2789984402721,B0100,26.41674940668519,Trajectory
105.60000000000001,B1001,B0100,R-27ER,ACTIVE,-8080.612850832653,-2580.811104770859,6145.795195307537,450.06207409873605,A0100,0.3149543907567293,Trajectory
105.60000000000001,B1002,B0100,R-27ER,ACTIVE,-6801.249462861876,-2397.108056150784,6175.225993799594,525.5678503418999,A0100,1.607061359979512,Trajectory
105.60000000000001,A1001,A0100,AIM-120C-7,ACTIVE,10602.677181919347,1825.0666633227986,6208.287134271154,616.1403913948225,B0100,25.919939139145907,Trajectory
105.60000000000001,A1002,A0100,AIM-120C-7,ACTIVE,10240.0902131871,1555.297942581323,6461.021230635957,633.8705224274601,B0100,26.33962651847643,Trajectory
105.80000000000001,B1001,B0100,R-27ER,ACTIVE,-8169.044592510338,-2597.0027153677033,6144.742772594148,448.94385461384053,A0100,0.15855277936045414,Trajectory
105.80000000000001,B1002,B0100,R-27ER,ACTIVE,-6902.684067173183,-2424.0202566760368,6171.960144677855,524.268912459992,A0100,1.4366099016726313,Trajectory
105.80000000000001,A1001,A0100,AIM-120C-7,ACTIVE,10723.883130189159,1846.5302430949646,6210.009418999624,614.7849797516608,B0100,25.846484934072706,Trajectory
105.80000000000001,A1002,A0100,AIM-120C-7,ACTIVE,10364.868797975321,1576.8993993998897,6462.681093275774,632.4682853685897,B0100,26.262737823397664,Trajectory
106.0,B1001,B0100,R-27ER,MISS,-8242.584140925297,-2610.4137871417674,6143.804130329215,447.88805138978773,A0100,0.0,Trajectory
106.0,B1002,B0100,R-27ER,MISS,-6987.024575283347,-2446.3719564793846,6169.114796761009,523.2283211787027,A0100,0.0,Trajectory
106.0,A1001,A0100,AIM-120C-7,ACTIVE,10844.812261150551,1868.004015980864,6211.740812346862,613.4345234520507,B0100,25.773258562593714,Trajectory
106.0,A1002,A0100,AIM-120C-7,ACTIVE,10489.359827493749,1598.5206418109383,6464.342974361322,631.0720135247659,B0100,26.1860800420846,Trajectory
106.0,B1001,B0100,R-27ER,DESTROYED,-8242.584140925297,-2610.4137871417674,6143.804130329215,0.0,A0100,0.0,Trajectory
106.0,B1002,B0100,R-27ER,DESTROYED,-6987.024575283347,-2446.3719564793846,6169.114796761009,0.0,A0100,0.0,Trajectory
106.2,A1001,A0100,AIM-120C-7,ACTIVE,10965.465569098236,1889.487861629696,6213.483782269543,612.0894737337309,B0100,25.700258915533674,Trajectory
106.2,A1002,A0100,AIM-120C-7,ACTIVE,10613.564472466715,1620.161502278631,6466.009387443039,629.6818674503716,B0100,26.109654078471674,Trajectory
106.4,A1001,A0100,AIM-120C-7,ACTIVE,11085.844273444103,1910.9813124712148,6215.239522415081,610.75083685726,B0100,25.627451448079825,Trajectory
106.4,A1002,A0100,AIM-120C-7,ACTIVE,10737.484079432017,1641.8214619509783,6467.681584328725,628.2987113001388,B0100,26.03342585340715,Trajectory
106.60000000000001,A1001,A0100,AIM-120C-7,ACTIVE,11205.950012458385,1932.4830585785382,6217.008546286643,609.4201156745808,B0100,25.55483942763201,Trajectory
106.60000000000001,A1002,A0100,AIM-120C-7,ACTIVE,10861.120388643472,1663.4991644444337,6469.360143267795,626.9238800125962,B0100,25.957399314912347,Trajectory
106.80000000000001,A1001,A0100,AIM-120C-7,ACTIVE,11325.78482158426,1953.9912264129691,6218.789869128125,608.0984304972375,B0100,25.482452111314192,Trajectory
106.80000000000001,A1002,A0100,AIM-120C-7,ACTIVE,10984.475481114565,1685.1926838269126,6471.044160798107,625.5582887718258,B0100,25.881604571587737,Trajectory
107.0,A1001,A0100,AIM-120C-7,ACTIVE,11445.351320557042,1975.5024783220388,6220.583001164478,606.7881518929772,B0100,25.41020519038582,Trajectory
107.0,A1002,A0100,AIM-120C-7,ACTIVE,11107.552033586178,1706.8986480682186,6472.7332213492655,624.204682705829,B0100,25.805953090157143,Trajectory
107.2,A1001,A0100,AIM-120C-7,ACTIVE,11564.652896034886,1997.0114976823322,6222.388654720681,605.4903572161363,B0100,25.33813816067486,Trajectory
107.2,A1002,A0100,AIM-120C-7,ACTIVE,11230.353554349322,1728.6117373791553,6474.4280993677385,622.8644647196965,B0100,25.730481929157044,Trajectory
107.4,A1001,A0100,AIM-120C-7,ACTIVE,11683.69313877506,2018.5120744560058,6224.208649533538,604.204701683695,B0100,25.26616647249335,Trajectory
107.4,A1002,A0100,AIM-120C-7,ACTIVE,11352.883844922528,1750.3257615051825,6476.130667625325,621.5380908924195,B0100,25.655102795306806,Trajectory
107.60000000000001,A1001,A0100,AIM-120C-7,ACTIVE,11802.47573474891,2039.996411494595,6226.047104381888,602.9296932102346,B0100,25.194061087265716,Trajectory
107.60000000000001,A1002,A0100,AIM-120C-7,ACTIVE,11475.147042902325,1772.0330073169425,6477.845070948949,620.2257267957473,B0100,25.579581585765307,Trajectory
107.80000000000001,A1001,A0100,AIM-120C-7,ACTIVE,11921.004264734052,2061.4550949896425,6227.908896695675,601.6632688225656,B0100,25.121740878739384,Trajectory
107.80000000000001,A1002,A0100,AIM-120C-7,ACTIVE,11597.147494887024,1793.7242217471558,6479.576204616077,618.9264709734754,B0100,25.503837110982662,Trajectory
108.0,A1001,A0100,AIM-120C-7,ACTIVE,12039.28176193373,2082.8798475662916,6229.796505155774,600.4037575071,B0100,25.049445555820405,Trajectory
108.0,A1002,A0100,AIM-120C-7,ACTIVE,11718.889028841942,1815.3912750003844,6481.326595771474,617.6375862428766,B0100,25.42811467235442,Trajectory
108.2,A1001,A0100,AIM-120C-7,ACTIVE,12157.31045133549,2104.265636491145,6231.710224465988,599.1504714123258,B0100,24.977401506669054,Trajectory
108.2,A1002,A0100,AIM-120C-7,ACTIVE,11840.374408046575,1837.0291905388906,6483.096617475542,616.3570720691544,B0100,25.35264420873131,Trajectory
108.4,A1001,A0100,AIM-120C-7,ACTIVE,12275.09215778203,2125.6088271036865,6233.649891250766,597.9020655178585,B0100,24.905597418827366,Trajectory
108.4,A1002,A0100,AIM-120C-7,ACTIVE,11961.605862909,1858.634346380882,6484.88619197836,615.083651590877,B0100,25.277413333212937,Trajectory
108.60000000000001,A1001,A0100,AIM-120C-7,ACTIVE,12392.628445734943,2146.9047121171466,6235.616456999948,596.6556958927672,B0100,24.833827291730657,Trajectory
108.60000000000001,A1002,A0100,AIM-120C-7,ACTIVE,12082.585466245404,1880.2020808271263,6486.696342599554,613.8153155908623,B0100,25.20221208137538,Trajectory
108.80000000000001,A1001,A0100,AIM-120C-7,ACTIVE,12509.920734098265,2168.1468362877513,6237.611299844434,595.4108396168352,B0100,24.762021046456898,Trajectory
108.80000000000001,A1002,A0100,AIM-120C-7,ACTIVE,12203.315233074218,1901.7260225924795,6488.52851001864,612.5512565874266,B0100,25.126970548278646,Trajectory
109.0,A1001,A0100,AIM-120C-7,ACTIVE,12626.970481527214,2189.330133084596,6239.633996569984,594.1700632385391,B0100,24.690440199043874,Trajectory
109.0,A1002,A0100,AIM-120C-7,ACTIVE,12323.797036496044,1923.201135204105,6490.38235271467,611.2926689657824,B0100,25.05195467892696,Trajectory
109.2,A1001,A0100,AIM-120C-7,ACTIVE,12743.779130655425,2210.4521761217507,6241.682953341668,592.9345595452561,B0100,24.619242090634128,Trajectory
109.2,A1002,A0100,AIM-120C-7,ACTIVE,12444.032527366613,1944.6249479611574,6492.256375296834,610.0401236227164,B0100,24.977323573185178,Trajectory
109.4,A1001,A0100,AIM-120C-7,ACTIVE,12860.348079125404,2231.510777007028,6243.756570411995,591.7032516829101,B0100,24.548378219575653,Trajectory
109.4,A1002,A0100,AIM-120C-7,ACTIVE,12564.023263354355,1965.9952150295144,6494.149076314836,608.7925308352859,B0100,24.90302755797743,Trajectory
109.60000000000001,A1001,A0100,AIM-120C-7,ACTIVE,12976.678576543232,2252.503099419406,6245.853757177025,590.4745617844623,B0100,24.47777376868478,Trajectory
109.60000000000001,A1002,A0100,AIM-120C-7,ACTIVE,12683.770639567878,1987.3090477652606,6496.059455815381,607.5481802537397,B0100,24.828990048592548,Trajectory
109.80000000000001,A1001,A0100,AIM-120C-7,ACTIVE,13092.771655785591,2273.4249771367167,6247.97424149387,589.2463496160988,B0100,24.407285394372114,Trajectory
109.80000000000001,A1002,A0100,AIM-120C-7,ACTIVE,12803.275808612336,2008.5622399496826,6497.98731904868,606.304823339379,B0100,24.75506570434855,Trajectory
110.0,A1001,A0100,AIM-120C-7,ACTIVE,13208.62828250905,2294.272536871692,6250.117372232464,588.0208900231487,B0100,24.33709622998477,Trajectory
110.0,A1002,A0100,AIM-120C-7,ACTIVE,12922.539819142396,2029.7508663811234,6499.932095457491,605.0644525920575,B0100,24.6814405526342,Trajectory
110.2,A1001,A0100,AIM-120C-7,ACTIVE,13324.249529830362,2315.0433845307866,6252.281893794728,586.7982791973005,B0100,24.26723021739761,Trajectory
110.2,A1002,A0100,AIM-120C-7,ACTIVE,13041.563789252574,2050.872453201996,6501.892619331021,603.8270440888544,B0100,24.608138565150128,Trajectory
110.4,A1001,A0100,AIM-120C-7,ACTIVE,13439.63636632206,2335.734642379042,6254.467042288055,585.5770368372126,B0100,24.19760386019674,Trajectory
110.4,A1002,A0100,AIM-120C-7,ACTIVE,13160.348716905619,2071.9240456087014,6503.868209688091,602.5910625089595,B0100,24.535074459070287,Trajectory
110.60000000000001,A1001,A0100,AIM-120C-7,ACTIVE,13554.789549154228,2356.3420210553622,6256.673090012813,584.3541907790132,B0100,24.1279913090099,Trajectory
110.60000000000001,A1002,A0100,AIM-120C-7,ACTIVE,13278.895379608024,2092.901293542496,6505.859206506238,601.35352822748,B0100,24.46201921541524,Trajectory
110.80000000000001,A1001,A0100,AIM-120C-7,ACTIVE,13669.709680880715,2376.859608091138,6258.900395240191,583.1297890048271,B0100,24.058351719085817,Trajectory
110.80000000000001,A1002,A0100,AIM-120C-7,ACTIVE,13397.204392387657,2113.798242269232,6507.866028034597,600.1144396823175,B0100,24.38893333494865,Trajectory
111.0,A1001,A0100,AIM-120C-7,ACTIVE,13784.39755096979,2397.28321038086,6261.1477151180725,581.907726840623,B0100,23.98897879173874,Trajectory
111.0,A1002,A0100,AIM-120C-7,ACTIVE,13515.27654627677,2134.610629918463,6509.887509979552,598.8776046105673,B0100,24.316114860594357,Trajectory
111.2,A1001,A0100,AIM-120C-7,ACTIVE,13898.854158827873,2417.611123125775,6263.4130842679815,580.6894847039542,B0100,23.920004695536303,Trajectory
111.2,A1002,A0100,AIM-120C-7,ACTIVE,13633.112837899724,2155.336648407392,6511.921779653508,597.6444633039412,B0100,24.24369725812656,Trajectory
111.4,A1001,A0100,AIM-120C-7,ACTIVE,14013.08051139202,2437.841599868644,6265.694522435172,579.4743910004593,B0100,23.851402972018306,Trajectory
111.4,A1002,A0100,AIM-120C-7,ACTIVE,13750.714266271181,2175.9744462927893,6513.966948919691,596.4143251829404,B0100,24.171653651973735,Trajectory
111.60000000000001,A1001,A0100,AIM-120C-7,ACTIVE,14127.077594446715,2457.973283426802,6267.989982441271,578.2633087317228,B0100,23.783267380103087,Trajectory
111.60000000000001,A1002,A0100,AIM-120C-7,ACTIVE,13868.081806358232,2196.522554699875,6516.021064240099,595.1880315175399,B0100,24.100078574125448,Trajectory
111.80000000000001,A1001,A0100,AIM-120C-7,ACTIVE,14240.846371162832,2478.004739272809,6270.297789771037,577.054850477579,B0100,23.71551093127911,Trajectory
111.80000000000001,A1002,A0100,AIM-120C-7,ACTIVE,13985.216412365313,2216.979427845565,6518.082540823793,593.9642414719007,B0100,24.028883024827035,Trajectory
112.0,A1001,A0100,AIM-120C-7,ACTIVE,14354.387638709839,2497.933808045052,6272.617395620501,575.8483442856764,B0100,23.64809090401444,Trajectory
112.0,A1002,A0100,AIM-120C-7,ACTIVE,14102.118886871645,2237.3428068761905,6520.150906842853,592.742358746377,B0100,23.958022633603996,Trajectory
112.2,A1001,A0100,AIM-120C-7,ACTIVE,14467.70211377606,2517.75865527672,6274.949107566308,574.6443722672966,B0100,23.581037684860142,Trajectory
112.2,A1002,A0100,AIM-120C-7,ACTIVE,14218.789968159383,2257.6107577396388,6522.226539458335,591.5230106379488,B0100,23.88752755671067,Trajectory
112.4,A1001,A0100,AIM-120C-7,ACTIVE,14580.79052115364,2537.4783347066204,6277.293590913529,573.4440311414072,B0100,23.514405984111264,Trajectory
112.4,A1002,A0100,AIM-120C-7,ACTIVE,14335.230412123277,2277.7822272398844,6524.310171670064,590.3073017777606,B0100,23.817453284979006,Trajectory
112.60000000000001,A1001,A0100,AIM-120C-7,ACTIVE,14693.653651440362,2557.09289929202,6279.65132835143,572.2485126017915,B0100,23.448250026118615,Trajectory
112.60000000000001,A1002,A0100,AIM-120C-7,ACTIVE,14451.441041360855,2297.8571516877673,6526.4023563941755,589.0964005407287,B0100,23.74785550869195,Trajectory
112.80000000000001,A1001,A0100,AIM-120C-7,ACTIVE,14806.29238777566,2576.603305621608,6282.022257478241,571.0590910886139,B0100,23.38261929379335,Trajectory
112.80000000000001,A1002,A0100,AIM-120C-7,ACTIVE,14567.422765698066,2317.8363617792243,6528.503106198753,587.8915584725966,B0100,23.678785312121494,Trajectory
113.0,A1001,A0100,AIM-120C-7,ACTIVE,14918.707666291746,2596.012186287455,6284.406597207795,569.8780369760881,B0100,23.317578053252003,Trajectory
113.0,A1002,A0100,AIM-120C-7,ACTIVE,14683.17655543263,2337.722352486215,6530.612712486243,586.6951162918737,B0100,23.610307851038964,Trajectory
113.2,A1001,A0100,AIM-120C-7,ACTIVE,15030.90042520491,2615.3246826242944,6286.805991658907,568.7070506894603,B0100,23.253156497144662,Trajectory
113.2,A1002,A0100,AIM-120C-7,ACTIVE,14798.703408787866,2357.520114907287,6532.732879984633,585.5088658748776,B0100,23.542453219535098,Trajectory
113.4,A1001,A0100,AIM-120C-7,ACTIVE,15142.87148456398,2634.5466990460563,6289.223512235294,567.544317539735,B0100,23.189272961663406,Trajectory
113.4,A1002,A0100,AIM-120C-7,ACTIVE,14914.004219901619,2377.2354052067726,6534.866728743633,584.3309755274896,B0100,23.47513775154992,Trajectory
113.60000000000001,A1001,A0100,AIM-120C-7,ACTIVE,15254.621421123842,2653.682351555545,6291.662740964775,566.3868296398988,B0100,23.125811853020075,Trajectory
113.60000000000001,A1002,A0100,AIM-120C-7,ACTIVE,15029.079623819365,2396.872208544202,6537.017884929273,583.1583519457066,B0100,23.408243397419646,Trajectory
113.80000000000001,A1001,A0100,AIM-120C-7,ACTIVE,15366.150548676362,2672.7338685876093,6294.127748566693,565.2319264532683,B0100,23.062655471181753,Trajectory
113.80000000000001,A1002,A0100,AIM-120C-7,ACTIVE,15143.929973649543,2416.432639506058,6539.190458998003,581.9882670996341,B0100,23.341650206678633,Trajectory
114.0,A1001,A0100,AIM-120C-7,ACTIVE,15477.459021978168,2691.7015953584328,6296.622599885686,564.0779334070743,B0100,22.999717922233486,Trajectory
114.0,A1002,A0100,AIM-120C-7,ACTIVE,15258.555451390986,2435.916946113797,6541.388555146223,580.8190423895095,B0100,23.275271516055202,Trajectory
114.2,A1001,A0100,AIM-120C-7,ACTIVE,15588.54717474969,2710.5847487780547,6299.149545381827,562.926408255899,B0100,22.937083242955392,Trajectory
114.2,A1002,A0100,AIM-120C-7,ACTIVE,15372.956415331962,2455.3242550439336,6543.614478652222,579.6522759916064,B0100,23.20919486354291,Trajectory
114.4,A1001,A0100,AIM-120C-7,ACTIVE,15699.415805431525,2729.382763974866,6301.707992204309,561.7794513893571,B0100,22.87487397371999,Trajectory
114.4,A1002,A0100,AIM-120C-7,ACTIVE,15487.133687244803,2474.653902935865,6545.867716414155,578.490088282714,B0100,23.143546285914173,Trajectory
114.60000000000001,A1001,A0100,AIM-120C-7,ACTIVE,15810.065905047417,2748.095505924982,6304.296410446662,560.6372639015284,B0100,22.81311441763049,Trajectory
114.60000000000001,A1002,A0100,AIM-120C-7,ACTIVE,15601.088279341324,2493.9056496212174,6548.146826389894,577.3326587610403,B0100,23.078350009084183,Trajectory
114.80000000000001,A1001,A0100,AIM-120C-7,ACTIVE,15920.498361243353,2766.723611198429,6306.913941691141,559.5004337988356,B0100,22.7518330671756,Trajectory
114.80000000000001,A1002,A0100,AIM-120C-7,ACTIVE,15714.82109840891,2513.0800211255378,6550.451032348654,576.1805485956492,B0100,23.013634859228272,Trajectory
115.0,A1001,A0100,AIM-120C-7,ACTIVE,16030.713917760431,2785.2693960972997,6309.5607796934655,558.3697695304359,B0100,22.69105611453946,Trajectory
115.0,A1002,A0100,AIM-120C-7,ACTIVE,15828.332904082617,2532.179212352894,6552.780601511574,575.0344950341992,B0100,22.94942703927489,Trajectory
115.2,A1001,A0100,AIM-120C-7,ACTIVE,16140.712995902884,2803.737219856952,6312.239105949126,557.2446611927875,B0100,22.630756321919254,Trajectory
115.2,A1002,A0100,AIM-120C-7,ACTIVE,15941.624120235163,2551.2074488743465,6555.137773177113,573.8937400258412,B0100,22.88569806257484,Trajectory
115.4,A1001,A0100,AIM-120C-7,ACTIVE,16250.49567540646,2822.1313582516445,6314.952540899542,556.1227336794183,B0100,22.570830717626162,Trajectory
115.4,A1002,A0100,AIM-120C-7,ACTIVE,16054.694808711434,2570.1688760268053,6557.526214436108,572.755864059548,B0100,22.822342804888805,Trajectory
115.60000000000001,A1001,A0100,AIM-120C-7,ACTIVE,16360.061921971484,2840.454020939542,6317.7047165443755,555.0022903391894,B0100,22.511189024002363,Trajectory
115.60000000000001,A1002,A0100,AIM-120C-7,ACTIVE,16167.54491984639,2589.065592626945,6559.949604005822,571.6192690217963,B0100,22.759269575987084,Trajectory
115.80000000000001,A1001,A0100,AIM-120C-7,ACTIVE,16469.411942138016,2858.7057929639454,6320.497753323579,553.884708983801,B0100,22.451878982676313,Trajectory
115.80000000000001,A1002,A0100,AIM-120C-7,ACTIVE,16280.174665321889,2607.898087770941,6562.410121154372,570.4854936999701,B0100,22.696528491580747,Trajectory
116.0,A1001,A0100,AIM-120C-7,ACTIVE,16578.546360055036,2876.8868717830537,6323.3318353018785,552.7707683476741,B0100,22.392938818713,Trajectory
116.0,A1002,A0100,AIM-120C-7,ACTIVE,16392.584689345276,2626.6664651209417,6564.908023999468,569.3553475192534,B0100,22.63415880770484,Trajectory
116.2,A1001,A0100,AIM-120C-7,ACTIVE,16687.46578579083,2894.997759103763,6326.207209608238,551.6604613447931,B0100,22.334380673398456,Trajectory
116.2,A1002,A0100,AIM-120C-7,ACTIVE,16504.775619086162,2645.3711300917103,6567.44363346001,568.2287817024056,B0100,22.57217275632209,Trajectory
116.4,A1001,A0100,AIM-120C-7,ACTIVE,16796.170755591505,2913.039484307358,6329.124356044211,550.5538123002927,B0100,22.276217227130353,Trajectory
116.4,A1002,A0100,AIM-120C-7,ACTIVE,16616.748000324424,2664.013011612907,6570.017501502444,567.1057609805704,B0100,22.51058318162177,Trajectory
116.60000000000001,A1001,A0100,AIM-120C-7,ACTIVE,16904.661506458808,2931.0139470552353,6332.085006763676,549.4492892242995,B0100,22.218390272083575,Trajectory
116.60000000000001,A1002,A0100,AIM-120C-7,ACTIVE,16728.502063739405,2682.593903569717,6572.631423358644,565.9846067739759,B0100,22.449330119093972,Trajectory
116.80000000000001,A1001,A0100,AIM-120C-7,ACTIVE,17012.93780317666,2948.923134053552,6335.09281608854,548.3447500347547,B0100,22.160780105323038,Trajectory
116.80000000000001,A1002,A0100,AIM-120C-7,ACTIVE,16840.037556130315,2701.11569055729,6575.289102484089,564.8632033046539,B0100,22.388291249081856,Trajectory
117.0,A1001,A0100,AIM-120C-7,ACTIVE,17120.999312122512,2966.7672287598125,6338.151972162242,547.2389709883378,B0100,22.10326458284737,Trajectory
117.0,A1002,A0100,AIM-120C-7,ACTIVE,16951.354150795803,2719.5784748291753,6577.99477239524,563.7405288368612,B0100,22.327342474970642,Trajectory
117.2,A1001,A0100,AIM-120C-7,ACTIVE,17228.84601822334,2984.5440995330387,6341.265647123903,546.1321752379625,B0100,22.04575669247979,Trajectory
117.2,A1002,A0100,AIM-120C-7,ACTIVE,17062.451878801217,2737.980066912287,6580.7516568414585,562.6170197623195,B0100,22.26639644674794,Trajectory
117.4,A1001,A0100,AIM-120C-7,ACTIVE,17336.47834614523,3002.249617180343,6344.435476626836,545.024778616749,B0100,21.988161992546758,Trajectory
117.4,A1002,A0100,AIM-120C-7,ACTIVE,17173.331240066444,2756.3162977887214,6583.561450781842,561.4932332277514,B0100,22.205358910616123,Trajectory
117.60000000000001,A1001,A0100,AIM-120C-7,ACTIVE,17443.897141331396,3019.876963851053,6347.661621027752,543.915141542426,B0100,21.930229672146154,Trajectory
117.60000000000001,A1002,A0100,AIM-120C-7,ACTIVE,17283.99317787159,2774.580332231486,6586.424377451713,560.367692157738,B0100,22.14397671578099,Trajectory
117.80000000000001,A1001,A0100,AIM-120C-7,ACTIVE,17551.10365940302,3037.414283564095,6350.942077756513,542.8012522780931,B0100,21.871693790951493,Trajectory
117.80000000000001,A1002,A0100,AIM-120C-7,ACTIVE,17394.439066886232,2792.760333302375,6589.338501336382,559.2384546562381,B0100,22.081983657803345,Trajectory
118.0,A1001,A0100,AIM-120C-7,ACTIVE,17658.099634986538,3054.8472002077633,6354.270032343626,541.6847313144397,B0100,21.81255836625372,Trajectory
118.0,A1002,A0100,AIM-120C-7,ACTIVE,17504.670730184185,2810.8419492764774,6592.297090987386,558.1069130938256,B0100,22.019391245427936,Trajectory
118.2,A1001,A0100,AIM-120C-7,ACTIVE,17764.88694834556,3072.1636262935885,6357.634816302973,540.5671544095595,B0100,21.753042920404514,Trajectory
118.2,A1002,A0100,AIM-120C-7,ACTIVE,17614.690065740895,2828.8130785962207,6595.2895762431435,556.9743270442673,B0100,21.956424706456595,Trajectory
118.4,A1001,A0100,AIM-120C-7,ACTIVE,17871.46718160895,3089.353858480097,6361.02514793473,539.4475905174364,B0100,21.69320668336776,Trajectory
118.4,A1002,A0100,AIM-120C-7,ACTIVE,17724.49862035196,2846.663969603512,6598.304774800598,555.8395596945076,B0100,21.89314442470738,Trajectory
118.60000000000001,A1001,A0100,AIM-120C-7,ACTIVE,17977.841536678072,3106.408060546229,6364.429487620282,538.3230888335845,B0100,21.632874593819363,Trajectory
118.60000000000001,A1002,A0100,AIM-120C-7,ACTIVE,17834.097528125007,2864.3847302530025,6601.331238888693,554.6995318821912,B0100,21.829374996873515,Trajectory
118.80000000000001,A1001,A0100,AIM-120C-7,ACTIVE,18084.01078233709,3123.315065001164,6367.836200487788,537.1907752544845,B0100,21.57187330346094,Trajectory
118.80000000000001,A1002,A0100,AIM-120C-7,ACTIVE,17943.487474214373,2881.964142976231,6604.357413340088,553.5513327090644,B0100,21.764941459571777,Trajectory
119.0,A1001,A0100,AIM-120C-7,ACTIVE,18189.97529021244,3140.0626907497317,6371.234509908052,536.0487025372801,B0100,21.510068113839242,Trajectory
119.0,A1002,A0100,AIM-120C-7,ACTIVE,18052.66875403459,2899.3899824529058,6607.3725864833405,552.3930587610719,B0100,21.69970672847618,Trajectory
119.2,A1001,A0100,AIM-120C-7,ACTIVE,18295.73514883932,3156.6379792034736,6374.615102448284,534.8957509512875,B0100,21.44734719080528,Trajectory
119.2,A1002,A0100,AIM-120C-7,ACTIVE,18161.64140283945,2916.649251467632,6610.367493735942,551.2236723450972,B0100,21.633556053921797,Trajectory
119.4,A1001,A0100,AIM-120C-7,ACTIVE,18401.290265987478,3173.0273722856205,6377.9705239837795,533.7315258279111,B0100,21.383626805600034,Trajectory
119.4,A1002,A0100,AIM-120C-7,ACTIVE,18270.40530479815,2933.728357895958,6613.334713151157,550.0428645251961,B0100,21.566402648930175,Trajectory
119.60000000000001,A1001,A0100,AIM-120C-7,ACTIVE,18506.64044735725,3189.2170213457,6381.295451738772,532.5562515746972,B0100,21.318859101827332,Trajectory
119.60000000000001,A1002,A0100,AIM-120C-7,ACTIVE,18378.9602726551,2950.6134206031884,6616.268938243055,548.8509372227481,B0100,21.498195488494485,Trajectory
119.80000000000001,A1001,A0100,AIM-120C-7,ACTIVE,18611.78544077313,3205.193049524391,6384.586980997279,531.3705539583789,B0100,21.253026142991008,Trajectory
119.80000000000001,A1002,A0100,AIM-120C-7,ACTIVE,18487.30609165909,2967.2905292018513,6619.167265720167,547.64858185197,B0100,21.42891344242748,Trajectory
120.0,A1001,A0100,AIM-120C-7,ACTIVE,18716.724954557652,3220.941778878998,6387.8448686078655,530.1750285479939,B0100,21.186091819000733,Trajectory
120.0,A1002,A0100,AIM-120C-7,ACTIVE,18595.44253697514,2983.7459692459242,6622.029440309469,546.4364534885377,B0100,21.358516845721983,Trajectory
120.2,A1001,A0100,AIM-120C-7,ACTIVE,18821.458593826468,3236.4487379689735,6391.071663220172,528.9681037992996,B0100,21.117757243976584,Trajectory
120.2,A1002,A0100,AIM-120C-7,ACTIVE,18703.369311515224,2999.9652409376376,6624.857980065064,545.2130371452038,B0100,21.286702532869963,Trajectory
120.4,A1001,A0100,AIM-120C-7,ACTIVE,18925.9857101569,3251.6973697036024,6394.270987005513,527.7475661173895,B0100,21.04768035784322,Trajectory
120.4,A1002,A0100,AIM-120C-7,ACTIVE,18811.08588340584,3015.9317786289403,6627.656457195702,543.9761041737603,B0100,21.213128451955747,Trajectory
120.60000000000001,A1001,A0100,AIM-120C-7,ACTIVE,19030.305474834826,3266.670328435004,6397.4436989623555,526.5134062579756,B0100,20.97580653839416,Trajectory
120.60000000000001,A1002,A0100,AIM-120C-7,ACTIVE,18918.59152374155,3031.628229380552,6630.425679741811,542.7255412160578,B0100,21.13774656523655,Trajectory
120.80000000000001,A1001,A0100,AIM-120C-7,ACTIVE,19134.417096996753,3281.3520129140397,6400.58649264824,525.2683873716198,B0100,20.902436819101624,Trajectory
120.80000000000001,A1002,A0100,AIM-120C-7,ACTIVE,19025.885506298175,3047.038956859977,6633.162306318208,541.4640236736476,B0100,21.0608637987943,Trajectory
121.0,A1001,A0100,AIM-120C-7,ACTIVE,19238.31991281457,3295.729380796702,6403.695099382818,524.0148797942483,B0100,20.827826618049457,Trajectory
121.0,A1002,A0100,AIM-120C-7,ACTIVE,19132.96722043038,3062.1508492148555,6635.862045896737,540.1939052525303,B0100,20.982736463938387,Trajectory
121.2,A1001,A0100,AIM-120C-7,ACTIVE,19342.01327533941,3309.7903475128987,6406.76633623791,522.7531918382565,B0100,20.751940410816776,Trajectory
121.2,A1002,A0100,AIM-120C-7,ACTIVE,19239.836082306734,3076.9517379368654,6638.52169072309,538.9155150449901,B0100,20.903327378347033,Trajectory
121.4,A1001,A0100,AIM-120C-7,ACTIVE,19445.49642262393,3323.5226493611453,6409.798735114935,521.483792631306,B0100,20.674784617564452,Trajectory
121.4,A1002,A0100,AIM-120C-7,ACTIVE,19346.491412010117,3091.429275316077,6641.139736129778,537.629346841913,B0100,20.822641062246607,Trajectory
121.60000000000001,A1001,A0100,AIM-120C-7,ACTIVE,19548.768556816292,3336.9152437472308,6412.792812857355,520.2090459497784,B0100,20.596656359344617,Trajectory
121.60000000000001,A1002,A0100,AIM-120C-7,ACTIVE,19452.932509923412,3105.5723169303697,6643.716664022994,536.3377765379585,B0100,20.74097310047482,Trajectory
121.80000000000001,A1001,A0100,AIM-120C-7,ACTIVE,19651.828941474745,3349.9592662497957,6415.751470562803,518.931903341253,B0100,20.517941592550716,Trajectory
121.80000000000001,A1002,A0100,AIM-120C-7,ACTIVE,19559.158752771593,3119.3718683696106,6646.255351525339,535.0437583325851,B0100,20.65870894255398,Trajectory
122.0,A1001,A0100,AIM-120C-7,ACTIVE,19754.677051409155,3362.649468849232,6418.677740416038,517.6565178559682,B0100,20.439199262616565,Trajectory
122.0,A1002,A0100,AIM-120C-7,ACTIVE,19665.16971980025,3132.822508522186,6648.7588341779565,533.7513867085172,B0100,20.57641199607284,Trajectory
122.2,A1001,A0100,AIM-120C-7,ACTIVE,19857.312700352642,3374.9842203443172,6421.571239914847,516.3855535921674,B0100,20.360758709663482,Trajectory
122.2,A1002,A0100,AIM-120C-7,ACTIVE,19770.965290215063,3145.922391580292,6651.226764128084,532.4632340722266,B0100,20.494419392034743,Trajectory
122.4,A1001,A0100,AIM-120C-7,ACTIVE,19959.735927695343,3386.9634892309937,6424.42638755781,515.1190028732103,B0100,20.282554535717132,Trajectory
122.4,A1002,A0100,AIM-120C-7,ACTIVE,19876.545520892676,3158.671255613415,6653.653607676387,531.1792252503003,B0100,20.412671860595598,Trajectory
122.60000000000001,A1001,A0100,AIM-120C-7,ACTIVE,20061.94674744763,3398.587062924397,6427.235656125971,513.8571085753383,B0100,20.204516529325126,Trajectory
122.60000000000001,A1002,A0100,AIM-120C-7,ACTIVE,19981.910425782597,3171.0686668379262,6656.031874879078,529.8996239915998,B0100,20.331098275208788,Trajectory
122.80000000000001,A1001,A0100,AIM-120C-7,ACTIVE,20163.945304767836,3409.857191311112,6429.9955177528545,512.6056175923859,B0100,20.127262374635244,Trajectory
122.80000000000001,A1002,A0100,AIM-120C-7,ACTIVE,20087.060168936132,3183.1166432116106,6658.358074289318,528.6302378449896,B0100,20.25031318016532,Trajectory
123.0,A1001,A0100,AIM-120C-7,ACTIVE,20265.73241710131,3420.782961574327,6432.7069412193305,511.3726211497955,B0100,20.051546475536583,Trajectory
123.0,A1002,A0100,AIM-120C-7,ACTIVE,20191.995591405914,3194.8239980107296,6660.633236903494,527.3791863712466,B0100,20.17107323976702,Trajectory
123.2,A1001,A0100,AIM-120C-7,ACTIVE,20367.309581728994,3431.3785334289164,6435.371738656145,510.16071236916184,B0100,19.977633779060955,Trajectory
123.2,A1002,A0100,AIM-120C-7,ACTIVE,20296.718195267003,3206.2045975040014,6662.859253752526,526.1490585785945,B0100,20.093646329098902,Trajectory
123.4,A1001,A0100,AIM-120C-7,ACTIVE,20468.678555566028,3441.659329932065,6437.990665661758,508.9703076900317,B0100,19.905634880553052,Trajectory
123.4,A1002,A0100,AIM-120C-7,ACTIVE,20401.22972158748,3217.2735681409686,6665.036970637092,524.9402564404903,B0100,20.018145580101443,Trajectory
123.60000000000001,A1001,A0100,AIM-120C-7,ACTIVE,20569.841270067525,3451.641591968228,6440.562936194251,507.80214300574454,B0100,19.835582703288843,Trajectory
123.60000000000001,A1002,A0100,AIM-120C-7,ACTIVE,20505.532063196668,3228.046861670841,6667.165693949768,523.753502616364,B0100,19.94460765141487,Trajectory
123.80000000000001,A1001,A0100,AIM-120C-7,ACTIVE,20670.79994023161,3461.3435713212116,6443.086692964127,506.6586176278078,B0100,19.7676121277722,Trajectory
123.80000000000001,A1002,A0100,AIM-120C-7,ACTIVE,20609.627371479703,3238.542447761585,6669.243659228049,522.5912001027306,B0100,19.873170786283694,Trajectory
124.0,A1001,A0100,AIM-120C-7,ACTIVE,20771.557059939372,3470.7847297291796,6445.560788306341,505.539550299997,B0100,19.701642204837622,Trajectory
124.0,A1002,A0100,AIM-120C-7,ACTIVE,20713.5180691806,3248.7795193073516,6671.2698068408245,521.4532020686715,B0100,19.80375286223644,Trajectory
124.2,A1001,A0100,AIM-120C-7,ACTIVE,20872.115154053256,3479.9836669910264,6447.985780603539,504.4438174934889,B0100,19.637528402776482,Trajectory
124.2,A1002,A0100,AIM-120C-7,ACTIVE,20817.20662160484,3258.7764286617466,6673.244773665573,520.3384296056232,B0100,19.736206724423667,Trajectory
124.4,A1001,A0100,AIM-120C-7,ACTIVE,20972.476630786296,3488.9569618549594,6450.363042727211,503.36884644272845,B0100,19.575058564724383,Trajectory
124.4,A1002,A0100,AIM-120C-7,ACTIVE,20920.69538935337,3268.549530146714,6675.170002225937,519.2443222260647,B0100,19.670318984636182,Trajectory
124.60000000000001,A1001,A0100,AIM-120C-7,ACTIVE,21072.64380137999,3497.72028571528,6452.693253410869,502.3146654194338,B0100,19.514201433397503,Trajectory
124.60000000000001,A1002,A0100,AIM-120C-7,ACTIVE,21023.986630177846,3278.114286824786,6677.046237024806,518.1709005256017,B0100,19.606060595705024,Trajectory
124.80000000000001,A1001,A0100,AIM-120C-7,ACTIVE,21172.619084611593,3506.290081245897,6454.975994554294,501.2818006695767,B0100,19.454948828423277,Trajectory
124.80000000000001,A1002,A0100,AIM-120C-7,ACTIVE,21127.08269098361,3287.486943817999,6678.873124115657,517.1186687851811,B0100,19.543426741275837,Trajectory
125.0,A1001,A0100,AIM-120C-7,ACTIVE,21272.405113443772,3514.684695258952,6457.210181271553,500.2723890255449,B0100,19.39736179182771,Trajectory
125.0,A1002,A0100,AIM-120C-7,ACTIVE,21229.986110322923,3296.6856593471557,6680.649640855778,516.0897582553772,B0100,19.482481406426945,Trajectory
125.2,A1001,A0100,AIM-120C-7,ACTIVE,21372.004731552162,3522.9234498015926,6459.395730560576,499.28607408507384,B0100,19.34134352406841,Trajectory
125.2,A1002,A0100,AIM-120C-7,ACTIVE,21332.69963394287,3305.72958045369,6682.375761009853,515.0838413559385,B0100,19.42312584636917,Trajectory
125.4,A1001,A0100,AIM-120C-7,ACTIVE,21471.420754379753,3531.0245354029908,6461.534338982957,498.3216681812202,B0100,19.286756394274743,Trajectory
125.4,A1002,A0100,AIM-120C-7,ACTIVE,21435.22599645996,3314.636741120125,6684.05323065767,514.0997746181655,B0100,19.36521907996443,Trajectory
125.60000000000001,A1001,A0100,AIM-120C-7,ACTIVE,21570.655820207867,3539.0039834070626,6463.628493189042,497.37666660838914,B0100,19.233366069609474,Trajectory
125.60000000000001,A1002,A0100,AIM-120C-7,ACTIVE,21537.5677718639,3323.423035771597,6685.6845795181625,513.1350571694236,B0100,19.308525315971302,Trajectory
125.80000000000001,A1001,A0100,AIM-120C-7,ACTIVE,21669.7124165398,3546.877129460899,6465.680119023405,496.45106102738737,B0100,19.181101178985596,Trajectory
125.80000000000001,A1002,A0100,AIM-120C-7,ACTIVE,21639.72737666592,3332.1036810924115,6687.271768989951,512.1896415123665,B0100,19.252975248865017,Trajectory
126.0,A1001,A0100,AIM-120C-7,ACTIVE,21768.59301925154,3554.65990802544,6467.690253216414,495.5442572491915,B0100,19.129999179793398,Trajectory
126.0,A1002,A0100,AIM-120C-7,ACTIVE,21741.707192548565,3340.6944969347855,6688.815874929898,511.26284301905883,B0100,19.198608660927476,Trajectory
126.2,A1001,A0100,AIM-120C-7,ACTIVE,21867.29995539553,3562.368723408526,6469.658627212511,494.65527254334506,B0100,19.080014287311556,Trajectory
126.2,A1002,A0100,AIM-120C-7,ACTIVE,21843.50941664019,3349.211778422169,6690.316669393292,510.35352024437583,B0100,19.1453830744842,Trajectory
126.4,A1001,A0100,AIM-120C-7,ACTIVE,21965.835343565406,3570.02175299181,6471.584222636954,493.7837436573265,B0100,19.031136787943346,Trajectory
126.4,A1002,A0100,AIM-120C-7,ACTIVE,21945.135981079082,3357.673598101768,6691.773172993213,509.4610730189017,B0100,19.093291952081817,Trajectory
126.60000000000001,A1001,A0100,AIM-120C-7,ACTIVE,22064.200904193112,3577.638089709668,6473.466912031371,492.92616959641794,B0100,18.983274746740747,Trajectory
126.60000000000001,A1002,A0100,AIM-120C-7,ACTIVE,22046.58837618383,3366.0989501990416,6693.185294003138,508.58187073592404,B0100,19.042241305334617,Trajectory
126.80000000000001,A1001,A0100,AIM-120C-7,ACTIVE,22162.39755625581,3585.235610986158,6475.308247376712,492.07736147465084,B0100,18.93632491346833,Trajectory
126.80000000000001,A1002,A0100,AIM-120C-7,ACTIVE,22147.86729860254,3374.505623303261,6694.554618806858,507.7108485487551,B0100,18.99212432104665,Trajectory
127.0,A1001,A0100,AIM-120C-7,ACTIVE,22260.425178848345,3592.8298985182423,6477.110511147847,491.23056657982255,B0100,18.890107367059652,Trajectory
127.0,A1002,A0100,AIM-120C-7,ACTIVE,22248.97247404589,3382.9091246753815,6695.883466140988,506.8416493515634,B0100,18.942759087885157,Trajectory
127.2,A1001,A0100,AIM-120C-7,ACTIVE,22358.282431231863,3600.4355596022056,6478.875375095593,490.37983958936366,B0100,18.844446822294625,Trajectory
127.2,A1002,A0100,AIM-120C-7,ACTIVE,22349.902482356134,3391.3240043908227,6697.173542966796,505.96861753286055,B0100,18.893972256360417,Trajectory
127.4,A1001,A0100,AIM-120C-7,ACTIVE,22455.966875001846,3608.067784331953,6480.603587752589,489.5208649747812,B0100,18.799351523876336,Trajectory
127.4,A1002,A0100,AIM-120C-7,ACTIVE,22450.654836358146,3399.765403055412,6698.425636216831,505.0875308274251,B0100,18.84577442975724,Trajectory
127.60000000000001,A1001,A0100,AIM-120C-7,ACTIVE,22553.475342530885,3615.7421850260394,6482.294571817333,488.65077265139513,B0100,18.754848009354145,Trajectory
127.60000000000001,A1002,A0100,AIM-120C-7,ACTIVE,22551.226314955504,3408.2488822399782,6699.639216721458,504.1954828073787,B0100,18.798195142656954,Trajectory
127.80000000000001,A1001,A0100,AIM-120C-7,ACTIVE,22650.803919818944,3623.476092051387,6483.946953719082,487.7667659396907,B0100,18.710859067067375,Trajectory
127.80000000000001,A1002,A0100,AIM-120C-7,ACTIVE,22651.61292651356,3416.791724178611,6700.812960817141,503.2896273617234,B0100,18.75116025999153,Trajectory
128.0,A1001,A0100,AIM-120C-7,ACTIVE,22747.948293800004,3631.2877747780244,6485.5602019681255,486.8693975259461,B0100,18.66731396180739,Trajectory
128.0,A1002,A0100,AIM-120C-7,ACTIVE,22751.81027139269,3425.4121586479296,6701.946383373905,502.37048845060554,B0100,18.704596634925224,Trajectory
128.20000000000002,A1001,A0100,AIM-120C-7,ACTIVE,22844.904400109386,3639.1943686354566,6487.135472056092,485.96028301447177,B0100,18.624155884757183,Trajectory
128.20000000000002,A1002,A0100,AIM-120C-7,ACTIVE,22851.81420984963,3434.1272950724738,6703.040680860172,501.43966854605685,B0100,18.65844348745434,Trajectory
128.4,A1001,A0100,AIM-120C-7,ACTIVE,22941.66869945013,3647.2107778683517,6488.67469722834,485.04154555982575,B0100,18.58127531257912,Trajectory
128.4,A1002,A0100,AIM-120C-7,ACTIVE,22951.621140185453,3442.9520269591,6704.097822815142,500.49926038934143,B0100,18.612588682679092,Trajectory
128.6,A1001,A0100,AIM-120C-7,ACTIVE,23038.23788638641,3655.3508000284965,6490.179230418293,484.1126692427849,B0100,18.53848159346735,Trajectory
128.6,A1002,A0100,AIM-120C-7,ACTIVE,23051.22768978948,3451.9001581426874,6705.119189832696,499.54870601740754,B0100,18.5668429482079,Trajectory
128.8,A1001,A0100,AIM-120C-7,ACTIVE,23134.60839455354,3663.6287846613823,6491.649508103752,483.17282288595703,B0100,18.495768087662388,Trajectory
128.8,A1002,A0100,AIM-120C-7,ACTIVE,23150.630209973257,3460.9860530924434,6706.105243373476,498.5871420964593,B0100,18.52120202269986,Trajectory
129.0,A1001,A0100,AIM-120C-7,ACTIVE,23230.776391051997,3672.0596486352347,6493.084637134397,482.2209535363462,B0100,18.453135276884503,Trajectory
129.0,A1002,A0100,AIM-120C-7,ACTIVE,23249.824770767595,3470.224644023447,6707.055121555035,497.6134851082433,B0100,18.475669465938413,Trajectory
129.20000000000002,A1001,A0100,AIM-120C-7,ACTIVE,23326.73746776189,3680.6600356552685,6494.482888447621,481.25485282732126,B0100,18.4104330240992,Trajectory
129.20000000000002,A1002,A0100,AIM-120C-7,ACTIVE,23348.806847183867,3479.632595262241,6707.9671252154685,496.62549386685106,B0100,18.43009806172785,Trajectory
129.4,A1001,A0100,AIM-120C-7,ACTIVE,23422.486816241635,3689.44753650203,6495.84334646967,480.2752891760174,B0100,18.367605939941612,Trajectory
129.4,A1002,A0100,AIM-120C-7,ACTIVE,23447.57151056589,3489.227527830248,6708.840363693802,495.62393570799935,B0100,18.384429890129553,Trajectory
129.6,A1001,A0100,AIM-120C-7,ACTIVE,23518.019860812357,3698.438627819833,6497.1668092782165,479.28400852032746,B0100,18.324643124059737,Trajectory
129.6,A1002,A0100,AIM-120C-7,ACTIVE,23546.11408258621,3499.025961001663,6709.675655619712,494.6105660250385,B0100,18.338649981421888,Trajectory
129.8,A1001,A0100,AIM-120C-7,ACTIVE,23613.33257447042,3707.6475324562275,6498.454899956209,478.2835831716451,B0100,18.281513256667328,Trajectory
129.8,A1002,A0100,AIM-120C-7,ACTIVE,23644.43045289413,3509.04217326301,6710.474642150634,493.5879577573029,B0100,18.292724094340166,Trajectory
130.0,A1001,A0100,AIM-120C-7,ACTIVE,23708.42123241312,3717.0872153306,6499.708674203085,477.2737433773489,B0100,18.238099936592292,Trajectory
130.0,A1002,A0100,AIM-120C-7,ACTIVE,23742.516815227897,3519.2891999362096,6711.238390750395,492.55581941706146,B0100,18.246537038062257,Trajectory
130.20000000000002,A1001,A0100,AIM-120C-7,ACTIVE,23803.2817801742,3726.771357266098,6500.928253987146,476.2537092337398,B0100,18.19439760475664,Trajectory
130.20000000000002,A1002,A0100,AIM-120C-7,ACTIVE,23840.369022449057,3529.780795427706,6711.9670376073655,491.5133519431214,B0100,18.20008571712935,Trajectory
130.4,A1001,A0100,AIM-120C-7,ACTIVE,23897.909900704966,3736.7140668522748,6502.112400357452,475.2227825470003,B0100,18.150289500613574,Trajectory
130.4,A1002,A0100,AIM-120C-7,ACTIVE,23937.982652285624,3540.5311475338062,6712.659358285718,490.45982993093884,B0100,18.153255961934818,Trajectory
130.6,A1001,A0100,AIM-120C-7,ACTIVE,23992.300677438005,3746.931037354773,6503.258980986935,474.1788572202843,B0100,18.1055591531094,Trajectory
130.6,A1002,A0100,AIM-120C-7,ACTIVE,24035.352664853533,3551.5560374960933,6713.313229281497,489.3931133570873,B0100,18.105833811252545,Trajectory
130.8,A1001,A0100,AIM-120C-7,ACTIVE,24086.448726037022,3757.438868095564,6504.366666239004,473.12263047896624,B0100,18.060165789476564,Trajectory
130.8,A1002,A0100,AIM-120C-7,ACTIVE,24132.473549896276,3562.8721631315225,6713.927323012506,488.3138995547557,B0100,18.057775835569153,Trajectory
131.0,A1001,A0100,AIM-120C-7,ACTIVE,24180.348839278777,3768.253072227804,6505.435903734066,472.05574670880264,B0100,18.01414492701871,Trajectory
131.0,A1002,A0100,AIM-120C-7,ACTIVE,24229.339992583722,3574.4951469589,6714.502085528639,487.2238458667339,B0100,18.009113505149863,Trajectory
131.20000000000002,A1001,A0100,AIM-120C-7,ACTIVE,24273.99634270486,3779.3869248352503,6506.468035699371,470.9808623419371,B0100,17.967547084267036,Trajectory
131.20000000000002,A1002,A0100,AIM-120C-7,ACTIVE,24325.947231229402,3586.438383578372,6715.038857342695,486.125620243751,B0100,17.959894344355316,Trajectory
131.4,A1001,A0100,AIM-120C-7,ACTIVE,24367.38689976111,3790.8522877653754,6507.463849423061,469.8978651033661,B0100,17.920252510743715,Trajectory
131.4,A1002,A0100,AIM-120C-7,ACTIVE,24422.29084579919,3598.713867934799,6715.538418602637,485.0190934373764,B0100,17.909999473524127,Trajectory
131.6,A1001,A0100,AIM-120C-7,ACTIVE,24460.515741786225,3802.6619167678296,6508.4231871210695,468.80544664715006,B0100,17.872187737192476,Trajectory
131.6,A1002,A0100,AIM-120C-7,ACTIVE,24518.365972504467,3611.3344924104554,6716.000605363145,483.9029355919874,B0100,17.859358260717638,Trajectory
131.8,A1001,A0100,AIM-120C-7,ACTIVE,24553.377349913866,3814.830348401739,6509.345377815624,467.7015770569162,B0100,17.823099711582287,Trajectory
131.8,A1002,A0100,AIM-120C-7,ACTIVE,24614.1669814841,3624.314938439682,6716.42473458465,482.7750842906709,B0100,17.80771909402604,Trajectory
132.0,A1001,A0100,AIM-120C-7,ACTIVE,24645.965749986728,3827.372743636923,6510.230846753481,466.58745311367045,B0100,17.7730320898064,Trajectory
132.0,A1002,A0100,AIM-120C-7,ACTIVE,24709.687788683314,3637.670522857517,6716.81121247051,481.636744902353,B0100,17.755122470057366,Trajectory
132.20000000000002,A1001,A0100,AIM-120C-7,ACTIVE,24738.27554922107,3840.301845854945,6511.080670757666,465.46593875145686,B0100,17.722106128229953,Trajectory
132.20000000000002,A1002,A0100,AIM-120C-7,ACTIVE,24804.92291095638,3651.414152701471,6717.16109944981,480.49079949660734,B0100,17.70168673737063,Trajectory
132.4,A1001,A0100,AIM-120C-7,ACTIVE,24830.301770241058,3853.628750250769,6511.895229879636,464.3371219311965,B0100,17.67021312158429,Trajectory
132.4,A1002,A0100,AIM-120C-7,ACTIVE,24899.86728434876,3665.5570994501973,6717.474754889448,479.3373211675361,B0100,17.64730388222556,Trajectory
132.6,A1001,A0100,AIM-120C-7,ACTIVE,24922.038979797093,3867.3653836481694,6512.67379201657,463.1997311925269,B0100,17.617262654652624,Trajectory
132.6,A1002,A0100,AIM-120C-7,ACTIVE,24994.515376573294,3680.111469885653,6717.751426356422,478.1750162909951,B0100,17.59188627783211,Trajectory
132.8,A1001,A0100,AIM-120C-7,ACTIVE,25013.480948933873,3881.5253737921753,6513.414913976256,462.05180285089267,B0100,17.562967157291872,Trajectory
132.8,A1002,A0100,AIM-120C-7,ACTIVE,25088.860842451264,3695.09108162696,6717.989642155748,477.00188495626213,B0100,17.535147516674083,Trajectory
133.0,A1001,A0100,AIM-120C-7,ACTIVE,25104.620935325827,3896.1230000928977,6514.11816682979,460.8944141408652,B0100,17.507388363443642,Trajectory
133.0,A1002,A0100,AIM-120C-7,ACTIVE,25182.896822779647,3710.510416083865,6718.1889358613425,475.8190131728266,B0100,17.477146359561168,Trajectory
133.20000000000002,A1001,A0100,AIM-120C-7,ACTIVE,25195.452730307672,3911.170334681294,6514.783846046215,459.7300494261493,B0100,17.450745112450324,Trajectory
133.20000000000002,A1002,A0100,AIM-120C-7,ACTIVE,25276.617010322505,3726.3817512089345,6718.34957120616,474.6289094548401,B0100,17.4180996401256,Trajectory
133.4,A1001,A0100,AIM-120C-7,ACTIVE,25285.970343270663,3926.678363864793,6515.411532879825,458.5582246874828,B0100,17.392896020961526,Trajectory
133.4,A1002,A0100,AIM-120C-7,ACTIVE,25370.01531760042,3742.7162843015094,6718.471099946743,473.4310705078504,B0100,17.35786699900424,Trajectory
133.6,A1001,A0100,AIM-120C-7,ACTIVE,25376.166976643148,3942.659677917747,6516.000549916511,457.377011636248,B0100,17.333525808113453,Trajectory
133.6,A1002,A0100,AIM-120C-7,ACTIVE,25463.08483443822,3759.526831953146,6718.552800825395,472.2235308543958,B0100,17.296133394802954,Trajectory
133.8,A1001,A0100,AIM-120C-7,ACTIVE,25466.03532468309,3959.127393936068,6516.55152233899,456.1875380428747,B0100,17.272722555928738,Trajectory
133.8,A1002,A0100,AIM-120C-7,ACTIVE,25555.81814317498,3776.8267514266863,6718.5952442016205,471.00743093230636,B0100,17.232983831471742,Trajectory
134.0,A1001,A0100,AIM-120C-7,ACTIVE,25555.568686542738,3976.0922896085854,6517.065838528446,454.9925811381606,B0100,17.2107016251827,Trajectory
134.0,A1002,A0100,AIM-120C-7,ACTIVE,25648.208448919333,3794.62706385955,6718.599770178251,469.7855752530599,B0100,17.16863129401512,Trajectory
134.20000000000002,A1001,A0100,AIM-120C-7,ACTIVE,25644.760852556068,3993.5633695187985,6517.544199904107,453.79232156161333,B0100,17.14736632244741,Trajectory
134.20000000000002,A1002,A0100,AIM-120C-7,ACTIVE,25740.24944960776,3812.937028173096,6718.567029228229,468.55813161500583,B0100,17.10297930584026,Trajectory
134.4,A1001,A0100,AIM-120C-7,ACTIVE,25733.6050382392,4011.5505494237746,6517.986185050378,452.585359602832,B0100,17.082590224334226,Trajectory
134.4,A1002,A0100,AIM-120C-7,ACTIVE,25831.934253654435,3831.766819272381,6718.49654716878,467.32367558024646,B0100,17.035903779221286,Trajectory
134.6,A1001,A0100,AIM-120C-7,ACTIVE,25822.09356020822,4030.0653257062713,6518.39072143572,451.36994960752827,B0100,17.016058082454467,Trajectory
134.6,A1002,A0100,AIM-120C-7,ACTIVE,25923.255051445536,3851.128207476147,6718.387184774813,466.0804215083755,B0100,16.967089268345635,Trajectory
134.8,A1001,A0100,AIM-120C-7,ACTIVE,25910.21819220535,4049.119696566396,6518.757974931837,450.14709760824667,B0100,16.94787562402296,Trajectory
134.8,A1002,A0100,AIM-120C-7,ACTIVE,26014.20348863251,3871.0334805292655,6718.239027694218,464.82938902159333,B0100,16.896638664694756,Trajectory
135.0,A1001,A0100,AIM-120C-7,ACTIVE,25997.971321256668,4068.7234111550333,6519.088917674265,448.9195612516628,B0100,16.878307585245608,Trajectory
135.0,A1002,A0100,AIM-120C-7,ACTIVE,26104.771840309266,3891.49267719256,6718.052976881447,463.5733682297975,B0100,16.82481473702537,Trajectory
135.20000000000002,A1001,A0100,AIM-120C-7,ACTIVE,26085.34592018069,4088.8842997871434,6519.383735773957,447.68767913587345,B0100,16.807279423131863,Trajectory
135.20000000000002,A1002,A0100,AIM-120C-7,ACTIVE,26194.952966566874,3912.5139267476725,6717.829146122362,462.312685224211,B0100,16.75154298571233,Trajectory
135.4,A1001,A0100,AIM-120C-7,ACTIVE,26172.334354231138,4109.611055232402,6519.641300450027,446.4500659358333,B0100,16.73465823879303,Trajectory
135.4,A1002,A0100,AIM-120C-7,ACTIVE,26284.739102172436,3934.1062263799954,6717.566331280283,461.045926758893,B0100,16.676692620751577,Trajectory
135.6,A1001,A0100,AIM-120C-7,ACTIVE,26258.92806446222,4130.913810416247,6519.859616899712,445.2051321293918,B0100,16.66012314952785,Trajectory
135.6,A1002,A0100,AIM-120C-7,ACTIVE,26374.1215341572,3956.2800320390184,6717.262443918102,459.77145708997733,B0100,16.599941943143207,Trajectory
135.8,A1001,A0100,AIM-120C-7,ACTIVE,26345.11788681648,4152.803263620934,6520.037968261202,443.9534502450977,B0100,16.58372252179686,Trajectory
135.8,A1002,A0100,AIM-120C-7,ACTIVE,26463.0909380823,3979.0463852283387,6716.916653723715,458.48985580035554,B0100,16.52133628263133,Trajectory
136.0,A1001,A0100,AIM-120C-7,ACTIVE,26430.89476580391,4175.289152540262,6520.178170199502,442.696080036682,B0100,16.505581681358215,Trajectory
136.0,A1002,A0100,AIM-120C-7,ACTIVE,26551.63811801477,4002.4153640622476,6716.530659047882,457.2022705276433,B0100,16.44099725568407,Trajectory
136.20000000000002,A1001,A0100,AIM-120C-7,ACTIVE,26516.249886042362,4198.380004646124,6520.28497212949,441.43432892493405,B0100,16.425880770509597,Trajectory
136.20000000000002,A1002,A0100,AIM-120C-7,ACTIVE,26639.754314164024,4026.395458188378,6716.109118820631,455.9107183771871,B0100,16.35910129382347,Trajectory
136.4,A1001,A0100,AIM-120C-7,ACTIVE,26601.174887550744,4222.082704880939,6520.365887887179,440.16984048930624,B0100,16.344885550042424,Trajectory
136.4,A1002,A0100,AIM-120C-7,ACTIVE,26727.431514898683,4050.993005272923,6715.659486678137,454.61713253487915,B0100,16.275911313882716,Trajectory
136.6,A1001,A0100,AIM-120C-7,ACTIVE,26685.662130929737,4246.402009304251,6520.429013490931,438.9041895345313,B0100,16.262881810684185,Trajectory
136.6,A1002,A0100,AIM-120C-7,ACTIVE,26814.662520543552,4076.21210867084,6715.18980529434,453.3231927887269,B0100,16.191713555976424,Trajectory
136.8,A1001,A0100,AIM-120C-7,ACTIVE,26769.704136141056,4271.341848705333,6520.482054914503,437.63692505971227,B0100,16.17977606974019,Trajectory
136.8,A1002,A0100,AIM-120C-7,ACTIVE,26901.44034936719,4102.055984114064,6714.707715744042,452.0285157257685,B0100,16.106413300191065,Trajectory
137.0,A1001,A0100,AIM-120C-7,ACTIVE,26853.292971125666,4296.906501480606,6520.53290459711,436.36736450176454,B0100,16.095450796916605,Trajectory
137.0,A1002,A0100,AIM-120C-7,ACTIVE,26987.75762654974,4128.528137069766,6714.221008688055,450.73249217056934,B0100,16.019892435259955,Trajectory
137.20000000000002,A1001,A0100,AIM-120C-7,ACTIVE,26936.420283355907,4323.1004782851605,6520.588659108307,435.09498404295374,B0100,16.0098198479157,Trajectory
137.20000000000002,A1002,A0100,AIM-120C-7,ACTIVE,27073.606620025377,4155.632233710575,6713.736652468665,449.4346824496698,B0100,15.93206494007929,Trajectory
137.4,A1001,A0100,AIM-120C-7,ACTIVE,27019.077335342317,4349.92844049166,6520.655035708944,433.8193898217981,B0100,15.922817160858719,Trajectory
137.4,A1002,A0100,AIM-120C-7,ACTIVE,27158.979282678283,4183.372007408838,6713.260220392919,448.1347860169941,B0100,15.842865274287083,Trajectory
137.6,A1001,A0100,AIM-120C-7,ACTIVE,27101.255037682335,4377.395137479342,6520.7359217201565,432.54032632950054,B0100,15.834394605129898,Trajectory
137.6,A1002,A0100,AIM-120C-7,ACTIVE,27243.867292898143,4211.751184938391,6712.795452761445,446.83264865028025,B0100,15.752246117528053,Trajectory
137.8,A1001,A0100,AIM-120C-7,ACTIVE,27182.943950064026,4405.5054189339935,6520.833021868859,431.25740244683584,B0100,15.744451034583788,Trajectory
137.8,A1002,A0100,AIM-120C-7,ACTIVE,27328.26206444476,4240.773486918205,6712.343916834225,445.52799146038427,B0100,15.660106820405785,Trajectory
138.0,A1001,A0100,AIM-120C-7,ACTIVE,27264.13390996096,4434.264891438988,6520.9468750163605,429.9694901565002,B0100,15.652710323052444,Trajectory
138.0,A1002,A0100,AIM-120C-7,ACTIVE,27412.15440301731,4270.443257280368,6711.905991365172,444.21984340033896,B0100,15.566168530417649,Trajectory
138.20000000000002,A1001,A0100,AIM-120C-7,ACTIVE,27344.814294205993,4463.6792865772595,6521.079241701289,428.6770943952071,B0100,15.55925127158103,Trajectory
138.20000000000002,A1002,A0100,AIM-120C-7,ACTIVE,27495.534803644467,4300.764822767119,6711.483218780163,442.9088876387273,B0100,15.470506939274031,Trajectory
138.4,A1001,A0100,AIM-120C-7,ACTIVE,27424.97473327313,4493.7532151595815,6521.234212076385,427.38118386002634,B0100,15.464269002163702,Trajectory
138.4,A1002,A0100,AIM-120C-7,ACTIVE,27578.39417295519,4331.74127207126,6711.079414110979,441.59626680696357,B0100,15.373314385395307,Trajectory
138.6,A1001,A0100,AIM-120C-7,ACTIVE,27504.605363209103,4524.489812027208,6521.416631961179,426.08295310402553,B0100,15.368043119586018,Trajectory
138.6,A1002,A0100,AIM-120C-7,ACTIVE,27660.72406096596,4363.374128359581,6710.69913947841,440.28330074522125,B0100,15.274871340585022,Trajectory
138.8,A1001,A0100,AIM-120C-7,ACTIVE,27583.696442153672,4555.89152790164,6521.630081727476,424.7823258198168,B0100,15.270527639580251,Trajectory
138.8,A1002,A0100,AIM-120C-7,ACTIVE,27742.51626766078,4395.664138101923,6710.345713140095,438.96997240788744,B0100,15.17513096344307,Trajectory
139.0,A1001,A0100,AIM-120C-7,ACTIVE,27662.238349633542,4587.960108279038,6521.876665457036,423.4806460389033,B0100,15.17166753624412,Trajectory
139.0,A1002,A0100,AIM-120C-7,ACTIVE,27823.762387944786,4428.612019954258,6710.0209848950135,437.65623826360275,B0100,15.074037997170203,Trajectory
139.20000000000002,A1001,A0100,AIM-120C-7,ACTIVE,27740.221993031355,4620.696101219283,6522.156135184114,422.1783533446181,B0100,15.071377871779681,Trajectory
139.20000000000002,A1002,A0100,AIM-120C-7,ACTIVE,27904.453870096764,4462.218384612312,6709.72449993672,436.3420892863722,B0100,14.971507374918037,Trajectory
139.4,A1001,A0100,AIM-120C-7,ACTIVE,27817.637963509853,4654.100230722475,6522.466812878348,420.87500050041666,B0100,14.9694224011447,Trajectory
139.4,A1002,A0100,AIM-120C-7,ACTIVE,27984.581831853426,4496.484037547805,6709.454356411989,435.02717514843937,B0100,14.86729904386168,Trajectory
139.6,A1001,A0100,AIM-120C-7,ACTIVE,27894.476773943403,4688.172901056951,6522.808436984781,419.57129748856005,B0100,14.865886429142662,Trajectory
139.6,A1002,A0100,AIM-120C-7,ACTIVE,28064.13737126775,4531.409430767486,6709.209971681286,433.71224626175905,B0100,14.761495004842208,Trajectory
139.8,A1001,A0100,AIM-120C-7,ACTIVE,27970.729433837452,4722.913331863814,6523.183716882822,418.2681973587714,B0100,14.76095610584128,Trajectory
139.8,A1002,A0100,AIM-120C-7,ACTIVE,28143.112107360503,4566.993873598513,6708.993633966395,432.39827489978416,B0100,14.65427879984343,Trajectory
140.0,A1001,A0100,AIM-120C-7,ACTIVE,28046.38757560556,4758.319464204522,6523.596591013146,416.96665464984886,B0100,14.65489195052721,Trajectory
140.0,A1002,A0100,AIM-120C-7,ACTIVE,28221.49826701234,4603.235470070694,6708.808851120692,431.08617270567436,B0100,14.545912472058978,Trajectory
140.20000000000002,A1001,A0100,AIM-120C-7,ACTIVE,28121.44314759945,4794.388552796423,6524.049715613816,415.66686575487046,B0100,14.547668453299535,Trajectory
140.20000000000002,A1002,A0100,AIM-120C-7,ACTIVE,28299.288382864608,4640.131659508198,6708.657895240003,429.7761789975333,B0100,14.436369423487468,Trajectory
140.4,A1001,A0100,AIM-120C-7,ACTIVE,28195.888149996077,4831.117580064165,6524.544086349456,414.36903604366523,B0100,14.439202661578335,Trajectory
140.4,A1002,A0100,AIM-120C-7,ACTIVE,28376.4750723232,4677.679565288337,6708.541381732919,428.46856272902227,B0100,14.32556514140313,Trajectory
140.6,A1001,A0100,AIM-120C-7,ACTIVE,28269.71469597911,4868.503176541588,6525.079962704542,413.0735083555322,B0100,14.329317035540601,Trajectory
140.6,A1002,A0100,AIM-120C-7,ACTIVE,28453.05113810037,4715.875875910336,6708.459111997688,427.1638153895946,B0100,14.213316441606686,Trajectory
140.8,A1001,A0100,AIM-120C-7,ACTIVE,28342.91537673529,4906.5410557877885,6525.660139707065,411.7811365339115,B0100,14.218123065519848,Trajectory
140.8,A1002,A0100,AIM-120C-7,ACTIVE,28529.009938954958,4754.716330112798,6708.413242625568,425.86286443496834,B0100,14.099731168540087,Trajectory
141.0,A1001,A0100,AIM-120C-7,ACTIVE,28415.483539701127,4945.225645918124,6526.291414117705,410.49266667566434,B0100,14.105814204431105,Trajectory
141.0,A1002,A0100,AIM-120C-7,ACTIVE,28604.345618260413,4794.195440116137,6708.409765964277,424.5665040550971,B0100,13.985000379552178,Trajectory
141.20000000000002,A1001,A0100,AIM-120C-7,ACTIVE,28487.413110547284,4984.550428081618,6526.982185026705,409.2084150207702,B0100,13.992611161444545,Trajectory
141.20000000000002,A1002,A0100,AIM-120C-7,ACTIVE,28679.052878978844,4834.306858537211,6708.456250527244,423.2750191420348,B0100,13.869346681403107,Trajectory
141.4,A1001,A0100,AIM-120C-7,ACTIVE,28558.69845659369,5024.508222001727,6527.739996658461,407.9288722825425,B0100,13.878478404887549,Trajectory
141.4,A1002,A0100,AIM-120C-7,ACTIVE,28753.126869161122,4875.043589779802,6708.559416642665,421.98901079843966,B0100,13.752731762368319,Trajectory
141.6,A1001,A0100,AIM-120C-7,ACTIVE,28629.334626051033,5065.090947512465,6528.571592375172,406.65482365950174,B0100,13.763380542082702,Trajectory
141.6,A1002,A0100,AIM-120C-7,ACTIVE,28826.563479334698,4916.397680674233,6708.725089756883,420.7093749298173,B0100,13.635118027238796,Trajectory
141.8,A1001,A0100,AIM-120C-7,ACTIVE,28699.317502082842,5106.28959778264,6529.481202025135,405.38731872937393,B0100,13.647318372378164,Trajectory
141.8,A1002,A0100,AIM-120C-7,ACTIVE,28899.359472773638,4958.3601941497855,6708.9565654112985,419.4372338120882,B0100,13.516505198434382,Trajectory
142.0,A1001,A0100,AIM-120C-7,ACTIVE,28768.643963480616,5148.094219351539,6530.46937777442,404.1276979922131,B0100,13.530316462871141,Trajectory
142.0,A1002,A0100,AIM-120C-7,ACTIVE,28971.512623898394,5000.921188572589,6709.253507048612,418.17396239244664,B0100,13.39691743320066,Trajectory
142.20000000000002,A1001,A0100,AIM-120C-7,ACTIVE,28837.312079126634,5190.493867727305,6531.5319494866035,402.87761051282365,B0100,13.412418645776572,Trajectory
142.20000000000002,A1002,A0100,AIM-120C-7,ACTIVE,29043.021887094183,5044.069671521338,6709.610968528258,416.92119625498157,B0100,13.276398662696394,Trajectory
142.4,A1001,A0100,AIM-120C-7,ACTIVE,28905.321333981236,5233.476534846976,6532.658952275336,401.63898344985705,B0100,13.293686567081966,Trajectory
142.4,A1002,A0100,AIM-120C-7,ACTIVE,29113.8875892062,5087.793526470744,6710.018408420886,415.6807879909437,B0100,13.15501108608065,Trajectory
142.6,A1001,A0100,AIM-120C-7,ACTIVE,28972.6729876773,5277.028911427429,6533.8333557308115,400.4144923246955,B0100,13.174168861003931,Trajectory
142.6,A1002,A0100,AIM-120C-7,ACTIVE,29184.111744007434,5132.079272636587,6710.458531397351,414.45528063917624,B0100,13.032803318106797,Trajectory
142.8,A1001,A0100,AIM-120C-7,ACTIVE,29039.37203986426,5321.13432662258,6535.030091314502,399.21021495348896,B0100,13.053813433037675,Trajectory
142.8,A1002,A0100,AIM-120C-7,ACTIVE,29253.69997186894,5176.909968639454,6710.906291203782,413.2506552920353,B0100,12.909717305047405,Trajectory
143.0,A1001,A0100,AIM-120C-7,ACTIVE,29105.42996292384,5365.769950113638,6536.221106045586,398.03337290634687,B0100,12.93264062166704,Trajectory
143.0,A1002,A0100,AIM-120C-7,ACTIVE,29322.66417845387,5222.262479543863,6711.333583797702,412.0740343929101,B0100,12.785764402652568,Trajectory
143.20000000000002,A1001,A0100,AIM-120C-7,ACTIVE,29170.8640682315,5410.907671271271,6537.388224323669,396.8893791248174,B0100,12.810781920359158,Trajectory
143.20000000000002,A1002,A0100,AIM-120C-7,ACTIVE,29391.021904813202,5268.108599278864,6711.721441644453,410.93079690689586,B0100,12.661067690645346,Trajectory
143.4,A1001,A0100,AIM-120C-7,ACTIVE,29235.695757001657,5456.51610817762,6538.535513935387,395.7809022620403,B0100,12.688441936932472,Trajectory
143.4,A1002,A0100,AIM-120C-7,ACTIVE,29458.794620407978,5314.417299303334,6712.071483375076,409.82379931385805,B0100,12.535826305434998,Trajectory
143.6,A1001,A0100,AIM-120C-7,ACTIVE,29299.94660563277,5502.564462099279,6539.694332696083,394.7032064952029,B0100,12.565890964988943,Trajectory
143.6,A1002,A0100,AIM-120C-7,ACTIVE,29526.003951793773,5361.158721692852,6712.410510476667,408.7490510555756,B0100,12.410311201694759,Trajectory
143.8,A1001,A0100,AIM-120C-7,ACTIVE,29363.63363546875,5549.026247993591,6540.919118854712,393.64338707767246,B0100,12.44341369390139,Trajectory
143.8,A1002,A0100,AIM-120C-7,ACTIVE,29592.66721680875,5408.307864070804,6712.786785354567,407.6949266703903,B0100,12.284813216202597,Trajectory
144.0,A1001,A0100,AIM-120C-7,ACTIVE,29426.76469806176,5595.883170910424,6542.267725493334,392.58568244767673,B0100,12.321225593596886,Trajectory
144.0,A1002,A0100,AIM-120C-7,ACTIVE,29658.792993449282,5455.848055109444,6713.252527582363,406.6460693097885,B0100,12.15956166395467,Trajectory
144.20000000000002,A1001,A0100,AIM-120C-7,ACTIVE,29489.337842894103,5643.126873783541,6543.774497165564,391.5240375965537,B0100,12.199355718027263,Trajectory
144.20000000000002,A1002,A0100,AIM-120C-7,ACTIVE,29724.380330387776,5503.772038491991,6713.839347830242,405.5953161888985,B0100,12.034599561728822,Trajectory
144.4,A1001,A0100,AIM-120C-7,ACTIVE,29551.348700824157,5690.753428080985,6545.438047151082,390.46596595402247,B0100,12.077563578603714,Trajectory
144.4,A1002,A0100,AIM-120C-7,ACTIVE,29789.534123653008,5551.958084401319,6714.546217637398,404.83436163781823,B0100,11.909638841349716,Trajectory
144.6,A1001,A0100,AIM-120C-7,ACTIVE,29612.821200014223,5738.729414542921,6547.228381122171,389.5075353075949,B0100,11.955531452017853,Trajectory
144.6,A1002,A0100,AIM-120C-7,ACTIVE,29854.58429552312,5600.068469042177,6715.343600681779,404.2412737128472,B0100,11.78419918518442,Trajectory
144.8,A1001,A0100,AIM-120C-7,ACTIVE,29674.163105005617,5786.6080349544845,6549.090783165358,388.80327589076137,B0100,11.833040864973272,Trajectory
144.8,A1002,A0100,AIM-120C-7,ACTIVE,29919.573906744365,5648.06030592156,6716.192856870949,403.6384542591211,B0100,11.658241426966514,Trajectory
145.0,A1001,A0100,AIM-120C-7,ACTIVE,29735.53593097585,5834.213338590377,6550.980961365569,388.08348768716127,B0100,11.710187497938069,Trajectory
145.0,A1002,A0100,AIM-120C-7,ACTIVE,29984.525551175728,5695.897628964325,6717.042601746816,403.01819399521736,B0100,11.531937555113123,Trajectory
145.20000000000002,A1001,A0100,AIM-120C-7,ACTIVE,29796.947706536812,5881.532397342706,6552.855407101951,387.35298893738167,B0100,11.587249402121968,Trajectory
145.20000000000002,A1002,A0100,AIM-120C-7,ACTIVE,30049.44901418614,5743.562579158423,6717.853407336843,402.38271847318555,B0100,11.40556894224077,Trajectory
145.4,A1001,A0100,AIM-120C-7,ACTIVE,29858.403454351326,5928.555230729773,6554.6910676625075,386.6310424715218,B0100,11.464465309348963,Trajectory
145.4,A1002,A0100,AIM-120C-7,ACTIVE,30114.343706374286,5791.053852863542,6718.604890542003,401.76272913627633,B0100,11.279385768633535,Trajectory
145.6,A1001,A0100,AIM-120C-7,ACTIVE,29919.87907915015,5975.324002900863,6556.48500516556,385.96907938906963,B0100,11.342084001865445,Trajectory
145.6,A1002,A0100,AIM-120C-7,ACTIVE,30179.189611172704,5838.407482614944,6719.292106844963,401.1764225911312,B0100,11.153654171340726,Trajectory
145.8,A1001,A0100,AIM-120C-7,ACTIVE,29981.34490444721,6021.894322002859,6558.225646103365,385.3381104936462,B0100,11.220184309414181,Trajectory
145.8,A1002,A0100,AIM-120C-7,ACTIVE,30243.951527058714,5885.68016510981,6719.901833040053,400.593914474571,B0100,11.028463827470501,Trajectory
146.0,A1001,A0100,AIM-120C-7,ACTIVE,30042.773907193816,6068.311493869263,6559.883133575524,384.73388531217915,B0100,11.09878068661849,Trajectory
146.0,A1002,A0100,AIM-120C-7,ACTIVE,30308.596423826642,5932.913205488913,6720.414921282109,399.98748185041484,B0100,10.903833632303664,Trajectory
146.20000000000002,A1001,A0100,AIM-120C-7,ACTIVE,30104.13470857527,6114.6250126708455,6561.443499137652,384.1476716596339,B0100,10.977798276932306,Trajectory
146.20000000000002,A1002,A0100,AIM-120C-7,ACTIVE,30373.087379235112,5980.146037400524,6720.807696765235,399.3393275498234,B0100,10.779690626186312,Trajectory
146.4,A1001,A0100,AIM-120C-7,ACTIVE,30165.401704959902,6160.872415046827,6562.90341507992,383.56929024399017,B0100,10.857038167969819,Trajectory
146.4,A1002,A0100,AIM-120C-7,ACTIVE,30437.39053824191,6027.4138585324945,6721.066045243646,398.6790840758107,B0100,10.655836017382859,Trajectory
146.6,A1001,A0100,AIM-120C-7,ACTIVE,30226.55710026124,6207.077919959409,6564.264932240364,382.98214009357366,B0100,10.736260823035924,Trajectory
146.6,A1002,A0100,AIM-120C-7,ACTIVE,30501.494902142327,6074.728853462071,6721.188281903867,398.0131788085032,B0100,10.532020402674076,Trajectory
146.8,A1001,A0100,AIM-120C-7,ACTIVE,30287.597303279603,6253.2422368598545,6565.504726699567,382.3792047355706,B0100,10.615397800191252,Trajectory
146.8,A1002,A0100,AIM-120C-7,ACTIVE,30565.393501066246,6122.096597647905,6721.158623582217,397.3422143918466,B0100,10.408173346077698,Trajectory
147.0,A1001,A0100,AIM-120C-7,ACTIVE,30348.51877524648,6299.36289115041,6566.58332364947,381.7467087390611,B0100,10.494576835356318,Trajectory
147.0,A1002,A0100,AIM-120C-7,ACTIVE,30629.095628567986,6169.502225722833,6720.944468307344,396.65941328867876,B0100,10.28441708822304,Trajectory
147.20000000000002,A1001,A0100,AIM-120C-7,ACTIVE,30409.32186549248,6345.434336438456,6567.47445815972,381.1184279792121,B0100,10.37389066611776,Trajectory
147.20000000000002,A1002,A0100,AIM-120C-7,ACTIVE,30692.596008395834,6216.947326005525,6720.52016751841,395.9725697638989,B0100,10.160841464418926,Trajectory
147.4,A1001,A0100,AIM-120C-7,ACTIVE,30470.006898685653,6391.460183147888,6568.193166058746,380.51806324647396,B0100,10.25328192856096,Trajectory
147.4,A1002,A0100,AIM-120C-7,ACTIVE,30755.894979830264,6264.433759583698,6719.8971965581595,395.3118930189065,B0100,10.037378201414468,Trajectory
147.6,A1001,A0100,AIM-120C-7,ACTIVE,30530.565766848085,6437.461114461309,6568.786973297339,379.95637205933826,B0100,10.132955106771231,Trajectory
147.6,A1002,A0100,AIM-120C-7,ACTIVE,30818.987196824313,6311.97767143661,6719.131779859929,394.6790951554839,B0100,9.914231116793013,Trajectory
147.8,A1001,A0100,AIM-120C-7,ACTIVE,30590.97586773192,6483.4725481341775,6569.3195654846895,379.3805346609002,B0100,10.013284052415308,Trajectory
147.8,A1002,A0100,AIM-120C-7,ACTIVE,30881.85303746533,6359.608463034419,6718.291266547727,394.0265674819287,B0100,9.791787531609536,Trajectory
148.0,A1001,A0100,AIM-120C-7,ACTIVE,30651.195557904022,6529.539136410145,6569.845274321542,378.7666210355827,B0100,9.894604708245662,Trajectory
148.0,A1002,A0100,AIM-120C-7,ACTIVE,30944.449121667763,6407.371851188137,6717.4246328688205,393.3284300924871,B0100,9.67040194087121,Trajectory
148.20000000000002,A1001,A0100,AIM-120C-7,ACTIVE,30711.171307881745,6575.7124827336,6570.380041168865,378.0955273738296,B0100,9.777028421027932,Trajectory
148.20000000000002,A1002,A0100,AIM-120C-7,ACTIVE,31006.71826196217,6455.322345753341,6716.55630637957,392.56922804587543,B0100,9.550199568368727,Trajectory
148.4,A1001,A0100,AIM-120C-7,ACTIVE,30770.85431667267,6622.038058368009,6570.904209284125,377.3846270287219,B0100,9.660391597838696,Trajectory
148.4,A1002,A0100,AIM-120C-7,ACTIVE,31068.610643046988,6503.504379769529,6715.671832724866,391.76477078673,B0100,9.431017576252069,Trajectory
148.6,A1001,A0100,AIM-120C-7,ACTIVE,30830.20662476482,6668.55042931885,6571.397731809883,376.6269996845372,B0100,9.544627123876849,Trajectory
148.6,A1002,A0100,AIM-120C-7,ACTIVE,31130.08059718037,6551.9572166189,6714.745151455123,390.918756618504,B0100,9.312791811406075,Trajectory
148.8,A1001,A0100,AIM-120C-7,ACTIVE,30889.187727390206,6715.28516736657,6571.829487301307,375.83382945929264,B0100,9.43003972226486,Trajectory
148.8,A1002,A0100,AIM-120C-7,ACTIVE,31191.090016743365,6600.711681330265,6713.751928639554,390.0359501744493,B0100,9.19583151155612,Trajectory
149.0,A1001,A0100,AIM-120C-7,ACTIVE,30947.752968175668,6762.280830260321,6572.168339362552,374.9916260877877,B0100,9.316934651525136,Trajectory
149.0,A1002,A0100,AIM-120C-7,ACTIVE,31251.586949849003,6649.809585229561,6712.653122627016,389.09365262576614,B0100,9.080449168187876,Trajectory
149.20000000000002,A1001,A0100,AIM-120C-7,ACTIVE,31005.84800730943,6809.583353027169,6572.394154272456,374.1013546037913,B0100,9.205529913243137,Trajectory
149.20000000000002,A1002,A0100,AIM-120C-7,ACTIVE,31311.52073794339,6699.288972677677,6711.415846275908,388.1110288057495,B0100,8.966859923965472,Trajectory
149.4,A1001,A0100,AIM-120C-7,ACTIVE,31063.41828430443,6857.236811105339,6572.48141174915,373.15867796592306,B0100,9.095968763897423,Trajectory
149.4,A1002,A0100,AIM-120C-7,ACTIVE,31370.838825678486,6749.188957958067,6710.02322151172,387.08234971620067,B0100,8.855201619172574,Trajectory
149.6,A1001,A0100,AIM-120C-7,ACTIVE,31120.409885389512,6905.28310809867,6572.426842161981,372.1764996986432,B0100,8.988328920747746,Trajectory
149.6,A1002,A0100,AIM-120C-7,ACTIVE,31429.493553026216,6799.5427076342385,6708.473406264026,386.01887597668934,B0100,8.745542978866354,Trajectory
149.8,A1001,A0100,AIM-120C-7,ACTIVE,31176.77679751057,6953.755620880766,6572.245559043011,371.1625266807616,B0100,8.882698402939084,Trajectory
149.8,A1002,A0100,AIM-120C-7,ACTIVE,31487.43409187919,6850.385119452303,6706.783959329168,384.9227426551118,B0100,8.63796892602922,Trajectory
150.0,A1001,A0100,AIM-120C-7,ACTIVE,31232.475081639444,7002.683583977167,6571.94478594647,370.1190526396192,B0100,8.779474688856093,Trajectory
150.0,A1002,A0100,AIM-120C-7,ACTIVE,31544.616191521698,6901.743450591594,6704.979300045496,383.7934899424709,B0100,8.532875732284738,Trajectory
150.20000000000002,A1001,A0100,AIM-120C-7,ACTIVE,31287.450850210473,7052.103113347771,6571.55460473183,369.03348849637194,B0100,8.679044499460785,Trajectory
150.20000000000002,A1002,A0100,AIM-120C-7,ACTIVE,31600.98751017564,6953.648607599226,6703.076138689685,382.6272540179876,B0100,8.430653179832282,Trajectory
150.4,A1001,A0100,AIM-120C-7,ACTIVE,31341.659446404814,7102.038742811646,6571.080681897029,367.9209665558866,B0100,8.581165018403162,Trajectory
150.4,A1002,A0100,AIM-120C-7,ACTIVE,31656.49889159669,7006.125676365265,6701.08647252832,381.42930390450675,B0100,8.331058148781542,Trajectory
150.6,A1001,A0100,AIM-120C-7,ACTIVE,31395.06449436773,7152.506190850598,6570.52829953483,366.794606853399,B0100,8.485554900709106,Trajectory
150.6,A1002,A0100,AIM-120C-7,ACTIVE,31711.111742586996,7059.188755272322,6699.023540223728,380.220126853561,B0100,8.23380427492111,Trajectory
150.8,A1001,A0100,AIM-120C-7,ACTIVE,31447.642113249927,7203.509984992499,6569.904538449605,365.655843689434,B0100,8.392315296538758,Trajectory
150.8,A1002,A0100,AIM-120C-7,ACTIVE,31764.804698551907,7112.83733405651,6696.896539200865,379.0012690001698,B0100,8.138986398043539,Trajectory
151.0,A1001,A0100,AIM-120C-7,ACTIVE,31499.35898635858,7255.06108915539,6569.2385017063,364.49707374251744,B0100,8.301910969515124,Trajectory
151.0,A1002,A0100,AIM-120C-7,ACTIVE,31817.54679802475,7167.0774884999155,6694.728700230002,377.76622034114394,B0100,8.047065912628437,Trajectory
151.20000000000002,A1001,A0100,AIM-120C-7,ACTIVE,31550.186583498802,7307.164418376982,6568.540826408872,363.3291389812671,B0100,8.214724895670276,Trajectory
151.20000000000002,A1002,A0100,AIM-120C-7,ACTIVE,31869.31653108547,7221.906747026757,6692.547598870828,376.53216706091126,B0100,7.9584236397457015,Trajectory
151.4,A1001,A0100,AIM-120C-7,ACTIVE,31600.10056814726,7359.820537716202,6567.813955775031,362.156431956993,B0100,8.130460566413777,Trajectory
151.4,A1002,A0100,AIM-120C-7,ACTIVE,31920.102007198362,7277.3146956336,6690.362973047671,375.2995982328872,B0100,7.872753074446194,Trajectory
151.6,A1001,A0100,AIM-120C-7,ACTIVE,31649.091904391145,7413.018200178858,6567.058166964045,360.9929741642552,B0100,8.048805019446009,Trajectory
151.6,A1002,A0100,AIM-120C-7,ACTIVE,31969.89794520227,7333.285443172999,6688.169470529734,374.08484576186936,B0100,7.789731849902042,Trajectory
151.8,A1001,A0100,AIM-120C-7,ACTIVE,31697.1586719548,7466.74169038908,6566.28388222942,359.84162341741535,B0100,7.969853146408409,Trajectory
151.8,A1002,A0100,AIM-120C-7,ACTIVE,32018.706292491057,7389.799642088253,6685.975434708812,372.87748566066233,B0100,7.709447132825559,Trajectory
152.0,A1001,A0100,AIM-120C-7,ACTIVE,31744.310319972363,7520.968196364108,6565.509394722457,358.7094960287318,B0100,7.894045621921489,Trajectory
152.0,A1002,A0100,AIM-120C-7,ACTIVE,32066.537750442665,7446.832491918377,6683.796563131484,371.70848031875965,B0100,7.632334880425459,Trajectory
152.20000000000002,A1001,A0100,AIM-120C-7,ACTIVE,31790.553420904736,7575.677454015215,6564.73682447727,357.5954732637648,B0100,7.821670800489781,Trajectory
152.20000000000002,A1002,A0100,AIM-120C-7,ACTIVE,32113.410416894792,7504.3564482130805,6681.638080159423,370.5479917342216,B0100,7.558676273603004,Trajectory
152.4,A1001,A0100,AIM-120C-7,ACTIVE,31835.908715150086,7630.8409093124255,6563.958406169344,356.5140727806944,B0100,7.752295684203608,Trajectory
152.4,A1002,A0100,AIM-120C-7,ACTIVE,32159.34165741678,7562.344356876198,6679.4959667397,369.42626319147024,B0100,7.488042057835122,Trajectory
152.6,A1001,A0100,AIM-120C-7,ACTIVE,31880.397628243638,7686.431257488769,6563.156463837169,355.4600555269924,B0100,7.685537623244109,Trajectory
152.6,A1002,A0100,AIM-120C-7,ACTIVE,32204.359633424112,7620.764842947184,6677.364596736313,368.33842310212896,B0100,7.420042876059401,Trajectory
152.8,A1001,A0100,AIM-120C-7,ACTIVE,31924.041360728363,7742.423031925144,6562.331577632378,354.42860320483544,B0100,7.621455688283878,Trajectory
152.8,A1002,A0100,AIM-120C-7,ACTIVE,32248.498492879662,7679.5850353992,6675.242376946234,367.28569928563974,B0100,7.354724081482373,Trajectory
153.0,A1001,A0100,AIM-120C-7,ACTIVE,31966.861763376324,7798.791389105257,6561.4913222826635,353.43513170174657,B0100,7.560415381568296,Trajectory
153.0,A1002,A0100,AIM-120C-7,ACTIVE,32291.795532587203,7738.772455690223,6673.138873674687,366.2778032240397,B0100,7.292434242339036,Trajectory
153.20000000000002,A1001,A0100,AIM-120C-7,ACTIVE,32008.91509927953,7855.494028927254,6560.643715651849,352.5000419870878,B0100,7.5025861716816795,Trajectory
153.20000000000002,A1002,A0100,AIM-120C-7,ACTIVE,32334.304606887385,7798.287916623067,6671.064261292842,365.3222980321203,B0100,7.23334316176299,Trajectory
153.4,A1001,A0100,AIM-120C-7,ACTIVE,32050.24815962402,7912.4965994482645,6559.777013364946,351.6012567834649,B0100,7.447484515796537,Trajectory
153.4,A1002,A0100,AIM-120C-7,ACTIVE,32376.076435773935,7858.095699539863,6669.004391715029,364.41468348601296,B0100,7.176968698164426,Trajectory
153.60000000000002,A1001,A0100,AIM-120C-7,ACTIVE,32090.8977205459,7969.771580925121,6558.881217549415,350.73521086551204,B0100,7.39470955089771,Trajectory
153.60000000000002,A1002,A0100,AIM-120C-7,ACTIVE,32417.15969736769,7918.162958259948,6666.934363409128,363.5478985132142,B0100,7.122902578402227,Trajectory
153.8,A1001,A0100,AIM-120C-7,ACTIVE,32130.908090492787,8027.288878037011,6557.947116966031,349.9167037773341,B0100,7.344262804604518,Trajectory
153.8,A1002,A0100,AIM-120C-7,ACTIVE,32457.609055475375,7978.455976778784,6664.847771632208,362.7397821098263,B0100,7.071134087556818,Trajectory
154.0,A1001,A0100,AIM-120C-7,ACTIVE,32170.33872386286,8085.013021305439,6556.98042927464,349.15422315051416,B0100,7.296417942761345,Trajectory
154.0,A1002,A0100,AIM-120C-7,ACTIVE,32497.494895633543,8038.936385142153,6662.75759419178,361.9919343616037,B0100,7.021920974853784,Trajectory
154.20000000000002,A1001,A0100,AIM-120C-7,ACTIVE,32209.253184007543,8142.908546516214,6555.995533941178,348.4517600915295,B0100,7.251289652888393,Trajectory
154.20000000000002,A1002,A0100,AIM-120C-7,ACTIVE,32536.88620837002,8099.568413855562,6660.682234839494,361.31009329388644,B0100,6.975371707761153,Trajectory
154.4,A1001,A0100,AIM-120C-7,ACTIVE,32247.7261903851,8200.935911635192,6554.984804417905,347.8096436776805,B0100,7.208400308752925,Trajectory
154.4,A1002,A0100,AIM-120C-7,ACTIVE,32575.868712105043,8160.310051894405,6658.6236773544715,360.6883633405211,B0100,6.931007806849382,Trajectory
154.60000000000002,A1001,A0100,AIM-120C-7,ACTIVE,32285.81701797364,8259.06492845458,6553.935516364442,347.2024182802106,B0100,7.167355460620619,Trajectory
154.60000000000002,A1002,A0100,AIM-120C-7,ACTIVE,32614.51028773766,8221.128213701995,6656.561117236678,360.12212831319164,B0100,6.888432571992137,Trajectory
154.8,A1001,A0100,AIM-120C-7,ACTIVE,32323.57780628511,8317.26942550268,6552.849315296146,346.65172763286745,B0100,7.128113961569027,Trajectory
154.8,A1002,A0100,AIM-120C-7,ACTIVE,32652.86288354381,8281.998889749408,6654.496364461095,359.59609521438784,B0100,6.8476004462156235,Trajectory
155.0,A1001,A0100,AIM-120C-7,ACTIVE,32361.07452017167,8375.518573967123,6551.743463422565,346.15161100147117,B0100,7.090868454887236,Trajectory
155.0,A1002,A0100,AIM-120C-7,ACTIVE,32690.998584585894,8342.889162978736,6652.440084488751,359.14163568625185,B0100,6.808691237193923,Trajectory
155.20000000000002,A1001,A0100,AIM-120C-7,ACTIVE,32398.393982414436,8433.77175322712,6550.632051463904,345.7296342786099,B0100,7.055677743211085,Trajectory
155.20000000000002,A1002,A0100,AIM-120C-7,ACTIVE,32729.005793585467,8403.75997749429,6650.4026354583175,358.743441321955,B0100,6.771759660887226,Trajectory
155.4,A1001,A0100,AIM-120C-7,ACTIVE,32435.615900479883,8491.992857724359,6549.517851649401,345.357720182505,B0100,7.022120539313491,Trajectory
155.4,A1002,A0100,AIM-120C-7,ACTIVE,32766.96547480923,8464.570751529338,6648.391468980524,358.3594993702553,B0100,6.736395863215436,Trajectory
155.60000000000002,A1001,A0100,AIM-120C-7,ACTIVE,32472.79612800742,8550.153621725642,6548.402714635431,344.98848731082217,B0100,6.989892367287086,Trajectory
155.60000000000002,A1002,A0100,AIM-120C-7,ACTIVE,32804.94896090627,8525.272452707086,6646.402753234929,357.9349280514746,B0100,6.702296322668101,Trajectory
155.8,A1001,A0100,AIM-120C-7,ACTIVE,32509.99686504582,8608.20793296895,6547.2904761278305,344.5624741512299,B0100,6.959120802534409,Trajectory
155.8,A1002,A0100,AIM-120C-7,ACTIVE,32843.01224493456,8585.818455534298,6644.443759192173,357.44844421301997,B0100,6.669586570239196,Trajectory
156.0,A1001,A0100,AIM-120C-7,ACTIVE,32547.288154911123,8666.0960178823,6546.189522994401,344.07294501721196,B0100,6.929854676135737,Trajectory
156.0,A1002,A0100,AIM-120C-7,ACTIVE,32881.22573918245,8646.148521004132,6642.538123860273,356.88983507475876,B0100,6.6383123660673835,Trajectory
156.20000000000002,A1001,A0100,AIM-120C-7,ACTIVE,32584.73396409202,8723.761831911428,6545.108673022976,343.527431080537,B0100,6.901758158382154,Trajectory
156.20000000000002,A1002,A0100,AIM-120C-7,ACTIVE,32919.6590120572,8706.20107367429,6640.67486764008,356.2780078727383,B0100,6.608146688629466,Trajectory
156.4,A1001,A0100,AIM-120C-7,ACTIVE,32622.38158456368,8781.162121491121,6544.037213177051,342.9539754638288,B0100,6.874590720363754,Trajectory
156.4,A1002,A0100,AIM-120C-7,ACTIVE,32958.35352352543,8765.937570560245,6638.8570027583855,355.629077131193,B0100,6.578857575844649,Trajectory
156.60000000000002,A1001,A0100,AIM-120C-7,ACTIVE,32660.27397837206,8838.257913228677,6542.991000411777,342.3186517418308,B0100,6.848439956229098,Trajectory
156.60000000000002,A1002,A0100,AIM-120C-7,ACTIVE,32997.367038579556,8825.304912398055,6637.087388181127,354.9108776226996,B0100,6.550517302698314,Trajectory
156.8,A1001,A0100,AIM-120C-7,ACTIVE,32698.481373088598,8894.983688446713,6541.97339608501,341.6211533556757,B0100,6.823341690710875,Trajectory
156.8,A1002,A0100,AIM-120C-7,ACTIVE,33036.76495131798,8884.24020855511,6635.38351572845,354.13177271259514,B0100,6.523159838928239,Trajectory
157.0,A1001,A0100,AIM-120C-7,ACTIVE,32737.06956449548,8951.275213922807,6540.987246137405,340.8658870189091,B0100,6.799124380413764,Trajectory
157.0,A1002,A0100,AIM-120C-7,ACTIVE,33076.61778537981,8942.673208949695,6633.737034187064,353.2775681956135,B0100,6.4966202798303465,Trajectory
157.20000000000002,A1001,A0100,AIM-120C-7,ACTIVE,32776.0795612163,9007.087673746602,6540.013766129466,340.0767345781685,B0100,6.77552650865672,Trajectory
157.20000000000002,A1002,A0100,AIM-120C-7,ACTIVE,33116.97440247454,9000.548838766139,6632.130453334944,352.39347839277747,B0100,6.470647009233592,Trajectory
157.4,A1001,A0100,AIM-120C-7,ACTIVE,32815.55188621663,9062.375306402031,6539.04123394381,339.2454121043675,B0100,6.752386738976495,Trajectory
157.4,A1002,A0100,AIM-120C-7,ACTIVE,33157.863511620344,9057.82928556291,6630.547838068044,351.4782407825828,B0100,6.445091034181784,Trajectory
157.60000000000002,A1001,A0100,AIM-120C-7,ACTIVE,32855.51582277652,9117.100173161887,6538.054309566951,338.39237888454363,B0100,6.729676769652453,Trajectory
157.60000000000002,A1002,A0100,AIM-120C-7,ACTIVE,33199.311253462954,9114.477220908084,6628.9822865147025,350.5362592857934,B0100,6.41992202824976,Trajectory
157.8,A1001,A0100,AIM-120C-7,ACTIVE,32896.00407713501,9171.220406670895,6537.066804668798,337.4931201545132,B0100,6.707418607454753,Trajectory
157.8,A1002,A0100,AIM-120C-7,ACTIVE,33241.352753502186,9170.445046071318,6627.435577077034,349.54194272707247,B0100,6.39515248939104,Trajectory
158.0,A1001,A0100,AIM-120C-7,ACTIVE,32937.06756004609,9224.672468222825,6536.0899466604415,336.54059221988325,B0100,6.685568179457686,Trajectory
158.0,A1002,A0100,AIM-120C-7,ACTIVE,33284.03124067907,9225.673177905148,6625.917449327391,348.49795802218875,B0100,6.370739255226293,Trajectory
158.20000000000002,A1001,A0100,AIM-120C-7,ACTIVE,32978.74989992542,9277.395379733105,6535.117948406929,335.54003386883437,B0100,6.663989552181239,Trajectory
158.20000000000002,A1002,A0100,AIM-120C-7,ACTIVE,33327.39249873379,9280.094734303428,6624.425882327974,347.40466813376094,B0100,6.346554836540535,Trajectory
158.4,A1001,A0100,AIM-120C-7,ACTIVE,33021.08112354111,9329.33761069955,6534.133482226711,334.52070880125365,B0100,6.642541247683439,Trajectory
158.4,A1002,A0100,AIM-120C-7,ACTIVE,33371.46935450399,9333.650913625492,6622.942053617006,346.2824260004055,B0100,6.322470675517739,Trajectory
158.60000000000002,A1001,A0100,AIM-120C-7,ACTIVE,33064.07124469073,9380.466652188135,6533.12018833234,333.48184208608546,B0100,6.621151537162247,Trajectory
158.60000000000002,A1002,A0100,AIM-120C-7,ACTIVE,33416.260207320294,9386.317084993923,6621.45047466328,345.1563607444761,B0100,6.298427016482939,Trajectory
158.8,A1001,A0100,AIM-120C-7,ACTIVE,33107.72348157633,9430.755722919816,6532.079668919637,332.4384287316724,B0100,6.599790112197435,Trajectory
158.8,A1002,A0100,AIM-120C-7,ACTIVE,33461.7722843657,9438.058243459314,6619.946419308958,344.0156692369226,B0100,6.2743890143990475,Trajectory
159.0,A1001,A0100,AIM-120C-7,ACTIVE,33152.04580122632,9480.171544711615,6531.010862550723,331.3677524314322,B0100,6.578414350986044,Trajectory
159.0,A1002,A0100,AIM-120C-7,ACTIVE,33508.004120478894,9488.847225792346,6618.426616752707,342.8542895920433,B0100,6.2503094767648575,Trajectory
159.20000000000002,A1001,A0100,AIM-120C-7,ACTIVE,33197.05703353795,9528.66505336008,6529.925291943457,330.2652939962826,B0100,6.556941255199984,Trajectory
159.20000000000002,A1002,A0100,AIM-120C-7,ACTIVE,33554.979960309,9538.624336149063,6616.913230216129,341.650346619756,B0100,6.226101599723564,Trajectory
159.4,A1001,A0100,AIM-120C-7,ACTIVE,33242.7770721478,9576.181156928049,6528.829677149715,329.1397520816,B0100,6.535318039712706,Trajectory
159.4,A1002,A0100,AIM-120C-7,ACTIVE,33602.71705645068,9587.33121389774,6615.396398884674,340.4236621702556,B0100,6.2017276012269615,Trajectory
159.60000000000002,A1001,A0100,AIM-120C-7,ACTIVE,33289.20238532278,9622.689890291102,6527.720768565207,328.0134644499901,B0100,6.513533392442277,Trajectory
159.60000000000002,A1002,A0100,AIM-120C-7,ACTIVE,33651.20371357962,9634.943321996227,6613.880308962504,339.20325285031066,B0100,6.177186973971312,Trajectory
159.8,A1001,A0100,AIM-120C-7,ACTIVE,33336.325664035176,9668.165341146461,6526.603722047104,326.8711572232187,B0100,6.491510150894752,Trajectory
159.8,A1002,A0100,AIM-120C-7,ACTIVE,33700.42520568549,9681.440402588329,6612.381034832028,337.9720123764817,B0100,6.15239786334873,Trajectory
160.0,A1001,A0100,AIM-120C-7,ACTIVE,33384.14889654434,9712.566815519496,6525.499041004698,325.70512108942177,B0100,6.46912877774743,Trajectory
160.0,A1002,A0100,AIM-120C-7,ACTIVE,33750.3821139102,9726.77765840838,6610.889932939923,336.7208323911539,B0100,6.127237183135355,Trajectory
160.20000000000002,A1001,A0100,AIM-120C-7,ACTIVE,33432.67899163704,9755.84178249507,6524.409802843981,324.51825061078193,B0100,6.446327196661516,Trajectory
160.20000000000002,A1002,A0100,AIM-120C-7,ACTIVE,33801.073281659934,9770.909204567815,6609.414704577544,335.44608727512247,B0100,6.101652463974621,Trajectory
160.4,A1001,A0100,AIM-120C-7,ACTIVE,33481.90755243276,9797.95510386791,6523.322476767695,323.32614452944955,B0100,6.423160522653617,Trajectory
160.4,A1002,A0100,AIM-120C-7,ACTIVE,33852.491928754134,9813.79234588454,6607.9454828905455,334.16423076813425,B0100,6.075710643697021,Trajectory
160.60000000000002,A1001,A0100,AIM-120C-7,ACTIVE,33531.81641737766,9838.884893282604,6522.229213585363,322.1361790083247,B0100,6.399691141285943,Trajectory
160.60000000000002,A1002,A0100,AIM-120C-7,ACTIVE,33904.61213118826,9855.41247153601,6606.482491373113,332.8946100317222,B0100,6.049482842510784,Trajectory
160.8,A1001,A0100,AIM-120C-7,ACTIVE,33582.38197705192,9878.617464317886,6521.135672834251,320.9560671755239,B0100,6.3759127668381055,Trajectory
160.8,A1002,A0100,AIM-120C-7,ACTIVE,33957.405382231664,9895.759462373755,6605.011714113186,331.63330564002837,B0100,6.022964185412711,Trajectory
161.0,A1001,A0100,AIM-120C-7,ACTIVE,33633.570599723076,9917.156142480904,6520.035952314461,319.7955097029657,B0100,6.35186448158283,Trajectory
161.0,A1002,A0100,AIM-120C-7,ACTIVE,34010.83749175281,9934.834663831036,6603.54576146844,330.3964601930574,B0100,5.996195696999598,Trajectory
161.20000000000002,A1001,A0100,AIM-120C-7,ACTIVE,33685.34839822654,9954.50723523085,6518.928424726596,318.6604031275504,B0100,6.327636947104634,Trajectory
161.20000000000002,A1002,A0100,AIM-120C-7,ACTIVE,34064.87075926573,9972.647834849718,6602.082097849126,329.18536976947985,B0100,5.969274455143179,Trajectory
161.4,A1001,A0100,AIM-120C-7,ACTIVE,33737.67998992778,9990.683412226557,6517.823809884804,317.5413700851491,B0100,6.303237809796293,Trajectory
161.4,A1002,A0100,AIM-120C-7,ACTIVE,34119.46200786375,10009.22365948674,6600.633955912459,328.00823398261093,B0100,5.942209161437027,Trajectory
161.60000000000002,A1001,A0100,AIM-120C-7,ACTIVE,33790.53347577195,10025.692881587653,6516.732924312076,316.4454620302382,B0100,6.278673533763585,Trajectory
161.60000000000002,A1002,A0100,AIM-120C-7,ACTIVE,34174.57290511077,10044.582425220548,6599.2187087183975,326.85468799375894,B0100,5.915006838026625,Trajectory
161.8,A1001,A0100,AIM-120C-7,ACTIVE,33843.86988912083,10059.561771172088,6515.680228977145,315.3801036584618,B0100,6.253952819526613,Trajectory
161.8,A1002,A0100,AIM-120C-7,ACTIVE,34230.16377510114,10078.750889123872,6597.849316467674,325.73155933434015,B0100,5.88767679329093,Trajectory
162.0,A1001,A0100,AIM-120C-7,ACTIVE,33897.65283981813,10092.315315493108,6514.683102962121,314.34131951265005,B0100,6.229116264183211,Trajectory
162.0,A1002,A0100,AIM-120C-7,ACTIVE,34286.191951785855,10111.767873735938,6596.540381080387,324.65369921954584,B0100,5.860263103764297,Trajectory
162.20000000000002,A1001,A0100,AIM-120C-7,ACTIVE,33951.842969329984,10123.989778199613,6513.75165850629,313.33926646830037,B0100,6.204298089264157,Trajectory
162.20000000000002,A1002,A0100,AIM-120C-7,ACTIVE,34342.61558102012,10143.678253420283,6595.308451748687,323.607763937757,B0100,5.832903320515602,Trajectory
162.4,A1001,A0100,AIM-120C-7,ACTIVE,34006.404679689826,10154.61892084228,6512.878859521576,312.3671620582371,B0100,6.179617337504556,Trajectory
162.4,A1002,A0100,AIM-120C-7,ACTIVE,34399.39925002568,10174.516622206618,6594.146158142877,322.59649976637354,B0100,5.805721001459941,Trajectory
162.60000000000002,A1001,A0100,AIM-120C-7,ACTIVE,34061.298796033996,10184.251192084697,6512.046071111928,311.4372760736874,B0100,6.155123919185897,Trajectory
162.60000000000002,A1002,A0100,AIM-120C-7,ACTIVE,34456.50435807677,10204.33183353657,6593.0256038539055,321.63331384514464,B0100,5.778767367250918,Trajectory
162.8,A1001,A0100,AIM-120C-7,ACTIVE,34116.48958654729,10212.934677811862,6511.232164870823,310.5468811429666,B0100,6.130786055685566,Trajectory
162.8,A1002,A0100,AIM-120C-7,ACTIVE,34513.894064656255,10233.177835744713,6591.92676825462,320.7097036011326,B0100,5.752007615441113,Trajectory
163.0,A1001,A0100,AIM-120C-7,ACTIVE,34171.94515475812,10240.714530799405,6510.4153252105825,309.69220455131193,B0100,6.106588322129647,Trajectory
163.0,A1002,A0100,AIM-120C-7,ACTIVE,34571.53697092594,10261.100885965281,6590.825185190624,319.8208257612188,B0100,5.725426168749823,Trajectory
163.20000000000002,A1001,A0100,AIM-120C-7,ACTIVE,34227.63615387315,10267.635621382653,6509.575379741787,308.87325392829484,B0100,6.082479142911447,Trajectory
163.20000000000002,A1002,A0100,AIM-120C-7,ACTIVE,34629.40499234803,10288.144025635063,6589.698385215586,318.971619789959,B0100,5.698967898851085,Trajectory
163.4,A1001,A0100,AIM-120C-7,ACTIVE,34283.537481840416,10293.7375605657,6508.702324617696,308.0808546407122,B0100,6.058540319791797,Trajectory
163.4,A1002,A0100,AIM-120C-7,ACTIVE,34687.47069269326,10314.356469812554,6588.535214696157,318.15579610967524,B0100,5.672711797967055,Trajectory
163.60000000000002,A1001,A0100,AIM-120C-7,ACTIVE,34339.62714970419,10319.055773885611,6507.797120070331,307.31965365607533,B0100,6.034803143569983,Trajectory
163.60000000000002,A1002,A0100,AIM-120C-7,ACTIVE,34745.710700728174,10339.781311597582,6587.338217986879,317.38037480062553,B0100,5.646681069124324,Trajectory
163.8,A1001,A0100,AIM-120C-7,ACTIVE,34395.88615852253,10343.621743739493,6506.871233871395,306.5853300366811,B0100,6.011307511405377,Trajectory
163.8,A1002,A0100,AIM-120C-7,ACTIVE,34804.10309987041,10364.464617356758,6586.120161824206,316.6312734136211,B0100,5.620912515092081,Trajectory
164.0,A1001,A0100,AIM-120C-7,ACTIVE,34452.294190581764,10367.476078731906,6505.946111591724,305.87864877669244,B0100,5.988021742980626,Trajectory
164.0,A1002,A0100,AIM-120C-7,ACTIVE,34862.632471732395,10388.434221035832,6584.905398034453,315.90796372796984,B0100,5.5953730382130935,Trajectory
164.20000000000002,A1001,A0100,AIM-120C-7,ACTIVE,34508.833896035234,10390.653666611557,6505.053249252199,305.1985857915759,B0100,5.964859888417628,Trajectory
164.20000000000002,A1002,A0100,AIM-120C-7,ACTIVE,34921.27891191725,10411.7378987077,6583.7268604953515,315.2234908767883,B0100,5.569974112006801,Trajectory
164.4,A1001,A0100,AIM-120C-7,ACTIVE,34565.48690819284,10413.19626593687,6504.207561614637,304.5443510806333,B0100,5.941846470391429,Trajectory
164.4,A1002,A0100,AIM-120C-7,ACTIVE,34980.02430981031,10434.422536205328,6582.612342217453,314.55833130281894,B0100,5.544740261701365,Trajectory
164.60000000000002,A1001,A0100,AIM-120C-7,ACTIVE,34622.237624717316,10435.139361241443,6503.412945102022,303.9165236502738,B0100,5.918949271382649,Trajectory
164.60000000000002,A1002,A0100,AIM-120C-7,ACTIVE,35038.85550052019,10456.517278224408,6581.5700287002,313.91397225531654,B0100,5.5196393402166155,Trajectory
164.8,A1001,A0100,AIM-120C-7,ACTIVE,34679.07120465187,10456.520173927753,6502.670078238577,303.3058131821599,B0100,5.8962100390835515,Trajectory
164.8,A1002,A0100,AIM-120C-7,ACTIVE,35097.7574625847,10478.062107473595,6580.582674217783,313.3015735787059,B0100,5.494718871578545,Trajectory
165.0,A1001,A0100,AIM-120C-7,ACTIVE,34735.97604654838,10477.365243359174,6501.948356327924,302.71990816163145,B0100,5.873622327415147,Trajectory
165.0,A1002,A0100,AIM-120C-7,ACTIVE,35156.71989425678,10499.081956731316,6579.610914046138,312.7054317016968,B0100,5.4699735359451624,Trajectory
165.20000000000002,A1001,A0100,AIM-120C-7,ACTIVE,34792.940155171214,10497.707692687762,6501.219923759951,302.15340955200566,B0100,5.851180651464304,Trajectory
165.20000000000002,A1002,A0100,AIM-120C-7,ACTIVE,35215.730913729385,10519.611336085542,6578.621843703644,312.1326657299282,B0100,5.445390366319944,Trajectory
165.4,A1001,A0100,AIM-120C-7,ACTIVE,34849.95448821314,10517.571902649484,6500.482381771623,301.6056510660986,B0100,5.82893994906159,Trajectory
165.4,A1002,A0100,AIM-120C-7,ACTIVE,35274.782286318135,10539.674521218949,6577.611360835432,311.57650312606734,B0100,5.421021932504265,Trajectory
165.60000000000002,A1001,A0100,AIM-120C-7,ACTIVE,34907.01150372183,10536.978177656905,6499.736953607407,301.07209790452,B0100,5.806896821862199,Trajectory
165.60000000000002,A1002,A0100,AIM-120C-7,ACTIVE,35333.865745254545,10559.298950922785,6576.58970398688,311.0403042508202,B0100,5.396859060136275,Trajectory
165.8,A1001,A0100,AIM-120C-7,ACTIVE,34964.1033690218,10555.951196582417,6499.012449801542,300.5522250167503,B0100,5.78496159660078,Trajectory
165.8,A1002,A0100,AIM-120C-7,ACTIVE,35392.97464960706,10578.507884812627,6575.59294825528,310.51950852089897,B0100,5.372807099395151,Trajectory
166.0,A1001,A0100,AIM-120C-7,ACTIVE,35021.22266128098,10574.513676005521,6498.346522183434,300.0444098217398,B0100,5.763146374869275,Trajectory
166.0,A1002,A0100,AIM-120C-7,ACTIVE,35452.09962165539,10597.336807455064,6574.6665189458945,310.0187964627866,B0100,5.348879162532089,Trajectory
166.20000000000002,A1001,A0100,AIM-120C-7,ACTIVE,35078.362413351795,10592.686959815012,6497.737436529338,299.55077671054727,B0100,5.741514470790298,Trajectory
166.20000000000002,A1002,A0100,AIM-120C-7,ACTIVE,35511.23438906175,10615.807421091933,6573.811069264348,309.5292501411192,B0100,5.325141836201237,Trajectory
166.4,A1001,A0100,AIM-120C-7,ACTIVE,35135.51525131364,10610.49750628974,6497.1771838523855,299.0731570953506,B0100,5.720062066124576,Trajectory
166.4,A1002,A0100,AIM-120C-7,ACTIVE,35570.372328757665,10633.945926190496,6573.002239254452,309.05484174101343,B0100,5.301592429299976,Trajectory
166.60000000000002,A1001,A0100,AIM-120C-7,ACTIVE,35192.67578667037,10627.963808632458,6496.654019067152,298.6130072869886,B0100,5.698716287221891,Trajectory
166.60000000000002,A1002,A0100,AIM-120C-7,ACTIVE,35629.51103337043,10651.757308321125,6572.242750384877,308.5827178814425,B0100,5.27815907286855,Trajectory
166.8,A1001,A0100,AIM-120C-7,ACTIVE,35249.837486916425,10645.113832302495,6496.159622817042,298.16203914003256,B0100,5.677433374679918,Trajectory
166.8,A1002,A0100,AIM-120C-7,ACTIVE,35688.645915702175,10669.257398788423,6571.514648869516,308.12815036220036,B0100,5.254801297828473,Trajectory
167.0,A1001,A0100,AIM-120C-7,ACTIVE,35306.997541804456,10661.95464352327,6495.657244380588,297.7197037285437,B0100,5.65630565280247,Trajectory
167.0,A1002,A0100,AIM-120C-7,ACTIVE,35747.7709836788,10686.473942051025,6570.777664022556,307.68911442871314,B0100,5.231608157930688,Trajectory
167.20000000000002,A1001,A0100,AIM-120C-7,ACTIVE,35364.15237502572,10678.499890293673,6495.13235751509,297.28545338451727,B0100,5.635361534793909,Trajectory
167.20000000000002,A1002,A0100,AIM-120C-7,ACTIVE,35806.88302701822,10703.420737624712,6570.018924465129,307.2599386540188,B0100,5.208602509799513,Trajectory
167.4,A1001,A0100,AIM-120C-7,ACTIVE,35421.29879689048,10694.764582773025,6494.612447168581,296.86330996412335,B0100,5.6145347750279315,Trajectory
167.4,A1002,A0100,AIM-120C-7,ACTIVE,35865.977802029236,10720.121316002302,6569.256260975829,306.84703846000474,B0100,5.185710457728338,Trajectory
167.60000000000002,A1001,A0100,AIM-120C-7,ACTIVE,35478.43242029545,10710.769919909479,6494.122042759056,296.455822051818,B0100,5.593835953208842,Trajectory
167.60000000000002,A1002,A0100,AIM-120C-7,ACTIVE,35925.05342592542,10736.586562410046,6568.527249170577,306.4343742589599,B0100,5.162945875511986,Trajectory
167.8,A1001,A0100,AIM-120C-7,ACTIVE,35535.54943320256,10726.534104837994,6493.675494602578,296.0495141781098,B0100,5.573267380478036,Trajectory
167.8,A1002,A0100,AIM-120C-7,ACTIVE,35984.10557958069,10752.83662770665,6567.845348950882,306.04211631196983,B0100,5.140312858542231,Trajectory
168.0,A1001,A0100,AIM-120C-7,ACTIVE,35592.64733524188,10742.063549926765,6493.2900514488565,295.6518219033711,B0100,5.552784155613108,Trajectory
168.0,A1002,A0100,AIM-120C-7,ACTIVE,36043.131422940656,10768.88543566694,6567.2229677299,305.64608439012966,B0100,5.117763386261765,Trajectory
168.20000000000002,A1001,A0100,AIM-120C-7,ACTIVE,35649.72170754793,10757.379563943938,6492.970900594012,295.26114141141187,B0100,5.532307142985965,Trajectory
168.20000000000002,A1002,A0100,AIM-120C-7,ACTIVE,36102.127838995984,10784.74159535338,6566.6834807358855,305.2493618364006,B0100,5.0952204692494885,Trajectory
168.4,A1001,A0100,AIM-120C-7,ACTIVE,35706.769306339374,10772.498765320597,6492.706028554632,294.88452731194906,B0100,5.511864159480858,Trajectory
168.4,A1002,A0100,AIM-120C-7,ACTIVE,36161.09283959653,10800.416623952331,6566.201856781551,304.8686166342506,B0100,5.072720373434455,Trajectory
168.60000000000002,A1001,A0100,AIM-120C-7,ACTIVE,35763.78913390597,10787.429407993492,6492.449345580662,294.5148262191577,B0100,5.491493039954799,Trajectory
168.60000000000002,A1002,A0100,AIM-120C-7,ACTIVE,36220.02573053969,10815.918050249262,6565.734567254363,304.49546641938724,B0100,5.05030575642825,Trajectory
168.8,A1001,A0100,AIM-120C-7,ACTIVE,35820.7792858437,10802.181597870218,6492.166032457869,294.14485513274553,B0100,5.47122332412951,Trajectory
168.8,A1002,A0100,AIM-120C-7,ACTIVE,36278.92541755196,10831.250088634935,6565.241986733852,304.12003056828786,B0100,5.028001620526721,Trajectory
169.0,A1001,A0100,AIM-120C-7,ACTIVE,35877.73851558286,10816.760233188128,6491.845806521371,293.78787423879703,B0100,5.451098851308706,Trajectory
169.0,A1002,A0100,AIM-120C-7,ACTIVE,36337.79002810208,10846.422836024154,6564.717260211766,303.76084299040076,B0100,5.005842619440658,Trajectory
169.20000000000002,A1001,A0100,AIM-120C-7,ACTIVE,35934.665464654594,10831.178734392179,6491.51997147983,293.43838380772786,B0100,5.431031205208908,Trajectory
169.20000000000002,A1002,A0100,AIM-120C-7,ACTIVE,36396.617063138,10861.459122348251,6564.184174426087,303.4152791172776,B0100,4.98373218484633,Trajectory
169.4,A1001,A0100,AIM-120C-7,ACTIVE,35991.55791963567,10845.45020555719,6491.233644122219,293.090696035383,B0100,5.411035087618769,Trajectory
169.4,A1002,A0100,AIM-120C-7,ACTIVE,36455.40500786576,10876.369878619938,6563.686782090269,303.06648000249425,B0100,4.961687837907082,Trajectory
169.60000000000002,A1001,A0100,AIM-120C-7,ACTIVE,36048.41468135198,10859.578956114809,6490.993261148963,292.74707705520353,B0100,5.391143568847048,Trajectory
169.60000000000002,A1002,A0100,AIM-120C-7,ACTIVE,36514.15219044032,10891.158114660066,6563.246103207703,302.7178340490197,B0100,4.939747044324178,Trajectory
169.8,A1001,A0100,AIM-120C-7,ACTIVE,36105.232086339725,10873.582421455503,6490.816260105779,292.4038112303089,B0100,5.371333069142376,Trajectory
169.8,A1002,A0100,AIM-120C-7,ACTIVE,36572.85570351597,10905.834175458553,6562.880209326212,302.36747073727287,B0100,4.917887849654769,Trajectory
170.0,A1001,A0100,AIM-120C-7,ACTIVE,36162.007816652265,10887.466177252625,6490.717959956566,292.0572069702028,B0100,5.351556779545065,Trajectory
170.0,A1002,A0100,AIM-120C-7,ACTIVE,36631.51305800477,10920.407640132578,6562.593059309323,302.0197948582257,B0100,4.89606295703132,Trajectory
170.20000000000002,A1001,A0100,AIM-120C-7,ACTIVE,36218.73978758727,10901.242827037511,6490.686821900783,291.7257698871272,B0100,5.331857368076756,Trajectory
170.20000000000002,A1002,A0100,AIM-120C-7,ACTIVE,36690.123689328946,10934.884229302636,6562.369932258684,301.6779484120297,B0100,4.874322792898796,Trajectory
170.4,A1001,A0100,AIM-120C-7,ACTIVE,36275.429445271024,10914.915429317964,6490.678749114702,291.40156201245867,B0100,5.31223952840015,Trajectory
170.4,A1002,A0100,AIM-120C-7,ACTIVE,36748.690105266985,10949.25831174583,6562.162791148286,301.344765940852,B0100,4.852676477164544,Trajectory
170.60000000000002,A1001,A0100,AIM-120C-7,ACTIVE,36332.07701884938,10928.486693151528,6490.6549024252445,291.07541429897583,B0100,5.29269036883156,Trajectory
170.60000000000002,A1002,A0100,AIM-120C-7,ACTIVE,36807.21098364244,10963.540045486261,6561.933377692814,301.0161402626402,B0100,4.8311036700917525,Trajectory
170.8,A1001,A0100,AIM-120C-7,ACTIVE,36388.68199932442,10941.958798460091,6490.6100320828355,290.76078213716846,B0100,5.273284375793025,Trajectory
170.8,A1002,A0100,AIM-120C-7,ACTIVE,36865.68597037898,10977.730084948964,6561.668088657251,300.68728020713615,B0100,4.809677713398136,Trajectory
171.0,A1001,A0100,AIM-120C-7,ACTIVE,36445.24290640742,10955.346513303159,6490.5455896926815,290.4499798230669,B0100,5.254013541838438,Trajectory
171.0,A1002,A0100,AIM-120C-7,ACTIVE,36924.113386687604,10991.845203602941,6561.381416832862,300.37909871839946,B0100,4.788386059960375,Trajectory
171.20000000000002,A1001,A0100,AIM-120C-7,ACTIVE,36501.75941936765,10968.652479174474,6490.497958136289,290.1401964474635,B0100,5.234789426050787,Trajectory
171.20000000000002,A1002,A0100,AIM-120C-7,ACTIVE,36982.49185851322,11005.901348651385,6561.110871283435,300.06612228981385,B0100,4.767132688017264,Trajectory
171.4,A1001,A0100,AIM-120C-7,ACTIVE,36558.23036178464,10981.876925185887,6490.496121471576,289.8221198543553,B0100,5.21563262426094,Trajectory
171.4,A1002,A0100,AIM-120C-7,ACTIVE,37040.820973270325,11019.88906627619,6560.889332776248,299.74146738168525,B0100,4.745944404166192,Trajectory
171.60000000000002,A1001,A0100,AIM-120C-7,ACTIVE,36614.65453767448,10995.018319848083,6490.552644965214,289.4955706245366,B0100,5.196601210102572,Trajectory
171.60000000000002,A1002,A0100,AIM-120C-7,ACTIVE,37099.09717170383,11033.82325375387,6560.725984766402,299.420214152578,B0100,4.72487988231094,Trajectory
171.8,A1001,A0100,AIM-120C-7,ACTIVE,36671.02985233824,11008.086988802694,6490.666100976316,289.1847044265197,B0100,5.177666405003713,Trajectory
171.8,A1002,A0100,AIM-120C-7,ACTIVE,37157.31794409422,11047.711876525107,6560.628673002157,299.10309826041487,B0100,4.703911653133497,Trajectory
172.0,A1001,A0100,AIM-120C-7,ACTIVE,36727.356008864495,11021.09562978835,6490.8132756965215,288.8828644179451,B0100,5.158875030236272,Trajectory
172.0,A1002,A0100,AIM-120C-7,ACTIVE,37215.48603322443,11061.554326093164,6560.56193649764,298.796593036763,B0100,4.683093864403966,Trajectory
172.20000000000002,A1001,A0100,AIM-120C-7,ACTIVE,36783.633607322176,11034.04440263753,6490.938702299284,288.57338286647325,B0100,5.1401902587481105,Trajectory
172.20000000000002,A1002,A0100,AIM-120C-7,ACTIVE,37273.602961813995,11075.344347397933,6560.471307117863,298.48320424515555,B0100,4.662392275113117,Trajectory
172.4,A1001,A0100,AIM-120C-7,ACTIVE,36839.861748183626,11046.930671542534,6491.009433001734,288.26052712684174,B0100,5.121511976854711,Trajectory
172.4,A1002,A0100,AIM-120C-7,ACTIVE,37331.666613347166,11089.081972620204,6560.322385159822,298.15877344404294,B0100,4.6417030729582915,Trajectory
172.60000000000002,A1001,A0100,AIM-120C-7,ACTIVE,36896.03817949352,11059.761965114138,6491.009506742884,287.9447077864873,B0100,5.102866556789264,Trajectory
172.60000000000002,A1002,A0100,AIM-120C-7,ACTIVE,37389.673395328326,11102.776730063322,6560.095726927603,297.831433801738,B0100,4.621050219409305,Trajectory
172.8,A1001,A0100,AIM-120C-7,ACTIVE,36952.16139583765,11072.542759080849,6490.927067919109,287.6332645779845,B0100,5.084343145150945,Trajectory
172.8,A1002,A0100,AIM-120C-7,ACTIVE,37447.620789609784,11116.43676333031,6559.780561822344,297.512832914954,B0100,4.600520134203755,Trajectory
173.0,A1001,A0100,AIM-120C-7,ACTIVE,37008.23434011009,11085.269543903725,6490.78414551779,287.3383575867185,B0100,5.0659207048062305,Trajectory
173.0,A1002,A0100,AIM-120C-7,ACTIVE,37505.51334072393,11130.057196640704,6559.404369575772,297.2136064906074,B0100,4.580085037945248,Trajectory
173.20000000000002,A1001,A0100,AIM-120C-7,ACTIVE,37064.260104961104,11097.947367806757,6490.625577940451,287.06111331039756,B0100,5.0475201515965376,Trajectory
173.20000000000002,A1002,A0100,AIM-120C-7,ACTIVE,37563.35454631592,11143.643328733135,6559.020748050504,296.9247874065155,B0100,4.559662395790045,Trajectory
173.4,A1001,A0100,AIM-120C-7,ACTIVE,37120.23750009381,11110.57848986464,6490.501423240204,286.7620532145548,B0100,5.029134057666843,Trajectory
173.4,A1002,A0100,AIM-120C-7,ACTIVE,37621.14096115517,11157.20277722619,6558.690940143156,296.6157318096447,B0100,4.5392483485236115,Trajectory
173.60000000000002,A1001,A0100,AIM-120C-7,ACTIVE,37176.160585434285,11123.174935157314,6490.452072567462,286.4536209357085,B0100,5.010803547293655,Trajectory
173.60000000000002,A1002,A0100,AIM-120C-7,ACTIVE,37678.86973789373,11170.736069925566,6558.435550368323,296.29905505253737,B0100,4.518888176378651,Trajectory
173.8,A1001,A0100,AIM-120C-7,ACTIVE,37232.02680644513,11135.738866123538,6490.491120467906,286.13821889791313,B0100,4.992505552963019,Trajectory
173.8,A1002,A0100,AIM-120C-7,ACTIVE,37736.538541361915,11184.243155759406,6558.269732997124,295.9696605004698,B0100,4.498560183034274,Trajectory
174.0,A1001,A0100,AIM-120C-7,ACTIVE,37287.837501731294,11148.268161622762,6490.6013012298035,285.84281226424264,B0100,4.974302205246885,Trajectory
174.0,A1002,A0100,AIM-120C-7,ACTIVE,37794.14688456766,11197.724608020213,6558.188668021585,295.65560954305215,B0100,4.478334908945067,Trajectory
174.20000000000002,A1001,A0100,AIM-120C-7,ACTIVE,37343.59488057229,11160.772718513577,6490.736462478752,285.55966443708655,B0100,4.956198655216167,Trajectory
174.20000000000002,A1002,A0100,AIM-120C-7,ACTIVE,37851.6993069095,11211.179353905962,6558.140643097552,295.3621535073701,B0100,4.458223812227349,Trajectory
174.4,A1001,A0100,AIM-120C-7,ACTIVE,37399.300978794716,11173.247191350776,6490.850396105349,285.2697011094784,B0100,4.938140080574733,Trajectory
174.4,A1002,A0100,AIM-120C-7,ACTIVE,37909.197804705225,11224.603774609779,6558.062280596534,295.0564518506525,B0100,4.438168953869987,Trajectory
174.60000000000002,A1001,A0100,AIM-120C-7,ACTIVE,37454.95356098563,11185.694479185253,6490.9197647011915,284.980601335062,B0100,4.9201093822835285,Trajectory
174.60000000000002,A1002,A0100,AIM-120C-7,ACTIVE,37966.636964625606,11238.010026741142,6557.921227600491,294.74959747954705,B0100,4.418146383606894,Trajectory
174.8,A1001,A0100,AIM-120C-7,ACTIVE,37510.55123398994,11198.123204755177,6490.944084242965,284.69734621711245,B0100,4.902148512799066,Trajectory
174.8,A1002,A0100,AIM-120C-7,ACTIVE,38024.01636890013,11251.405154951763,6557.72332021291,294.453269086433,B0100,4.398193566822648,Trajectory
175.0,A1001,A0100,AIM-120C-7,ACTIVE,37566.09651735156,11210.529027725597,6490.936726976666,284.4188638887828,B0100,4.884305889534556,Trajectory
175.0,A1002,A0100,AIM-120C-7,ACTIVE,38081.340177761405,11264.780103199028,6557.483853906543,294.1652635098345,B0100,4.378358971350097,Trajectory
175.20000000000002,A1001,A0100,AIM-120C-7,ACTIVE,37621.591942599945,11222.905837959048,6490.914275708232,284.1488242470629,B0100,4.866537048367568,Trajectory
175.20000000000002,A1002,A0100,AIM-120C-7,ACTIVE,38138.611424489914,11278.130387911931,6557.227881321984,293.885415482909,B0100,4.3585948072062255,Trajectory
175.4,A1001,A0100,AIM-120C-7,ACTIVE,37677.035385165764,11235.264255916343,6490.9140748161835,283.8658266829904,B0100,4.8487716475174,Trajectory
175.4,A1002,A0100,AIM-120C-7,ACTIVE,38195.82635912891,11291.471747427782,6556.996715788777,293.58719213768944,B0100,4.338829491579031,Trajectory
175.60000000000002,A1001,A0100,AIM-120C-7,ACTIVE,37732.42172757445,11247.60814597641,6490.980454323694,283.5618657036851,B0100,4.831001759085901,Trajectory
175.60000000000002,A1002,A0100,AIM-120C-7,ACTIVE,38252.978015570334,11304.810592875216,6556.84630702475,293.2641071974939,B0100,4.319056434897636,Trajectory
175.8,A1001,A0100,AIM-120C-7,ACTIVE,37787.747147413436,11259.946368937244,6491.121510425646,283.26231938249066,B0100,4.813314683267645,Trajectory
175.8,A1002,A0100,AIM-120C-7,ACTIVE,38310.066554494966,11318.138131031094,6556.783832310465,292.94829713624085,B0100,4.299372358265192,Trajectory
176.0,A1001,A0100,AIM-120C-7,ACTIVE,37843.01706451109,11272.266046306544,6491.308949880068,282.9853563543051,B0100,4.795744349105503,Trajectory
176.0,A1002,A0100,AIM-120C-7,ACTIVE,38367.09364575973,11331.462248227608,6556.772393882893,292.6605801111727,B0100,4.279813704704227,Trajectory
176.20000000000002,A1001,A0100,AIM-120C-7,ACTIVE,37898.23299117788,11284.576602973137,6491.498261114717,282.7099786391598,B0100,4.77820802203026,Trajectory
176.20000000000002,A1002,A0100,AIM-120C-7,ACTIVE,38424.06465608114,11344.776503607944,6556.762361150026,292.37465338301774,B0100,4.260296609667278,Trajectory
176.4,A1001,A0100,AIM-120C-7,ACTIVE,37953.393978822176,11296.876504994209,6491.661913769071,282.4254021185238,B0100,4.760744869247277,Trajectory
176.4,A1002,A0100,AIM-120C-7,ACTIVE,38480.97874351216,11358.0794898666,6556.719167413082,292.07923669383075,B0100,4.2408594583912995,Trajectory
176.60000000000002,A1001,A0100,AIM-120C-7,ACTIVE,38008.49992351116,11309.164441996025,6491.786946805081,282.14859583685245,B0100,4.743356766499608,Trajectory
176.60000000000002,A1002,A0100,AIM-120C-7,ACTIVE,38537.835266828675,11371.372336250408,6556.638799837788,291.79634226572944,B0100,4.2214974897324185,Trajectory
176.8,A1001,A0100,AIM-120C-7,ACTIVE,38063.55421836089,11321.429544001552,6491.883414666574,281.8716428627313,B0100,4.726085414038942,Trajectory
176.8,A1002,A0100,AIM-120C-7,ACTIVE,38594.63647339137,11384.654469995168,6556.538764659916,291.5171918382529,B0100,4.202249664971251,Trajectory
177.0,A1001,A0100,AIM-120C-7,ACTIVE,38118.55656742705,11333.677748646749,6491.965120592549,281.6043806952953,B0100,4.708902264081059,Trajectory
177.0,A1002,A0100,AIM-120C-7,ACTIVE,38651.382064887635,11397.929800585294,6556.430003611131,291.2374285883933,B0100,4.183087116300463,Trajectory
177.20000000000002,A1001,A0100,AIM-120C-7,ACTIVE,38173.50702966066,11345.914019211816,6492.059386346208,281.33079810318003,B0100,4.691756969876087,Trajectory
177.20000000000002,A1002,A0100,AIM-120C-7,ACTIVE,38708.07053319227,11411.202211239997,6556.343124637834,290.95264076501394,B0100,4.163961287532326,Trajectory
177.4,A1001,A0100,AIM-120C-7,ACTIVE,38228.39878590322,11358.152950519034,6492.200174356402,281.0440571806575,B0100,4.6746270808028,Trajectory
177.4,A1002,A0100,AIM-120C-7,ACTIVE,38764.70135821679,11424.465381893873,6556.304234235424,290.65482133430356,B0100,4.144851124144128,Trajectory
177.60000000000002,A1001,A0100,AIM-120C-7,ACTIVE,38283.23313313184,11370.38772014402,6492.385466244043,280.7654824058885,B0100,4.6575761046942965,Trajectory
177.60000000000002,A1002,A0100,AIM-120C-7,ACTIVE,38821.27372225558,11437.721523657918,6556.305664121975,290.3708429350734,B0100,4.125826179926068,Trajectory
177.8,A1001,A0100,AIM-120C-7,ACTIVE,38338.01338418645,11382.611257860455,6492.567555157678,280.4871117353293,B0100,4.640617173107913,Trajectory
177.8,A1002,A0100,AIM-120C-7,ACTIVE,38877.78936617577,11450.971756649702,6556.302557536692,290.0846844942872,B0100,4.106902962901054,Trajectory
178.0,A1001,A0100,AIM-120C-7,ACTIVE,38392.73679528942,11394.829920815357,6492.703756252168,280.19877563549517,B0100,4.623651580284494,Trajectory
178.0,A1002,A0100,AIM-120C-7,ACTIVE,38934.24628452487,11464.216446990487,6556.253793674772,289.7865560934907,B0100,4.087979835892015,Trajectory
178.20000000000002,A1001,A0100,AIM-120C-7,ACTIVE,38447.40274147528,11407.044650232632,6492.787760114215,279.91401010071,B0100,4.606704521147941,Trajectory
178.20000000000002,A1002,A0100,AIM-120C-7,ACTIVE,38990.64197782225,11477.455234435607,6556.131005997516,289.477183988799,B0100,4.0690813952485065,Trajectory
178.4,A1001,A0100,AIM-120C-7,ACTIVE,38502.01073284515,11419.251764084613,6492.803380929194,279.6253029451192,B0100,4.589867061529594,Trajectory
178.4,A1002,A0100,AIM-120C-7,ACTIVE,39046.97502085368,11490.691067665879,6555.927425367527,289.1729301915177,B0100,4.050295006883455,Trajectory
178.60000000000002,A1001,A0100,AIM-120C-7,ACTIVE,38556.56253075077,11431.453914423477,6492.767726537161,279.35275645286737,B0100,4.5731152577888805,Trajectory
178.60000000000002,A1002,A0100,AIM-120C-7,ACTIVE,39103.24949376805,11503.917101152432,6555.661954588607,288.8924499294773,B0100,4.031592151396583,Trajectory
178.8,A1001,A0100,AIM-120C-7,ACTIVE,38611.06184931879,11443.646144785416,6492.712442726047,279.0908738550991,B0100,4.55638637155939,Trajectory
178.8,A1002,A0100,AIM-120C-7,ACTIVE,39159.47014889132,11517.133447989887,6555.383793382766,288.62293470174166,B0100,4.012904335188143,Trajectory
179.0,A1001,A0100,AIM-120C-7,ACTIVE,38665.50816589973,11455.830343285515,6492.692499810358,278.8133408985503,B0100,4.539668379331201,Trajectory
179.0,A1002,A0100,AIM-120C-7,ACTIVE,39215.63426446413,11530.34743669812,6555.150722759302,288.3280715711131,B0100,3.994223136237678,Trajectory
179.20000000000002,A1001,A0100,AIM-120C-7,ACTIVE,38719.896960438884,11468.01134931868,6492.738211623652,278.51977616764776,B0100,4.5229964714983995,Trajectory
179.20000000000002,A1002,A0100,AIM-120C-7,ACTIVE,39271.73623722892,11543.560351680004,6555.00531489283,288.017218178949,B0100,3.9755887092180973,Trajectory
179.4,A1001,A0100,AIM-120C-7,ACTIVE,38774.22355779917,11480.19377887357,6492.875036172943,278.2156046744228,B0100,4.5063465768542335,Trajectory
179.4,A1002,A0100,AIM-120C-7,ACTIVE,39327.77405337904,11556.77260120601,6554.956372025396,287.69861934905595,B0100,3.9569767239096096,Trajectory
179.60000000000002,A1001,A0100,AIM-120C-7,ACTIVE,38828.48966334325,11492.372958481206,6493.088044321315,277.9295016501399,B0100,4.489790037263822,Trajectory
179.60000000000002,A1002,A0100,AIM-120C-7,ACTIVE,39383.748187066936,11569.981323286702,6554.993715168009,287.39928327772986,B0100,3.9384671408908156,Trajectory
179.8,A1001,A0100,AIM-120C-7,ACTIVE,38882.69944719849,11504.551369594956,6493.319393376113,277.65972495061936,B0100,4.4733457033019075,Trajectory
179.8,A1002,A0100,AIM-120C-7,ACTIVE,39439.66198051249,11583.195061237315,6555.052352906687,287.1194845966693,B0100,3.920082734285258,Trajectory
180.0,A1001,A0100,AIM-120C-7,ACTIVE,38936.854474101376,11516.723055047663,6493.509983640725,277.37759971356024,B0100,4.456946281690205,Trajectory
180.0,A1002,A0100,AIM-120C-7,ACTIVE,39495.51773111941,11596.405850888365,6555.070771996885,286.8211042043237,B0100,3.9017533996947855,Trajectory
180.20000000000002,A1001,A0100,AIM-120C-7,ACTIVE,38990.953512188375,11528.883735261285,6493.635196436807,277.0911947961658,B0100,4.440569710746627,Trajectory
180.20000000000002,A1002,A0100,AIM-120C-7,ACTIVE,39551.312587871245,11609.612183648958,6555.01509897115,286.5202738557004,B0100,3.8834505415420333,Trajectory
180.4,A1001,A0100,AIM-120C-7,ACTIVE,39044.995094244776,11541.043857155708,6493.704334220795,276.8187620402677,B0100,4.424253837925935,Trajectory
180.4,A1002,A0100,AIM-120C-7,ACTIVE,39607.04637567767,11622.818351154983,6554.891544944992,286.2273617566116,B0100,3.8652087295770277,Trajectory
180.60000000000002,A1001,A0100,AIM-120C-7,ACTIVE,39098.98204832986,11553.20183003553,6493.736962856113,276.5522610017334,B0100,4.40804588499333,Trajectory
180.60000000000002,A1002,A0100,AIM-120C-7,ACTIVE,39662.719505416266,11636.02927909279,6554.713274421965,285.9477780733841,B0100,3.8470754098226747,Trajectory
180.8,A1001,A0100,AIM-120C-7,ACTIVE,39152.91730800269,11565.352490171614,6493.747714397916,276.2967696023234,B0100,4.391905069543095,Trajectory
180.8,A1002,A0100,AIM-120C-7,ACTIVE,39718.33920301802,11649.232513619658,6554.515800177845,285.68518277229515,B0100,3.8290055015239592,Trajectory
181.0,A1001,A0100,AIM-120C-7,ACTIVE,39206.79968214354,11577.503231961724,6493.776082124886,276.03367770966577,B0100,4.375759522067451,Trajectory
181.0,A1002,A0100,AIM-120C-7,ACTIVE,39773.90319853293,11662.437639773478,6554.341811708972,285.4067524414893,B0100,3.8109262904527346,Trajectory
181.20000000000002,A1001,A0100,AIM-120C-7,ACTIVE,39260.62454905817,11589.658281842974,6493.861072256579,275.74486982068794,B0100,4.359601607960208,Trajectory
181.20000000000002,A1002,A0100,AIM-120C-7,ACTIVE,39829.40697826524,11675.643176003547,6554.2428203135805,285.09819320874936,B0100,3.7928323810927913,Trajectory
181.4,A1001,A0100,AIM-120C-7,ACTIVE,39314.391089786615,11601.808389371856,6494.022375183194,275.4583266144842,B0100,4.343524085815631,Trajectory
181.4,A1002,A0100,AIM-120C-7,ACTIVE,39884.850967811704,11688.836449343364,6554.23075557337,284.80023180742967,B0100,3.7748249283540027,Trajectory
181.60000000000002,A1001,A0100,AIM-120C-7,MISS,39314.391089786615,11601.808389371856,6494.022375183194,275.4583266144842,B0100,4.38238525884265,Trajectory
181.60000000000002,A1002,A0100,AIM-120C-7,ACTIVE,39940.23752125104,11702.023744248916,6554.262695380112,284.52749433224096,B0100,3.7569457946259814,Trajectory
181.60000000000002,A1001,A0100,AIM-120C-7,DESTROYED,39314.391089786615,11601.808389371856,6494.022375183194,0.0,B0100,0.0,Trajectory
181.8,A1002,A0100,AIM-120C-7,ACTIVE,39995.56769009528,11715.211310725384,6554.281791640089,284.2460622222033,B0100,3.739112824664514,Trajectory
182.0,A1002,A0100,AIM-120C-7,ACTIVE,40050.840015520946,11728.38772306453,6554.228410864292,283.93488134493197,B0100,3.721340632082569,Trajectory
182.20000000000002,A1002,A0100,AIM-120C-7,ACTIVE,40106.047237183266,11741.559377099069,6554.048652085472,283.6074116937956,B0100,3.703665757297132,Trajectory
182.4,A1002,A0100,AIM-120C-7,ACTIVE,40161.19040775868,11754.718980947606,6553.735518166394,283.30093069743594,B0100,3.6860589266736214,Trajectory
182.60000000000002,A1002,A0100,AIM-120C-7,ACTIVE,40216.275518908566,11767.875554509194,6553.360408295003,283.0406019183704,B0100,3.668425211151455,Trajectory
182.8,A1002,A0100,AIM-120C-7,ACTIVE,40271.308766130845,11781.027190595052,6553.007023752278,282.77475943835424,B0100,3.6507557809550613,Trajectory
183.0,A1002,A0100,AIM-120C-7,ACTIVE,40326.289437445215,11794.164161164934,6552.715343943536,282.49282980304264,B0100,3.6331001154479377,Trajectory
183.20000000000002,A1002,A0100,AIM-120C-7,ACTIVE,40381.215683586015,11807.286329725084,6552.496213514136,282.2074661847866,B0100,3.615508901595018,Trajectory
183.4,A1002,A0100,AIM-120C-7,MISS,40381.215683586015,11807.286329725084,6552.496213514136,282.2074661847866,B0100,3.6540369496655645,Trajectory
183.4,A1002,A0100,AIM-120C-7,DESTROYED,40381.215683586015,11807.286329725084,6552.496213514136,0.0,B0100,0.0,Trajectory
238.0,A2001,A0200,AIM-120C-7,ACTIVE,9438.84733050917,5597.215406202513,5899.9968241284605,416.70100686924275,B0100,44.834213488798255,Trajectory
238.20000000000002,A2001,A0200,AIM-120C-7,ACTIVE,9523.636089598116,5593.600635243905,5898.984148650457,433.42119515045454,B0100,44.71325038552809,Trajectory
238.4,A2001,A0200,AIM-120C-7,ACTIVE,9611.789965172378,5590.30747469323,5897.972135422004,450.1991241983448,B0100,44.58851553124376,Trajectory
238.60000000000002,A2001,A0200,AIM-120C-7,ACTIVE,9703.318510276193,5587.346822041992,5896.961572978948,467.03395324068634,B0100,44.46034697484516,Trajectory
238.60000000000002,A2002,A0200,AIM-120C-7,ACTIVE,9703.318510276193,5587.346822041992,5896.961572978948,467.03395324068634,B0100,44.46034697484516,Trajectory
238.8,A2001,A0200,AIM-120C-7,ACTIVE,9798.231180469777,5584.729235405632,5895.953250634893,483.92478809068183,B0100,44.32890930944459,Trajectory
238.8,A2002,A0200,AIM-120C-7,ACTIVE,9798.231180469777,5584.729235405632,5895.953250634893,483.92478809068183,B0100,44.32890930944459,Trajectory
239.0,A2001,A0200,AIM-120C-7,ACTIVE,9896.53731664884,5582.464977726052,5894.947946234911,500.8706853236259,B0100,44.194454024515025,Trajectory
239.0,A2002,A0200,AIM-120C-7,ACTIVE,9896.53731664884,5582.464977726052,5894.947946234911,500.8706853236259,B0100,44.194454024515025,Trajectory
239.20000000000002,A2001,A0200,AIM-120C-7,ACTIVE,9998.246128331686,5580.564057539417,5893.946422799091,517.8706450265856,B0100,44.057423589461585,Trajectory
239.20000000000002,A2002,A0200,AIM-120C-7,ACTIVE,9998.246128331686,5580.564057539417,5893.946422799091,517.8706450265856,B0100,44.057423589461585,Trajectory
239.4,A2001,A0200,AIM-120C-7,ACTIVE,10103.366676032501,5579.036273069554,5892.94942407028,534.9236086521545,B0100,43.91804968893902,Trajectory
239.4,A2002,A0200,AIM-120C-7,ACTIVE,10103.366676032501,5579.036273069554,5892.94942407028,534.9236086521545,B0100,43.91804968893902,Trajectory
239.60000000000002,A2001,A0200,AIM-120C-7,ACTIVE,10211.907854981502,5577.891244238362,5891.95765911509,552.028473007702,B0100,43.776174135202126,Trajectory
239.60000000000002,A2002,A0200,AIM-120C-7,ACTIVE,10211.907854981502,5577.891244238362,5891.95765911509,552.028473007702,B0100,43.776174135202126,Trajectory
239.8,A2001,A0200,AIM-120C-7,ACTIVE,10323.87838160662,5577.13842910738,5890.971791844865,569.1840956975249,B0100,43.63176467271817,Trajectory
239.8,A2002,A0200,AIM-120C-7,ACTIVE,10323.87838160662,5577.13842910738,5890.971791844865,569.1840956975249,B0100,43.63176467271817,Trajectory
240.0,A2001,A0200,AIM-120C-7,ACTIVE,10439.286780435703,5576.78714000706,5889.992437838773,586.3892882554285,B0100,43.485153296429104,Trajectory
240.0,A2002,A0200,AIM-120C-7,ACTIVE,10439.286780435703,5576.78714000706,5889.992437838773,586.3892882554285,B0100,43.485153296429104,Trajectory
240.20000000000002,A2001,A0200,AIM-120C-7,ACTIVE,10558.141370109463,5576.846564153025,5889.020161730033,603.6428119426428,B0100,43.33663503781702,Trajectory
240.20000000000002,A2002,A0200,AIM-120C-7,ACTIVE,10558.141370109463,5576.846564153025,5889.020161730033,603.6428119426428,B0100,43.33663503781702,Trajectory
240.4,A2001,A0200,AIM-120C-7,ACTIVE,10680.450249563677,5577.325781860703,5888.055479306618,620.9433793774123,B0100,43.18638584346872,Trajectory
240.4,A2002,A0200,AIM-120C-7,ACTIVE,10680.450249563677,5577.325781860703,5888.055479306618,620.9433793774123,B0100,43.18638584346872,Trajectory
240.60000000000002,A2001,A0200,AIM-120C-7,ACTIVE,10806.221284887504,5578.233780540349,5887.098864277876,638.2896560065677,B0100,43.034501844858994,Trajectory
240.60000000000002,A2002,A0200,AIM-120C-7,ACTIVE,10806.221284887504,5578.233780540349,5887.098864277876,638.2896560065677,B0100,43.034501844858994,Trajectory
240.8,A2001,A0200,AIM-120C-7,ACTIVE,10935.462096734485,5579.579465621011,5886.15075732798,655.6802610211705,B0100,42.8810242518449,Trajectory
240.8,A2002,A0200,AIM-120C-7,ACTIVE,10935.462096734485,5579.579465621011,5886.15075732798,655.6802610211705,B0100,42.8810242518449,Trajectory
241.0,A2001,A0200,AIM-120C-7,ACTIVE,11068.180048190583,5581.371669151146,5885.211576134105,673.1137682877027,B0100,42.725877705821894,Trajectory
241.0,A2002,A0200,AIM-120C-7,ACTIVE,11068.180048190583,5581.371669151146,5885.211576134105,673.1137682877027,B0100,42.725877705821894,Trajectory
241.20000000000002,A2001,A0200,AIM-120C-7,ACTIVE,11204.382233333656,5583.61915535819,5884.281724930002,690.5887098901128,B0100,42.568781469458195,Trajectory
241.20000000000002,A2002,A0200,AIM-120C-7,ACTIVE,11204.382233333656,5583.61915535819,5884.281724930002,690.5887098901128,B0100,42.568781469458195,Trajectory
241.4,A2001,A0200,AIM-120C-7,ACTIVE,11344.075466434779,5586.330624187549,5883.361605053174,708.1035728631829,B0100,42.410038149680595,Trajectory
241.4,A2002,A0200,AIM-120C-7,ACTIVE,11344.075466434779,5586.330624187549,5883.361605053174,708.1035728631829,B0100,42.410038149680595,Trajectory
241.60000000000002,A2001,A0200,AIM-120C-7,ACTIVE,11487.266269966754,5589.514719122321,5882.451628422303,725.6567925494193,B0100,42.25021706356074,Trajectory
241.60000000000002,A2002,A0200,AIM-120C-7,ACTIVE,11487.266269966754,5589.514719122321,5882.451628422303,725.6567925494193,B0100,42.25021706356074,Trajectory
241.8,A2001,A0200,AIM-120C-7,ACTIVE,11633.960862226108,5593.180035671654,5881.552222749211,743.246755139801,B0100,42.08973357058203,Trajectory
241.8,A2002,A0200,AIM-120C-7,ACTIVE,11633.960862226108,5593.180035671654,5881.552222749211,743.246755139801,B0100,42.08973357058203,Trajectory
242.0,A2001,A0200,AIM-120C-7,ACTIVE,11784.165146268653,5597.335125597799,5880.663820016025,760.8718076677643,B0100,41.92822051908462,Trajectory
242.0,A2002,A0200,AIM-120C-7,ACTIVE,11784.165146268653,5597.335125597799,5880.663820016025,760.8718076677643,B0100,41.92822051908462,Trajectory
242.20000000000002,A2001,A0200,AIM-120C-7,ACTIVE,11937.884701465791,5601.988493228574,5879.786843948812,778.5302669058576,B0100,41.765308912777414,Trajectory
242.20000000000002,A2002,A0200,AIM-120C-7,ACTIVE,11937.884701465791,5601.988493228574,5879.786843948812,778.5302669058576,B0100,41.765308912777414,Trajectory
242.4,A2001,A0200,AIM-120C-7,ACTIVE,12095.124775638476,5607.148591000884,5878.921710440694,796.2204118343025,B0100,41.6010680999503,Trajectory
242.4,A2002,A0200,AIM-120C-7,ACTIVE,12095.124775638476,5607.148591000884,5878.921710440694,796.2204118343025,B0100,41.6010680999503,Trajectory
242.60000000000002,A2001,A0200,AIM-120C-7,ACTIVE,12255.890275662305,5612.82381965018,5878.068835237929,813.9404789698516,B0100,41.43591694255453,Trajectory
242.60000000000002,A2002,A0200,AIM-120C-7,ACTIVE,12255.890275662305,5612.82381965018,5878.068835237929,813.9404789698516,B0100,41.43591694255453,Trajectory
242.8,A2001,A0200,AIM-120C-7,ACTIVE,12420.185758093347,5619.022528224532,5877.228638881156,831.6886656751504,B0100,41.27012562367613,Trajectory
242.8,A2002,A0200,AIM-120C-7,ACTIVE,12420.185758093347,5619.022528224532,5877.228638881156,831.6886656751504,B0100,41.27012562367613,Trajectory
243.0,A2001,A0200,AIM-120C-7,ACTIVE,12588.01542065344,5625.75301264562,5876.401539343318,849.463132368051,B0100,41.10324701669841,Trajectory
243.0,A2002,A0200,AIM-120C-7,ACTIVE,12588.01542065344,5625.75301264562,5876.401539343318,849.463132368051,B0100,41.10324701669841,Trajectory
243.20000000000002,A2001,A0200,AIM-120C-7,ACTIVE,12759.383093530243,5633.023515422648,5875.587944354191,867.2619980039565,B0100,40.934891188785116,Trajectory
243.20000000000002,A2002,A0200,AIM-120C-7,ACTIVE,12759.383093530243,5633.023515422648,5875.587944354191,867.2619980039565,B0100,40.934891188785116,Trajectory
243.4,A2001,A0200,AIM-120C-7,ACTIVE,12934.292230057192,5640.842226378608,5874.7882539799675,885.0833393140261,B0100,40.765104944065875,Trajectory
243.4,A2002,A0200,AIM-120C-7,ACTIVE,12934.292230057192,5640.842226378608,5874.7882539799675,885.0833393140261,B0100,40.765104944065875,Trajectory
243.60000000000002,A2001,A0200,AIM-120C-7,ACTIVE,13112.745898021127,5649.217281229142,5874.002868641402,902.9251960212572,B0100,40.59426121778641,Trajectory
243.60000000000002,A2002,A0200,AIM-120C-7,ACTIVE,13112.745898021127,5649.217281229142,5874.002868641402,902.9251960212572,B0100,40.59426121778641,Trajectory
243.8,A2001,A0200,AIM-120C-7,ACTIVE,13294.746772554807,5658.156756567858,5873.232194632246,920.7855779402674,B0100,40.42258319015631,Trajectory
243.8,A2002,A0200,AIM-120C-7,ACTIVE,13294.746772554807,5658.156756567858,5873.232194632246,920.7855779402674,B0100,40.42258319015631,Trajectory
244.0,A2001,A0200,AIM-120C-7,ACTIVE,13480.297129611214,5667.668665130523,5872.476638078834,938.6624594145803,B0100,40.24962180171454,Trajectory
244.0,A2002,A0200,AIM-120C-7,ACTIVE,13480.297129611214,5667.668665130523,5872.476638078834,938.6624594145803,B0100,40.24962180171454,Trajectory
244.20000000000002,A2001,A0200,AIM-120C-7,ACTIVE,13669.398836971226,5677.760957404212,5871.736598095035,956.5537674162938,B0100,40.075059524721944,Trajectory
244.20000000000002,A2002,A0200,AIM-120C-7,ACTIVE,13669.398836971226,5677.760957404212,5871.736598095035,956.5537674162938,B0100,40.075059524721944,Trajectory
244.4,A2001,A0200,AIM-120C-7,ACTIVE,13862.053344832299,5688.44152273422,5871.012469467194,974.4573922693855,B0100,39.899201805502805,Trajectory
244.4,A2002,A0200,AIM-120C-7,ACTIVE,13862.053344832299,5688.44152273422,5871.012469467194,974.4573922693855,B0100,39.899201805502805,Trajectory
244.60000000000002,A2001,A0200,AIM-120C-7,ACTIVE,14058.26168021556,5699.718182013418,5870.304646406944,992.3712034103798,B0100,39.72223574212576,Trajectory
244.60000000000002,A2002,A0200,AIM-120C-7,ACTIVE,14058.26168021556,5699.718182013418,5870.304646406944,992.3712034103798,B0100,39.72223574212576,Trajectory
244.8,A2001,A0200,AIM-120C-7,ACTIVE,14258.024442141214,5711.598680890807,5869.613517787171,1010.2930359514661,B0100,39.54374067206101,Trajectory
244.8,A2002,A0200,AIM-120C-7,ACTIVE,14258.024442141214,5711.598680890807,5869.613517787171,1010.2930359514661,B0100,39.54374067206101,Trajectory
245.0,A2001,A0200,AIM-120C-7,ACTIVE,14461.341792086858,5724.09069322989,5868.939462630429,1028.2206711982035,B0100,39.363373913722,Trajectory
245.0,A2002,A0200,AIM-120C-7,ACTIVE,14461.341792086858,5724.09069322989,5868.939462630429,1028.2206711982035,B0100,39.363373913722,Trajectory
245.20000000000002,A2001,A0200,AIM-120C-7,ACTIVE,14668.213443136661,5737.201825478778,5868.28285377885,1046.1518454940458,B0100,39.181135808267065,Trajectory
245.20000000000002,A2002,A0200,AIM-120C-7,ACTIVE,14668.213443136661,5737.201825478778,5868.28285377885,1046.1518454940458,B0100,39.181135808267065,Trajectory
245.4,A2001,A0200,AIM-120C-7,ACTIVE,14878.638652683008,5750.939613331724,5867.644066037229,1064.0842699268383,B0100,38.99727742245066,Trajectory
245.4,A2002,A0200,AIM-120C-7,ACTIVE,14878.638652683008,5750.939613331724,5867.644066037229,1064.0842699268383,B0100,38.99727742245066,Trajectory
245.60000000000002,A2001,A0200,AIM-120C-7,ACTIVE,15092.616219684456,5765.311510440057,5867.023482880915,1082.0156470093423,B0100,38.81198692233105,Trajectory
245.60000000000002,A2002,A0200,AIM-120C-7,ACTIVE,15092.616219684456,5765.311510440057,5867.023482880915,1082.0156470093423,B0100,38.81198692233105,Trajectory
245.8,A2001,A0200,AIM-120C-7,ACTIVE,15310.14448324173,5780.324877137635,5866.421491530097,1099.9436613351893,B0100,38.62508551360901,Trajectory
245.8,A2002,A0200,AIM-120C-7,ACTIVE,15310.14448324173,5780.324877137635,5866.421491530097,1099.9436613351893,B0100,38.62508551360901,Trajectory
246.0,A2001,A0200,AIM-120C-7,ACTIVE,15529.092753843279,5795.884163543115,5865.837098419097,1094.6154689634454,B0100,38.4382182046791,Trajectory
246.0,A2002,A0200,AIM-120C-7,ACTIVE,15529.092753843279,5795.884163543115,5865.837098419097,1094.6154689634454,B0100,38.4382182046791,Trajectory
246.20000000000002,A2001,A0200,AIM-120C-7,ACTIVE,15746.943980058615,5811.864634449741,5865.267575638634,1089.3276850859445,B0100,38.25357664495057,Trajectory
246.20000000000002,A2002,A0200,AIM-120C-7,ACTIVE,15746.943980058615,5811.864634449741,5865.267575638634,1089.3276850859445,B0100,38.25357664495057,Trajectory
246.4,A2001,A0200,AIM-120C-7,ACTIVE,15963.709762200184,5828.2577797264985,5864.711698088576,1084.1029421245419,B0100,38.07117789605827,Trajectory
246.4,A2002,A0200,AIM-120C-7,ACTIVE,15963.709762200184,5828.2577797264985,5864.711698088576,1084.1029421245419,B0100,38.07117789605827,Trajectory
246.60000000000002,A2001,A0200,AIM-120C-7,ACTIVE,16179.40276989523,5845.053617767114,5864.169450007699,1078.9457119410474,B0100,37.89117212186046,Trajectory
246.60000000000002,A2002,A0200,AIM-120C-7,ACTIVE,16179.40276989523,5845.053617767114,5864.169450007699,1078.9457119410474,B0100,37.89117212186046,Trajectory
246.8,A2001,A0200,AIM-120C-7,ACTIVE,16394.036783188367,5862.240161827646,5863.641117347313,1073.8586299994392,B0100,37.713563064389795,Trajectory
246.8,A2002,A0200,AIM-120C-7,ACTIVE,16394.036783188367,5862.240161827646,5863.641117347313,1073.8586299994392,B0100,37.713563064389795,Trajectory
247.0,A2001,A0200,AIM-120C-7,ACTIVE,16607.62533475176,5879.805964091324,5863.126058922613,1068.8360373286343,B0100,37.53802875373432,Trajectory
247.0,A2002,A0200,AIM-120C-7,ACTIVE,16607.62533475176,5879.805964091324,5863.126058922613,1068.8360373286343,B0100,37.53802875373432,Trajectory
247.20000000000002,A2001,A0200,AIM-120C-7,ACTIVE,16820.18060708938,5897.741713036347,5862.623539782835,1063.8733194090564,B0100,37.36435197049773,Trajectory
247.20000000000002,A2002,A0200,AIM-120C-7,ACTIVE,16820.18060708938,5897.741713036347,5862.623539782835,1063.8733194090564,B0100,37.36435197049773,Trajectory
247.4,A2001,A0200,AIM-120C-7,ACTIVE,17031.714734138255,5916.037771671386,5862.133633031579,1058.9743367099422,B0100,37.19260210759505,Trajectory
247.4,A2002,A0200,AIM-120C-7,ACTIVE,17031.714734138255,5916.037771671386,5862.133633031579,1058.9743367099422,B0100,37.19260210759505,Trajectory
247.60000000000002,A2001,A0200,AIM-120C-7,ACTIVE,17242.24104183061,5934.682332339273,5861.656796802306,1054.1425204492944,B0100,37.02277721759957,Trajectory
247.60000000000002,A2002,A0200,AIM-120C-7,ACTIVE,17242.24104183061,5934.682332339273,5861.656796802306,1054.1425204492944,B0100,37.02277721759957,Trajectory
247.8,A2001,A0200,AIM-120C-7,ACTIVE,17451.77277335915,5953.663866199832,5861.192722760603,1049.3725641025976,B0100,36.85464153188497,Trajectory
247.8,A2002,A0200,AIM-120C-7,ACTIVE,17451.77277335915,5953.663866199832,5861.192722760603,1049.3725641025976,B0100,36.85464153188497,Trajectory
248.0,A2001,A0200,AIM-120C-7,ACTIVE,17660.32179943962,5972.973040019227,5860.740958477394,1044.6596847249054,B0100,36.68802673467585,Trajectory
248.0,A2002,A0200,AIM-120C-7,ACTIVE,17660.32179943962,5972.973040019227,5860.740958477394,1044.6596847249054,B0100,36.68802673467585,Trajectory
248.20000000000002,A2001,A0200,AIM-120C-7,ACTIVE,17867.899900608612,5992.6002741562725,5860.301859367668,1040.00757449193,B0100,36.5229381531673,Trajectory
248.20000000000002,A2002,A0200,AIM-120C-7,ACTIVE,17867.899900608612,5992.6002741562725,5860.301859367668,1040.00757449193,B0100,36.5229381531673,Trajectory
248.4,A2001,A0200,AIM-120C-7,ACTIVE,18074.520079207225,6012.533746658116,5859.87632198035,1035.4204805798845,B0100,36.359340016856684,Trajectory
248.4,A2002,A0200,AIM-120C-7,ACTIVE,18074.520079207225,6012.533746658116,5859.87632198035,1035.4204805798845,B0100,36.359340016856684,Trajectory
248.60000000000002,A2001,A0200,AIM-120C-7,ACTIVE,18280.195867541723,6032.760791618253,5859.464256374181,1030.8970621155336,B0100,36.1970947312539,Trajectory
248.60000000000002,A2002,A0200,AIM-120C-7,ACTIVE,18280.195867541723,6032.760791618253,5859.464256374181,1030.8970621155336,B0100,36.1970947312539,Trajectory
248.8,A2001,A0200,AIM-120C-7,ACTIVE,18484.939910992274,6053.270308733013,5859.064170246208,1026.4310378125642,B0100,36.03605368836154,Trajectory
248.8,A2002,A0200,AIM-120C-7,ACTIVE,18484.939910992274,6053.270308733013,5859.064170246208,1026.4310378125642,B0100,36.03605368836154,Trajectory
249.0,A2001,A0200,AIM-120C-7,ACTIVE,18688.76345768063,6074.053406371276,5858.674547318341,1022.0177627700017,B0100,35.87612755049315,Trajectory
249.0,A2002,A0200,AIM-120C-7,ACTIVE,18688.76345768063,6074.053406371276,5858.674547318341,1022.0177627700017,B0100,35.87612755049315,Trajectory
249.20000000000002,A2001,A0200,AIM-120C-7,ACTIVE,18891.677289113562,6095.101704199464,5858.2946626890425,1017.6575380804836,B0100,35.717256310065004,Trajectory
249.20000000000002,A2002,A0200,AIM-120C-7,ACTIVE,18891.677289113562,6095.101704199464,5858.2946626890425,1017.6575380804836,B0100,35.717256310065004,Trajectory
249.4,A2001,A0200,AIM-120C-7,ACTIVE,19093.692788771616,6116.405544649313,5857.92501999617,1013.3543979671261,B0100,35.559358344664886,Trajectory
249.4,A2002,A0200,AIM-120C-7,ACTIVE,19093.692788771616,6116.405544649313,5857.92501999617,1013.3543979671261,B0100,35.559358344664886,Trajectory
249.60000000000002,A2001,A0200,AIM-120C-7,ACTIVE,19294.822483290114,6137.953205903939,5857.5667544375665,1009.1118469211215,B0100,35.40231047365229,Trajectory
249.60000000000002,A2002,A0200,AIM-120C-7,ACTIVE,19294.822483290114,6137.953205903939,5857.5667544375665,1009.1118469211215,B0100,35.40231047365229,Trajectory
249.8,A2001,A0200,AIM-120C-7,ACTIVE,19495.079279405643,6159.73237158278,5857.219992027315,1004.9282706599304,B0100,35.24600326843663,Trajectory
249.8,A2002,A0200,AIM-120C-7,ACTIVE,19495.079279405643,6159.73237158278,5857.219992027315,1004.9282706599304,B0100,35.24600326843663,Trajectory
250.0,A2001,A0200,AIM-120C-7,ACTIVE,19694.47517210912,6181.732325673922,5856.883413159204,1000.7975809663352,B0100,35.0904072475792,Trajectory
250.0,A2002,A0200,AIM-120C-7,ACTIVE,19694.47517210912,6181.732325673922,5856.883413159204,1000.7975809663352,B0100,35.0904072475792,Trajectory
250.20000000000002,A2001,A0200,AIM-120C-7,ACTIVE,19893.0207519863,6203.944585658443,5856.555576661169,996.7151481276608,B0100,34.935515832910596,Trajectory
250.20000000000002,A2002,A0200,AIM-120C-7,ACTIVE,19893.0207519863,6203.944585658443,5856.555576661169,996.7151481276608,B0100,34.935515832910596,Trajectory
250.4,A2001,A0200,AIM-120C-7,ACTIVE,20090.726108905532,6226.361251257645,5856.235767186594,992.6811468493676,B0100,34.7812572399958,Trajectory
250.4,A2002,A0200,AIM-120C-7,ACTIVE,20090.726108905532,6226.361251257645,5856.235767186594,992.6811468493676,B0100,34.7812572399958,Trajectory
250.60000000000002,A2001,A0200,AIM-120C-7,ACTIVE,20287.601886625285,6248.973241090804,5855.92450046691,988.6992690371471,B0100,34.62746998484895,Trajectory
250.60000000000002,A2002,A0200,AIM-120C-7,ACTIVE,20287.601886625285,6248.973241090804,5855.92450046691,988.6992690371471,B0100,34.62746998484895,Trajectory
250.8,A2001,A0200,AIM-120C-7,ACTIVE,20483.659752464286,6271.769638871839,5855.622984926961,984.771945529805,B0100,34.47399260823075,Trajectory
250.8,A2002,A0200,AIM-120C-7,ACTIVE,20483.659752464286,6271.769638871839,5855.622984926961,984.771945529805,B0100,34.47399260823075,Trajectory
251.0,A2001,A0200,AIM-120C-7,ACTIVE,20678.91113961738,6294.740049608935,5855.331648387601,980.8941081980313,B0100,34.32086496798996,Trajectory
251.0,A2002,A0200,AIM-120C-7,ACTIVE,20678.91113961738,6294.740049608935,5855.331648387601,980.8941081980313,B0100,34.32086496798996,Trajectory
251.20000000000002,A2001,A0200,AIM-120C-7,ACTIVE,20873.36602003337,6317.87649554536,5855.050408996262,977.0596587906689,B0100,34.16819675506719,Trajectory
251.20000000000002,A2002,A0200,AIM-120C-7,ACTIVE,20873.36602003337,6317.87649554536,5855.050408996262,977.0596587906689,B0100,34.16819675506719,Trajectory
251.4,A2001,A0200,AIM-120C-7,ACTIVE,21067.0330113796,6341.173154421442,5854.779174669875,973.2639060636895,B0100,34.01608295698288,Trajectory
251.4,A2002,A0200,AIM-120C-7,ACTIVE,21067.0330113796,6341.173154421442,5854.779174669875,973.2639060636895,B0100,34.01608295698288,Trajectory
251.60000000000002,A2001,A0200,AIM-120C-7,ACTIVE,21259.919973804495,6364.625285566934,5854.518253044094,969.5052217834942,B0100,33.86452371022825,Trajectory
251.60000000000002,A2002,A0200,AIM-120C-7,ACTIVE,21259.919973804495,6364.625285566934,5854.518253044094,969.5052217834942,B0100,33.86452371022825,Trajectory
251.8,A2001,A0200,AIM-120C-7,ACTIVE,21452.034481927873,6388.2284929632215,5854.268798344678,965.7823026537205,B0100,33.71350418507526,Trajectory
251.8,A2002,A0200,AIM-120C-7,ACTIVE,21452.034481927873,6388.2284929632215,5854.268798344678,965.7823026537205,B0100,33.71350418507526,Trajectory
252.0,A2001,A0200,AIM-120C-7,ACTIVE,21643.38379137776,6411.978794760463,5854.032635088457,962.0936024952158,B0100,33.56300562771608,Trajectory
252.0,A2002,A0200,AIM-120C-7,ACTIVE,21643.38379137776,6411.978794760463,5854.032635088457,962.0936024952158,B0100,33.56300562771608,Trajectory
252.20000000000002,A2001,A0200,AIM-120C-7,ACTIVE,21833.97475364815,6435.872789821913,5853.811615680664,958.4372243657899,B0100,33.41303702413563,Trajectory
252.20000000000002,A2002,A0200,AIM-120C-7,ACTIVE,21833.97475364815,6435.872789821913,5853.811615680664,958.4372243657899,B0100,33.41303702413563,Trajectory
252.4,A2001,A0200,AIM-120C-7,ACTIVE,22023.813765549334,6459.907778863412,5853.606708784627,954.8113955103612,B0100,33.26370314138378,Trajectory
252.4,A2002,A0200,AIM-120C-7,ACTIVE,22023.813765549334,6459.907778863412,5853.606708784627,954.8113955103612,B0100,33.26370314138378,Trajectory
252.60000000000002,A2001,A0200,AIM-120C-7,ACTIVE,22212.906793725142,6484.081766282363,5853.41744470402,951.2144659275862,B0100,33.115105956382045,Trajectory
252.60000000000002,A2002,A0200,AIM-120C-7,ACTIVE,22212.906793725142,6484.081766282363,5853.41744470402,951.2144659275862,B0100,33.115105956382045,Trajectory
252.8,A2001,A0200,AIM-120C-7,ACTIVE,22401.25944331373,6508.393335379461,5853.241897626831,947.6453103764261,B0100,32.96728402677726,Trajectory
252.8,A2002,A0200,AIM-120C-7,ACTIVE,22401.25944331373,6508.393335379461,5853.241897626831,947.6453103764261,B0100,32.96728402677726,Trajectory
253.0,A2001,A0200,AIM-120C-7,ACTIVE,22588.87713264387,6532.841283900494,5853.078013902323,944.1033916304639,B0100,32.82019004833511,Trajectory
253.0,A2002,A0200,AIM-120C-7,ACTIVE,22588.87713264387,6532.841283900494,5853.078013902323,944.1033916304639,B0100,32.82019004833511,Trajectory
253.20000000000002,A2001,A0200,AIM-120C-7,ACTIVE,22775.765165534503,6557.424514536451,5852.923628896754,940.5881197991584,B0100,32.67379602455674,Trajectory
253.20000000000002,A2002,A0200,AIM-120C-7,ACTIVE,22775.765165534503,6557.424514536451,5852.923628896754,940.5881197991584,B0100,32.67379602455674,Trajectory
253.4,A2001,A0200,AIM-120C-7,ACTIVE,22961.928702329587,6582.142076447826,5852.776752606862,937.0990031796517,B0100,32.528040433269105,Trajectory
253.4,A2002,A0200,AIM-120C-7,ACTIVE,22961.928702329587,6582.142076447826,5852.776752606862,937.0990031796517,B0100,32.528040433269105,Trajectory
253.60000000000002,A2001,A0200,AIM-120C-7,ACTIVE,23147.372875287856,6606.992953281565,5852.635837467568,933.6359493026391,B0100,32.38299375947348,Trajectory
253.60000000000002,A2002,A0200,AIM-120C-7,ACTIVE,23147.372875287856,6606.992953281565,5852.635837467568,933.6359493026391,B0100,32.38299375947348,Trajectory
253.8,A2001,A0200,AIM-120C-7,ACTIVE,23332.102749178597,6631.976143614133,5852.500941595131,930.1984569361252,B0100,32.238677502127835,Trajectory
253.8,A2002,A0200,AIM-120C-7,ACTIVE,23332.102749178597,6631.976143614133,5852.500941595131,930.1984569361252,B0100,32.238677502127835,Trajectory
254.0,A2001,A0200,AIM-120C-7,ACTIVE,23516.123327129328,6657.090622216136,5852.373760095888,926.7862657608963,B0100,32.09511101837168,Trajectory
254.0,A2002,A0200,AIM-120C-7,ACTIVE,23516.123327129328,6657.090622216136,5852.373760095888,926.7862657608963,B0100,32.09511101837168,Trajectory
254.20000000000002,A2001,A0200,AIM-120C-7,ACTIVE,23699.43948543013,6682.33550111809,5852.256036515434,923.3983763943106,B0100,31.952242339829795,Trajectory
254.20000000000002,A2002,A0200,AIM-120C-7,ACTIVE,23699.43948543013,6682.33550111809,5852.256036515434,923.3983763943106,B0100,31.952242339829795,Trajectory
254.4,A2001,A0200,AIM-120C-7,ACTIVE,23882.0558043721,6707.710249972986,5852.1509375008445,920.0335574407461,B0100,31.810000285169703,Trajectory
254.4,A2002,A0200,AIM-120C-7,ACTIVE,23882.0558043721,6707.710249972986,5852.1509375008445,920.0335574407461,B0100,31.810000285169703,Trajectory
254.60000000000002,A2001,A0200,AIM-120C-7,ACTIVE,24063.976706346504,6733.214421447093,5852.062031302881,916.6919113068943,B0100,31.66835753462844,Trajectory
254.60000000000002,A2002,A0200,AIM-120C-7,ACTIVE,24063.976706346504,6733.214421447093,5852.062031302881,916.6919113068943,B0100,31.66835753462844,Trajectory
254.8,A2001,A0200,AIM-120C-7,ACTIVE,24245.206814896963,6758.847202761023,5851.990586886069,913.3744801703662,B0100,31.52737714867009,Trajectory
254.8,A2002,A0200,AIM-120C-7,ACTIVE,24245.206814896963,6758.847202761023,5851.990586886069,913.3744801703662,B0100,31.52737714867009,Trajectory
255.0,A2001,A0200,AIM-120C-7,ACTIVE,24425.75089172085,6784.607711799266,5851.933814479322,910.081289728462,B0100,31.387083620627124,Trajectory
255.0,A2002,A0200,AIM-120C-7,ACTIVE,24425.75089172085,6784.607711799266,5851.933814479322,910.081289728462,B0100,31.387083620627124,Trajectory
255.20000000000002,A2001,A0200,AIM-120C-7,ACTIVE,24605.61360653126,6810.495173986348,5851.888552336993,906.811786736296,B0100,31.247381365692796,Trajectory
255.20000000000002,A2002,A0200,AIM-120C-7,ACTIVE,24605.61360653126,6810.495173986348,5851.888552336993,906.811786736296,B0100,31.247381365692796,Trajectory
255.4,A2001,A0200,AIM-120C-7,ACTIVE,24784.799586688056,6836.508755394718,5851.852321165011,903.5658450545869,B0100,31.10831723547189,Trajectory
255.4,A2002,A0200,AIM-120C-7,ACTIVE,24784.799586688056,6836.508755394718,5851.852321165011,903.5658450545869,B0100,31.10831723547189,Trajectory
255.60000000000002,A2001,A0200,AIM-120C-7,ACTIVE,24963.31338456707,6862.647631183002,5851.824498897716,900.3429226594803,B0100,30.969893063518057,Trajectory
255.60000000000002,A2002,A0200,AIM-120C-7,ACTIVE,24963.31338456707,6862.647631183002,5851.824498897716,900.3429226594803,B0100,30.969893063518057,Trajectory
255.8,A2001,A0200,AIM-120C-7,ACTIVE,25141.159492907827,6888.9109344879025,5851.806349100332,897.1428329828485,B0100,30.8321403759967,Trajectory
255.8,A2002,A0200,AIM-120C-7,ACTIVE,25141.159492907827,6888.9109344879025,5851.806349100332,897.1428329828485,B0100,30.8321403759967,Trajectory
256.0,A2001,A0200,AIM-120C-7,ACTIVE,25318.342298542935,6915.297897239345,5851.799669297286,893.9646187951115,B0100,30.695032414998963,Trajectory
256.0,A2002,A0200,AIM-120C-7,ACTIVE,25318.342298542935,6915.297897239345,5851.799669297286,893.9646187951115,B0100,30.695032414998963,Trajectory
256.2,A2001,A0200,AIM-120C-7,ACTIVE,25494.865881592195,6941.808115470641,5851.80789416482,890.8070002721768,B0100,30.558499560695495,Trajectory
256.2,A2002,A0200,AIM-120C-7,ACTIVE,25494.865881592195,6941.808115470641,5851.80789416482,890.8070002721768,B0100,30.558499560695495,Trajectory
256.40000000000003,A2001,A0200,AIM-120C-7,ACTIVE,25670.734154894653,6968.441283528005,5851.834808921709,887.6700979165693,B0100,30.42251613409774,Trajectory
256.40000000000003,A2002,A0200,AIM-120C-7,ACTIVE,25670.734154894653,6968.441283528005,5851.834808921709,887.6700979165693,B0100,30.42251613409774,Trajectory
256.6,A2001,A0200,AIM-120C-7,ACTIVE,25845.951271717677,6995.196689435473,5851.881792276562,884.5552589456155,B0100,30.287149740938915,Trajectory
256.6,A2002,A0200,AIM-120C-7,ACTIVE,25845.951271717677,6995.196689435473,5851.881792276562,884.5552589456155,B0100,30.287149740938915,Trajectory
256.8,A2001,A0200,AIM-120C-7,ACTIVE,26020.521612367058,7022.073463544266,5851.945969501315,881.4628336513211,B0100,30.152431913640466,Trajectory
256.8,A2002,A0200,AIM-120C-7,ACTIVE,26020.521612367058,7022.073463544266,5851.945969501315,881.4628336513211,B0100,30.152431913640466,Trajectory
257.0,A2001,A0200,AIM-120C-7,ACTIVE,26194.449518954567,7049.070797846823,5852.023501916478,878.3924193077822,B0100,30.018276450013918,Trajectory
257.0,A2002,A0200,AIM-120C-7,ACTIVE,26194.449518954567,7049.070797846823,5852.023501916478,878.3924193077822,B0100,30.018276450013918,Trajectory
257.2,A2001,A0200,AIM-120C-7,ACTIVE,26367.739316735027,7076.187822706533,5852.109914731149,875.3439571434858,B0100,29.88466307000459,Trajectory
257.2,A2002,A0200,AIM-120C-7,ACTIVE,26367.739316735027,7076.187822706533,5852.109914731149,875.3439571434858,B0100,29.88466307000459,Trajectory
257.40000000000003,A2001,A0200,AIM-120C-7,ACTIVE,26540.395254426607,7103.423693921308,5852.201676714154,872.3168453486495,B0100,29.75159754838552,Trajectory
257.40000000000003,A2002,A0200,AIM-120C-7,ACTIVE,26540.395254426607,7103.423693921308,5852.201676714154,872.3168453486495,B0100,29.75159754838552,Trajectory
257.6,A2001,A0200,AIM-120C-7,ACTIVE,26712.42150471584,7130.777554096723,5852.297549236486,869.3109177265047,B0100,29.619160342471915,Trajectory
257.6,A2002,A0200,AIM-120C-7,ACTIVE,26712.42150471584,7130.777554096723,5852.297549236486,869.3109177265047,B0100,29.619160342471915,Trajectory
257.8,A2001,A0200,AIM-120C-7,ACTIVE,26883.82214851108,7158.248625396036,5852.398313029729,866.3252022700705,B0100,29.487356078456198,Trajectory
257.8,A2002,A0200,AIM-120C-7,ACTIVE,26883.82214851108,7158.248625396036,5852.398313029729,866.3252022700705,B0100,29.487356078456198,Trajectory
258.0,A2001,A0200,AIM-120C-7,ACTIVE,27054.600909123743,7185.83656457113,5852.508613150089,863.3582780722664,B0100,29.356087784834802,Trajectory
258.0,A2002,A0200,AIM-120C-7,ACTIVE,27054.600909123743,7185.83656457113,5852.508613150089,863.3582780722664,B0100,29.356087784834802,Trajectory
258.2,A2001,A0200,AIM-120C-7,ACTIVE,27224.761391112905,7213.541001503597,5852.633736192647,860.4104484542569,B0100,29.225324836034932,Trajectory
258.2,A2002,A0200,AIM-120C-7,ACTIVE,27224.761391112905,7213.541001503597,5852.633736192647,860.4104484542569,B0100,29.225324836034932,Trajectory
258.40000000000003,A2001,A0200,AIM-120C-7,ACTIVE,27394.307320732798,7241.361364640968,5852.7762076327745,857.4819176879508,B0100,29.095122564579736,Trajectory
258.40000000000003,A2002,A0200,AIM-120C-7,ACTIVE,27394.307320732798,7241.361364640968,5852.7762076327745,857.4819176879508,B0100,29.095122564579736,Trajectory
258.6,A2001,A0200,AIM-120C-7,ACTIVE,27563.242417413145,7269.297063623409,5852.937676560051,854.5727357496239,B0100,28.96548296056341,Trajectory
258.6,A2002,A0200,AIM-120C-7,ACTIVE,27563.242417413145,7269.297063623409,5852.937676560051,854.5727357496239,B0100,28.96548296056341,Trajectory
258.8,A2001,A0200,AIM-120C-7,ACTIVE,27731.570566329494,7297.347277066881,5853.117504344696,851.6838819908007,B0100,28.83646690433862,Trajectory
258.8,A2002,A0200,AIM-120C-7,ACTIVE,27731.570566329494,7297.347277066881,5853.117504344696,851.6838819908007,B0100,28.83646690433862,Trajectory
259.0,A2001,A0200,AIM-120C-7,ACTIVE,27899.295787220042,7325.5111092517045,5853.31206852903,848.8152718732584,B0100,28.70805697613685,Trajectory
259.0,A2002,A0200,AIM-120C-7,ACTIVE,27899.295787220042,7325.5111092517045,5853.31206852903,848.8152718732584,B0100,28.70805697613685,Trajectory
259.2,A2001,A0200,AIM-120C-7,ACTIVE,28066.42199216256,7353.787781228625,5853.517841936474,845.9663285419789,B0100,28.58014802308777,Trajectory
259.2,A2002,A0200,AIM-120C-7,ACTIVE,28066.42199216256,7353.787781228625,5853.517841936474,845.9663285419789,B0100,28.58014802308777,Trajectory
259.40000000000003,A2001,A0200,AIM-120C-7,ACTIVE,28232.953028051215,7382.176514043604,5853.73165044837,843.1369359174953,B0100,28.45268548361973,Trajectory
259.40000000000003,A2002,A0200,AIM-120C-7,ACTIVE,28232.953028051215,7382.176514043604,5853.73165044837,843.1369359174953,B0100,28.45268548361973,Trajectory
259.6,A2001,A0200,AIM-120C-7,ACTIVE,28398.892722133885,7410.676503190077,5853.94965363578,840.3269331362541,B0100,28.325756118280797,Trajectory
259.6,A2002,A0200,AIM-120C-7,ACTIVE,28398.892722133885,7410.676503190077,5853.94965363578,840.3269331362541,B0100,28.325756118280797,Trajectory
259.8,A2001,A0200,AIM-120C-7,ACTIVE,28564.24488904856,7439.286864290156,5854.169812751989,837.5360839163086,B0100,28.19941434842841,Trajectory
259.8,A2002,A0200,AIM-120C-7,ACTIVE,28564.24488904856,7439.286864290156,5854.169812751989,837.5360839163086,B0100,28.19941434842841,Trajectory
260.0,A2001,A0200,AIM-120C-7,ACTIVE,28729.013230199493,7468.006774694875,5854.3947843497735,834.7638054281457,B0100,28.073591762275083,Trajectory
260.0,A2002,A0200,AIM-120C-7,ACTIVE,28729.013230199493,7468.006774694875,5854.3947843497735,834.7638054281457,B0100,28.073591762275083,Trajectory
260.2,A2001,A0200,AIM-120C-7,ACTIVE,28893.201387967125,7496.835359626103,5854.628819152255,832.0099008576407,B0100,27.948282167696163,Trajectory
260.2,A2002,A0200,AIM-120C-7,ACTIVE,28893.201387967125,7496.835359626103,5854.628819152255,832.0099008576407,B0100,27.948282167696163,Trajectory
260.40000000000003,A2001,A0200,AIM-120C-7,ACTIVE,29056.81289540079,7525.771872345029,5854.874991210018,829.2735910398397,B0100,27.823470723373493,Trajectory
260.40000000000003,A2002,A0200,AIM-120C-7,ACTIVE,29056.81289540079,7525.771872345029,5854.874991210018,829.2735910398397,B0100,27.823470723373493,Trajectory
260.6,A2001,A0200,AIM-120C-7,ACTIVE,29219.851081560977,7554.815815117313,5855.136241806392,826.5543206657477,B0100,27.699155288437762,Trajectory
260.6,A2002,A0200,AIM-120C-7,ACTIVE,29219.851081560977,7554.815815117313,5855.136241806392,826.5543206657477,B0100,27.699155288437762,Trajectory
260.8,A2001,A0200,AIM-120C-7,ACTIVE,29382.319251253877,7583.966633448592,5855.415154943805,823.8524074698199,B0100,27.57530025462819,Trajectory
260.8,A2002,A0200,AIM-120C-7,ACTIVE,29382.319251253877,7583.966633448592,5855.415154943805,823.8524074698199,B0100,27.57530025462819,Trajectory
261.0,A2001,A0200,AIM-120C-7,ACTIVE,29544.22092422211,7613.223483652611,5855.711663149208,821.1688570217008,B0100,27.451957031479715,Trajectory
261.0,A2002,A0200,AIM-120C-7,ACTIVE,29544.22092422211,7613.223483652611,5855.711663149208,821.1688570217008,B0100,27.451957031479715,Trajectory
261.2,A2001,A0200,AIM-120C-7,ACTIVE,29705.559752373418,7642.585533218769,5856.021354969262,818.5036888259231,B0100,27.329134962932734,Trajectory
261.2,A2002,A0200,AIM-120C-7,ACTIVE,29705.559752373418,7642.585533218769,5856.021354969262,818.5036888259231,B0100,27.329134962932734,Trajectory
261.40000000000003,A2001,A0200,AIM-120C-7,ACTIVE,29866.33930420804,7672.052036006198,5856.339611648402,815.8564114333841,B0100,27.20675981971669,Trajectory
261.40000000000003,A2002,A0200,AIM-120C-7,ACTIVE,29866.33930420804,7672.052036006198,5856.339611648402,815.8564114333841,B0100,27.20675981971669,Trajectory
261.6,A2001,A0200,AIM-120C-7,ACTIVE,30026.56312687111,7701.622141841602,5856.662695943478,813.2270216815273,B0100,27.084896973440813,Trajectory
261.6,A2002,A0200,AIM-120C-7,ACTIVE,30026.56312687111,7701.622141841602,5856.662695943478,813.2270216815273,B0100,27.084896973440813,Trajectory
261.8,A2001,A0200,AIM-120C-7,ACTIVE,30186.234718635427,7731.295007883335,5856.988352095378,810.6148503646918,B0100,26.963592041606898,Trajectory
261.8,A2002,A0200,AIM-120C-7,ACTIVE,30186.234718635427,7731.295007883335,5856.988352095378,810.6148503646918,B0100,26.963592041606898,Trajectory
262.0,A2001,A0200,AIM-120C-7,ACTIVE,30345.35728297853,7761.070150664985,5857.319364633458,808.0185502330627,B0100,26.842772576222625,Trajectory
262.0,A2002,A0200,AIM-120C-7,ACTIVE,30345.35728297853,7761.070150664985,5857.319364633458,808.0185502330627,B0100,26.842772576222625,Trajectory
262.2,A2001,A0200,AIM-120C-7,ACTIVE,30503.93385881816,7790.947033481496,5857.662953268613,805.4383225765818,B0100,26.722277926792994,Trajectory
262.2,A2002,A0200,AIM-120C-7,ACTIVE,30503.93385881816,7790.947033481496,5857.662953268613,805.4383225765818,B0100,26.722277926792994,Trajectory
262.40000000000003,A2001,A0200,AIM-120C-7,ACTIVE,30661.967769862353,7820.924473065669,5858.025046569,802.8749697888345,B0100,26.602161895554904,Trajectory
262.40000000000003,A2002,A0200,AIM-120C-7,ACTIVE,30661.967769862353,7820.924473065669,5858.025046569,802.8749697888345,B0100,26.602161895554904,Trajectory
262.6,A2001,A0200,AIM-120C-7,ACTIVE,30819.4623848716,7851.001446333845,5858.406623387366,800.3284163996315,B0100,26.482558835146968,Trajectory
262.6,A2002,A0200,AIM-120C-7,ACTIVE,30819.4623848716,7851.001446333845,5858.406623387366,800.3284163996315,B0100,26.482558835146968,Trajectory
262.8,A2001,A0200,AIM-120C-7,ACTIVE,30976.421016582204,7881.17719742829,5858.805543364559,797.7986464447608,B0100,26.363489086100607,Trajectory
262.8,A2002,A0200,AIM-120C-7,ACTIVE,30976.421016582204,7881.17719742829,5858.805543364559,797.7986464447608,B0100,26.363489086100607,Trajectory
263.0,A2001,A0200,AIM-120C-7,ACTIVE,31132.846988185778,7911.450998594374,5859.218100827208,795.2856183173856,B0100,26.24493465495831,Trajectory
263.0,A2002,A0200,AIM-120C-7,ACTIVE,31132.846988185778,7911.450998594374,5859.218100827208,795.2856183173856,B0100,26.24493465495831,Trajectory
263.2,A2001,A0200,AIM-120C-7,ACTIVE,31288.74354922247,7941.822195304623,5859.640568553866,792.788874263588,B0100,26.126798813421885,Trajectory
263.2,A2002,A0200,AIM-120C-7,ACTIVE,31288.74354922247,7941.822195304623,5859.640568553866,792.788874263588,B0100,26.126798813421885,Trajectory
263.40000000000003,A2001,A0200,AIM-120C-7,ACTIVE,31444.11391732022,7972.290092661444,5860.0692984476,790.3084586656132,B0100,26.009036891751993,Trajectory
263.40000000000003,A2002,A0200,AIM-120C-7,ACTIVE,31444.11391732022,7972.290092661444,5860.0692984476,790.3084586656132,B0100,26.009036891751993,Trajectory
263.6,A2001,A0200,AIM-120C-7,ACTIVE,31598.961338158115,8002.85390236749,5860.4995824542575,787.8442931009046,B0100,25.891748824786813,Trajectory
263.6,A2002,A0200,AIM-120C-7,ACTIVE,31598.961338158115,8002.85390236749,5860.4995824542575,787.8442931009046,B0100,25.891748824786813,Trajectory
263.8,A2001,A0200,AIM-120C-7,ACTIVE,31753.28902834217,8033.51279899426,5860.92835576866,785.3960605901515,B0100,25.77497875218317,Trajectory
263.8,A2002,A0200,AIM-120C-7,ACTIVE,31753.28902834217,8033.51279899426,5860.92835576866,785.3960605901515,B0100,25.77497875218317,Trajectory
264.0,A2001,A0200,AIM-120C-7,ACTIVE,31907.100065469578,8064.266099548694,5861.357804785742,782.9632116281326,B0100,25.658696597817695,Trajectory
264.0,A2002,A0200,AIM-120C-7,ACTIVE,31907.100065469578,8064.266099548694,5861.357804785742,782.9632116281326,B0100,25.658696597817695,Trajectory
264.2,A2001,A0200,AIM-120C-7,ACTIVE,32060.3974327291,8095.11313884012,5861.792884339678,780.5452703736132,B0100,25.542858206965253,Trajectory
264.2,A2002,A0200,AIM-120C-7,ACTIVE,32060.3974327291,8095.11313884012,5861.792884339678,780.5452703736132,B0100,25.542858206965253,Trajectory
264.40000000000003,A2001,A0200,AIM-120C-7,ACTIVE,32213.1839032796,8126.053448791489,5862.23909579025,778.141228458,B0100,25.427391226357436,Trajectory
264.40000000000003,A2002,A0200,AIM-120C-7,ACTIVE,32213.1839032796,8126.053448791489,5862.23909579025,778.141228458,B0100,25.427391226357436,Trajectory
264.6,A2001,A0200,AIM-120C-7,ACTIVE,32365.462131632197,8157.086625325521,5862.701018427306,775.7511493084934,B0100,25.312335197813134,Trajectory
264.6,A2002,A0200,AIM-120C-7,ACTIVE,32365.462131632197,8157.086625325521,5862.701018427306,775.7511493084934,B0100,25.312335197813134,Trajectory
264.8,A2001,A0200,AIM-120C-7,ACTIVE,32517.234872979512,8188.212037245091,5863.182035016549,773.3755102235756,B0100,25.197667887117642,Trajectory
264.8,A2002,A0200,AIM-120C-7,ACTIVE,32517.234872979512,8188.212037245091,5863.182035016549,773.3755102235756,B0100,25.197667887117642,Trajectory
265.0,A2001,A0200,AIM-120C-7,ACTIVE,32668.50511064949,8219.428794589929,5863.682636515043,771.0152659660255,B0100,25.083454103353922,Trajectory
265.0,A2002,A0200,AIM-120C-7,ACTIVE,32668.50511064949,8219.428794589929,5863.682636515043,771.0152659660255,B0100,25.083454103353922,Trajectory
265.2,A2001,A0200,AIM-120C-7,ACTIVE,32819.2759495843,8250.736115781636,5864.19869064515,768.6705845136404,B0100,24.969738091608843,Trajectory
265.2,A2002,A0200,AIM-120C-7,ACTIVE,32819.2759495843,8250.736115781636,5864.19869064515,768.6705845136404,B0100,24.969738091608843,Trajectory
265.40000000000003,A2001,A0200,AIM-120C-7,ACTIVE,32969.55048412566,8282.13326688627,5864.724412421437,766.3412254042582,B0100,24.85646954247898,Trajectory
265.40000000000003,A2002,A0200,AIM-120C-7,ACTIVE,32969.55048412566,8282.13326688627,5864.724412421437,766.3412254042582,B0100,24.85646954247898,Trajectory
265.6,A2001,A0200,AIM-120C-7,ACTIVE,33119.33169589891,8313.619569846238,5865.255386416119,764.0264063783643,B0100,24.74353962795797,Trajectory
265.6,A2002,A0200,AIM-120C-7,ACTIVE,33119.33169589891,8313.619569846238,5865.255386416119,764.0264063783643,B0100,24.74353962795797,Trajectory
265.8,A2001,A0200,AIM-120C-7,ACTIVE,33268.62242643115,8345.19439034781,5865.79080711586,761.7260795655471,B0100,24.6309171603094,Trajectory
265.8,A2002,A0200,AIM-120C-7,ACTIVE,33268.62242643115,8345.19439034781,5865.79080711586,761.7260795655471,B0100,24.6309171603094,Trajectory
266.0,A2001,A0200,AIM-120C-7,ACTIVE,33417.42566906233,8376.856730662277,5866.331565288157,759.4407690527703,B0100,24.518676017549367,Trajectory
266.0,A2002,A0200,AIM-120C-7,ACTIVE,33417.42566906233,8376.856730662277,5866.331565288157,759.4407690527703,B0100,24.518676017549367,Trajectory
266.2,A2001,A0200,AIM-120C-7,ACTIVE,33565.744531721946,8408.605356922199,5866.878892713471,757.1705533436735,B0100,24.40687749570509,Trajectory
266.2,A2002,A0200,AIM-120C-7,ACTIVE,33565.744531721946,8408.605356922199,5866.878892713471,757.1705533436735,B0100,24.40687749570509,Trajectory
266.40000000000003,A2001,A0200,AIM-120C-7,ACTIVE,33713.58206684005,8440.439027655171,5867.435833754178,754.9145293231928,B0100,24.29546017067005,Trajectory
266.40000000000003,A2002,A0200,AIM-120C-7,ACTIVE,33713.58206684005,8440.439027655171,5867.435833754178,754.9145293231928,B0100,24.29546017067005,Trajectory
266.6,A2001,A0200,AIM-120C-7,ACTIVE,33860.940972122575,8472.356883821547,5868.007767687878,752.6714302534427,B0100,24.18434063444643,Trajectory
266.6,A2002,A0200,AIM-120C-7,ACTIVE,33860.940972122575,8472.356883821547,5868.007767687878,752.6714302534427,B0100,24.18434063444643,Trajectory
266.8,A2001,A0200,AIM-120C-7,ACTIVE,34007.82382164945,8504.358159817135,5868.598999820422,750.441554590935,B0100,24.073579312116735,Trajectory
266.8,A2002,A0200,AIM-120C-7,ACTIVE,34007.82382164945,8504.358159817135,5868.598999820422,750.441554590935,B0100,24.073579312116735,Trajectory
267.0,A2001,A0200,AIM-120C-7,ACTIVE,34154.23335546092,8536.44192557319,5869.211042876832,748.2256323254655,B0100,23.963246724734955,Trajectory
267.0,A2002,A0200,AIM-120C-7,ACTIVE,34154.23335546092,8536.44192557319,5869.211042876832,748.2256323254655,B0100,23.963246724734955,Trajectory
267.2,A2001,A0200,AIM-120C-7,ACTIVE,34300.17249496577,8568.607191181347,5869.841984669102,746.0242358418263,B0100,23.85339283295311,Trajectory
267.2,A2002,A0200,AIM-120C-7,ACTIVE,34300.17249496577,8568.607191181347,5869.841984669102,746.0242358418263,B0100,23.85339283295311,Trajectory
267.40000000000003,A2001,A0200,AIM-120C-7,ACTIVE,34445.64420471716,8600.85302233387,5870.48802816742,743.8371567881932,B0100,23.743990926567072,Trajectory
267.40000000000003,A2002,A0200,AIM-120C-7,ACTIVE,34445.64420471716,8600.85302233387,5870.48802816742,743.8371567881932,B0100,23.743990926567072,Trajectory
267.6,A2001,A0200,AIM-120C-7,ACTIVE,34590.651314892384,8633.178655039896,5871.145677186164,741.6636834841601,B0100,23.63494433180432,Trajectory
267.6,A2002,A0200,AIM-120C-7,ACTIVE,34590.651314892384,8633.178655039896,5871.145677186164,741.6636834841601,B0100,23.63494433180432,Trajectory
267.8,A2001,A0200,AIM-120C-7,ACTIVE,34735.19652187756,8665.583388566518,5871.8132646477015,739.503662612653,B0100,23.526139653303357,Trajectory
267.8,A2002,A0200,AIM-120C-7,ACTIVE,34735.19652187756,8665.583388566518,5871.8132646477015,739.503662612653,B0100,23.526139653303357,Trajectory
268.0,A2001,A0200,AIM-120C-7,ACTIVE,34879.28261567235,8698.06630770145,5872.489270444199,737.3573884193216,B0100,23.417655478077933,Trajectory
268.0,A2002,A0200,AIM-120C-7,ACTIVE,34879.28261567235,8698.06630770145,5872.489270444199,737.3573884193216,B0100,23.417655478077933,Trajectory
268.2,A2001,A0200,AIM-120C-7,ACTIVE,35022.91243087204,8730.626419855165,5873.171708337668,735.2249178058895,B0100,23.30958745345105,Trajectory
268.2,A2002,A0200,AIM-120C-7,ACTIVE,35022.91243087204,8730.626419855165,5873.171708337668,735.2249178058895,B0100,23.30958745345105,Trajectory
268.40000000000003,A2001,A0200,AIM-120C-7,ACTIVE,35166.08883277931,8763.262560463852,5873.861165310448,733.1059013739907,B0100,23.20192160884561,Trajectory
268.40000000000003,A2002,A0200,AIM-120C-7,ACTIVE,35166.08883277931,8763.262560463852,5873.861165310448,733.1059013739907,B0100,23.20192160884561,Trajectory
268.6,A2001,A0200,AIM-120C-7,ACTIVE,35308.81446032327,8795.973747471706,5874.561807732844,730.9991594590889,B0100,23.094606457771572,Trajectory
268.6,A2002,A0200,AIM-120C-7,ACTIVE,35308.81446032327,8795.973747471706,5874.561807732844,730.9991594590889,B0100,23.094606457771572,Trajectory
268.8,A2001,A0200,AIM-120C-7,ACTIVE,35451.09171425824,8828.75923282934,5875.278253530071,728.9043152152549,B0100,22.987623687937386,Trajectory
268.8,A2002,A0200,AIM-120C-7,ACTIVE,35451.09171425824,8828.75923282934,5875.278253530071,728.9043152152549,B0100,22.987623687937386,Trajectory
269.0,A2001,A0200,AIM-120C-7,ACTIVE,35592.923041765636,8861.618201738456,5876.013116396985,726.8219872019413,B0100,22.881021659835586,Trajectory
269.0,A2002,A0200,AIM-120C-7,ACTIVE,35592.923041765636,8861.618201738456,5876.013116396985,726.8219872019413,B0100,22.881021659835586,Trajectory
269.2,A2001,A0200,AIM-120C-7,ACTIVE,35734.31112296492,8894.549666343743,5876.765602559927,724.752929536342,B0100,22.77486616598363,Trajectory
269.2,A2002,A0200,AIM-120C-7,ACTIVE,35734.31112296492,8894.549666343743,5876.765602559927,724.752929536342,B0100,22.77486616598363,Trajectory
269.40000000000003,A2001,A0200,AIM-120C-7,ACTIVE,35875.25870173787,8927.552695415363,5877.532788604187,722.6969575689973,B0100,22.66914375055022,Trajectory
269.40000000000003,A2002,A0200,AIM-120C-7,ACTIVE,35875.25870173787,8927.552695415363,5877.532788604187,722.6969575689973,B0100,22.66914375055022,Trajectory
269.6,A2001,A0200,AIM-120C-7,ACTIVE,36015.768389504025,8960.626546407388,5878.311921942515,720.6534223166854,B0100,22.5637663700501,Trajectory
269.6,A2002,A0200,AIM-120C-7,ACTIVE,36015.768389504025,8960.626546407388,5878.311921942515,720.6534223166854,B0100,22.5637663700501,Trajectory
269.8,A2001,A0200,AIM-120C-7,ACTIVE,36155.84267901668,8993.770522233477,5879.101958086284,718.6222423371208,B0100,22.45861582241372,Trajectory
269.8,A2002,A0200,AIM-120C-7,ACTIVE,36155.84267901668,8993.770522233477,5879.101958086284,718.6222423371208,B0100,22.45861582241372,Trajectory
270.0,A2001,A0200,AIM-120C-7,ACTIVE,36295.48418467506,9026.98367647103,5879.901907072468,716.6037901652502,B0100,22.353760731809537,Trajectory
270.0,A2002,A0200,AIM-120C-7,ACTIVE,36295.48418467506,9026.98367647103,5879.901907072468,716.6037901652502,B0100,22.353760731809537,Trajectory
270.2,A2001,A0200,AIM-120C-7,ACTIVE,36434.695586819944,9060.26497275219,5880.710058654741,714.5982233583686,B0100,22.249297759998484,Trajectory
270.2,A2002,A0200,AIM-120C-7,ACTIVE,36434.695586819944,9060.26497275219,5880.710058654741,714.5982233583686,B0100,22.249297759998484,Trajectory
270.40000000000003,A2001,A0200,AIM-120C-7,ACTIVE,36573.479642600985,9093.613133906425,5881.526711183336,712.6053412186197,B0100,22.145212586415358,Trajectory
270.40000000000003,A2002,A0200,AIM-120C-7,ACTIVE,36573.479642600985,9093.613133906425,5881.526711183336,712.6053412186197,B0100,22.145212586415358,Trajectory
270.6,A2001,A0200,AIM-120C-7,ACTIVE,36711.83891476244,9127.02705838616,5882.354701965471,710.6239951262856,B0100,22.041438317271364,Trajectory
270.6,A2002,A0200,AIM-120C-7,ACTIVE,36711.83891476244,9127.02705838616,5882.354701965471,710.6239951262856,B0100,22.041438317271364,Trajectory
270.8,A2001,A0200,AIM-120C-7,ACTIVE,36849.77565942857,9160.50600934842,5883.197628054012,708.6536590841006,B0100,21.937993224255905,Trajectory
270.8,A2002,A0200,AIM-120C-7,ACTIVE,36849.77565942857,9160.50600934842,5883.197628054012,708.6536590841006,B0100,21.937993224255905,Trajectory
271.0,A2001,A0200,AIM-120C-7,ACTIVE,36987.29221256371,9194.049145247349,5884.057152941379,706.6951960932844,B0100,21.83494107505577,Trajectory
271.0,A2002,A0200,AIM-120C-7,ACTIVE,36987.29221256371,9194.049145247349,5884.057152941379,706.6951960932844,B0100,21.83494107505577,Trajectory
271.2,A2001,A0200,AIM-120C-7,ACTIVE,37124.39116872332,9227.655451506109,5884.931255123413,704.7491881720973,B0100,21.732310711416787,Trajectory
271.2,A2002,A0200,AIM-120C-7,ACTIVE,37124.39116872332,9227.655451506109,5884.931255123413,704.7491881720973,B0100,21.732310711416787,Trajectory
271.40000000000003,A2001,A0200,AIM-120C-7,ACTIVE,37261.07509202868,9261.324048402757,5885.816833955588,702.8151043677695,B0100,21.630051467547304,Trajectory
271.40000000000003,A2002,A0200,AIM-120C-7,ACTIVE,37261.07509202868,9261.324048402757,5885.816833955588,702.8151043677695,B0100,21.630051467547304,Trajectory
271.6,A2001,A0200,AIM-120C-7,ACTIVE,37397.346421352275,9295.054175907566,5886.711450776798,700.8927447256485,B0100,21.52807732854986,Trajectory
271.6,A2002,A0200,AIM-120C-7,ACTIVE,37397.346421352275,9295.054175907566,5886.711450776798,700.8927447256485,B0100,21.52807732854986,Trajectory
271.8,A2001,A0200,AIM-120C-7,ACTIVE,37533.2076316071,9328.845024491995,5887.611354247642,698.982172145516,B0100,21.426395741763304,Trajectory
271.8,A2002,A0200,AIM-120C-7,ACTIVE,37533.2076316071,9328.845024491995,5887.611354247642,698.982172145516,B0100,21.426395741763304,Trajectory
272.0,A2001,A0200,AIM-120C-7,ACTIVE,37668.661174925815,9362.695828611364,5888.511120587814,697.0831826827002,B0100,21.325067855825548,Trajectory
272.0,A2002,A0200,AIM-120C-7,ACTIVE,37668.661174925815,9362.695828611364,5888.511120587814,697.0831826827002,B0100,21.325067855825548,Trajectory
272.2,A2001,A0200,AIM-120C-7,ACTIVE,37803.709441693565,9396.605790375388,5889.4090892053455,695.1955454587594,B0100,21.224105308772327,Trajectory
272.2,A2002,A0200,AIM-120C-7,ACTIVE,37803.709441693565,9396.605790375388,5889.4090892053455,695.1955454587594,B0100,21.224105308772327,Trajectory
272.40000000000003,A2001,A0200,AIM-120C-7,ACTIVE,37938.35480308732,9430.5740432656,5890.307040065146,693.3192079943,B0100,21.12353894601808,Trajectory
272.40000000000003,A2002,A0200,AIM-120C-7,ACTIVE,37938.35480308732,9430.5740432656,5890.307040065146,693.3192079943,B0100,21.12353894601808,Trajectory
272.6,A2001,A0200,AIM-120C-7,ACTIVE,38072.59951659233,9464.599856392215,5891.207623516994,691.4533474127315,B0100,21.023336800569897,Trajectory
272.6,A2002,A0200,AIM-120C-7,ACTIVE,38072.59951659233,9464.599856392215,5891.207623516994,691.4533474127315,B0100,21.023336800569897,Trajectory
272.8,A2001,A0200,AIM-120C-7,ACTIVE,38206.44550108602,9498.682913979448,5892.115373681636,689.5968397973411,B0100,20.92344744942395,Trajectory
272.8,A2002,A0200,AIM-120C-7,ACTIVE,38206.44550108602,9498.682913979448,5892.115373681636,689.5968397973411,B0100,20.92344744942395,Trajectory
273.0,A2001,A0200,AIM-120C-7,ACTIVE,38339.89451157676,9532.822987667241,5893.035174176141,687.7497905451793,B0100,20.8238445136021,Trajectory
273.0,A2002,A0200,AIM-120C-7,ACTIVE,38339.89451157676,9532.822987667241,5893.035174176141,687.7497905451793,B0100,20.8238445136021,Trajectory
273.2,A2001,A0200,AIM-120C-7,ACTIVE,38472.94861139378,9567.019404151326,5893.968938979882,685.9135368376743,B0100,20.724590748042854,Trajectory
273.2,A2002,A0200,AIM-120C-7,ACTIVE,38472.94861139378,9567.019404151326,5893.968938979882,685.9135368376743,B0100,20.724590748042854,Trajectory
273.40000000000003,A2001,A0200,AIM-120C-7,ACTIVE,38605.61014211288,9601.271378412917,5894.913452862654,684.0884862556247,B0100,20.625729213684934,Trajectory
273.40000000000003,A2002,A0200,AIM-120C-7,ACTIVE,38605.61014211288,9601.271378412917,5894.913452862654,684.0884862556247,B0100,20.625729213684934,Trajectory
273.6,A2001,A0200,AIM-120C-7,ACTIVE,38737.88142408163,9635.578194571324,5895.8646389871965,682.2744019582252,B0100,20.527247736954145,Trajectory
273.6,A2002,A0200,AIM-120C-7,ACTIVE,38737.88142408163,9635.578194571324,5895.8646389871965,682.2744019582252,B0100,20.527247736954145,Trajectory
273.8,A2001,A0200,AIM-120C-7,ACTIVE,38869.764853365516,9669.938856343166,5896.8204680092,680.4716234468538,B0100,20.4291025170683,Trajectory
273.8,A2002,A0200,AIM-120C-7,ACTIVE,38869.764853365516,9669.938856343166,5896.8204680092,680.4716234468538,B0100,20.4291025170683,Trajectory
274.0,A2001,A0200,AIM-120C-7,ACTIVE,39001.26310857204,9704.351786712974,5897.780471235762,678.6814370212527,B0100,20.331279718511794,Trajectory
274.0,A2002,A0200,AIM-120C-7,ACTIVE,39001.26310857204,9704.351786712974,5897.780471235762,678.6814370212527,B0100,20.331279718511794,Trajectory
274.2,A2001,A0200,AIM-120C-7,ACTIVE,39132.379645976405,9738.814012086785,5898.745405613748,676.9067354079219,B0100,20.233715020316012,Trajectory
274.2,A2002,A0200,AIM-120C-7,ACTIVE,39132.379645976405,9738.814012086785,5898.745405613748,676.9067354079219,B0100,20.233715020316012,Trajectory
274.40000000000003,A2001,A0200,AIM-120C-7,ACTIVE,39263.11926268608,9773.320218746794,5899.717778835285,675.1511581186412,B0100,20.13625280494786,Trajectory
274.40000000000003,A2002,A0200,AIM-120C-7,ACTIVE,39263.11926268608,9773.320218746794,5899.717778835285,675.1511581186412,B0100,20.13625280494786,Trajectory
274.6,A2001,A0200,AIM-120C-7,ACTIVE,39393.48755383071,9807.863863213095,5900.699711890102,673.4146703022491,B0100,20.038926387643503,Trajectory
274.6,A2002,A0200,AIM-120C-7,ACTIVE,39393.48755383071,9807.863863213095,5900.699711890102,673.4146703022491,B0100,20.038926387643503,Trajectory
274.8,A2001,A0200,AIM-120C-7,ACTIVE,39523.489723974846,9842.439107932887,5901.692267400898,671.6959190216942,B0100,19.941792609093916,Trajectory
274.8,A2002,A0200,AIM-120C-7,ACTIVE,39523.489723974846,9842.439107932887,5901.692267400898,671.6959190216942,B0100,19.941792609093916,Trajectory
275.0,A2001,A0200,AIM-120C-7,ACTIVE,39653.13093075094,9877.040028192872,5902.69730415744,669.9954889408948,B0100,19.84472025580356,Trajectory
275.0,A2002,A0200,AIM-120C-7,ACTIVE,39653.13093075094,9877.040028192872,5902.69730415744,669.9954889408948,B0100,19.84472025580356,Trajectory
275.2,A2001,A0200,AIM-120C-7,ACTIVE,39782.41683265448,9911.659505986749,5903.7192939804345,668.3145555707612,B0100,19.747446404915376,Trajectory
275.2,A2002,A0200,AIM-120C-7,ACTIVE,39782.41683265448,9911.659505986749,5903.7192939804345,668.3145555707612,B0100,19.747446404915376,Trajectory
275.40000000000003,A2001,A0200,AIM-120C-7,ACTIVE,39911.353831487,9946.288601386386,5904.76516290828,666.6542070971748,B0100,19.649687693567184,Trajectory
275.40000000000003,A2002,A0200,AIM-120C-7,ACTIVE,39911.353831487,9946.288601386386,5904.76516290828,666.6542070971748,B0100,19.649687693567184,Trajectory
275.6,A2001,A0200,AIM-120C-7,ACTIVE,40039.9488007933,9980.917181534922,5905.8414923310465,665.0142991008917,B0100,19.551386093375502,Trajectory
275.6,A2002,A0200,AIM-120C-7,ACTIVE,40039.9488007933,9980.917181534922,5905.8414923310465,665.0142991008917,B0100,19.551386093375502,Trajectory
275.8,A2001,A0200,AIM-120C-7,ACTIVE,40168.20805761541,10015.536299894013,5906.951924785519,663.391881001135,B0100,19.45284951727116,Trajectory
275.8,A2002,A0200,AIM-120C-7,ACTIVE,40168.20805761541,10015.536299894013,5906.951924785519,663.391881001135,B0100,19.45284951727116,Trajectory
276.0,A2001,A0200,AIM-120C-7,ACTIVE,40296.136426886835,10050.13996703278,5908.097646119936,661.7835962775695,B0100,19.354411244618824,Trajectory
276.0,A2002,A0200,AIM-120C-7,ACTIVE,40296.136426886835,10050.13996703278,5908.097646119936,661.7835962775695,B0100,19.354411244618824,Trajectory
276.2,A2001,A0200,AIM-120C-7,ACTIVE,40423.737804119904,10084.723824451821,5909.279183738711,660.1879816634863,B0100,19.25610787936836,Trajectory
276.2,A2002,A0200,AIM-120C-7,ACTIVE,40423.737804119904,10084.723824451821,5909.279183738711,660.1879816634863,B0100,19.25610787936836,Trajectory
276.40000000000003,A2001,A0200,AIM-120C-7,ACTIVE,40551.01591702704,10119.283226591533,5910.49842396961,658.6040778498688,B0100,19.157749206167278,Trajectory
276.40000000000003,A2002,A0200,AIM-120C-7,ACTIVE,40551.01591702704,10119.283226591533,5910.49842396961,658.6040778498688,B0100,19.157749206167278,Trajectory
276.6,A2001,A0200,AIM-120C-7,ACTIVE,40677.97461633882,10153.812414264667,5911.75892882271,657.0313507325699,B0100,19.059146917397563,Trajectory
276.6,A2002,A0200,AIM-120C-7,ACTIVE,40677.97461633882,10153.812414264667,5911.75892882271,657.0313507325699,B0100,19.059146917397563,Trajectory
276.8,A2001,A0200,AIM-120C-7,ACTIVE,40804.61786631319,10188.305245595087,5913.063560538347,655.4704158464438,B0100,18.96034257858668,Trajectory
276.8,A2002,A0200,AIM-120C-7,ACTIVE,40804.61786631319,10188.305245595087,5913.063560538347,655.4704158464438,B0100,18.96034257858668,Trajectory
277.0,A2001,A0200,AIM-120C-7,ACTIVE,40930.94943291326,10222.756866060354,5914.412583008592,653.9213619021696,B0100,18.861659542228015,Trajectory
277.0,A2002,A0200,AIM-120C-7,ACTIVE,40930.94943291326,10222.756866060354,5914.412583008592,653.9213619021696,B0100,18.861659542228015,Trajectory
277.2,A2001,A0200,AIM-120C-7,ACTIVE,41056.97240269127,10257.164735489794,5915.804201498241,652.3836569012168,B0100,18.763403616227286,Trajectory
277.2,A2002,A0200,AIM-120C-7,ACTIVE,41056.97240269127,10257.164735489794,5915.804201498241,652.3836569012168,B0100,18.763403616227286,Trajectory
277.40000000000003,A2001,A0200,AIM-120C-7,ACTIVE,41182.689551101845,10291.527241017706,5917.235999127345,650.8571086428509,B0100,18.665569084359696,Trajectory
277.40000000000003,A2002,A0200,AIM-120C-7,ACTIVE,41182.689551101845,10291.527241017706,5917.235999127345,650.8571086428509,B0100,18.665569084359696,Trajectory
277.6,A2001,A0200,AIM-120C-7,ACTIVE,41308.10371116922,10325.842270569174,5918.7062934287305,649.3409513468238,B0100,18.56805186639162,Trajectory
277.6,A2002,A0200,AIM-120C-7,ACTIVE,41308.10371116922,10325.842270569174,5918.7062934287305,649.3409513468238,B0100,18.56805186639162,Trajectory
277.8,A2001,A0200,AIM-120C-7,ACTIVE,41433.21769052413,10360.106667824237,5920.21536612104,647.8330802508325,B0100,18.470584895314946,Trajectory
277.8,A2002,A0200,AIM-120C-7,ACTIVE,41433.21769052413,10360.106667824237,5920.21536612104,647.8330802508325,B0100,18.470584895314946,Trajectory
278.0,A2001,A0200,AIM-120C-7,ACTIVE,41558.03426656113,10394.315673843623,5921.765810228805,646.3318358661251,B0100,18.372911898818508,Trajectory
278.0,A2002,A0200,AIM-120C-7,ACTIVE,41558.03426656113,10394.315673843623,5921.765810228805,646.3318358661251,B0100,18.372911898818508,Trajectory
278.2,A2001,A0200,AIM-120C-7,ACTIVE,41682.55634447614,10428.463730330142,5923.359981656468,644.8382593966501,B0100,18.275031595363373,Trajectory
278.2,A2002,A0200,AIM-120C-7,ACTIVE,41682.55634447614,10428.463730330142,5923.359981656468,644.8382593966501,B0100,18.275031595363373,Trajectory
278.40000000000003,A2001,A0200,AIM-120C-7,ACTIVE,41806.787071773455,10462.545775168785,5924.997937560143,643.3542996996648,B0100,18.177091888390805,Trajectory
278.40000000000003,A2002,A0200,AIM-120C-7,ACTIVE,41806.787071773455,10462.545775168785,5924.997937560143,643.3542996996648,B0100,18.177091888390805,Trajectory
278.6,A2001,A0200,AIM-120C-7,ACTIVE,41930.72948129354,10496.558449343893,5926.677724500391,641.8808066555529,B0100,18.079448706660596,Trajectory
278.6,A2002,A0200,AIM-120C-7,ACTIVE,41930.72948129354,10496.558449343893,5926.677724500391,641.8808066555529,B0100,18.079448706660596,Trajectory
278.8,A2001,A0200,AIM-120C-7,ACTIVE,42054.386083546415,10530.500606863163,5928.396535905918,640.4178094159377,B0100,17.982351441675004,Trajectory
278.8,A2002,A0200,AIM-120C-7,ACTIVE,42054.386083546415,10530.500606863163,5928.396535905918,640.4178094159377,B0100,17.982351441675004,Trajectory
279.0,A2001,A0200,AIM-120C-7,ACTIVE,42177.759346414285,10564.371214643128,5930.151548847247,638.965016880668,B0100,17.885685361334904,Trajectory
279.0,A2002,A0200,AIM-120C-7,ACTIVE,42177.759346414285,10564.371214643128,5930.151548847247,638.965016880668,B0100,17.885685361334904,Trajectory
279.2,A2001,A0200,AIM-120C-7,ACTIVE,42300.85188639766,10598.168278789288,5931.940393524313,637.5216353445868,B0100,17.78935766847952,Trajectory
279.2,A2002,A0200,AIM-120C-7,ACTIVE,42300.85188639766,10598.168278789288,5931.940393524313,637.5216353445868,B0100,17.78935766847952,Trajectory
279.40000000000003,A2001,A0200,AIM-120C-7,ACTIVE,42423.66625723563,10631.88920799003,5933.761336496322,636.0860216618711,B0100,17.69326730024236,Trajectory
279.40000000000003,A2002,A0200,AIM-120C-7,ACTIVE,42423.66625723563,10631.88920799003,5933.761336496322,636.0860216618711,B0100,17.69326730024236,Trajectory
279.6,A2001,A0200,AIM-120C-7,ACTIVE,42546.20478282625,10665.530101057111,5935.614292972368,634.6542552720762,B0100,17.59710471249924,Trajectory
279.6,A2002,A0200,AIM-120C-7,ACTIVE,42546.20478282625,10665.530101057111,5935.614292972368,634.6542552720762,B0100,17.59710471249924,Trajectory
279.8,A2001,A0200,AIM-120C-7,ACTIVE,42668.46950919419,10699.085144287981,5937.500845393297,633.2239432920705,B0100,17.500649277377956,Trajectory
279.8,A2002,A0200,AIM-120C-7,ACTIVE,42668.46950919419,10699.085144287981,5937.500845393297,633.2239432920705,B0100,17.500649277377956,Trajectory
280.0,A2001,A0200,AIM-120C-7,ACTIVE,42790.46241553827,10732.548934238,5939.42148306221,631.7978264377418,B0100,17.404212143784626,Trajectory
280.0,A2002,A0200,AIM-120C-7,ACTIVE,42790.46241553827,10732.548934238,5939.42148306221,631.7978264377418,B0100,17.404212143784626,Trajectory
280.2,A2001,A0200,AIM-120C-7,ACTIVE,42912.18547737988,10765.918510604839,5941.374725747737,630.3785244548127,B0100,17.30812413544059,Trajectory
280.2,A2002,A0200,AIM-120C-7,ACTIVE,42912.18547737988,10765.918510604839,5941.374725747737,630.3785244548127,B0100,17.30812413544059,Trajectory
280.40000000000003,A2001,A0200,AIM-120C-7,ACTIVE,43033.64065597095,10799.191805432718,5943.358590778257,628.9647536068014,B0100,17.212332815967507,Trajectory
280.40000000000003,A2002,A0200,AIM-120C-7,ACTIVE,43033.64065597095,10799.191805432718,5943.358590778257,628.9647536068014,B0100,17.212332815967507,Trajectory
280.6,A2001,A0200,AIM-120C-7,ACTIVE,43154.82960469516,10832.365383239645,5945.372939196889,627.5519007852566,B0100,17.116508858995577,Trajectory
280.6,A2002,A0200,AIM-120C-7,ACTIVE,43154.82960469516,10832.365383239645,5945.372939196889,627.5519007852566,B0100,17.116508858995577,Trajectory
280.8,A2001,A0200,AIM-120C-7,ACTIVE,43275.75360488386,10865.433772754563,5947.419686595502,626.1369944911548,B0100,17.020361140469312,Trajectory
280.8,A2002,A0200,AIM-120C-7,ACTIVE,43275.75360488386,10865.433772754563,5947.419686595502,626.1369944911548,B0100,17.020361140469312,Trajectory
281.0,A2001,A0200,AIM-120C-7,ACTIVE,43396.41399754309,10898.390972574847,5949.499926764817,624.7226148057126,B0100,16.92401949318202,Trajectory
281.0,A2002,A0200,AIM-120C-7,ACTIVE,43396.41399754309,10898.390972574847,5949.499926764817,624.7226148057126,B0100,16.92401949318202,Trajectory
281.2,A2001,A0200,AIM-120C-7,ACTIVE,43516.812396419526,10931.232920863,5951.61225836884,623.3127397001532,B0100,16.827893037921495,Trajectory
281.2,A2002,A0200,AIM-120C-7,ACTIVE,43516.812396419526,10931.232920863,5951.61225836884,623.3127397001532,B0100,16.827893037921495,Trajectory
281.40000000000003,A2001,A0200,AIM-120C-7,ACTIVE,43636.95046262429,10963.957899400792,5953.754107255275,621.9092516436489,B0100,16.73224350087761,Trajectory
281.40000000000003,A2002,A0200,AIM-120C-7,ACTIVE,43636.95046262429,10963.957899400792,5953.754107255275,621.9092516436489,B0100,16.73224350087761,Trajectory
281.6,A2001,A0200,AIM-120C-7,ACTIVE,43756.82985541167,10996.564325143481,5955.922881673987,620.5106553077088,B0100,16.636957663632288,Trajectory
281.6,A2002,A0200,AIM-120C-7,ACTIVE,43756.82985541167,10996.564325143481,5955.922881673987,620.5106553077088,B0100,16.636957663632288,Trajectory
281.8,A2001,A0200,AIM-120C-7,ACTIVE,43876.45212617954,11029.049731255016,5958.116569212823,619.1155633751154,B0100,16.541951614727473,Trajectory
281.8,A2002,A0200,AIM-120C-7,ACTIVE,43876.45212617954,11029.049731255016,5958.116569212823,619.1155633751154,B0100,16.541951614727473,Trajectory
282.0,A2001,A0200,AIM-120C-7,ACTIVE,43995.81868960824,11061.411139855652,5960.333904664527,617.7225171321691,B0100,16.447129986398398,Trajectory
282.0,A2002,A0200,AIM-120C-7,ACTIVE,43995.81868960824,11061.411139855652,5960.333904664527,617.7225171321691,B0100,16.447129986398398,Trajectory
282.2,A2001,A0200,AIM-120C-7,ACTIVE,44114.93074026115,11093.64440943083,5962.575457975725,616.3280505322641,B0100,16.35217771668471,Trajectory
282.2,A2002,A0200,AIM-120C-7,ACTIVE,44114.93074026115,11093.64440943083,5962.575457975725,616.3280505322641,B0100,16.35217771668471,Trajectory
282.40000000000003,A2001,A0200,AIM-120C-7,ACTIVE,44233.78924189754,11125.74360753617,5964.843534830296,614.9302299383135,B0100,16.256857228121117,Trajectory
282.40000000000003,A2002,A0200,AIM-120C-7,ACTIVE,44233.78924189754,11125.74360753617,5964.843534830296,614.9302299383135,B0100,16.256857228121117,Trajectory
282.6,A2001,A0200,AIM-120C-7,ACTIVE,44352.39522228332,11157.702974738704,5967.139283452688,613.5313754595062,B0100,16.161334278018554,Trajectory
282.6,A2002,A0200,AIM-120C-7,ACTIVE,44352.39522228332,11157.702974738704,5967.139283452688,613.5313754595062,B0100,16.161334278018554,Trajectory
282.8,A2001,A0200,AIM-120C-7,ACTIVE,44470.749825160594,11189.516356286733,5969.463585729763,612.1282688243244,B0100,16.06522063857192,Trajectory
282.8,A2002,A0200,AIM-120C-7,ACTIVE,44470.749825160594,11189.516356286733,5969.463585729763,612.1282688243244,B0100,16.06522063857192,Trajectory
283.0,A2001,A0200,AIM-120C-7,ACTIVE,44588.854186429104,11221.17507477564,5971.817393050227,610.719360693476,B0100,15.968336807478693,Trajectory
283.0,A2002,A0200,AIM-120C-7,ACTIVE,44588.854186429104,11221.17507477564,5971.817393050227,610.719360693476,B0100,15.968336807478693,Trajectory
283.2,A2001,A0200,AIM-120C-7,ACTIVE,44706.70956473468,11252.670153417555,5974.199918115691,609.3059533820827,B0100,15.870846843429115,Trajectory
283.2,A2002,A0200,AIM-120C-7,ACTIVE,44706.70956473468,11252.670153417555,5974.199918115691,609.3059533820827,B0100,15.870846843429115,Trajectory
283.40000000000003,A2001,A0200,AIM-120C-7,ACTIVE,44824.31722632976,11283.993383046127,5976.609912835995,607.8883229822701,B0100,15.772804777777068,Trajectory
283.40000000000003,A2002,A0200,AIM-120C-7,ACTIVE,44824.31722632976,11283.993383046127,5976.609912835995,607.8883229822701,B0100,15.772804777777068,Trajectory
283.6,A2001,A0200,AIM-120C-7,ACTIVE,44941.6783395646,11315.136040178335,5979.047200729553,606.4643242517394,B0100,15.67393800112897,Trajectory
283.6,A2002,A0200,AIM-120C-7,ACTIVE,44941.6783395646,11315.136040178335,5979.047200729553,606.4643242517394,B0100,15.67393800112897,Trajectory
283.8,A2001,A0200,AIM-120C-7,ACTIVE,45058.793882709564,11346.08773213239,5981.513703425094,605.0307910067476,B0100,15.573779480459738,Trajectory
283.8,A2002,A0200,AIM-120C-7,ACTIVE,45058.793882709564,11346.08773213239,5981.513703425094,605.0307910067476,B0100,15.573779480459738,Trajectory
284.0,A2001,A0200,AIM-120C-7,ACTIVE,45175.66470708452,11376.836227774356,5984.012239659609,603.5864590324005,B0100,15.472041208768282,Trajectory
284.0,A2002,A0200,AIM-120C-7,ACTIVE,45175.66470708452,11376.836227774356,5984.012239659609,603.5864590324005,B0100,15.472041208768282,Trajectory
284.2,A2001,A0200,AIM-120C-7,ACTIVE,45292.291690799255,11407.369925068115,5986.544044475806,602.1344905222452,B0100,15.369095270916704,Trajectory
284.2,A2002,A0200,AIM-120C-7,ACTIVE,45292.291690799255,11407.369925068115,5986.544044475806,602.1344905222452,B0100,15.369095270916704,Trajectory
284.40000000000003,A2001,A0200,AIM-120C-7,ACTIVE,45408.67573002882,11437.679485759361,5989.109747308655,600.676880914167,B0100,15.26521067758,Trajectory
284.40000000000003,A2002,A0200,AIM-120C-7,ACTIVE,45408.67573002882,11437.679485759361,5989.109747308655,600.676880914167,B0100,15.26521067758,Trajectory
284.6,A2001,A0200,AIM-120C-7,ACTIVE,45524.81763673621,11467.755675261644,5991.711313278165,599.2116640577159,B0100,15.16000687952841,Trajectory
284.6,A2002,A0200,AIM-120C-7,ACTIVE,45524.81763673621,11467.755675261644,5991.711313278165,599.2116640577159,B0100,15.16000687952841,Trajectory
284.8,A2001,A0200,AIM-120C-7,ACTIVE,45640.71809944375,11497.587853455238,5994.3516047845715,597.7377819054843,B0100,15.053180388160522,Trajectory
284.8,A2002,A0200,AIM-120C-7,ACTIVE,45640.71809944375,11497.587853455238,5994.3516047845715,597.7377819054843,B0100,15.053180388160522,Trajectory
285.0,A2001,A0200,AIM-120C-7,ACTIVE,45756.37783373528,11527.165874739721,5997.031874334783,596.2579152660762,B0100,14.94510148456357,Trajectory
285.0,A2002,A0200,AIM-120C-7,ACTIVE,45756.37783373528,11527.165874739721,5997.031874334783,596.2579152660762,B0100,14.94510148456357,Trajectory
285.2,A2001,A0200,AIM-120C-7,ACTIVE,45871.797569789815,11556.481536281692,5999.752796698571,594.7738083975554,B0100,14.836052261026316,Trajectory
285.2,A2002,A0200,AIM-120C-7,ACTIVE,45871.797569789815,11556.481536281692,5999.752796698571,594.7738083975554,B0100,14.836052261026316,Trajectory
285.40000000000003,A2001,A0200,AIM-120C-7,ACTIVE,45986.977933271,11585.526878523484,6002.516451519195,593.2840100296951,B0100,14.725665202203789,Trajectory
285.40000000000003,A2002,A0200,AIM-120C-7,ACTIVE,45986.977933271,11585.526878523484,6002.516451519195,593.2840100296951,B0100,14.725665202203789,Trajectory
285.6,A2001,A0200,AIM-120C-7,ACTIVE,46101.91940952814,11614.293004141611,6005.325892403317,591.7878827666772,B0100,14.613645950258068,Trajectory
285.6,A2002,A0200,AIM-120C-7,ACTIVE,46101.91940952814,11614.293004141611,6005.325892403317,591.7878827666772,B0100,14.613645950258068,Trajectory
285.8,A2001,A0200,AIM-120C-7,ACTIVE,46216.62252474015,11642.771499964907,6008.182499608492,590.2876947886939,B0100,14.500365876240789,Trajectory
285.8,A2002,A0200,AIM-120C-7,ACTIVE,46216.62252474015,11642.771499964907,6008.182499608492,590.2876947886939,B0100,14.500365876240789,Trajectory
286.0,A2001,A0200,AIM-120C-7,ACTIVE,46331.08782784752,11670.955520199941,6011.087025987558,588.784852422792,B0100,14.386110758914619,Trajectory
286.0,A2002,A0200,AIM-120C-7,ACTIVE,46331.08782784752,11670.955520199941,6011.087025987558,588.784852422792,B0100,14.386110758914619,Trajectory
286.2,A2001,A0200,AIM-120C-7,ACTIVE,46445.315747698456,11698.838669604811,6014.0415326684,587.2788978113913,B0100,14.27067916462702,Trajectory
286.2,A2002,A0200,AIM-120C-7,ACTIVE,46445.315747698456,11698.838669604811,6014.0415326684,587.2788978113913,B0100,14.27067916462702,Trajectory
286.40000000000003,A2001,A0200,AIM-120C-7,ACTIVE,46559.3065987728,11726.414944772796,6017.04861011147,585.7708453550248,B0100,14.154260227856382,Trajectory
286.40000000000003,A2002,A0200,AIM-120C-7,ACTIVE,46559.3065987728,11726.414944772796,6017.04861011147,585.7708453550248,B0100,14.154260227856382,Trajectory
286.6,A2001,A0200,AIM-120C-7,ACTIVE,46673.060609270826,11753.679036561898,6020.111487336233,584.2607458196355,B0100,14.03670682925964,Trajectory
286.6,A2002,A0200,AIM-120C-7,ACTIVE,46673.060609270826,11753.679036561898,6020.111487336233,584.2607458196355,B0100,14.03670682925964,Trajectory
286.8,A2001,A0200,AIM-120C-7,ACTIVE,46786.577947167556,11780.625770372628,6023.233378771761,582.7492427666707,B0100,13.91797712524186,Trajectory
286.8,A2002,A0200,AIM-120C-7,ACTIVE,46786.577947167556,11780.625770372628,6023.233378771761,582.7492427666707,B0100,13.91797712524186,Trajectory
287.0,A2001,A0200,AIM-120C-7,ACTIVE,46899.85895269674,11807.250643126335,6026.4148322996525,581.2384033289065,B0100,13.798636029143635,Trajectory
287.0,A2002,A0200,AIM-120C-7,ACTIVE,46899.85895269674,11807.250643126335,6026.4148322996525,581.2384033289065,B0100,13.798636029143635,Trajectory
287.2,A2001,A0200,AIM-120C-7,ACTIVE,47012.90411947957,11833.550157248677,6029.65454348386,579.7294799437244,B0100,13.679176334493615,Trajectory
287.2,A2002,A0200,AIM-120C-7,ACTIVE,47012.90411947957,11833.550157248677,6029.65454348386,579.7294799437244,B0100,13.679176334493615,Trajectory
287.40000000000003,A2001,A0200,AIM-120C-7,ACTIVE,47125.713959768604,11859.521230266424,6032.950980347647,578.2224722888038,B0100,13.559610488638645,Trajectory
287.40000000000003,A2002,A0200,AIM-120C-7,ACTIVE,47125.713959768604,11859.521230266424,6032.950980347647,578.2224722888038,B0100,13.559610488638645,Trajectory
287.6,A2001,A0200,AIM-120C-7,ACTIVE,47238.28883119574,11885.160849157652,6036.304215056303,576.7168807017065,B0100,13.439628645465593,Trajectory
287.6,A2002,A0200,AIM-120C-7,ACTIVE,47238.28883119574,11885.160849157652,6036.304215056303,576.7168807017065,B0100,13.439628645465593,Trajectory
287.8,A2001,A0200,AIM-120C-7,ACTIVE,47350.62895371848,11910.466098463017,6039.715440460153,575.2129310127642,B0100,13.319042613027262,Trajectory
287.8,A2002,A0200,AIM-120C-7,ACTIVE,47350.62895371848,11910.466098463017,6039.715440460153,575.2129310127642,B0100,13.319042613027262,Trajectory
288.0,A2001,A0200,AIM-120C-7,ACTIVE,47462.73466581942,11935.434337582641,6043.184008221012,573.7117101395178,B0100,13.198247749693726,Trajectory
288.0,A2002,A0200,AIM-120C-7,ACTIVE,47462.73466581942,11935.434337582641,6043.184008221012,573.7117101395178,B0100,13.198247749693726,Trajectory
288.2,A2001,A0200,AIM-120C-7,ACTIVE,47574.60644953301,11960.0631987302,6046.707497145329,572.2136453291143,B0100,13.077618849367072,Trajectory
288.2,A2002,A0200,AIM-120C-7,ACTIVE,47574.60644953301,11960.0631987302,6046.707497145329,572.2136453291143,B0100,13.077618849367072,Trajectory
288.40000000000003,A2001,A0200,AIM-120C-7,ACTIVE,47686.24480532241,11984.350249421235,6050.283146358212,570.7183991120305,B0100,12.957092365552127,Trajectory
288.40000000000003,A2002,A0200,AIM-120C-7,ACTIVE,47686.24480532241,11984.350249421235,6050.283146358212,570.7183991120305,B0100,12.957092365552127,Trajectory
288.6,A2001,A0200,AIM-120C-7,ACTIVE,47797.650077356586,12008.292947349215,6053.90985210364,569.225419887554,B0100,12.836295351002875,Trajectory
288.6,A2002,A0200,AIM-120C-7,ACTIVE,47797.650077356586,12008.292947349215,6053.90985210364,569.225419887554,B0100,12.836295351002875,Trajectory
288.8,A2001,A0200,AIM-120C-7,ACTIVE,47908.822481643925,12031.888807222835,6057.587631696634,567.7349119878683,B0100,12.715032331987253,Trajectory
288.8,A2002,A0200,AIM-120C-7,ACTIVE,47908.822481643925,12031.888807222835,6057.587631696634,567.7349119878683,B0100,12.715032331987253,Trajectory
289.0,A2001,A0200,AIM-120C-7,ACTIVE,48019.76234315255,12055.135517939409,6061.314773849905,566.2475688589988,B0100,12.593690507751491,Trajectory
289.0,A2002,A0200,AIM-120C-7,ACTIVE,48019.76234315255,12055.135517939409,6061.314773849905,566.2475688589988,B0100,12.593690507751491,Trajectory
289.2,A2001,A0200,AIM-120C-7,ACTIVE,48130.470080702726,12078.03083370344,6065.088251926332,564.7634443791342,B0100,12.472589996517497,Trajectory
289.2,A2002,A0200,AIM-120C-7,ACTIVE,48130.470080702726,12078.03083370344,6065.088251926332,564.7634443791342,B0100,12.472589996517497,Trajectory
289.40000000000003,A2001,A0200,AIM-120C-7,ACTIVE,48240.94610625089,12100.572309836825,6068.904840218032,563.2821870333852,B0100,12.351671544574307,Trajectory
289.40000000000003,A2002,A0200,AIM-120C-7,ACTIVE,48240.94610625089,12100.572309836825,6068.904840218032,563.2821870333852,B0100,12.351671544574307,Trajectory
289.6,A2001,A0200,AIM-120C-7,ACTIVE,48351.190748848145,12122.757306425689,6072.762018581497,561.8034354760943,B0100,12.230787893523512,Trajectory
289.6,A2002,A0200,AIM-120C-7,ACTIVE,48351.190748848145,12122.757306425689,6072.762018581497,561.8034354760943,B0100,12.230787893523512,Trajectory
289.8,A2001,A0200,AIM-120C-7,ACTIVE,48461.204179199274,12144.583176023556,6076.659065427597,560.326921151573,B0100,12.10959174640528,Trajectory
289.8,A2002,A0200,AIM-120C-7,ACTIVE,48461.204179199274,12144.583176023556,6076.659065427597,560.326921151573,B0100,12.10959174640528,Trajectory
290.0,A2001,A0200,AIM-120C-7,ACTIVE,48570.986470855074,12166.047457990902,6080.5961368275375,558.8530234218565,B0100,11.987938498737943,Trajectory
290.0,A2002,A0200,AIM-120C-7,ACTIVE,48570.986470855074,12166.047457990902,6080.5961368275375,558.8530234218567,B0100,11.987938498737943,Trajectory
290.2,A2001,A0200,AIM-120C-7,ACTIVE,48680.528479686356,12186.850553729355,6084.6614672671585,556.7105677695681,B0100,11.86636895146112,Trajectory
290.2,A2002,A0200,AIM-120C-7,ACTIVE,48680.52760240211,12186.848294772502,6084.670364462223,556.7054957335357,B0100,11.866370329173886,Trajectory
290.40000000000003,A2001,A0200,AIM-120C-7,ACTIVE,48789.79853205214,12206.741416135153,6088.923424504107,554.5946423778171,B0100,11.745299191090496,Trajectory
290.40000000000003,A2002,A0200,AIM-120C-7,ACTIVE,48789.7965881288,12206.733283174466,6088.940124321499,554.5884797131744,B0100,11.745303709308999,Trajectory
290.6,A2001,A0200,AIM-120C-7,ACTIVE,48898.79453379114,12225.73770367054,6093.352542121336,552.5139732517611,B0100,11.624637018218996,Trajectory
290.6,A2002,A0200,AIM-120C-7,ACTIVE,48898.79108814591,12225.725220081746,6093.382387439157,552.5026319769589,B0100,11.624644165368498,Trajectory
290.8,A2001,A0200,AIM-120C-7,ACTIVE,49007.51394375678,12243.864466936391,6097.933178172187,550.4782733543059,B0100,11.504288419162215,Trajectory
290.8,A2002,A0200,AIM-120C-7,ACTIVE,49007.5086929444,12243.845648935558,6097.975588698722,550.4675760905188,B0100,11.504299329036927,Trajectory
291.0,A2001,A0200,AIM-120C-7,ACTIVE,49115.95570306246,12261.142670254018,6102.639911963246,548.4690697264755,B0100,11.384140187191068,Trajectory
291.0,A2002,A0200,AIM-120C-7,ACTIVE,49115.94769446804,12261.11892769513,6102.707185709941,548.4514191142667,B0100,11.384154554673932,Trajectory
291.2,A2001,A0200,AIM-120C-7,ACTIVE,49224.117170956066,12277.59653515798,6107.4685367825105,546.4991618172077,B0100,11.263870304551777,Trajectory
291.2,A2002,A0200,AIM-120C-7,ACTIVE,49224.10510350289,12277.568396964396,6107.573146038237,546.481758607275,B0100,11.26388850399333,Trajectory
291.40000000000003,A2001,A0200,AIM-120C-7,ACTIVE,49331.996005078516,12293.257782025097,6112.426022282029,544.5653104740364,B0100,11.143366064002292,Trajectory
291.40000000000003,A2002,A0200,AIM-120C-7,ACTIVE,49331.97903149744,12293.219358640343,6112.569382588755,544.5494997235584,B0100,11.143391277568393,Trajectory
291.6,A2001,A0200,AIM-120C-7,ACTIVE,49439.59136400569,12308.153148911808,6117.500169615241,542.6798644983596,B0100,11.02302746224221,Trajectory
291.6,A2002,A0200,AIM-120C-7,ACTIVE,49439.56925893054,12308.10992741578,6117.687779418657,542.6643197979763,B0100,11.023057293836724,Trajectory
291.8,A2001,A0200,AIM-120C-7,ACTIVE,49546.90326856652,12322.294277955412,6122.668283152577,540.799708788506,B0100,10.903090804426562,Trajectory
291.8,A2002,A0200,AIM-120C-7,ACTIVE,49546.876137813146,12322.25615514814,6122.9049669390715,540.7955348267907,B0100,10.903120742284912,Trajectory
292.0,A2001,A0200,AIM-120C-7,ACTIVE,49653.93030234636,12335.697830525,6127.917796426902,538.9591717663413,B0100,10.78345126374852,Trajectory
292.0,A2002,A0200,AIM-120C-7,ACTIVE,49653.89806164407,12335.664577326463,6128.20599075525,538.9460386834123,B0100,10.783481374854762,Trajectory
292.2,A2001,A0200,AIM-120C-7,ACTIVE,49760.6722581021,12348.373183203645,6133.228139467076,537.1271418767174,B0100,10.664029525423638,Trajectory
292.2,A2002,A0200,AIM-120C-7,ACTIVE,49760.63470866893,12348.346572215152,6133.568341047956,537.1168110536635,B0100,10.664059227100068,Trajectory
292.40000000000003,A2001,A0200,AIM-120C-7,ACTIVE,49867.12774807972,12360.332950765302,6138.590352931775,535.3233878913073,B0100,10.544722663345617,Trajectory
292.40000000000003,A2002,A0200,AIM-120C-7,ACTIVE,49867.08519980415,12360.319624609861,6138.983535851666,535.325260231753,B0100,10.54474885014073,Trajectory
292.6,A2001,A0200,AIM-120C-7,ACTIVE,49973.29594127792,12371.597858086094,6144.0052682518335,533.5585369805093,B0100,10.425337751164758,Trajectory
292.6,A2002,A0200,AIM-120C-7,ACTIVE,49973.24848895048,12371.601293806056,6144.457410503089,533.5509544801472,B0100,10.425358623800095,Trajectory
292.8,A2001,A0200,AIM-120C-7,ACTIVE,50079.1781802901,12382.194467489266,6149.4641175041525,531.8134922078856,B0100,10.306117038917362,Trajectory
292.8,A2002,A0200,AIM-120C-7,ACTIVE,50079.125235946594,12382.214286418104,6149.978853846745,531.8031205060666,B0100,10.306133149907662,Trajectory
293.0,A2001,A0200,AIM-120C-7,ACTIVE,50184.77392701962,12392.13147427138,6154.953215702281,530.0916742000223,B0100,10.18703149287515,Trajectory
293.0,A2002,A0200,AIM-120C-7,ACTIVE,50184.71507598189,12392.168187093364,6155.53405910503,530.0861977932577,B0100,10.187042869650615,Trajectory
293.2,A2001,A0200,AIM-120C-7,ACTIVE,50290.08326424875,12401.430478251115,6160.473105391973,528.4101030272086,B0100,10.06786371037365,Trajectory
293.2,A2002,A0200,AIM-120C-7,ACTIVE,50290.018217456374,12401.483717314122,6161.123835264173,528.4014751765206,B0100,10.067870614736327,Trajectory
293.40000000000003,A2001,A0200,AIM-120C-7,ACTIVE,50395.10753526688,12410.11332570702,6166.022700449266,526.737627079821,B0100,9.948847899954913,Trajectory
293.40000000000003,A2002,A0200,AIM-120C-7,ACTIVE,50395.03484761941,12410.177162730235,6166.750268308,526.7220336469328,B0100,9.94885381611492,Trajectory
293.6,A2001,A0200,AIM-120C-7,ACTIVE,50499.84570874597,12418.187946847389,6171.5975653665555,525.0958923898019,B0100,9.829994082475341,Trajectory
293.6,A2002,A0200,AIM-120C-7,ACTIVE,50499.76391723336,12418.251394401144,6172.399177277586,525.0632286492646,B0100,9.830005045673222,Trajectory
293.8,A2001,A0200,AIM-120C-7,ACTIVE,50604.29790974503,12425.664680256938,6177.193789649858,523.4628019105819,B0100,9.711192100808415,Trajectory
293.8,A2002,A0200,AIM-120C-7,ACTIVE,50604.20655146534,12425.7241897686,6178.059382498768,523.4342114580403,B0100,9.711210462281187,Trajectory
294.0,A2001,A0200,AIM-120C-7,ACTIVE,50708.46510063341,12432.562877382508,6182.804028287102,521.8713867033869,B0100,9.59215976688459,Trajectory
294.0,A2002,A0200,AIM-120C-7,ACTIVE,50708.364381086634,12432.620215161796,6183.732633025923,521.8420588605104,B0100,9.592184629244413,Trajectory
294.2,A2001,A0200,AIM-120C-7,ACTIVE,50812.35086951553,12438.918161391977,6188.430321037862,520.3247138413074,B0100,9.472844277994952,Trajectory
294.2,A2002,A0200,AIM-120C-7,ACTIVE,50812.2406407371,12438.97159218001,6189.419559762611,520.2879793830298,B0100,9.472876590752142,Trajectory
294.40000000000003,A2001,A0200,AIM-120C-7,ACTIVE,50915.95819161278,12444.754384306902,6194.069817399428,518.798989199034,B0100,9.353619560179306,Trajectory
294.40000000000003,A2002,A0200,AIM-120C-7,ACTIVE,50915.83804608749,12444.799527931833,6195.112309297917,518.7565162221607,B0100,9.353661852096248,Trajectory
294.6,A2001,A0200,AIM-120C-7,ACTIVE,51019.28759547991,12450.07503429229,6199.708545526136,517.2743747758135,B0100,9.234635604758132,Trajectory
294.6,A2002,A0200,AIM-120C-7,ACTIVE,51019.157810031975,12450.111045672205,6200.79115491727,517.2365309610198,B0100,9.2346885977202,Trajectory
294.8,A2001,A0200,AIM-120C-7,ACTIVE,51122.33856734338,12454.881827279745,6205.334665831387,515.7667529318162,B0100,9.115775905801996,Trajectory
294.8,A2002,A0200,AIM-120C-7,ACTIVE,51122.19905138374,12454.904178731558,6206.448812091185,515.7156045477719,B0100,9.115841951653028,Trajectory
295.0,A2001,A0200,AIM-120C-7,ACTIVE,51225.11207197225,12459.18312958743,6210.935701919435,514.2741938083428,B0100,8.996968819078361,Trajectory
295.0,A2002,A0200,AIM-120C-7,ACTIVE,51224.96114111215,12459.182406738128,6212.079172931144,514.2121874302952,B0100,8.997053411208636,Trajectory
295.2,A2001,A0200,AIM-120C-7,ACTIVE,51327.60853588336,12462.985952058414,6216.506837911211,512.7894151286558,B0100,8.878174185254737,Trajectory
295.2,A2002,A0200,AIM-120C-7,ACTIVE,51327.44528997505,12462.956777667836,6217.671408080431,512.7323446032289,B0100,8.878280707418392,Trajectory
295.40000000000003,A2001,A0200,AIM-120C-7,ACTIVE,51429.82757086134,12466.292955388464,6222.043297518391,511.3183170313948,B0100,8.75938006113919,Trajectory
295.40000000000003,A2002,A0200,AIM-120C-7,ACTIVE,51429.65419006031,12466.248696629777,6223.227625942478,511.27649775848533,B0100,8.759501104286457,Trajectory
295.6,A2001,A0200,AIM-120C-7,ACTIVE,51531.77033867486,12469.115322750295,6227.540856370883,509.86445496006877,B0100,8.640590996088646,Trajectory
295.6,A2002,A0200,AIM-120C-7,ACTIVE,51531.5885122524,12469.06625874099,6228.750938498167,509.83085504417323,B0100,8.640720532700229,Trajectory
295.8,A2001,A0200,AIM-120C-7,ACTIVE,51633.43833301555,12471.47065625762,6233.010845108785,508.4468742617427,B0100,8.521787801657197,Trajectory
295.8,A2002,A0200,AIM-120C-7,ACTIVE,51633.24744812959,12471.411377275637,6234.242766499768,508.4032954170638,B0100,8.521928747989366,Trajectory
296.0,A2001,A0200,AIM-120C-7,ACTIVE,51734.83330377043,12473.378663009675,6238.478493172238,507.0507176997922,B0100,8.402769382306316,Trajectory
296.0,A2002,A0200,AIM-120C-7,ACTIVE,51734.634025877145,12473.310218593513,6239.717289081518,507.0166174678938,B0100,8.402921340309284,Trajectory
296.2,A2001,A0200,AIM-120C-7,ACTIVE,51835.95992281699,12474.874850966138,6243.95851870354,505.70090244837473,B0100,8.28347224706374,Trajectory
296.2,A2002,A0200,AIM-120C-7,ACTIVE,51835.7528293351,12474.797624507455,6245.201475144295,505.6626810726082,B0100,8.28363462764559,Trajectory
296.40000000000003,A2001,A0200,AIM-120C-7,ACTIVE,51936.82172804732,12475.975681623606,6249.448642037098,504.35650892378845,B0100,8.164191633295538,Trajectory
296.40000000000003,A2002,A0200,AIM-120C-7,ACTIVE,51936.60738015351,12475.893468170474,6250.695659565435,504.3248879314616,B0100,8.164362405599954,Trajectory
296.6,A2001,A0200,AIM-120C-7,ACTIVE,52037.4196676464,12476.684662641395,6254.932060165019,503.0350004948012,B0100,8.045030713199797,Trajectory
296.6,A2002,A0200,AIM-120C-7,ACTIVE,52037.19840633163,12476.600267384545,6256.190135128502,502.9977270951904,B0100,8.045208131504433,Trajectory
296.8,A2001,A0200,AIM-120C-7,ACTIVE,52137.75596944359,12477.009392119027,6260.396478258195,501.7109903128801,B0100,7.92591003570267,Trajectory
296.8,A2002,A0200,AIM-120C-7,ACTIVE,52137.52687720193,12476.920160142448,6261.6679094716155,501.68450981814044,B0100,7.926095920843959,Trajectory
297.0,A2001,A0200,AIM-120C-7,ACTIVE,52237.82881017118,12476.94446613093,6265.844520584651,500.39148996818784,B0100,7.806804375901124,Trajectory
297.0,A2002,A0200,AIM-120C-7,ACTIVE,52237.59426703241,12476.861102224651,6267.12786323037,500.3722736333629,B0100,7.806992310532233,Trajectory
297.2,A2001,A0200,AIM-120C-7,ACTIVE,52337.63896759434,12476.49741337844,6271.278263721454,499.0921667187392,B0100,7.687707968467678,Trajectory
297.2,A2002,A0200,AIM-120C-7,ACTIVE,52337.400401734936,12476.422718969901,6272.56100529879,499.07028572255535,B0100,7.687896109941673,Trajectory
297.40000000000003,A2001,A0200,AIM-120C-7,ACTIVE,52437.18802637796,12475.679935629474,6276.707165429771,497.808953734965,B0100,7.568601661400181,Trajectory
297.40000000000003,A2002,A0200,AIM-120C-7,ACTIVE,52436.945671718175,12475.611640391522,6277.977234531863,497.7844490380434,B0100,7.568791263456142,Trajectory
297.6,A2001,A0200,AIM-120C-7,ACTIVE,52536.47859108331,12474.51070009288,6282.143742451704,496.5512188241397,B0100,7.449305694128908,Trajectory
297.6,A2002,A0200,AIM-120C-7,ACTIVE,52536.23300288695,12474.450722930584,6283.399150378101,496.53399801202835,B0100,7.449495524131642,Trajectory
297.8,A2001,A0200,AIM-120C-7,ACTIVE,52635.51600695957,12473.020766056823,6287.601002910844,495.33605365415053,B0100,7.329759580321619,Trajectory
297.8,A2002,A0200,AIM-120C-7,ACTIVE,52635.269044379085,12472.979033848736,6288.845854926048,495.33062159616685,B0100,7.329943747325322,Trajectory
298.0,A2001,A0200,AIM-120C-7,ACTIVE,52734.3049969699,12471.230178372713,6293.077690977253,494.13250770133817,B0100,7.21021072815127,Trajectory
298.0,A2002,A0200,AIM-120C-7,ACTIVE,52734.05878264459,12471.213028092423,6294.307272599992,494.1333550097637,B0100,7.210385015812349,Trajectory
298.2,A2001,A0200,AIM-120C-7,ACTIVE,52832.84680285113,12469.137935485693,6298.554822034364,492.93101814541745,B0100,7.090726961831674,Trajectory
298.2,A2002,A0200,AIM-120C-7,ACTIVE,52832.60137077304,12469.14254679478,6299.766982294107,492.9184651362702,B0100,7.090892625001336,Trajectory
298.40000000000003,A2001,A0200,AIM-120C-7,ACTIVE,52931.14165809669,12466.744498781405,6304.028520270325,491.7345295186076,B0100,6.971240915610022,Trajectory
298.40000000000003,A2002,A0200,AIM-120C-7,ACTIVE,52930.895424867515,12466.765024487906,6305.226417516205,491.7206690814158,B0100,6.971401632752266,Trajectory
298.6,A2001,A0200,AIM-120C-7,ACTIVE,53029.189863344196,12464.051765389995,6309.498956472809,490.5442239441571,B0100,6.851730738235175,Trajectory
298.6,A2002,A0200,AIM-120C-7,ACTIVE,53028.94433778171,12464.090858464562,6310.665499275023,490.54489723270086,B0100,6.851884896443192,Trajectory
298.8,A2001,A0200,AIM-120C-7,ACTIVE,53126.99257504313,12461.064056341886,6314.95986422958,489.3685516556502,B0100,6.7321988865302815,Trajectory
298.8,A2002,A0200,AIM-120C-7,ACTIVE,53126.74986483074,12461.125443059342,6316.0864366065225,489.35700126575944,B0100,6.732343488770156,Trajectory
299.0,A2001,A0200,AIM-120C-7,ACTIVE,53224.55200554443,12457.790864613866,6320.413520918333,488.19854454052046,B0100,6.612637039249036,Trajectory
299.0,A2002,A0200,AIM-120C-7,ACTIVE,53224.31039641277,12457.868548419405,6321.503229538692,488.19693014089484,B0100,6.612775895604174,Trajectory
299.2,A2001,A0200,AIM-120C-7,ACTIVE,53321.869221096444,12454.246864695602,6325.884331400811,487.0715550978708,B0100,6.492893747760806,Trajectory
299.2,A2002,A0200,AIM-120C-7,ACTIVE,53321.630575619165,12454.345610152315,6326.93460866946,487.0703725911632,B0100,6.493023332764717,Trajectory
299.40000000000003,A2001,A0200,AIM-120C-7,ACTIVE,53418.953084957386,12450.474817457749,6331.390443032098,485.9647646714539,B0100,6.372899051022574,Trajectory
299.40000000000003,A2002,A0200,AIM-120C-7,ACTIVE,53418.71714573485,12450.590221136434,6332.398370939099,485.96534701923974,B0100,6.373021480034503,Trajectory
299.6,A2001,A0200,AIM-120C-7,ACTIVE,53515.80449785726,12446.477237999368,6336.933645403325,484.8665342538433,B0100,6.252868344043677,Trajectory
299.6,A2002,A0200,AIM-120C-7,ACTIVE,53515.572978065095,12446.614111084367,6337.895603192399,484.87313658712173,B0100,6.252980350464047,Trajectory
299.8,A2001,A0200,AIM-120C-7,ACTIVE,53612.42650129714,12442.257561319166,6342.489941453021,483.7779665734637,B0100,6.13284347863004,Trajectory
299.8,A2002,A0200,AIM-120C-7,ACTIVE,53612.19855111143,12442.408428940356,6343.401841798479,483.7712310613033,B0100,6.132949053864709,Trajectory
