Time_s,Agent_ID,Radar_Type,Status,Target_ID,Target_Distance_km,SNR_dB,Doppler_Shift_m_s,Lock_Quality,Beam_Angle_deg,Side
0.0,A0100,AN/APG-68(V)9,SEARCH,B0100,89.07342742005027,0.0,0.0,0.0,0.0,Friendly
0.0,A0200,AN/APG-68(V)9,SEARCH,B0200,89.07361760648132,0.0,0.0,0.0,0.0,Friendly
0.0,B0100,N001VE,SEARCH,None,0.0,0.0,0.0,0.0,0.0,Enemy
0.0,B0200,N001VE,SEARCH,None,0.0,0.0,0.0,0.0,0.0,Enemy
0.2,A0100,AN/APG-68(V)9,SEARCH,B0100,88.92741216864722,0.0,0.0,0.0,0.0,Friendly
0.2,A0200,AN/APG-68(V)9,SEARCH,B0200,88.92839147516621,0.0,0.0,0.0,0.0,Friendly
0.2,B0100,N001VE,SEARCH,None,0.0,0.0,0.0,0.0,0.0,Enemy
0.2,B0200,N001VE,SEARCH,None,0.0,0.0,0.0,0.0,0.0,Enemy
0.4,A0100,AN/APG-68(V)9,SEARCH,B0100,88.78162371275216,0.0,0.0,0.0,0.0,Friendly
0.4,A0200,AN/APG-68(V)9,SEARCH,B0200,88.78423143651217,0.0,0.0,0.0,0.0,Friendly
0.4,B0100,N001VE,SEARCH,None,0.0,0.0,0.0,0.0,0.0,Enemy
0.4,B0200,N001VE,SEARCH,None,0.0,0.0,0.0,0.0,0.0,Enemy
0.6000000000000001,A0100,AN/APG-68(V)9,SEARCH,B0100,88.63603501594794,0.0,0.0,0.0,0.0,Friendly
0.6000000000000001,A0200,AN/APG-68(V)9,SEARCH,B0200,88.64121126285765,0.0,0.0,0.0,0.0,Friendly
0.6000000000000001,B0100,N001VE,SEARCH,None,0.0,0.0,0.0,0.0,0.0,Enemy
0.6000000000000001,B0200,N001VE,SEARCH,None,0.0,0.0,0.0,0.0,0.0,Enemy
0.8,A0100,AN/APG-68(V)9,SEARCH,B0100,88.49067300133188,0.0,0.0,0.0,0.0,Friendly
0.8,A0200,AN/APG-68(V)9,SEARCH,B0100,88.4984012563831,0.0,0.0,0.0,0.0,Friendly
0.8,B0100,N001VE,SEARCH,None,0.0,0.0,0.0,0.0,0.0,Enemy
0.8,B0200,N001VE,SEARCH,None,0.0,0.0,0.0,0.0,0.0,Enemy
1.0,A0100,AN/APG-68(V)9,SEARCH,B0100,88.34550629211492,0.0,0.0,0.0,0.0,Friendly
1.0,A0200,AN/APG-68(V)9,SEARCH,B0100,88.3566202817318,0.0,0.0,0.0,0.0,Friendly
1.0,B0100,N001VE,SEARCH,None,0.0,0.0,0.0,0.0,0.0,Enemy
1.0,B0200,N001VE,SEARCH,None,0.0,0.0,0.0,0.0,0.0,Enemy
1.2000000000000002,A0100,AN/APG-68(V)9,SEARCH,B0100,88.20055949552247,0.0,0.0,0.0,0.0,Friendly
1.2000000000000002,A0200,AN/APG-68(V)9,SEARCH,B0100,88.21611382992711,0.0,0.0,0.0,0.0,Friendly
1.2000000000000002,B0100,N001VE,SEARCH,None,0.0,0.0,0.0,0.0,0.0,Enemy
1.2000000000000002,B0200,N001VE,SEARCH,None,0.0,0.0,0.0,0.0,0.0,Enemy
1.4000000000000001,A0100,AN/APG-68(V)9,SEARCH,B0100,88.05579878818716,0.0,0.0,0.0,0.0,Friendly
1.4000000000000001,A0200,AN/APG-68(V)9,SEARCH,B0100,88.07694251282736,0.0,0.0,0.0,0.0,Friendly
1.4000000000000001,B0100,N001VE,SEARCH,None,0.0,0.0,0.0,0.0,0.0,Enemy
1.4000000000000001,B0200,N001VE,SEARCH,None,0.0,0.0,0.0,0.0,0.0,Enemy
1.6,A0100,AN/APG-68(V)9,SEARCH,B0100,87.91124627385229,0.0,0.0,0.0,0.0,Friendly
1.6,A0200,AN/APG-68(V)9,SEARCH,B0100,87.9391490635992,0.0,0.0,0.0,0.0,Friendly
1.6,B0100,N001VE,SEARCH,None,0.0,0.0,0.0,0.0,0.0,Enemy
1.6,B0200,N001VE,SEARCH,None,0.0,0.0,0.0,0.0,0.0,Enemy
1.8,A0100,AN/APG-68(V)9,SEARCH,B0100,87.76686533413235,0.0,0.0,0.0,0.0,Friendly
1.8,A0200,AN/APG-68(V)9,SEARCH,B0100,87.80254686584726,0.0,0.0,0.0,0.0,Friendly
1.8,B0100,N001VE,SEARCH,None,0.0,0.0,0.0,0.0,0.0,Enemy
1.8,B0200,N001VE,SEARCH,None,0.0,0.0,0.0,0.0,0.0,Enemy
2.0,A0100,AN/APG-68(V)9,SEARCH,B0100,87.62267488338094,0.0,0.0,0.0,0.0,Friendly
2.0,A0200,AN/APG-68(V)9,SEARCH,B0100,87.66705417685358,0.0,0.0,0.0,0.0,Friendly
2.0,B0100,N001VE,SEARCH,None,0.0,0.0,0.0,0.0,0.0,Enemy
2.0,B0200,N001VE,SEARCH,None,0.0,0.0,0.0,0.0,0.0,Enemy
2.2,A0100,AN/APG-68(V)9,SEARCH,B0100,87.47863476441776,0.0,0.0,0.0,0.0,Friendly
2.2,A0200,AN/APG-68(V)9,SEARCH,B0100,87.53229853323616,0.0,0.0,0.0,0.0,Friendly
2.2,B0100,N001VE,SEARCH,None,0.0,0.0,0.0,0.0,0.0,Enemy
2.2,B0200,N001VE,SEARCH,None,0.0,0.0,0.0,0.0,0.0,Enemy
2.4000000000000004,A0100,AN/APG-68(V)9,SEARCH,B0100,87.33475999162306,0.0,0.0,0.0,0.0,Friendly
2.4000000000000004,A0200,AN/APG-68(V)9,SEARCH,B0100,87.39785825678413,0.0,0.0,0.0,0.0,Friendly
2.4000000000000004,B0100,N001VE,SEARCH,None,0.0,0.0,0.0,0.0,0.0,Enemy
2.4000000000000004,B0200,N001VE,SEARCH,None,0.0,0.0,0.0,0.0,0.0,Enemy
2.6,A0100,AN/APG-68(V)9,SEARCH,B0100,87.19100641556453,0.0,0.0,0.0,0.0,Friendly
2.6,A0200,AN/APG-68(V)9,SEARCH,B0100,87.26353040166673,0.0,0.0,0.0,0.0,Friendly
2.6,B0100,N001VE,SEARCH,None,0.0,0.0,0.0,0.0,0.0,Enemy
2.6,B0200,N001VE,SEARCH,None,0.0,0.0,0.0,0.0,0.0,Enemy
2.8000000000000003,A0100,AN/APG-68(V)9,SEARCH,B0100,87.04738501688773,0.0,0.0,0.0,0.0,Friendly
2.8000000000000003,A0200,AN/APG-68(V)9,SEARCH,B0100,87.12924708773409,0.0,0.0,0.0,0.0,Friendly
2.8000000000000003,B0100,N001VE,SEARCH,None,0.0,0.0,0.0,0.0,0.0,Enemy
2.8000000000000003,B0200,N001VE,SEARCH,None,0.0,0.0,0.0,0.0,0.0,Enemy
3.0,A0100,AN/APG-68(V)9,SEARCH,B0100,86.90381186372439,0.0,0.0,0.0,0.0,Friendly
3.0,A0200,AN/APG-68(V)9,SEARCH,B0100,86.99493609481871,0.0,0.0,0.0,0.0,Friendly
3.0,B0100,N001VE,SEARCH,None,0.0,0.0,0.0,0.0,0.0,Enemy
3.0,B0200,N001VE,SEARCH,None,0.0,0.0,0.0,0.0,0.0,Enemy
3.2,A0100,AN/APG-68(V)9,SEARCH,B0100,86.76028479852337,0.0,0.0,0.0,0.0,Friendly
3.2,A0200,AN/APG-68(V)9,SEARCH,B0100,86.86059755080353,0.0,0.0,0.0,0.0,Friendly
3.2,B0100,N001VE,SEARCH,None,0.0,0.0,0.0,0.0,0.0,Enemy
3.2,B0200,N001VE,SEARCH,None,0.0,0.0,0.0,0.0,0.0,Enemy
3.4000000000000004,A0100,AN/APG-68(V)9,SEARCH,B0100,86.61681516638608,0.0,0.0,0.0,0.0,Friendly
3.4000000000000004,A0200,AN/APG-68(V)9,SEARCH,B0100,86.7262474189228,0.0,0.0,0.0,0.0,Friendly
3.4000000000000004,B0100,N001VE,SEARCH,None,0.0,0.0,0.0,0.0,0.0,Enemy
3.4000000000000004,B0200,N001VE,SEARCH,None,0.0,0.0,0.0,0.0,0.0,Enemy
3.6,A0100,AN/APG-68(V)9,SEARCH,B0100,86.47337252485111,0.0,0.0,0.0,0.0,Friendly
3.6,A0200,AN/APG-68(V)9,SEARCH,B0100,86.59188479764073,0.0,0.0,0.0,0.0,Friendly
3.6,B0100,N001VE,SEARCH,None,0.0,0.0,0.0,0.0,0.0,Enemy
3.6,B0200,N001VE,SEARCH,None,0.0,0.0,0.0,0.0,0.0,Enemy
3.8000000000000003,A0100,AN/APG-68(V)9,SEARCH,B0100,86.32998639209562,0.0,0.0,0.0,0.0,Friendly
3.8000000000000003,A0200,AN/APG-68(V)9,SEARCH,B0100,86.45753999679222,0.0,0.0,0.0,0.0,Friendly
3.8000000000000003,B0100,N001VE,SEARCH,None,0.0,0.0,0.0,0.0,0.0,Enemy
3.8000000000000003,B0200,N001VE,SEARCH,None,0.0,0.0,0.0,0.0,0.0,Enemy
4.0,A0100,AN/APG-68(V)9,SEARCH,B0100,86.18663048110155,0.0,0.0,0.0,0.0,Friendly
4.0,A0200,AN/APG-68(V)9,SEARCH,B0100,86.32321712537512,0.0,0.0,0.0,0.0,Friendly
4.0,B0100,N001VE,SEARCH,None,0.0,0.0,0.0,0.0,0.0,Enemy
4.0,B0200,N001VE,SEARCH,None,0.0,0.0,0.0,0.0,0.0,Enemy
4.2,A0100,AN/APG-68(V)9,SEARCH,B0100,86.04333370723192,0.0,0.0,0.0,0.0,Friendly
4.2,A0200,AN/APG-68(V)9,SEARCH,B0100,86.18894780769645,0.0,0.0,0.0,0.0,Friendly
4.2,B0100,N001VE,SEARCH,None,0.0,0.0,0.0,0.0,0.0,Enemy
4.2,B0200,N001VE,SEARCH,None,0.0,0.0,0.0,0.0,0.0,Enemy
4.4,A0100,AN/APG-68(V)9,SEARCH,B0100,85.90006764111573,0.0,0.0,0.0,0.0,Friendly
4.4,A0200,AN/APG-68(V)9,SEARCH,B0100,86.05475708557661,0.0,0.0,0.0,0.0,Friendly
4.4,B0100,N001VE,SEARCH,None,0.0,0.0,0.0,0.0,0.0,Enemy
4.4,B0200,N001VE,SEARCH,None,0.0,0.0,0.0,0.0,0.0,Enemy
4.6000000000000005,A0100,AN/APG-68(V)9,SEARCH,B0100,85.75686043894537,0.0,0.0,0.0,0.0,Friendly
4.6000000000000005,A0200,AN/APG-68(V)9,SEARCH,B0100,85.92073632881814,0.0,0.0,0.0,0.0,Friendly
4.6000000000000005,B0100,N001VE,SEARCH,None,0.0,0.0,0.0,0.0,0.0,Enemy
4.6000000000000005,B0200,N001VE,SEARCH,None,0.0,0.0,0.0,0.0,0.0,Enemy
4.800000000000001,A0100,AN/APG-68(V)9,SEARCH,B0100,85.61368312959765,0.0,0.0,0.0,0.0,Friendly
4.800000000000001,A0200,AN/APG-68(V)9,SEARCH,B0100,85.78682534701034,0.0,0.0,0.0,0.0,Friendly
4.800000000000001,B0100,N001VE,SEARCH,None,0.0,0.0,0.0,0.0,0.0,Enemy
4.800000000000001,B0200,N001VE,SEARCH,None,0.0,0.0,0.0,0.0,0.0,Enemy
5.0,A0100,AN/APG-68(V)9,SEARCH,B0100,85.4705635500633,0.0,0.0,0.0,0.0,Friendly
5.0,A0200,AN/APG-68(V)9,SEARCH,B0100,85.6530474930457,0.0,0.0,0.0,0.0,Friendly
5.0,B0100,N001VE,SEARCH,None,0.0,0.0,0.0,0.0,0.0,Enemy
5.0,B0200,N001VE,SEARCH,None,0.0,0.0,0.0,0.0,0.0,Enemy
5.2,A0100,AN/APG-68(V)9,SEARCH,B0100,85.32747265358441,0.0,0.0,0.0,0.0,Friendly
5.2,A0200,AN/APG-68(V)9,SEARCH,B0100,85.51941631754453,0.0,0.0,0.0,0.0,Friendly
5.2,B0100,N001VE,SEARCH,None,0.0,0.0,0.0,0.0,0.0,Enemy
5.2,B0200,N001VE,SEARCH,None,0.0,0.0,0.0,0.0,0.0,Enemy
5.4,A0100,AN/APG-68(V)9,SEARCH,B0100,85.18443807700963,0.0,0.0,0.0,0.0,Friendly
5.4,A0200,AN/APG-68(V)9,SEARCH,B0100,85.38601178292448,0.0,0.0,0.0,0.0,Friendly
5.4,B0100,N001VE,SEARCH,None,0.0,0.0,0.0,0.0,0.0,Enemy
5.4,B0200,N001VE,SEARCH,None,0.0,0.0,0.0,0.0,0.0,Enemy
5.6000000000000005,A0100,AN/APG-68(V)9,SEARCH,B0100,85.04139539970588,0.0,0.0,0.0,0.0,Friendly
5.6000000000000005,A0200,AN/APG-68(V)9,SEARCH,B0100,85.25276424256421,0.0,0.0,0.0,0.0,Friendly
5.6000000000000005,B0100,N001VE,SEARCH,None,0.0,0.0,0.0,0.0,0.0,Enemy
5.6000000000000005,B0200,N001VE,SEARCH,None,0.0,0.0,0.0,0.0,0.0,Enemy
5.800000000000001,A0100,AN/APG-68(V)9,SEARCH,B0100,84.89836121135656,0.0,0.0,0.0,0.0,Friendly
5.800000000000001,A0200,AN/APG-68(V)9,SEARCH,B0100,85.11970065911179,0.0,0.0,0.0,0.0,Friendly
5.800000000000001,B0100,N001VE,SEARCH,None,0.0,0.0,0.0,0.0,0.0,Enemy
5.800000000000001,B0200,N001VE,SEARCH,None,0.0,0.0,0.0,0.0,0.0,Enemy
6.0,A0100,AN/APG-68(V)9,SEARCH,B0100,84.7553672631124,0.0,0.0,0.0,0.0,Friendly
6.0,A0200,AN/APG-68(V)9,SEARCH,B0100,84.9868955460753,0.0,0.0,0.0,0.0,Friendly
6.0,B0100,N001VE,SEARCH,None,0.0,0.0,0.0,0.0,0.0,Enemy
6.0,B0200,N001VE,SEARCH,None,0.0,0.0,0.0,0.0,0.0,Enemy
6.2,A0100,AN/APG-68(V)9,SEARCH,B0100,84.61239412816496,0.0,0.0,0.0,0.0,Friendly
6.2,A0200,AN/APG-68(V)9,SEARCH,B0100,84.8543099984781,0.0,0.0,0.0,0.0,Friendly
6.2,B0100,N001VE,SEARCH,None,0.0,0.0,0.0,0.0,0.0,Enemy
6.2,B0200,N001VE,SEARCH,None,0.0,0.0,0.0,0.0,0.0,Enemy
6.4,A0100,AN/APG-68(V)9,SEARCH,B0100,84.46947180811351,0.0,0.0,0.0,0.0,Friendly
6.4,A0200,AN/APG-68(V)9,SEARCH,B0100,84.72197297236454,0.0,0.0,0.0,0.0,Friendly
6.4,B0100,N001VE,SEARCH,None,0.0,0.0,0.0,0.0,0.0,Enemy
6.4,B0200,N001VE,SEARCH,None,0.0,0.0,0.0,0.0,0.0,Enemy
6.6000000000000005,A0100,AN/APG-68(V)9,SEARCH,B0100,84.32657457277261,0.0,0.0,0.0,0.0,Friendly
6.6000000000000005,A0200,AN/APG-68(V)9,SEARCH,B0100,84.58992239502132,0.0,0.0,0.0,0.0,Friendly
6.6000000000000005,B0100,N001VE,SEARCH,None,0.0,0.0,0.0,0.0,0.0,Enemy
6.6000000000000005,B0200,N001VE,SEARCH,None,0.0,0.0,0.0,0.0,0.0,Enemy
6.800000000000001,A0100,AN/APG-68(V)9,SEARCH,B0100,84.1837311265007,0.0,0.0,0.0,0.0,Friendly
6.800000000000001,A0200,AN/APG-68(V)9,SEARCH,B0100,84.45815463088005,0.0,0.0,0.0,0.0,Friendly
6.800000000000001,B0100,N001VE,SEARCH,None,0.0,0.0,0.0,0.0,0.0,Enemy
6.800000000000001,B0200,N001VE,SEARCH,None,0.0,0.0,0.0,0.0,0.0,Enemy
7.0,A0100,AN/APG-68(V)9,SEARCH,B0100,84.04091350783175,0.0,0.0,0.0,0.0,Friendly
7.0,A0200,AN/APG-68(V)9,SEARCH,B0100,84.32666961072171,0.0,0.0,0.0,0.0,Friendly
7.0,B0100,N001VE,SEARCH,None,0.0,0.0,0.0,0.0,0.0,Enemy
7.0,B0200,N001VE,SEARCH,None,0.0,0.0,0.0,0.0,0.0,Enemy
7.2,A0100,AN/APG-68(V)9,SEARCH,B0100,83.89814961420228,0.0,0.0,0.0,0.0,Friendly
7.2,A0200,AN/APG-68(V)9,SEARCH,B0100,84.19552136777085,0.0,0.0,0.0,0.0,Friendly
7.2,B0100,N001VE,SEARCH,None,0.0,0.0,0.0,0.0,0.0,Enemy
7.2,B0200,N001VE,SEARCH,None,0.0,0.0,0.0,0.0,0.0,Enemy
7.4,A0100,AN/APG-68(V)9,SEARCH,B0100,83.7554109231753,0.0,0.0,0.0,0.0,Friendly
7.4,A0200,AN/APG-68(V)9,SEARCH,B0100,84.06469249560361,0.0,0.0,0.0,0.0,Friendly
7.4,B0100,N001VE,SEARCH,None,0.0,0.0,0.0,0.0,0.0,Enemy
7.4,B0200,N001VE,SEARCH,None,0.0,0.0,0.0,0.0,0.0,Enemy
7.6000000000000005,A0100,AN/APG-68(V)9,SEARCH,B0100,83.61272502911694,0.0,0.0,0.0,0.0,Friendly
7.6000000000000005,A0200,AN/APG-68(V)9,SEARCH,B0100,83.9342097321943,0.0,0.0,0.0,0.0,Friendly
7.6000000000000005,B0100,N001VE,SEARCH,None,0.0,0.0,0.0,0.0,0.0,Enemy
7.6000000000000005,B0200,N001VE,SEARCH,None,0.0,0.0,0.0,0.0,0.0,Enemy
7.800000000000001,A0100,AN/APG-68(V)9,SEARCH,B0100,83.47002824031334,0.0,0.0,0.0,0.0,Friendly
7.800000000000001,A0200,AN/APG-68(V)9,SEARCH,B0100,83.80407212681786,0.0,0.0,0.0,0.0,Friendly
7.800000000000001,B0100,N001VE,SEARCH,None,0.0,0.0,0.0,0.0,0.0,Enemy
7.800000000000001,B0200,N001VE,SEARCH,None,0.0,0.0,0.0,0.0,0.0,Enemy
8.0,A0100,AN/APG-68(V)9,SEARCH,B0100,83.3273360141573,0.0,0.0,0.0,0.0,Friendly
8.0,A0200,AN/APG-68(V)9,SEARCH,B0100,83.67429900670223,0.0,0.0,0.0,0.0,Friendly
8.0,B0100,N001VE,SEARCH,None,0.0,0.0,0.0,0.0,0.0,Enemy
8.0,B0200,N001VE,SEARCH,None,0.0,0.0,0.0,0.0,0.0,Enemy
8.200000000000001,A0100,AN/APG-68(V)9,SEARCH,B0100,83.18467775718347,0.0,0.0,0.0,0.0,Friendly
8.200000000000001,A0200,AN/APG-68(V)9,SEARCH,B0100,83.54491686861695,0.0,0.0,0.0,0.0,Friendly
8.200000000000001,B0100,N001VE,SEARCH,None,0.0,0.0,0.0,0.0,0.0,Enemy
8.200000000000001,B0200,N001VE,SEARCH,None,0.0,0.0,0.0,0.0,0.0,Enemy
8.4,A0100,AN/APG-68(V)9,SEARCH,B0100,83.0420292121597,0.0,0.0,0.0,0.0,Friendly
8.4,A0200,AN/APG-68(V)9,SEARCH,B0100,83.4159379541692,0.0,0.0,0.0,0.0,Friendly
8.4,B0100,N001VE,SEARCH,None,0.0,0.0,0.0,0.0,0.0,Enemy
8.4,B0200,N001VE,SEARCH,None,0.0,0.0,0.0,0.0,0.0,Enemy
8.6,A0100,AN/APG-68(V)9,SEARCH,B0100,82.8994268013571,0.0,0.0,0.0,0.0,Friendly
8.6,A0200,AN/APG-68(V)9,SEARCH,B0100,83.28741094808986,0.0,0.0,0.0,0.0,Friendly
8.6,B0100,N001VE,SEARCH,None,0.0,0.0,0.0,0.0,0.0,Enemy
8.6,B0200,N001VE,SEARCH,None,0.0,0.0,0.0,0.0,0.0,Enemy
8.8,A0100,AN/APG-68(V)9,SEARCH,B0100,82.75684642532573,0.0,0.0,0.0,0.0,Friendly
8.8,A0200,AN/APG-68(V)9,SEARCH,B0100,83.15933239353735,0.0,0.0,0.0,0.0,Friendly
8.8,B0100,N001VE,SEARCH,None,0.0,0.0,0.0,0.0,0.0,Enemy
8.8,B0200,N001VE,SEARCH,None,0.0,0.0,0.0,0.0,0.0,Enemy
9.0,A0100,AN/APG-68(V)9,SEARCH,B0100,82.61431984678597,0.0,0.0,0.0,0.0,Friendly
9.0,A0200,AN/APG-68(V)9,SEARCH,B0100,83.03173306033634,0.0,0.0,0.0,0.0,Friendly
9.0,B0100,N001VE,SEARCH,None,0.0,0.0,0.0,0.0,0.0,Enemy
9.0,B0200,N001VE,SEARCH,None,0.0,0.0,0.0,0.0,0.0,Enemy
9.200000000000001,A0100,AN/APG-68(V)9,SEARCH,B0100,82.47181957881644,0.0,0.0,0.0,0.0,Friendly
9.200000000000001,A0200,AN/APG-68(V)9,SEARCH,B0100,82.9046465623264,0.0,0.0,0.0,0.0,Friendly
9.200000000000001,B0100,N001VE,SEARCH,None,0.0,0.0,0.0,0.0,0.0,Enemy
9.200000000000001,B0200,N001VE,SEARCH,None,0.0,0.0,0.0,0.0,0.0,Enemy
9.4,A0100,AN/APG-68(V)9,SEARCH,B0100,82.32937508102083,0.0,0.0,0.0,0.0,Friendly
9.4,A0200,AN/APG-68(V)9,SEARCH,B0100,82.77810207905263,0.0,0.0,0.0,0.0,Friendly
9.4,B0100,N001VE,SEARCH,None,0.0,0.0,0.0,0.0,0.0,Enemy
9.4,B0200,N001VE,SEARCH,None,0.0,0.0,0.0,0.0,0.0,Enemy
9.600000000000001,A0100,AN/APG-68(V)9,SEARCH,B0100,82.18695707049909,0.0,0.0,0.0,0.0,Friendly
9.600000000000001,A0200,AN/APG-68(V)9,SEARCH,B0100,82.65205956399075,0.0,0.0,0.0,0.0,Friendly
9.600000000000001,B0100,N001VE,SEARCH,None,0.0,0.0,0.0,0.0,0.0,Enemy
9.600000000000001,B0200,N001VE,SEARCH,None,0.0,0.0,0.0,0.0,0.0,Enemy
9.8,A0100,AN/APG-68(V)9,SEARCH,B0100,82.0445944054989,0.0,0.0,0.0,0.0,Friendly
9.8,A0200,AN/APG-68(V)9,SEARCH,B0100,82.52625316268131,0.0,0.0,0.0,0.0,Friendly
9.8,B0100,N001VE,SEARCH,None,0.0,0.0,0.0,0.0,0.0,Enemy
9.8,B0200,N001VE,SEARCH,None,0.0,0.0,0.0,0.0,0.0,Enemy
10.0,A0100,AN/APG-68(V)9,SEARCH,B0100,81.90225734834546,0.0,0.0,0.0,0.0,Friendly
10.0,A0200,AN/APG-68(V)9,SEARCH,B0100,82.40014515401252,0.0,0.0,0.0,0.0,Friendly
10.0,B0100,N001VE,SEARCH,None,0.0,0.0,0.0,0.0,0.0,Enemy
10.0,B0200,N001VE,SEARCH,None,0.0,0.0,0.0,0.0,0.0,Enemy
10.200000000000001,A0100,AN/APG-68(V)9,SEARCH,B0100,81.75997455222472,0.0,0.0,0.0,0.0,Friendly
10.200000000000001,A0200,AN/APG-68(V)9,SEARCH,B0100,82.27359703151923,0.0,0.0,0.0,0.0,Friendly
10.200000000000001,B0100,N001VE,SEARCH,None,0.0,0.0,0.0,0.0,0.0,Enemy
10.200000000000001,B0200,N001VE,SEARCH,None,0.0,0.0,0.0,0.0,0.0,Enemy
10.4,A0100,AN/APG-68(V)9,SEARCH,B0100,81.61768056659949,0.0,0.0,0.0,0.0,Friendly
10.4,A0200,AN/APG-68(V)9,SEARCH,B0100,82.14661267258248,0.0,0.0,0.0,0.0,Friendly
10.4,B0100,N001VE,SEARCH,None,0.0,0.0,0.0,0.0,0.0,Enemy
10.4,B0200,N001VE,SEARCH,None,0.0,0.0,0.0,0.0,0.0,Enemy
10.600000000000001,A0100,AN/APG-68(V)9,SEARCH,B0100,81.47538788738665,0.0,0.0,0.0,0.0,Friendly
10.600000000000001,A0200,AN/APG-68(V)9,SEARCH,B0100,82.01926697322912,0.0,0.0,0.0,0.0,Friendly
10.600000000000001,B0100,N001VE,SEARCH,None,0.0,0.0,0.0,0.0,0.0,Enemy
10.600000000000001,B0200,N001VE,SEARCH,None,0.0,0.0,0.0,0.0,0.0,Enemy
10.8,A0100,AN/APG-68(V)9,SEARCH,B0100,81.33313432366458,0.0,0.0,0.0,0.0,Friendly
10.8,A0200,AN/APG-68(V)9,SEARCH,B0100,81.8916559782714,0.0,0.0,0.0,0.0,Friendly
10.8,B0100,N001VE,SEARCH,None,0.0,0.0,0.0,0.0,0.0,Enemy
10.8,B0200,N001VE,SEARCH,None,0.0,0.0,0.0,0.0,0.0,Enemy
11.0,A0100,AN/APG-68(V)9,SEARCH,B0100,81.19089941503253,0.0,0.0,0.0,0.0,Friendly
11.0,A0200,AN/APG-68(V)9,SEARCH,B0100,81.76383777053258,0.0,0.0,0.0,0.0,Friendly
11.0,B0100,N001VE,SEARCH,None,0.0,0.0,0.0,0.0,0.0,Enemy
11.0,B0200,N001VE,SEARCH,None,0.0,0.0,0.0,0.0,0.0,Enemy
11.200000000000001,A0100,AN/APG-68(V)9,SEARCH,B0100,81.04872958190406,0.0,0.0,0.0,0.0,Friendly
11.200000000000001,A0200,AN/APG-68(V)9,SEARCH,B0100,81.63590843579537,0.0,0.0,0.0,0.0,Friendly
11.200000000000001,B0100,N001VE,SEARCH,None,0.0,0.0,0.0,0.0,0.0,Enemy
11.200000000000001,B0200,N001VE,SEARCH,None,0.0,0.0,0.0,0.0,0.0,Enemy
11.4,A0100,AN/APG-68(V)9,TRACK,B0100,80.90661386284239,0.0,0.0,0.0,0.0,Friendly
11.4,A0200,AN/APG-68(V)9,SEARCH,B0100,81.50795292537215,0.0,0.0,0.0,0.0,Friendly
11.4,B0100,N001VE,SEARCH,None,0.0,0.0,0.0,0.0,0.0,Enemy
11.4,B0200,N001VE,SEARCH,None,0.0,0.0,0.0,0.0,0.0,Enemy
11.600000000000001,A0100,AN/APG-68(V)9,TRACK,B0100,80.7645947287651,0.0,0.0,0.0,0.0,Friendly
11.600000000000001,A0200,AN/APG-68(V)9,SEARCH,B0100,81.38006156047089,0.0,0.0,0.0,0.0,Friendly
11.600000000000001,B0100,N001VE,SEARCH,None,0.0,0.0,0.0,0.0,0.0,Enemy
11.600000000000001,B0200,N001VE,SEARCH,None,0.0,0.0,0.0,0.0,0.0,Enemy
11.8,A0100,AN/APG-68(V)9,TRACK,B0100,80.62260396428063,0.0,0.0,0.0,0.0,Friendly
11.8,A0200,AN/APG-68(V)9,SEARCH,B0100,81.25223905974495,0.0,0.0,0.0,0.0,Friendly
11.8,B0100,N001VE,SEARCH,None,0.0,0.0,0.0,0.0,0.0,Enemy
11.8,B0200,N001VE,SEARCH,None,0.0,0.0,0.0,0.0,0.0,Enemy
12.0,A0100,AN/APG-68(V)9,TRACK,B0100,80.48067163301879,0.0,0.0,0.0,0.0,Friendly
12.0,A0200,AN/APG-68(V)9,SEARCH,B0100,81.12457415110089,0.0,0.0,0.0,0.0,Friendly
12.0,B0100,N001VE,SEARCH,None,0.0,0.0,0.0,0.0,0.0,Enemy
12.0,B0200,N001VE,SEARCH,None,0.0,0.0,0.0,0.0,0.0,Enemy
12.200000000000001,A0100,AN/APG-68(V)9,TRACK,B0100,80.33876825054946,0.0,0.0,0.0,0.0,Friendly
12.200000000000001,A0200,AN/APG-68(V)9,TRACK,B0100,80.99715345299694,0.0,0.0,0.0,0.0,Friendly
12.200000000000001,B0100,N001VE,SEARCH,None,0.0,0.0,0.0,0.0,0.0,Enemy
12.200000000000001,B0200,N001VE,SEARCH,None,0.0,0.0,0.0,0.0,0.0,Enemy
12.4,A0100,AN/APG-68(V)9,TRACK,B0100,80.19692601517964,0.0,0.0,0.0,0.0,Friendly
12.4,A0200,AN/APG-68(V)9,TRACK,B0100,80.87006698497328,0.0,0.0,0.0,0.0,Friendly
12.4,B0100,N001VE,SEARCH,None,0.0,0.0,0.0,0.0,0.0,Enemy
12.4,B0200,N001VE,SEARCH,None,0.0,0.0,0.0,0.0,0.0,Enemy
12.600000000000001,A0100,AN/APG-68(V)9,TRACK,B0100,80.05507567176852,0.0,0.0,0.0,0.0,Friendly
12.600000000000001,A0200,AN/APG-68(V)9,TRACK,B0100,80.74335521329628,0.0,0.0,0.0,0.0,Friendly
12.600000000000001,B0100,N001VE,SEARCH,None,0.0,0.0,0.0,0.0,0.0,Enemy
12.600000000000001,B0200,N001VE,SEARCH,None,0.0,0.0,0.0,0.0,0.0,Enemy
12.8,A0100,AN/APG-68(V)9,TRACK,B0100,79.91319810210075,0.0,0.0,0.0,0.0,Friendly
12.8,A0200,AN/APG-68(V)9,TRACK,B0100,80.6170793801867,0.0,0.0,0.0,0.0,Friendly
12.8,B0100,N001VE,SEARCH,None,0.0,0.0,0.0,0.0,0.0,Enemy
12.8,B0200,N001VE,SEARCH,None,0.0,0.0,0.0,0.0,0.0,Enemy
13.0,A0100,AN/APG-68(V)9,TRACK,B0100,79.77131930230537,0.0,0.0,0.0,0.0,Friendly
13.0,A0200,AN/APG-68(V)9,TRACK,B0100,80.49129974538404,0.0,0.0,0.0,0.0,Friendly
13.0,B0100,N001VE,SEARCH,None,0.0,0.0,0.0,0.0,0.0,Enemy
13.0,B0200,N001VE,SEARCH,None,0.0,0.0,0.0,0.0,0.0,Enemy
13.200000000000001,A0100,AN/APG-68(V)9,TRACK,B0100,79.62948744040779,0.0,0.0,0.0,0.0,Friendly
13.200000000000001,A0200,AN/APG-68(V)9,TRACK,B0100,80.36594109962226,0.0,0.0,0.0,0.0,Friendly
13.200000000000001,B0100,N001VE,SEARCH,None,0.0,0.0,0.0,0.0,0.0,Enemy
13.200000000000001,B0200,N001VE,SEARCH,None,0.0,0.0,0.0,0.0,0.0,Enemy
13.4,A0100,AN/APG-68(V)9,TRACK,B0100,79.48767015046752,0.0,0.0,0.0,0.0,Friendly
13.4,A0200,AN/APG-68(V)9,TRACK,B0100,80.24076475334566,0.0,0.0,0.0,0.0,Friendly
13.4,B0100,N001VE,SEARCH,None,0.0,0.0,0.0,0.0,0.0,Enemy
13.4,B0200,N001VE,SEARCH,None,0.0,0.0,0.0,0.0,0.0,Enemy
13.600000000000001,A0100,AN/APG-68(V)9,TRACK,B0100,79.34591493715648,0.0,0.0,0.0,0.0,Friendly
13.600000000000001,A0200,AN/APG-68(V)9,TRACK,B0100,80.11567290094817,0.0,0.0,0.0,0.0,Friendly
13.600000000000001,B0100,N001VE,SEARCH,None,0.0,0.0,0.0,0.0,0.0,Enemy
13.600000000000001,B0200,N001VE,SEARCH,None,0.0,0.0,0.0,0.0,0.0,Enemy
13.8,A0100,AN/APG-68(V)9,TRACK,B0100,79.20418755867439,0.0,0.0,0.0,0.0,Friendly
13.8,A0200,AN/APG-68(V)9,TRACK,B0100,79.99064054357025,0.0,0.0,0.0,0.0,Friendly
13.8,B0100,N001VE,SEARCH,None,0.0,0.0,0.0,0.0,0.0,Enemy
13.8,B0200,N001VE,SEARCH,None,0.0,0.0,0.0,0.0,0.0,Enemy
14.0,A0100,AN/APG-68(V)9,TRACK,B0100,79.06254380229578,0.0,0.0,0.0,0.0,Friendly
14.0,A0200,AN/APG-68(V)9,TRACK,B0100,79.86574176670726,0.0,0.0,0.0,0.0,Friendly
14.0,B0100,N001VE,SEARCH,None,0.0,0.0,0.0,0.0,0.0,Enemy
14.0,B0200,N001VE,SEARCH,None,0.0,0.0,0.0,0.0,0.0,Enemy
14.200000000000001,A0100,AN/APG-68(V)9,TRACK,B0100,78.92100617989439,0.0,0.0,0.0,0.0,Friendly
14.200000000000001,A0200,AN/APG-68(V)9,TRACK,B0100,79.74097162016993,0.0,0.0,0.0,0.0,Friendly
14.200000000000001,B0100,N001VE,SEARCH,None,0.0,0.0,0.0,0.0,0.0,Enemy
14.200000000000001,B0200,N001VE,SEARCH,None,0.0,0.0,0.0,0.0,0.0,Enemy
14.4,A0100,AN/APG-68(V)9,TRACK,B0100,78.77960161824775,0.0,0.0,0.0,0.0,Friendly
14.4,A0200,AN/APG-68(V)9,TRACK,B0100,79.61647597503597,0.0,0.0,0.0,0.0,Friendly
14.4,B0100,N001VE,SEARCH,None,0.0,0.0,0.0,0.0,0.0,Enemy
14.4,B0200,N001VE,SEARCH,None,0.0,0.0,0.0,0.0,0.0,Enemy
14.600000000000001,A0100,AN/APG-68(V)9,TRACK,B0100,78.6382260277031,0.0,0.0,0.0,0.0,Friendly
14.600000000000001,A0200,AN/APG-68(V)9,TRACK,B0100,79.49243034237651,0.0,0.0,0.0,0.0,Friendly
14.600000000000001,B0100,N001VE,SEARCH,None,0.0,0.0,0.0,0.0,0.0,Enemy
14.600000000000001,B0200,N001VE,SEARCH,None,0.0,0.0,0.0,0.0,0.0,Enemy
14.8,A0100,AN/APG-68(V)9,TRACK,B0100,78.49690285382744,0.0,0.0,0.0,0.0,Friendly
14.8,A0200,AN/APG-68(V)9,TRACK,B0100,79.3688879394881,0.0,0.0,0.0,0.0,Friendly
14.8,B0100,N001VE,SEARCH,None,0.0,0.0,0.0,0.0,0.0,Enemy
14.8,B0200,N001VE,SEARCH,None,0.0,0.0,0.0,0.0,0.0,Enemy
15.0,A0100,AN/APG-68(V)9,TRACK,B0100,78.35560683902486,0.0,0.0,0.0,0.0,Friendly
15.0,A0200,AN/APG-68(V)9,TRACK,B0100,79.24594502812876,0.0,0.0,0.0,0.0,Friendly
15.0,B0100,N001VE,SEARCH,None,0.0,0.0,0.0,0.0,0.0,Enemy
15.0,B0200,N001VE,SEARCH,None,0.0,0.0,0.0,0.0,0.0,Enemy
15.200000000000001,A0100,AN/APG-68(V)9,TRACK,B0100,78.21436976437687,0.0,0.0,0.0,0.0,Friendly
15.200000000000001,A0200,AN/APG-68(V)9,TRACK,B0100,79.12382934244576,0.0,0.0,0.0,0.0,Friendly
15.200000000000001,B0100,N001VE,SEARCH,None,0.0,0.0,0.0,0.0,0.0,Enemy
15.200000000000001,B0200,N001VE,SEARCH,None,0.0,0.0,0.0,0.0,0.0,Enemy
15.4,A0100,AN/APG-68(V)9,TRACK,B0100,78.07316062921512,0.0,0.0,0.0,0.0,Friendly
15.4,A0200,AN/APG-68(V)9,TRACK,B0100,79.0025102141836,0.0,0.0,0.0,0.0,Friendly
15.4,B0100,N001VE,SEARCH,None,0.0,0.0,0.0,0.0,0.0,Enemy
15.4,B0200,N001VE,SEARCH,None,0.0,0.0,0.0,0.0,0.0,Enemy
15.600000000000001,A0100,AN/APG-68(V)9,TRACK,B0100,77.93201024351232,0.0,0.0,0.0,0.0,Friendly
15.600000000000001,A0200,AN/APG-68(V)9,TRACK,B0100,78.88210335774885,0.0,0.0,0.0,0.0,Friendly
15.600000000000001,B0100,N001VE,SEARCH,None,0.0,0.0,0.0,0.0,0.0,Enemy
15.600000000000001,B0200,N001VE,SEARCH,None,0.0,0.0,0.0,0.0,0.0,Enemy
15.8,A0100,AN/APG-68(V)9,TRACK,B0100,77.7908867320226,0.0,0.0,0.0,0.0,Friendly
15.8,A0200,AN/APG-68(V)9,TRACK,B0100,78.7628244965421,0.0,0.0,0.0,0.0,Friendly
15.8,B0100,N001VE,SEARCH,None,0.0,0.0,0.0,0.0,0.0,Enemy
15.8,B0200,N001VE,SEARCH,None,0.0,0.0,0.0,0.0,0.0,Enemy
16.0,A0100,AN/APG-68(V)9,TRACK,B0100,77.64982069480732,0.0,0.0,0.0,0.0,Friendly
16.0,A0200,AN/APG-68(V)9,TRACK,B0100,78.64463558874245,0.0,0.0,0.0,0.0,Friendly
16.0,B0100,N001VE,SEARCH,None,0.0,0.0,0.0,0.0,0.0,Enemy
16.0,B0200,N001VE,SEARCH,None,0.0,0.0,0.0,0.0,0.0,Enemy
16.2,A0100,AN/APG-68(V)9,TRACK,B0100,77.50878013228872,0.0,0.0,0.0,0.0,Friendly
16.2,A0200,AN/APG-68(V)9,TRACK,B0100,78.52762393857894,0.0,0.0,0.0,0.0,Friendly
16.2,B0100,N001VE,SEARCH,None,0.0,0.0,0.0,0.0,0.0,Enemy
16.2,B0200,N001VE,SEARCH,None,0.0,0.0,0.0,0.0,0.0,Enemy
16.400000000000002,A0100,AN/APG-68(V)9,TRACK,B0100,77.36779557001329,0.0,0.0,0.0,0.0,Friendly
16.400000000000002,A0200,AN/APG-68(V)9,TRACK,B0100,78.41216212086508,0.0,0.0,0.0,0.0,Friendly
16.400000000000002,B0100,N001VE,SEARCH,None,0.0,0.0,0.0,0.0,0.0,Enemy
16.400000000000002,B0200,N001VE,SEARCH,None,0.0,0.0,0.0,0.0,0.0,Enemy
16.6,A0100,AN/APG-68(V)9,TRACK,B0100,77.22683504830557,0.0,0.0,0.0,0.0,Friendly
16.6,A0200,AN/APG-68(V)9,TRACK,B0100,78.2985392488819,0.0,0.0,0.0,0.0,Friendly
16.6,B0100,N001VE,SEARCH,None,0.0,0.0,0.0,0.0,0.0,Enemy
16.6,B0200,N001VE,SEARCH,None,0.0,0.0,0.0,0.0,0.0,Enemy
16.8,A0100,AN/APG-68(V)9,TRACK,B0100,77.08592904819173,0.0,0.0,0.0,0.0,Friendly
16.8,A0200,AN/APG-68(V)9,TRACK,B0100,78.18672716341086,0.0,0.0,0.0,0.0,Friendly
16.8,B0100,N001VE,SEARCH,None,0.0,0.0,0.0,0.0,0.0,Enemy
16.8,B0200,N001VE,SEARCH,None,0.0,0.0,0.0,0.0,0.0,Enemy
17.0,A0100,AN/APG-68(V)9,TRACK,B0100,76.94504567397375,0.0,0.0,0.0,0.0,Friendly
17.0,A0200,AN/APG-68(V)9,TRACK,B0100,78.07619656576345,0.0,0.0,0.0,0.0,Friendly
17.0,B0100,N001VE,SEARCH,None,0.0,0.0,0.0,0.0,0.0,Enemy
17.0,B0200,N001VE,SEARCH,None,0.0,0.0,0.0,0.0,0.0,Enemy
17.2,A0100,AN/APG-68(V)9,TRACK,B0100,76.80421537448935,0.0,0.0,0.0,0.0,Friendly
17.2,A0200,AN/APG-68(V)9,TRACK,B0100,77.9661195403581,0.0,0.0,0.0,0.0,Friendly
17.2,B0100,N001VE,SEARCH,None,0.0,0.0,0.0,0.0,0.0,Enemy
17.2,B0200,N001VE,SEARCH,None,0.0,0.0,0.0,0.0,0.0,Enemy
17.400000000000002,A0100,AN/APG-68(V)9,TRACK,B0100,76.66340631673205,0.0,0.0,0.0,0.0,Friendly
17.400000000000002,A0200,AN/APG-68(V)9,TRACK,B0100,77.85596345297574,0.0,0.0,0.0,0.0,Friendly
17.400000000000002,B0100,N001VE,SEARCH,None,0.0,0.0,0.0,0.0,0.0,Enemy
17.400000000000002,B0200,N001VE,SEARCH,None,0.0,0.0,0.0,0.0,0.0,Enemy
17.6,A0100,AN/APG-68(V)9,TRACK,B0100,76.52264892790258,0.0,0.0,0.0,0.0,Friendly
17.6,A0200,AN/APG-68(V)9,TRACK,B0100,77.74556004145415,0.0,0.0,0.0,0.0,Friendly
17.6,B0100,N001VE,SEARCH,None,0.0,0.0,0.0,0.0,0.0,Enemy
17.6,B0200,N001VE,SEARCH,None,0.0,0.0,0.0,0.0,0.0,Enemy
17.8,A0100,AN/APG-68(V)9,TRACK,B0100,76.38191143054107,0.0,0.0,0.0,0.0,Friendly
17.8,A0200,AN/APG-68(V)9,TRACK,B0100,77.63487422220093,0.0,0.0,0.0,0.0,Friendly
17.8,B0100,N001VE,SEARCH,None,0.0,0.0,0.0,0.0,0.0,Enemy
17.8,B0200,N001VE,SEARCH,None,0.0,0.0,0.0,0.0,0.0,Enemy
18.0,A0100,AN/APG-68(V)9,TRACK,B0100,76.24124969758095,0.0,0.0,0.0,0.0,Friendly
18.0,A0200,AN/APG-68(V)9,TRACK,B0100,77.52394906688662,0.0,0.0,0.0,0.0,Friendly
18.0,B0100,N001VE,SEARCH,None,0.0,0.0,0.0,0.0,0.0,Enemy
18.0,B0200,N001VE,SEARCH,None,0.0,0.0,0.0,0.0,0.0,Enemy
18.2,A0100,AN/APG-68(V)9,TRACK,B0100,76.10059887344156,0.0,0.0,0.0,0.0,Friendly
18.2,A0200,AN/APG-68(V)9,TRACK,B0100,77.4127723300945,0.0,0.0,0.0,0.0,Friendly
18.2,B0100,N001VE,SEARCH,None,0.0,0.0,0.0,0.0,0.0,Enemy
18.2,B0200,N001VE,SEARCH,None,0.0,0.0,0.0,0.0,0.0,Enemy
18.400000000000002,A0100,AN/APG-68(V)9,TRACK,B0100,75.96002741431667,0.0,0.0,0.0,0.0,Friendly
18.400000000000002,A0200,AN/APG-68(V)9,TRACK,B0100,77.30143342136829,0.0,0.0,0.0,0.0,Friendly
18.400000000000002,B0100,N001VE,SEARCH,None,0.0,0.0,0.0,0.0,0.0,Enemy
18.400000000000002,B0200,N001VE,SEARCH,None,0.0,0.0,0.0,0.0,0.0,Enemy
18.6,A0100,AN/APG-68(V)9,TRACK,B0100,75.81959779959165,0.0,0.0,0.0,0.0,Friendly
18.6,A0200,AN/APG-68(V)9,TRACK,B0100,77.18999560086182,0.0,0.0,0.0,0.0,Friendly
18.6,B0100,N001VE,SEARCH,None,0.0,0.0,0.0,0.0,0.0,Enemy
18.6,B0200,N001VE,SEARCH,None,0.0,0.0,0.0,0.0,0.0,Enemy
18.8,A0100,AN/APG-68(V)9,TRACK,B0100,75.67928609275928,0.0,0.0,0.0,0.0,Friendly
18.8,A0200,AN/APG-68(V)9,TRACK,B0100,77.07846803146806,0.0,0.0,0.0,0.0,Friendly
18.8,B0100,N001VE,SEARCH,None,0.0,0.0,0.0,0.0,0.0,Enemy
18.8,B0200,N001VE,SEARCH,None,0.0,0.0,0.0,0.0,0.0,Enemy
19.0,A0100,AN/APG-68(V)9,TRACK,B0100,75.53914071895936,0.0,0.0,0.0,0.0,Friendly
19.0,A0200,AN/APG-68(V)9,TRACK,B0100,76.96690879103146,0.0,0.0,0.0,0.0,Friendly
19.0,B0100,N001VE,SEARCH,None,0.0,0.0,0.0,0.0,0.0,Enemy
19.0,B0200,N001VE,SEARCH,None,0.0,0.0,0.0,0.0,0.0,Enemy
19.200000000000003,A0100,AN/APG-68(V)9,TRACK,B0100,75.39905787499532,0.0,0.0,0.0,0.0,Friendly
19.200000000000003,A0200,AN/APG-68(V)9,TRACK,B0100,76.85528086295828,0.0,0.0,0.0,0.0,Friendly
19.200000000000003,B0100,N001VE,SEARCH,None,0.0,0.0,0.0,0.0,0.0,Enemy
19.200000000000003,B0200,N001VE,SEARCH,None,0.0,0.0,0.0,0.0,0.0,Enemy
19.400000000000002,A0100,AN/APG-68(V)9,TRACK,B0100,75.25907051659439,0.0,0.0,0.0,0.0,Friendly
19.400000000000002,A0200,AN/APG-68(V)9,TRACK,B0100,76.74363103777559,0.0,0.0,0.0,0.0,Friendly
19.400000000000002,B0100,N001VE,SEARCH,None,0.0,0.0,0.0,0.0,0.0,Enemy
19.400000000000002,B0200,N001VE,SEARCH,None,0.0,0.0,0.0,0.0,0.0,Enemy
19.6,A0100,AN/APG-68(V)9,TRACK,B0100,75.11915052138197,0.0,0.0,0.0,0.0,Friendly
19.6,A0200,AN/APG-68(V)9,TRACK,B0100,76.63200510442753,0.0,0.0,0.0,0.0,Friendly
19.6,B0100,N001VE,SEARCH,None,0.0,0.0,0.0,0.0,0.0,Enemy
19.6,B0200,N001VE,SEARCH,None,0.0,0.0,0.0,0.0,0.0,Enemy
19.8,A0100,AN/APG-68(V)9,TRACK,B0100,74.97932241391425,0.0,0.0,0.0,0.0,Friendly
19.8,A0200,AN/APG-68(V)9,TRACK,B0100,76.52058709538068,0.0,0.0,0.0,0.0,Friendly
19.8,B0100,N001VE,SEARCH,None,0.0,0.0,0.0,0.0,0.0,Enemy
19.8,B0200,N001VE,SEARCH,None,0.0,0.0,0.0,0.0,0.0,Enemy
20.0,A0100,AN/APG-68(V)9,TRACK,B0100,74.83950234649875,0.0,0.0,0.0,0.0,Friendly
20.0,A0200,AN/APG-68(V)9,TRACK,B0100,76.40950214887368,0.0,0.0,0.0,0.0,Friendly
20.0,B0100,N001VE,SEARCH,None,0.0,0.0,0.0,0.0,0.0,Enemy
20.0,B0200,N001VE,SEARCH,None,0.0,0.0,0.0,0.0,0.0,Enemy
20.200000000000003,A0100,AN/APG-68(V)9,TRACK,B0100,74.6997427234416,0.0,0.0,0.0,0.0,Friendly
20.200000000000003,A0200,AN/APG-68(V)9,TRACK,B0100,76.29886468240964,0.0,0.0,0.0,0.0,Friendly
20.200000000000003,B0100,N001VE,SEARCH,None,0.0,0.0,0.0,0.0,0.0,Enemy
20.200000000000003,B0200,N001VE,SEARCH,None,0.0,0.0,0.0,0.0,0.0,Enemy
20.400000000000002,A0100,AN/APG-68(V)9,TRACK,B0100,74.56004519521994,0.0,0.0,0.0,0.0,Friendly
20.400000000000002,A0200,AN/APG-68(V)9,TRACK,B0100,76.1887141476941,0.0,0.0,0.0,0.0,Friendly
20.400000000000002,B0100,N001VE,SEARCH,None,0.0,0.0,0.0,0.0,0.0,Enemy
20.400000000000002,B0200,N001VE,SEARCH,None,0.0,0.0,0.0,0.0,0.0,Enemy
20.6,A0100,AN/APG-68(V)9,TRACK,B0100,74.4203944254386,0.0,0.0,0.0,0.0,Friendly
20.6,A0200,AN/APG-68(V)9,TRACK,B0100,76.07899287021912,0.0,0.0,0.0,0.0,Friendly
20.6,B0100,N001VE,SEARCH,None,0.0,0.0,0.0,0.0,0.0,Enemy
20.6,B0200,N001VE,SEARCH,None,0.0,0.0,0.0,0.0,0.0,Enemy
20.8,A0100,AN/APG-68(V)9,TRACK,B0100,74.28079911016269,0.0,0.0,0.0,0.0,Friendly
20.8,A0200,AN/APG-68(V)9,TRACK,B0100,75.96965416981753,0.0,0.0,0.0,0.0,Friendly
20.8,B0100,N001VE,SEARCH,None,0.0,0.0,0.0,0.0,0.0,Enemy
20.8,B0200,N001VE,SEARCH,None,0.0,0.0,0.0,0.0,0.0,Enemy
21.0,A0100,AN/APG-68(V)9,TRACK,B0100,74.14121531864701,0.0,0.0,0.0,0.0,Friendly
21.0,A0200,AN/APG-68(V)9,TRACK,B0100,75.86056745401355,0.0,0.0,0.0,0.0,Friendly
21.0,B0100,N001VE,SEARCH,None,0.0,0.0,0.0,0.0,0.0,Enemy
21.0,B0200,N001VE,SEARCH,None,0.0,0.0,0.0,0.0,0.0,Enemy
21.200000000000003,A0100,AN/APG-68(V)9,TRACK,B0100,74.0016760842348,0.0,0.0,0.0,0.0,Friendly
21.200000000000003,A0200,AN/APG-68(V)9,TRACK,B0100,75.75151252199976,0.0,0.0,0.0,0.0,Friendly
21.200000000000003,B0100,N001VE,SEARCH,None,0.0,0.0,0.0,0.0,0.0,Enemy
21.200000000000003,B0200,N001VE,SEARCH,None,0.0,0.0,0.0,0.0,0.0,Enemy
21.400000000000002,A0100,AN/APG-68(V)9,TRACK,B0100,73.8621485303902,0.0,0.0,0.0,0.0,Friendly
21.400000000000002,A0200,AN/APG-68(V)9,TRACK,B0100,75.64242282731732,0.0,0.0,0.0,0.0,Friendly
21.400000000000002,B0100,N001VE,SEARCH,None,0.0,0.0,0.0,0.0,0.0,Enemy
21.400000000000002,B0200,N001VE,SEARCH,None,0.0,0.0,0.0,0.0,0.0,Enemy
21.6,A0100,AN/APG-68(V)9,TRACK,B0100,73.72266576094142,0.0,0.0,0.0,0.0,Friendly
21.6,A0200,AN/APG-68(V)9,TRACK,B0100,75.5333677084776,0.0,0.0,0.0,0.0,Friendly
21.6,B0100,N001VE,SEARCH,None,0.0,0.0,0.0,0.0,0.0,Enemy
21.6,B0200,N001VE,SEARCH,None,0.0,0.0,0.0,0.0,0.0,Enemy
21.8,A0100,AN/APG-68(V)9,TRACK,B0100,73.58319481498252,0.0,0.0,0.0,0.0,Friendly
21.8,A0200,AN/APG-68(V)9,TRACK,B0100,75.42431484352629,0.0,0.0,0.0,0.0,Friendly
21.8,B0100,N001VE,SEARCH,None,0.0,0.0,0.0,0.0,0.0,Enemy
21.8,B0200,N001VE,SEARCH,None,0.0,0.0,0.0,0.0,0.0,Enemy
22.0,A0100,AN/APG-68(V)9,TRACK,B0100,73.44376849259058,0.0,0.0,0.0,0.0,Friendly
22.0,A0200,AN/APG-68(V)9,TRACK,B0100,75.3153211446397,0.0,0.0,0.0,0.0,Friendly
22.0,B0100,N001VE,SEARCH,None,0.0,0.0,0.0,0.0,0.0,Enemy
22.0,B0200,N001VE,SEARCH,None,0.0,0.0,0.0,0.0,0.0,Enemy
22.200000000000003,A0100,AN/APG-68(V)9,TRACK,B0100,73.30433591608833,0.0,0.0,0.0,0.0,Friendly
22.200000000000003,A0200,AN/APG-68(V)9,TRACK,B0100,75.2063797130318,0.0,0.0,0.0,0.0,Friendly
22.200000000000003,B0100,N001VE,SEARCH,None,0.0,0.0,0.0,0.0,0.0,Enemy
22.200000000000003,B0200,N001VE,SEARCH,None,0.0,0.0,0.0,0.0,0.0,Enemy
22.400000000000002,A0100,AN/APG-68(V)9,TRACK,B0100,73.16490560872516,0.0,0.0,0.0,0.0,Friendly
22.400000000000002,A0200,AN/APG-68(V)9,TRACK,B0100,75.09748362308763,0.0,0.0,0.0,0.0,Friendly
22.400000000000002,B0100,N001VE,SEARCH,None,0.0,0.0,0.0,0.0,0.0,Enemy
22.400000000000002,B0200,N001VE,SEARCH,None,0.0,0.0,0.0,0.0,0.0,Enemy
22.6,A0100,AN/APG-68(V)9,TRACK,B0100,73.0254696532253,0.0,0.0,0.0,0.0,Friendly
22.6,A0200,AN/APG-68(V)9,TRACK,B0100,74.98864793280008,0.0,0.0,0.0,0.0,Friendly
22.6,B0100,N001VE,SEARCH,None,0.0,0.0,0.0,0.0,0.0,Enemy
22.6,B0200,N001VE,SEARCH,None,0.0,0.0,0.0,0.0,0.0,Enemy
22.8,A0100,AN/APG-68(V)9,TRACK,B0100,72.88608074813475,0.0,0.0,0.0,0.0,Friendly
22.8,A0200,AN/APG-68(V)9,TRACK,B0100,74.87992139798018,0.0,0.0,0.0,0.0,Friendly
22.8,B0100,N001VE,SEARCH,None,0.0,0.0,0.0,0.0,0.0,Enemy
22.8,B0200,N001VE,SEARCH,None,0.0,0.0,0.0,0.0,0.0,Enemy
23.0,A0100,AN/APG-68(V)9,TRACK,B0100,72.74669902282042,0.0,0.0,0.0,0.0,Friendly
23.0,A0200,AN/APG-68(V)9,TRACK,B0100,74.7712970556201,0.0,0.0,0.0,0.0,Friendly
23.0,B0100,N001VE,SEARCH,None,0.0,0.0,0.0,0.0,0.0,Enemy
23.0,B0200,N001VE,SEARCH,None,0.0,0.0,0.0,0.0,0.0,Enemy
23.200000000000003,A0100,AN/APG-68(V)9,TRACK,B0100,72.60735818353852,0.0,0.0,0.0,0.0,Friendly
23.200000000000003,A0200,AN/APG-68(V)9,TRACK,B0100,74.66280936025228,0.0,0.0,0.0,0.0,Friendly
23.200000000000003,B0100,N001VE,SEARCH,None,0.0,0.0,0.0,0.0,0.0,Enemy
23.200000000000003,B0200,N001VE,SEARCH,None,0.0,0.0,0.0,0.0,0.0,Enemy
23.400000000000002,A0100,AN/APG-68(V)9,TRACK,B0100,72.46801419353906,0.0,0.0,0.0,0.0,Friendly
23.400000000000002,A0200,AN/APG-68(V)9,TRACK,B0100,74.5544672739453,0.0,0.0,0.0,0.0,Friendly
23.400000000000002,B0100,N001VE,SEARCH,None,0.0,0.0,0.0,0.0,0.0,Enemy
23.400000000000002,B0200,N001VE,SEARCH,None,0.0,0.0,0.0,0.0,0.0,Enemy
23.6,A0100,AN/APG-68(V)9,TRACK,B0100,72.32869225280508,0.0,0.0,0.0,0.0,Friendly
23.6,A0200,AN/APG-68(V)9,TRACK,B0100,74.44630550074928,0.0,0.0,0.0,0.0,Friendly
23.6,B0100,N001VE,SEARCH,None,0.0,0.0,0.0,0.0,0.0,Enemy
23.6,B0200,N001VE,SEARCH,None,0.0,0.0,0.0,0.0,0.0,Enemy
23.8,A0100,AN/APG-68(V)9,TRACK,B0100,72.18939527409908,0.0,0.0,0.0,0.0,Friendly
23.8,A0200,AN/APG-68(V)9,TRACK,B0100,74.33832262708218,0.0,0.0,0.0,0.0,Friendly
23.8,B0100,N001VE,SEARCH,None,0.0,0.0,0.0,0.0,0.0,Enemy
23.8,B0200,N001VE,SEARCH,None,0.0,0.0,0.0,0.0,0.0,Enemy
24.0,A0100,AN/APG-68(V)9,TRACK,B0100,72.05015604363554,0.0,0.0,0.0,0.0,Friendly
24.0,A0200,AN/APG-68(V)9,TRACK,B0100,74.23057535821422,0.0,0.0,0.0,0.0,Friendly
24.0,B0100,N001VE,SEARCH,None,0.0,0.0,0.0,0.0,0.0,Enemy
24.0,B0200,N001VE,SEARCH,None,0.0,0.0,0.0,0.0,0.0,Enemy
24.200000000000003,A0100,AN/APG-68(V)9,TRACK,B0100,71.91092909776846,0.0,0.0,0.0,0.0,Friendly
24.200000000000003,A0200,AN/APG-68(V)9,TRACK,B0100,74.1230142965588,0.0,0.0,0.0,0.0,Friendly
24.200000000000003,B0100,N001VE,SEARCH,None,0.0,0.0,0.0,0.0,0.0,Enemy
24.200000000000003,B0200,N001VE,SEARCH,None,0.0,0.0,0.0,0.0,0.0,Enemy
24.400000000000002,A0100,AN/APG-68(V)9,TRACK,B0100,71.77173513754015,0.0,0.0,0.0,0.0,Friendly
24.400000000000002,A0200,AN/APG-68(V)9,TRACK,B0100,74.01568387281783,0.0,0.0,0.0,0.0,Friendly
24.400000000000002,B0100,N001VE,SEARCH,None,0.0,0.0,0.0,0.0,0.0,Enemy
24.400000000000002,B0200,N001VE,SEARCH,None,0.0,0.0,0.0,0.0,0.0,Enemy
24.6,A0100,AN/APG-68(V)9,TRACK,B0100,71.63260678315119,0.0,0.0,0.0,0.0,Friendly
24.6,A0200,AN/APG-68(V)9,TRACK,B0100,73.90858247315892,0.0,0.0,0.0,0.0,Friendly
24.6,B0100,N001VE,SEARCH,None,0.0,0.0,0.0,0.0,0.0,Enemy
24.6,B0200,N001VE,SEARCH,None,0.0,0.0,0.0,0.0,0.0,Enemy
24.8,A0100,AN/APG-68(V)9,TRACK,B0100,71.4934883379757,0.0,0.0,0.0,0.0,Friendly
24.8,A0200,AN/APG-68(V)9,TRACK,B0100,73.80162094104914,0.0,0.0,0.0,0.0,Friendly
24.8,B0100,N001VE,SEARCH,None,0.0,0.0,0.0,0.0,0.0,Enemy
24.8,B0200,N001VE,SEARCH,None,0.0,0.0,0.0,0.0,0.0,Enemy
25.0,A0100,AN/APG-68(V)9,TRACK,B0100,71.35440052184664,0.0,0.0,0.0,0.0,Friendly
25.0,A0200,AN/APG-68(V)9,TRACK,B0100,73.69478736242459,0.0,0.0,0.0,0.0,Friendly
25.0,B0100,N001VE,SEARCH,None,0.0,0.0,0.0,0.0,0.0,Enemy
25.0,B0200,N001VE,SEARCH,None,0.0,0.0,0.0,0.0,0.0,Enemy
25.200000000000003,A0100,AN/APG-68(V)9,TRACK,B0100,71.21530946596164,0.0,0.0,0.0,0.0,Friendly
25.200000000000003,A0200,AN/APG-68(V)9,TRACK,B0100,73.58806871703825,0.0,0.0,0.0,0.0,Friendly
25.200000000000003,B0100,N001VE,SEARCH,None,0.0,0.0,0.0,0.0,0.0,Enemy
25.200000000000003,B0200,N001VE,SEARCH,None,0.0,0.0,0.0,0.0,0.0,Enemy
25.400000000000002,A0100,AN/APG-68(V)9,TRACK,B0100,71.07624404090826,0.0,0.0,0.0,0.0,Friendly
25.400000000000002,A0200,AN/APG-68(V)9,TRACK,B0100,73.48147448957721,0.0,0.0,0.0,0.0,Friendly
25.400000000000002,B0100,N001VE,SEARCH,None,0.0,0.0,0.0,0.0,0.0,Enemy
25.400000000000002,B0200,N001VE,SEARCH,None,0.0,0.0,0.0,0.0,0.0,Enemy
25.6,A0100,AN/APG-68(V)9,TRACK,B0100,70.93723423881198,0.0,0.0,0.0,0.0,Friendly
25.6,A0200,AN/APG-68(V)9,TRACK,B0100,73.37495564847181,0.0,0.0,0.0,0.0,Friendly
25.6,B0100,N001VE,SEARCH,None,0.0,0.0,0.0,0.0,0.0,Enemy
25.6,B0200,N001VE,SEARCH,None,0.0,0.0,0.0,0.0,0.0,Enemy
25.8,A0100,AN/APG-68(V)9,TRACK,B0100,70.79832794328726,0.0,0.0,0.0,0.0,Friendly
25.8,A0200,AN/APG-68(V)9,TRACK,B0100,73.26851011861149,0.0,0.0,0.0,0.0,Friendly
25.8,B0100,N001VE,SEARCH,None,0.0,0.0,0.0,0.0,0.0,Enemy
25.8,B0200,N001VE,SEARCH,None,0.0,0.0,0.0,0.0,0.0,Enemy
26.0,A0100,AN/APG-68(V)9,TRACK,B0100,70.65948194460243,0.0,0.0,0.0,0.0,Friendly
26.0,A0200,AN/APG-68(V)9,TRACK,B0100,73.16210587722074,0.0,0.0,0.0,0.0,Friendly
26.0,B0100,N001VE,SEARCH,None,0.0,0.0,0.0,0.0,0.0,Enemy
26.0,B0200,N001VE,SEARCH,None,0.0,0.0,0.0,0.0,0.0,Enemy
26.200000000000003,A0100,AN/APG-68(V)9,TRACK,B0100,70.52074361906804,0.0,0.0,0.0,0.0,Friendly
26.200000000000003,A0200,AN/APG-68(V)9,TRACK,B0100,73.05574770343961,0.0,0.0,0.0,0.0,Friendly
26.200000000000003,B0100,N001VE,SEARCH,None,0.0,0.0,0.0,0.0,0.0,Enemy
26.200000000000003,B0200,N001VE,SEARCH,None,0.0,0.0,0.0,0.0,0.0,Enemy
26.400000000000002,A0100,AN/APG-68(V)9,TRACK,B0100,70.38206807465298,0.0,0.0,0.0,0.0,Friendly
26.400000000000002,A0200,AN/APG-68(V)9,TRACK,B0100,72.94940740341123,0.0,0.0,0.0,0.0,Friendly
26.400000000000002,B0100,N001VE,SEARCH,None,0.0,0.0,0.0,0.0,0.0,Enemy
26.400000000000002,B0200,N001VE,SEARCH,None,0.0,0.0,0.0,0.0,0.0,Enemy
26.6,A0100,AN/APG-68(V)9,TRACK,B0100,70.2435016299368,0.0,0.0,0.0,0.0,Friendly
26.6,A0200,AN/APG-68(V)9,TRACK,B0100,72.84311563947976,0.0,0.0,0.0,0.0,Friendly
26.6,B0100,N001VE,SEARCH,None,0.0,0.0,0.0,0.0,0.0,Enemy
26.6,B0200,N001VE,SEARCH,None,0.0,0.0,0.0,0.0,0.0,Enemy
26.8,A0100,AN/APG-68(V)9,TRACK,B0100,70.10492342293,0.0,0.0,0.0,0.0,Friendly
26.8,A0200,AN/APG-68(V)9,TRACK,B0100,72.73685102448285,0.0,0.0,0.0,0.0,Friendly
26.8,B0100,N001VE,SEARCH,None,0.0,0.0,0.0,0.0,0.0,Enemy
26.8,B0200,N001VE,SEARCH,None,0.0,0.0,0.0,0.0,0.0,Enemy
27.0,A0100,AN/APG-68(V)9,TRACK,B0100,69.96635473286257,0.0,0.0,0.0,0.0,Friendly
27.0,A0200,AN/APG-68(V)9,TRACK,B0100,72.63064166821526,0.0,0.0,0.0,0.0,Friendly
27.0,B0100,N001VE,SEARCH,None,0.0,0.0,0.0,0.0,0.0,Enemy
27.0,B0200,N001VE,SEARCH,None,0.0,0.0,0.0,0.0,0.0,Enemy
27.200000000000003,A0100,AN/APG-68(V)9,TRACK,B0100,69.82777566260947,0.0,0.0,0.0,0.0,Friendly
27.200000000000003,A0200,AN/APG-68(V)9,TRACK,B0100,72.52450449697832,0.0,0.0,0.0,0.0,Friendly
27.200000000000003,B0100,N001VE,SEARCH,None,0.0,0.0,0.0,0.0,0.0,Enemy
27.200000000000003,B0200,N001VE,SEARCH,None,0.0,0.0,0.0,0.0,0.0,Enemy
27.400000000000002,A0100,AN/APG-68(V)9,TRACK,B0100,69.68926214317894,0.0,0.0,0.0,0.0,Friendly
27.400000000000002,A0200,AN/APG-68(V)9,TRACK,B0100,72.41851229431302,0.0,0.0,0.0,0.0,Friendly
27.400000000000002,B0100,N001VE,SEARCH,None,0.0,0.0,0.0,0.0,0.0,Enemy
27.400000000000002,B0200,N001VE,SEARCH,None,0.0,0.0,0.0,0.0,0.0,Enemy
27.6,A0100,AN/APG-68(V)9,TRACK,B0100,69.55076589025634,0.0,0.0,0.0,0.0,Friendly
27.6,A0200,AN/APG-68(V)9,TRACK,B0100,72.31264430028824,0.0,0.0,0.0,0.0,Friendly
27.6,B0100,N001VE,SEARCH,None,0.0,0.0,0.0,0.0,0.0,Enemy
27.6,B0200,N001VE,SEARCH,None,0.0,0.0,0.0,0.0,0.0,Enemy
27.8,A0100,AN/APG-68(V)9,TRACK,B0100,69.41223152318635,0.0,0.0,0.0,0.0,Friendly
27.8,A0200,AN/APG-68(V)9,TRACK,B0100,72.2068385703978,0.0,0.0,0.0,0.0,Friendly
27.8,B0100,N001VE,SEARCH,None,0.0,0.0,0.0,0.0,0.0,Enemy
27.8,B0200,N001VE,SEARCH,None,0.0,0.0,0.0,0.0,0.0,Enemy
28.0,A0100,AN/APG-68(V)9,TRACK,B0100,69.2737270936913,0.0,0.0,0.0,0.0,Friendly
28.0,A0200,AN/APG-68(V)9,TRACK,B0100,72.10118917856073,0.0,0.0,0.0,0.0,Friendly
28.0,B0100,N001VE,SEARCH,None,0.0,0.0,0.0,0.0,0.0,Enemy
28.0,B0200,N001VE,SEARCH,None,0.0,0.0,0.0,0.0,0.0,Enemy
28.200000000000003,A0100,AN/APG-68(V)9,TRACK,B0100,69.13529512304027,0.0,0.0,0.0,0.0,Friendly
28.200000000000003,A0200,AN/APG-68(V)9,TRACK,B0100,71.99573129248073,0.0,0.0,0.0,0.0,Friendly
28.200000000000003,B0100,N001VE,SEARCH,None,0.0,0.0,0.0,0.0,0.0,Enemy
28.200000000000003,B0200,N001VE,SEARCH,None,0.0,0.0,0.0,0.0,0.0,Enemy
28.400000000000002,A0100,AN/APG-68(V)9,TRACK,B0100,68.99689902436911,0.0,0.0,0.0,0.0,Friendly
28.400000000000002,A0200,AN/APG-68(V)9,TRACK,B0100,71.89045349468957,0.0,0.0,0.0,0.0,Friendly
28.400000000000002,B0100,N001VE,SEARCH,None,0.0,0.0,0.0,0.0,0.0,Enemy
28.400000000000002,B0200,N001VE,SEARCH,None,0.0,0.0,0.0,0.0,0.0,Enemy
28.6,A0100,AN/APG-68(V)9,TRACK,B0100,68.85853080899679,0.0,0.0,0.0,0.0,Friendly
28.6,A0200,AN/APG-68(V)9,TRACK,B0100,71.78534045316476,0.0,0.0,0.0,0.0,Friendly
28.6,B0100,N001VE,SEARCH,None,0.0,0.0,0.0,0.0,0.0,Enemy
28.6,B0200,N001VE,SEARCH,None,0.0,0.0,0.0,0.0,0.0,Enemy
28.8,A0100,AN/APG-68(V)9,TRACK,B0100,68.72018570908834,0.0,0.0,0.0,0.0,Friendly
28.8,A0200,AN/APG-68(V)9,TRACK,B0100,71.68043118070133,0.0,0.0,0.0,0.0,Friendly
28.8,B0100,N001VE,SEARCH,None,0.0,0.0,0.0,0.0,0.0,Enemy
28.8,B0200,N001VE,SEARCH,None,0.0,0.0,0.0,0.0,0.0,Enemy
29.0,A0100,AN/APG-68(V)9,TRACK,B0100,68.58182545068657,0.0,0.0,0.0,0.0,Friendly
29.0,A0200,AN/APG-68(V)9,TRACK,B0100,71.57569078400485,0.0,0.0,0.0,0.0,Friendly
29.0,B0100,N001VE,SEARCH,None,0.0,0.0,0.0,0.0,0.0,Enemy
29.0,B0200,N001VE,SEARCH,None,0.0,0.0,0.0,0.0,0.0,Enemy
29.200000000000003,A0100,AN/APG-68(V)9,TRACK,B0100,68.4434721856075,0.0,0.0,0.0,0.0,Friendly
29.200000000000003,A0200,AN/APG-68(V)9,TRACK,B0100,71.47112959622713,0.0,0.0,0.0,0.0,Friendly
29.200000000000003,B0100,N001VE,SEARCH,None,0.0,0.0,0.0,0.0,0.0,Enemy
29.200000000000003,B0200,N001VE,SEARCH,None,0.0,0.0,0.0,0.0,0.0,Enemy
29.400000000000002,A0100,AN/APG-68(V)9,TRACK,B0100,68.30509786419326,0.0,0.0,0.0,0.0,Friendly
29.400000000000002,A0200,AN/APG-68(V)9,TRACK,B0100,71.3666945932202,0.0,0.0,0.0,0.0,Friendly
29.400000000000002,B0100,N001VE,SEARCH,None,0.0,0.0,0.0,0.0,0.0,Enemy
29.400000000000002,B0200,N001VE,SEARCH,None,0.0,0.0,0.0,0.0,0.0,Enemy
29.6,A0100,AN/APG-68(V)9,TRACK,B0100,68.16681427730371,0.0,0.0,0.0,0.0,Friendly
29.6,A0200,AN/APG-68(V)9,TRACK,B0100,71.262475005569,0.0,0.0,0.0,0.0,Friendly
29.6,B0100,N001VE,SEARCH,None,0.0,0.0,0.0,0.0,0.0,Enemy
29.6,B0200,N001VE,SEARCH,None,0.0,0.0,0.0,0.0,0.0,Enemy
29.8,A0100,AN/APG-68(V)9,TRACK,B0100,68.02856681086415,0.0,0.0,0.0,0.0,Friendly
29.8,A0200,AN/APG-68(V)9,TRACK,B0100,71.15850223615797,0.0,0.0,0.0,0.0,Friendly
29.8,B0100,N001VE,SEARCH,None,0.0,0.0,0.0,0.0,0.0,Enemy
29.8,B0200,N001VE,SEARCH,None,0.0,0.0,0.0,0.0,0.0,Enemy
30.0,A0100,AN/APG-68(V)9,TRACK,B0100,67.89033492079334,0.0,0.0,0.0,0.0,Friendly
30.0,A0200,AN/APG-68(V)9,TRACK,B0100,71.0547452961481,0.0,0.0,0.0,0.0,Friendly
30.0,B0100,N001VE,SEARCH,None,0.0,0.0,0.0,0.0,0.0,Enemy
30.0,B0200,N001VE,SEARCH,None,0.0,0.0,0.0,0.0,0.0,Enemy
30.200000000000003,A0100,AN/APG-68(V)9,TRACK,B0100,67.75213641809401,0.0,0.0,0.0,0.0,Friendly
30.200000000000003,A0200,AN/APG-68(V)9,TRACK,B0100,70.95124541894423,0.0,0.0,0.0,0.0,Friendly
30.200000000000003,B0100,N001VE,SEARCH,None,0.0,0.0,0.0,0.0,0.0,Enemy
30.200000000000003,B0200,N001VE,SEARCH,None,0.0,0.0,0.0,0.0,0.0,Enemy
30.400000000000002,A0100,AN/APG-68(V)9,TRACK,B0100,67.61393292878495,0.0,0.0,0.0,0.0,Friendly
30.400000000000002,A0200,AN/APG-68(V)9,TRACK,B0100,70.84795476183066,0.0,0.0,0.0,0.0,Friendly
30.400000000000002,B0100,N001VE,SEARCH,None,0.0,0.0,0.0,0.0,0.0,Enemy
30.400000000000002,B0200,N001VE,SEARCH,None,0.0,0.0,0.0,0.0,0.0,Enemy
30.6,A0100,AN/APG-68(V)9,TRACK,B0100,67.47572425745703,0.0,0.0,0.0,0.0,Friendly
30.6,A0200,AN/APG-68(V)9,TRACK,B0100,70.74489703624106,0.0,0.0,0.0,0.0,Friendly
30.6,B0100,N001VE,SEARCH,None,0.0,0.0,0.0,0.0,0.0,Enemy
30.6,B0200,N001VE,SEARCH,None,0.0,0.0,0.0,0.0,0.0,Enemy
30.8,A0100,AN/APG-68(V)9,TRACK,B0100,67.33753665417872,0.0,0.0,0.0,0.0,Friendly
30.8,A0200,AN/APG-68(V)9,TRACK,B0100,70.64208655128411,0.0,0.0,0.0,0.0,Friendly
30.8,B0100,N001VE,SEARCH,None,0.0,0.0,0.0,0.0,0.0,Enemy
30.8,B0200,N001VE,SEARCH,None,0.0,0.0,0.0,0.0,0.0,Enemy
31.0,A0100,AN/APG-68(V)9,TRACK,B0100,67.1992912939348,0.0,0.0,0.0,0.0,Friendly
31.0,A0200,AN/APG-68(V)9,TRACK,B0100,70.53946074333926,0.0,0.0,0.0,0.0,Friendly
31.0,B0100,N001VE,SEARCH,None,0.0,0.0,0.0,0.0,0.0,Enemy
31.0,B0200,N001VE,SEARCH,None,0.0,0.0,0.0,0.0,0.0,Enemy
31.200000000000003,A0100,AN/APG-68(V)9,TRACK,B0100,67.06108437529822,0.0,0.0,0.0,0.0,Friendly
31.200000000000003,A0200,AN/APG-68(V)9,TRACK,B0100,70.43709521763495,0.0,0.0,0.0,0.0,Friendly
31.200000000000003,B0100,N001VE,SEARCH,None,0.0,0.0,0.0,0.0,0.0,Enemy
31.200000000000003,B0200,N001VE,SEARCH,None,0.0,0.0,0.0,0.0,0.0,Enemy
31.400000000000002,A0100,AN/APG-68(V)9,TRACK,B0100,66.92292796911917,0.0,0.0,0.0,0.0,Friendly
31.400000000000002,A0200,AN/APG-68(V)9,TRACK,B0100,70.33501609956839,0.0,0.0,0.0,0.0,Friendly
31.400000000000002,B0100,N001VE,SEARCH,None,0.0,0.0,0.0,0.0,0.0,Enemy
31.400000000000002,B0200,N001VE,SEARCH,None,0.0,0.0,0.0,0.0,0.0,Enemy
31.6,A0100,AN/APG-68(V)9,TRACK,B0100,66.78480164366164,0.0,0.0,0.0,0.0,Friendly
31.6,A0200,AN/APG-68(V)9,TRACK,B0100,70.23318624066904,0.0,0.0,0.0,0.0,Friendly
31.6,B0100,N001VE,SEARCH,None,0.0,0.0,0.0,0.0,0.0,Enemy
31.6,B0200,N001VE,SEARCH,None,0.0,0.0,0.0,0.0,0.0,Enemy
31.8,A0100,AN/APG-68(V)9,TRACK,B0100,66.64666027201699,0.0,0.0,0.0,0.0,Friendly
31.8,A0200,AN/APG-68(V)9,TRACK,B0100,70.13159620432778,0.0,0.0,0.0,0.0,Friendly
31.8,B0100,N001VE,SEARCH,None,0.0,0.0,0.0,0.0,0.0,Enemy
31.8,B0200,N001VE,SEARCH,None,0.0,0.0,0.0,0.0,0.0,Enemy
32.0,A0100,AN/APG-68(V)9,TRACK,B0100,66.5085148864316,0.0,0.0,0.0,0.0,Friendly
32.0,A0200,AN/APG-68(V)9,TRACK,B0100,70.03025347236097,0.0,0.0,0.0,0.0,Friendly
32.0,B0100,N001VE,SEARCH,None,0.0,0.0,0.0,0.0,0.0,Enemy
32.0,B0200,N001VE,SEARCH,None,0.0,0.0,0.0,0.0,0.0,Enemy
32.2,A0100,AN/APG-68(V)9,TRACK,B0100,66.37038161049708,0.0,0.0,0.0,0.0,Friendly
32.2,A0200,AN/APG-68(V)9,TRACK,B0100,69.92914630088266,0.0,0.0,0.0,0.0,Friendly
32.2,B0100,N001VE,SEARCH,None,0.0,0.0,0.0,0.0,0.0,Enemy
32.2,B0200,N001VE,SEARCH,None,0.0,0.0,0.0,0.0,0.0,Enemy
32.4,A0100,AN/APG-68(V)9,TRACK,B0100,66.23232723359438,0.0,0.0,0.0,0.0,Friendly
32.4,A0200,AN/APG-68(V)9,TRACK,B0100,69.82829350021221,0.0,0.0,0.0,0.0,Friendly
32.4,B0100,N001VE,SEARCH,None,0.0,0.0,0.0,0.0,0.0,Enemy
32.4,B0200,N001VE,SEARCH,None,0.0,0.0,0.0,0.0,0.0,Enemy
32.6,A0100,AN/APG-68(V)9,TRACK,B0100,66.09436837766462,0.0,0.0,0.0,0.0,Friendly
32.6,A0200,AN/APG-68(V)9,TRACK,B0100,69.72768094504701,0.0,0.0,0.0,0.0,Friendly
32.6,B0100,N001VE,SEARCH,None,0.0,0.0,0.0,0.0,0.0,Enemy
32.6,B0200,N001VE,SEARCH,None,0.0,0.0,0.0,0.0,0.0,Enemy
32.800000000000004,A0100,AN/APG-68(V)9,TRACK,B0100,65.95642176857558,0.0,0.0,0.0,0.0,Friendly
32.800000000000004,A0200,AN/APG-68(V)9,TRACK,B0100,69.62729418866228,0.0,0.0,0.0,0.0,Friendly
32.800000000000004,B0100,N001VE,SEARCH,None,0.0,0.0,0.0,0.0,0.0,Enemy
32.800000000000004,B0200,N001VE,SEARCH,None,0.0,0.0,0.0,0.0,0.0,Enemy
33.0,A0100,AN/APG-68(V)9,TRACK,B0100,65.81848501043265,0.0,0.0,0.0,0.0,Friendly
33.0,A0200,AN/APG-68(V)9,TRACK,B0100,69.52701559854492,0.0,0.0,0.0,0.0,Friendly
33.0,B0100,N001VE,SEARCH,None,0.0,0.0,0.0,0.0,0.0,Enemy
33.0,B0200,N001VE,SEARCH,None,0.0,0.0,0.0,0.0,0.0,Enemy
33.2,A0100,AN/APG-68(V)9,TRACK,B0100,65.68056360534165,0.0,0.0,0.0,0.0,Friendly
33.2,A0200,AN/APG-68(V)9,TRACK,B0100,69.42679381934286,0.0,0.0,0.0,0.0,Friendly
33.2,B0100,N001VE,SEARCH,None,0.0,0.0,0.0,0.0,0.0,Enemy
33.2,B0200,N001VE,SEARCH,None,0.0,0.0,0.0,0.0,0.0,Enemy
33.4,A0100,AN/APG-68(V)9,TRACK,B0100,65.54264298356503,0.0,0.0,0.0,0.0,Friendly
33.4,A0200,AN/APG-68(V)9,TRACK,B0100,69.32659808476693,0.0,0.0,0.0,0.0,Friendly
33.4,B0100,N001VE,SEARCH,None,0.0,0.0,0.0,0.0,0.0,Enemy
33.4,B0200,N001VE,SEARCH,None,0.0,0.0,0.0,0.0,0.0,Enemy
33.6,A0100,AN/APG-68(V)9,TRACK,B0100,65.40470524423719,0.0,0.0,0.0,0.0,Friendly
33.6,A0200,AN/APG-68(V)9,TRACK,B0100,69.22637124293753,0.0,0.0,0.0,0.0,Friendly
33.6,B0100,N001VE,SEARCH,None,0.0,0.0,0.0,0.0,0.0,Enemy
33.6,B0200,N001VE,SEARCH,None,0.0,0.0,0.0,0.0,0.0,Enemy
33.800000000000004,A0100,AN/APG-68(V)9,TRACK,B0100,65.26676708308945,0.0,0.0,0.0,0.0,Friendly
33.800000000000004,A0200,AN/APG-68(V)9,TRACK,B0100,69.12603094091122,0.0,0.0,0.0,0.0,Friendly
33.800000000000004,B0100,N001VE,SEARCH,None,0.0,0.0,0.0,0.0,0.0,Enemy
33.800000000000004,B0200,N001VE,SEARCH,None,0.0,0.0,0.0,0.0,0.0,Enemy
34.0,A0100,AN/APG-68(V)9,TRACK,B0100,65.12881044220845,0.0,0.0,0.0,0.0,Friendly
34.0,A0200,AN/APG-68(V)9,TRACK,B0100,69.02561978228182,0.0,0.0,0.0,0.0,Friendly
34.0,B0100,N001VE,SEARCH,None,0.0,0.0,0.0,0.0,0.0,Enemy
34.0,B0200,N001VE,SEARCH,None,0.0,0.0,0.0,0.0,0.0,Enemy
34.2,A0100,AN/APG-68(V)9,TRACK,B0100,64.99083239590088,0.0,0.0,0.0,0.0,Friendly
34.2,A0200,AN/APG-68(V)9,TRACK,B0100,68.92517205632814,0.0,0.0,0.0,0.0,Friendly
34.2,B0100,N001VE,SEARCH,None,0.0,0.0,0.0,0.0,0.0,Enemy
34.2,B0200,N001VE,SEARCH,None,0.0,0.0,0.0,0.0,0.0,Enemy
34.4,A0100,AN/APG-68(V)9,TRACK,B0100,64.852876446787,0.0,0.0,0.0,0.0,Friendly
34.4,A0200,AN/APG-68(V)9,TRACK,B0100,68.82477562594478,0.0,0.0,0.0,0.0,Friendly
34.4,B0100,N001VE,SEARCH,None,0.0,0.0,0.0,0.0,0.0,Enemy
34.4,B0200,N001VE,SEARCH,None,0.0,0.0,0.0,0.0,0.0,Enemy
34.6,A0100,AN/APG-68(V)9,TRACK,B0100,64.7149632723955,0.0,0.0,0.0,0.0,Friendly
34.6,A0200,AN/APG-68(V)9,TRACK,B0100,68.72448326060832,0.0,0.0,0.0,0.0,Friendly
34.6,B0100,N001VE,SEARCH,None,0.0,0.0,0.0,0.0,0.0,Enemy
34.6,B0200,N001VE,SEARCH,None,0.0,0.0,0.0,0.0,0.0,Enemy
34.800000000000004,A0100,AN/APG-68(V)9,TRACK,B0100,64.57714409001882,0.0,0.0,0.0,0.0,Friendly
34.800000000000004,A0200,AN/APG-68(V)9,TRACK,B0100,68.62438906770896,0.0,0.0,0.0,0.0,Friendly
34.800000000000004,B0100,N001VE,SEARCH,None,0.0,0.0,0.0,0.0,0.0,Enemy
34.800000000000004,B0200,N001VE,SEARCH,None,0.0,0.0,0.0,0.0,0.0,Enemy
35.0,A0100,AN/APG-68(V)9,TRACK,B0100,64.43937249196502,0.0,0.0,0.0,0.0,Friendly
35.0,A0200,AN/APG-68(V)9,TRACK,B0100,68.52454200994386,0.0,0.0,0.0,0.0,Friendly
35.0,B0100,N001VE,SEARCH,None,0.0,0.0,0.0,0.0,0.0,Enemy
35.0,B0200,N001VE,SEARCH,None,0.0,0.0,0.0,0.0,0.0,Enemy
35.2,A0100,AN/APG-68(V)9,TRACK,B0100,64.30169514486902,0.0,0.0,0.0,0.0,Friendly
35.2,A0200,AN/APG-68(V)9,TRACK,B0100,68.42502234801029,0.0,0.0,0.0,0.0,Friendly
35.2,B0100,N001VE,SEARCH,None,0.0,0.0,0.0,0.0,0.0,Enemy
35.2,B0200,N001VE,SEARCH,None,0.0,0.0,0.0,0.0,0.0,Enemy
35.4,A0100,AN/APG-68(V)9,TRACK,B0100,64.16406713606152,0.0,0.0,0.0,0.0,Friendly
35.4,A0200,AN/APG-68(V)9,TRACK,B0100,68.32580967009582,0.0,0.0,0.0,0.0,Friendly
35.4,B0100,N001VE,SEARCH,None,0.0,0.0,0.0,0.0,0.0,Enemy
35.4,B0200,N001VE,SEARCH,None,0.0,0.0,0.0,0.0,0.0,Enemy
35.6,A0100,AN/APG-68(V)9,TRACK,B0100,64.02653401561687,0.0,0.0,0.0,0.0,Friendly
35.6,A0200,AN/APG-68(V)9,TRACK,B0100,68.22671488151951,0.0,0.0,0.0,0.0,Friendly
35.6,B0100,N001VE,SEARCH,None,0.0,0.0,0.0,0.0,0.0,Enemy
35.6,B0200,N001VE,SEARCH,None,0.0,0.0,0.0,0.0,0.0,Enemy
35.800000000000004,A0100,AN/APG-68(V)9,TRACK,B0100,63.88905023625203,0.0,0.0,0.0,0.0,Friendly
35.800000000000004,A0200,AN/APG-68(V)9,TRACK,B0100,68.12750410562731,0.0,0.0,0.0,0.0,Friendly
35.800000000000004,B0100,N001VE,SEARCH,None,0.0,0.0,0.0,0.0,0.0,Enemy
35.800000000000004,B0200,N001VE,SEARCH,None,0.0,0.0,0.0,0.0,0.0,Enemy
36.0,A0100,AN/APG-68(V)9,TRACK,B0100,63.75166061742438,0.0,0.0,0.0,0.0,Friendly
36.0,A0200,AN/APG-68(V)9,TRACK,B0100,68.0280377985987,0.0,0.0,0.0,0.0,Friendly
36.0,B0100,N001VE,SEARCH,None,0.0,0.0,0.0,0.0,0.0,Enemy
36.0,B0200,N001VE,SEARCH,None,0.0,0.0,0.0,0.0,0.0,Enemy
36.2,A0100,AN/APG-68(V)9,TRACK,B0100,63.61426558637581,0.0,0.0,0.0,0.0,Friendly
36.2,A0200,AN/APG-68(V)9,TRACK,B0100,67.92822470237101,0.0,0.0,0.0,0.0,Friendly
36.2,B0100,N001VE,SEARCH,None,0.0,0.0,0.0,0.0,0.0,Enemy
36.2,B0200,N001VE,SEARCH,None,0.0,0.0,0.0,0.0,0.0,Enemy
36.4,A0100,AN/APG-68(V)9,TRACK,B0100,63.476900287618946,0.0,0.0,0.0,0.0,Friendly
36.4,A0200,AN/APG-68(V)9,TRACK,B0100,67.82806272300897,0.0,0.0,0.0,0.0,Friendly
36.4,B0100,N001VE,SEARCH,None,0.0,0.0,0.0,0.0,0.0,Enemy
36.4,B0200,N001VE,SEARCH,None,0.0,0.0,0.0,0.0,0.0,Enemy
36.6,A0100,AN/APG-68(V)9,TRACK,B0100,63.33952955057894,0.0,0.0,0.0,0.0,Friendly
36.6,A0200,AN/APG-68(V)9,TRACK,B0100,67.72754293762655,0.0,0.0,0.0,0.0,Friendly
36.6,B0100,N001VE,SEARCH,None,0.0,0.0,0.0,0.0,0.0,Enemy
36.6,B0200,N001VE,SEARCH,None,0.0,0.0,0.0,0.0,0.0,Enemy
36.800000000000004,A0100,AN/APG-68(V)9,TRACK,B0100,63.202188078672584,0.0,0.0,0.0,0.0,Friendly
36.800000000000004,A0200,AN/APG-68(V)9,TRACK,B0100,67.62669819475957,0.0,0.0,0.0,0.0,Friendly
36.800000000000004,B0100,N001VE,SEARCH,None,0.0,0.0,0.0,0.0,0.0,Enemy
36.800000000000004,B0200,N001VE,SEARCH,None,0.0,0.0,0.0,0.0,0.0,Enemy
37.0,A0100,AN/APG-68(V)9,TRACK,B0100,63.06479649223577,0.0,0.0,0.0,0.0,Friendly
37.0,A0200,AN/APG-68(V)9,TRACK,B0100,67.52550390463172,0.0,0.0,0.0,0.0,Friendly
37.0,B0100,N001VE,SEARCH,None,0.0,0.0,0.0,0.0,0.0,Enemy
37.0,B0200,N001VE,SEARCH,None,0.0,0.0,0.0,0.0,0.0,Enemy
37.2,A0100,AN/APG-68(V)9,TRACK,B0100,62.927373381061926,0.0,0.0,0.0,0.0,Friendly
37.2,A0200,AN/APG-68(V)9,TRACK,B0100,67.4239293492342,0.0,0.0,0.0,0.0,Friendly
37.2,B0100,N001VE,SEARCH,None,0.0,0.0,0.0,0.0,0.0,Enemy
37.2,B0200,N001VE,SEARCH,None,0.0,0.0,0.0,0.0,0.0,Enemy
37.4,A0100,AN/APG-68(V)9,TRACK,B0100,62.79003331822913,0.0,0.0,0.0,0.0,Friendly
37.4,A0200,AN/APG-68(V)9,TRACK,B0100,67.32203732980682,0.0,0.0,0.0,0.0,Friendly
37.4,B0100,N001VE,SEARCH,None,0.0,0.0,0.0,0.0,0.0,Enemy
37.4,B0200,N001VE,SEARCH,None,0.0,0.0,0.0,0.0,0.0,Enemy
37.6,A0100,AN/APG-68(V)9,TRACK,B0100,62.652900267947025,0.0,0.0,0.0,0.0,Friendly
37.6,A0200,AN/APG-68(V)9,TRACK,B0100,67.22000801512732,0.0,0.0,0.0,0.0,Friendly
37.6,B0100,N001VE,SEARCH,None,0.0,0.0,0.0,0.0,0.0,Enemy
37.6,B0200,N001VE,SEARCH,None,0.0,0.0,0.0,0.0,0.0,Enemy
37.800000000000004,A0100,AN/APG-68(V)9,TRACK,B0100,62.5160365536292,0.0,0.0,0.0,0.0,Friendly
37.800000000000004,A0200,AN/APG-68(V)9,TRACK,B0100,67.1179554362033,0.0,0.0,0.0,0.0,Friendly
37.800000000000004,B0100,N001VE,SEARCH,None,0.0,0.0,0.0,0.0,0.0,Enemy
37.800000000000004,B0200,N001VE,SEARCH,None,0.0,0.0,0.0,0.0,0.0,Enemy
38.0,A0100,AN/APG-68(V)9,TRACK,B0100,62.37930035774424,0.0,0.0,0.0,0.0,Friendly
38.0,A0200,AN/APG-68(V)9,TRACK,B0100,67.01581031093093,0.0,0.0,0.0,0.0,Friendly
38.0,B0100,N001VE,SEARCH,None,0.0,0.0,0.0,0.0,0.0,Enemy
38.0,B0200,N001VE,SEARCH,None,0.0,0.0,0.0,0.0,0.0,Enemy
38.2,A0100,AN/APG-68(V)9,TRACK,B0100,62.24267738946883,0.0,0.0,0.0,0.0,Friendly
38.2,A0200,AN/APG-68(V)9,TRACK,B0100,66.91353795516939,0.0,0.0,0.0,0.0,Friendly
38.2,B0100,N001VE,SEARCH,None,0.0,0.0,0.0,0.0,0.0,Enemy
38.2,B0200,N001VE,SEARCH,None,0.0,0.0,0.0,0.0,0.0,Enemy
38.400000000000006,A0100,AN/APG-68(V)9,TRACK,B0100,62.10607826574221,0.0,0.0,0.0,0.0,Friendly
38.400000000000006,A0200,AN/APG-68(V)9,TRACK,B0100,66.81115499101514,0.0,0.0,0.0,0.0,Friendly
38.400000000000006,B0100,N001VE,SEARCH,None,0.0,0.0,0.0,0.0,0.0,Enemy
38.400000000000006,B0200,N001VE,SEARCH,None,0.0,0.0,0.0,0.0,0.0,Enemy
38.6,A0100,AN/APG-68(V)9,TRACK,B0100,61.96952714136712,0.0,0.0,0.0,0.0,Friendly
38.6,A0200,AN/APG-68(V)9,TRACK,B0100,66.7086571457819,0.0,0.0,0.0,0.0,Friendly
38.6,B0100,N001VE,SEARCH,None,0.0,0.0,0.0,0.0,0.0,Enemy
38.6,B0200,N001VE,SEARCH,None,0.0,0.0,0.0,0.0,0.0,Enemy
38.800000000000004,A0100,AN/APG-68(V)9,TRACK,B0100,61.83295976799572,0.0,0.0,0.0,0.0,Friendly
38.800000000000004,A0200,AN/APG-68(V)9,TRACK,B0100,66.60599341688426,0.0,0.0,0.0,0.0,Friendly
38.800000000000004,B0100,N001VE,SEARCH,None,0.0,0.0,0.0,0.0,0.0,Enemy
38.800000000000004,B0200,N001VE,SEARCH,None,0.0,0.0,0.0,0.0,0.0,Enemy
39.0,A0100,AN/APG-68(V)9,TRACK,B0100,61.69640994107963,0.0,0.0,0.0,0.0,Friendly
39.0,A0200,AN/APG-68(V)9,TRACK,B0100,66.50316938063295,0.0,0.0,0.0,0.0,Friendly
39.0,B0100,N001VE,SEARCH,None,0.0,0.0,0.0,0.0,0.0,Enemy
39.0,B0200,N001VE,SEARCH,None,0.0,0.0,0.0,0.0,0.0,Enemy
39.2,A0100,AN/APG-68(V)9,TRACK,B0100,61.55982968355365,0.0,0.0,0.0,0.0,Friendly
39.2,A0200,AN/APG-68(V)9,TRACK,B0100,66.40010248409848,0.0,0.0,0.0,0.0,Friendly
39.2,B0100,N001VE,SEARCH,None,0.0,0.0,0.0,0.0,0.0,Enemy
39.2,B0200,N001VE,SEARCH,None,0.0,0.0,0.0,0.0,0.0,Enemy
39.400000000000006,A0100,AN/APG-68(V)9,TRACK,B0100,61.423302835173445,0.0,0.0,0.0,0.0,Friendly
39.400000000000006,A0200,AN/APG-68(V)9,TRACK,B0100,66.29672869260357,0.0,0.0,0.0,0.0,Friendly
39.400000000000006,B0100,N001VE,SEARCH,None,0.0,0.0,0.0,0.0,0.0,Enemy
39.400000000000006,B0200,N001VE,SEARCH,None,0.0,0.0,0.0,0.0,0.0,Enemy
39.6,A0100,AN/APG-68(V)9,TRACK,B0100,61.28683933983778,0.0,0.0,0.0,0.0,Friendly
39.6,A0200,AN/APG-68(V)9,TRACK,B0100,66.1930383615737,0.0,0.0,0.0,0.0,Friendly
39.6,B0100,N001VE,SEARCH,None,0.0,0.0,0.0,0.0,0.0,Enemy
39.6,B0200,N001VE,SEARCH,None,0.0,0.0,0.0,0.0,0.0,Enemy
39.800000000000004,A0100,AN/APG-68(V)9,TRACK,B0100,61.15043083077364,0.0,0.0,0.0,0.0,Friendly
39.800000000000004,A0200,AN/APG-68(V)9,TRACK,B0100,66.08911465620426,0.0,0.0,0.0,0.0,Friendly
39.800000000000004,B0100,N001VE,SEARCH,None,0.0,0.0,0.0,0.0,0.0,Enemy
39.800000000000004,B0200,N001VE,SEARCH,None,0.0,0.0,0.0,0.0,0.0,Enemy
40.0,A0100,AN/APG-68(V)9,TRACK,B0100,61.01408894820392,0.0,0.0,0.0,0.0,Friendly
40.0,A0200,AN/APG-68(V)9,TRACK,B0100,65.98499051738507,0.0,0.0,0.0,0.0,Friendly
40.0,B0100,N001VE,SEARCH,None,0.0,0.0,0.0,0.0,0.0,Enemy
40.0,B0200,N001VE,SEARCH,None,0.0,0.0,0.0,0.0,0.0,Enemy
40.2,A0100,AN/APG-68(V)9,TRACK,B0100,60.877803302011436,0.0,0.0,0.0,0.0,Friendly
40.2,A0200,AN/APG-68(V)9,TRACK,B0100,65.88070080397354,0.0,0.0,0.0,0.0,Friendly
40.2,B0100,N001VE,SEARCH,None,0.0,0.0,0.0,0.0,0.0,Enemy
40.2,B0200,N001VE,SEARCH,None,0.0,0.0,0.0,0.0,0.0,Enemy
40.400000000000006,A0100,AN/APG-68(V)9,TRACK,B0100,60.74157804933467,0.0,0.0,0.0,0.0,Friendly
40.400000000000006,A0200,AN/APG-68(V)9,TRACK,B0100,65.77617140033519,0.0,0.0,0.0,0.0,Friendly
40.400000000000006,B0100,N001VE,SEARCH,None,0.0,0.0,0.0,0.0,0.0,Enemy
40.400000000000006,B0200,N001VE,SEARCH,None,0.0,0.0,0.0,0.0,0.0,Enemy
40.6,A0100,AN/APG-68(V)9,TRACK,B0100,60.605404516966544,0.0,0.0,0.0,0.0,Friendly
40.6,A0200,AN/APG-68(V)9,TRACK,B0100,65.67137919668453,0.0,0.0,0.0,0.0,Friendly
40.6,B0100,N001VE,SEARCH,None,0.0,0.0,0.0,0.0,0.0,Enemy
40.6,B0200,N001VE,SEARCH,None,0.0,0.0,0.0,0.0,0.0,Enemy
40.800000000000004,A0100,AN/APG-68(V)9,TRACK,B0100,60.46929350658565,0.0,0.0,0.0,0.0,Friendly
40.800000000000004,A0200,AN/APG-68(V)9,TRACK,B0100,65.56631044400882,0.0,0.0,0.0,0.0,Friendly
40.800000000000004,B0100,N001VE,SEARCH,None,0.0,0.0,0.0,0.0,0.0,Enemy
40.800000000000004,B0200,N001VE,SEARCH,None,0.0,0.0,0.0,0.0,0.0,Enemy
41.0,A0100,AN/APG-68(V)9,TRACK,B0100,60.333235894802506,0.0,0.0,0.0,0.0,Friendly
41.0,A0200,AN/APG-68(V)9,TRACK,B0100,65.46101445309756,0.0,0.0,0.0,0.0,Friendly
41.0,B0100,N001VE,SEARCH,None,0.0,0.0,0.0,0.0,0.0,Enemy
41.0,B0200,N001VE,SEARCH,None,0.0,0.0,0.0,0.0,0.0,Enemy
41.2,A0100,AN/APG-68(V)9,TRACK,B0100,60.197230916470865,0.0,0.0,0.0,0.0,Friendly
41.2,A0200,AN/APG-68(V)9,TRACK,B0100,65.35548232110584,0.0,0.0,0.0,0.0,Friendly
41.2,B0100,N001VE,SEARCH,None,0.0,0.0,0.0,0.0,0.0,Enemy
41.2,B0200,N001VE,SEARCH,None,0.0,0.0,0.0,0.0,0.0,Enemy
41.400000000000006,A0100,AN/APG-68(V)9,TRACK,B0100,60.0612772132336,0.0,0.0,0.0,0.0,Friendly
41.400000000000006,A0200,AN/APG-68(V)9,TRACK,B0100,65.24972962080123,0.0,0.0,0.0,0.0,Friendly
41.400000000000006,B0100,N001VE,SEARCH,None,0.0,0.0,0.0,0.0,0.0,Enemy
41.400000000000006,B0200,N001VE,SEARCH,None,0.0,0.0,0.0,0.0,0.0,Enemy
41.6,A0100,AN/APG-68(V)9,TRACK,B0100,59.925421249970185,0.0,0.0,0.0,0.0,Friendly
41.6,A0200,AN/APG-68(V)9,TRACK,B0100,65.14373964764842,0.0,0.0,0.0,0.0,Friendly
41.6,B0100,N001VE,SEARCH,None,0.0,0.0,0.0,0.0,0.0,Enemy
41.6,B0200,N001VE,SEARCH,None,0.0,0.0,0.0,0.0,0.0,Enemy
41.800000000000004,A0100,AN/APG-68(V)9,TRACK,B0100,59.78953621261597,0.0,0.0,0.0,0.0,Friendly
41.800000000000004,A0200,AN/APG-68(V)9,TRACK,B0100,65.03751840748262,0.0,0.0,0.0,0.0,Friendly
41.800000000000004,B0100,N001VE,SEARCH,None,0.0,0.0,0.0,0.0,0.0,Enemy
41.800000000000004,B0200,N001VE,SEARCH,None,0.0,0.0,0.0,0.0,0.0,Enemy
42.0,A0100,AN/APG-68(V)9,TRACK,B0100,59.65364216638505,0.0,0.0,0.0,0.0,Friendly
42.0,A0200,AN/APG-68(V)9,TRACK,B0100,64.93105004716016,0.0,0.0,0.0,0.0,Friendly
42.0,B0100,N001VE,SEARCH,None,0.0,0.0,0.0,0.0,0.0,Enemy
42.0,B0200,N001VE,SEARCH,None,0.0,0.0,0.0,0.0,0.0,Enemy
42.2,A0100,AN/APG-68(V)9,TRACK,B0100,59.51777348470768,0.0,0.0,0.0,0.0,Friendly
42.2,A0200,AN/APG-68(V)9,TRACK,B0100,64.82426956411838,0.0,0.0,0.0,0.0,Friendly
42.2,B0100,N001VE,SEARCH,None,0.0,0.0,0.0,0.0,0.0,Enemy
42.2,B0200,N001VE,SEARCH,None,0.0,0.0,0.0,0.0,0.0,Enemy
42.400000000000006,A0100,AN/APG-68(V)9,TRACK,B0100,59.38201724859843,0.0,0.0,0.0,0.0,Friendly
42.400000000000006,A0200,AN/APG-68(V)9,TRACK,B0100,64.71722400660047,0.0,0.0,0.0,0.0,Friendly
42.400000000000006,B0100,N001VE,SEARCH,None,0.0,0.0,0.0,0.0,0.0,Enemy
42.400000000000006,B0200,N001VE,SEARCH,None,0.0,0.0,0.0,0.0,0.0,Enemy
42.6,A0100,AN/APG-68(V)9,TRACK,B0100,59.2463336512791,0.0,0.0,0.0,0.0,Friendly
42.6,A0200,AN/APG-68(V)9,TRACK,B0100,64.60994790821603,0.0,0.0,0.0,0.0,Friendly
42.6,B0100,N001VE,SEARCH,None,0.0,0.0,0.0,0.0,0.0,Enemy
42.6,B0200,N001VE,SEARCH,None,0.0,0.0,0.0,0.0,0.0,Enemy
42.800000000000004,A0100,AN/APG-68(V)9,TRACK,B0100,59.11072464023095,0.0,0.0,0.0,0.0,Friendly
42.800000000000004,A0200,AN/APG-68(V)9,TRACK,B0100,64.50247539636331,0.0,0.0,0.0,0.0,Friendly
42.800000000000004,B0100,N001VE,SEARCH,None,0.0,0.0,0.0,0.0,0.0,Enemy
42.800000000000004,B0200,N001VE,SEARCH,None,0.0,0.0,0.0,0.0,0.0,Enemy
43.0,A0100,AN/APG-68(V)9,TRACK,B0100,58.97514457119797,0.0,0.0,0.0,0.0,Friendly
43.0,A0200,AN/APG-68(V)9,TRACK,B0100,64.39473850842907,0.0,0.0,0.0,0.0,Friendly
43.0,B0100,N001VE,SEARCH,None,0.0,0.0,0.0,0.0,0.0,Enemy
43.0,B0200,N001VE,SEARCH,None,0.0,0.0,0.0,0.0,0.0,Enemy
43.2,A0100,AN/APG-68(V)9,TRACK,B0100,58.83963945730482,0.0,0.0,0.0,0.0,Friendly
43.2,A0200,AN/APG-68(V)9,TRACK,B0100,64.28669582155,0.0,0.0,0.0,0.0,Friendly
43.2,B0100,N001VE,SEARCH,None,0.0,0.0,0.0,0.0,0.0,Enemy
43.2,B0200,N001VE,SEARCH,None,0.0,0.0,0.0,0.0,0.0,Enemy
43.400000000000006,A0100,AN/APG-68(V)9,TRACK,B0100,58.704162440863264,0.0,0.0,0.0,0.0,Friendly
43.400000000000006,A0200,AN/APG-68(V)9,TRACK,B0100,64.17832493107343,0.0,0.0,0.0,0.0,Friendly
43.400000000000006,B0100,N001VE,SEARCH,None,0.0,0.0,0.0,0.0,0.0,Enemy
43.400000000000006,B0200,N001VE,SEARCH,None,0.0,0.0,0.0,0.0,0.0,Enemy
43.6,A0100,AN/APG-68(V)9,TRACK,B0100,58.568759332630975,0.0,0.0,0.0,0.0,Friendly
43.6,A0200,AN/APG-68(V)9,TRACK,B0100,64.06966829299361,0.0,0.0,0.0,0.0,Friendly
43.6,B0100,N001VE,SEARCH,None,0.0,0.0,0.0,0.0,0.0,Enemy
43.6,B0200,N001VE,SEARCH,None,0.0,0.0,0.0,0.0,0.0,Enemy
43.800000000000004,A0100,AN/APG-68(V)9,TRACK,B0100,58.43337708675556,0.0,0.0,0.0,0.0,Friendly
43.800000000000004,A0200,AN/APG-68(V)9,TRACK,B0100,63.96074121271235,0.0,0.0,0.0,0.0,Friendly
43.800000000000004,B0100,N001VE,SEARCH,None,0.0,0.0,0.0,0.0,0.0,Enemy
43.800000000000004,B0200,N001VE,SEARCH,A0100,58.72822275880837,-23.427794176144346,-778.4231817095605,0.27653310413549104,15355.897768305067,Enemy
44.0,A0100,AN/APG-68(V)9,TRACK,B0100,58.2980655629168,0.0,0.0,0.0,0.0,Friendly
44.0,A0200,AN/APG-68(V)9,TRACK,B0100,63.851587725375666,0.0,0.0,0.0,0.0,Friendly
44.0,B0100,N001VE,SEARCH,None,0.0,0.0,0.0,0.0,0.0,Enemy
44.0,B0200,N001VE,SEARCH,A0100,58.72822275880837,-23.427794176144346,-778.4231817095605,0.2658972155148954,15355.897768305067,Enemy
44.2,A0100,AN/APG-68(V)9,TRACK,B0100,58.162759824833955,0.0,0.0,0.0,0.0,Friendly
44.2,A0200,AN/APG-68(V)9,TRACK,B0100,63.74213887644095,0.0,0.0,0.0,0.0,Friendly
44.2,B0100,N001VE,SEARCH,None,0.0,0.0,0.0,0.0,0.0,Enemy
44.2,B0200,N001VE,SEARCH,A0100,58.72822275880837,-23.427794176144346,-778.4231817095605,0.2552613268942994,15355.897768305067,Enemy
44.400000000000006,A0100,AN/APG-68(V)9,TRACK,B0100,58.027507060063506,0.0,0.0,0.0,0.0,Friendly
44.400000000000006,A0200,AN/APG-68(V)9,TRACK,B0100,63.632373697871536,0.0,0.0,0.0,0.0,Friendly
44.400000000000006,B0100,N001VE,SEARCH,None,0.0,0.0,0.0,0.0,0.0,Enemy
44.400000000000006,B0200,N001VE,SEARCH,A0100,58.72822275880837,-23.427794176144346,-778.4231817095605,0.24462543827370348,15355.897768305067,Enemy
44.6,A0100,AN/APG-68(V)9,TRACK,B0100,57.892288133183676,0.0,0.0,0.0,0.0,Friendly
44.6,A0200,AN/APG-68(V)9,TRACK,B0100,63.52232577618969,0.0,0.0,0.0,0.0,Friendly
44.6,B0100,N001VE,SEARCH,None,0.0,0.0,0.0,0.0,0.0,Enemy
44.6,B0200,N001VE,SEARCH,A0100,58.72822275880837,-23.427794176144346,-778.4231817095605,0.2339895496531079,15355.897768305067,Enemy
44.800000000000004,A0100,AN/APG-68(V)9,TRACK,B0100,57.75711242986475,0.0,0.0,0.0,0.0,Friendly
44.800000000000004,A0200,AN/APG-68(V)9,TRACK,B0100,63.4120206527955,0.0,0.0,0.0,0.0,Friendly
44.800000000000004,B0100,N001VE,SEARCH,None,0.0,0.0,0.0,0.0,0.0,Enemy
44.800000000000004,B0200,N001VE,SEARCH,None,0.0,0.0,0.0,0.0,0.0,Enemy
45.0,A0100,AN/APG-68(V)9,TRACK,B0100,57.621971429742366,0.0,0.0,0.0,0.0,Friendly
45.0,A0200,AN/APG-68(V)9,TRACK,B0100,63.30149797281634,0.0,0.0,0.0,0.0,Friendly
45.0,B0100,N001VE,SEARCH,None,0.0,0.0,0.0,0.0,0.0,Enemy
45.0,B0200,N001VE,SEARCH,None,0.0,0.0,0.0,0.0,0.0,Enemy
45.2,A0100,AN/APG-68(V)9,TRACK,B0100,57.48688797766765,0.0,0.0,0.0,0.0,Friendly
45.2,A0200,AN/APG-68(V)9,TRACK,B0100,63.19069767306856,0.0,0.0,0.0,0.0,Friendly
45.2,B0100,N001VE,SEARCH,None,0.0,0.0,0.0,0.0,0.0,Enemy
45.2,B0200,N001VE,SEARCH,None,0.0,0.0,0.0,0.0,0.0,Enemy
45.400000000000006,A0100,AN/APG-68(V)9,TRACK,B0100,57.35185668461371,0.0,0.0,0.0,0.0,Friendly
45.400000000000006,A0200,AN/APG-68(V)9,TRACK,B0100,63.07959213308918,0.0,0.0,0.0,0.0,Friendly
45.400000000000006,B0100,N001VE,SEARCH,None,0.0,0.0,0.0,0.0,0.0,Enemy
45.400000000000006,B0200,N001VE,SEARCH,None,0.0,0.0,0.0,0.0,0.0,Enemy
45.6,A0100,AN/APG-68(V)9,TRACK,B0100,57.216870250107746,0.0,0.0,0.0,0.0,Friendly
45.6,A0200,AN/APG-68(V)9,TRACK,B0100,62.96819438456526,0.0,0.0,0.0,0.0,Friendly
45.6,B0100,N001VE,SEARCH,None,0.0,0.0,0.0,0.0,0.0,Enemy
45.6,B0200,N001VE,SEARCH,None,0.0,0.0,0.0,0.0,0.0,Enemy
45.800000000000004,A0100,AN/APG-68(V)9,TRACK,B0100,57.08191726107987,0.0,0.0,0.0,0.0,Friendly
45.800000000000004,A0200,AN/APG-68(V)9,TRACK,B0100,62.856564067399205,0.0,0.0,0.0,0.0,Friendly
45.800000000000004,B0100,N001VE,SEARCH,A0200,62.856564067399205,-25.152005691349892,-172.1106314674567,0.22286466712381017,15431.084854254337,Enemy
45.800000000000004,B0200,N001VE,SEARCH,A0100,57.382425400176686,-22.875936224278725,-830.6040825514409,0.29402846979770275,15347.555553505656,Enemy
45.800000000000004,B0200,N001VE,SEARCH,A0200,63.14717498720002,-25.181934398824275,-373.6582885396807,0.21908672516639965,15385.669962857157,Enemy
46.0,A0100,AN/APG-68(V)9,TRACK,B0100,56.94705893694667,0.0,0.0,0.0,0.0,Friendly
46.0,A0200,AN/APG-68(V)9,TRACK,B0100,62.744652050131485,0.0,0.0,0.0,0.0,Friendly
46.0,B0100,N001VE,SEARCH,A0200,62.856564067399205,-25.152005691349892,-172.1106314674567,0.21429294915750996,15431.084854254337,Enemy
46.0,B0200,N001VE,SEARCH,A0100,57.382425400176686,-22.875936224278725,-830.6040825514409,0.28271968249779134,15347.555553505656,Enemy
46.0,B0200,N001VE,SEARCH,A0200,63.14717498720002,-25.181934398824275,-373.6582885396807,0.21066031265999985,15385.669962857157,Enemy
46.2,A0100,AN/APG-68(V)9,TRACK,B0100,56.812318999088525,0.0,0.0,0.0,0.0,Friendly
46.2,A0200,AN/APG-68(V)9,TRACK,B0100,62.63243226249332,0.0,0.0,0.0,0.0,Friendly
46.2,B0100,N001VE,SEARCH,None,0.0,0.0,0.0,0.0,0.0,Enemy
46.2,B0200,N001VE,SEARCH,A0100,57.382425400176686,-22.875936224278725,-830.6040825514409,0.27141089519787953,15347.555553505656,Enemy
46.400000000000006,A0100,AN/APG-68(V)9,TRACK,B0100,56.677652203574674,0.0,0.0,0.0,0.0,Friendly
46.400000000000006,A0200,AN/APG-68(V)9,TRACK,B0100,62.519914721163794,0.0,0.0,0.0,0.0,Friendly
46.400000000000006,B0100,N001VE,SEARCH,None,0.0,0.0,0.0,0.0,0.0,Enemy
46.400000000000006,B0200,N001VE,SEARCH,A0100,57.382425400176686,-22.875936224278725,-830.6040825514409,0.26010210789796767,15347.555553505656,Enemy
46.6,A0100,AN/APG-68(V)9,TRACK,B0100,56.54302012404073,0.0,0.0,0.0,0.0,Friendly
46.6,A0200,AN/APG-68(V)9,TRACK,B0100,62.40716782672792,0.0,0.0,0.0,0.0,Friendly
46.6,B0100,N001VE,SEARCH,None,0.0,0.0,0.0,0.0,0.0,Enemy
46.6,B0200,N001VE,SEARCH,A0100,57.382425400176686,-22.875936224278725,-830.6040825514409,0.24879332059805628,15347.555553505656,Enemy
46.800000000000004,A0100,AN/APG-68(V)9,TRACK,B0100,56.40849061530977,0.0,0.0,0.0,0.0,Friendly
46.800000000000004,A0200,AN/APG-68(V)9,TRACK,B0100,62.29419566203665,0.0,0.0,0.0,0.0,Friendly
46.800000000000004,B0100,N001VE,TRACK,A0100,56.40849061530977,-22.562824902712194,-510.0660761374792,0.3066896220009726,15394.342730034836,Enemy
46.800000000000004,B0100,N001VE,TRACK,A0200,62.29419566203665,-24.936925330452496,-184.21807015601706,0.23017545639352344,15429.525648821076,Enemy
46.800000000000004,B0200,N001VE,SEARCH,None,0.0,0.0,0.0,0.0,0.0,Enemy
47.0,A0100,AN/APG-68(V)9,TRACK,B0100,56.274063840127724,0.0,0.0,0.0,0.0,Friendly
47.0,A0200,AN/APG-68(V)9,TRACK,B0100,62.18096311046184,0.0,0.0,0.0,0.0,Friendly
47.0,B0100,N001VE,SEARCH,A0100,56.40849061530977,-22.562824902712194,-510.0660761374792,0.29489386730862777,15394.342730034836,Enemy
47.0,B0100,N001VE,SEARCH,A0200,62.29419566203665,-24.936925330452496,-184.21807015601706,0.22132255422454195,15429.525648821076,Enemy
47.0,B0200,N001VE,SEARCH,None,0.0,0.0,0.0,0.0,0.0,Enemy
47.2,A0100,AN/APG-68(V)9,TRACK,B0100,56.13970831328156,0.0,0.0,0.0,0.0,Friendly
47.2,A0200,AN/APG-68(V)9,TRACK,B0100,62.06740482104584,0.0,0.0,0.0,0.0,Friendly
47.2,B0100,N001VE,SEARCH,A0100,56.40849061530977,-22.562824902712194,-510.0660761374792,0.2830981126162825,15394.342730034836,Enemy
47.2,B0100,N001VE,SEARCH,A0200,62.29419566203665,-24.936925330452496,-184.21807015601706,0.21246965205556015,15429.525648821076,Enemy
47.2,B0200,N001VE,SEARCH,None,0.0,0.0,0.0,0.0,0.0,Enemy
47.400000000000006,A0100,AN/APG-68(V)9,TRACK,B0100,56.005384946926306,0.0,0.0,0.0,0.0,Friendly
47.400000000000006,A0200,AN/APG-68(V)9,TRACK,B0100,61.95355353414536,0.0,0.0,0.0,0.0,Friendly
47.400000000000006,B0100,N001VE,SEARCH,A0100,56.40849061530977,-22.562824902712194,-510.0660761374792,0.2713023579239372,15394.342730034836,Enemy
47.400000000000006,B0200,N001VE,SEARCH,None,0.0,0.0,0.0,0.0,0.0,Enemy
47.6,A0100,AN/APG-68(V)9,TRACK,B0100,55.87109573249509,0.0,0.0,0.0,0.0,Friendly
47.6,A0200,AN/APG-68(V)9,TRACK,B0100,61.83934822590611,0.0,0.0,0.0,0.0,Friendly
47.6,B0100,N001VE,SEARCH,A0100,56.40849061530977,-22.562824902712194,-510.0660761374792,0.25950660323159236,15394.342730034836,Enemy
47.6,B0200,N001VE,SEARCH,None,0.0,0.0,0.0,0.0,0.0,Enemy
47.800000000000004,A0100,AN/APG-68(V)9,TRACK,B0100,55.73681573303037,0.0,0.0,0.0,0.0,Friendly
47.800000000000004,A0200,AN/APG-68(V)9,TRACK,B0100,61.72483822978541,0.0,0.0,0.0,0.0,Friendly
47.800000000000004,B0100,N001VE,SEARCH,None,0.0,0.0,0.0,0.0,0.0,Enemy
47.800000000000004,B0200,N001VE,SEARCH,None,0.0,0.0,0.0,0.0,0.0,Enemy
48.0,A0100,AN/APG-68(V)9,TRACK,B0100,55.6025886037064,0.0,0.0,0.0,0.0,Friendly
48.0,A0200,AN/APG-68(V)9,TRACK,B0100,61.61010562299313,0.0,0.0,0.0,0.0,Friendly
48.0,B0100,N001VE,SEARCH,None,0.0,0.0,0.0,0.0,0.0,Enemy
48.0,B0200,N001VE,SEARCH,None,0.0,0.0,0.0,0.0,0.0,Enemy
48.2,A0100,AN/APG-68(V)9,TRACK,B0100,55.46836489777995,0.0,0.0,0.0,0.0,Friendly
48.2,A0200,AN/APG-68(V)9,TRACK,B0100,61.49518581997191,0.0,0.0,0.0,0.0,Friendly
48.2,B0100,N001VE,SEARCH,None,0.0,0.0,0.0,0.0,0.0,Enemy
48.2,B0200,N001VE,SEARCH,None,0.0,0.0,0.0,0.0,0.0,Enemy
48.400000000000006,A0100,AN/APG-68(V)9,TRACK,B0100,55.3341969282224,0.0,0.0,0.0,0.0,Friendly
48.400000000000006,A0200,AN/APG-68(V)9,TRACK,B0100,61.3800770282474,0.0,0.0,0.0,0.0,Friendly
48.400000000000006,B0100,N001VE,SEARCH,None,0.0,0.0,0.0,0.0,0.0,Enemy
48.400000000000006,B0200,N001VE,SEARCH,None,0.0,0.0,0.0,0.0,0.0,Enemy
48.6,A0100,AN/APG-68(V)9,TRACK,B0100,55.20003815378004,0.0,0.0,0.0,0.0,Friendly
48.6,A0200,AN/APG-68(V)9,TRACK,B0100,61.26481266864965,0.0,0.0,0.0,0.0,Friendly
48.6,B0100,N001VE,SEARCH,None,0.0,0.0,0.0,0.0,0.0,Enemy
48.6,B0200,N001VE,SEARCH,None,0.0,0.0,0.0,0.0,0.0,Enemy
48.800000000000004,A0100,AN/APG-68(V)9,TRACK,B0100,55.06593718284845,0.0,0.0,0.0,0.0,Friendly
48.800000000000004,A0200,AN/APG-68(V)9,TRACK,B0100,61.149380220836335,0.0,0.0,0.0,0.0,Friendly
48.800000000000004,B0100,N001VE,SEARCH,A0200,61.149380220836335,-24.494513330915023,-209.49915675360057,0.24505805712912748,15426.254326421751,Enemy
48.800000000000004,B0200,N001VE,SEARCH,A0200,61.44517222295957,-24.52256572136908,-444.40938636868617,0.24121276110152537,15377.349480064093,Enemy
49.0,A0100,AN/APG-68(V)9,TRACK,B0100,54.931845511579574,0.0,0.0,0.0,0.0,Friendly
49.0,A0200,AN/APG-68(V)9,TRACK,B0100,61.03380914923859,0.0,0.0,0.0,0.0,Friendly
49.0,B0100,N001VE,SEARCH,A0200,61.149380220836335,-24.494513330915023,-209.49915675360057,0.23563274723954586,15426.254326421751,Enemy
49.0,B0200,N001VE,SEARCH,A0200,61.44517222295957,-24.52256572136908,-444.40938636868617,0.23193534721300535,15377.349480064093,Enemy
49.2,A0100,AN/APG-68(V)9,TRACK,B0100,54.7978196278557,0.0,0.0,0.0,0.0,Friendly
49.2,A0200,AN/APG-68(V)9,TRACK,B0100,60.9180377742181,0.0,0.0,0.0,0.0,Friendly
49.2,B0100,N001VE,SEARCH,A0200,61.149380220836335,-24.494513330915023,-209.49915675360057,0.22620743734996387,15426.254326421751,Enemy
49.2,B0200,N001VE,SEARCH,A0200,61.44517222295957,-24.52256572136908,-444.40938636868617,0.222657933324485,15377.349480064093,Enemy
49.400000000000006,A0100,AN/APG-68(V)9,TRACK,B0100,54.66381782610456,0.0,0.0,0.0,0.0,Friendly
49.400000000000006,A0200,AN/APG-68(V)9,TRACK,B0100,60.80197245768616,0.0,0.0,0.0,0.0,Friendly
49.400000000000006,B0100,N001VE,SEARCH,A0200,61.149380220836335,-24.494513330915023,-209.49915675360057,0.21678212746038192,15426.254326421751,Enemy
49.400000000000006,B0200,N001VE,SEARCH,A0200,61.44517222295957,-24.52256572136908,-444.40938636868617,0.21338051943596464,15377.349480064093,Enemy
49.6,A0100,AN/APG-68(V)9,TRACK,B0100,54.52991336005922,0.0,0.0,0.0,0.0,Friendly
49.6,A0200,AN/APG-68(V)9,TRACK,B0100,60.68567397770908,0.0,0.0,0.0,0.0,Friendly
49.6,B0100,N001VE,SEARCH,None,0.0,0.0,0.0,0.0,0.0,Enemy
49.6,B0200,N001VE,SEARCH,None,0.0,0.0,0.0,0.0,0.0,Enemy
49.800000000000004,A0100,AN/APG-68(V)9,TRACK,B0100,54.39608731331536,0.0,0.0,0.0,0.0,Friendly
49.800000000000004,A0200,AN/APG-68(V)9,TRACK,B0100,60.569097578585044,0.0,0.0,0.0,0.0,Friendly
49.800000000000004,B0100,N001VE,SEARCH,None,0.0,0.0,0.0,0.0,0.0,Enemy
49.800000000000004,B0200,N001VE,SEARCH,None,0.0,0.0,0.0,0.0,0.0,Enemy
50.0,A0100,AN/APG-68(V)9,TRACK,B0100,54.26244127384379,0.0,0.0,0.0,0.0,Friendly
50.0,A0200,AN/APG-68(V)9,TRACK,B0100,60.45227403344159,0.0,0.0,0.0,0.0,Friendly
50.0,B0100,N001VE,SEARCH,None,0.0,0.0,0.0,0.0,0.0,Enemy
50.0,B0200,N001VE,SEARCH,None,0.0,0.0,0.0,0.0,0.0,Enemy
50.2,A0100,AN/APG-68(V)9,TRACK,B0100,54.12890082348073,0.0,0.0,0.0,0.0,Friendly
50.2,A0200,AN/APG-68(V)9,TRACK,B0100,60.33518937276032,0.0,0.0,0.0,0.0,Friendly
50.2,B0100,N001VE,SEARCH,None,0.0,0.0,0.0,0.0,0.0,Enemy
50.2,B0200,N001VE,SEARCH,None,0.0,0.0,0.0,0.0,0.0,Enemy
50.400000000000006,A0100,AN/APG-68(V)9,TRACK,B0100,53.99543526125725,0.0,0.0,0.0,0.0,Friendly
50.400000000000006,A0200,AN/APG-68(V)9,TRACK,B0100,60.21787080327299,0.0,0.0,0.0,0.0,Friendly
50.400000000000006,B0100,N001VE,SEARCH,None,0.0,0.0,0.0,0.0,0.0,Enemy
50.400000000000006,B0200,N001VE,SEARCH,None,0.0,0.0,0.0,0.0,0.0,Enemy
50.6,A0100,AN/APG-68(V)9,TRACK,B0100,53.86198537471643,0.0,0.0,0.0,0.0,Friendly
50.6,A0200,AN/APG-68(V)9,TRACK,B0100,60.10037277187854,0.0,0.0,0.0,0.0,Friendly
50.6,B0100,N001VE,SEARCH,None,0.0,0.0,0.0,0.0,0.0,Enemy
50.6,B0200,N001VE,SEARCH,None,0.0,0.0,0.0,0.0,0.0,Enemy
50.800000000000004,A0100,AN/APG-68(V)9,TRACK,B0100,53.72843724432198,0.0,0.0,0.0,0.0,Friendly
50.800000000000004,A0200,AN/APG-68(V)9,TRACK,B0100,59.98277318921672,0.0,0.0,0.0,0.0,Friendly
50.800000000000004,B0100,N001VE,SEARCH,None,0.0,0.0,0.0,0.0,0.0,Enemy
50.800000000000004,B0200,N001VE,SEARCH,None,0.0,0.0,0.0,0.0,0.0,Enemy
51.0,A0100,AN/APG-68(V)9,TRACK,B0100,53.5946985559124,0.0,0.0,0.0,0.0,Friendly
51.0,A0200,AN/APG-68(V)9,TRACK,B0100,59.86501064061215,0.0,0.0,0.0,0.0,Friendly
51.0,B0100,N001VE,SEARCH,None,0.0,0.0,0.0,0.0,0.0,Enemy
51.0,B0200,N001VE,SEARCH,None,0.0,0.0,0.0,0.0,0.0,Enemy
51.2,A0100,AN/APG-68(V)9,TRACK,B0100,53.46088237199585,0.0,0.0,0.0,0.0,Friendly
51.2,A0200,AN/APG-68(V)9,TRACK,B0100,59.74698703018542,0.0,0.0,0.0,0.0,Friendly
51.2,B0100,N001VE,SEARCH,None,0.0,0.0,0.0,0.0,0.0,Enemy
51.2,B0200,N001VE,SEARCH,None,0.0,0.0,0.0,0.0,0.0,Enemy
51.400000000000006,A0100,AN/APG-68(V)9,TRACK,B0100,53.327140421861664,0.0,0.0,0.0,0.0,Friendly
51.400000000000006,A0200,AN/APG-68(V)9,TRACK,B0100,59.62864982407658,0.0,0.0,0.0,0.0,Friendly
51.400000000000006,B0100,N001VE,SEARCH,None,0.0,0.0,0.0,0.0,0.0,Enemy
51.400000000000006,B0200,N001VE,SEARCH,None,0.0,0.0,0.0,0.0,0.0,Enemy
51.6,A0100,AN/APG-68(V)9,TRACK,B0100,53.193453869618594,0.0,0.0,0.0,0.0,Friendly
51.6,A0200,AN/APG-68(V)9,TRACK,B0100,59.50999662841751,0.0,0.0,0.0,0.0,Friendly
51.6,B0100,N001VE,SEARCH,None,0.0,0.0,0.0,0.0,0.0,Enemy
51.6,B0200,N001VE,SEARCH,None,0.0,0.0,0.0,0.0,0.0,Enemy
51.800000000000004,A0100,AN/APG-68(V)9,TRACK,B0100,53.05976226896379,0.0,0.0,0.0,0.0,Friendly
51.800000000000004,A0200,AN/APG-68(V)9,TRACK,B0100,59.39106146184587,0.0,0.0,0.0,0.0,Friendly
51.800000000000004,B0100,N001VE,SEARCH,None,0.0,0.0,0.0,0.0,0.0,Enemy
51.800000000000004,B0200,N001VE,TRACK,A0100,53.376186449606614,-21.171559956908844,-987.4784133290458,0.3461095761551138,15320.914156829314,Enemy
52.0,A0100,AN/APG-68(V)9,TRACK,B0100,52.92596439079098,0.0,0.0,0.0,0.0,Friendly
52.0,A0200,AN/APG-68(V)9,TRACK,B0100,59.27187882178784,0.0,0.0,0.0,0.0,Friendly
52.0,B0100,N001VE,SEARCH,None,0.0,0.0,0.0,0.0,0.0,Enemy
52.0,B0200,N001VE,TRACK,A0100,53.376186449606614,-21.171559956908844,-987.4784133290458,0.3327976693799174,15320.914156829314,Enemy
52.2,A0100,AN/APG-68(V)9,TRACK,B0100,52.79210212339986,0.0,0.0,0.0,0.0,Friendly
52.2,A0200,AN/APG-68(V)9,TRACK,B0100,59.152549619749195,0.0,0.0,0.0,0.0,Friendly
52.2,B0100,N001VE,SEARCH,None,0.0,0.0,0.0,0.0,0.0,Enemy
52.2,B0200,N001VE,TRACK,A0100,53.376186449606614,-21.171559956908844,-987.4784133290458,0.3194857626047205,15320.914156829314,Enemy
52.400000000000006,A0100,AN/APG-68(V)9,TRACK,B0100,52.658173300735974,0.0,0.0,0.0,0.0,Friendly
52.400000000000006,A0200,AN/APG-68(V)9,TRACK,B0100,59.0331288350337,0.0,0.0,0.0,0.0,Friendly
52.400000000000006,B0100,N001VE,SEARCH,None,0.0,0.0,0.0,0.0,0.0,Enemy
52.400000000000006,B0200,N001VE,TRACK,A0100,53.376186449606614,-21.171559956908844,-987.4784133290458,0.3061738558295236,15320.914156829314,Enemy
52.6,A0100,AN/APG-68(V)9,TRACK,B0100,52.524201936491494,0.0,0.0,0.0,0.0,Friendly
52.6,A0200,AN/APG-68(V)9,TRACK,B0100,58.91363520963577,0.0,0.0,0.0,0.0,Friendly
52.6,B0100,N001VE,SEARCH,None,0.0,0.0,0.0,0.0,0.0,Enemy
52.6,B0200,N001VE,SEARCH,A0100,53.376186449606614,-21.171559956908844,-987.4784133290458,0.2928619490543272,15320.914156829314,Enemy
52.800000000000004,A0100,AN/APG-68(V)9,TRACK,B0100,52.39014471783221,0.0,0.0,0.0,0.0,Friendly
52.800000000000004,A0200,AN/APG-68(V)9,TRACK,B0100,58.79397130219006,0.0,0.0,0.0,0.0,Friendly
52.800000000000004,B0100,N001VE,SEARCH,None,0.0,0.0,0.0,0.0,0.0,Enemy
52.800000000000004,B0200,N001VE,SEARCH,A0200,59.10181446933406,-23.592912017310375,-540.5118980177926,0.27167641189865704,15365.98207464128,Enemy
53.0,A0100,AN/APG-68(V)9,TRACK,B0100,52.256040052259756,0.0,0.0,0.0,0.0,Friendly
53.0,A0200,AN/APG-68(V)9,TRACK,B0100,58.67411251734516,0.0,0.0,0.0,0.0,Friendly
53.0,B0100,N001VE,SEARCH,None,0.0,0.0,0.0,0.0,0.0,Enemy
53.0,B0200,N001VE,SEARCH,A0200,59.10181446933406,-23.592912017310375,-540.5118980177926,0.2612273191333243,15365.98207464128,Enemy
53.2,A0100,AN/APG-68(V)9,TRACK,B0100,52.12185239734165,0.0,0.0,0.0,0.0,Friendly
53.2,A0200,AN/APG-68(V)9,TRACK,B0100,58.554035045243715,0.0,0.0,0.0,0.0,Friendly
53.2,B0100,N001VE,SEARCH,None,0.0,0.0,0.0,0.0,0.0,Enemy
53.2,B0200,N001VE,SEARCH,A0200,59.10181446933406,-23.592912017310375,-540.5118980177926,0.2507782263679912,15365.98207464128,Enemy
53.400000000000006,A0100,AN/APG-68(V)9,TRACK,B0100,51.98756166074994,0.0,0.0,0.0,0.0,Friendly
53.400000000000006,A0200,AN/APG-68(V)9,TRACK,B0100,58.43380158902168,0.0,0.0,0.0,0.0,Friendly
53.400000000000006,B0100,N001VE,SEARCH,None,0.0,0.0,0.0,0.0,0.0,Enemy
53.400000000000006,B0200,N001VE,SEARCH,A0200,59.10181446933406,-23.592912017310375,-540.5118980177926,0.24032913360265806,15365.98207464128,Enemy
53.6,A0100,AN/APG-68(V)9,TRACK,B0100,51.85324548257538,0.0,0.0,0.0,0.0,Friendly
53.6,A0200,AN/APG-68(V)9,TRACK,B0100,58.31356295753101,0.0,0.0,0.0,0.0,Friendly
53.6,B0100,N001VE,SEARCH,None,0.0,0.0,0.0,0.0,0.0,Enemy
53.6,B0200,N001VE,SEARCH,A0200,59.10181446933406,-23.592912017310375,-540.5118980177926,0.2298800408373253,15365.98207464128,Enemy
53.800000000000004,A0100,AN/APG-68(V)9,TRACK,B0100,51.718950639005236,0.0,0.0,0.0,0.0,Friendly
53.800000000000004,A0200,AN/APG-68(V)9,TRACK,B0100,58.193316358679645,0.0,0.0,0.0,0.0,Friendly
53.800000000000004,B0100,N001VE,TRACK,A0100,51.718950639005236,-20.549828784402568,-642.6106485798784,0.3676536416929317,15373.572353632926,Enemy
53.800000000000004,B0200,N001VE,SEARCH,None,0.0,0.0,0.0,0.0,0.0,Enemy
54.0,A0100,AN/APG-68(V)9,TRACK,B0100,51.5845984087495,0.0,0.0,0.0,0.0,Friendly
54.0,A0200,AN/APG-68(V)9,TRACK,B0100,58.072919730780946,0.0,0.0,0.0,0.0,Friendly
54.0,B0100,N001VE,SEARCH,None,0.0,0.0,0.0,0.0,0.0,Enemy
54.0,B0200,N001VE,SEARCH,None,0.0,0.0,0.0,0.0,0.0,Enemy
54.2,A0100,AN/APG-68(V)9,TRACK,B0100,51.450246926043825,0.0,0.0,0.0,0.0,Friendly
54.2,A0200,AN/APG-68(V)9,TRACK,B0100,57.95238823433833,0.0,0.0,0.0,0.0,Friendly
54.2,B0100,N001VE,SEARCH,None,0.0,0.0,0.0,0.0,0.0,Enemy
54.2,B0200,N001VE,SEARCH,None,0.0,0.0,0.0,0.0,0.0,Enemy
54.400000000000006,A0100,AN/APG-68(V)9,TRACK,B0100,51.315863636439,0.0,0.0,0.0,0.0,Friendly
54.400000000000006,A0200,AN/APG-68(V)9,TRACK,B0100,57.83184072166776,0.0,0.0,0.0,0.0,Friendly
54.400000000000006,B0100,N001VE,SEARCH,None,0.0,0.0,0.0,0.0,0.0,Enemy
54.400000000000006,B0200,N001VE,SEARCH,None,0.0,0.0,0.0,0.0,0.0,Enemy
54.6,A0100,AN/APG-68(V)9,TRACK,B0100,51.1814915300599,0.0,0.0,0.0,0.0,Friendly
54.6,A0200,AN/APG-68(V)9,TRACK,B0100,57.711333661690915,0.0,0.0,0.0,0.0,Friendly
54.6,B0100,N001VE,SEARCH,None,0.0,0.0,0.0,0.0,0.0,Enemy
54.6,B0200,N001VE,SEARCH,None,0.0,0.0,0.0,0.0,0.0,Enemy
54.800000000000004,A0100,AN/APG-68(V)9,TRACK,B0100,51.04707689431465,0.0,0.0,0.0,0.0,Friendly
54.800000000000004,A0200,AN/APG-68(V)9,TRACK,B0100,57.59068656126077,0.0,0.0,0.0,0.0,Friendly
54.800000000000004,B0100,N001VE,SEARCH,None,0.0,0.0,0.0,0.0,0.0,Enemy
54.800000000000004,B0200,N001VE,TRACK,A0100,51.37747976773478,-20.290840322402335,-1065.4219197353616,0.37209276301944755,15310.681603016543,Enemy
55.0,A0100,AN/APG-68(V)9,TRACK,B0100,50.91265007574078,0.0,0.0,0.0,0.0,Friendly
55.0,A0200,AN/APG-68(V)9,TRACK,B0100,57.469841953962295,0.0,0.0,0.0,0.0,Friendly
55.0,B0100,N001VE,SEARCH,None,0.0,0.0,0.0,0.0,0.0,Enemy
55.0,B0200,N001VE,TRACK,A0100,51.37747976773478,-20.290840322402335,-1065.4219197353616,0.35778150290331523,15310.681603016543,Enemy
55.2,A0100,AN/APG-68(V)9,TRACK,B0100,50.778169646876684,0.0,0.0,0.0,0.0,Friendly
55.2,A0200,AN/APG-68(V)9,TRACK,B0100,57.34878418863633,0.0,0.0,0.0,0.0,Friendly
55.2,B0100,N001VE,SEARCH,None,0.0,0.0,0.0,0.0,0.0,Enemy
55.2,B0200,N001VE,TRACK,A0100,51.37747976773478,-20.290840322402335,-1065.4219197353616,0.3434702427871824,15310.681603016543,Enemy
55.400000000000006,A0100,AN/APG-68(V)9,TRACK,B0100,50.64367231890595,0.0,0.0,0.0,0.0,Friendly
55.400000000000006,A0200,AN/APG-68(V)9,TRACK,B0100,57.22753735827781,0.0,0.0,0.0,0.0,Friendly
55.400000000000006,B0100,N001VE,SEARCH,None,0.0,0.0,0.0,0.0,0.0,Enemy
55.400000000000006,B0200,N001VE,TRACK,A0100,51.37747976773478,-20.290840322402335,-1065.4219197353616,0.3291589826710496,15310.681603016543,Enemy
55.6,A0100,AN/APG-68(V)9,TRACK,B0100,50.509125376758014,0.0,0.0,0.0,0.0,Friendly
55.6,A0200,AN/APG-68(V)9,TRACK,B0100,57.106119623108135,0.0,0.0,0.0,0.0,Friendly
55.6,B0100,N001VE,SEARCH,None,0.0,0.0,0.0,0.0,0.0,Enemy
55.6,B0200,N001VE,TRACK,A0100,51.37747976773478,-20.290840322402335,-1065.4219197353616,0.3148477225549173,15310.681603016543,Enemy
55.800000000000004,A0100,AN/APG-68(V)9,TRACK,B0100,50.37456227124582,0.0,0.0,0.0,0.0,Friendly
55.800000000000004,A0200,AN/APG-68(V)9,TRACK,B0100,56.98467780080768,0.0,0.0,0.0,0.0,Friendly
55.800000000000004,B0100,N001VE,SEARCH,None,0.0,0.0,0.0,0.0,0.0,Enemy
55.800000000000004,B0200,N001VE,SEARCH,None,0.0,0.0,0.0,0.0,0.0,Enemy
56.0,A0100,AN/APG-68(V)9,TRACK,B0100,50.23993373113913,0.0,0.0,0.0,0.0,Friendly
56.0,A0200,AN/APG-68(V)9,TRACK,B0100,56.86322741140814,0.0,0.0,0.0,0.0,Friendly
56.0,B0100,N001VE,SEARCH,None,0.0,0.0,0.0,0.0,0.0,Enemy
56.0,B0200,N001VE,SEARCH,None,0.0,0.0,0.0,0.0,0.0,Enemy
56.2,A0100,AN/APG-68(V)9,TRACK,B0100,50.105261427179926,0.0,0.0,0.0,0.0,Friendly
56.2,A0200,AN/APG-68(V)9,TRACK,B0100,56.74163683268746,0.0,0.0,0.0,0.0,Friendly
56.2,B0100,N001VE,SEARCH,None,0.0,0.0,0.0,0.0,0.0,Enemy
56.2,B0200,N001VE,SEARCH,None,0.0,0.0,0.0,0.0,0.0,Enemy
56.400000000000006,A0100,AN/APG-68(V)9,TRACK,B0100,49.97053244887583,0.0,0.0,0.0,0.0,Friendly
56.400000000000006,A0200,AN/APG-68(V)9,TRACK,B0100,56.619799747944775,0.0,0.0,0.0,0.0,Friendly
56.400000000000006,B0100,N001VE,SEARCH,None,0.0,0.0,0.0,0.0,0.0,Enemy
56.400000000000006,B0200,N001VE,SEARCH,None,0.0,0.0,0.0,0.0,0.0,Enemy
56.6,A0100,AN/APG-68(V)9,TRACK,B0100,49.8357497396519,0.0,0.0,0.0,0.0,Friendly
56.6,A0200,AN/APG-68(V)9,TRACK,B0100,56.49774433443231,0.0,0.0,0.0,0.0,Friendly
56.6,B0100,N001VE,SEARCH,None,0.0,0.0,0.0,0.0,0.0,Enemy
56.6,B0200,N001VE,SEARCH,None,0.0,0.0,0.0,0.0,0.0,Enemy
56.800000000000004,A0100,AN/APG-68(V)9,TRACK,B0100,49.70094751592779,0.0,0.0,0.0,0.0,Friendly
56.800000000000004,A0200,AN/APG-68(V)9,TRACK,B0100,56.37548164563577,0.0,0.0,0.0,0.0,Friendly
56.800000000000004,B0100,N001VE,TRACK,A0200,56.37548164563577,-22.580083691144516,-317.14539716686164,0.30711873860673466,15411.948710220202,Enemy
56.800000000000004,B0200,N001VE,TRACK,A0200,56.70101708337973,-22.61331180197549,-628.7785216741461,0.3028867779160633,15355.026047658524,Enemy
57.0,A0100,AN/APG-68(V)9,TRACK,B0100,49.56608860108917,0.0,0.0,0.0,0.0,Friendly
57.0,A0200,AN/APG-68(V)9,TRACK,B0100,56.252984913026744,0.0,0.0,0.0,0.0,Friendly
57.0,B0100,N001VE,SEARCH,A0200,56.37548164563577,-22.580083691144516,-317.14539716686164,0.2953064794295528,15411.948710220202,Enemy
57.0,B0200,N001VE,SEARCH,A0200,56.70101708337973,-22.61331180197549,-628.7785216741461,0.2912372864577534,15355.026047658524,Enemy
57.2,A0100,AN/APG-68(V)9,TRACK,B0100,49.43121529577746,0.0,0.0,0.0,0.0,Friendly
57.2,A0200,AN/APG-68(V)9,TRACK,B0100,56.130276178236635,0.0,0.0,0.0,0.0,Friendly
57.2,B0100,N001VE,SEARCH,A0200,56.37548164563577,-22.580083691144516,-317.14539716686164,0.28349422025237053,15411.948710220202,Enemy
57.2,B0200,N001VE,SEARCH,A0200,56.70101708337973,-22.61331180197549,-628.7785216741461,0.2795877949994431,15355.026047658524,Enemy
57.400000000000006,A0100,AN/APG-68(V)9,TRACK,B0100,49.29629522961609,0.0,0.0,0.0,0.0,Friendly
57.400000000000006,A0200,AN/APG-68(V)9,TRACK,B0100,56.007339839543526,0.0,0.0,0.0,0.0,Friendly
57.400000000000006,B0100,N001VE,SEARCH,A0200,56.37548164563577,-22.580083691144516,-317.14539716686164,0.2716819610751882,15411.948710220202,Enemy
57.400000000000006,B0200,N001VE,SEARCH,A0200,56.70101708337973,-22.61331180197549,-628.7785216741461,0.26793830354113274,15355.026047658524,Enemy
57.6,A0100,AN/APG-68(V)9,TRACK,B0100,49.16136608443872,0.0,0.0,0.0,0.0,Friendly
57.6,A0200,AN/APG-68(V)9,TRACK,B0100,55.88422253096017,0.0,0.0,0.0,0.0,Friendly
57.6,B0100,N001VE,SEARCH,A0200,56.37548164563577,-22.580083691144516,-317.14539716686164,0.25986970189800634,15411.948710220202,Enemy
57.6,B0200,N001VE,SEARCH,A0200,56.70101708337973,-22.61331180197549,-628.7785216741461,0.2562888120828229,15355.026047658524,Enemy
57.800000000000004,A0100,AN/APG-68(V)9,TRACK,B0100,49.02639273133104,0.0,0.0,0.0,0.0,Friendly
57.800000000000004,A0200,AN/APG-68(V)9,TRACK,B0100,55.760969434681,0.0,0.0,0.0,0.0,Friendly
57.800000000000004,B0100,N001VE,SEARCH,None,0.0,0.0,0.0,0.0,0.0,Enemy
57.800000000000004,B0200,N001VE,TRACK,A0200,56.09020664372131,-22.358568413244964,-656.2706301224073,0.31082731363162275,15351.869063003935,Enemy
58.0,A0100,AN/APG-68(V)9,TRACK,B0100,48.89141151035351,0.0,0.0,0.0,0.0,Friendly
58.0,A0200,AN/APG-68(V)9,TRACK,B0100,55.637541853225635,0.0,0.0,0.0,0.0,Friendly
58.0,B0100,N001VE,SEARCH,None,0.0,0.0,0.0,0.0,0.0,Enemy
58.0,B0200,N001VE,SEARCH,A0200,56.09020664372131,-22.358568413244964,-656.2706301224073,0.29887241695348365,15351.869063003935,Enemy
58.2,A0100,AN/APG-68(V)9,TRACK,B0100,48.75638683994562,0.0,0.0,0.0,0.0,Friendly
58.2,A0200,AN/APG-68(V)9,TRACK,B0100,55.51394278147494,0.0,0.0,0.0,0.0,Friendly
58.2,B0100,N001VE,SEARCH,None,0.0,0.0,0.0,0.0,0.0,Enemy
58.2,B0200,N001VE,SEARCH,A0200,56.09020664372131,-22.358568413244964,-656.2706301224073,0.2869175202753441,15351.869063003935,Enemy
58.400000000000006,A0100,AN/APG-68(V)9,TRACK,B0100,48.62135455407926,0.0,0.0,0.0,0.0,Friendly
58.400000000000006,A0200,AN/APG-68(V)9,TRACK,B0100,55.390186956811625,0.0,0.0,0.0,0.0,Friendly
58.400000000000006,B0100,N001VE,SEARCH,None,0.0,0.0,0.0,0.0,0.0,Enemy
58.400000000000006,B0200,N001VE,SEARCH,A0200,56.09020664372131,-22.358568413244964,-656.2706301224073,0.27496262359720464,15351.869063003935,Enemy
58.6,A0100,AN/APG-68(V)9,TRACK,B0100,48.48627908614609,0.0,0.0,0.0,0.0,Friendly
58.6,A0200,AN/APG-68(V)9,TRACK,B0100,55.26634027849243,0.0,0.0,0.0,0.0,Friendly
58.6,B0100,N001VE,SEARCH,None,0.0,0.0,0.0,0.0,0.0,Enemy
58.6,B0200,N001VE,SEARCH,A0200,56.09020664372131,-22.358568413244964,-656.2706301224073,0.26300772691906554,15351.869063003935,Enemy
58.800000000000004,A0100,AN/APG-68(V)9,TRACK,B0100,48.35119595854269,0.0,0.0,0.0,0.0,Friendly
58.800000000000004,A0200,AN/APG-68(V)9,TRACK,B0100,55.142521608464754,0.0,0.0,0.0,0.0,Friendly
58.800000000000004,B0100,N001VE,SEARCH,None,0.0,0.0,0.0,0.0,0.0,Enemy
58.800000000000004,B0200,N001VE,TRACK,A0100,48.69979584608813,-19.063374384283883,-1192.52964088422,0.406902654000854,15293.566611854681,Enemy
59.0,A0100,AN/APG-68(V)9,TRACK,B0100,48.216055245708,0.0,0.0,0.0,0.0,Friendly
59.0,A0200,AN/APG-68(V)9,TRACK,B0100,55.01863708812506,0.0,0.0,0.0,0.0,Friendly
59.0,B0100,N001VE,SEARCH,None,0.0,0.0,0.0,0.0,0.0,Enemy
59.0,B0200,N001VE,TRACK,A0100,48.69979584608813,-19.063374384283883,-1192.52964088422,0.3912525519238984,15293.566611854681,Enemy
59.2,A0100,AN/APG-68(V)9,TRACK,B0100,48.08088002817535,0.0,0.0,0.0,0.0,Friendly
59.2,A0200,AN/APG-68(V)9,TRACK,B0100,54.89456257714824,0.0,0.0,0.0,0.0,Friendly
59.2,B0100,N001VE,SEARCH,None,0.0,0.0,0.0,0.0,0.0,Enemy
59.2,B0200,N001VE,TRACK,A0100,48.69979584608813,-19.063374384283883,-1192.52964088422,0.37560244984694224,15293.566611854681,Enemy
59.400000000000006,A0100,AN/APG-68(V)9,TRACK,B0100,47.94565061823836,0.0,0.0,0.0,0.0,Friendly
59.400000000000006,A0200,AN/APG-68(V)9,TRACK,B0100,54.77029663941377,0.0,0.0,0.0,0.0,Friendly
59.400000000000006,B0100,N001VE,SEARCH,None,0.0,0.0,0.0,0.0,0.0,Enemy
59.400000000000006,B0200,N001VE,TRACK,A0100,48.69979584608813,-19.063374384283883,-1192.52964088422,0.3599523477699861,15293.566611854681,Enemy
59.6,A0100,AN/APG-68(V)9,TRACK,B0100,47.81037069053248,0.0,0.0,0.0,0.0,Friendly
59.6,A0200,AN/APG-68(V)9,TRACK,B0100,54.64590120374716,0.0,0.0,0.0,0.0,Friendly
59.6,B0100,N001VE,SEARCH,None,0.0,0.0,0.0,0.0,0.0,Enemy
59.6,B0200,N001VE,TRACK,A0100,48.69979584608813,-19.063374384283883,-1192.52964088422,0.3443022456930305,15293.566611854681,Enemy
59.800000000000004,A0100,AN/APG-68(V)9,TRACK,B0100,47.67507452811521,0.0,0.0,0.0,0.0,Friendly
59.800000000000004,A0200,AN/APG-68(V)9,TRACK,B0100,54.521486177950294,0.0,0.0,0.0,0.0,Friendly
59.800000000000004,B0100,N001VE,SEARCH,None,0.0,0.0,0.0,0.0,0.0,Enemy
59.800000000000004,B0200,N001VE,SEARCH,None,0.0,0.0,0.0,0.0,0.0,Enemy
60.0,A0100,AN/APG-68(V)9,TRACK,B0100,47.53972684614964,0.0,0.0,0.0,0.0,Friendly
60.0,A0200,AN/APG-68(V)9,TRACK,B0100,54.39708747525712,0.0,0.0,0.0,0.0,Friendly
60.0,B0100,N001VE,SEARCH,None,0.0,0.0,0.0,0.0,0.0,Enemy
60.0,B0200,N001VE,SEARCH,None,0.0,0.0,0.0,0.0,0.0,Enemy
60.2,A0100,AN/APG-68(V)9,TRACK,B0100,47.40436925779835,0.0,0.0,0.0,0.0,Friendly
60.2,A0200,AN/APG-68(V)9,TRACK,B0100,54.272584561151646,0.0,0.0,0.0,0.0,Friendly
60.2,B0100,N001VE,SEARCH,None,0.0,0.0,0.0,0.0,0.0,Enemy
60.2,B0200,N001VE,SEARCH,None,0.0,0.0,0.0,0.0,0.0,Enemy
60.400000000000006,A0100,AN/APG-68(V)9,TRACK,B0100,47.26897105226313,0.0,0.0,0.0,0.0,Friendly
60.400000000000006,A0200,AN/APG-68(V)9,TRACK,B0100,54.14798233698266,0.0,0.0,0.0,0.0,Friendly
60.400000000000006,B0100,N001VE,SEARCH,None,0.0,0.0,0.0,0.0,0.0,Enemy
60.400000000000006,B0200,N001VE,SEARCH,None,0.0,0.0,0.0,0.0,0.0,Enemy
60.6,A0100,AN/APG-68(V)9,TRACK,B0100,47.13356883489953,0.0,0.0,0.0,0.0,Friendly
60.6,A0200,AN/APG-68(V)9,TRACK,B0100,54.0233859359495,0.0,0.0,0.0,0.0,Friendly
60.6,B0100,N001VE,SEARCH,None,0.0,0.0,0.0,0.0,0.0,Enemy
60.6,B0200,N001VE,SEARCH,None,0.0,0.0,0.0,0.0,0.0,Enemy
60.800000000000004,A0100,AN/APG-68(V)9,TRACK,B0100,46.998128777454035,0.0,0.0,0.0,0.0,Friendly
60.800000000000004,A0200,AN/APG-68(V)9,TRACK,B0100,53.89865751590442,0.0,0.0,0.0,0.0,Friendly
60.800000000000004,B0100,N001VE,TRACK,A0200,53.89865751590442,-21.53901249105168,-372.3831844737517,0.3393174522932423,15404.559789811583,Enemy
60.800000000000004,B0200,N001VE,TRACK,A0100,47.35496982778027,-18.42575227537056,-1262.6600782075398,0.4243853922388561,15284.011708748441,Enemy
61.0,A0100,AN/APG-68(V)9,TRACK,B0100,46.86268605922231,0.0,0.0,0.0,0.0,Friendly
61.0,A0200,AN/APG-68(V)9,TRACK,B0100,53.77386178021071,0.0,0.0,0.0,0.0,Friendly
61.0,B0100,N001VE,TRACK,A0200,53.89865751590442,-21.53901249105168,-372.3831844737517,0.3262667810511948,15404.559789811583,Enemy
61.0,B0200,N001VE,TRACK,A0100,47.35496982778027,-18.42575227537056,-1262.6600782075398,0.4080628771527466,15284.011708748441,Enemy
61.2,A0100,AN/APG-68(V)9,TRACK,B0100,46.72720629735315,0.0,0.0,0.0,0.0,Friendly
61.2,A0200,AN/APG-68(V)9,TRACK,B0100,53.649041718428535,0.0,0.0,0.0,0.0,Friendly
61.2,B0100,N001VE,TRACK,A0200,53.89865751590442,-21.53901249105168,-372.3831844737517,0.31321610980914677,15404.559789811583,Enemy
61.2,B0200,N001VE,TRACK,A0100,47.35496982778027,-18.42575227537056,-1262.6600782075398,0.3917403620666365,15284.011708748441,Enemy
61.400000000000006,A0100,AN/APG-68(V)9,TRACK,B0100,46.591724196760985,0.0,0.0,0.0,0.0,Friendly
61.400000000000006,A0200,AN/APG-68(V)9,TRACK,B0100,53.52416327488165,0.0,0.0,0.0,0.0,Friendly
61.400000000000006,B0100,N001VE,TRACK,A0200,53.89865751590442,-21.53901249105168,-372.3831844737517,0.3001654385670988,15404.559789811583,Enemy
61.400000000000006,B0200,N001VE,TRACK,A0100,47.35496982778027,-18.42575227537056,-1262.6600782075398,0.3754178469805264,15284.011708748441,Enemy
61.6,A0100,AN/APG-68(V)9,TRACK,B0100,46.45620533083202,0.0,0.0,0.0,0.0,Friendly
61.6,A0200,AN/APG-68(V)9,TRACK,B0100,53.39927466270183,0.0,0.0,0.0,0.0,Friendly
61.6,B0100,N001VE,SEARCH,A0200,53.89865751590442,-21.53901249105168,-372.3831844737517,0.2871147673250513,15404.559789811583,Enemy
61.6,B0200,N001VE,TRACK,A0100,47.35496982778027,-18.42575227537056,-1262.6600782075398,0.35909533189441684,15284.011708748441,Enemy
61.800000000000004,A0100,AN/APG-68(V)9,TRACK,B0100,46.32068414417023,0.0,0.0,0.0,0.0,Friendly
61.800000000000004,A0200,AN/APG-68(V)9,TRACK,B0100,53.27446716108621,0.0,0.0,0.0,0.0,Friendly
61.800000000000004,B0100,N001VE,SEARCH,None,0.0,0.0,0.0,0.0,0.0,Enemy
61.800000000000004,B0200,N001VE,SEARCH,None,0.0,0.0,0.0,0.0,0.0,Enemy
62.0,A0100,AN/APG-68(V)9,TRACK,B0100,46.185110554058824,0.0,0.0,0.0,0.0,Friendly
62.0,A0200,AN/APG-68(V)9,TRACK,B0100,53.149591868588644,0.0,0.0,0.0,0.0,Friendly
62.0,B0100,N001VE,SEARCH,None,0.0,0.0,0.0,0.0,0.0,Enemy
62.0,B0200,N001VE,SEARCH,None,0.0,0.0,0.0,0.0,0.0,Enemy
62.2,A0100,AN/APG-68(V)9,TRACK,B0100,46.04950680071488,0.0,0.0,0.0,0.0,Friendly
62.2,A0200,AN/APG-68(V)9,TRACK,B0100,53.02466720445296,0.0,0.0,0.0,0.0,Friendly
62.2,B0100,N001VE,SEARCH,None,0.0,0.0,0.0,0.0,0.0,Enemy
62.2,B0200,N001VE,SEARCH,None,0.0,0.0,0.0,0.0,0.0,Enemy
62.400000000000006,A0100,AN/APG-68(V)9,TRACK,B0100,45.91386319264443,0.0,0.0,0.0,0.0,Friendly
62.400000000000006,A0200,AN/APG-68(V)9,TRACK,B0100,52.89979234886691,0.0,0.0,0.0,0.0,Friendly
62.400000000000006,B0100,N001VE,SEARCH,None,0.0,0.0,0.0,0.0,0.0,Enemy
62.400000000000006,B0200,N001VE,SEARCH,None,0.0,0.0,0.0,0.0,0.0,Enemy
62.6,A0100,AN/APG-68(V)9,TRACK,B0100,45.77816891222524,0.0,0.0,0.0,0.0,Friendly
62.6,A0200,AN/APG-68(V)9,TRACK,B0100,52.77486938655343,0.0,0.0,0.0,0.0,Friendly
62.6,B0100,N001VE,SEARCH,None,0.0,0.0,0.0,0.0,0.0,Enemy
62.6,B0200,N001VE,SEARCH,None,0.0,0.0,0.0,0.0,0.0,Enemy
62.800000000000004,A0100,AN/APG-68(V)9,TRACK,B0100,45.642465148040785,0.0,0.0,0.0,0.0,Friendly
62.800000000000004,A0200,AN/APG-68(V)9,TRACK,B0100,52.64994796253375,0.0,0.0,0.0,0.0,Friendly
62.800000000000004,B0100,N001VE,SEARCH,None,0.0,0.0,0.0,0.0,0.0,Enemy
62.800000000000004,B0200,N001VE,SEARCH,None,0.0,0.0,0.0,0.0,0.0,Enemy
63.0,A0100,AN/APG-68(V)9,TRACK,B0100,45.506721384686045,0.0,0.0,0.0,0.0,Friendly
63.0,A0200,AN/APG-68(V)9,TRACK,B0100,52.52502535196473,0.0,0.0,0.0,0.0,Friendly
63.0,B0100,N001VE,SEARCH,None,0.0,0.0,0.0,0.0,0.0,Enemy
63.0,B0200,N001VE,SEARCH,None,0.0,0.0,0.0,0.0,0.0,Enemy
63.2,A0100,AN/APG-68(V)9,TRACK,B0100,45.3709803352194,0.0,0.0,0.0,0.0,Friendly
63.2,A0200,AN/APG-68(V)9,TRACK,B0100,52.40007254060767,0.0,0.0,0.0,0.0,Friendly
63.2,B0100,N001VE,SEARCH,None,0.0,0.0,0.0,0.0,0.0,Enemy
63.2,B0200,N001VE,SEARCH,None,0.0,0.0,0.0,0.0,0.0,Enemy
63.400000000000006,A0100,AN/APG-68(V)9,TRACK,B0100,45.23520498235523,0.0,0.0,0.0,0.0,Friendly
63.400000000000006,A0200,AN/APG-68(V)9,TRACK,B0100,52.275118379008966,0.0,0.0,0.0,0.0,Friendly
63.400000000000006,B0100,N001VE,SEARCH,None,0.0,0.0,0.0,0.0,0.0,Enemy
63.400000000000006,B0200,N001VE,SEARCH,None,0.0,0.0,0.0,0.0,0.0,Enemy
63.6,A0100,AN/APG-68(V)9,TRACK,B0100,45.09943316766965,0.0,0.0,0.0,0.0,Friendly
63.6,A0200,AN/APG-68(V)9,TRACK,B0100,52.150136714991326,0.0,0.0,0.0,0.0,Friendly
63.6,B0100,N001VE,SEARCH,None,0.0,0.0,0.0,0.0,0.0,Enemy
63.6,B0200,N001VE,SEARCH,None,0.0,0.0,0.0,0.0,0.0,Enemy
63.800000000000004,A0100,AN/APG-68(V)9,LOCK,B0100,44.963631670433315,0.0,0.0,0.0,0.0,Friendly
63.800000000000004,A0200,AN/APG-68(V)9,TRACK,B0100,52.02514468077801,0.0,0.0,0.0,0.0,Friendly
63.800000000000004,B0100,N001VE,TRACK,A0200,52.02514468077801,-20.726743979148473,-406.6280285392146,0.36367311914988554,15398.640465352062,Enemy
63.800000000000004,B0200,N001VE,TRACK,A0200,52.37526842544712,-20.762561909613936,-784.9899765864495,0.3591215104691871,15332.341772299964,Enemy
64.0,A0100,AN/APG-68(V)9,LOCK,B0100,44.82783688498068,0.0,0.0,0.0,0.0,Friendly
64.0,A0200,AN/APG-68(V)9,TRACK,B0100,51.90026413744163,0.0,0.0,0.0,0.0,Friendly
64.0,B0100,N001VE,TRACK,A0200,52.02514468077801,-20.726743979148473,-406.6280285392146,0.34968569149027484,15398.640465352062,Enemy
64.0,B0200,N001VE,TRACK,A0200,52.37526842544712,-20.762561909613936,-784.9899765864495,0.345309144681911,15332.341772299964,Enemy
64.2,A0100,AN/APG-68(V)9,LOCK,B0100,44.69201438163937,0.0,0.0,0.0,0.0,Friendly
64.2,A0200,AN/APG-68(V)9,TRACK,B0100,51.775442669027804,0.0,0.0,0.0,0.0,Friendly
64.2,B0100,N001VE,TRACK,A0200,52.02514468077801,-20.726743979148473,-406.6280285392146,0.33569826383066365,15398.640465352062,Enemy
64.2,B0200,N001VE,TRACK,A0200,52.37526842544712,-20.762561909613936,-784.9899765864495,0.33149677889463436,15332.341772299964,Enemy
64.4,A0100,AN/APG-68(V)9,LOCK,B0100,44.55619949138509,0.0,0.0,0.0,0.0,Friendly
64.4,A0200,AN/APG-68(V)9,TRACK,B0100,51.6506643496536,0.0,0.0,0.0,0.0,Friendly
64.4,B0100,N001VE,TRACK,A0200,52.02514468077801,-20.726743979148473,-406.6280285392146,0.32171083617105245,15398.640465352062,Enemy
64.4,B0200,N001VE,TRACK,A0200,52.37526842544712,-20.762561909613936,-784.9899765864495,0.3176844131073577,15332.341772299964,Enemy
64.60000000000001,A0100,AN/APG-68(V)9,LOCK,B0100,44.4203396485304,0.0,0.0,0.0,0.0,Friendly
64.60000000000001,A0200,AN/APG-68(V)9,TRACK,B0100,51.5257379047594,0.0,0.0,0.0,0.0,Friendly
64.60000000000001,B0100,N001VE,TRACK,A0200,52.02514468077801,-20.726743979148473,-406.6280285392146,0.30772340851144125,15398.640465352062,Enemy
64.60000000000001,B0200,N001VE,TRACK,A0200,52.37526842544712,-20.762561909613936,-784.9899765864495,0.3038720473200811,15332.341772299964,Enemy
64.8,A0100,AN/APG-68(V)9,LOCK,B0100,44.284461723685666,0.0,0.0,0.0,0.0,Friendly
64.8,A0200,AN/APG-68(V)9,TRACK,B0100,51.400758510409354,0.0,0.0,0.0,0.0,Friendly
64.8,B0100,N001VE,TRACK,A0100,44.284461723685666,-17.053119354554973,-884.0952959180966,0.46430199759208657,15340.726308927728,Enemy
64.8,B0200,N001VE,TRACK,A0200,51.75416908828329,-20.487365977068617,-804.237121091691,0.36719580185231737,15328.990459532984,Enemy
64.8,B0200,N001VE,TRACK,A0100,44.6577365308558,-17.100270130900565,-1416.9641872851632,0.4594494250988748,15262.809673920672,Enemy
65.0,A0100,AN/APG-68(V)9,LOCK,B0100,44.14856554182909,0.0,0.0,0.0,0.0,Friendly
65.0,A0200,AN/APG-68(V)9,TRACK,B0100,51.275796769965666,0.0,0.0,0.0,0.0,Friendly
65.0,B0100,N001VE,TRACK,A0100,44.284461723685666,-17.053119354554973,-884.0952959180966,0.44644422845392917,15340.726308927728,Enemy
65.0,B0200,N001VE,TRACK,A0200,51.75416908828329,-20.487365977068617,-804.237121091691,0.35307288639645884,15328.990459532984,Enemy
65.0,B0200,N001VE,TRACK,A0100,44.6577365308558,-17.100270130900565,-1416.9641872851632,0.4417782933643025,15262.809673920672,Enemy
65.2,A0100,AN/APG-68(V)9,LOCK,B0100,44.01265565728669,0.0,0.0,0.0,0.0,Friendly
65.2,A0200,AN/APG-68(V)9,TRACK,B0100,51.150743934069155,0.0,0.0,0.0,0.0,Friendly
65.2,B0100,N001VE,TRACK,A0100,44.284461723685666,-17.053119354554973,-884.0952959180966,0.4285864593157717,15340.726308927728,Enemy
65.2,B0200,N001VE,TRACK,A0200,51.75416908828329,-20.487365977068617,-804.237121091691,0.33894997094060025,15328.990459532984,Enemy
65.2,B0200,N001VE,TRACK,A0100,44.6577365308558,-17.100270130900565,-1416.9641872851632,0.42410716162973017,15262.809673920672,Enemy
65.4,A0100,AN/APG-68(V)9,LOCK,B0100,43.876716930946486,0.0,0.0,0.0,0.0,Friendly
65.4,A0200,AN/APG-68(V)9,TRACK,B0100,51.02551162455853,0.0,0.0,0.0,0.0,Friendly
65.4,B0100,N001VE,TRACK,A0100,44.284461723685666,-17.053119354554973,-884.0952959180966,0.4107286901776143,15340.726308927728,Enemy
65.4,B0200,N001VE,TRACK,A0200,51.75416908828329,-20.487365977068617,-804.237121091691,0.3248270554847417,15328.990459532984,Enemy
65.4,B0200,N001VE,TRACK,A0100,44.6577365308558,-17.100270130900565,-1416.9641872851632,0.4064360298951578,15262.809673920672,Enemy
65.60000000000001,A0100,AN/APG-68(V)9,LOCK,B0100,43.74074186244398,0.0,0.0,0.0,0.0,Friendly
65.60000000000001,A0200,AN/APG-68(V)9,TRACK,B0100,50.900060801514215,0.0,0.0,0.0,0.0,Friendly
65.60000000000001,B0100,N001VE,TRACK,A0100,44.284461723685666,-17.053119354554973,-884.0952959180966,0.3928709210394569,15340.726308927728,Enemy
65.60000000000001,B0200,N001VE,TRACK,A0200,51.75416908828329,-20.487365977068617,-804.237121091691,0.3107041400288832,15328.990459532984,Enemy
65.60000000000001,B0200,N001VE,TRACK,A0100,44.6577365308558,-17.100270130900565,-1416.9641872851632,0.38876489816058546,15262.809673920672,Enemy
65.8,A0100,AN/APG-68(V)9,LOCK,B0100,43.60476699365239,0.0,0.0,0.0,0.0,Friendly
65.8,A0200,AN/APG-68(V)9,TRACK,B0100,50.77454323931246,0.0,0.0,0.0,0.0,Friendly
65.8,B0100,N001VE,SEARCH,None,0.0,0.0,0.0,0.0,0.0,Enemy
65.8,B0200,N001VE,TRACK,A0100,43.98226263709189,-16.75758614968461,-1460.3114482868368,0.46823058571780557,15256.867523646457,Enemy
66.0,A0100,AN/APG-68(V)9,LOCK,B0100,43.4687612276923,0.0,0.0,0.0,0.0,Friendly
66.0,A0200,AN/APG-68(V)9,TRACK,B0100,50.649031189272925,0.0,0.0,0.0,0.0,Friendly
66.0,B0100,N001VE,SEARCH,None,0.0,0.0,0.0,0.0,0.0,Enemy
66.0,B0200,N001VE,TRACK,A0100,43.98226263709189,-16.75758614968461,-1460.3114482868368,0.4502217170363513,15256.867523646457,Enemy
66.2,A0100,AN/APG-68(V)9,LOCK,B0100,43.33276300529826,0.0,0.0,0.0,0.0,Friendly
66.2,A0200,AN/APG-68(V)9,TRACK,B0100,50.52349201960119,0.0,0.0,0.0,0.0,Friendly
66.2,B0100,N001VE,SEARCH,None,0.0,0.0,0.0,0.0,0.0,Enemy
66.2,B0200,N001VE,TRACK,A0100,43.98226263709189,-16.75758614968461,-1460.3114482868368,0.432212848354897,15256.867523646457,Enemy
66.4,A0100,AN/APG-68(V)9,LOCK,B0100,43.19673992819891,0.0,0.0,0.0,0.0,Friendly
66.4,A0200,AN/APG-68(V)9,TRACK,B0100,50.39796969810254,0.0,0.0,0.0,0.0,Friendly
66.4,B0100,N001VE,SEARCH,None,0.0,0.0,0.0,0.0,0.0,Enemy
66.4,B0200,N001VE,TRACK,A0100,43.98226263709189,-16.75758614968461,-1460.3114482868368,0.41420397967344263,15256.867523646457,Enemy
66.60000000000001,A0100,AN/APG-68(V)9,LOCK,B0100,43.06072826904092,0.0,0.0,0.0,0.0,Friendly
66.60000000000001,A0200,AN/APG-68(V)9,TRACK,B0100,50.27244360855824,0.0,0.0,0.0,0.0,Friendly
66.60000000000001,B0100,N001VE,SEARCH,None,0.0,0.0,0.0,0.0,0.0,Enemy
66.60000000000001,B0200,N001VE,TRACK,A0100,43.98226263709189,-16.75758614968461,-1460.3114482868368,0.3961951109919884,15256.867523646457,Enemy
66.8,A0100,AN/APG-68(V)9,LOCK,B0100,42.924694143147896,0.0,0.0,0.0,0.0,Friendly
66.8,A0200,AN/APG-68(V)9,TRACK,B0100,50.14693756699285,0.0,0.0,0.0,0.0,Friendly
66.8,B0100,N001VE,TRACK,A0100,42.924694143147896,-16.36046416378025,-945.2670509181191,0.48197897613907753,15332.182364161563,Enemy
66.8,B0200,N001VE,TRACK,A0100,43.30641503525259,-16.410140427209967,-1504.3569669941473,0.47701660454171657,15250.652302078728,Enemy
67.0,A0100,AN/APG-68(V)9,LOCK,B0100,42.78867264858384,0.0,0.0,0.0,0.0,Friendly
67.0,A0200,AN/APG-68(V)9,TRACK,B0100,50.02142977357534,0.0,0.0,0.0,0.0,Friendly
67.0,B0100,N001VE,TRACK,A0100,42.924694143147896,-16.36046416378025,-945.2670509181191,0.46344132321065123,15332.182364161563,Enemy
67.0,B0200,N001VE,TRACK,A0100,43.30641503525259,-16.410140427209967,-1504.3569669941473,0.45866981205934265,15250.652302078728,Enemy
67.2,A0100,AN/APG-68(V)9,LOCK,B0100,42.65262926932359,0.0,0.0,0.0,0.0,Friendly
67.2,A0200,AN/APG-68(V)9,TRACK,B0100,49.895946067595034,0.0,0.0,0.0,0.0,Friendly
67.2,B0100,N001VE,TRACK,A0100,42.924694143147896,-16.36046416378025,-945.2670509181191,0.44490367028222494,15332.182364161563,Enemy
67.2,B0200,N001VE,TRACK,A0100,43.30641503525259,-16.410140427209967,-1504.3569669941473,0.4403230195769687,15250.652302078728,Enemy
67.4,A0100,AN/APG-68(V)9,LOCK,B0100,42.51659875219613,0.0,0.0,0.0,0.0,Friendly
67.4,A0200,AN/APG-68(V)9,TRACK,B0100,49.77047953739119,0.0,0.0,0.0,0.0,Friendly
67.4,B0100,N001VE,TRACK,A0100,42.924694143147896,-16.36046416378025,-945.2670509181191,0.4263660173537986,15332.182364161563,Enemy
67.4,B0200,N001VE,TRACK,A0100,43.30641503525259,-16.410140427209967,-1504.3569669941473,0.4219762270945947,15250.652302078728,Enemy
67.60000000000001,A0100,AN/APG-68(V)9,LOCK,B0100,42.380528768805185,0.0,0.0,0.0,0.0,Friendly
67.60000000000001,A0200,AN/APG-68(V)9,TRACK,B0100,49.645043753147334,0.0,0.0,0.0,0.0,Friendly
67.60000000000001,B0100,N001VE,TRACK,A0100,42.924694143147896,-16.36046416378025,-945.2670509181191,0.4078283644253723,15332.182364161563,Enemy
67.60000000000001,B0200,N001VE,TRACK,A0100,43.30641503525259,-16.410140427209967,-1504.3569669941473,0.4036294346122208,15250.652302078728,Enemy
67.8,A0100,AN/APG-68(V)9,LOCK,B0100,42.244445393618946,0.0,0.0,0.0,0.0,Friendly
67.8,A0200,AN/APG-68(V)9,TRACK,B0100,49.519585233683834,0.0,0.0,0.0,0.0,Friendly
67.8,B0100,N001VE,SEARCH,None,0.0,0.0,0.0,0.0,0.0,Enemy
67.8,B0200,N001VE,SEARCH,None,0.0,0.0,0.0,0.0,0.0,Enemy
68.0,A0100,AN/APG-68(V)9,LOCK,B0100,42.1083488261147,0.0,0.0,0.0,0.0,Friendly
68.0,A0200,AN/APG-68(V)9,TRACK,B0100,49.39414836376393,0.0,0.0,0.0,0.0,Friendly
68.0,B0100,N001VE,SEARCH,None,0.0,0.0,0.0,0.0,0.0,Enemy
68.0,B0200,N001VE,SEARCH,None,0.0,0.0,0.0,0.0,0.0,Enemy
68.2,A0100,AN/APG-68(V)9,LOCK,B0100,41.972243204476314,0.0,0.0,0.0,0.0,Friendly
68.2,A0200,AN/APG-68(V)9,TRACK,B0100,49.268675533902766,0.0,0.0,0.0,0.0,Friendly
68.2,B0100,N001VE,SEARCH,None,0.0,0.0,0.0,0.0,0.0,Enemy
68.2,B0200,N001VE,SEARCH,None,0.0,0.0,0.0,0.0,0.0,Enemy
68.4,A0100,AN/APG-68(V)9,LOCK,B0100,41.83611384711933,0.0,0.0,0.0,0.0,Friendly
68.4,A0200,AN/APG-68(V)9,TRACK,B0100,49.14322058483795,0.0,0.0,0.0,0.0,Friendly
68.4,B0100,N001VE,SEARCH,None,0.0,0.0,0.0,0.0,0.0,Enemy
68.4,B0200,N001VE,SEARCH,None,0.0,0.0,0.0,0.0,0.0,Enemy
68.60000000000001,A0100,AN/APG-68(V)9,LOCK,B0100,41.69995264260913,0.0,0.0,0.0,0.0,Friendly
68.60000000000001,A0200,AN/APG-68(V)9,TRACK,B0100,49.01773474045775,0.0,0.0,0.0,0.0,Friendly
68.60000000000001,B0100,N001VE,SEARCH,None,0.0,0.0,0.0,0.0,0.0,Enemy
68.60000000000001,B0200,N001VE,SEARCH,None,0.0,0.0,0.0,0.0,0.0,Enemy
68.8,A0100,AN/APG-68(V)9,LOCK,B0100,41.56379552046945,0.0,0.0,0.0,0.0,Friendly
68.8,A0200,AN/APG-68(V)9,TRACK,B0100,48.89227451914018,0.0,0.0,0.0,0.0,Friendly
68.8,B0100,N001VE,SEARCH,None,0.0,0.0,0.0,0.0,0.0,Enemy
68.8,B0200,N001VE,SEARCH,None,0.0,0.0,0.0,0.0,0.0,Enemy
69.0,A0100,AN/APG-68(V)9,LOCK,B0100,41.42761163343323,0.0,0.0,0.0,0.0,Friendly
69.0,A0200,AN/APG-68(V)9,TRACK,B0100,48.7667884515393,0.0,0.0,0.0,0.0,Friendly
69.0,B0100,N001VE,SEARCH,None,0.0,0.0,0.0,0.0,0.0,Enemy
69.0,B0200,N001VE,SEARCH,None,0.0,0.0,0.0,0.0,0.0,Enemy
69.2,A0100,AN/APG-68(V)9,LOCK,B0100,41.29144355165755,0.0,0.0,0.0,0.0,Friendly
69.2,A0200,AN/APG-68(V)9,TRACK,B0100,48.64133198036965,0.0,0.0,0.0,0.0,Friendly
69.2,B0100,N001VE,SEARCH,None,0.0,0.0,0.0,0.0,0.0,Enemy
69.2,B0200,N001VE,SEARCH,None,0.0,0.0,0.0,0.0,0.0,Enemy
69.4,A0100,AN/APG-68(V)9,LOCK,B0100,41.15525437564992,0.0,0.0,0.0,0.0,Friendly
69.4,A0200,AN/APG-68(V)9,TRACK,B0100,48.51585213755958,0.0,0.0,0.0,0.0,Friendly
69.4,B0100,N001VE,SEARCH,None,0.0,0.0,0.0,0.0,0.0,Enemy
69.4,B0200,N001VE,SEARCH,None,0.0,0.0,0.0,0.0,0.0,Enemy
69.60000000000001,A0100,AN/APG-68(V)9,LOCK,B0100,41.01908180715134,0.0,0.0,0.0,0.0,Friendly
69.60000000000001,A0200,AN/APG-68(V)9,TRACK,B0100,48.390404414761086,0.0,0.0,0.0,0.0,Friendly
69.60000000000001,B0100,N001VE,SEARCH,None,0.0,0.0,0.0,0.0,0.0,Enemy
69.60000000000001,B0200,N001VE,SEARCH,None,0.0,0.0,0.0,0.0,0.0,Enemy
69.8,A0100,AN/APG-68(V)9,LOCK,B0100,40.8828926140492,0.0,0.0,0.0,0.0,Friendly
69.8,A0200,AN/APG-68(V)9,TRACK,B0100,48.264935001071045,0.0,0.0,0.0,0.0,Friendly
69.8,B0100,N001VE,TRACK,A0200,48.264935001071045,-19.021311182296134,-497.09445494697826,0.4125558449860765,15383.658198141145,Enemy
69.8,B0200,N001VE,SEARCH,None,0.0,0.0,0.0,0.0,0.0,Enemy
70.0,A0100,AN/APG-68(V)9,LOCK,B0100,40.74672301012253,0.0,0.0,0.0,0.0,Friendly
70.0,A0200,AN/APG-68(V)9,TRACK,B0100,48.13949975702921,0.0,0.0,0.0,0.0,Friendly
70.0,B0100,N001VE,TRACK,A0200,48.264935001071045,-19.021311182296134,-497.09445494697826,0.39668831248661185,15383.658198141145,Enemy
70.0,B0200,N001VE,SEARCH,None,0.0,0.0,0.0,0.0,0.0,Enemy
70.2,A0100,AN/APG-68(V)9,LOCK,B0100,40.61053849365485,0.0,0.0,0.0,0.0,Friendly
70.2,A0200,AN/APG-68(V)9,TRACK,B0100,48.01404423223712,0.0,0.0,0.0,0.0,Friendly
70.2,B0100,N001VE,TRACK,A0200,48.264935001071045,-19.021311182296134,-497.09445494697826,0.38082077998714714,15383.658198141145,Enemy
70.2,B0200,N001VE,SEARCH,None,0.0,0.0,0.0,0.0,0.0,Enemy
70.4,A0100,AN/APG-68(V)9,LOCK,B0100,40.474374392512914,0.0,0.0,0.0,0.0,Friendly
70.4,A0200,AN/APG-68(V)9,TRACK,B0100,47.88862477103338,0.0,0.0,0.0,0.0,Friendly
70.4,B0100,N001VE,TRACK,A0200,48.264935001071045,-19.021311182296134,-497.09445494697826,0.36495324748768243,15383.658198141145,Enemy
70.4,B0200,N001VE,SEARCH,None,0.0,0.0,0.0,0.0,0.0,Enemy
70.60000000000001,A0100,AN/APG-68(V)9,LOCK,B0100,40.338177879452985,0.0,0.0,0.0,0.0,Friendly
70.60000000000001,A0200,AN/APG-68(V)9,TRACK,B0100,47.76316865580325,0.0,0.0,0.0,0.0,Friendly
70.60000000000001,B0100,N001VE,TRACK,A0200,48.264935001071045,-19.021311182296134,-497.09445494697826,0.3490857149882178,15383.658198141145,Enemy
70.60000000000001,B0200,N001VE,SEARCH,None,0.0,0.0,0.0,0.0,0.0,Enemy
70.8,A0100,AN/APG-68(V)9,LOCK,B0100,40.201975113987835,0.0,0.0,0.0,0.0,Friendly
70.8,A0200,AN/APG-68(V)9,TRACK,B0100,47.6377263883185,0.0,0.0,0.0,0.0,Friendly
70.8,B0100,N001VE,SEARCH,None,0.0,0.0,0.0,0.0,0.0,Enemy
70.8,B0200,N001VE,SEARCH,None,0.0,0.0,0.0,0.0,0.0,Enemy
71.0,A0100,AN/APG-68(V)9,LOCK,B0100,40.0657659014513,0.0,0.0,0.0,0.0,Friendly
71.0,A0200,AN/APG-68(V)9,TRACK,B0100,47.51229243013458,0.0,0.0,0.0,0.0,Friendly
71.0,B0100,N001VE,SEARCH,None,0.0,0.0,0.0,0.0,0.0,Enemy
71.0,B0200,N001VE,SEARCH,None,0.0,0.0,0.0,0.0,0.0,Enemy
71.2,A0100,AN/APG-68(V)9,LOCK,B0100,39.929554787905076,0.0,0.0,0.0,0.0,Friendly
71.2,A0200,AN/APG-68(V)9,TRACK,B0100,47.38690784552638,0.0,0.0,0.0,0.0,Friendly
71.2,B0100,N001VE,SEARCH,None,0.0,0.0,0.0,0.0,0.0,Enemy
71.2,B0200,N001VE,SEARCH,None,0.0,0.0,0.0,0.0,0.0,Enemy
71.4,A0100,AN/APG-68(V)9,LOCK,B0100,39.793326192222366,0.0,0.0,0.0,0.0,Friendly
71.4,A0200,AN/APG-68(V)9,TRACK,B0100,47.26152382702731,0.0,0.0,0.0,0.0,Friendly
71.4,B0100,N001VE,SEARCH,None,0.0,0.0,0.0,0.0,0.0,Enemy
71.4,B0200,N001VE,SEARCH,None,0.0,0.0,0.0,0.0,0.0,Enemy
71.60000000000001,A0100,AN/APG-68(V)9,LOCK,B0100,39.65704680428998,0.0,0.0,0.0,0.0,Friendly
71.60000000000001,A0200,AN/APG-68(V)9,TRACK,B0100,47.136131148537196,0.0,0.0,0.0,0.0,Friendly
71.60000000000001,B0100,N001VE,SEARCH,None,0.0,0.0,0.0,0.0,0.0,Enemy
71.60000000000001,B0200,N001VE,SEARCH,None,0.0,0.0,0.0,0.0,0.0,Enemy
71.8,A0100,AN/APG-68(V)9,LOCK,B0100,39.52070019437443,0.0,0.0,0.0,0.0,Friendly
71.8,A0200,AN/APG-68(V)9,TRACK,B0100,47.01065041392658,0.0,0.0,0.0,0.0,Friendly
71.8,B0100,N001VE,TRACK,A0100,39.52070019437443,-14.539464383227187,-1129.5649766372217,0.5262308974731327,15306.228962475934,Enemy
71.8,B0200,N001VE,SEARCH,None,0.0,0.0,0.0,0.0,0.0,Enemy
72.0,A0100,AN/APG-68(V)9,LOCK,B0100,39.384295029392874,0.0,0.0,0.0,0.0,Friendly
72.0,A0200,AN/APG-68(V)9,TRACK,B0100,46.885154064355014,0.0,0.0,0.0,0.0,Friendly
72.0,B0100,N001VE,TRACK,A0100,39.52070019437443,-14.539464383227187,-1129.5649766372217,0.5059912475703197,15306.228962475934,Enemy
72.0,B0200,N001VE,SEARCH,None,0.0,0.0,0.0,0.0,0.0,Enemy
72.2,A0100,AN/APG-68(V)9,LOCK,B0100,39.24787291693818,0.0,0.0,0.0,0.0,Friendly
72.2,A0200,AN/APG-68(V)9,TRACK,B0100,46.75967012743131,0.0,0.0,0.0,0.0,Friendly
72.2,B0100,N001VE,TRACK,A0100,39.52070019437443,-14.539464383227187,-1129.5649766372217,0.4857515976675066,15306.228962475934,Enemy
72.2,B0200,N001VE,SEARCH,None,0.0,0.0,0.0,0.0,0.0,Enemy
72.4,A0100,AN/APG-68(V)9,LOCK,B0100,39.11161726420775,0.0,0.0,0.0,0.0,Friendly
72.4,A0200,AN/APG-68(V)9,TRACK,B0100,46.63440130632989,0.0,0.0,0.0,0.0,Friendly
72.4,B0100,N001VE,TRACK,A0100,39.52070019437443,-14.539464383227187,-1129.5649766372217,0.4655119477646935,15306.228962475934,Enemy
72.4,B0200,N001VE,SEARCH,None,0.0,0.0,0.0,0.0,0.0,Enemy
72.60000000000001,A0100,AN/APG-68(V)9,LOCK,B0100,38.97569771560995,0.0,0.0,0.0,0.0,Friendly
72.60000000000001,A0200,AN/APG-68(V)9,TRACK,B0100,46.50948459787855,0.0,0.0,0.0,0.0,Friendly
72.60000000000001,B0100,N001VE,TRACK,A0100,39.52070019437443,-14.539464383227187,-1129.5649766372217,0.44527229786188044,15306.228962475934,Enemy
72.60000000000001,B0200,N001VE,SEARCH,None,0.0,0.0,0.0,0.0,0.0,Enemy
72.8,A0100,AN/APG-68(V)9,LOCK,B0100,38.840070540962124,0.0,0.0,0.0,0.0,Friendly
72.8,A0200,AN/APG-68(V)9,TRACK,B0100,46.38490579502822,0.0,0.0,0.0,0.0,Friendly
72.8,B0100,N001VE,SEARCH,None,0.0,0.0,0.0,0.0,0.0,Enemy
72.8,B0200,N001VE,SEARCH,None,0.0,0.0,0.0,0.0,0.0,Enemy
73.0,A0100,AN/APG-68(V)9,LOCK,B0100,38.704634808927054,0.0,0.0,0.0,0.0,Friendly
73.0,A0200,AN/APG-68(V)9,TRACK,B0100,46.26051558216834,0.0,0.0,0.0,0.0,Friendly
73.0,B0100,N001VE,SEARCH,None,0.0,0.0,0.0,0.0,0.0,Enemy
73.0,B0200,N001VE,SEARCH,None,0.0,0.0,0.0,0.0,0.0,Enemy
73.2,A0100,AN/APG-68(V)9,LOCK,B0100,38.56939821031152,0.0,0.0,0.0,0.0,Friendly
73.2,A0200,AN/APG-68(V)9,TRACK,B0100,46.136321563007954,0.0,0.0,0.0,0.0,Friendly
73.2,B0100,N001VE,SEARCH,None,0.0,0.0,0.0,0.0,0.0,Enemy
73.2,B0200,N001VE,SEARCH,None,0.0,0.0,0.0,0.0,0.0,Enemy
73.4,A0100,AN/APG-68(V)9,LOCK,B0100,38.43446786677369,0.0,0.0,0.0,0.0,Friendly
73.4,A0200,AN/APG-68(V)9,TRACK,B0100,46.012384417886665,0.0,0.0,0.0,0.0,Friendly
73.4,B0100,N001VE,SEARCH,None,0.0,0.0,0.0,0.0,0.0,Enemy
73.4,B0200,N001VE,SEARCH,None,0.0,0.0,0.0,0.0,0.0,Enemy
73.60000000000001,A0100,AN/APG-68(V)9,LOCK,B0100,38.29979865818854,0.0,0.0,0.0,0.0,Friendly
73.60000000000001,A0200,AN/APG-68(V)9,TRACK,B0100,45.888710390278234,0.0,0.0,0.0,0.0,Friendly
73.60000000000001,B0100,N001VE,SEARCH,None,0.0,0.0,0.0,0.0,0.0,Enemy
73.60000000000001,B0200,N001VE,SEARCH,None,0.0,0.0,0.0,0.0,0.0,Enemy
73.8,A0100,AN/APG-68(V)9,LOCK,B0100,38.1651847127692,0.0,0.0,0.0,0.0,Friendly
73.8,A0200,AN/APG-68(V)9,TRACK,B0100,45.76506947741883,0.0,0.0,0.0,0.0,Friendly
73.8,B0100,N001VE,SEARCH,None,0.0,0.0,0.0,0.0,0.0,Enemy
73.8,B0200,N001VE,TRACK,A0100,38.570110246088994,-13.833669387577187,-1873.059275229368,0.5385885668008433,15198.635514573029,Enemy
73.8,B0200,N001VE,TRACK,A0200,46.13975224243526,-17.86445085780991,-1030.370777007265,0.4401832208483418,15290.791280220668,Enemy
74.0,A0100,AN/APG-68(V)9,LOCK,B0100,38.03051810393704,0.0,0.0,0.0,0.0,Friendly
74.0,A0200,AN/APG-68(V)9,TRACK,B0100,45.641362974144336,0.0,0.0,0.0,0.0,Friendly
74.0,B0100,N001VE,SEARCH,None,0.0,0.0,0.0,0.0,0.0,Enemy
74.0,B0200,N001VE,TRACK,A0100,38.570110246088994,-13.833669387577187,-1873.059275229368,0.5178736219238875,15198.635514573029,Enemy
74.0,B0200,N001VE,TRACK,A0200,46.13975224243526,-17.86445085780991,-1030.370777007265,0.42325309696955926,15290.791280220668,Enemy
74.2,A0100,AN/APG-68(V)9,LOCK,B0100,37.89572619328011,0.0,0.0,0.0,0.0,Friendly
74.2,A0200,AN/APG-68(V)9,TRACK,B0100,45.51753790121562,0.0,0.0,0.0,0.0,Friendly
74.2,B0100,N001VE,SEARCH,None,0.0,0.0,0.0,0.0,0.0,Enemy
74.2,B0200,N001VE,TRACK,A0100,38.570110246088994,-13.833669387577187,-1873.059275229368,0.49715867704693173,15198.635514573029,Enemy
74.2,B0200,N001VE,TRACK,A0200,46.13975224243526,-17.86445085780991,-1030.370777007265,0.40632297309077664,15290.791280220668,Enemy
74.4,A0100,AN/APG-68(V)9,LOCK,B0100,37.76083202425407,0.0,0.0,0.0,0.0,Friendly
74.4,A0200,AN/APG-68(V)9,TRACK,B0100,45.393542945090545,0.0,0.0,0.0,0.0,Friendly
74.4,B0100,N001VE,SEARCH,None,0.0,0.0,0.0,0.0,0.0,Enemy
74.4,B0200,N001VE,TRACK,A0100,38.570110246088994,-13.833669387577187,-1873.059275229368,0.47644373216997593,15198.635514573029,Enemy
74.4,B0200,N001VE,TRACK,A0200,46.13975224243526,-17.86445085780991,-1030.370777007265,0.389392849211994,15290.791280220668,Enemy
74.60000000000001,A0100,AN/APG-68(V)9,LOCK,B0100,37.626129259629906,0.0,0.0,0.0,0.0,Friendly
74.60000000000001,A0200,AN/APG-68(V)9,TRACK,B0100,45.269579250755925,0.0,0.0,0.0,0.0,Friendly
74.60000000000001,B0100,N001VE,SEARCH,None,0.0,0.0,0.0,0.0,0.0,Enemy
74.60000000000001,B0200,N001VE,TRACK,A0100,38.570110246088994,-13.833669387577187,-1873.059275229368,0.4557287872930202,15198.635514573029,Enemy
74.60000000000001,B0200,N001VE,TRACK,A0200,46.13975224243526,-17.86445085780991,-1030.370777007265,0.37246272533321145,15290.791280220668,Enemy
74.8,A0100,AN/APG-68(V)9,LOCK,B0100,37.49188206445791,0.0,0.0,0.0,0.0,Friendly
74.8,A0200,AN/APG-68(V)9,TRACK,B0100,45.14577866124594,0.0,0.0,0.0,0.0,Friendly
74.8,B0100,N001VE,TRACK,A0200,45.14577866124594,-17.52931164253466,-560.2661982092548,0.45310487740380306,15372.485062865027,Enemy
74.8,B0200,N001VE,TRACK,A0200,45.5207807611594,-17.56138945079948,-1051.4825671448605,0.448229850104928,15287.042974673048,Enemy
75.0,A0100,AN/APG-68(V)9,LOCK,B0100,37.358187139930244,0.0,0.0,0.0,0.0,Friendly
75.0,A0200,AN/APG-68(V)9,TRACK,B0100,45.022276849985914,0.0,0.0,0.0,0.0,Friendly
75.0,B0100,N001VE,TRACK,A0200,45.14577866124594,-17.52931164253466,-560.2661982092548,0.4356777667344258,15372.485062865027,Enemy
75.0,B0200,N001VE,TRACK,A0200,45.5207807611594,-17.56138945079948,-1051.4825671448605,0.4309902404855075,15287.042974673048,Enemy
75.2,A0100,AN/APG-68(V)9,LOCK,B0100,37.224910896660674,0.0,0.0,0.0,0.0,Friendly
75.2,A0200,AN/APG-68(V)9,LOCK,B0100,44.89909901114617,0.0,0.0,0.0,0.0,Friendly
75.2,B0100,N001VE,TRACK,A0200,45.14577866124594,-17.52931164253466,-560.2661982092548,0.4182506560650485,15372.485062865027,Enemy
75.2,B0200,N001VE,TRACK,A0200,45.5207807611594,-17.56138945079948,-1051.4825671448605,0.41375063086608693,15287.042974673048,Enemy
75.4,A0100,AN/APG-68(V)9,LOCK,B0100,37.091831859838265,0.0,0.0,0.0,0.0,Friendly
75.4,A0200,AN/APG-68(V)9,LOCK,B0100,44.7762317662057,0.0,0.0,0.0,0.0,Friendly
75.4,B0100,N001VE,TRACK,A0200,45.14577866124594,-17.52931164253466,-560.2661982092548,0.4008235453956712,15372.485062865027,Enemy
75.4,B0200,N001VE,TRACK,A0200,45.5207807611594,-17.56138945079948,-1051.4825671448605,0.3965110212466664,15287.042974673048,Enemy
75.60000000000001,A0100,AN/APG-68(V)9,LOCK,B0100,36.95878958102839,0.0,0.0,0.0,0.0,Friendly
75.60000000000001,A0200,AN/APG-68(V)9,LOCK,B0100,44.65368786522922,0.0,0.0,0.0,0.0,Friendly
75.60000000000001,B0100,N001VE,TRACK,A0200,45.14577866124594,-17.52931164253466,-560.2661982092548,0.383396434726294,15372.485062865027,Enemy
75.60000000000001,B0200,N001VE,TRACK,A0200,45.5207807611594,-17.56138945079948,-1051.4825671448605,0.37927141162724587,15287.042974673048,Enemy
75.8,A0100,AN/APG-68(V)9,LOCK,B0100,36.82572988423192,0.0,0.0,0.0,0.0,Friendly
75.8,A0200,AN/APG-68(V)9,LOCK,B0100,44.53136064177487,0.0,0.0,0.0,0.0,Friendly
75.8,B0100,N001VE,TRACK,A0100,36.82572988423192,-13.005959223846045,-1263.496553417817,0.5612655115049853,15284.98515285502,Enemy
75.8,B0200,N001VE,TRACK,A0100,37.23759700786317,-13.058806165592834,-1972.9052393130537,0.555911238897779,15180.964010219046,Enemy
76.0,A0100,AN/APG-68(V)9,LOCK,B0100,36.69277876976607,0.0,0.0,0.0,0.0,Friendly
76.0,A0200,AN/APG-68(V)9,LOCK,B0100,44.40900485937272,0.0,0.0,0.0,0.0,Friendly
76.0,B0100,N001VE,TRACK,A0100,36.82572988423192,-13.005959223846045,-1263.496553417817,0.5396783764471009,15284.98515285502,Enemy
76.0,B0200,N001VE,TRACK,A0100,37.23759700786317,-13.058806165592834,-1972.9052393130537,0.5345300374017103,15180.964010219046,Enemy
76.2,A0100,AN/APG-68(V)9,LOCK,B0100,36.56003383360781,0.0,0.0,0.0,0.0,Friendly
76.2,A0200,AN/APG-68(V)9,LOCK,B0100,44.28634812588784,0.0,0.0,0.0,0.0,Friendly
76.2,B0100,N001VE,TRACK,A0100,36.82572988423192,-13.005959223846045,-1263.496553417817,0.5180912413892166,15284.98515285502,Enemy
76.2,B0200,N001VE,TRACK,A0100,37.23759700786317,-13.058806165592834,-1972.9052393130537,0.5131488359056416,15180.964010219046,Enemy
76.4,A0100,AN/APG-68(V)9,LOCK,B0100,36.42764676856551,0.0,0.0,0.0,0.0,Friendly
76.4,A0200,AN/APG-68(V)9,LOCK,B0100,44.1634433996582,0.0,0.0,0.0,0.0,Friendly
76.4,B0100,N001VE,TRACK,A0100,36.82572988423192,-13.005959223846045,-1263.496553417817,0.49650410633133224,15284.98515285502,Enemy
76.4,B0200,N001VE,TRACK,A0100,37.23759700786317,-13.058806165592834,-1972.9052393130537,0.4917676344095729,15180.964010219046,Enemy
76.60000000000001,A0100,AN/APG-68(V)9,LOCK,B0100,36.295758462990555,0.0,0.0,0.0,0.0,Friendly
76.60000000000001,A0200,AN/APG-68(V)9,LOCK,B0100,44.040530149785106,0.0,0.0,0.0,0.0,Friendly
76.60000000000001,B0100,N001VE,TRACK,A0100,36.82572988423192,-13.005959223846045,-1263.496553417817,0.4749169712734479,15284.98515285502,Enemy
76.60000000000001,B0200,N001VE,TRACK,A0100,37.23759700786317,-13.058806165592834,-1972.9052393130537,0.47038643291350424,15180.964010219046,Enemy
76.80000000000001,A0100,AN/APG-68(V)9,LOCK,B0100,36.164139572753676,0.0,0.0,0.0,0.0,Friendly
76.80000000000001,A0200,AN/APG-68(V)9,LOCK,B0100,43.91781850995824,0.0,0.0,0.0,0.0,Friendly
76.80000000000001,B0100,N001VE,SEARCH,None,0.0,0.0,0.0,0.0,0.0,Enemy
76.80000000000001,B0200,N001VE,TRACK,A0200,44.3016913998405,-16.947055046024246,-1106.6755345101026,0.4640780118020725,15275.096990811095,Enemy
77.0,A0100,AN/APG-68(V)9,LOCK,B0100,36.03252147570479,0.0,0.0,0.0,0.0,Friendly
77.0,A0200,AN/APG-68(V)9,LOCK,B0100,43.79545470008512,0.0,0.0,0.0,0.0,Friendly
77.0,B0100,N001VE,SEARCH,None,0.0,0.0,0.0,0.0,0.0,Enemy
77.0,B0200,N001VE,TRACK,A0200,44.3016913998405,-16.947055046024246,-1106.6755345101026,0.4462288575019937,15275.096990811095,Enemy
77.2,A0100,AN/APG-68(V)9,LOCK,B0100,35.90101552303995,0.0,0.0,0.0,0.0,Friendly
77.2,A0200,AN/APG-68(V)9,LOCK,B0100,43.673705529988574,0.0,0.0,0.0,0.0,Friendly
77.2,B0100,N001VE,SEARCH,None,0.0,0.0,0.0,0.0,0.0,Enemy
77.2,B0200,N001VE,TRACK,A0200,44.3016913998405,-16.947055046024246,-1106.6755345101026,0.4283797032019137,15275.096990811095,Enemy
77.4,A0100,AN/APG-68(V)9,LOCK,B0100,35.76962973522875,0.0,0.0,0.0,0.0,Friendly
77.4,A0200,AN/APG-68(V)9,LOCK,B0100,43.55233772340662,0.0,0.0,0.0,0.0,Friendly
77.4,B0100,N001VE,SEARCH,None,0.0,0.0,0.0,0.0,0.0,Enemy
77.4,B0200,N001VE,TRACK,A0200,44.3016913998405,-16.947055046024246,-1106.6755345101026,0.41053054890183366,15275.096990811095,Enemy
77.60000000000001,A0100,AN/APG-68(V)9,LOCK,B0100,35.63812423839986,0.0,0.0,0.0,0.0,Friendly
77.60000000000001,A0200,AN/APG-68(V)9,LOCK,B0100,43.430664461974686,0.0,0.0,0.0,0.0,Friendly
77.60000000000001,B0100,N001VE,SEARCH,None,0.0,0.0,0.0,0.0,0.0,Enemy
77.60000000000001,B0200,N001VE,TRACK,A0200,44.3016913998405,-16.947055046024246,-1106.6755345101026,0.3926813946017537,15275.096990811095,Enemy
77.80000000000001,A0100,AN/APG-68(V)9,LOCK,B0100,35.50649310954359,0.0,0.0,0.0,0.0,Friendly
77.80000000000001,A0200,AN/APG-68(V)9,LOCK,B0100,43.30844449753621,0.0,0.0,0.0,0.0,Friendly
77.80000000000001,B0100,N001VE,SEARCH,None,0.0,0.0,0.0,0.0,0.0,Enemy
77.80000000000001,B0200,N001VE,TRACK,A0100,35.9357570058318,-12.267503083439845,-2098.909634584957,0.5728351589241854,15156.369742440313,Enemy
78.0,A0100,AN/APG-68(V)9,LOCK,B0100,35.37484017648138,0.0,0.0,0.0,0.0,Friendly
78.0,A0200,AN/APG-68(V)9,LOCK,B0100,43.18578353772214,0.0,0.0,0.0,0.0,Friendly
78.0,B0100,N001VE,SEARCH,None,0.0,0.0,0.0,0.0,0.0,Enemy
78.0,B0200,N001VE,TRACK,A0100,35.9357570058318,-12.267503083439845,-2098.909634584957,0.5508030374271025,15156.369742440313,Enemy
78.2,A0100,AN/APG-68(V)9,LOCK,B0100,35.24324676266699,0.0,0.0,0.0,0.0,Friendly
78.2,A0200,AN/APG-68(V)9,LOCK,B0100,43.06279647392166,0.0,0.0,0.0,0.0,Friendly
78.2,B0100,N001VE,SEARCH,None,0.0,0.0,0.0,0.0,0.0,Enemy
78.2,B0200,N001VE,TRACK,A0100,35.9357570058318,-12.267503083439845,-2098.909634584957,0.528770915930018,15156.369742440313,Enemy
78.4,A0100,AN/APG-68(V)9,LOCK,B0100,35.111721641394446,0.0,0.0,0.0,0.0,Friendly
78.4,A0200,AN/APG-68(V)9,LOCK,B0100,42.93960625419743,0.0,0.0,0.0,0.0,Friendly
78.4,B0100,N001VE,SEARCH,None,0.0,0.0,0.0,0.0,0.0,Enemy
78.4,B0200,N001VE,TRACK,A0100,35.9357570058318,-12.267503083439845,-2098.909634584957,0.5067387944329336,15156.369742440313,Enemy
78.60000000000001,A0100,AN/APG-68(V)9,LOCK,B0100,34.98022513969575,0.0,0.0,0.0,0.0,Friendly
78.60000000000001,A0200,AN/APG-68(V)9,LOCK,B0100,42.81636553855062,0.0,0.0,0.0,0.0,Friendly
78.60000000000001,B0100,N001VE,SEARCH,None,0.0,0.0,0.0,0.0,0.0,Enemy
78.60000000000001,B0200,N001VE,TRACK,A0100,35.9357570058318,-12.267503083439845,-2098.909634584957,0.48470667293584924,15156.369742440313,Enemy
78.80000000000001,A0100,AN/APG-68(V)9,LOCK,B0100,34.84859802887016,0.0,0.0,0.0,0.0,Friendly
78.80000000000001,A0200,AN/APG-68(V)9,LOCK,B0100,42.693135799796394,0.0,0.0,0.0,0.0,Friendly
78.80000000000001,B0100,N001VE,SEARCH,None,0.0,0.0,0.0,0.0,0.0,Enemy
78.80000000000001,B0200,N001VE,TRACK,A0100,35.28618111546917,-11.863568494437883,-2183.4692682250547,0.5812796454988995,15143.71228000345,Enemy
78.80000000000001,B0200,N001VE,TRACK,A0200,43.09172902512772,-16.31541946182091,-1231.9434553828517,0.4798075226733386,15258.14669123965,Enemy
79.0,A0100,AN/APG-68(V)9,LOCK,B0100,34.71683783753179,0.0,0.0,0.0,0.0,Friendly
79.0,A0200,AN/APG-68(V)9,LOCK,B0100,42.5699951646662,0.0,0.0,0.0,0.0,Friendly
79.0,B0100,N001VE,SEARCH,None,0.0,0.0,0.0,0.0,0.0,Enemy
79.0,B0200,N001VE,TRACK,A0100,35.28618111546917,-11.863568494437883,-2183.4692682250547,0.5589227360566353,15143.71228000345,Enemy
79.0,B0200,N001VE,TRACK,A0200,43.09172902512772,-16.31541946182091,-1231.9434553828517,0.46135338718590346,15258.14669123965,Enemy
79.2,A0100,AN/APG-68(V)9,LOCK,B0100,34.58505928241586,0.0,0.0,0.0,0.0,Friendly
79.2,A0200,AN/APG-68(V)9,LOCK,B0100,42.44691805132193,0.0,0.0,0.0,0.0,Friendly
79.2,B0100,N001VE,SEARCH,None,0.0,0.0,0.0,0.0,0.0,Enemy
79.2,B0200,N001VE,TRACK,A0100,35.28618111546917,-11.863568494437883,-2183.4692682250547,0.5365658266143696,15143.71228000345,Enemy
79.2,B0200,N001VE,TRACK,A0200,43.09172902512772,-16.31541946182091,-1231.9434553828517,0.44289925169846706,15258.14669123965,Enemy
79.4,A0100,AN/APG-68(V)9,LOCK,B0100,34.45331662549077,0.0,0.0,0.0,0.0,Friendly
79.4,A0200,AN/APG-68(V)9,LOCK,B0100,42.32383693215943,0.0,0.0,0.0,0.0,Friendly
79.4,B0100,N001VE,SEARCH,None,0.0,0.0,0.0,0.0,0.0,Enemy
79.4,B0200,N001VE,TRACK,A0100,35.28618111546917,-11.863568494437883,-2183.4692682250547,0.5142089171721038,15143.71228000345,Enemy
79.4,B0200,N001VE,TRACK,A0200,43.09172902512772,-16.31541946182091,-1231.9434553828517,0.42444511621103065,15258.14669123965,Enemy
79.60000000000001,A0100,AN/APG-68(V)9,LOCK,B0100,34.32171587598357,0.0,0.0,0.0,0.0,Friendly
79.60000000000001,A0200,AN/APG-68(V)9,LOCK,B0100,42.200899165269774,0.0,0.0,0.0,0.0,Friendly
79.60000000000001,B0100,N001VE,SEARCH,None,0.0,0.0,0.0,0.0,0.0,Enemy
79.60000000000001,B0200,N001VE,TRACK,A0100,35.28618111546917,-11.863568494437883,-2183.4692682250547,0.49185200772983817,15143.71228000345,Enemy
79.60000000000001,B0200,N001VE,TRACK,A0200,43.09172902512772,-16.31541946182091,-1231.9434553828517,0.4059909807235943,15258.14669123965,Enemy
79.80000000000001,A0100,AN/APG-68(V)9,LOCK,B0100,34.19025675632279,0.0,0.0,0.0,0.0,Friendly
79.80000000000001,A0200,AN/APG-68(V)9,LOCK,B0100,42.078000885416095,0.0,0.0,0.0,0.0,Friendly
79.80000000000001,B0100,N001VE,TRACK,A0200,42.078000885416095,-15.955921069142335,-715.2536783911481,0.49298598848958963,15347.199969951147,Enemy
79.80000000000001,B0200,N001VE,TRACK,A0100,34.63739499700685,-11.452508108181542,-2279.7250553024646,0.5897138650389098,15130.073416823057,Enemy
80.0,A0100,AN/APG-68(V)9,LOCK,B0100,34.058812723168245,0.0,0.0,0.0,0.0,Friendly
80.0,A0200,AN/APG-68(V)9,LOCK,B0100,41.9549468446304,0.0,0.0,0.0,0.0,Friendly
80.0,B0100,N001VE,TRACK,A0200,42.078000885416095,-15.955921069142335,-715.2536783911481,0.4740249889322987,15347.199969951147,Enemy
80.0,B0200,N001VE,TRACK,A0100,34.63739499700685,-11.452508108181542,-2279.7250553024646,0.5670325625374144,15130.073416823057,Enemy
80.2,A0100,AN/APG-68(V)9,LOCK,B0100,33.92734625471991,0.0,0.0,0.0,0.0,Friendly
80.2,A0200,AN/APG-68(V)9,LOCK,B0100,41.83173165906576,0.0,0.0,0.0,0.0,Friendly
80.2,B0100,N001VE,TRACK,A0200,42.078000885416095,-15.955921069142335,-715.2536783911481,0.4550639893750065,15347.199969951147,Enemy
80.2,B0200,N001VE,TRACK,A0100,34.63739499700685,-11.452508108181542,-2279.7250553024646,0.5443512600359175,15130.073416823057,Enemy
80.4,A0100,AN/APG-68(V)9,LOCK,B0100,33.79593828283506,0.0,0.0,0.0,0.0,Friendly
80.4,A0200,AN/APG-68(V)9,LOCK,B0100,41.70845550704101,0.0,0.0,0.0,0.0,Friendly
80.4,B0100,N001VE,TRACK,A0200,42.078000885416095,-15.955921069142335,-715.2536783911481,0.4361029898177143,15347.199969951147,Enemy
80.4,B0200,N001VE,TRACK,A0100,34.63739499700685,-11.452508108181542,-2279.7250553024646,0.5216699575344206,15130.073416823057,Enemy
80.60000000000001,A0100,AN/APG-68(V)9,LOCK,B0100,33.66455191341114,0.0,0.0,0.0,0.0,Friendly
80.60000000000001,A0200,AN/APG-68(V)9,LOCK,B0100,41.585203580389766,0.0,0.0,0.0,0.0,Friendly
80.60000000000001,B0100,N001VE,TRACK,A0200,42.078000885416095,-15.955921069142335,-715.2536783911481,0.4171419902604221,15347.199969951147,Enemy
80.60000000000001,B0200,N001VE,TRACK,A0100,34.63739499700685,-11.452508108181542,-2279.7250553024646,0.4989886550329237,15130.073416823057,Enemy
80.80000000000001,A0100,AN/APG-68(V)9,LOCK,B0100,33.533185435384816,0.0,0.0,0.0,0.0,Friendly
80.80000000000001,A0200,AN/APG-68(V)9,LOCK,B0100,41.46197128743151,0.0,0.0,0.0,0.0,Friendly
80.80000000000001,B0100,N001VE,TRACK,A0200,41.46197128743151,-15.631782563339296,-733.2674537584862,0.5009943732633892,15343.573450119264,Enemy
80.80000000000001,B0200,N001VE,TRACK,A0100,33.988145599536345,-11.033653264033958,-2377.2458605905863,0.5981541072060262,15115.623526469102,Enemy
80.80000000000001,B0200,N001VE,TRACK,A0200,41.871631399861535,-15.663440272422825,-1331.686219198263,0.495668791801799,15240.380469781781,Enemy
81.0,A0100,AN/APG-68(V)9,LOCK,B0100,33.402006990707264,0.0,0.0,0.0,0.0,Friendly
81.0,A0200,AN/APG-68(V)9,LOCK,B0100,41.338784631395214,0.0,0.0,0.0,0.0,Friendly
81.0,B0100,N001VE,TRACK,A0200,41.46197128743151,-15.631782563339296,-733.2674537584862,0.4817253589071061,15343.573450119264,Enemy
81.0,B0200,N001VE,TRACK,A0100,33.988145599536345,-11.033653264033958,-2377.2458605905863,0.5751481800057957,15115.623526469102,Enemy
81.0,B0200,N001VE,TRACK,A0200,41.871631399861535,-15.663440272422825,-1331.686219198263,0.47660460750173084,15240.380469781781,Enemy
81.2,A0100,AN/APG-68(V)9,LOCK,B0100,33.2712362931209,0.0,0.0,0.0,0.0,Friendly
81.2,A0200,AN/APG-68(V)9,LOCK,B0100,41.2158047053574,0.0,0.0,0.0,0.0,Friendly
81.2,B0100,N001VE,TRACK,A0200,41.46197128743151,-15.631782563339296,-733.2674537584862,0.4624563445508216,15343.573450119264,Enemy
81.2,B0200,N001VE,TRACK,A0100,33.988145599536345,-11.033653264033958,-2377.2458605905863,0.5521422528055635,15115.623526469102,Enemy
81.2,B0200,N001VE,TRACK,A0200,41.871631399861535,-15.663440272422825,-1331.686219198263,0.45754042320166133,15240.380469781781,Enemy
81.4,A0100,AN/APG-68(V)9,LOCK,B0100,33.140922796687036,0.0,0.0,0.0,0.0,Friendly
81.4,A0200,AN/APG-68(V)9,LOCK,B0100,41.093015830336064,0.0,0.0,0.0,0.0,Friendly
81.4,B0100,N001VE,TRACK,A0200,41.46197128743151,-15.631782563339296,-733.2674537584862,0.44318733019453704,15343.573450119264,Enemy
81.4,B0200,N001VE,TRACK,A0100,33.988145599536345,-11.033653264033958,-2377.2458605905863,0.5291363256053314,15115.623526469102,Enemy
81.4,B0200,N001VE,TRACK,A0200,41.871631399861535,-15.663440272422825,-1331.686219198263,0.4384762389015918,15240.380469781781,Enemy
81.60000000000001,A0100,AN/APG-68(V)9,LOCK,B0100,33.01098893931583,0.0,0.0,0.0,0.0,Friendly
81.60000000000001,A0200,AN/APG-68(V)9,LOCK,B0100,40.97019216154537,0.0,0.0,0.0,0.0,Friendly
81.60000000000001,B0100,N001VE,TRACK,A0200,41.46197128743151,-15.631782563339296,-733.2674537584862,0.42391831583825257,15343.573450119264,Enemy
81.60000000000001,B0200,N001VE,TRACK,A0100,33.988145599536345,-11.033653264033958,-2377.2458605905863,0.5061303984050992,15115.623526469102,Enemy
81.60000000000001,B0200,N001VE,TRACK,A0200,41.871631399861535,-15.663440272422825,-1331.686219198263,0.41941205460152237,15240.380469781781,Enemy
81.80000000000001,A0100,AN/APG-68(V)9,LOCK,B0100,32.88132715217213,0.0,0.0,0.0,0.0,Friendly
81.80000000000001,A0200,AN/APG-68(V)9,LOCK,B0100,40.847204435408294,0.0,0.0,0.0,0.0,Friendly
81.80000000000001,B0100,N001VE,LOCK,A0100,32.88132715217213,-10.550428335398113,-1589.2365172053715,0.612542747021761,15231.694571821907,Enemy
81.80000000000001,B0200,N001VE,SEARCH,None,0.0,0.0,0.0,0.0,0.0,Enemy
82.0,A0100,AN/APG-68(V)9,LOCK,B0100,32.75182001450619,0.0,0.0,0.0,0.0,Friendly
82.0,A0200,AN/APG-68(V)9,LOCK,B0100,40.724169174428084,0.0,0.0,0.0,0.0,Friendly
82.0,B0100,N001VE,TRACK,A0100,32.88132715217213,-10.550428335398113,-1589.2365172053715,0.5889834105978484,15231.694571821907,Enemy
82.0,B0200,N001VE,SEARCH,None,0.0,0.0,0.0,0.0,0.0,Enemy
82.2,A0100,AN/APG-68(V)9,LOCK,B0100,32.622599326601474,0.0,0.0,0.0,0.0,Friendly
82.2,A0200,AN/APG-68(V)9,LOCK,B0100,40.60124116486677,0.0,0.0,0.0,0.0,Friendly
82.2,B0100,N001VE,TRACK,A0100,32.88132715217213,-10.550428335398113,-1589.2365172053715,0.5654240741739341,15231.694571821907,Enemy
82.2,B0200,N001VE,SEARCH,None,0.0,0.0,0.0,0.0,0.0,Enemy
82.4,A0100,AN/APG-68(V)9,LOCK,B0100,32.49373603520672,0.0,0.0,0.0,0.0,Friendly
82.4,A0200,AN/APG-68(V)9,LOCK,B0100,40.47844185790008,0.0,0.0,0.0,0.0,Friendly
82.4,B0100,N001VE,TRACK,A0100,32.88132715217213,-10.550428335398113,-1589.2365172053715,0.5418647377500199,15231.694571821907,Enemy
82.4,B0200,N001VE,SEARCH,None,0.0,0.0,0.0,0.0,0.0,Enemy
82.60000000000001,A0100,AN/APG-68(V)9,LOCK,B0100,32.36488495893973,0.0,0.0,0.0,0.0,Friendly
82.60000000000001,A0200,AN/APG-68(V)9,LOCK,B0100,40.35591868267205,0.0,0.0,0.0,0.0,Friendly
82.60000000000001,B0100,N001VE,TRACK,A0100,32.88132715217213,-10.550428335398113,-1589.2365172053715,0.5183054013261056,15231.694571821907,Enemy
82.60000000000001,B0200,N001VE,SEARCH,None,0.0,0.0,0.0,0.0,0.0,Enemy
82.80000000000001,A0100,AN/APG-68(V)9,LOCK,B0100,32.23605964271721,0.0,0.0,0.0,0.0,Friendly
82.80000000000001,A0200,AN/APG-68(V)9,LOCK,B0100,40.23367821601598,0.0,0.0,0.0,0.0,Friendly
82.80000000000001,B0100,N001VE,LOCK,A0100,32.23605964271721,-10.121856880699438,-1654.914828923657,0.620931224644675,15220.379112428325,Enemy
82.80000000000001,B0200,N001VE,LOCK,A0100,32.70442862133813,-10.189586378250628,-2524.6541472550693,0.614842427922603,15088.775282252273,Enemy
83.0,A0100,AN/APG-68(V)9,LOCK,B0100,32.10748500403857,0.0,0.0,0.0,0.0,Friendly
83.0,A0200,AN/APG-68(V)9,LOCK,B0100,40.11137338707938,0.0,0.0,0.0,0.0,Friendly
83.0,B0100,N001VE,TRACK,A0100,32.23605964271721,-10.121856880699438,-1654.914828923657,0.5970492544660349,15220.379112428325,Enemy
83.0,B0200,N001VE,TRACK,A0100,32.70442862133813,-10.189586378250628,-2524.6541472550693,0.5911946422332733,15088.775282252273,Enemy
83.2,A0100,AN/APG-68(V)9,LOCK,B0100,31.97896507030528,0.0,0.0,0.0,0.0,Friendly
83.2,A0200,AN/APG-68(V)9,LOCK,B0100,39.988939031323746,0.0,0.0,0.0,0.0,Friendly
83.2,B0100,N001VE,TRACK,A0100,32.23605964271721,-10.121856880699438,-1654.914828923657,0.573167284287393,15220.379112428325,Enemy
83.2,B0200,N001VE,TRACK,A0100,32.70442862133813,-10.189586378250628,-2524.6541472550693,0.5675468565439421,15088.775282252273,Enemy
83.4,A0100,AN/APG-68(V)9,LOCK,B0100,31.85051215294852,0.0,0.0,0.0,0.0,Friendly
83.4,A0200,AN/APG-68(V)9,LOCK,B0100,39.86650408133546,0.0,0.0,0.0,0.0,Friendly
83.4,B0100,N001VE,TRACK,A0100,32.23605964271721,-10.121856880699438,-1654.914828923657,0.5492853141087514,15220.379112428325,Enemy
83.4,B0200,N001VE,TRACK,A0100,32.70442862133813,-10.189586378250628,-2524.6541472550693,0.5438990708546108,15088.775282252273,Enemy
83.60000000000001,A0100,AN/APG-68(V)9,LOCK,B0100,31.722579560777252,0.0,0.0,0.0,0.0,Friendly
83.60000000000001,A0200,AN/APG-68(V)9,LOCK,B0100,39.744011576041714,0.0,0.0,0.0,0.0,Friendly
83.60000000000001,B0100,N001VE,TRACK,A0100,32.23605964271721,-10.121856880699438,-1654.914828923657,0.5254033439301097,15220.379112428325,Enemy
83.60000000000001,B0200,N001VE,TRACK,A0100,32.70442862133813,-10.189586378250628,-2524.6541472550693,0.5202512851652795,15088.775282252273,Enemy
83.80000000000001,A0100,AN/APG-68(V)9,LOCK,B0100,31.59535015072127,0.0,0.0,0.0,0.0,Friendly
83.80000000000001,A0200,AN/APG-68(V)9,LOCK,B0100,39.62149826316422,0.0,0.0,0.0,0.0,Friendly
83.80000000000001,B0100,N001VE,SEARCH,None,0.0,0.0,0.0,0.0,0.0,Enemy
83.80000000000001,B0200,N001VE,LOCK,A0100,32.07365552177116,-9.762646199150709,-2600.5842242157323,0.6230424782169737,15074.142714330545,Enemy
84.0,A0100,AN/APG-68(V)9,LOCK,B0100,31.468794373536305,0.0,0.0,0.0,0.0,Friendly
84.0,A0200,AN/APG-68(V)9,LOCK,B0100,39.498874871259325,0.0,0.0,0.0,0.0,Friendly
84.0,B0100,N001VE,SEARCH,None,0.0,0.0,0.0,0.0,0.0,Enemy
84.0,B0200,N001VE,TRACK,A0100,32.07365552177116,-9.762646199150709,-2600.5842242157323,0.5990793059778605,15074.142714330545,Enemy
84.2,A0100,AN/APG-68(V)9,LOCK,B0100,31.34306286112212,0.0,0.0,0.0,0.0,Friendly
84.2,A0200,AN/APG-68(V)9,LOCK,B0100,39.37626243467738,0.0,0.0,0.0,0.0,Friendly
84.2,B0100,N001VE,SEARCH,None,0.0,0.0,0.0,0.0,0.0,Enemy
84.2,B0200,N001VE,SEARCH,None,0.0,0.0,0.0,0.0,0.0,Enemy
84.4,A0100,AN/APG-68(V)9,LOCK,B0100,31.218095927379146,0.0,0.0,0.0,0.0,Friendly
84.4,A0200,AN/APG-68(V)9,LOCK,B0100,39.253669185821515,0.0,0.0,0.0,0.0,Friendly
84.4,B0100,N001VE,SEARCH,None,0.0,0.0,0.0,0.0,0.0,Enemy
84.4,B0200,N001VE,SEARCH,None,0.0,0.0,0.0,0.0,0.0,Enemy
84.60000000000001,A0100,AN/APG-68(V)9,LOCK,B0100,31.09378051876777,0.0,0.0,0.0,0.0,Friendly
84.60000000000001,A0200,AN/APG-68(V)9,LOCK,B0100,39.131131529780035,0.0,0.0,0.0,0.0,Friendly
84.60000000000001,B0100,N001VE,SEARCH,None,0.0,0.0,0.0,0.0,0.0,Enemy
84.60000000000001,B0200,N001VE,SEARCH,None,0.0,0.0,0.0,0.0,0.0,Enemy
84.80000000000001,A0100,AN/APG-68(V)9,LOCK,B0100,30.970254398836563,0.0,0.0,0.0,0.0,Friendly
84.80000000000001,A0200,AN/APG-68(V)9,LOCK,B0100,39.00866768664441,0.0,0.0,0.0,0.0,Friendly
84.80000000000001,B0100,N001VE,LOCK,A0100,30.970254398836563,-9.25181405277955,-1797.797402610981,0.6373866928151234,15193.120536312206,Enemy
84.80000000000001,B0100,N001VE,LOCK,A0200,39.00866768664441,-14.289862555977914,-852.9532257010972,0.5328873200736215,15322.353106121547,Enemy
84.80000000000001,B0200,N001VE,SEARCH,None,0.0,0.0,0.0,0.0,0.0,Enemy
85.0,A0100,AN/APG-68(V)9,LOCK,B0100,30.84765522232736,0.0,0.0,0.0,0.0,Friendly
85.0,A0200,AN/APG-68(V)9,LOCK,B0100,38.88625977453197,0.0,0.0,0.0,0.0,Friendly
85.0,B0100,N001VE,LOCK,A0100,30.970254398836563,-9.25181405277955,-1797.797402610981,0.612871820014543,15193.120536312206,Enemy
85.0,B0100,N001VE,LOCK,A0200,39.00866768664441,-14.289862555977914,-852.9532257010972,0.5123916539169449,15322.353106121547,Enemy
85.0,B0200,N001VE,SEARCH,None,0.0,0.0,0.0,0.0,0.0,Enemy
85.2,A0100,AN/APG-68(V)9,LOCK,B0100,30.72599367834288,0.0,0.0,0.0,0.0,Friendly
85.2,A0200,AN/APG-68(V)9,LOCK,B0100,38.7639103787885,0.0,0.0,0.0,0.0,Friendly
85.2,B0100,N001VE,TRACK,A0100,30.970254398836563,-9.25181405277955,-1797.797402610981,0.5883569472139609,15193.120536312206,Enemy
85.2,B0100,N001VE,TRACK,A0200,39.00866768664441,-14.289862555977914,-852.9532257010972,0.4918959877602668,15322.353106121547,Enemy
85.2,B0200,N001VE,SEARCH,None,0.0,0.0,0.0,0.0,0.0,Enemy
85.4,A0100,AN/APG-68(V)9,LOCK,B0100,30.605082219425,0.0,0.0,0.0,0.0,Friendly
85.4,A0200,AN/APG-68(V)9,LOCK,B0100,38.6416374159207,0.0,0.0,0.0,0.0,Friendly
85.4,B0100,N001VE,TRACK,A0100,30.970254398836563,-9.25181405277955,-1797.797402610981,0.5638420744133789,15193.120536312206,Enemy
85.4,B0100,N001VE,TRACK,A0200,39.00866768664441,-14.289862555977914,-852.9532257010972,0.47140032160358863,15322.353106121547,Enemy
85.4,B0200,N001VE,SEARCH,None,0.0,0.0,0.0,0.0,0.0,Enemy
85.60000000000001,A0100,AN/APG-68(V)9,LOCK,B0100,30.484713482948045,0.0,0.0,0.0,0.0,Friendly
85.60000000000001,A0200,AN/APG-68(V)9,LOCK,B0100,38.519420768188255,0.0,0.0,0.0,0.0,Friendly
85.60000000000001,B0100,N001VE,TRACK,A0100,30.970254398836563,-9.25181405277955,-1797.797402610981,0.5393272016127968,15193.120536312206,Enemy
85.60000000000001,B0100,N001VE,TRACK,A0200,39.00866768664441,-14.289862555977914,-852.9532257010972,0.4509046554469106,15322.353106121547,Enemy
85.60000000000001,B0200,N001VE,SEARCH,None,0.0,0.0,0.0,0.0,0.0,Enemy
85.80000000000001,A0100,AN/APG-68(V)9,LOCK,B0100,30.36464783522282,0.0,0.0,0.0,0.0,Friendly
85.80000000000001,A0200,AN/APG-68(V)9,LOCK,B0100,38.397237658903066,0.0,0.0,0.0,0.0,Friendly
85.80000000000001,B0100,N001VE,TRACK,A0200,38.397237658903066,-13.943787883908145,-882.2231622261393,0.5408359104342589,15316.344932307202,Enemy
85.80000000000001,B0200,N001VE,SEARCH,None,0.0,0.0,0.0,0.0,0.0,Enemy
86.0,A0100,AN/APG-68(V)9,LOCK,B0100,30.24449330052342,0.0,0.0,0.0,0.0,Friendly
86.0,A0200,AN/APG-68(V)9,LOCK,B0100,38.275156841956424,0.0,0.0,0.0,0.0,Friendly
86.0,B0100,N001VE,TRACK,A0200,38.397237658903066,-13.943787883908145,-882.2231622261393,0.5200345292637116,15316.344932307202,Enemy
86.0,B0200,N001VE,SEARCH,None,0.0,0.0,0.0,0.0,0.0,Enemy
86.2,A0100,AN/APG-68(V)9,LOCK,B0100,30.124468352436015,0.0,0.0,0.0,0.0,Friendly
86.2,A0200,AN/APG-68(V)9,LOCK,B0100,38.15306460439012,0.0,0.0,0.0,0.0,Friendly
86.2,B0100,N001VE,TRACK,A0200,38.397237658903066,-13.943787883908145,-882.2231622261393,0.4992331480931629,15316.344932307202,Enemy
86.2,B0200,N001VE,SEARCH,None,0.0,0.0,0.0,0.0,0.0,Enemy
86.4,A0100,AN/APG-68(V)9,LOCK,B0100,30.005326249182655,0.0,0.0,0.0,0.0,Friendly
86.4,A0200,AN/APG-68(V)9,LOCK,B0100,38.03082731259539,0.0,0.0,0.0,0.0,Friendly
86.4,B0100,N001VE,TRACK,A0200,38.397237658903066,-13.943787883908145,-882.2231622261393,0.4784317669226141,15316.344932307202,Enemy
86.4,B0200,N001VE,SEARCH,None,0.0,0.0,0.0,0.0,0.0,Enemy
86.60000000000001,A0100,AN/APG-68(V)9,LOCK,B0100,29.887212035629087,0.0,0.0,0.0,0.0,Friendly
86.60000000000001,A0200,AN/APG-68(V)9,LOCK,B0100,37.90845163797569,0.0,0.0,0.0,0.0,Friendly
86.60000000000001,B0100,N001VE,TRACK,A0200,38.397237658903066,-13.943787883908145,-882.2231622261393,0.4576303857520654,15316.344932307202,Enemy
86.60000000000001,B0200,N001VE,SEARCH,None,0.0,0.0,0.0,0.0,0.0,Enemy
86.80000000000001,A0100,AN/APG-68(V)9,LOCK,B0100,29.770245918694354,0.0,0.0,0.0,0.0,Friendly
86.80000000000001,A0200,AN/APG-68(V)9,LOCK,B0100,37.786043641326266,0.0,0.0,0.0,0.0,Friendly
86.80000000000001,B0100,N001VE,LOCK,A0100,29.770245918694354,-8.382807667038845,-1980.5642085401623,0.652986803056972,15157.304077712313,Enemy
86.80000000000001,B0200,N001VE,LOCK,A0100,30.282056888706087,-8.48442260232145,-2867.7647958390635,0.6463332604468196,15016.53744912376,Enemy
86.80000000000001,B0200,N001VE,LOCK,A0200,38.235351642484765,-13.645680839052527,-1575.837759651362,0.542940428647697,15196.87021698897,Enemy
87.0,A0100,AN/APG-68(V)9,LOCK,B0100,29.654441956851837,0.0,0.0,0.0,0.0,Friendly
87.0,A0200,AN/APG-68(V)9,LOCK,B0100,37.66355311681497,0.0,0.0,0.0,0.0,Friendly
87.0,B0100,N001VE,LOCK,A0100,29.770245918694354,-8.382807667038845,-1980.5642085401623,0.6278719260163206,15157.304077712313,Enemy
87.0,B0200,N001VE,LOCK,A0100,30.282056888706087,-8.48442260232145,-2867.7647958390635,0.621474288891174,15016.53744912376,Enemy
87.0,B0200,N001VE,LOCK,A0200,38.235351642484765,-13.645680839052527,-1575.837759651362,0.5220581044689405,15196.87021698897,Enemy
87.2,A0100,AN/APG-68(V)9,LOCK,B0100,29.539679915111577,0.0,0.0,0.0,0.0,Friendly
87.2,A0200,AN/APG-68(V)9,LOCK,B0100,37.540942276192126,0.0,0.0,0.0,0.0,Friendly
87.2,B0100,N001VE,LOCK,A0100,29.770245918694354,-8.382807667038845,-1980.5642085401623,0.6027570489756674,15157.304077712313,Enemy
87.2,B0200,N001VE,TRACK,A0100,30.282056888706087,-8.48442260232145,-2867.7647958390635,0.5966153173355266,15016.53744912376,Enemy
87.2,B0200,N001VE,TRACK,A0200,38.235351642484765,-13.645680839052527,-1575.837759651362,0.5011757802901826,15196.87021698897,Enemy
87.4,A0100,AN/APG-68(V)9,LOCK,B0100,29.42550981522852,0.0,0.0,0.0,0.0,Friendly
87.4,A0200,AN/APG-68(V)9,LOCK,B0100,37.41836377492857,0.0,0.0,0.0,0.0,Friendly
87.4,B0100,N001VE,TRACK,A0100,29.770245918694354,-8.382807667038845,-1980.5642085401623,0.5776421719350142,15157.304077712313,Enemy
87.4,B0200,N001VE,TRACK,A0100,30.282056888706087,-8.48442260232145,-2867.7647958390635,0.5717563457798793,15016.53744912376,Enemy
87.4,B0200,N001VE,TRACK,A0200,38.235351642484765,-13.645680839052527,-1575.837759651362,0.48029345611142465,15196.87021698897,Enemy
87.60000000000001,A0100,AN/APG-68(V)9,LOCK,B0100,29.31208336064952,0.0,0.0,0.0,0.0,Friendly
87.60000000000001,A0200,AN/APG-68(V)9,LOCK,B0100,37.29586622926326,0.0,0.0,0.0,0.0,Friendly
87.60000000000001,B0100,N001VE,TRACK,A0100,29.770245918694354,-8.382807667038845,-1980.5642085401623,0.552527294894361,15157.304077712313,Enemy
87.60000000000001,B0200,N001VE,TRACK,A0100,30.282056888706087,-8.48442260232145,-2867.7647958390635,0.546897374224232,15016.53744912376,Enemy
87.60000000000001,B0200,N001VE,TRACK,A0200,38.235351642484765,-13.645680839052527,-1575.837759651362,0.4594111319326668,15196.87021698897,Enemy
87.80000000000001,A0100,AN/APG-68(V)9,LOCK,B0100,29.19962567180995,0.0,0.0,0.0,0.0,Friendly
87.80000000000001,A0200,AN/APG-68(V)9,LOCK,B0100,37.17339370611894,0.0,0.0,0.0,0.0,Friendly
87.80000000000001,B0100,N001VE,SEARCH,None,0.0,0.0,0.0,0.0,0.0,Enemy
87.80000000000001,B0200,N001VE,SEARCH,None,0.0,0.0,0.0,0.0,0.0,Enemy
88.0,A0100,AN/APG-68(V)9,LOCK,B0100,29.0878989396553,0.0,0.0,0.0,0.0,Friendly
88.0,A0200,AN/APG-68(V)9,LOCK,B0100,37.05081114216487,0.0,0.0,0.0,0.0,Friendly
88.0,B0100,N001VE,SEARCH,None,0.0,0.0,0.0,0.0,0.0,Enemy
88.0,B0200,N001VE,SEARCH,None,0.0,0.0,0.0,0.0,0.0,Enemy
88.2,A0100,AN/APG-68(V)9,LOCK,B0100,28.976524413852985,0.0,0.0,0.0,0.0,Friendly
88.2,A0200,AN/APG-68(V)9,LOCK,B0100,36.92804892569717,0.0,0.0,0.0,0.0,Friendly
88.2,B0100,N001VE,SEARCH,None,0.0,0.0,0.0,0.0,0.0,Enemy
88.2,B0200,N001VE,SEARCH,None,0.0,0.0,0.0,0.0,0.0,Enemy
88.4,A0100,AN/APG-68(V)9,LOCK,B0100,28.865384536854194,0.0,0.0,0.0,0.0,Friendly
88.4,A0200,AN/APG-68(V)9,LOCK,B0100,36.805150126735285,0.0,0.0,0.0,0.0,Friendly
88.4,B0100,N001VE,SEARCH,None,0.0,0.0,0.0,0.0,0.0,Enemy
88.4,B0200,N001VE,SEARCH,None,0.0,0.0,0.0,0.0,0.0,Enemy
88.60000000000001,A0100,AN/APG-68(V)9,LOCK,B0100,28.75464212738703,0.0,0.0,0.0,0.0,Friendly
88.60000000000001,A0200,AN/APG-68(V)9,LOCK,B0100,36.68226069301656,0.0,0.0,0.0,0.0,Friendly
88.60000000000001,B0100,N001VE,SEARCH,None,0.0,0.0,0.0,0.0,0.0,Enemy
88.60000000000001,B0200,N001VE,SEARCH,None,0.0,0.0,0.0,0.0,0.0,Enemy
88.80000000000001,A0100,AN/APG-68(V)9,LOCK,B0100,28.64484334574224,0.0,0.0,0.0,0.0,Friendly
88.80000000000001,A0200,AN/APG-68(V)9,LOCK,B0100,36.55942968663308,0.0,0.0,0.0,0.0,Friendly
88.80000000000001,B0100,N001VE,LOCK,A0100,28.64484334574224,-7.527723587458345,-2188.2441777594663,0.6676170365053495,15115.418000730919,Enemy
88.80000000000001,B0200,N001VE,SEARCH,None,0.0,0.0,0.0,0.0,0.0,Enemy
89.0,A0100,AN/APG-68(V)9,LOCK,B0100,28.536237306630877,0.0,0.0,0.0,0.0,Friendly
89.0,A0200,AN/APG-68(V)9,LOCK,B0100,36.436661410847854,0.0,0.0,0.0,0.0,Friendly
89.0,B0100,N001VE,LOCK,A0100,28.64484334574224,-7.527723587458345,-2188.2441777594663,0.6419394581782221,15115.418000730919,Enemy
89.0,B0200,N001VE,SEARCH,None,0.0,0.0,0.0,0.0,0.0,Enemy
89.2,A0100,AN/APG-68(V)9,LOCK,B0100,28.42840310227738,0.0,0.0,0.0,0.0,Friendly
89.2,A0200,AN/APG-68(V)9,LOCK,B0100,36.313935324963154,0.0,0.0,0.0,0.0,Friendly
89.2,B0100,N001VE,LOCK,A0100,28.64484334574224,-7.527723587458345,-2188.2441777594663,0.6162618798510928,15115.418000730919,Enemy
89.2,B0200,N001VE,SEARCH,None,0.0,0.0,0.0,0.0,0.0,Enemy
89.4,A0100,AN/APG-68(V)9,LOCK,B0100,28.321098090938534,0.0,0.0,0.0,0.0,Friendly
89.4,A0200,AN/APG-68(V)9,LOCK,B0100,36.191300425652784,0.0,0.0,0.0,0.0,Friendly
89.4,B0100,N001VE,TRACK,A0100,28.64484334574224,-7.527723587458345,-2188.2441777594663,0.5905843015239636,15115.418000730919,Enemy
89.4,B0200,N001VE,SEARCH,None,0.0,0.0,0.0,0.0,0.0,Enemy
89.60000000000001,A0100,AN/APG-68(V)9,LOCK,B0100,28.21446849475727,0.0,0.0,0.0,0.0,Friendly
89.60000000000001,A0200,AN/APG-68(V)9,LOCK,B0100,36.06871250761516,0.0,0.0,0.0,0.0,Friendly
89.60000000000001,B0100,N001VE,TRACK,A0100,28.64484334574224,-7.527723587458345,-2188.2441777594663,0.5649067231968343,15115.418000730919,Enemy
89.60000000000001,B0200,N001VE,SEARCH,None,0.0,0.0,0.0,0.0,0.0,Enemy
89.80000000000001,A0100,AN/APG-68(V)9,LOCK,B0100,28.108668024187534,0.0,0.0,0.0,0.0,Friendly
89.80000000000001,A0200,AN/APG-68(V)9,LOCK,B0100,35.94602063856236,0.0,0.0,0.0,0.0,Friendly
89.80000000000001,B0100,N001VE,TRACK,A0200,35.94602063856236,-12.514171826899911,-999.2001176339518,0.5727017316986881,15294.27009803271,Enemy
89.80000000000001,B0200,N001VE,SEARCH,None,0.0,0.0,0.0,0.0,0.0,Enemy
90.0,A0100,AN/APG-68(V)9,LOCK,B0100,28.00380918108925,0.0,0.0,0.0,0.0,Friendly
90.0,A0200,AN/APG-68(V)9,LOCK,B0100,35.82320132725756,0.0,0.0,0.0,0.0,Friendly
90.0,B0100,N001VE,TRACK,A0200,35.94602063856236,-12.514171826899911,-999.2001176339518,0.5506747420179705,15294.27009803271,Enemy
90.0,B0200,N001VE,SEARCH,None,0.0,0.0,0.0,0.0,0.0,Enemy
90.2,A0100,AN/APG-68(V)9,LOCK,B0100,27.900125046810594,0.0,0.0,0.0,0.0,Friendly
90.2,A0200,AN/APG-68(V)9,LOCK,B0100,35.70022365437068,0.0,0.0,0.0,0.0,Friendly
90.2,B0100,N001VE,TRACK,A0200,35.94602063856236,-12.514171826899911,-999.2001176339518,0.5286477523372514,15294.27009803271,Enemy
90.2,B0200,N001VE,SEARCH,None,0.0,0.0,0.0,0.0,0.0,Enemy
90.4,A0100,AN/APG-68(V)9,LOCK,B0100,27.797583499518428,0.0,0.0,0.0,0.0,Friendly
90.4,A0200,AN/APG-68(V)9,LOCK,B0100,35.57718047340348,0.0,0.0,0.0,0.0,Friendly
90.4,B0100,N001VE,TRACK,A0200,35.94602063856236,-12.514171826899911,-999.2001176339518,0.5066207626565322,15294.27009803271,Enemy
90.4,B0200,N001VE,SEARCH,None,0.0,0.0,0.0,0.0,0.0,Enemy
90.60000000000001,A0100,AN/APG-68(V)9,LOCK,B0100,27.69595567953802,0.0,0.0,0.0,0.0,Friendly
90.60000000000001,A0200,AN/APG-68(V)9,LOCK,B0100,35.45417875099299,0.0,0.0,0.0,0.0,Friendly
90.60000000000001,B0100,N001VE,TRACK,A0200,35.94602063856236,-12.514171826899911,-999.2001176339518,0.48459377297581313,15294.27009803271,Enemy
90.60000000000001,B0200,N001VE,SEARCH,None,0.0,0.0,0.0,0.0,0.0,Enemy
90.80000000000001,A0100,AN/APG-68(V)9,LOCK,B0100,27.59485504076875,0.0,0.0,0.0,0.0,Friendly
90.80000000000001,A0200,AN/APG-68(V)9,LOCK,B0100,35.33115346385873,0.0,0.0,0.0,0.0,Friendly
90.80000000000001,B0100,N001VE,SEARCH,None,0.0,0.0,0.0,0.0,0.0,Enemy
90.80000000000001,B0200,N001VE,SEARCH,None,0.0,0.0,0.0,0.0,0.0,Enemy
91.0,A0100,AN/APG-68(V)9,LOCK,B0100,27.493965759047295,0.0,0.0,0.0,0.0,Friendly
91.0,A0200,AN/APG-68(V)9,LOCK,B0100,35.208248078045536,0.0,0.0,0.0,0.0,Friendly
91.0,B0100,N001VE,SEARCH,None,0.0,0.0,0.0,0.0,0.0,Enemy
91.0,B0200,N001VE,SEARCH,None,0.0,0.0,0.0,0.0,0.0,Enemy
91.2,A0100,AN/APG-68(V)9,LOCK,B0100,27.393069756290082,0.0,0.0,0.0,0.0,Friendly
91.2,A0200,AN/APG-68(V)9,LOCK,B0100,35.08553498925464,0.0,0.0,0.0,0.0,Friendly
91.2,B0100,N001VE,SEARCH,None,0.0,0.0,0.0,0.0,0.0,Enemy
91.2,B0200,N001VE,SEARCH,None,0.0,0.0,0.0,0.0,0.0,Enemy
91.4,A0100,AN/APG-68(V)9,LOCK,B0100,27.292084279399052,0.0,0.0,0.0,0.0,Friendly
91.4,A0200,AN/APG-68(V)9,LOCK,B0100,34.96286995224845,0.0,0.0,0.0,0.0,Friendly
91.4,B0100,N001VE,SEARCH,None,0.0,0.0,0.0,0.0,0.0,Enemy
91.4,B0200,N001VE,SEARCH,None,0.0,0.0,0.0,0.0,0.0,Enemy
91.60000000000001,A0100,AN/APG-68(V)9,LOCK,B0100,27.190940414280096,0.0,0.0,0.0,0.0,Friendly
91.60000000000001,A0200,AN/APG-68(V)9,LOCK,B0100,34.840042529145954,0.0,0.0,0.0,0.0,Friendly
91.60000000000001,B0100,N001VE,SEARCH,None,0.0,0.0,0.0,0.0,0.0,Enemy
91.60000000000001,B0200,N001VE,SEARCH,None,0.0,0.0,0.0,0.0,0.0,Enemy
91.80000000000001,A0100,AN/APG-68(V)9,LOCK,B0100,27.089604373414588,0.0,0.0,0.0,0.0,Friendly
91.80000000000001,A0200,AN/APG-68(V)9,LOCK,B0100,34.71699788004555,0.0,0.0,0.0,0.0,Friendly
91.80000000000001,B0100,N001VE,SEARCH,None,0.0,0.0,0.0,0.0,0.0,Enemy
91.80000000000001,B0200,N001VE,SEARCH,None,0.0,0.0,0.0,0.0,0.0,Enemy
92.0,A0100,AN/APG-68(V)9,LOCK,B0100,26.988097974339464,0.0,0.0,0.0,0.0,Friendly
92.0,A0200,AN/APG-68(V)9,LOCK,B0100,34.59378580480014,0.0,0.0,0.0,0.0,Friendly
92.0,B0100,N001VE,SEARCH,None,0.0,0.0,0.0,0.0,0.0,Enemy
92.0,B0200,N001VE,SEARCH,None,0.0,0.0,0.0,0.0,0.0,Enemy
92.2,A0100,AN/APG-68(V)9,LOCK,B0100,26.88652749714429,0.0,0.0,0.0,0.0,Friendly
92.2,A0200,AN/APG-68(V)9,LOCK,B0100,34.47063818034026,0.0,0.0,0.0,0.0,Friendly
92.2,B0100,N001VE,SEARCH,None,0.0,0.0,0.0,0.0,0.0,Enemy
92.2,B0200,N001VE,SEARCH,None,0.0,0.0,0.0,0.0,0.0,Enemy
92.4,A0100,AN/APG-68(V)9,LOCK,B0100,26.784893646157464,0.0,0.0,0.0,0.0,Friendly
92.4,A0200,AN/APG-68(V)9,LOCK,B0100,34.34764161499651,0.0,0.0,0.0,0.0,Friendly
92.4,B0100,N001VE,SEARCH,None,0.0,0.0,0.0,0.0,0.0,Enemy
92.4,B0200,N001VE,SEARCH,None,0.0,0.0,0.0,0.0,0.0,Enemy
92.60000000000001,A0100,AN/APG-68(V)9,LOCK,B0100,26.683365092399896,0.0,0.0,0.0,0.0,Friendly
92.60000000000001,A0200,AN/APG-68(V)9,LOCK,B0100,34.22479824522645,0.0,0.0,0.0,0.0,Friendly
92.60000000000001,B0100,N001VE,SEARCH,None,0.0,0.0,0.0,0.0,0.0,Enemy
92.60000000000001,B0200,N001VE,SEARCH,None,0.0,0.0,0.0,0.0,0.0,Enemy
92.80000000000001,A0100,AN/APG-68(V)9,LOCK,B0100,26.58187779807565,0.0,0.0,0.0,0.0,Friendly
92.80000000000001,A0200,AN/APG-68(V)9,LOCK,B0100,34.10214867209876,0.0,0.0,0.0,0.0,Friendly
92.80000000000001,B0100,N001VE,SEARCH,None,0.0,0.0,0.0,0.0,0.0,Enemy
92.80000000000001,B0200,N001VE,LOCK,A0100,27.16983207828681,-6.018377228340517,-3447.934759308669,0.68679218298227,14861.331075034126,Enemy
93.0,A0100,AN/APG-68(V)9,LOCK,B0100,26.480363070121967,0.0,0.0,0.0,0.0,Friendly
93.0,A0200,AN/APG-68(V)9,LOCK,B0100,33.97964565310019,0.0,0.0,0.0,0.0,Friendly
93.0,B0100,N001VE,SEARCH,None,0.0,0.0,0.0,0.0,0.0,Enemy
93.0,B0200,N001VE,LOCK,A0100,27.16983207828681,-6.018377228340517,-3447.934759308669,0.6603770990214148,14861.331075034126,Enemy
93.2,A0100,AN/APG-68(V)9,LOCK,B0100,26.37889931640192,0.0,0.0,0.0,0.0,Friendly
93.2,A0200,AN/APG-68(V)9,LOCK,B0100,33.85719902985767,0.0,0.0,0.0,0.0,Friendly
93.2,B0100,N001VE,SEARCH,None,0.0,0.0,0.0,0.0,0.0,Enemy
93.2,B0200,N001VE,LOCK,A0100,27.16983207828681,-6.018377228340517,-3447.934759308669,0.6339620150605578,14861.331075034126,Enemy
93.4,A0100,AN/APG-68(V)9,LOCK,B0100,26.277453570110133,0.0,0.0,0.0,0.0,Friendly
93.4,A0200,AN/APG-68(V)9,LOCK,B0100,33.73476316540575,0.0,0.0,0.0,0.0,Friendly
93.4,B0100,N001VE,SEARCH,None,0.0,0.0,0.0,0.0,0.0,Enemy
93.4,B0200,N001VE,LOCK,A0100,27.16983207828681,-6.018377228340517,-3447.934759308669,0.6075469310997008,14861.331075034126,Enemy
93.60000000000001,A0100,AN/APG-68(V)9,LOCK,B0100,26.175910779351852,0.0,0.0,0.0,0.0,Friendly
93.60000000000001,A0200,AN/APG-68(V)9,LOCK,B0100,33.61218162742794,0.0,0.0,0.0,0.0,Friendly
93.60000000000001,B0100,N001VE,SEARCH,None,0.0,0.0,0.0,0.0,0.0,Enemy
93.60000000000001,B0200,N001VE,TRACK,A0100,27.16983207828681,-6.018377228340517,-3447.934759308669,0.5811318471388439,14861.331075034126,Enemy
93.80000000000001,A0100,AN/APG-68(V)9,LOCK,B0100,26.074170906680305,0.0,0.0,0.0,0.0,Friendly
93.80000000000001,A0200,AN/APG-68(V)9,LOCK,B0100,33.489457340865144,0.0,0.0,0.0,0.0,Friendly
93.80000000000001,B0100,N001VE,SEARCH,None,0.0,0.0,0.0,0.0,0.0,Enemy
93.80000000000001,B0200,N001VE,SEARCH,None,0.0,0.0,0.0,0.0,0.0,Enemy
94.0,A0100,AN/APG-68(V)9,LOCK,B0100,25.972415698946985,0.0,0.0,0.0,0.0,Friendly
94.0,A0200,AN/APG-68(V)9,LOCK,B0100,33.36677377147472,0.0,0.0,0.0,0.0,Friendly
94.0,B0100,N001VE,SEARCH,None,0.0,0.0,0.0,0.0,0.0,Enemy
94.0,B0200,N001VE,SEARCH,None,0.0,0.0,0.0,0.0,0.0,Enemy
94.2,A0100,AN/APG-68(V)9,LOCK,B0100,25.870794795064516,0.0,0.0,0.0,0.0,Friendly
94.2,A0200,AN/APG-68(V)9,LOCK,B0100,33.24408075537965,0.0,0.0,0.0,0.0,Friendly
94.2,B0100,N001VE,SEARCH,None,0.0,0.0,0.0,0.0,0.0,Enemy
94.2,B0200,N001VE,SEARCH,None,0.0,0.0,0.0,0.0,0.0,Enemy
94.4,A0100,AN/APG-68(V)9,LOCK,B0100,25.769182142550864,0.0,0.0,0.0,0.0,Friendly
94.4,A0200,AN/APG-68(V)9,LOCK,B0100,33.12143970507729,0.0,0.0,0.0,0.0,Friendly
94.4,B0100,N001VE,SEARCH,None,0.0,0.0,0.0,0.0,0.0,Enemy
94.4,B0200,N001VE,SEARCH,None,0.0,0.0,0.0,0.0,0.0,Enemy
94.60000000000001,A0100,AN/APG-68(V)9,LOCK,B0100,25.667453616641616,0.0,0.0,0.0,0.0,Friendly
94.60000000000001,A0200,AN/APG-68(V)9,LOCK,B0100,32.99884129646304,0.0,0.0,0.0,0.0,Friendly
94.60000000000001,B0100,N001VE,SEARCH,None,0.0,0.0,0.0,0.0,0.0,Enemy
94.60000000000001,B0200,N001VE,SEARCH,None,0.0,0.0,0.0,0.0,0.0,Enemy
94.80000000000001,A0100,AN/APG-68(V)9,LOCK,B0100,25.565643152094278,0.0,0.0,0.0,0.0,Friendly
94.80000000000001,A0200,AN/APG-68(V)9,LOCK,B0100,32.87625799800671,0.0,0.0,0.0,0.0,Friendly
94.80000000000001,B0100,N001VE,SEARCH,None,0.0,0.0,0.0,0.0,0.0,Enemy
94.80000000000001,B0200,N001VE,LOCK,A0100,26.18236885062976,-5.174215518100975,-3610.0588881474705,0.6996292049418116,14802.720536286353,Enemy
95.0,A0100,AN/APG-68(V)9,LOCK,B0100,25.463998428807304,0.0,0.0,0.0,0.0,Friendly
95.0,A0200,AN/APG-68(V)9,LOCK,B0100,32.75381878577715,0.0,0.0,0.0,0.0,Friendly
95.0,B0100,N001VE,SEARCH,None,0.0,0.0,0.0,0.0,0.0,Enemy
95.0,B0200,N001VE,LOCK,A0100,26.18236885062976,-5.174215518100975,-3610.0588881474705,0.672720389367128,14802.720536286353,Enemy
95.2,A0100,AN/APG-68(V)9,LOCK,B0100,25.362491588620838,0.0,0.0,0.0,0.0,Friendly
95.2,A0200,AN/APG-68(V)9,LOCK,B0100,32.63166804088903,0.0,0.0,0.0,0.0,Friendly
95.2,B0100,N001VE,SEARCH,None,0.0,0.0,0.0,0.0,0.0,Enemy
95.2,B0200,N001VE,LOCK,A0100,26.18236885062976,-5.174215518100975,-3610.0588881474705,0.6458115737924425,14802.720536286353,Enemy
95.4,A0100,AN/APG-68(V)9,LOCK,B0100,25.260978689595984,0.0,0.0,0.0,0.0,Friendly
95.4,A0200,AN/APG-68(V)9,LOCK,B0100,32.50990863614299,0.0,0.0,0.0,0.0,Friendly
95.4,B0100,N001VE,SEARCH,None,0.0,0.0,0.0,0.0,0.0,Enemy
95.4,B0200,N001VE,LOCK,A0100,26.18236885062976,-5.174215518100975,-3610.0588881474705,0.618902758217757,14802.720536286353,Enemy
95.60000000000001,A0100,AN/APG-68(V)9,LOCK,B0100,25.159383102538662,0.0,0.0,0.0,0.0,Friendly
95.60000000000001,A0200,AN/APG-68(V)9,LOCK,B0100,32.388626070483305,0.0,0.0,0.0,0.0,Friendly
95.60000000000001,B0100,N001VE,SEARCH,None,0.0,0.0,0.0,0.0,0.0,Enemy
95.60000000000001,B0200,N001VE,TRACK,A0100,26.18236885062976,-5.174215518100975,-3610.0588881474705,0.5919939426430715,14802.720536286353,Enemy
95.80000000000001,A0100,AN/APG-68(V)9,LOCK,B0100,25.05785306359447,0.0,0.0,0.0,0.0,Friendly
95.80000000000001,A0200,AN/APG-68(V)9,LOCK,B0100,32.26800187474393,0.0,0.0,0.0,0.0,Friendly
95.80000000000001,B0100,N001VE,SEARCH,None,0.0,0.0,0.0,0.0,0.0,Enemy
95.80000000000001,B0200,N001VE,SEARCH,None,0.0,0.0,0.0,0.0,0.0,Enemy
96.0,A0100,AN/APG-68(V)9,LOCK,B0100,24.956479626482373,0.0,0.0,0.0,0.0,Friendly
96.0,A0200,AN/APG-68(V)9,LOCK,B0100,32.14793123622513,0.0,0.0,0.0,0.0,Friendly
96.0,B0100,N001VE,SEARCH,None,0.0,0.0,0.0,0.0,0.0,Enemy
96.0,B0200,N001VE,SEARCH,None,0.0,0.0,0.0,0.0,0.0,Enemy
96.2,A0100,AN/APG-68(V)9,LOCK,B0100,24.85518214436054,0.0,0.0,0.0,0.0,Friendly
96.2,A0200,AN/APG-68(V)9,LOCK,B0100,32.028219202316876,0.0,0.0,0.0,0.0,Friendly
96.2,B0100,N001VE,SEARCH,None,0.0,0.0,0.0,0.0,0.0,Enemy
96.2,B0200,N001VE,SEARCH,None,0.0,0.0,0.0,0.0,0.0,Enemy
96.4,A0100,AN/APG-68(V)9,LOCK,B0100,24.7538620734793,0.0,0.0,0.0,0.0,Friendly
96.4,A0200,AN/APG-68(V)9,LOCK,B0100,31.908599618880313,0.0,0.0,0.0,0.0,Friendly
96.4,B0100,N001VE,SEARCH,None,0.0,0.0,0.0,0.0,0.0,Enemy
96.4,B0200,N001VE,SEARCH,None,0.0,0.0,0.0,0.0,0.0,Enemy
96.60000000000001,A0100,AN/APG-68(V)9,LOCK,B0100,24.652597510401577,0.0,0.0,0.0,0.0,Friendly
96.60000000000001,A0200,AN/APG-68(V)9,LOCK,B0100,31.78893955783886,0.0,0.0,0.0,0.0,Friendly
96.60000000000001,B0100,N001VE,SEARCH,None,0.0,0.0,0.0,0.0,0.0,Enemy
96.60000000000001,B0200,N001VE,SEARCH,None,0.0,0.0,0.0,0.0,0.0,Enemy
96.80000000000001,A0100,AN/APG-68(V)9,LOCK,B0100,24.551386757920955,0.0,0.0,0.0,0.0,Friendly
96.80000000000001,A0200,AN/APG-68(V)9,LOCK,B0100,31.669240202681607,0.0,0.0,0.0,0.0,Friendly
96.80000000000001,B0100,N001VE,LOCK,A0200,31.669240202681607,-9.869784115151033,-1018.5518968743711,0.6282998773651378,15284.998118359195,Enemy
96.80000000000001,B0200,N001VE,LOCK,A0100,25.198027442071172,-4.30212429097473,-3827.083534667277,0.7124256432530732,14740.8632122598,Enemy
97.0,A0100,AN/APG-68(V)9,LOCK,B0100,24.450358410920604,0.0,0.0,0.0,0.0,Friendly
97.0,A0200,AN/APG-68(V)9,LOCK,B0100,31.549421225066098,0.0,0.0,0.0,0.0,Friendly
97.0,B0100,N001VE,LOCK,A0200,31.669240202681607,-9.869784115151033,-1018.5518968743711,0.60413449746648,15284.998118359195,Enemy
97.0,B0200,N001VE,LOCK,A0100,25.198027442071172,-4.30212429097473,-3827.083534667277,0.6850246569741103,14740.8632122598,Enemy
97.2,A0100,AN/APG-68(V)9,LOCK,B0100,24.349644763198498,0.0,0.0,0.0,0.0,Friendly
97.2,A0200,AN/APG-68(V)9,LOCK,B0100,31.429407417385978,0.0,0.0,0.0,0.0,Friendly
97.2,B0100,N001VE,TRACK,A0200,31.669240202681607,-9.869784115151033,-1018.5518968743711,0.5799691175678204,15284.998118359195,Enemy
97.2,B0200,N001VE,LOCK,A0100,25.198027442071172,-4.30212429097473,-3827.083534667277,0.6576236706951455,14740.8632122598,Enemy
97.4,A0100,AN/APG-68(V)9,LOCK,B0100,24.249217961110656,0.0,0.0,0.0,0.0,Friendly
97.4,A0200,AN/APG-68(V)9,LOCK,B0100,31.309218154643542,0.0,0.0,0.0,0.0,Friendly
97.4,B0100,N001VE,TRACK,A0200,31.669240202681607,-9.869784115151033,-1018.5518968743711,0.5558037376691608,15284.998118359195,Enemy
97.4,B0200,N001VE,LOCK,A0100,25.198027442071172,-4.30212429097473,-3827.083534667277,0.6302226844161807,14740.8632122598,Enemy
97.60000000000001,A0100,AN/APG-68(V)9,LOCK,B0100,24.14889238585249,0.0,0.0,0.0,0.0,Friendly
97.60000000000001,A0200,AN/APG-68(V)9,LOCK,B0100,31.188836703774488,0.0,0.0,0.0,0.0,Friendly
97.60000000000001,B0100,N001VE,TRACK,A0200,31.669240202681607,-9.869784115151033,-1018.5518968743711,0.5316383577705014,15284.998118359195,Enemy
97.60000000000001,B0200,N001VE,LOCK,A0100,25.198027442071172,-4.30212429097473,-3827.083534667277,0.602821698137216,14740.8632122598,Enemy
97.80000000000001,A0100,AN/APG-68(V)9,LOCK,B0100,24.048667566265355,0.0,0.0,0.0,0.0,Friendly
97.80000000000001,A0200,AN/APG-68(V)9,LOCK,B0100,31.068294789735873,0.0,0.0,0.0,0.0,Friendly
97.80000000000001,B0100,N001VE,LOCK,A0100,24.048667566265355,-3.5944798424881945,-3209.1203210158974,0.7273673216385488,14865.947096853284,Enemy
97.80000000000001,B0200,N001VE,LOCK,A0100,24.711907562866806,-3.85581031614177,-4040.670602229462,0.7187452016827299,14706.891951409463,Enemy
97.80000000000001,B0200,N001VE,LOCK,A0200,31.595882894156926,-9.606136260514694,-1733.589689798571,0.6292535223759587,15161.2242336126,Enemy
98.0,A0100,AN/APG-68(V)9,LOCK,B0100,23.94854570509329,0.0,0.0,0.0,0.0,Friendly
98.0,A0200,AN/APG-68(V)9,LOCK,B0100,30.947567884081078,0.0,0.0,0.0,0.0,Friendly
98.0,B0100,N001VE,LOCK,A0100,24.048667566265355,-3.5944798424881945,-3209.1203210158974,0.699391655421683,14865.947096853284,Enemy
98.0,B0200,N001VE,LOCK,A0100,24.711907562866806,-3.85581031614177,-4040.670602229462,0.6911011554641648,14706.891951409463,Enemy
98.0,B0200,N001VE,LOCK,A0200,31.595882894156926,-9.606136260514694,-1733.589689798571,0.6050514638230384,15161.2242336126,Enemy
98.2,A0100,AN/APG-68(V)9,LOCK,B0100,23.848639466873543,0.0,0.0,0.0,0.0,Friendly
98.2,A0200,AN/APG-68(V)9,LOCK,B0100,30.826797684010987,0.0,0.0,0.0,0.0,Friendly
98.2,B0100,N001VE,LOCK,A0100,24.048667566265355,-3.5944798424881945,-3209.1203210158974,0.6714159892048153,14865.947096853284,Enemy
98.2,B0200,N001VE,LOCK,A0100,24.711907562866806,-3.85581031614177,-4040.670602229462,0.6634571092455979,14706.891951409463,Enemy
98.2,B0200,N001VE,LOCK,A0200,31.595882894156926,-9.606136260514694,-1733.589689798571,0.5808494052701165,15161.2242336126,Enemy
98.4,A0100,AN/APG-68(V)9,LOCK,B0100,23.74889311824304,0.0,0.0,0.0,0.0,Friendly
98.4,A0200,AN/APG-68(V)9,LOCK,B0100,30.705983435056424,0.0,0.0,0.0,0.0,Friendly
98.4,B0100,N001VE,LOCK,A0100,24.048667566265355,-3.5944798424881945,-3209.1203210158974,0.6434403229879475,14865.947096853284,Enemy
98.4,B0200,N001VE,LOCK,A0100,24.711907562866806,-3.85581031614177,-4040.670602229462,0.6358130630270309,14706.891951409463,Enemy
98.4,B0200,N001VE,LOCK,A0200,31.595882894156926,-9.606136260514694,-1733.589689798571,0.5566473467171946,15161.2242336126,Enemy
98.60000000000001,A0100,AN/APG-68(V)9,LOCK,B0100,23.64917097258788,0.0,0.0,0.0,0.0,Friendly
98.60000000000001,A0200,AN/APG-68(V)9,LOCK,B0100,30.585010991657455,0.0,0.0,0.0,0.0,Friendly
98.60000000000001,B0100,N001VE,LOCK,A0100,24.048667566265355,-3.5944798424881945,-3209.1203210158974,0.6154646567710799,14865.947096853284,Enemy
98.60000000000001,B0200,N001VE,LOCK,A0100,24.711907562866806,-3.85581031614177,-4040.670602229462,0.6081690168084639,14706.891951409463,Enemy
98.60000000000001,B0200,N001VE,LOCK,A0200,31.595882894156926,-9.606136260514694,-1733.589689798571,0.5324452881642728,15161.2242336126,Enemy
98.80000000000001,A0100,AN/APG-68(V)9,LOCK,B0100,23.54954531215546,0.0,0.0,0.0,0.0,Friendly
98.80000000000001,A0200,AN/APG-68(V)9,LOCK,B0100,30.463967104582647,0.0,0.0,0.0,0.0,Friendly
98.80000000000001,B0100,N001VE,SEARCH,None,0.0,0.0,0.0,0.0,0.0,Enemy
98.80000000000001,B0200,N001VE,LOCK,A0200,30.997027994903657,-9.224714440756706,-1716.9847803512596,0.6370386360662511,15167.458741456669,Enemy
99.0,A0100,AN/APG-68(V)9,LOCK,B0100,23.45003927106028,0.0,0.0,0.0,0.0,Friendly
99.0,A0200,AN/APG-68(V)9,LOCK,B0100,30.34289789379238,0.0,0.0,0.0,0.0,Friendly
99.0,B0100,N001VE,SEARCH,None,0.0,0.0,0.0,0.0,0.0,Enemy
99.0,B0200,N001VE,LOCK,A0200,30.997027994903657,-9.224714440756706,-1716.9847803512596,0.6125371500637042,15167.458741456669,Enemy
99.2,A0100,AN/APG-68(V)9,LOCK,B0100,23.35075479455278,0.0,0.0,0.0,0.0,Friendly
99.2,A0200,AN/APG-68(V)9,LOCK,B0100,30.221863517546623,0.0,0.0,0.0,0.0,Friendly
99.2,B0100,N001VE,SEARCH,None,0.0,0.0,0.0,0.0,0.0,Enemy
99.2,B0200,N001VE,TRACK,A0200,30.997027994903657,-9.224714440756706,-1716.9847803512596,0.5880356640611557,15167.458741456669,Enemy
99.4,A0100,AN/APG-68(V)9,LOCK,B0100,23.25161625140569,0.0,0.0,0.0,0.0,Friendly
99.4,A0200,AN/APG-68(V)9,LOCK,B0100,30.10076937247485,0.0,0.0,0.0,0.0,Friendly
99.4,B0100,N001VE,SEARCH,None,0.0,0.0,0.0,0.0,0.0,Enemy
99.4,B0200,N001VE,TRACK,A0200,30.997027994903657,-9.224714440756706,-1716.9847803512596,0.5635341780586072,15167.458741456669,Enemy
99.60000000000001,A0100,AN/APG-68(V)9,LOCK,B0100,23.15243051495386,0.0,0.0,0.0,0.0,Friendly
99.60000000000001,A0200,AN/APG-68(V)9,LOCK,B0100,29.979625587887384,0.0,0.0,0.0,0.0,Friendly
99.60000000000001,B0100,N001VE,SEARCH,None,0.0,0.0,0.0,0.0,0.0,Enemy
99.60000000000001,B0200,N001VE,TRACK,A0200,30.997027994903657,-9.224714440756706,-1716.9847803512596,0.5390326920560587,15167.458741456669,Enemy
99.80000000000001,A0100,AN/APG-68(V)9,LOCK,B0100,23.05321912125411,0.0,0.0,0.0,0.0,Friendly
99.80000000000001,A0200,AN/APG-68(V)9,LOCK,B0100,29.858421246041576,0.0,0.0,0.0,0.0,Friendly
99.80000000000001,B0100,N001VE,SEARCH,None,0.0,0.0,0.0,0.0,0.0,Enemy
99.80000000000001,B0200,N001VE,LOCK,A0200,30.396192240414308,-8.835396742847273,-1686.777586534051,0.6448495008746127,15173.647142523785,Enemy
100.0,A0100,AN/APG-68(V)9,LOCK,B0100,22.954057770742942,0.0,0.0,0.0,0.0,Friendly
100.0,A0200,AN/APG-68(V)9,LOCK,B0100,29.737161345082107,0.0,0.0,0.0,0.0,Friendly
100.0,B0100,N001VE,SEARCH,None,0.0,0.0,0.0,0.0,0.0,Enemy
100.0,B0200,N001VE,LOCK,A0200,30.396192240414308,-8.835396742847273,-1686.777586534051,0.6200475969948211,15173.647142523785,Enemy
100.2,A0100,AN/APG-68(V)9,LOCK,B0100,22.854989968134394,0.0,0.0,0.0,0.0,Friendly
100.2,A0200,AN/APG-68(V)9,LOCK,B0100,29.615792701320032,0.0,0.0,0.0,0.0,Friendly
100.2,B0100,N001VE,SEARCH,None,0.0,0.0,0.0,0.0,0.0,Enemy
100.2,B0200,N001VE,TRACK,A0200,30.396192240414308,-8.835396742847273,-1686.777586534051,0.595245693115028,15173.647142523785,Enemy
100.4,A0100,AN/APG-68(V)9,LOCK,B0100,22.755953815946516,0.0,0.0,0.0,0.0,Friendly
100.4,A0200,AN/APG-68(V)9,LOCK,B0100,29.494373917430313,0.0,0.0,0.0,0.0,Friendly
100.4,B0100,N001VE,SEARCH,None,0.0,0.0,0.0,0.0,0.0,Enemy
100.4,B0200,N001VE,TRACK,A0200,30.396192240414308,-8.835396742847273,-1686.777586534051,0.5704437892352348,15173.647142523785,Enemy
100.60000000000001,A0100,AN/APG-68(V)9,LOCK,B0100,22.656963990956477,0.0,0.0,0.0,0.0,Friendly
100.60000000000001,A0200,AN/APG-68(V)9,LOCK,B0100,29.372840260175657,0.0,0.0,0.0,0.0,Friendly
100.60000000000001,B0100,N001VE,SEARCH,None,0.0,0.0,0.0,0.0,0.0,Enemy
100.60000000000001,B0200,N001VE,TRACK,A0200,30.396192240414308,-8.835396742847273,-1686.777586534051,0.5456418853554416,15173.647142523785,Enemy
100.80000000000001,A0100,AN/APG-68(V)9,LOCK,B0100,22.55808425751353,0.0,0.0,0.0,0.0,Friendly
100.80000000000001,A0200,AN/APG-68(V)9,LOCK,B0100,29.251289787687146,0.0,0.0,0.0,0.0,Friendly
100.80000000000001,B0100,N001VE,SEARCH,None,0.0,0.0,0.0,0.0,0.0,Enemy
100.80000000000001,B0200,N001VE,LOCK,A0100,23.283992637137786,-2.4700874550075205,-4832.438294680856,0.7373080957172072,14587.155994200039,Enemy
101.0,A0100,AN/APG-68(V)9,LOCK,B0100,22.459370800192513,0.0,0.0,0.0,0.0,Friendly
101.0,A0200,AN/APG-68(V)9,LOCK,B0100,29.12972343284606,0.0,0.0,0.0,0.0,Friendly
101.0,B0100,N001VE,SEARCH,None,0.0,0.0,0.0,0.0,0.0,Enemy
101.0,B0200,N001VE,LOCK,A0100,23.283992637137786,-2.4700874550075205,-4832.438294680856,0.7089500920357776,14587.155994200039,Enemy
101.2,A0100,AN/APG-68(V)9,LOCK,B0200,23.095551587656715,0.0,0.0,0.0,0.0,Friendly
101.2,A0200,AN/APG-68(V)9,LOCK,B0200,29.552752596124247,0.0,0.0,0.0,0.0,Friendly
101.2,B0200,N001VE,LOCK,A0100,23.283992637137786,-2.4700874550075205,-4832.438294680856,0.6805920883543461,14587.155994200039,Enemy
101.4,A0100,AN/APG-68(V)9,LOCK,B0200,23.001435032774637,0.0,0.0,0.0,0.0,Friendly
101.4,A0200,AN/APG-68(V)9,LOCK,B0200,29.43195860066653,0.0,0.0,0.0,0.0,Friendly
101.4,B0200,N001VE,LOCK,A0100,23.283992637137786,-2.4700874550075205,-4832.438294680856,0.6522340846729145,14587.155994200039,Enemy
101.60000000000001,A0100,AN/APG-68(V)9,LOCK,B0200,22.907352711835514,0.0,0.0,0.0,0.0,Friendly
101.60000000000001,A0200,AN/APG-68(V)9,LOCK,B0200,29.311007428671648,0.0,0.0,0.0,0.0,Friendly
101.60000000000001,B0200,N001VE,LOCK,A0100,23.283992637137786,-2.4700874550075205,-4832.438294680856,0.6238760809914832,14587.155994200039,Enemy
101.80000000000001,A0100,AN/APG-68(V)9,LOCK,B0200,22.813282295154746,0.0,0.0,0.0,0.0,Friendly
101.80000000000001,A0200,AN/APG-68(V)9,LOCK,B0200,29.189992478823058,0.0,0.0,0.0,0.0,Friendly
101.80000000000001,B0200,N001VE,LOCK,A0100,22.813282295154746,-1.9908282998167706,-5127.040161614919,0.7434273301629868,14542.8085042718,Enemy
102.0,A0100,AN/APG-68(V)9,LOCK,B0200,22.71903467065717,0.0,0.0,0.0,0.0,Friendly
102.0,A0200,AN/APG-68(V)9,LOCK,B0200,29.068954937457857,0.0,0.0,0.0,0.0,Friendly
102.0,B0200,N001VE,LOCK,A0100,22.813282295154746,-1.9908282998167706,-5127.040161614919,0.7148339713105657,14542.8085042718,Enemy
102.2,A0100,AN/APG-68(V)9,LOCK,B0200,22.62461473241851,0.0,0.0,0.0,0.0,Friendly
102.2,A0200,AN/APG-68(V)9,LOCK,B0200,28.94800151133647,0.0,0.0,0.0,0.0,Friendly
102.2,B0200,N001VE,LOCK,A0100,22.813282295154746,-1.9908282998167706,-5127.040161614919,0.6862406124581426,14542.8085042718,Enemy
102.4,A0100,AN/APG-68(V)9,LOCK,B0200,22.530089563683138,0.0,0.0,0.0,0.0,Friendly
102.4,A0200,AN/APG-68(V)9,LOCK,B0200,28.827178139451583,0.0,0.0,0.0,0.0,Friendly
102.4,B0200,N001VE,LOCK,A0100,22.813282295154746,-1.9908282998167706,-5127.040161614919,0.6576472536057196,14542.8085042718,Enemy
102.60000000000001,A0100,AN/APG-68(V)9,LOCK,B0200,22.435553051606398,0.0,0.0,0.0,0.0,Friendly
102.60000000000001,A0200,AN/APG-68(V)9,LOCK,B0200,28.706615060519585,0.0,0.0,0.0,0.0,Friendly
102.60000000000001,B0200,N001VE,LOCK,A0100,22.813282295154746,-1.9908282998167706,-5127.040161614919,0.6290538947532966,14542.8085042718,Enemy
102.80000000000001,A0100,AN/APG-68(V)9,LOCK,B0200,22.341020683519343,0.0,0.0,0.0,0.0,Friendly
102.80000000000001,A0200,AN/APG-68(V)9,LOCK,B0200,28.586530263620265,0.0,0.0,0.0,0.0,Friendly
102.80000000000001,B0200,N001VE,SEARCH,None,0.0,0.0,0.0,0.0,0.0,Enemy
103.0,A0100,AN/APG-68(V)9,LOCK,B0200,22.24658168728984,0.0,0.0,0.0,0.0,Friendly
103.0,A0200,AN/APG-68(V)9,LOCK,B0200,28.467015878792896,0.0,0.0,0.0,0.0,Friendly
103.0,B0200,N001VE,SEARCH,None,0.0,0.0,0.0,0.0,0.0,Enemy
103.2,A0100,AN/APG-68(V)9,LOCK,B0200,22.152319415054535,0.0,0.0,0.0,0.0,Friendly
103.2,A0200,AN/APG-68(V)9,LOCK,B0200,28.348071085875887,0.0,0.0,0.0,0.0,Friendly
103.2,B0200,N001VE,SEARCH,None,0.0,0.0,0.0,0.0,0.0,Enemy
103.4,A0100,AN/APG-68(V)9,LOCK,B0200,22.058288190302882,0.0,0.0,0.0,0.0,Friendly
103.4,A0200,AN/APG-68(V)9,LOCK,B0200,28.22974599977903,0.0,0.0,0.0,0.0,Friendly
103.4,B0200,N001VE,SEARCH,None,0.0,0.0,0.0,0.0,0.0,Enemy
103.60000000000001,A0100,AN/APG-68(V)9,LOCK,B0200,21.964488361568854,0.0,0.0,0.0,0.0,Friendly
103.60000000000001,A0200,AN/APG-68(V)9,LOCK,B0200,28.112171620166617,0.0,0.0,0.0,0.0,Friendly
103.60000000000001,B0200,N001VE,SEARCH,None,0.0,0.0,0.0,0.0,0.0,Enemy
103.80000000000001,A0100,AN/APG-68(V)9,LOCK,B0200,21.871045906595665,0.0,0.0,0.0,0.0,Friendly
103.80000000000001,A0200,AN/APG-68(V)9,LOCK,B0200,27.995526506144614,0.0,0.0,0.0,0.0,Friendly
103.80000000000001,B0200,N001VE,LOCK,A0100,21.871045906595665,-1.027221202256713,-5667.3200171943345,0.7556764032142548,14464.511207006186,Enemy
104.0,A0100,AN/APG-68(V)9,LOCK,B0200,21.77802369431191,0.0,0.0,0.0,0.0,Friendly
104.0,A0200,AN/APG-68(V)9,LOCK,B0200,27.879794114798162,0.0,0.0,0.0,0.0,Friendly
104.0,B0200,N001VE,LOCK,A0100,21.871045906595665,-1.027221202256713,-5667.3200171943345,0.7266119261675542,14464.511207006186,Enemy
104.2,A0100,AN/APG-68(V)9,LOCK,B0200,21.685449962259888,0.0,0.0,0.0,0.0,Friendly
104.2,A0200,AN/APG-68(V)9,LOCK,B0200,27.764971871777945,0.0,0.0,0.0,0.0,Friendly
104.2,B0200,N001VE,LOCK,A0100,21.871045906595665,-1.027221202256713,-5667.3200171943345,0.6975474491208516,14464.511207006186,Enemy
104.4,A0100,AN/APG-68(V)9,LOCK,B0200,21.593341028669485,0.0,0.0,0.0,0.0,Friendly
104.4,A0200,AN/APG-68(V)9,LOCK,B0200,27.651175889217892,0.0,0.0,0.0,0.0,Friendly
104.4,B0200,N001VE,LOCK,A0100,21.871045906595665,-1.027221202256713,-5667.3200171943345,0.668482972074149,14464.511207006186,Enemy
104.60000000000001,A0100,AN/APG-68(V)9,LOCK,B0200,21.501838265322004,0.0,0.0,0.0,0.0,Friendly
104.60000000000001,A0200,AN/APG-68(V)9,LOCK,B0200,27.538471212326428,0.0,0.0,0.0,0.0,Friendly
104.60000000000001,B0200,N001VE,LOCK,A0100,21.871045906595665,-1.027221202256713,-5667.3200171943345,0.6394184950274465,14464.511207006186,Enemy
104.80000000000001,A0100,AN/APG-68(V)9,LOCK,B0200,21.410979575560763,0.0,0.0,0.0,0.0,Friendly
104.80000000000001,A0200,AN/APG-68(V)9,LOCK,B0200,27.426813828003155,0.0,0.0,0.0,0.0,Friendly
104.80000000000001,B0200,N001VE,LOCK,A0200,27.426813828003155,-6.868699824873092,-1317.2223428020316,0.6834514202359576,15240.106741621239,Enemy
105.0,A0100,AN/APG-68(V)9,LOCK,B0200,21.320768776859218,0.0,0.0,0.0,0.0,Friendly
105.0,A0200,AN/APG-68(V)9,LOCK,B0200,27.316100362538368,0.0,0.0,0.0,0.0,Friendly
105.0,B0200,N001VE,LOCK,A0200,27.426813828003155,-6.868699824873092,-1317.2223428020316,0.6571648271499606,15240.106741621239,Enemy
105.2,A0100,AN/APG-68(V)9,LOCK,B0200,21.231208189520537,0.0,0.0,0.0,0.0,Friendly
105.2,A0200,AN/APG-68(V)9,LOCK,B0200,27.20659978158056,0.0,0.0,0.0,0.0,Friendly
105.2,B0200,N001VE,LOCK,A0200,27.426813828003155,-6.868699824873092,-1317.2223428020316,0.6308782340639618,15240.106741621239,Enemy
105.4,A0100,AN/APG-68(V)9,LOCK,B0200,21.142407127786658,0.0,0.0,0.0,0.0,Friendly
105.4,A0200,AN/APG-68(V)9,LOCK,B0200,27.09859095641522,0.0,0.0,0.0,0.0,Friendly
105.4,B0200,N001VE,LOCK,A0200,27.426813828003155,-6.868699824873092,-1317.2223428020316,0.604591640977963,15240.106741621239,Enemy
105.60000000000001,A0100,AN/APG-68(V)9,LOCK,B0200,21.05453936840129,0.0,0.0,0.0,0.0,Friendly
105.60000000000001,A0200,AN/APG-68(V)9,LOCK,B0200,26.992308325569827,0.0,0.0,0.0,0.0,Friendly
105.60000000000001,B0200,N001VE,TRACK,A0200,27.426813828003155,-6.868699824873092,-1317.2223428020316,0.5783050478919642,15240.106741621239,Enemy
105.80000000000001,A0100,AN/APG-68(V)9,LOCK,B0200,20.967628183609943,0.0,0.0,0.0,0.0,Friendly
105.80000000000001,A0200,AN/APG-68(V)9,LOCK,B0200,26.88780917298892,0.0,0.0,0.0,0.0,Friendly
105.80000000000001,B0200,N001VE,SEARCH,None,0.0,0.0,0.0,0.0,0.0,Enemy
106.0,A0100,AN/APG-68(V)9,LOCK,B0200,20.881552716290642,0.0,0.0,0.0,0.0,Friendly
106.0,A0200,AN/APG-68(V)9,LOCK,B0200,26.785000975914592,0.0,0.0,0.0,0.0,Friendly
106.0,B0200,N001VE,SEARCH,None,0.0,0.0,0.0,0.0,0.0,Enemy
106.2,A0100,AN/APG-68(V)9,LOCK,B0200,20.796397184487336,0.0,0.0,0.0,0.0,Friendly
106.2,A0200,AN/APG-68(V)9,LOCK,B0200,26.68383096330273,0.0,0.0,0.0,0.0,Friendly
106.2,B0200,N001VE,SEARCH,None,0.0,0.0,0.0,0.0,0.0,Enemy
106.4,A0100,AN/APG-68(V)9,LOCK,B0200,20.71228617982286,0.0,0.0,0.0,0.0,Friendly
106.4,A0200,AN/APG-68(V)9,LOCK,B0200,26.58436277268608,0.0,0.0,0.0,0.0,Friendly
106.4,B0200,N001VE,SEARCH,None,0.0,0.0,0.0,0.0,0.0,Enemy
106.60000000000001,A0100,AN/APG-68(V)9,LOCK,B0200,20.629417487074647,0.0,0.0,0.0,0.0,Friendly
106.60000000000001,A0200,AN/APG-68(V)9,LOCK,B0200,26.486723178598226,0.0,0.0,0.0,0.0,Friendly
106.60000000000001,B0200,N001VE,SEARCH,None,0.0,0.0,0.0,0.0,0.0,Enemy
106.80000000000001,A0100,AN/APG-68(V)9,LOCK,B0200,20.547743965047676,0.0,0.0,0.0,0.0,Friendly
106.80000000000001,A0200,AN/APG-68(V)9,LOCK,B0200,26.390988894322906,0.0,0.0,0.0,0.0,Friendly
106.80000000000001,B0200,N001VE,LOCK,A0100,20.547743965047676,0.31207139816554363,-6214.214600993459,0.7728793284543786,14394.182847768896,Enemy
107.0,A0100,AN/APG-68(V)9,LOCK,B0200,20.467230241148997,0.0,0.0,0.0,0.0,Friendly
107.0,A0200,AN/APG-68(V)9,LOCK,B0200,26.297162704131193,0.0,0.0,0.0,0.0,Friendly
107.0,B0200,N001VE,LOCK,A0100,20.547743965047676,0.31207139816554363,-6214.214600993459,0.743153200436904,14394.182847768896,Enemy
107.2,A0100,AN/APG-68(V)9,LOCK,B0200,20.387817870051997,0.0,0.0,0.0,0.0,Friendly
107.2,A0200,AN/APG-68(V)9,LOCK,B0200,26.20528525262892,0.0,0.0,0.0,0.0,Friendly
107.2,B0200,N001VE,LOCK,A0100,20.547743965047676,0.31207139816554363,-6214.214600993459,0.7134270724194274,14394.182847768896,Enemy
107.4,A0100,AN/APG-68(V)9,LOCK,B0200,20.309660483619517,0.0,0.0,0.0,0.0,Friendly
107.4,A0200,AN/APG-68(V)9,LOCK,B0200,26.11578504295156,0.0,0.0,0.0,0.0,Friendly
107.4,B0200,N001VE,LOCK,A0100,20.547743965047676,0.31207139816554363,-6214.214600993459,0.6837009444019508,14394.182847768896,Enemy
107.60000000000001,A0100,AN/APG-68(V)9,LOCK,B0200,20.233046137310367,0.0,0.0,0.0,0.0,Friendly
107.60000000000001,A0200,AN/APG-68(V)9,LOCK,B0200,26.028895899777577,0.0,0.0,0.0,0.0,Friendly
107.60000000000001,B0200,N001VE,LOCK,A0100,20.547743965047676,0.31207139816554363,-6214.214600993459,0.6539748163844743,14394.182847768896,Enemy
107.80000000000001,A0100,AN/APG-68(V)9,LOCK,B0200,20.15820855686249,0.0,0.0,0.0,0.0,Friendly
107.80000000000001,A0200,AN/APG-68(V)9,LOCK,B0200,25.944454668197306,0.0,0.0,0.0,0.0,Friendly
107.80000000000001,B0200,N001VE,SEARCH,None,0.0,0.0,0.0,0.0,0.0,Enemy
108.0,A0100,AN/APG-68(V)9,LOCK,B0200,20.085453749008636,0.0,0.0,0.0,0.0,Friendly
108.0,A0200,AN/APG-68(V)9,LOCK,B0200,25.862248073398163,0.0,0.0,0.0,0.0,Friendly
108.0,B0200,N001VE,SEARCH,None,0.0,0.0,0.0,0.0,0.0,Enemy
108.2,A0100,AN/APG-68(V)9,LOCK,B0200,20.01515976544158,0.0,0.0,0.0,0.0,Friendly
108.2,A0200,AN/APG-68(V)9,LOCK,B0200,25.78203629255895,0.0,0.0,0.0,0.0,Friendly
108.2,B0200,N001VE,SEARCH,None,0.0,0.0,0.0,0.0,0.0,Enemy
108.4,A0100,AN/APG-68(V)9,LOCK,B0200,19.94759066426411,0.0,0.0,0.0,0.0,Friendly
108.4,A0200,AN/APG-68(V)9,LOCK,B0200,25.703592471769092,0.0,0.0,0.0,0.0,Friendly
108.4,B0200,N001VE,SEARCH,None,0.0,0.0,0.0,0.0,0.0,Enemy
108.60000000000001,A0100,AN/APG-68(V)9,LOCK,B0200,19.882750380974983,0.0,0.0,0.0,0.0,Friendly
108.60000000000001,A0200,AN/APG-68(V)9,LOCK,B0200,25.627273196594583,0.0,0.0,0.0,0.0,Friendly
108.60000000000001,B0200,N001VE,SEARCH,None,0.0,0.0,0.0,0.0,0.0,Enemy
108.80000000000001,A0100,AN/APG-68(V)9,LOCK,B0200,19.8208028104946,0.0,0.0,0.0,0.0,Friendly
108.80000000000001,A0200,AN/APG-68(V)9,LOCK,B0200,25.553577655664668,0.0,0.0,0.0,0.0,Friendly
108.80000000000001,B0200,N001VE,LOCK,A0100,19.8208028104946,1.0434560129765085,-6319.899811147305,0.7823295634635685,14375.28995772173,Enemy
109.0,A0100,AN/APG-68(V)9,LOCK,B0200,19.761871181714106,0.0,0.0,0.0,0.0,Friendly
109.0,A0200,AN/APG-68(V)9,LOCK,B0200,25.48256980713414,0.0,0.0,0.0,0.0,Friendly
109.0,B0200,N001VE,LOCK,A0100,19.8208028104946,1.0434560129765085,-6319.899811147305,0.7522399648688175,14375.28995772173,Enemy
109.2,A0100,AN/APG-68(V)9,LOCK,B0200,19.705977366763182,0.0,0.0,0.0,0.0,Friendly
109.2,A0200,AN/APG-68(V)9,LOCK,B0200,25.4141146543977,0.0,0.0,0.0,0.0,Friendly
109.2,B0200,N001VE,LOCK,A0100,19.8208028104946,1.0434560129765085,-6319.899811147305,0.7221503662740644,14375.28995772173,Enemy
109.4,A0200,AN/APG-68(V)9,LOCK,B0200,25.348280107579445,0.0,0.0,0.0,0.0,Friendly
109.4,B0200,N001VE,LOCK,A0100,19.8208028104946,1.0434560129765085,-6319.899811147305,0.6920607676793112,14375.28995772173,Enemy
109.60000000000001,A0200,AN/APG-68(V)9,LOCK,B0200,25.28520386426971,0.0,0.0,0.0,0.0,Friendly
109.60000000000001,B0200,N001VE,LOCK,A0100,19.8208028104946,1.0434560129765085,-6319.899811147305,0.6619711690845581,14375.28995772173,Enemy
109.80000000000001,A0200,AN/APG-68(V)9,LOCK,B0200,25.225088576260582,0.0,0.0,0.0,0.0,Friendly
109.80000000000001,B0200,N001VE,LOCK,A0100,19.8208028104946,1.0434560129765085,-6319.899811147305,0.631881570489805,14375.28995772173,Enemy
110.0,A0200,AN/APG-68(V)9,LOCK,B0200,25.168055311166345,0.0,0.0,0.0,0.0,Friendly
110.0,B0200,N001VE,SEARCH,None,0.0,0.0,0.0,0.0,0.0,Enemy
110.2,A0200,AN/APG-68(V)9,LOCK,B0200,25.114122638314996,0.0,0.0,0.0,0.0,Friendly
110.2,B0200,N001VE,SEARCH,None,0.0,0.0,0.0,0.0,0.0,Enemy
110.4,A0200,AN/APG-68(V)9,LOCK,B0200,25.06296587574182,0.0,0.0,0.0,0.0,Friendly
110.4,B0200,N001VE,SEARCH,None,0.0,0.0,0.0,0.0,0.0,Enemy
110.60000000000001,A0200,AN/APG-68(V)9,LOCK,B0200,25.014242883556538,0.0,0.0,0.0,0.0,Friendly
110.60000000000001,B0200,N001VE,SEARCH,None,0.0,0.0,0.0,0.0,0.0,Enemy
110.80000000000001,A0200,AN/APG-68(V)9,LOCK,B0200,24.967879135479247,0.0,0.0,0.0,0.0,Friendly
110.80000000000001,B0200,N001VE,SEARCH,None,0.0,0.0,0.0,0.0,0.0,Enemy
111.0,A0200,AN/APG-68(V)9,LOCK,B0200,24.924098828518044,0.0,0.0,0.0,0.0,Friendly
111.0,B0200,N001VE,SEARCH,None,0.0,0.0,0.0,0.0,0.0,Enemy
111.2,A0200,AN/APG-68(V)9,LOCK,B0200,24.88325169446829,0.0,0.0,0.0,0.0,Friendly
111.2,B0200,N001VE,SEARCH,None,0.0,0.0,0.0,0.0,0.0,Enemy
111.4,A0200,AN/APG-68(V)9,LOCK,B0200,24.845455757939085,0.0,0.0,0.0,0.0,Friendly
111.4,B0200,N001VE,SEARCH,None,0.0,0.0,0.0,0.0,0.0,Enemy
111.60000000000001,A0200,AN/APG-68(V)9,LOCK,B0200,24.810606330371137,0.0,0.0,0.0,0.0,Friendly
111.60000000000001,B0200,N001VE,SEARCH,None,0.0,0.0,0.0,0.0,0.0,Enemy
111.80000000000001,A0200,AN/APG-68(V)9,LOCK,B0200,24.778385983235246,0.0,0.0,0.0,0.0,Friendly
111.80000000000001,B0200,N001VE,LOCK,A0200,24.778385983235246,-5.430804051136443,576.7720217171619,0.7178809822179404,15578.748174782235,Enemy
112.0,A0200,AN/APG-68(V)9,LOCK,B0200,24.74830675284932,0.0,0.0,0.0,0.0,Friendly
112.0,B0200,N001VE,LOCK,A0200,24.778385983235246,-5.430804051136443,576.7720217171619,0.6902701752095595,15578.748174782235,Enemy
112.2,A0200,AN/APG-68(V)9,LOCK,B0200,24.720202498225333,0.0,0.0,0.0,0.0,Friendly
112.2,B0200,N001VE,LOCK,A0200,24.778385983235246,-5.430804051136443,576.7720217171619,0.6626593682011767,15578.748174782235,Enemy
112.4,A0200,AN/APG-68(V)9,LOCK,B0200,24.69429105593967,0.0,0.0,0.0,0.0,Friendly
112.4,B0200,N001VE,LOCK,A0200,24.778385983235246,-5.430804051136443,576.7720217171619,0.6350485611927938,15578.748174782235,Enemy
112.60000000000001,A0200,AN/APG-68(V)9,LOCK,B0200,24.671101752683793,0.0,0.0,0.0,0.0,Friendly
112.60000000000001,B0200,N001VE,LOCK,A0200,24.778385983235246,-5.430804051136443,576.7720217171619,0.6074377541844111,15578.748174782235,Enemy
112.80000000000001,A0200,AN/APG-68(V)9,LOCK,B0200,24.65088721843654,0.0,0.0,0.0,0.0,Friendly
112.80000000000001,B0200,N001VE,LOCK,A0200,24.65088721843654,-5.434279737290341,888.7199148761554,0.7195384661603235,15639.392277920804,Enemy
113.0,A0200,AN/APG-68(V)9,LOCK,B0200,24.63362596277665,0.0,0.0,0.0,0.0,Friendly
113.0,B0200,N001VE,LOCK,A0200,24.65088721843654,-5.434279737290341,888.7199148761554,0.6918639097695433,15639.392277920804,Enemy
113.2,A0200,AN/APG-68(V)9,LOCK,B0200,24.619204314248698,0.0,0.0,0.0,0.0,Friendly
113.2,B0200,N001VE,LOCK,A0200,24.65088721843654,-5.434279737290341,888.7199148761554,0.6641893533787612,15639.392277920804,Enemy
113.4,A0200,AN/APG-68(V)9,LOCK,B0200,24.607589973168427,0.0,0.0,0.0,0.0,Friendly
113.4,B0200,N001VE,SEARCH,None,0.0,0.0,0.0,0.0,0.0,Enemy
113.60000000000001,A0200,AN/APG-68(V)9,LOCK,B0200,24.59855094865937,0.0,0.0,0.0,0.0,Friendly
113.60000000000001,B0200,N001VE,SEARCH,None,0.0,0.0,0.0,0.0,0.0,Enemy
113.80000000000001,A0200,AN/APG-68(V)9,LOCK,B0200,24.591845948333916,0.0,0.0,0.0,0.0,Friendly
113.80000000000001,B0200,N001VE,SEARCH,None,0.0,0.0,0.0,0.0,0.0,Enemy
114.0,A0200,AN/APG-68(V)9,LOCK,B0200,24.58723816645646,0.0,0.0,0.0,0.0,Friendly
114.0,B0200,N001VE,SEARCH,None,0.0,0.0,0.0,0.0,0.0,Enemy
114.2,A0200,AN/APG-68(V)9,LOCK,B0200,24.584698673300746,0.0,0.0,0.0,0.0,Friendly
114.2,B0200,N001VE,SEARCH,None,0.0,0.0,0.0,0.0,0.0,Enemy
114.4,A0200,AN/APG-68(V)9,LOCK,B0200,24.58409961236759,0.0,0.0,0.0,0.0,Friendly
114.4,B0200,N001VE,SEARCH,None,0.0,0.0,0.0,0.0,0.0,Enemy
114.60000000000001,A0200,AN/APG-68(V)9,LOCK,B0200,24.585413774426733,0.0,0.0,0.0,0.0,Friendly
114.60000000000001,B0200,N001VE,SEARCH,None,0.0,0.0,0.0,0.0,0.0,Enemy
114.80000000000001,A0200,AN/APG-68(V)9,LOCK,B0200,24.58883232331654,0.0,0.0,0.0,0.0,Friendly
114.80000000000001,B0200,N001VE,SEARCH,None,0.0,0.0,0.0,0.0,0.0,Enemy
115.0,A0200,AN/APG-68(V)9,LOCK,B0200,24.594469889112187,0.0,0.0,0.0,0.0,Friendly
115.0,B0200,N001VE,SEARCH,None,0.0,0.0,0.0,0.0,0.0,Enemy
115.2,A0200,AN/APG-68(V)9,LOCK,B0200,24.60242524991938,0.0,0.0,0.0,0.0,Friendly
115.2,B0200,N001VE,SEARCH,None,0.0,0.0,0.0,0.0,0.0,Enemy
115.4,A0200,AN/APG-68(V)9,LOCK,B0200,24.612399330292337,0.0,0.0,0.0,0.0,Friendly
115.4,B0200,N001VE,SEARCH,None,0.0,0.0,0.0,0.0,0.0,Enemy
115.60000000000001,A0200,AN/APG-68(V)9,LOCK,B0200,24.623929071514507,0.0,0.0,0.0,0.0,Friendly
115.60000000000001,B0200,N001VE,SEARCH,None,0.0,0.0,0.0,0.0,0.0,Enemy
115.80000000000001,A0200,AN/APG-68(V)9,LOCK,B0200,24.636878066627723,0.0,0.0,0.0,0.0,Friendly
115.80000000000001,B0200,N001VE,SEARCH,None,0.0,0.0,0.0,0.0,0.0,Enemy
116.0,A0200,AN/APG-68(V)9,LOCK,B0200,24.65114090051532,0.0,0.0,0.0,0.0,Friendly
116.0,B0200,N001VE,SEARCH,None,0.0,0.0,0.0,0.0,0.0,Enemy
116.2,A0200,AN/APG-68(V)9,LOCK,B0200,24.666726516572236,0.0,0.0,0.0,0.0,Friendly
116.2,B0200,N001VE,SEARCH,None,0.0,0.0,0.0,0.0,0.0,Enemy
116.4,A0200,AN/APG-68(V)9,LOCK,B0200,24.683694186807717,0.0,0.0,0.0,0.0,Friendly
116.4,B0200,N001VE,SEARCH,None,0.0,0.0,0.0,0.0,0.0,Enemy
116.60000000000001,A0200,AN/APG-68(V)9,LOCK,B0200,24.702421074156405,0.0,0.0,0.0,0.0,Friendly
116.60000000000001,B0200,N001VE,SEARCH,None,0.0,0.0,0.0,0.0,0.0,Enemy
116.80000000000001,A0200,AN/APG-68(V)9,LOCK,B0200,24.722811416644614,0.0,0.0,0.0,0.0,Friendly
116.80000000000001,B0200,N001VE,LOCK,A0200,24.722811416644614,-5.866619968499757,1998.5456108180563,0.7186034515836185,15853.985459000141,Enemy
117.0,A0200,AN/APG-68(V)9,LOCK,B0200,24.74436576167417,0.0,0.0,0.0,0.0,Friendly
117.0,B0200,N001VE,LOCK,A0200,24.722811416644614,-5.866619968499757,1998.5456108180563,0.6909648572919423,15853.985459000141,Enemy
117.2,A0200,AN/APG-68(V)9,LOCK,B0200,24.766687734134525,0.0,0.0,0.0,0.0,Friendly
117.2,B0200,N001VE,LOCK,A0200,24.722811416644614,-5.866619968499757,1998.5456108180563,0.6633262630002642,15853.985459000141,Enemy
117.4,A0200,AN/APG-68(V)9,LOCK,B0200,24.789519614092693,0.0,0.0,0.0,0.0,Friendly
117.4,B0200,N001VE,LOCK,A0200,24.722811416644614,-5.866619968499757,1998.5456108180563,0.6356876687085862,15853.985459000141,Enemy
117.60000000000001,A0200,AN/APG-68(V)9,LOCK,B0200,24.813032529177093,0.0,0.0,0.0,0.0,Friendly
117.60000000000001,B0200,N001VE,LOCK,A0200,24.722811416644614,-5.866619968499757,1998.5456108180563,0.6080490744169081,15853.985459000141,Enemy
117.80000000000001,A0200,AN/APG-68(V)9,LOCK,B0200,24.837574918306885,0.0,0.0,0.0,0.0,Friendly
117.80000000000001,B0200,N001VE,SEARCH,None,0.0,0.0,0.0,0.0,0.0,Enemy
118.0,A0200,AN/APG-68(V)9,LOCK,B0200,24.863168462542724,0.0,0.0,0.0,0.0,Friendly
118.0,B0200,N001VE,SEARCH,None,0.0,0.0,0.0,0.0,0.0,Enemy
118.2,A0200,AN/APG-68(V)9,LOCK,B0200,24.88962282781617,0.0,0.0,0.0,0.0,Friendly
118.2,B0200,N001VE,SEARCH,None,0.0,0.0,0.0,0.0,0.0,Enemy
118.4,A0200,AN/APG-68(V)9,LOCK,B0200,24.91666203674832,0.0,0.0,0.0,0.0,Friendly
118.4,B0200,N001VE,SEARCH,None,0.0,0.0,0.0,0.0,0.0,Enemy
118.60000000000001,A0200,AN/APG-68(V)9,LOCK,B0200,24.94392666700394,0.0,0.0,0.0,0.0,Friendly
118.60000000000001,B0200,N001VE,SEARCH,None,0.0,0.0,0.0,0.0,0.0,Enemy
118.80000000000001,A0200,AN/APG-68(V)9,LOCK,B0200,24.97133008275186,0.0,0.0,0.0,0.0,Friendly
118.80000000000001,B0200,N001VE,SEARCH,None,0.0,0.0,0.0,0.0,0.0,Enemy
119.0,A0200,AN/APG-68(V)9,LOCK,B0200,24.999363543326332,0.0,0.0,0.0,0.0,Friendly
119.0,B0200,N001VE,SEARCH,None,0.0,0.0,0.0,0.0,0.0,Enemy
119.2,A0200,AN/APG-68(V)9,LOCK,B0200,25.02869001255788,0.0,0.0,0.0,0.0,Friendly
119.2,B0200,N001VE,SEARCH,None,0.0,0.0,0.0,0.0,0.0,Enemy
119.4,A0200,AN/APG-68(V)9,LOCK,B0200,25.059451116340608,0.0,0.0,0.0,0.0,Friendly
119.4,B0200,N001VE,SEARCH,None,0.0,0.0,0.0,0.0,0.0,Enemy
119.60000000000001,A0200,AN/APG-68(V)9,LOCK,B0200,25.09161242604588,0.0,0.0,0.0,0.0,Friendly
119.60000000000001,B0200,N001VE,SEARCH,None,0.0,0.0,0.0,0.0,0.0,Enemy
119.80000000000001,A0200,AN/APG-68(V)9,LOCK,B0200,25.125048282592108,0.0,0.0,0.0,0.0,Friendly
119.80000000000001,B0200,N001VE,LOCK,A0200,25.125048282592108,-6.367912732872913,2545.7109155071557,0.7133743723263012,15957.523013158927,Enemy
120.0,A0200,AN/APG-68(V)9,LOCK,B0200,25.159865634271068,0.0,0.0,0.0,0.0,Friendly
120.0,B0200,N001VE,LOCK,A0200,25.125048282592108,-6.367912732872913,2545.7109155071557,0.6859368964675987,15957.523013158927,Enemy
120.2,A0200,AN/APG-68(V)9,LOCK,B0200,25.1961403591727,0.0,0.0,0.0,0.0,Friendly
120.2,B0200,N001VE,LOCK,A0200,25.125048282592108,-6.367912732872913,2545.7109155071557,0.6584994206088943,15957.523013158927,Enemy
120.4,A0200,AN/APG-68(V)9,LOCK,B0200,25.234002148424178,0.0,0.0,0.0,0.0,Friendly
120.4,B0200,N001VE,LOCK,A0200,25.125048282592108,-6.367912732872913,2545.7109155071557,0.63106194475019,15957.523013158927,Enemy
120.60000000000001,A0200,AN/APG-68(V)9,LOCK,B0200,25.273610185984822,0.0,0.0,0.0,0.0,Friendly
120.60000000000001,B0200,N001VE,LOCK,A0200,25.125048282592108,-6.367912732872913,2545.7109155071557,0.6036244688914857,15957.523013158927,Enemy
120.80000000000001,A0200,AN/APG-68(V)9,LOCK,B0200,25.315144792726457,0.0,0.0,0.0,0.0,Friendly
120.80000000000001,B0200,N001VE,LOCK,A0200,25.315144792726457,-6.563036729392328,2639.0826212508905,0.7109031176945545,15983.40576098309,Enemy
121.0,A0200,AN/APG-68(V)9,LOCK,B0200,25.358743113359814,0.0,0.0,0.0,0.0,Friendly
121.0,B0200,N001VE,LOCK,A0200,25.315144792726457,-6.563036729392328,2639.0826212508905,0.6835606900909192,15983.40576098309,Enemy
121.2,A0200,AN/APG-68(V)9,LOCK,B0200,25.404338238143165,0.0,0.0,0.0,0.0,Friendly
121.2,B0200,N001VE,LOCK,A0200,25.315144792726457,-6.563036729392328,2639.0826212508905,0.6562182624872821,15983.40576098309,Enemy
121.4,A0200,AN/APG-68(V)9,LOCK,B0200,25.45200970902616,0.0,0.0,0.0,0.0,Friendly
121.4,B0200,N001VE,LOCK,A0200,25.315144792726457,-6.563036729392328,2639.0826212508905,0.6288758348836448,15983.40576098309,Enemy
121.60000000000001,A0200,AN/APG-68(V)9,LOCK,B0200,25.50166200082249,0.0,0.0,0.0,0.0,Friendly
121.60000000000001,B0200,N001VE,LOCK,A0200,25.315144792726457,-6.563036729392328,2639.0826212508905,0.6015334072800078,15983.40576098309,Enemy
121.80000000000001,A0200,AN/APG-68(V)9,LOCK,B0200,25.553358299521975,0.0,0.0,0.0,0.0,Friendly
121.80000000000001,B0200,N001VE,SEARCH,None,0.0,0.0,0.0,0.0,0.0,Enemy
122.0,A0200,AN/APG-68(V)9,LOCK,B0200,25.607612321480907,0.0,0.0,0.0,0.0,Friendly
122.0,B0200,N001VE,SEARCH,None,0.0,0.0,0.0,0.0,0.0,Enemy
122.2,A0200,AN/APG-68(V)9,LOCK,B0200,25.6644071269364,0.0,0.0,0.0,0.0,Friendly
122.2,B0200,N001VE,SEARCH,None,0.0,0.0,0.0,0.0,0.0,Enemy
122.4,A0200,AN/APG-68(V)9,LOCK,B0200,25.723437891935927,0.0,0.0,0.0,0.0,Friendly
122.4,B0200,N001VE,SEARCH,None,0.0,0.0,0.0,0.0,0.0,Enemy
122.60000000000001,A0200,AN/APG-68(V)9,LOCK,B0200,25.78477449736321,0.0,0.0,0.0,0.0,Friendly
122.60000000000001,B0200,N001VE,SEARCH,None,0.0,0.0,0.0,0.0,0.0,Enemy
122.80000000000001,A0200,AN/APG-68(V)9,LOCK,B0200,25.848710073327364,0.0,0.0,0.0,0.0,Friendly
122.80000000000001,B0200,N001VE,LOCK,A0200,25.848710073327364,-7.073322118926573,2857.6109215513748,0.7039667690467427,16037.602110702226,Enemy
123.0,A0200,AN/APG-68(V)9,LOCK,B0200,25.915184119501777,0.0,0.0,0.0,0.0,Friendly
123.0,B0200,N001VE,LOCK,A0200,25.848710073327364,-7.073322118926573,2857.6109215513748,0.6768911240834079,16037.602110702226,Enemy
123.2,A0200,AN/APG-68(V)9,LOCK,B0200,25.98396744156766,0.0,0.0,0.0,0.0,Friendly
123.2,B0200,N001VE,LOCK,A0200,25.848710073327364,-7.073322118926573,2857.6109215513748,0.6498154791200712,16037.602110702226,Enemy
123.4,A0200,AN/APG-68(V)9,LOCK,B0200,26.054716502451424,0.0,0.0,0.0,0.0,Friendly
123.4,B0200,N001VE,LOCK,A0200,25.848710073327364,-7.073322118926573,2857.6109215513748,0.6227398341567345,16037.602110702226,Enemy
123.60000000000001,A0200,AN/APG-68(V)9,LOCK,B0200,26.12753121418473,0.0,0.0,0.0,0.0,Friendly
123.60000000000001,B0200,N001VE,TRACK,A0200,25.848710073327364,-7.073322118926573,2857.6109215513748,0.5956641891933978,16037.602110702226,Enemy
123.80000000000001,A0200,AN/APG-68(V)9,LOCK,B0200,26.202355976435673,0.0,0.0,0.0,0.0,Friendly
123.80000000000001,B0200,N001VE,SEARCH,None,0.0,0.0,0.0,0.0,0.0,Enemy
124.0,A0200,AN/APG-68(V)9,LOCK,B0200,26.27905701314033,0.0,0.0,0.0,0.0,Friendly
124.0,B0200,N001VE,SEARCH,None,0.0,0.0,0.0,0.0,0.0,Enemy
124.2,A0200,AN/APG-68(V)9,LOCK,B0200,26.35798542621426,0.0,0.0,0.0,0.0,Friendly
124.2,B0200,N001VE,SEARCH,None,0.0,0.0,0.0,0.0,0.0,Enemy
124.4,A0200,AN/APG-68(V)9,LOCK,B0200,26.439355333454078,0.0,0.0,0.0,0.0,Friendly
124.4,B0200,N001VE,SEARCH,None,0.0,0.0,0.0,0.0,0.0,Enemy
124.60000000000001,A0200,AN/APG-68(V)9,LOCK,B0200,26.522816618766555,0.0,0.0,0.0,0.0,Friendly
124.60000000000001,B0200,N001VE,SEARCH,None,0.0,0.0,0.0,0.0,0.0,Enemy
124.80000000000001,A0200,AN/APG-68(V)9,LOCK,B0200,26.607865951986973,0.0,0.0,0.0,0.0,Friendly
124.80000000000001,B0200,N001VE,SEARCH,None,0.0,0.0,0.0,0.0,0.0,Enemy
125.0,A0200,AN/APG-68(V)9,LOCK,B0200,26.69392728259557,0.0,0.0,0.0,0.0,Friendly
125.0,B0200,N001VE,SEARCH,None,0.0,0.0,0.0,0.0,0.0,Enemy
125.2,A0200,AN/APG-68(V)9,LOCK,B0200,26.780347892442602,0.0,0.0,0.0,0.0,Friendly
125.2,B0200,N001VE,SEARCH,None,0.0,0.0,0.0,0.0,0.0,Enemy
125.4,A0200,AN/APG-68(V)9,LOCK,B0200,26.866827044533544,0.0,0.0,0.0,0.0,Friendly
125.4,B0200,N001VE,SEARCH,None,0.0,0.0,0.0,0.0,0.0,Enemy
125.60000000000001,A0200,AN/APG-68(V)9,LOCK,B0200,26.953632656635953,0.0,0.0,0.0,0.0,Friendly
125.60000000000001,B0200,N001VE,SEARCH,None,0.0,0.0,0.0,0.0,0.0,Enemy
125.80000000000001,A0200,AN/APG-68(V)9,LOCK,B0200,27.04082612773862,0.0,0.0,0.0,0.0,Friendly
125.80000000000001,B0200,N001VE,SEARCH,None,0.0,0.0,0.0,0.0,0.0,Enemy
126.0,A0200,AN/APG-68(V)9,LOCK,B0200,27.128465356476813,0.0,0.0,0.0,0.0,Friendly
126.0,B0200,N001VE,SEARCH,None,0.0,0.0,0.0,0.0,0.0,Enemy
126.2,A0200,AN/APG-68(V)9,LOCK,B0200,27.216655319207625,0.0,0.0,0.0,0.0,Friendly
126.2,B0200,N001VE,SEARCH,None,0.0,0.0,0.0,0.0,0.0,Enemy
126.4,A0200,AN/APG-68(V)9,LOCK,B0200,27.305299015373045,0.0,0.0,0.0,0.0,Friendly
126.4,B0200,N001VE,SEARCH,None,0.0,0.0,0.0,0.0,0.0,Enemy
126.60000000000001,A0200,AN/APG-68(V)9,LOCK,B0200,27.39440032118915,0.0,0.0,0.0,0.0,Friendly
126.60000000000001,B0200,N001VE,SEARCH,None,0.0,0.0,0.0,0.0,0.0,Enemy
126.80000000000001,A0200,AN/APG-68(V)9,LOCK,B0200,27.483773538433002,0.0,0.0,0.0,0.0,Friendly
126.80000000000001,B0200,N001VE,SEARCH,None,0.0,0.0,0.0,0.0,0.0,Enemy
127.0,A0200,AN/APG-68(V)9,LOCK,B0200,27.573279434371532,0.0,0.0,0.0,0.0,Friendly
127.0,B0200,N001VE,SEARCH,None,0.0,0.0,0.0,0.0,0.0,Enemy
127.2,A0200,AN/APG-68(V)9,LOCK,B0200,27.662962778605724,0.0,0.0,0.0,0.0,Friendly
127.2,B0200,N001VE,SEARCH,None,0.0,0.0,0.0,0.0,0.0,Enemy
127.4,A0200,AN/APG-68(V)9,LOCK,B0200,27.75273226436445,0.0,0.0,0.0,0.0,Friendly
127.4,B0200,N001VE,SEARCH,None,0.0,0.0,0.0,0.0,0.0,Enemy
127.60000000000001,A0200,AN/APG-68(V)9,LOCK,B0200,27.84270407110611,0.0,0.0,0.0,0.0,Friendly
127.60000000000001,B0200,N001VE,SEARCH,None,0.0,0.0,0.0,0.0,0.0,Enemy
127.80000000000001,A0200,AN/APG-68(V)9,LOCK,B0200,27.93285282644974,0.0,0.0,0.0,0.0,Friendly
127.80000000000001,B0200,N001VE,SEARCH,None,0.0,0.0,0.0,0.0,0.0,Enemy
128.0,A0200,AN/APG-68(V)9,LOCK,B0200,28.023104497714055,0.0,0.0,0.0,0.0,Friendly
128.0,B0200,N001VE,SEARCH,None,0.0,0.0,0.0,0.0,0.0,Enemy
128.20000000000002,A0200,AN/APG-68(V)9,LOCK,B0200,28.11349194421261,0.0,0.0,0.0,0.0,Friendly
128.20000000000002,B0200,N001VE,SEARCH,None,0.0,0.0,0.0,0.0,0.0,Enemy
128.4,A0200,AN/APG-68(V)9,LOCK,B0200,28.204037865259988,0.0,0.0,0.0,0.0,Friendly
128.4,B0200,N001VE,SEARCH,None,0.0,0.0,0.0,0.0,0.0,Enemy
128.6,A0200,AN/APG-68(V)9,LOCK,B0200,28.29468232898613,0.0,0.0,0.0,0.0,Friendly
128.6,B0200,N001VE,SEARCH,None,0.0,0.0,0.0,0.0,0.0,Enemy
128.8,A0200,AN/APG-68(V)9,LOCK,B0200,28.38537675602179,0.0,0.0,0.0,0.0,Friendly
128.8,B0200,N001VE,SEARCH,None,0.0,0.0,0.0,0.0,0.0,Enemy
129.0,A0200,AN/APG-68(V)9,LOCK,B0200,28.47612149705502,0.0,0.0,0.0,0.0,Friendly
129.0,B0200,N001VE,SEARCH,None,0.0,0.0,0.0,0.0,0.0,Enemy
129.20000000000002,A0200,AN/APG-68(V)9,LOCK,B0200,28.567006997096627,0.0,0.0,0.0,0.0,Friendly
129.20000000000002,B0200,N001VE,SEARCH,None,0.0,0.0,0.0,0.0,0.0,Enemy
129.4,A0200,AN/APG-68(V)9,LOCK,B0200,28.657950348636657,0.0,0.0,0.0,0.0,Friendly
129.4,B0200,N001VE,SEARCH,None,0.0,0.0,0.0,0.0,0.0,Enemy
129.6,A0200,AN/APG-68(V)9,LOCK,B0200,28.748872020986493,0.0,0.0,0.0,0.0,Friendly
129.6,B0200,N001VE,SEARCH,None,0.0,0.0,0.0,0.0,0.0,Enemy
129.8,A0200,AN/APG-68(V)9,LOCK,B0200,28.8397458506906,0.0,0.0,0.0,0.0,Friendly
129.8,B0200,N001VE,LOCK,A0200,28.8397458506906,-9.514062723326264,3526.181957941453,0.6650833039410208,16174.84549213916,Enemy
130.0,A0200,AN/APG-68(V)9,LOCK,B0200,28.930605650743974,0.0,0.0,0.0,0.0,Friendly
130.0,B0200,N001VE,LOCK,A0200,28.8397458506906,-9.514062723326264,3526.181957941453,0.6395031768663675,16174.84549213916,Enemy
130.20000000000002,A0200,AN/APG-68(V)9,LOCK,B0200,29.021540154612477,0.0,0.0,0.0,0.0,Friendly
130.20000000000002,B0200,N001VE,LOCK,A0200,28.8397458506906,-9.514062723326264,3526.181957941453,0.6139230497917106,16174.84549213916,Enemy
130.4,A0200,AN/APG-68(V)9,LOCK,B0200,29.112567576903523,0.0,0.0,0.0,0.0,Friendly
130.4,B0200,N001VE,TRACK,A0200,28.8397458506906,-9.514062723326264,3526.181957941453,0.5883429227170573,16174.84549213916,Enemy
130.6,A0200,AN/APG-68(V)9,LOCK,B0200,29.20373613732135,0.0,0.0,0.0,0.0,Friendly
130.6,B0200,N001VE,TRACK,A0200,28.8397458506906,-9.514062723326264,3526.181957941453,0.5627627956424041,16174.84549213916,Enemy
130.8,A0200,AN/APG-68(V)9,LOCK,B0200,29.294975708455823,0.0,0.0,0.0,0.0,Friendly
130.8,B0200,N001VE,LOCK,A0200,29.294975708455823,-9.858729525605478,3599.9240826557607,0.659165315790073,16190.358485937311,Enemy
131.0,A0200,AN/APG-68(V)9,LOCK,B0200,29.386206450615283,0.0,0.0,0.0,0.0,Friendly
131.0,B0200,N001VE,LOCK,A0200,29.294975708455823,-9.858729525605478,3599.9240826557607,0.6338128036443023,16190.358485937311,Enemy
131.20000000000002,A0200,AN/APG-68(V)9,LOCK,B0200,29.47737098235202,0.0,0.0,0.0,0.0,Friendly
131.20000000000002,B0200,N001VE,LOCK,A0200,29.294975708455823,-9.858729525605478,3599.9240826557607,0.608460291498528,16190.358485937311,Enemy
131.4,A0200,AN/APG-68(V)9,LOCK,B0200,29.568481151704844,0.0,0.0,0.0,0.0,Friendly
131.4,B0200,N001VE,TRACK,A0200,29.294975708455823,-9.858729525605478,3599.9240826557607,0.5831077793527574,16190.358485937311,Enemy
131.6,A0200,AN/APG-68(V)9,LOCK,B0200,29.659722105935362,0.0,0.0,0.0,0.0,Friendly
131.6,B0200,N001VE,TRACK,A0200,29.294975708455823,-9.858729525605478,3599.9240826557607,0.5577552672069866,16190.358485937311,Enemy
131.8,A0200,AN/APG-68(V)9,LOCK,B0200,29.751086005769096,0.0,0.0,0.0,0.0,Friendly
131.8,B0200,N001VE,LOCK,A0200,29.751086005769096,-10.19881000260306,3675.093764200947,0.6532358819250004,16205.302485130536,Enemy
132.0,A0200,AN/APG-68(V)9,LOCK,B0200,29.842549486210014,0.0,0.0,0.0,0.0,Friendly
132.0,B0200,N001VE,LOCK,A0200,29.751086005769096,-10.19881000260306,3675.093764200947,0.6281114249278863,16205.302485130536,Enemy
132.20000000000002,A0200,AN/APG-68(V)9,LOCK,B0200,29.934103919300163,0.0,0.0,0.0,0.0,Friendly
132.20000000000002,B0200,N001VE,LOCK,A0200,29.751086005769096,-10.19881000260306,3675.093764200947,0.6029869679307688,16205.302485130536,Enemy
132.4,A0200,AN/APG-68(V)9,LOCK,B0200,30.02562311859291,0.0,0.0,0.0,0.0,Friendly
132.4,B0200,N001VE,TRACK,A0200,29.751086005769096,-10.19881000260306,3675.093764200947,0.5778625109336547,16205.302485130536,Enemy
132.6,A0200,AN/APG-68(V)9,LOCK,B0200,30.117117596279417,0.0,0.0,0.0,0.0,Friendly
132.6,B0200,N001VE,TRACK,A0200,29.751086005769096,-10.19881000260306,3675.093764200947,0.5527380539365406,16205.302485130536,Enemy
132.8,A0200,AN/APG-68(V)9,LOCK,B0200,30.208582611652616,0.0,0.0,0.0,0.0,Friendly
132.8,B0200,N001VE,SEARCH,None,0.0,0.0,0.0,0.0,0.0,Enemy
133.0,A0200,AN/APG-68(V)9,LOCK,B0200,30.30001940530896,0.0,0.0,0.0,0.0,Friendly
133.0,B0200,N001VE,SEARCH,None,0.0,0.0,0.0,0.0,0.0,Enemy
133.20000000000002,A0200,AN/APG-68(V)9,LOCK,B0200,30.391464965182887,0.0,0.0,0.0,0.0,Friendly
133.20000000000002,B0200,N001VE,SEARCH,None,0.0,0.0,0.0,0.0,0.0,Enemy
133.4,A0200,AN/APG-68(V)9,LOCK,B0200,30.483025174347816,0.0,0.0,0.0,0.0,Friendly
133.4,B0200,N001VE,SEARCH,None,0.0,0.0,0.0,0.0,0.0,Enemy
133.6,A0200,AN/APG-68(V)9,LOCK,B0200,30.57467517786989,0.0,0.0,0.0,0.0,Friendly
133.6,B0200,N001VE,SEARCH,None,0.0,0.0,0.0,0.0,0.0,Enemy
133.8,A0200,AN/APG-68(V)9,LOCK,B0200,30.66636251423928,0.0,0.0,0.0,0.0,Friendly
133.8,B0200,N001VE,SEARCH,None,0.0,0.0,0.0,0.0,0.0,Enemy
134.0,A0200,AN/APG-68(V)9,LOCK,B0200,30.75809624581545,0.0,0.0,0.0,0.0,Friendly
134.0,B0200,N001VE,SEARCH,None,0.0,0.0,0.0,0.0,0.0,Enemy
134.20000000000002,A0200,AN/APG-68(V)9,LOCK,B0200,30.84982507722369,0.0,0.0,0.0,0.0,Friendly
134.20000000000002,B0200,N001VE,SEARCH,None,0.0,0.0,0.0,0.0,0.0,Enemy
134.4,A0200,AN/APG-68(V)9,LOCK,B0200,30.94155237332145,0.0,0.0,0.0,0.0,Friendly
134.4,B0200,N001VE,SEARCH,None,0.0,0.0,0.0,0.0,0.0,Enemy
134.6,A0200,AN/APG-68(V)9,LOCK,B0200,31.033138053625137,0.0,0.0,0.0,0.0,Friendly
134.6,B0200,N001VE,SEARCH,None,0.0,0.0,0.0,0.0,0.0,Enemy
134.8,A0200,AN/APG-68(V)9,LOCK,B0200,31.124657764953835,0.0,0.0,0.0,0.0,Friendly
134.8,B0200,N001VE,SEARCH,None,0.0,0.0,0.0,0.0,0.0,Enemy
135.0,A0200,AN/APG-68(V)9,LOCK,B0200,31.216174824133116,0.0,0.0,0.0,0.0,Friendly
135.0,B0200,N001VE,SEARCH,None,0.0,0.0,0.0,0.0,0.0,Enemy
135.20000000000002,A0200,AN/APG-68(V)9,LOCK,B0200,31.307678012847834,0.0,0.0,0.0,0.0,Friendly
135.20000000000002,B0200,N001VE,SEARCH,None,0.0,0.0,0.0,0.0,0.0,Enemy
135.4,A0200,AN/APG-68(V)9,LOCK,B0200,31.39908442034394,0.0,0.0,0.0,0.0,Friendly
135.4,B0200,N001VE,SEARCH,None,0.0,0.0,0.0,0.0,0.0,Enemy
135.6,A0200,AN/APG-68(V)9,LOCK,B0200,31.490524612234108,0.0,0.0,0.0,0.0,Friendly
135.6,B0200,N001VE,SEARCH,None,0.0,0.0,0.0,0.0,0.0,Enemy
135.8,A0200,AN/APG-68(V)9,LOCK,B0200,31.581983684760836,0.0,0.0,0.0,0.0,Friendly
135.8,B0200,N001VE,LOCK,A0200,31.581983684760836,-11.51552370077473,3938.7764286296533,0.6294342120981078,16260.398492749564,Enemy
136.0,A0200,AN/APG-68(V)9,LOCK,B0200,31.673415280503733,0.0,0.0,0.0,0.0,Friendly
136.0,B0200,N001VE,LOCK,A0200,31.581983684760836,-11.51552370077473,3938.7764286296533,0.6052252039404895,16260.398492749564,Enemy
136.20000000000002,A0200,AN/APG-68(V)9,LOCK,B0200,31.764822764138508,0.0,0.0,0.0,0.0,Friendly
136.20000000000002,B0200,N001VE,TRACK,A0200,31.581983684760836,-11.51552370077473,3938.7764286296533,0.5810161957828679,16260.398492749564,Enemy
136.4,A0200,AN/APG-68(V)9,LOCK,B0200,31.85628417111497,0.0,0.0,0.0,0.0,Friendly
136.4,B0200,N001VE,TRACK,A0200,31.581983684760836,-11.51552370077473,3938.7764286296533,0.5568071876252496,16260.398492749564,Enemy
136.6,A0200,AN/APG-68(V)9,LOCK,B0200,31.94772564328421,0.0,0.0,0.0,0.0,Friendly
136.6,B0200,N001VE,TRACK,A0200,31.581983684760836,-11.51552370077473,3938.7764286296533,0.5325981794676314,16260.398492749564,Enemy
136.8,A0200,AN/APG-68(V)9,LOCK,B0200,32.03919885773519,0.0,0.0,0.0,0.0,Friendly
136.8,B0200,N001VE,LOCK,A0200,32.03919885773519,-11.833184504981656,3987.1968583520215,0.6234904148494412,16273.14655232721,Enemy
137.0,A0200,AN/APG-68(V)9,LOCK,B0200,32.130661683994596,0.0,0.0,0.0,0.0,Friendly
137.0,B0200,N001VE,TRACK,A0200,32.03919885773519,-11.833184504981656,3987.1968583520215,0.5995100142783102,16273.14655232721,Enemy
137.20000000000002,A0200,AN/APG-68(V)9,LOCK,B0200,32.22212812293166,0.0,0.0,0.0,0.0,Friendly
137.20000000000002,B0200,N001VE,TRACK,A0200,32.03919885773519,-11.833184504981656,3987.1968583520215,0.5755296137071758,16273.14655232721,Enemy
137.4,A0200,AN/APG-68(V)9,LOCK,B0200,32.31367137362768,0.0,0.0,0.0,0.0,Friendly
137.4,B0200,N001VE,TRACK,A0200,32.03919885773519,-11.833184504981656,3987.1968583520215,0.5515492131360447,16273.14655232721,Enemy
137.6,A0200,AN/APG-68(V)9,LOCK,B0200,32.4052993847338,0.0,0.0,0.0,0.0,Friendly
137.6,B0200,N001VE,TRACK,A0200,32.03919885773519,-11.833184504981656,3987.1968583520215,0.5275688125649136,16273.14655232721,Enemy
137.8,A0200,AN/APG-68(V)9,LOCK,B0200,32.497059800446486,0.0,0.0,0.0,0.0,Friendly
137.8,B0200,N001VE,SEARCH,None,0.0,0.0,0.0,0.0,0.0,Enemy
138.0,A0200,AN/APG-68(V)9,LOCK,B0200,32.58892874069103,0.0,0.0,0.0,0.0,Friendly
138.0,B0200,N001VE,SEARCH,None,0.0,0.0,0.0,0.0,0.0,Enemy
138.20000000000002,A0200,AN/APG-68(V)9,LOCK,B0200,32.68095382278925,0.0,0.0,0.0,0.0,Friendly
138.20000000000002,B0200,N001VE,SEARCH,None,0.0,0.0,0.0,0.0,0.0,Enemy
138.4,A0200,AN/APG-68(V)9,LOCK,B0200,32.773246238203285,0.0,0.0,0.0,0.0,Friendly
138.4,B0200,N001VE,SEARCH,None,0.0,0.0,0.0,0.0,0.0,Enemy
138.6,A0200,AN/APG-68(V)9,LOCK,B0200,32.86569134597031,0.0,0.0,0.0,0.0,Friendly
138.6,B0200,N001VE,SEARCH,None,0.0,0.0,0.0,0.0,0.0,Enemy
138.8,A0200,AN/APG-68(V)9,LOCK,B0200,32.95814176308246,0.0,0.0,0.0,0.0,Friendly
138.8,B0200,N001VE,LOCK,A0200,32.95814176308246,-12.459608151807446,4204.037300278401,0.6115441570799267,16297.947934626613,Enemy
139.0,A0200,AN/APG-68(V)9,LOCK,B0200,33.050739230164275,0.0,0.0,0.0,0.0,Friendly
139.0,B0200,N001VE,TRACK,A0200,32.95814176308246,-12.459608151807446,4204.037300278401,0.5880232279614692,16297.947934626613,Enemy
139.20000000000002,A0200,AN/APG-68(V)9,LOCK,B0200,33.14348059936185,0.0,0.0,0.0,0.0,Friendly
139.20000000000002,B0200,N001VE,TRACK,A0200,32.95814176308246,-12.459608151807446,4204.037300278401,0.5645022988430085,16297.947934626613,Enemy
139.4,A0200,AN/APG-68(V)9,LOCK,B0200,33.23630866183097,0.0,0.0,0.0,0.0,Friendly
139.4,B0200,N001VE,TRACK,A0200,32.95814176308246,-12.459608151807446,4204.037300278401,0.540981369724551,16297.947934626613,Enemy
139.6,A0200,AN/APG-68(V)9,LOCK,B0200,33.32923938700237,0.0,0.0,0.0,0.0,Friendly
139.6,B0200,N001VE,TRACK,A0200,32.95814176308246,-12.459608151807446,4204.037300278401,0.5174604406060935,16297.947934626613,Enemy
139.8,A0200,AN/APG-68(V)9,LOCK,B0200,33.42232162666497,0.0,0.0,0.0,0.0,Friendly
139.8,B0200,N001VE,SEARCH,None,0.0,0.0,0.0,0.0,0.0,Enemy
140.0,A0200,AN/APG-68(V)9,LOCK,B0200,33.51543147049477,0.0,0.0,0.0,0.0,Friendly
140.0,B0200,N001VE,SEARCH,None,0.0,0.0,0.0,0.0,0.0,Enemy
140.20000000000002,A0200,AN/APG-68(V)9,LOCK,B0200,33.60854322469215,0.0,0.0,0.0,0.0,Friendly
140.20000000000002,B0200,N001VE,SEARCH,None,0.0,0.0,0.0,0.0,0.0,Enemy
140.4,A0200,AN/APG-68(V)9,LOCK,B0200,33.70175450943892,0.0,0.0,0.0,0.0,Friendly
140.4,B0200,N001VE,SEARCH,None,0.0,0.0,0.0,0.0,0.0,Enemy
140.6,A0200,AN/APG-68(V)9,LOCK,B0200,33.795144589768405,0.0,0.0,0.0,0.0,Friendly
140.6,B0200,N001VE,SEARCH,None,0.0,0.0,0.0,0.0,0.0,Enemy
140.8,A0200,AN/APG-68(V)9,LOCK,B0200,33.88867305289592,0.0,0.0,0.0,0.0,Friendly
140.8,B0200,N001VE,SEARCH,None,0.0,0.0,0.0,0.0,0.0,Enemy
141.0,A0200,AN/APG-68(V)9,LOCK,B0200,33.98238308779967,0.0,0.0,0.0,0.0,Friendly
141.0,B0200,N001VE,SEARCH,None,0.0,0.0,0.0,0.0,0.0,Enemy
141.20000000000002,A0200,AN/APG-68(V)9,LOCK,B0200,34.076162988448516,0.0,0.0,0.0,0.0,Friendly
141.20000000000002,B0200,N001VE,SEARCH,None,0.0,0.0,0.0,0.0,0.0,Enemy
141.4,A0200,AN/APG-68(V)9,LOCK,B0200,34.169915182582045,0.0,0.0,0.0,0.0,Friendly
141.4,B0200,N001VE,SEARCH,None,0.0,0.0,0.0,0.0,0.0,Enemy
141.6,A0200,AN/APG-68(V)9,LOCK,B0200,34.26372997210955,0.0,0.0,0.0,0.0,Friendly
141.6,B0200,N001VE,SEARCH,None,0.0,0.0,0.0,0.0,0.0,Enemy
141.8,A0200,AN/APG-68(V)9,LOCK,B0200,34.357700009779734,0.0,0.0,0.0,0.0,Friendly
141.8,B0200,N001VE,SEARCH,None,0.0,0.0,0.0,0.0,0.0,Enemy
142.0,A0200,AN/APG-68(V)9,LOCK,B0200,34.45178180928199,0.0,0.0,0.0,0.0,Friendly
142.0,B0200,N001VE,SEARCH,None,0.0,0.0,0.0,0.0,0.0,Enemy
142.20000000000002,A0200,AN/APG-68(V)9,LOCK,B0200,34.54606644182776,0.0,0.0,0.0,0.0,Friendly
142.20000000000002,B0200,N001VE,SEARCH,None,0.0,0.0,0.0,0.0,0.0,Enemy
142.4,A0200,AN/APG-68(V)9,LOCK,B0200,34.64043851306205,0.0,0.0,0.0,0.0,Friendly
142.4,B0200,N001VE,SEARCH,None,0.0,0.0,0.0,0.0,0.0,Enemy
142.6,A0200,AN/APG-68(V)9,LOCK,B0200,34.73488096776082,0.0,0.0,0.0,0.0,Friendly
142.6,B0200,N001VE,SEARCH,None,0.0,0.0,0.0,0.0,0.0,Enemy
142.8,A0200,AN/APG-68(V)9,LOCK,B0200,34.82943845703188,0.0,0.0,0.0,0.0,Friendly
142.8,B0200,N001VE,TRACK,A0200,34.82943845703188,-13.692290922852171,4722.926408222017,0.5872173000585843,16347.338556973049,Enemy
143.0,A0200,AN/APG-68(V)9,LOCK,B0200,34.92391543282591,0.0,0.0,0.0,0.0,Friendly
143.0,B0200,N001VE,TRACK,A0200,34.82943845703188,-13.692290922852171,4722.926408222017,0.5646320192871015,16347.338556973049,Enemy
143.20000000000002,A0200,AN/APG-68(V)9,LOCK,B0200,35.01821342273809,0.0,0.0,0.0,0.0,Friendly
143.20000000000002,B0200,N001VE,TRACK,A0200,34.82943845703188,-13.692290922852171,4722.926408222017,0.5420467385156156,16347.338556973049,Enemy
143.4,A0200,AN/APG-68(V)9,LOCK,B0200,35.11250250630824,0.0,0.0,0.0,0.0,Friendly
143.4,B0200,N001VE,TRACK,A0200,34.82943845703188,-13.692290922852171,4722.926408222017,0.5194614577441327,16347.338556973049,Enemy
143.6,A0200,AN/APG-68(V)9,LOCK,B0200,35.20693377513607,0.0,0.0,0.0,0.0,Friendly
143.6,B0200,N001VE,TRACK,A0200,34.82943845703188,-13.692290922852171,4722.926408222017,0.49687617697264996,16347.338556973049,Enemy
143.8,A0200,AN/APG-68(V)9,LOCK,B0200,35.30136987078773,0.0,0.0,0.0,0.0,Friendly
143.8,B0200,N001VE,SEARCH,None,0.0,0.0,0.0,0.0,0.0,Enemy
144.0,A0200,AN/APG-68(V)9,LOCK,B0200,35.39580889958224,0.0,0.0,0.0,0.0,Friendly
144.0,B0200,N001VE,SEARCH,None,0.0,0.0,0.0,0.0,0.0,Enemy
144.20000000000002,A0200,AN/APG-68(V)9,LOCK,B0200,35.49038739581461,0.0,0.0,0.0,0.0,Friendly
144.20000000000002,B0200,N001VE,SEARCH,None,0.0,0.0,0.0,0.0,0.0,Enemy
144.4,A0200,AN/APG-68(V)9,LOCK,B0200,35.58500444607784,0.0,0.0,0.0,0.0,Friendly
144.4,B0200,N001VE,SEARCH,None,0.0,0.0,0.0,0.0,0.0,Enemy
144.6,A0200,AN/APG-68(V)9,LOCK,B0200,35.679694105023195,0.0,0.0,0.0,0.0,Friendly
144.6,B0200,N001VE,SEARCH,None,0.0,0.0,0.0,0.0,0.0,Enemy
144.8,A0200,AN/APG-68(V)9,LOCK,B0200,35.77450641167808,0.0,0.0,0.0,0.0,Friendly
144.8,B0200,N001VE,SEARCH,None,0.0,0.0,0.0,0.0,0.0,Enemy
145.0,A0200,AN/APG-68(V)9,LOCK,B0200,35.86932662421289,0.0,0.0,0.0,0.0,Friendly
145.0,B0200,N001VE,SEARCH,None,0.0,0.0,0.0,0.0,0.0,Enemy
145.20000000000002,A0200,AN/APG-68(V)9,LOCK,B0200,35.9642578035014,0.0,0.0,0.0,0.0,Friendly
145.20000000000002,B0200,N001VE,SEARCH,None,0.0,0.0,0.0,0.0,0.0,Enemy
145.4,A0200,AN/APG-68(V)9,LOCK,B0200,36.05930186460662,0.0,0.0,0.0,0.0,Friendly
145.4,B0200,N001VE,SEARCH,None,0.0,0.0,0.0,0.0,0.0,Enemy
145.6,A0200,AN/APG-68(V)9,LOCK,B0200,36.15445280588975,0.0,0.0,0.0,0.0,Friendly
145.6,B0200,N001VE,SEARCH,None,0.0,0.0,0.0,0.0,0.0,Enemy
145.8,A0200,AN/APG-68(V)9,LOCK,B0200,36.249726626709766,0.0,0.0,0.0,0.0,Friendly
145.8,B0200,N001VE,TRACK,A0200,36.249726626709766,-14.593113765337883,5094.376736501338,0.5687535538527718,16384.273420365935,Enemy
146.0,A0200,AN/APG-68(V)9,LOCK,B0200,36.34501021190629,0.0,0.0,0.0,0.0,Friendly
146.0,B0200,N001VE,TRACK,A0200,36.249726626709766,-14.593113765337883,5094.376736501338,0.546878417166128,16384.273420365935,Enemy
146.20000000000002,A0200,AN/APG-68(V)9,LOCK,B0200,36.44020134060602,0.0,0.0,0.0,0.0,Friendly
146.20000000000002,B0200,N001VE,TRACK,A0200,36.249726626709766,-14.593113765337883,5094.376736501338,0.525003280479481,16384.273420365935,Enemy
146.4,A0200,AN/APG-68(V)9,LOCK,B0200,36.5351749698333,0.0,0.0,0.0,0.0,Friendly
146.4,B0200,N001VE,TRACK,A0200,36.249726626709766,-14.593113765337883,5094.376736501338,0.5031281437928371,16384.273420365935,Enemy
146.6,A0200,AN/APG-68(V)9,LOCK,B0200,36.630123549429825,0.0,0.0,0.0,0.0,Friendly
146.6,B0200,N001VE,TRACK,A0200,36.249726626709766,-14.593113765337883,5094.376736501338,0.48125300710619323,16384.273420365935,Enemy
146.8,A0200,AN/APG-68(V)9,LOCK,B0200,36.72512228360693,0.0,0.0,0.0,0.0,Friendly
146.8,B0200,N001VE,SEARCH,None,0.0,0.0,0.0,0.0,0.0,Enemy
147.0,A0200,AN/APG-68(V)9,LOCK,B0200,36.82019824748392,0.0,0.0,0.0,0.0,Friendly
147.0,B0200,N001VE,SEARCH,None,0.0,0.0,0.0,0.0,0.0,Enemy
147.20000000000002,A0200,AN/APG-68(V)9,LOCK,B0200,36.91531626593381,0.0,0.0,0.0,0.0,Friendly
147.20000000000002,B0200,N001VE,SEARCH,None,0.0,0.0,0.0,0.0,0.0,Enemy
147.4,A0200,AN/APG-68(V)9,LOCK,B0200,37.01054445503667,0.0,0.0,0.0,0.0,Friendly
147.4,B0200,N001VE,SEARCH,None,0.0,0.0,0.0,0.0,0.0,Enemy
147.6,A0200,AN/APG-68(V)9,LOCK,B0200,37.10587990681539,0.0,0.0,0.0,0.0,Friendly
147.6,B0200,N001VE,SEARCH,None,0.0,0.0,0.0,0.0,0.0,Enemy
147.8,A0200,AN/APG-68(V)9,LOCK,B0200,37.20122482494782,0.0,0.0,0.0,0.0,Friendly
147.8,B0200,N001VE,SEARCH,None,0.0,0.0,0.0,0.0,0.0,Enemy
148.0,A0200,AN/APG-68(V)9,LOCK,B0200,37.296450009741214,0.0,0.0,0.0,0.0,Friendly
148.0,B0200,N001VE,SEARCH,None,0.0,0.0,0.0,0.0,0.0,Enemy
148.20000000000002,A0200,AN/APG-68(V)9,LOCK,B0200,37.39172917306608,0.0,0.0,0.0,0.0,Friendly
148.20000000000002,B0200,N001VE,SEARCH,None,0.0,0.0,0.0,0.0,0.0,Enemy
148.4,A0200,AN/APG-68(V)9,LOCK,B0200,37.48714396218652,0.0,0.0,0.0,0.0,Friendly
148.4,B0200,N001VE,SEARCH,None,0.0,0.0,0.0,0.0,0.0,Enemy
148.6,A0200,AN/APG-68(V)9,LOCK,B0200,37.58271294148099,0.0,0.0,0.0,0.0,Friendly
148.6,B0200,N001VE,SEARCH,None,0.0,0.0,0.0,0.0,0.0,Enemy
148.8,A0200,AN/APG-68(V)9,LOCK,B0200,37.678377857505524,0.0,0.0,0.0,0.0,Friendly
148.8,B0200,N001VE,TRACK,A0200,37.678377857505524,-15.471171627015464,5461.357766256492,0.550181087852427,16420.7675562681,Enemy
149.0,A0200,AN/APG-68(V)9,LOCK,B0200,37.77408869228945,0.0,0.0,0.0,0.0,Friendly
149.0,B0200,N001VE,TRACK,A0200,37.678377857505524,-15.471171627015464,5461.357766256492,0.5290202767811809,16420.7675562681,Enemy
149.20000000000002,A0200,AN/APG-68(V)9,LOCK,B0200,37.86974787401697,0.0,0.0,0.0,0.0,Friendly
149.20000000000002,B0200,N001VE,TRACK,A0200,37.678377857505524,-15.471171627015464,5461.357766256492,0.5078594657099319,16420.7675562681,Enemy
149.4,A0200,AN/APG-68(V)9,LOCK,B0200,37.965406236580016,0.0,0.0,0.0,0.0,Friendly
149.4,B0200,N001VE,TRACK,A0200,37.678377857505524,-15.471171627015464,5461.357766256492,0.48669865463868583,16420.7675562681,Enemy
149.6,A0200,AN/APG-68(V)9,LOCK,B0200,38.061093603919474,0.0,0.0,0.0,0.0,Friendly
149.6,B0200,N001VE,TRACK,A0200,37.678377857505524,-15.471171627015464,5461.357766256492,0.46553784356743977,16420.7675562681,Enemy
149.8,A0200,AN/APG-68(V)9,LOCK,B0200,38.15668836709825,0.0,0.0,0.0,0.0,Friendly
149.8,B0200,N001VE,SEARCH,None,0.0,0.0,0.0,0.0,0.0,Enemy
150.0,A0200,AN/APG-68(V)9,LOCK,B0200,38.25230273814461,0.0,0.0,0.0,0.0,Friendly
150.0,B0200,N001VE,SEARCH,None,0.0,0.0,0.0,0.0,0.0,Enemy
150.20000000000002,A0200,AN/APG-68(V)9,LOCK,B0200,38.347909882599616,0.0,0.0,0.0,0.0,Friendly
150.20000000000002,B0200,N001VE,SEARCH,None,0.0,0.0,0.0,0.0,0.0,Enemy
150.4,A0200,AN/APG-68(V)9,LOCK,B0200,38.443441738024035,0.0,0.0,0.0,0.0,Friendly
150.4,B0200,N001VE,SEARCH,None,0.0,0.0,0.0,0.0,0.0,Enemy
150.6,A0200,AN/APG-68(V)9,LOCK,B0200,38.53895720466541,0.0,0.0,0.0,0.0,Friendly
150.6,B0200,N001VE,SEARCH,None,0.0,0.0,0.0,0.0,0.0,Enemy
150.8,A0200,AN/APG-68(V)9,LOCK,B0200,38.634505728869314,0.0,0.0,0.0,0.0,Friendly
150.8,B0200,N001VE,TRACK,A0200,38.634505728869314,-16.044299500386334,5699.0239454252305,0.5377514255246978,16444.93981646095,Enemy
151.0,A0200,AN/APG-68(V)9,LOCK,B0200,38.730053116991726,0.0,0.0,0.0,0.0,Friendly
151.0,B0200,N001VE,TRACK,A0200,38.634505728869314,-16.044299500386334,5699.0239454252305,0.5170686783891336,16444.93981646095,Enemy
151.20000000000002,A0200,AN/APG-68(V)9,LOCK,B0200,38.82549759037713,0.0,0.0,0.0,0.0,Friendly
151.20000000000002,B0200,N001VE,TRACK,A0200,38.634505728869314,-16.044299500386334,5699.0239454252305,0.49638593125356656,16444.93981646095,Enemy
151.4,A0200,AN/APG-68(V)9,LOCK,B0200,38.920763261573704,0.0,0.0,0.0,0.0,Friendly
151.4,B0200,N001VE,TRACK,A0200,38.634505728869314,-16.044299500386334,5699.0239454252305,0.47570318411800233,16444.93981646095,Enemy
151.6,A0200,AN/APG-68(V)9,LOCK,B0200,39.01613609900053,0.0,0.0,0.0,0.0,Friendly
151.6,B0200,N001VE,TRACK,A0200,38.634505728869314,-16.044299500386334,5699.0239454252305,0.45502043698243816,16444.93981646095,Enemy
151.8,A0200,AN/APG-68(V)9,LOCK,B0200,39.111576023226036,0.0,0.0,0.0,0.0,Friendly
151.8,B0200,N001VE,TRACK,A0200,39.111576023226036,-16.326202076311183,5808.759222446123,0.5315495116980604,16456.97038724432,Enemy
152.0,A0200,AN/APG-68(V)9,LOCK,B0200,39.206997198612505,0.0,0.0,0.0,0.0,Friendly
152.0,B0200,N001VE,TRACK,A0200,39.111576023226036,-16.326202076311183,5808.759222446123,0.5111052997096746,16456.97038724432,Enemy
152.20000000000002,A0200,AN/APG-68(V)9,LOCK,B0200,39.30249918284943,0.0,0.0,0.0,0.0,Friendly
152.20000000000002,B0200,N001VE,TRACK,A0200,39.111576023226036,-16.326202076311183,5808.759222446123,0.49066108772128586,16456.97038724432,Enemy
152.4,A0200,AN/APG-68(V)9,LOCK,B0200,39.398098633269804,0.0,0.0,0.0,0.0,Friendly
152.4,B0200,N001VE,TRACK,A0200,39.111576023226036,-16.326202076311183,5808.759222446123,0.4702168757329,16456.97038724432,Enemy
152.6,A0200,AN/APG-68(V)9,LOCK,B0200,39.49375085244291,0.0,0.0,0.0,0.0,Friendly
152.6,B0200,N001VE,TRACK,A0200,39.111576023226036,-16.326202076311183,5808.759222446123,0.4497726637445142,16456.97038724432,Enemy
152.8,A0200,AN/APG-68(V)9,LOCK,B0200,39.589385025318876,0.0,0.0,0.0,0.0,Friendly
152.8,B0200,N001VE,SEARCH,None,0.0,0.0,0.0,0.0,0.0,Enemy
153.0,A0200,AN/APG-68(V)9,LOCK,B0200,39.68489101909526,0.0,0.0,0.0,0.0,Friendly
153.0,B0200,N001VE,SEARCH,None,0.0,0.0,0.0,0.0,0.0,Enemy
153.20000000000002,A0200,AN/APG-68(V)9,LOCK,B0200,39.780414089314434,0.0,0.0,0.0,0.0,Friendly
153.20000000000002,B0200,N001VE,SEARCH,None,0.0,0.0,0.0,0.0,0.0,Enemy
153.4,A0200,AN/APG-68(V)9,LOCK,B0200,39.87595058775119,0.0,0.0,0.0,0.0,Friendly
153.4,B0200,N001VE,SEARCH,None,0.0,0.0,0.0,0.0,0.0,Enemy
153.60000000000002,A0200,AN/APG-68(V)9,LOCK,B0200,39.971489121191006,0.0,0.0,0.0,0.0,Friendly
153.60000000000002,B0200,N001VE,SEARCH,None,0.0,0.0,0.0,0.0,0.0,Enemy
153.8,A0200,AN/APG-68(V)9,LOCK,B0200,40.06716463073729,0.0,0.0,0.0,0.0,Friendly
153.8,B0200,N001VE,SEARCH,None,0.0,0.0,0.0,0.0,0.0,Enemy
154.0,A0200,AN/APG-68(V)9,LOCK,B0200,40.16291897870035,0.0,0.0,0.0,0.0,Friendly
154.0,B0200,N001VE,SEARCH,None,0.0,0.0,0.0,0.0,0.0,Enemy
154.20000000000002,A0200,AN/APG-68(V)9,LOCK,B0200,40.258628510750015,0.0,0.0,0.0,0.0,Friendly
154.20000000000002,B0200,N001VE,SEARCH,None,0.0,0.0,0.0,0.0,0.0,Enemy
154.4,A0200,AN/APG-68(V)9,LOCK,B0200,40.35408171905726,0.0,0.0,0.0,0.0,Friendly
154.4,B0200,N001VE,SEARCH,None,0.0,0.0,0.0,0.0,0.0,Enemy
154.60000000000002,A0200,AN/APG-68(V)9,LOCK,B0200,40.449571643985095,0.0,0.0,0.0,0.0,Friendly
154.60000000000002,B0200,N001VE,SEARCH,None,0.0,0.0,0.0,0.0,0.0,Enemy
154.8,A0200,AN/APG-68(V)9,LOCK,B0200,40.545925297700826,0.0,0.0,0.0,0.0,Friendly
154.8,B0200,N001VE,SEARCH,None,0.0,0.0,0.0,0.0,0.0,Enemy
155.0,A0200,AN/APG-68(V)9,LOCK,B0200,40.64337191080864,0.0,0.0,0.0,0.0,Friendly
155.0,B0200,N001VE,SEARCH,None,0.0,0.0,0.0,0.0,0.0,Enemy
155.20000000000002,A0200,AN/APG-68(V)9,LOCK,B0200,40.74199069154885,0.0,0.0,0.0,0.0,Friendly
155.20000000000002,B0200,N001VE,SEARCH,None,0.0,0.0,0.0,0.0,0.0,Enemy
155.4,A0200,AN/APG-68(V)9,LOCK,B0200,40.841745758988296,0.0,0.0,0.0,0.0,Friendly
155.4,B0200,N001VE,SEARCH,None,0.0,0.0,0.0,0.0,0.0,Enemy
155.60000000000002,A0200,AN/APG-68(V)9,LOCK,B0200,40.942571037139814,0.0,0.0,0.0,0.0,Friendly
155.60000000000002,B0200,N001VE,SEARCH,None,0.0,0.0,0.0,0.0,0.0,Enemy
155.8,A0200,AN/APG-68(V)9,LOCK,B0200,41.04449875067081,0.0,0.0,0.0,0.0,Friendly
155.8,B0200,N001VE,SEARCH,None,0.0,0.0,0.0,0.0,0.0,Enemy
156.0,A0200,AN/APG-68(V)9,LOCK,B0200,41.14755748412071,0.0,0.0,0.0,0.0,Friendly
156.0,B0200,N001VE,SEARCH,None,0.0,0.0,0.0,0.0,0.0,Enemy
156.20000000000002,A0200,AN/APG-68(V)9,LOCK,B0200,41.251610447049146,0.0,0.0,0.0,0.0,Friendly
156.20000000000002,B0200,N001VE,SEARCH,None,0.0,0.0,0.0,0.0,0.0,Enemy
156.4,A0200,AN/APG-68(V)9,LOCK,B0200,41.356599063574926,0.0,0.0,0.0,0.0,Friendly
156.4,B0200,N001VE,SEARCH,None,0.0,0.0,0.0,0.0,0.0,Enemy
156.60000000000002,A0200,AN/APG-68(V)9,LOCK,B0200,41.4624820392759,0.0,0.0,0.0,0.0,Friendly
156.60000000000002,B0200,N001VE,SEARCH,None,0.0,0.0,0.0,0.0,0.0,Enemy
156.8,A0200,AN/APG-68(V)9,LOCK,B0200,41.569254959861574,0.0,0.0,0.0,0.0,Friendly
156.8,B0200,N001VE,SEARCH,None,0.0,0.0,0.0,0.0,0.0,Enemy
157.0,A0200,AN/APG-68(V)9,LOCK,B0200,41.676877263015264,0.0,0.0,0.0,0.0,Friendly
157.0,B0200,N001VE,SEARCH,None,0.0,0.0,0.0,0.0,0.0,Enemy
157.20000000000002,A0200,AN/APG-68(V)9,LOCK,B0200,41.785209849101236,0.0,0.0,0.0,0.0,Friendly
157.20000000000002,B0200,N001VE,SEARCH,None,0.0,0.0,0.0,0.0,0.0,Enemy
157.4,A0200,AN/APG-68(V)9,LOCK,B0200,41.894170267212864,0.0,0.0,0.0,0.0,Friendly
157.4,B0200,N001VE,SEARCH,None,0.0,0.0,0.0,0.0,0.0,Enemy
157.60000000000002,A0200,AN/APG-68(V)9,LOCK,B0200,42.003698037262374,0.0,0.0,0.0,0.0,Friendly
157.60000000000002,B0200,N001VE,SEARCH,None,0.0,0.0,0.0,0.0,0.0,Enemy
157.8,A0200,AN/APG-68(V)9,LOCK,B0200,42.1138550043235,0.0,0.0,0.0,0.0,Friendly
157.8,B0200,N001VE,SEARCH,None,0.0,0.0,0.0,0.0,0.0,Enemy
158.0,A0200,AN/APG-68(V)9,LOCK,B0200,42.22462875110134,0.0,0.0,0.0,0.0,Friendly
158.0,B0200,N001VE,SEARCH,None,0.0,0.0,0.0,0.0,0.0,Enemy
158.20000000000002,A0200,AN/APG-68(V)9,LOCK,B0200,42.335915264221015,0.0,0.0,0.0,0.0,Friendly
158.20000000000002,B0200,N001VE,SEARCH,None,0.0,0.0,0.0,0.0,0.0,Enemy
158.4,A0200,AN/APG-68(V)9,LOCK,B0200,42.44768438561181,0.0,0.0,0.0,0.0,Friendly
158.4,B0200,N001VE,SEARCH,None,0.0,0.0,0.0,0.0,0.0,Enemy
158.60000000000002,A0200,AN/APG-68(V)9,LOCK,B0200,42.55985469491112,0.0,0.0,0.0,0.0,Friendly
158.60000000000002,B0200,N001VE,SEARCH,None,0.0,0.0,0.0,0.0,0.0,Enemy
158.8,A0200,AN/APG-68(V)9,LOCK,B0200,42.67237456595047,0.0,0.0,0.0,0.0,Friendly
158.8,B0200,N001VE,SEARCH,None,0.0,0.0,0.0,0.0,0.0,Enemy
159.0,A0200,AN/APG-68(V)9,LOCK,B0200,42.7851127990232,0.0,0.0,0.0,0.0,Friendly
159.0,B0200,N001VE,SEARCH,None,0.0,0.0,0.0,0.0,0.0,Enemy
159.20000000000002,A0200,AN/APG-68(V)9,LOCK,B0200,42.89797972721385,0.0,0.0,0.0,0.0,Friendly
159.20000000000002,B0200,N001VE,SEARCH,None,0.0,0.0,0.0,0.0,0.0,Enemy
159.4,A0200,AN/APG-68(V)9,LOCK,B0200,43.01096666001143,0.0,0.0,0.0,0.0,Friendly
159.4,B0200,N001VE,SEARCH,None,0.0,0.0,0.0,0.0,0.0,Enemy
159.60000000000002,A0200,AN/APG-68(V)9,LOCK,B0200,43.12398140192396,0.0,0.0,0.0,0.0,Friendly
159.60000000000002,B0200,N001VE,SEARCH,None,0.0,0.0,0.0,0.0,0.0,Enemy
159.8,A0200,AN/APG-68(V)9,LOCK,B0200,43.236972602371495,0.0,0.0,0.0,0.0,Friendly
159.8,B0200,N001VE,SEARCH,None,0.0,0.0,0.0,0.0,0.0,Enemy
160.0,A0200,AN/APG-68(V)9,LOCK,B0200,43.3498802668159,0.0,0.0,0.0,0.0,Friendly
160.0,B0200,N001VE,SEARCH,None,0.0,0.0,0.0,0.0,0.0,Enemy
160.20000000000002,A0200,AN/APG-68(V)9,LOCK,B0200,43.46269129871512,0.0,0.0,0.0,0.0,Friendly
160.20000000000002,B0200,N001VE,SEARCH,None,0.0,0.0,0.0,0.0,0.0,Enemy
160.4,A0200,AN/APG-68(V)9,LOCK,B0200,43.575375481996865,0.0,0.0,0.0,0.0,Friendly
160.4,B0200,N001VE,SEARCH,None,0.0,0.0,0.0,0.0,0.0,Enemy
160.60000000000002,A0200,AN/APG-68(V)9,LOCK,B0200,43.687789260148136,0.0,0.0,0.0,0.0,Friendly
160.60000000000002,B0200,N001VE,SEARCH,None,0.0,0.0,0.0,0.0,0.0,Enemy
160.8,A0200,AN/APG-68(V)9,LOCK,B0200,43.79979849532885,0.0,0.0,0.0,0.0,Friendly
160.8,B0200,N001VE,SEARCH,None,0.0,0.0,0.0,0.0,0.0,Enemy
161.0,A0200,AN/APG-68(V)9,LOCK,B0200,43.91126615096883,0.0,0.0,0.0,0.0,Friendly
161.0,B0200,N001VE,SEARCH,None,0.0,0.0,0.0,0.0,0.0,Enemy
161.20000000000002,A0200,AN/APG-68(V)9,LOCK,B0200,44.02222376044341,0.0,0.0,0.0,0.0,Friendly
161.20000000000002,B0200,N001VE,SEARCH,None,0.0,0.0,0.0,0.0,0.0,Enemy
161.4,A0200,AN/APG-68(V)9,LOCK,B0200,44.132906443135276,0.0,0.0,0.0,0.0,Friendly
161.4,B0200,N001VE,SEARCH,None,0.0,0.0,0.0,0.0,0.0,Enemy
161.60000000000002,A0200,AN/APG-68(V)9,LOCK,B0200,44.24347781009759,0.0,0.0,0.0,0.0,Friendly
161.60000000000002,B0200,N001VE,SEARCH,None,0.0,0.0,0.0,0.0,0.0,Enemy
161.8,A0200,AN/APG-68(V)9,LOCK,B0200,44.354057201100716,0.0,0.0,0.0,0.0,Friendly
161.8,B0200,N001VE,SEARCH,None,0.0,0.0,0.0,0.0,0.0,Enemy
162.0,A0200,AN/APG-68(V)9,LOCK,B0200,44.46474090572479,0.0,0.0,0.0,0.0,Friendly
162.0,B0200,N001VE,SEARCH,None,0.0,0.0,0.0,0.0,0.0,Enemy
162.20000000000002,A0200,AN/APG-68(V)9,LOCK,B0200,44.57554983675605,0.0,0.0,0.0,0.0,Friendly
162.20000000000002,B0200,N001VE,SEARCH,None,0.0,0.0,0.0,0.0,0.0,Enemy
162.4,A0200,AN/APG-68(V)9,LOCK,B0200,44.68644500675938,0.0,0.0,0.0,0.0,Friendly
162.4,B0200,N001VE,SEARCH,None,0.0,0.0,0.0,0.0,0.0,Enemy
162.60000000000002,A0200,AN/APG-68(V)9,LOCK,B0200,44.797473162314205,0.0,0.0,0.0,0.0,Friendly
162.60000000000002,B0200,N001VE,SEARCH,None,0.0,0.0,0.0,0.0,0.0,Enemy
162.8,A0200,AN/APG-68(V)9,LOCK,B0200,44.90862003420046,0.0,0.0,0.0,0.0,Friendly
162.8,B0200,N001VE,SEARCH,None,0.0,0.0,0.0,0.0,0.0,Enemy
163.0,A0200,AN/APG-68(V)9,TRACK,B0200,45.019874816953866,0.0,0.0,0.0,0.0,Friendly
163.0,B0200,N001VE,SEARCH,None,0.0,0.0,0.0,0.0,0.0,Enemy
163.20000000000002,A0200,AN/APG-68(V)9,TRACK,B0200,45.13126455239301,0.0,0.0,0.0,0.0,Friendly
163.20000000000002,B0200,N001VE,SEARCH,None,0.0,0.0,0.0,0.0,0.0,Enemy
163.4,A0200,AN/APG-68(V)9,TRACK,B0200,45.242765768959295,0.0,0.0,0.0,0.0,Friendly
163.4,B0200,N001VE,SEARCH,None,0.0,0.0,0.0,0.0,0.0,Enemy
163.60000000000002,A0200,AN/APG-68(V)9,TRACK,B0200,45.35434614481969,0.0,0.0,0.0,0.0,Friendly
163.60000000000002,B0200,N001VE,SEARCH,None,0.0,0.0,0.0,0.0,0.0,Enemy
163.8,A0200,AN/APG-68(V)9,TRACK,B0200,45.46597150025975,0.0,0.0,0.0,0.0,Friendly
163.8,B0200,N001VE,SEARCH,None,0.0,0.0,0.0,0.0,0.0,Enemy
164.0,A0200,AN/APG-68(V)9,TRACK,B0200,45.57765074552226,0.0,0.0,0.0,0.0,Friendly
164.0,B0200,N001VE,SEARCH,None,0.0,0.0,0.0,0.0,0.0,Enemy
164.20000000000002,A0200,AN/APG-68(V)9,TRACK,B0200,45.689384123593854,0.0,0.0,0.0,0.0,Friendly
164.20000000000002,B0200,N001VE,SEARCH,None,0.0,0.0,0.0,0.0,0.0,Enemy
164.4,A0200,AN/APG-68(V)9,TRACK,B0200,45.801177701677204,0.0,0.0,0.0,0.0,Friendly
164.4,B0200,N001VE,SEARCH,None,0.0,0.0,0.0,0.0,0.0,Enemy
164.60000000000002,A0200,AN/APG-68(V)9,TRACK,B0200,45.91308263017474,0.0,0.0,0.0,0.0,Friendly
164.60000000000002,B0200,N001VE,SEARCH,None,0.0,0.0,0.0,0.0,0.0,Enemy
164.8,A0200,AN/APG-68(V)9,TRACK,B0200,46.0250512721764,0.0,0.0,0.0,0.0,Friendly
164.8,B0200,N001VE,SEARCH,None,0.0,0.0,0.0,0.0,0.0,Enemy
165.0,A0200,AN/APG-68(V)9,TRACK,B0200,46.13705665773496,0.0,0.0,0.0,0.0,Friendly
165.0,B0200,N001VE,SEARCH,None,0.0,0.0,0.0,0.0,0.0,Enemy
165.20000000000002,A0200,AN/APG-68(V)9,TRACK,B0200,46.24910537619087,0.0,0.0,0.0,0.0,Friendly
165.20000000000002,B0200,N001VE,SEARCH,None,0.0,0.0,0.0,0.0,0.0,Enemy
165.4,A0200,AN/APG-68(V)9,TRACK,B0200,46.361191699904786,0.0,0.0,0.0,0.0,Friendly
165.4,B0200,N001VE,SEARCH,None,0.0,0.0,0.0,0.0,0.0,Enemy
165.60000000000002,A0200,AN/APG-68(V)9,TRACK,B0200,46.473358307095516,0.0,0.0,0.0,0.0,Friendly
165.60000000000002,B0200,N001VE,SEARCH,None,0.0,0.0,0.0,0.0,0.0,Enemy
165.8,A0200,AN/APG-68(V)9,TRACK,B0200,46.585590643686544,0.0,0.0,0.0,0.0,Friendly
165.8,B0200,N001VE,SEARCH,None,0.0,0.0,0.0,0.0,0.0,Enemy
166.0,A0200,AN/APG-68(V)9,TRACK,B0200,46.69783095335953,0.0,0.0,0.0,0.0,Friendly
166.0,B0200,N001VE,SEARCH,None,0.0,0.0,0.0,0.0,0.0,Enemy
166.20000000000002,A0200,AN/APG-68(V)9,TRACK,B0200,46.81012107653023,0.0,0.0,0.0,0.0,Friendly
166.20000000000002,B0200,N001VE,SEARCH,None,0.0,0.0,0.0,0.0,0.0,Enemy
166.4,A0200,AN/APG-68(V)9,TRACK,B0200,46.922505971247496,0.0,0.0,0.0,0.0,Friendly
166.4,B0200,N001VE,SEARCH,None,0.0,0.0,0.0,0.0,0.0,Enemy
166.60000000000002,A0200,AN/APG-68(V)9,TRACK,B0200,47.03495262845384,0.0,0.0,0.0,0.0,Friendly
166.60000000000002,B0200,N001VE,SEARCH,None,0.0,0.0,0.0,0.0,0.0,Enemy
166.8,A0200,AN/APG-68(V)9,TRACK,B0200,47.147441000625285,0.0,0.0,0.0,0.0,Friendly
166.8,B0200,N001VE,SEARCH,None,0.0,0.0,0.0,0.0,0.0,Enemy
167.0,A0200,AN/APG-68(V)9,TRACK,B0200,47.26002187743875,0.0,0.0,0.0,0.0,Friendly
167.0,B0200,N001VE,SEARCH,None,0.0,0.0,0.0,0.0,0.0,Enemy
167.20000000000002,A0200,AN/APG-68(V)9,TRACK,B0200,47.37268385145333,0.0,0.0,0.0,0.0,Friendly
167.20000000000002,B0200,N001VE,SEARCH,None,0.0,0.0,0.0,0.0,0.0,Enemy
167.4,A0200,AN/APG-68(V)9,TRACK,B0200,47.48539562388302,0.0,0.0,0.0,0.0,Friendly
167.4,B0200,N001VE,SEARCH,None,0.0,0.0,0.0,0.0,0.0,Enemy
167.60000000000002,A0200,AN/APG-68(V)9,TRACK,B0200,47.59816119815633,0.0,0.0,0.0,0.0,Friendly
167.60000000000002,B0200,N001VE,SEARCH,None,0.0,0.0,0.0,0.0,0.0,Enemy
167.8,A0200,AN/APG-68(V)9,TRACK,B0200,47.7109289068881,0.0,0.0,0.0,0.0,Friendly
167.8,B0200,N001VE,SEARCH,None,0.0,0.0,0.0,0.0,0.0,Enemy
168.0,A0200,AN/APG-68(V)9,TRACK,B0200,47.82373362695756,0.0,0.0,0.0,0.0,Friendly
168.0,B0200,N001VE,SEARCH,None,0.0,0.0,0.0,0.0,0.0,Enemy
168.20000000000002,A0200,AN/APG-68(V)9,TRACK,B0200,47.93657478233028,0.0,0.0,0.0,0.0,Friendly
168.20000000000002,B0200,N001VE,SEARCH,None,0.0,0.0,0.0,0.0,0.0,Enemy
168.4,A0200,AN/APG-68(V)9,TRACK,B0200,48.04948123946585,0.0,0.0,0.0,0.0,Friendly
168.4,B0200,N001VE,SEARCH,None,0.0,0.0,0.0,0.0,0.0,Enemy
168.60000000000002,A0200,AN/APG-68(V)9,TRACK,B0200,48.162420099193234,0.0,0.0,0.0,0.0,Friendly
168.60000000000002,B0200,N001VE,SEARCH,None,0.0,0.0,0.0,0.0,0.0,Enemy
168.8,A0200,AN/APG-68(V)9,TRACK,B0200,48.275380410320516,0.0,0.0,0.0,0.0,Friendly
168.8,B0200,N001VE,SEARCH,None,0.0,0.0,0.0,0.0,0.0,Enemy
169.0,A0200,AN/APG-68(V)9,TRACK,B0200,48.38836102766385,0.0,0.0,0.0,0.0,Friendly
169.0,B0200,N001VE,SEARCH,None,0.0,0.0,0.0,0.0,0.0,Enemy
169.20000000000002,A0200,AN/APG-68(V)9,TRACK,B0200,48.50139552778533,0.0,0.0,0.0,0.0,Friendly
169.20000000000002,B0200,N001VE,SEARCH,None,0.0,0.0,0.0,0.0,0.0,Enemy
169.4,A0200,AN/APG-68(V)9,TRACK,B0200,48.614485298407374,0.0,0.0,0.0,0.0,Friendly
169.4,B0200,N001VE,SEARCH,None,0.0,0.0,0.0,0.0,0.0,Enemy
169.60000000000002,A0200,AN/APG-68(V)9,TRACK,B0200,48.72763564502785,0.0,0.0,0.0,0.0,Friendly
169.60000000000002,B0200,N001VE,SEARCH,None,0.0,0.0,0.0,0.0,0.0,Enemy
169.8,A0200,AN/APG-68(V)9,TRACK,B0200,48.84084532384713,0.0,0.0,0.0,0.0,Friendly
169.8,B0200,N001VE,SEARCH,None,0.0,0.0,0.0,0.0,0.0,Enemy
170.0,A0200,AN/APG-68(V)9,TRACK,B0200,48.9540461867081,0.0,0.0,0.0,0.0,Friendly
170.0,B0200,N001VE,SEARCH,None,0.0,0.0,0.0,0.0,0.0,Enemy
170.20000000000002,A0200,AN/APG-68(V)9,TRACK,B0200,49.06733468083597,0.0,0.0,0.0,0.0,Friendly
170.20000000000002,B0200,N001VE,SEARCH,None,0.0,0.0,0.0,0.0,0.0,Enemy
170.4,A0200,AN/APG-68(V)9,TRACK,B0200,49.180658066199165,0.0,0.0,0.0,0.0,Friendly
170.4,B0200,N001VE,SEARCH,None,0.0,0.0,0.0,0.0,0.0,Enemy
170.60000000000002,A0200,AN/APG-68(V)9,TRACK,B0200,49.2940102227053,0.0,0.0,0.0,0.0,Friendly
170.60000000000002,B0200,N001VE,SEARCH,None,0.0,0.0,0.0,0.0,0.0,Enemy
170.8,A0200,AN/APG-68(V)9,TRACK,B0200,49.407346486624654,0.0,0.0,0.0,0.0,Friendly
170.8,B0200,N001VE,SEARCH,None,0.0,0.0,0.0,0.0,0.0,Enemy
171.0,A0200,AN/APG-68(V)9,TRACK,B0200,49.52070518117503,0.0,0.0,0.0,0.0,Friendly
171.0,B0200,N001VE,SEARCH,None,0.0,0.0,0.0,0.0,0.0,Enemy
171.20000000000002,A0200,AN/APG-68(V)9,TRACK,B0200,49.63408441510709,0.0,0.0,0.0,0.0,Friendly
171.20000000000002,B0200,N001VE,SEARCH,None,0.0,0.0,0.0,0.0,0.0,Enemy
171.4,A0200,AN/APG-68(V)9,TRACK,B0200,49.74746357039768,0.0,0.0,0.0,0.0,Friendly
171.4,B0200,N001VE,SEARCH,None,0.0,0.0,0.0,0.0,0.0,Enemy
171.60000000000002,A0200,AN/APG-68(V)9,TRACK,B0200,49.860909926059946,0.0,0.0,0.0,0.0,Friendly
171.60000000000002,B0200,N001VE,SEARCH,None,0.0,0.0,0.0,0.0,0.0,Enemy
171.8,A0200,AN/APG-68(V)9,TRACK,B0200,49.97437101198749,0.0,0.0,0.0,0.0,Friendly
171.8,B0200,N001VE,SEARCH,None,0.0,0.0,0.0,0.0,0.0,Enemy
172.0,A0200,AN/APG-68(V)9,TRACK,B0200,50.087839105612154,0.0,0.0,0.0,0.0,Friendly
172.0,B0200,N001VE,SEARCH,None,0.0,0.0,0.0,0.0,0.0,Enemy
172.20000000000002,A0200,AN/APG-68(V)9,TRACK,B0200,50.20132472228199,0.0,0.0,0.0,0.0,Friendly
172.20000000000002,B0200,N001VE,SEARCH,None,0.0,0.0,0.0,0.0,0.0,Enemy
172.4,A0200,AN/APG-68(V)9,TRACK,B0200,50.31480072779631,0.0,0.0,0.0,0.0,Friendly
172.4,B0200,N001VE,SEARCH,None,0.0,0.0,0.0,0.0,0.0,Enemy
172.60000000000002,A0200,AN/APG-68(V)9,TRACK,B0200,50.42829321321623,0.0,0.0,0.0,0.0,Friendly
172.60000000000002,B0200,N001VE,SEARCH,None,0.0,0.0,0.0,0.0,0.0,Enemy
172.8,A0200,AN/APG-68(V)9,TRACK,B0200,50.54172986775445,0.0,0.0,0.0,0.0,Friendly
172.8,B0200,N001VE,SEARCH,None,0.0,0.0,0.0,0.0,0.0,Enemy
173.0,A0200,AN/APG-68(V)9,TRACK,B0200,50.65522585083003,0.0,0.0,0.0,0.0,Friendly
173.0,B0200,N001VE,SEARCH,None,0.0,0.0,0.0,0.0,0.0,Enemy
173.20000000000002,A0200,AN/APG-68(V)9,TRACK,B0200,50.76881293084678,0.0,0.0,0.0,0.0,Friendly
173.20000000000002,B0200,N001VE,SEARCH,None,0.0,0.0,0.0,0.0,0.0,Enemy
173.4,A0200,AN/APG-68(V)9,TRACK,B0200,50.88244620175499,0.0,0.0,0.0,0.0,Friendly
173.4,B0200,N001VE,SEARCH,None,0.0,0.0,0.0,0.0,0.0,Enemy
173.60000000000002,A0200,AN/APG-68(V)9,TRACK,B0200,50.99606390986696,0.0,0.0,0.0,0.0,Friendly
173.60000000000002,B0200,N001VE,SEARCH,None,0.0,0.0,0.0,0.0,0.0,Enemy
173.8,A0200,AN/APG-68(V)9,TRACK,B0200,51.10967031620425,0.0,0.0,0.0,0.0,Friendly
173.8,B0200,N001VE,SEARCH,None,0.0,0.0,0.0,0.0,0.0,Enemy
174.0,A0200,AN/APG-68(V)9,TRACK,B0200,51.22328004386233,0.0,0.0,0.0,0.0,Friendly
174.0,B0200,N001VE,SEARCH,None,0.0,0.0,0.0,0.0,0.0,Enemy
174.20000000000002,A0200,AN/APG-68(V)9,TRACK,B0200,51.3369338412357,0.0,0.0,0.0,0.0,Friendly
174.20000000000002,B0200,N001VE,SEARCH,None,0.0,0.0,0.0,0.0,0.0,Enemy
174.4,A0200,AN/APG-68(V)9,TRACK,B0200,51.450657387433566,0.0,0.0,0.0,0.0,Friendly
174.4,B0200,N001VE,SEARCH,None,0.0,0.0,0.0,0.0,0.0,Enemy
174.60000000000002,A0200,AN/APG-68(V)9,TRACK,B0200,51.56448001417158,0.0,0.0,0.0,0.0,Friendly
174.60000000000002,B0200,N001VE,SEARCH,None,0.0,0.0,0.0,0.0,0.0,Enemy
174.8,A0200,AN/APG-68(V)9,TRACK,B0200,51.67826814500453,0.0,0.0,0.0,0.0,Friendly
174.8,B0200,N001VE,SEARCH,None,0.0,0.0,0.0,0.0,0.0,Enemy
175.0,A0200,AN/APG-68(V)9,TRACK,B0200,51.79207505028664,0.0,0.0,0.0,0.0,Friendly
175.0,B0200,N001VE,SEARCH,None,0.0,0.0,0.0,0.0,0.0,Enemy
175.20000000000002,A0200,AN/APG-68(V)9,TRACK,B0200,51.9059333070041,0.0,0.0,0.0,0.0,Friendly
175.20000000000002,B0200,N001VE,SEARCH,None,0.0,0.0,0.0,0.0,0.0,Enemy
175.4,A0200,AN/APG-68(V)9,TRACK,B0200,52.01978299402332,0.0,0.0,0.0,0.0,Friendly
175.4,B0200,N001VE,SEARCH,None,0.0,0.0,0.0,0.0,0.0,Enemy
175.60000000000002,A0200,AN/APG-68(V)9,TRACK,B0200,52.133673119566744,0.0,0.0,0.0,0.0,Friendly
175.60000000000002,B0200,N001VE,SEARCH,None,0.0,0.0,0.0,0.0,0.0,Enemy
175.8,A0200,AN/APG-68(V)9,TRACK,B0200,52.247551853359276,0.0,0.0,0.0,0.0,Friendly
175.8,B0200,N001VE,SEARCH,None,0.0,0.0,0.0,0.0,0.0,Enemy
176.0,A0200,AN/APG-68(V)9,TRACK,B0200,52.36144301690197,0.0,0.0,0.0,0.0,Friendly
176.0,B0200,N001VE,SEARCH,None,0.0,0.0,0.0,0.0,0.0,Enemy
176.20000000000002,A0200,AN/APG-68(V)9,TRACK,B0200,52.47534852422069,0.0,0.0,0.0,0.0,Friendly
176.20000000000002,B0200,N001VE,SEARCH,None,0.0,0.0,0.0,0.0,0.0,Enemy
176.4,A0200,AN/APG-68(V)9,TRACK,B0200,52.589303226094295,0.0,0.0,0.0,0.0,Friendly
176.4,B0200,N001VE,SEARCH,None,0.0,0.0,0.0,0.0,0.0,Enemy
176.60000000000002,A0200,AN/APG-68(V)9,TRACK,B0200,52.703258657570146,0.0,0.0,0.0,0.0,Friendly
176.60000000000002,B0200,N001VE,SEARCH,None,0.0,0.0,0.0,0.0,0.0,Enemy
176.8,A0200,AN/APG-68(V)9,TRACK,B0200,52.81724508775979,0.0,0.0,0.0,0.0,Friendly
176.8,B0200,N001VE,TRACK,A0200,52.81724508775979,-22.712283031330507,5656.405739926468,0.3533758138591221,16340.486296158024,Enemy
177.0,A0200,AN/APG-68(V)9,TRACK,B0200,52.9312124369411,0.0,0.0,0.0,0.0,Friendly
177.0,B0200,N001VE,TRACK,A0200,52.81724508775979,-22.712283031330507,5656.405739926468,0.3397844364030027,16340.486296158024,Enemy
177.20000000000002,A0200,AN/APG-68(V)9,TRACK,B0200,53.04524825907922,0.0,0.0,0.0,0.0,Friendly
177.20000000000002,B0200,N001VE,TRACK,A0200,52.81724508775979,-22.712283031330507,5656.405739926468,0.32619305894688144,16340.486296158024,Enemy
177.4,A0200,AN/APG-68(V)9,TRACK,B0200,53.159268631268716,0.0,0.0,0.0,0.0,Friendly
177.4,B0200,N001VE,TRACK,A0200,52.81724508775979,-22.712283031330507,5656.405739926468,0.3126016814907621,16340.486296158024,Enemy
177.60000000000002,A0200,AN/APG-68(V)9,TRACK,B0200,53.27330869264988,0.0,0.0,0.0,0.0,Friendly
177.60000000000002,B0200,N001VE,SEARCH,A0200,52.81724508775979,-22.712283031330507,5656.405739926468,0.29901030403464085,16340.486296158024,Enemy
177.8,A0200,AN/APG-68(V)9,TRACK,B0200,53.38738253932881,0.0,0.0,0.0,0.0,Friendly
177.8,B0200,N001VE,SEARCH,None,0.0,0.0,0.0,0.0,0.0,Enemy
178.0,A0200,AN/APG-68(V)9,TRACK,B0200,53.50145807326045,0.0,0.0,0.0,0.0,Friendly
178.0,B0200,N001VE,SEARCH,None,0.0,0.0,0.0,0.0,0.0,Enemy
178.20000000000002,A0200,AN/APG-68(V)9,TRACK,B0200,53.615542000258884,0.0,0.0,0.0,0.0,Friendly
178.20000000000002,B0200,N001VE,SEARCH,None,0.0,0.0,0.0,0.0,0.0,Enemy
178.4,A0200,AN/APG-68(V)9,TRACK,B0200,53.7296791329749,0.0,0.0,0.0,0.0,Friendly
178.4,B0200,N001VE,SEARCH,None,0.0,0.0,0.0,0.0,0.0,Enemy
178.60000000000002,A0200,AN/APG-68(V)9,TRACK,B0200,53.843749669958456,0.0,0.0,0.0,0.0,Friendly
178.60000000000002,B0200,N001VE,SEARCH,None,0.0,0.0,0.0,0.0,0.0,Enemy
178.8,A0200,AN/APG-68(V)9,TRACK,B0200,53.95777440817218,0.0,0.0,0.0,0.0,Friendly
178.8,B0200,N001VE,TRACK,A0200,53.95777440817218,-23.16913725923463,5596.506425045446,0.3385489326937611,16324.25438548231,Enemy
179.0,A0200,AN/APG-68(V)9,TRACK,B0200,54.07183381510932,0.0,0.0,0.0,0.0,Friendly
179.0,B0200,N001VE,TRACK,A0200,53.95777440817218,-23.16913725923463,5596.506425045446,0.32552781989784785,16324.25438548231,Enemy
179.20000000000002,A0200,AN/APG-68(V)9,TRACK,B0200,54.18599284477425,0.0,0.0,0.0,0.0,Friendly
179.20000000000002,B0200,N001VE,TRACK,A0200,53.95777440817218,-23.16913725923463,5596.506425045446,0.31250670710193285,16324.25438548231,Enemy
179.4,A0200,AN/APG-68(V)9,TRACK,B0200,54.30020997619864,0.0,0.0,0.0,0.0,Friendly
179.4,B0200,N001VE,SEARCH,A0200,53.95777440817218,-23.16913725923463,5596.506425045446,0.2994855943060196,16324.25438548231,Enemy
179.60000000000002,A0200,AN/APG-68(V)9,TRACK,B0200,54.41444896096801,0.0,0.0,0.0,0.0,Friendly
179.60000000000002,B0200,N001VE,SEARCH,A0200,53.95777440817218,-23.16913725923463,5596.506425045446,0.2864644815101046,16324.25438548231,Enemy
179.8,A0200,AN/APG-68(V)9,TRACK,B0200,54.52870598874775,0.0,0.0,0.0,0.0,Friendly
179.8,B0200,N001VE,TRACK,A0200,54.52870598874775,-23.395388713449687,5568.76285814648,0.3311268221462785,16316.411597609758,Enemy
180.0,A0200,AN/APG-68(V)9,TRACK,B0200,54.64301918672996,0.0,0.0,0.0,0.0,Friendly
180.0,B0200,N001VE,TRACK,A0200,54.52870598874775,-23.395388713449687,5568.76285814648,0.31839117514065307,16316.411597609758,Enemy
180.20000000000002,A0200,AN/APG-68(V)9,TRACK,B0200,54.75735340307187,0.0,0.0,0.0,0.0,Friendly
180.20000000000002,B0200,N001VE,TRACK,A0200,54.52870598874775,-23.395388713449687,5568.76285814648,0.3056555281350259,16316.411597609758,Enemy
180.4,A0200,AN/APG-68(V)9,TRACK,B0200,54.871704217633614,0.0,0.0,0.0,0.0,Friendly
180.4,B0200,N001VE,SEARCH,A0200,54.52870598874775,-23.395388713449687,5568.76285814648,0.29291988112940043,16316.411597609758,Enemy
180.60000000000002,A0200,AN/APG-68(V)9,TRACK,B0200,54.98605034146062,0.0,0.0,0.0,0.0,Friendly
180.60000000000002,B0200,N001VE,SEARCH,A0200,54.52870598874775,-23.395388713449687,5568.76285814648,0.28018423412377325,16316.411597609758,Enemy
180.8,A0200,AN/APG-68(V)9,TRACK,B0200,55.10035643545628,0.0,0.0,0.0,0.0,Friendly
180.8,B0200,N001VE,TRACK,A0200,55.10035643545628,-23.62023020754861,5532.919952816634,0.3236953663390677,16308.681128080327,Enemy
181.0,A0200,AN/APG-68(V)9,TRACK,B0200,55.21469351910297,0.0,0.0,0.0,0.0,Friendly
181.0,B0200,N001VE,TRACK,A0200,55.10035643545628,-23.62023020754861,5532.919952816634,0.31124554455679654,16308.681128080327,Enemy
181.20000000000002,A0200,AN/APG-68(V)9,TRACK,B0200,55.32905833795795,0.0,0.0,0.0,0.0,Friendly
181.20000000000002,B0200,N001VE,SEARCH,A0200,55.10035643545628,-23.62023020754861,5532.919952816634,0.29879572277452365,16308.681128080327,Enemy
181.4,A0200,AN/APG-68(V)9,TRACK,B0200,55.44335599472122,0.0,0.0,0.0,0.0,Friendly
181.4,B0200,N001VE,SEARCH,A0200,55.10035643545628,-23.62023020754861,5532.919952816634,0.28634590099225243,16308.681128080327,Enemy
181.60000000000002,A0200,AN/APG-68(V)9,TRACK,B0200,55.55757301290129,0.0,0.0,0.0,0.0,Friendly
181.60000000000002,B0200,N001VE,SEARCH,A0200,55.10035643545628,-23.62023020754861,5532.919952816634,0.27389607920997955,16308.681128080327,Enemy
181.8,A0200,AN/APG-68(V)9,TRACK,B0200,55.671834020017705,0.0,0.0,0.0,0.0,Friendly
181.8,B0200,N001VE,SEARCH,None,0.0,0.0,0.0,0.0,0.0,Enemy
182.0,A0200,AN/APG-68(V)9,TRACK,B0200,55.78617078797729,0.0,0.0,0.0,0.0,Friendly
182.0,B0200,N001VE,SEARCH,None,0.0,0.0,0.0,0.0,0.0,Enemy
182.20000000000002,A0200,AN/APG-68(V)9,TRACK,B0200,55.90058072327303,0.0,0.0,0.0,0.0,Friendly
182.20000000000002,B0200,N001VE,SEARCH,None,0.0,0.0,0.0,0.0,0.0,Enemy
182.4,A0200,AN/APG-68(V)9,TRACK,B0200,56.01494905769665,0.0,0.0,0.0,0.0,Friendly
182.4,B0200,N001VE,SEARCH,None,0.0,0.0,0.0,0.0,0.0,Enemy
182.60000000000002,A0200,AN/APG-68(V)9,TRACK,B0200,56.129275965011786,0.0,0.0,0.0,0.0,Friendly
182.60000000000002,B0200,N001VE,SEARCH,None,0.0,0.0,0.0,0.0,0.0,Enemy
182.8,A0200,AN/APG-68(V)9,TRACK,B0200,56.24362265430105,0.0,0.0,0.0,0.0,Friendly
182.8,B0200,N001VE,SEARCH,None,0.0,0.0,0.0,0.0,0.0,Enemy
183.0,A0200,AN/APG-68(V)9,TRACK,B0200,56.35799357045411,0.0,0.0,0.0,0.0,Friendly
183.0,B0200,N001VE,SEARCH,None,0.0,0.0,0.0,0.0,0.0,Enemy
183.20000000000002,A0200,AN/APG-68(V)9,TRACK,B0200,56.472354889622196,0.0,0.0,0.0,0.0,Friendly
183.20000000000002,B0200,N001VE,SEARCH,None,0.0,0.0,0.0,0.0,0.0,Enemy
183.4,A0200,AN/APG-68(V)9,TRACK,B0200,56.58663856721532,0.0,0.0,0.0,0.0,Friendly
183.4,B0200,N001VE,SEARCH,None,0.0,0.0,0.0,0.0,0.0,Enemy
183.60000000000002,A0200,AN/APG-68(V)9,TRACK,B0200,56.70077354171058,0.0,0.0,0.0,0.0,Friendly
183.60000000000002,B0200,N001VE,SEARCH,None,0.0,0.0,0.0,0.0,0.0,Enemy
183.8,A0200,AN/APG-68(V)9,TRACK,B0200,56.81482782599538,0.0,0.0,0.0,0.0,Friendly
183.8,B0200,N001VE,SEARCH,None,0.0,0.0,0.0,0.0,0.0,Enemy
184.0,A0200,AN/APG-68(V)9,TRACK,B0200,56.92887734328195,0.0,0.0,0.0,0.0,Friendly
184.0,B0200,N001VE,SEARCH,None,0.0,0.0,0.0,0.0,0.0,Enemy
184.20000000000002,A0200,AN/APG-68(V)9,TRACK,B0200,57.04281848390211,0.0,0.0,0.0,0.0,Friendly
184.20000000000002,B0200,N001VE,SEARCH,None,0.0,0.0,0.0,0.0,0.0,Enemy
184.4,A0200,AN/APG-68(V)9,TRACK,B0200,57.15672109046397,0.0,0.0,0.0,0.0,Friendly
184.4,B0200,N001VE,SEARCH,None,0.0,0.0,0.0,0.0,0.0,Enemy
184.60000000000002,A0200,AN/APG-68(V)9,TRACK,B0200,57.27052314341623,0.0,0.0,0.0,0.0,Friendly
184.60000000000002,B0200,N001VE,SEARCH,None,0.0,0.0,0.0,0.0,0.0,Enemy
184.8,A0200,AN/APG-68(V)9,TRACK,B0200,57.38424822074496,0.0,0.0,0.0,0.0,Friendly
184.8,B0200,N001VE,SEARCH,None,0.0,0.0,0.0,0.0,0.0,Enemy
185.0,A0200,AN/APG-68(V)9,TRACK,B0200,57.49787760291614,0.0,0.0,0.0,0.0,Friendly
185.0,B0200,N001VE,SEARCH,None,0.0,0.0,0.0,0.0,0.0,Enemy
185.20000000000002,A0200,AN/APG-68(V)9,TRACK,B0200,57.61148014115881,0.0,0.0,0.0,0.0,Friendly
185.20000000000002,B0200,N001VE,SEARCH,None,0.0,0.0,0.0,0.0,0.0,Enemy
185.4,A0200,AN/APG-68(V)9,TRACK,B0200,57.72516409489617,0.0,0.0,0.0,0.0,Friendly
185.4,B0200,N001VE,SEARCH,None,0.0,0.0,0.0,0.0,0.0,Enemy
185.60000000000002,A0200,AN/APG-68(V)9,TRACK,B0200,57.83888669996947,0.0,0.0,0.0,0.0,Friendly
185.60000000000002,B0200,N001VE,SEARCH,None,0.0,0.0,0.0,0.0,0.0,Enemy
185.8,A0200,AN/APG-68(V)9,TRACK,B0200,57.95258215664498,0.0,0.0,0.0,0.0,Friendly
185.8,B0200,N001VE,SEARCH,None,0.0,0.0,0.0,0.0,0.0,Enemy
186.0,A0200,AN/APG-68(V)9,TRACK,B0200,58.06631261308081,0.0,0.0,0.0,0.0,Friendly
186.0,B0200,N001VE,SEARCH,None,0.0,0.0,0.0,0.0,0.0,Enemy
186.20000000000002,A0200,AN/APG-68(V)9,TRACK,B0200,58.18015477559048,0.0,0.0,0.0,0.0,Friendly
186.20000000000002,B0200,N001VE,SEARCH,None,0.0,0.0,0.0,0.0,0.0,Enemy
186.4,A0200,AN/APG-68(V)9,TRACK,B0200,58.29399917696115,0.0,0.0,0.0,0.0,Friendly
186.4,B0200,N001VE,SEARCH,None,0.0,0.0,0.0,0.0,0.0,Enemy
186.60000000000002,A0200,AN/APG-68(V)9,TRACK,B0200,58.407751075789854,0.0,0.0,0.0,0.0,Friendly
186.60000000000002,B0200,N001VE,SEARCH,None,0.0,0.0,0.0,0.0,0.0,Enemy
186.8,A0200,AN/APG-68(V)9,TRACK,B0200,58.52155476872803,0.0,0.0,0.0,0.0,Friendly
186.8,B0200,N001VE,SEARCH,A0200,58.52155476872803,-24.932300950013893,5286.676832620238,0.279219788006535,16264.84585214563,Enemy
187.0,A0200,AN/APG-68(V)9,TRACK,B0200,58.6354252372561,0.0,0.0,0.0,0.0,Friendly
187.0,B0200,N001VE,SEARCH,A0200,58.52155476872803,-24.932300950013893,5286.676832620238,0.2684805653908996,16264.84585214563,Enemy
187.20000000000002,A0200,AN/APG-68(V)9,TRACK,B0200,58.749302413672346,0.0,0.0,0.0,0.0,Friendly
187.20000000000002,B0200,N001VE,SEARCH,A0200,58.52155476872803,-24.932300950013893,5286.676832620238,0.2577413427752627,16264.84585214563,Enemy
187.4,A0200,AN/APG-68(V)9,TRACK,B0200,58.86318978514233,0.0,0.0,0.0,0.0,Friendly
187.4,B0200,N001VE,SEARCH,A0200,58.52155476872803,-24.932300950013893,5286.676832620238,0.2470021201596273,16264.84585214563,Enemy
187.60000000000002,A0200,AN/APG-68(V)9,TRACK,B0200,58.97713071702261,0.0,0.0,0.0,0.0,Friendly
187.60000000000002,B0200,N001VE,SEARCH,A0200,58.52155476872803,-24.932300950013893,5286.676832620238,0.23626289754399044,16264.84585214563,Enemy
187.8,A0200,AN/APG-68(V)9,TRACK,B0200,59.091028772267116,0.0,0.0,0.0,0.0,Friendly
187.8,B0200,N001VE,SEARCH,None,0.0,0.0,0.0,0.0,0.0,Enemy
188.0,A0200,AN/APG-68(V)9,TRACK,B0200,59.204894737949054,0.0,0.0,0.0,0.0,Friendly
188.0,B0200,N001VE,SEARCH,None,0.0,0.0,0.0,0.0,0.0,Enemy
188.20000000000002,A0200,AN/APG-68(V)9,TRACK,B0200,59.31880424700937,0.0,0.0,0.0,0.0,Friendly
188.20000000000002,B0200,N001VE,SEARCH,None,0.0,0.0,0.0,0.0,0.0,Enemy
188.4,A0200,AN/APG-68(V)9,TRACK,B0200,59.4328055082022,0.0,0.0,0.0,0.0,Friendly
188.4,B0200,N001VE,SEARCH,None,0.0,0.0,0.0,0.0,0.0,Enemy
188.60000000000002,A0200,AN/APG-68(V)9,TRACK,B0200,59.546816395045475,0.0,0.0,0.0,0.0,Friendly
188.60000000000002,B0200,N001VE,SEARCH,None,0.0,0.0,0.0,0.0,0.0,Enemy
188.8,A0200,AN/APG-68(V)9,TRACK,B0200,59.66080512420593,0.0,0.0,0.0,0.0,Friendly
188.8,B0200,N001VE,SEARCH,None,0.0,0.0,0.0,0.0,0.0,Enemy
189.0,A0200,AN/APG-68(V)9,TRACK,B0200,59.77483025079026,0.0,0.0,0.0,0.0,Friendly
189.0,B0200,N001VE,SEARCH,None,0.0,0.0,0.0,0.0,0.0,Enemy
189.20000000000002,A0200,AN/APG-68(V)9,TRACK,B0200,59.88891249984931,0.0,0.0,0.0,0.0,Friendly
189.20000000000002,B0200,N001VE,SEARCH,None,0.0,0.0,0.0,0.0,0.0,Enemy
189.4,A0200,AN/APG-68(V)9,TRACK,B0200,60.00304969324654,0.0,0.0,0.0,0.0,Friendly
189.4,B0200,N001VE,SEARCH,None,0.0,0.0,0.0,0.0,0.0,Enemy
189.60000000000002,A0200,AN/APG-68(V)9,TRACK,B0200,60.117191979911944,0.0,0.0,0.0,0.0,Friendly
189.60000000000002,B0200,N001VE,SEARCH,None,0.0,0.0,0.0,0.0,0.0,Enemy
189.8,A0200,AN/APG-68(V)9,TRACK,B0200,60.231296077983735,0.0,0.0,0.0,0.0,Friendly
189.8,B0200,N001VE,SEARCH,A0200,60.231296077983735,-25.568405621614644,5173.7827994300305,0.25699315098621095,16244.721526659554,Enemy
190.0,A0200,AN/APG-68(V)9,TRACK,B0200,60.34528590290152,0.0,0.0,0.0,0.0,Friendly
190.0,B0200,N001VE,SEARCH,A0200,60.231296077983735,-25.568405621614644,5173.7827994300305,0.24710879902520333,16244.721526659554,Enemy
190.20000000000002,A0200,AN/APG-68(V)9,TRACK,B0200,60.45912545702604,0.0,0.0,0.0,0.0,Friendly
190.20000000000002,B0200,N001VE,SEARCH,A0200,60.231296077983735,-25.568405621614644,5173.7827994300305,0.23722444706419438,16244.721526659554,Enemy
190.4,A0200,AN/APG-68(V)9,TRACK,B0200,60.57292022836331,0.0,0.0,0.0,0.0,Friendly
190.4,B0200,N001VE,SEARCH,A0200,60.231296077983735,-25.568405621614644,5173.7827994300305,0.22734009510318678,16244.721526659554,Enemy
190.60000000000002,A0200,AN/APG-68(V)9,TRACK,B0200,60.68670618488365,0.0,0.0,0.0,0.0,Friendly
190.60000000000002,B0200,N001VE,SEARCH,A0200,60.231296077983735,-25.568405621614644,5173.7827994300305,0.2174557431421778,16244.721526659554,Enemy
190.8,A0200,AN/APG-68(V)9,TRACK,B0200,60.80046480867185,0.0,0.0,0.0,0.0,Friendly
190.8,B0200,N001VE,SEARCH,A0200,60.80046480867185,-25.777688389163508,5125.022201161615,0.24959395748726548,16238.406535816128,Enemy
191.0,A0200,AN/APG-68(V)9,TRACK,B0200,60.914164623946604,0.0,0.0,0.0,0.0,Friendly
191.0,B0200,N001VE,SEARCH,A0200,60.80046480867185,-25.777688389163508,5125.022201161615,0.23999418989160193,16238.406535816128,Enemy
191.20000000000002,A0200,AN/APG-68(V)9,TRACK,B0200,61.02777717615353,0.0,0.0,0.0,0.0,Friendly
191.20000000000002,B0200,N001VE,SEARCH,A0200,60.80046480867185,-25.777688389163508,5125.022201161615,0.23039442229593704,16238.406535816128,Enemy
191.4,A0200,AN/APG-68(V)9,TRACK,B0200,61.1413329886634,0.0,0.0,0.0,0.0,Friendly
191.4,B0200,N001VE,SEARCH,A0200,60.80046480867185,-25.777688389163508,5125.022201161615,0.22079465470027348,16238.406535816128,Enemy
191.60000000000002,A0200,AN/APG-68(V)9,TRACK,B0200,61.254800022125096,0.0,0.0,0.0,0.0,Friendly
191.60000000000002,B0200,N001VE,SEARCH,A0200,60.80046480867185,-25.777688389163508,5125.022201161615,0.2111948871046086,16238.406535816128,Enemy
191.8,A0200,AN/APG-68(V)9,TRACK,B0200,61.36817037696752,0.0,0.0,0.0,0.0,Friendly
191.8,B0200,N001VE,SEARCH,None,0.0,0.0,0.0,0.0,0.0,Enemy
192.0,A0200,AN/APG-68(V)9,TRACK,B0200,61.481509382300494,0.0,0.0,0.0,0.0,Friendly
192.0,B0200,N001VE,SEARCH,None,0.0,0.0,0.0,0.0,0.0,Enemy
192.20000000000002,A0200,AN/APG-68(V)9,TRACK,B0200,61.594782893599245,0.0,0.0,0.0,0.0,Friendly
192.20000000000002,B0200,N001VE,SEARCH,None,0.0,0.0,0.0,0.0,0.0,Enemy
192.4,A0200,AN/APG-68(V)9,TRACK,B0200,61.708009880535066,0.0,0.0,0.0,0.0,Friendly
192.4,B0200,N001VE,SEARCH,None,0.0,0.0,0.0,0.0,0.0,Enemy
192.60000000000002,A0200,AN/APG-68(V)9,TRACK,B0200,61.82124209173706,0.0,0.0,0.0,0.0,Friendly
192.60000000000002,B0200,N001VE,SEARCH,None,0.0,0.0,0.0,0.0,0.0,Enemy
192.8,A0200,AN/APG-68(V)9,TRACK,B0200,61.93446615295281,0.0,0.0,0.0,0.0,Friendly
192.8,B0200,N001VE,SEARCH,None,0.0,0.0,0.0,0.0,0.0,Enemy
193.0,A0200,AN/APG-68(V)9,TRACK,B0200,62.0476091311524,0.0,0.0,0.0,0.0,Friendly
193.0,B0200,N001VE,SEARCH,None,0.0,0.0,0.0,0.0,0.0,Enemy
193.20000000000002,A0200,AN/APG-68(V)9,TRACK,B0200,62.160772161914984,0.0,0.0,0.0,0.0,Friendly
193.20000000000002,B0200,N001VE,SEARCH,None,0.0,0.0,0.0,0.0,0.0,Enemy
193.4,A0200,AN/APG-68(V)9,TRACK,B0200,62.27397231482422,0.0,0.0,0.0,0.0,Friendly
193.4,B0200,N001VE,SEARCH,None,0.0,0.0,0.0,0.0,0.0,Enemy
193.60000000000002,A0200,AN/APG-68(V)9,TRACK,B0200,62.38715500059157,0.0,0.0,0.0,0.0,Friendly
193.60000000000002,B0200,N001VE,SEARCH,None,0.0,0.0,0.0,0.0,0.0,Enemy
193.8,A0200,AN/APG-68(V)9,TRACK,B0200,62.50039346699434,0.0,0.0,0.0,0.0,Friendly
193.8,B0200,N001VE,SEARCH,None,0.0,0.0,0.0,0.0,0.0,Enemy
194.0,A0200,AN/APG-68(V)9,TRACK,B0200,62.613564484585574,0.0,0.0,0.0,0.0,Friendly
194.0,B0200,N001VE,SEARCH,None,0.0,0.0,0.0,0.0,0.0,Enemy
194.20000000000002,A0200,AN/APG-68(V)9,TRACK,B0200,62.7265137698408,0.0,0.0,0.0,0.0,Friendly
194.20000000000002,B0200,N001VE,SEARCH,None,0.0,0.0,0.0,0.0,0.0,Enemy
194.4,A0200,AN/APG-68(V)9,TRACK,B0200,62.83923796570487,0.0,0.0,0.0,0.0,Friendly
194.4,B0200,N001VE,SEARCH,None,0.0,0.0,0.0,0.0,0.0,Enemy
194.60000000000002,A0200,AN/APG-68(V)9,TRACK,B0200,62.951888331865085,0.0,0.0,0.0,0.0,Friendly
194.60000000000002,B0200,N001VE,SEARCH,None,0.0,0.0,0.0,0.0,0.0,Enemy
194.8,A0200,AN/APG-68(V)9,TRACK,B0200,63.06438201939869,0.0,0.0,0.0,0.0,Friendly
194.8,B0200,N001VE,SEARCH,None,0.0,0.0,0.0,0.0,0.0,Enemy
195.0,A0200,AN/APG-68(V)9,TRACK,B0200,63.17669072803492,0.0,0.0,0.0,0.0,Friendly
195.0,B0200,N001VE,SEARCH,None,0.0,0.0,0.0,0.0,0.0,Enemy
195.20000000000002,A0200,AN/APG-68(V)9,TRACK,B0200,63.28888269332275,0.0,0.0,0.0,0.0,Friendly
195.20000000000002,B0200,N001VE,SEARCH,None,0.0,0.0,0.0,0.0,0.0,Enemy
195.4,A0200,AN/APG-68(V)9,TRACK,B0200,63.40113612845749,0.0,0.0,0.0,0.0,Friendly
195.4,B0200,N001VE,SEARCH,None,0.0,0.0,0.0,0.0,0.0,Enemy
195.60000000000002,A0200,AN/APG-68(V)9,TRACK,B0200,63.513395987968046,0.0,0.0,0.0,0.0,Friendly
195.60000000000002,B0200,N001VE,SEARCH,None,0.0,0.0,0.0,0.0,0.0,Enemy
195.8,A0200,AN/APG-68(V)9,TRACK,B0200,63.625536993516924,0.0,0.0,0.0,0.0,Friendly
195.8,B0200,N001VE,SEARCH,None,0.0,0.0,0.0,0.0,0.0,Enemy
196.0,A0200,AN/APG-68(V)9,TRACK,B0200,63.73762261284985,0.0,0.0,0.0,0.0,Friendly
196.0,B0200,N001VE,SEARCH,None,0.0,0.0,0.0,0.0,0.0,Enemy
196.20000000000002,A0200,AN/APG-68(V)9,TRACK,B0200,63.84964217890645,0.0,0.0,0.0,0.0,Friendly
196.20000000000002,B0200,N001VE,SEARCH,None,0.0,0.0,0.0,0.0,0.0,Enemy
196.4,A0200,AN/APG-68(V)9,TRACK,B0200,63.9616764534348,0.0,0.0,0.0,0.0,Friendly
196.4,B0200,N001VE,SEARCH,None,0.0,0.0,0.0,0.0,0.0,Enemy
196.60000000000002,A0200,AN/APG-68(V)9,TRACK,B0200,64.07372358002316,0.0,0.0,0.0,0.0,Friendly
196.60000000000002,B0200,N001VE,SEARCH,None,0.0,0.0,0.0,0.0,0.0,Enemy
196.8,A0200,AN/APG-68(V)9,TRACK,B0200,64.18570842797531,0.0,0.0,0.0,0.0,Friendly
196.8,B0200,N001VE,SEARCH,None,0.0,0.0,0.0,0.0,0.0,Enemy
197.0,A0200,AN/APG-68(V)9,TRACK,B0200,64.29768802278124,0.0,0.0,0.0,0.0,Friendly
197.0,B0200,N001VE,SEARCH,None,0.0,0.0,0.0,0.0,0.0,Enemy
197.20000000000002,A0200,AN/APG-68(V)9,TRACK,B0200,64.4097009222915,0.0,0.0,0.0,0.0,Friendly
197.20000000000002,B0200,N001VE,SEARCH,None,0.0,0.0,0.0,0.0,0.0,Enemy
197.4,A0200,AN/APG-68(V)9,TRACK,B0200,64.52172053039901,0.0,0.0,0.0,0.0,Friendly
197.4,B0200,N001VE,SEARCH,None,0.0,0.0,0.0,0.0,0.0,Enemy
197.60000000000002,A0200,AN/APG-68(V)9,TRACK,B0200,64.63366417402983,0.0,0.0,0.0,0.0,Friendly
197.60000000000002,B0200,N001VE,SEARCH,None,0.0,0.0,0.0,0.0,0.0,Enemy
197.8,A0200,AN/APG-68(V)9,TRACK,B0200,64.74566866487565,0.0,0.0,0.0,0.0,Friendly
197.8,B0200,N001VE,SEARCH,None,0.0,0.0,0.0,0.0,0.0,Enemy
198.0,A0200,AN/APG-68(V)9,TRACK,B0200,64.85775652981911,0.0,0.0,0.0,0.0,Friendly
198.0,B0200,N001VE,SEARCH,None,0.0,0.0,0.0,0.0,0.0,Enemy
198.20000000000002,A0200,AN/APG-68(V)9,TRACK,B0200,64.96987694845178,0.0,0.0,0.0,0.0,Friendly
198.20000000000002,B0200,N001VE,SEARCH,None,0.0,0.0,0.0,0.0,0.0,Enemy
198.4,A0200,AN/APG-68(V)9,TRACK,B0200,65.08195373675642,0.0,0.0,0.0,0.0,Friendly
198.4,B0200,N001VE,SEARCH,None,0.0,0.0,0.0,0.0,0.0,Enemy
198.60000000000002,A0200,AN/APG-68(V)9,TRACK,B0200,65.19395077912294,0.0,0.0,0.0,0.0,Friendly
198.60000000000002,B0200,N001VE,SEARCH,None,0.0,0.0,0.0,0.0,0.0,Enemy
198.8,A0200,AN/APG-68(V)9,TRACK,B0200,65.30596852699298,0.0,0.0,0.0,0.0,Friendly
198.8,B0200,N001VE,SEARCH,None,0.0,0.0,0.0,0.0,0.0,Enemy
199.0,A0200,AN/APG-68(V)9,TRACK,B0200,65.41803576418835,0.0,0.0,0.0,0.0,Friendly
199.0,B0200,N001VE,SEARCH,None,0.0,0.0,0.0,0.0,0.0,Enemy
199.20000000000002,A0200,AN/APG-68(V)9,TRACK,B0200,65.5301427355748,0.0,0.0,0.0,0.0,Friendly
199.20000000000002,B0200,N001VE,SEARCH,None,0.0,0.0,0.0,0.0,0.0,Enemy
199.4,A0200,AN/APG-68(V)9,TRACK,B0200,65.64232430231128,0.0,0.0,0.0,0.0,Friendly
199.4,B0200,N001VE,SEARCH,None,0.0,0.0,0.0,0.0,0.0,Enemy
199.60000000000002,A0200,AN/APG-68(V)9,TRACK,B0200,65.75452920511941,0.0,0.0,0.0,0.0,Friendly
199.60000000000002,B0200,N001VE,SEARCH,None,0.0,0.0,0.0,0.0,0.0,Enemy
199.8,A0200,AN/APG-68(V)9,TRACK,B0200,65.86669009124871,0.0,0.0,0.0,0.0,Friendly
199.8,B0200,N001VE,SEARCH,None,0.0,0.0,0.0,0.0,0.0,Enemy
200.0,A0200,AN/APG-68(V)9,TRACK,B0200,65.97891952455826,0.0,0.0,0.0,0.0,Friendly
200.0,B0200,N001VE,SEARCH,None,0.0,0.0,0.0,0.0,0.0,Enemy
200.20000000000002,A0200,AN/APG-68(V)9,TRACK,B0200,66.09117447265743,0.0,0.0,0.0,0.0,Friendly
200.20000000000002,B0200,N001VE,SEARCH,None,0.0,0.0,0.0,0.0,0.0,Enemy
200.4,A0200,AN/APG-68(V)9,TRACK,B0200,66.20346105276103,0.0,0.0,0.0,0.0,Friendly
200.4,B0200,N001VE,SEARCH,None,0.0,0.0,0.0,0.0,0.0,Enemy
200.60000000000002,A0200,AN/APG-68(V)9,TRACK,B0200,66.31569595270773,0.0,0.0,0.0,0.0,Friendly
200.60000000000002,B0200,N001VE,SEARCH,None,0.0,0.0,0.0,0.0,0.0,Enemy
200.8,A0200,AN/APG-68(V)9,TRACK,B0200,66.42789233988248,0.0,0.0,0.0,0.0,Friendly
200.8,B0200,N001VE,SEARCH,None,0.0,0.0,0.0,0.0,0.0,Enemy
201.0,A0200,AN/APG-68(V)9,TRACK,B0200,66.53998306555124,0.0,0.0,0.0,0.0,Friendly
201.0,B0200,N001VE,SEARCH,None,0.0,0.0,0.0,0.0,0.0,Enemy
201.20000000000002,A0200,AN/APG-68(V)9,TRACK,B0200,66.65197077916051,0.0,0.0,0.0,0.0,Friendly
201.20000000000002,B0200,N001VE,SEARCH,None,0.0,0.0,0.0,0.0,0.0,Enemy
201.4,A0200,AN/APG-68(V)9,TRACK,B0200,66.76393338548385,0.0,0.0,0.0,0.0,Friendly
201.4,B0200,N001VE,SEARCH,None,0.0,0.0,0.0,0.0,0.0,Enemy
201.60000000000002,A0200,AN/APG-68(V)9,TRACK,B0200,66.8758473693136,0.0,0.0,0.0,0.0,Friendly
201.60000000000002,B0200,N001VE,SEARCH,None,0.0,0.0,0.0,0.0,0.0,Enemy
201.8,A0200,AN/APG-68(V)9,TRACK,B0200,66.98779921454755,0.0,0.0,0.0,0.0,Friendly
201.8,B0200,N001VE,SEARCH,None,0.0,0.0,0.0,0.0,0.0,Enemy
202.0,A0200,AN/APG-68(V)9,TRACK,B0200,67.09981826712678,0.0,0.0,0.0,0.0,Friendly
202.0,B0200,N001VE,SEARCH,None,0.0,0.0,0.0,0.0,0.0,Enemy
202.20000000000002,A0200,AN/APG-68(V)9,TRACK,B0200,67.2118743604283,0.0,0.0,0.0,0.0,Friendly
202.20000000000002,B0200,N001VE,SEARCH,None,0.0,0.0,0.0,0.0,0.0,Enemy
202.4,A0200,AN/APG-68(V)9,TRACK,B0200,67.32392317254251,0.0,0.0,0.0,0.0,Friendly
202.4,B0200,N001VE,SEARCH,None,0.0,0.0,0.0,0.0,0.0,Enemy
202.60000000000002,A0200,AN/APG-68(V)9,TRACK,B0200,67.43591299010737,0.0,0.0,0.0,0.0,Friendly
202.60000000000002,B0200,N001VE,SEARCH,None,0.0,0.0,0.0,0.0,0.0,Enemy
202.8,A0200,AN/APG-68(V)9,TRACK,B0200,67.5479294954359,0.0,0.0,0.0,0.0,Friendly
202.8,B0200,N001VE,SEARCH,None,0.0,0.0,0.0,0.0,0.0,Enemy
203.0,A0200,AN/APG-68(V)9,TRACK,B0200,67.66003833439788,0.0,0.0,0.0,0.0,Friendly
203.0,B0200,N001VE,SEARCH,None,0.0,0.0,0.0,0.0,0.0,Enemy
203.20000000000002,A0200,AN/APG-68(V)9,TRACK,B0200,67.77215609633109,0.0,0.0,0.0,0.0,Friendly
203.20000000000002,B0200,N001VE,SEARCH,None,0.0,0.0,0.0,0.0,0.0,Enemy
203.4,A0200,AN/APG-68(V)9,TRACK,B0200,67.88430916555413,0.0,0.0,0.0,0.0,Friendly
203.4,B0200,N001VE,SEARCH,None,0.0,0.0,0.0,0.0,0.0,Enemy
203.60000000000002,A0200,AN/APG-68(V)9,TRACK,B0200,67.99650456314866,0.0,0.0,0.0,0.0,Friendly
203.60000000000002,B0200,N001VE,SEARCH,None,0.0,0.0,0.0,0.0,0.0,Enemy
203.8,A0200,AN/APG-68(V)9,TRACK,B0200,68.1086973228416,0.0,0.0,0.0,0.0,Friendly
203.8,B0200,N001VE,SEARCH,None,0.0,0.0,0.0,0.0,0.0,Enemy
204.0,A0200,AN/APG-68(V)9,TRACK,B0200,68.22085108082793,0.0,0.0,0.0,0.0,Friendly
204.0,B0200,N001VE,SEARCH,None,0.0,0.0,0.0,0.0,0.0,Enemy
204.20000000000002,A0200,AN/APG-68(V)9,TRACK,B0200,68.33303343538157,0.0,0.0,0.0,0.0,Friendly
204.20000000000002,B0200,N001VE,SEARCH,None,0.0,0.0,0.0,0.0,0.0,Enemy
204.4,A0200,AN/APG-68(V)9,TRACK,B0200,68.44519114711372,0.0,0.0,0.0,0.0,Friendly
204.4,B0200,N001VE,SEARCH,None,0.0,0.0,0.0,0.0,0.0,Enemy
204.60000000000002,A0200,AN/APG-68(V)9,TRACK,B0200,68.55726269591631,0.0,0.0,0.0,0.0,Friendly
204.60000000000002,B0200,N001VE,SEARCH,None,0.0,0.0,0.0,0.0,0.0,Enemy
204.8,A0200,AN/APG-68(V)9,TRACK,B0200,68.66916615339514,0.0,0.0,0.0,0.0,Friendly
204.8,B0200,N001VE,SEARCH,None,0.0,0.0,0.0,0.0,0.0,Enemy
205.0,A0200,AN/APG-68(V)9,TRACK,B0200,68.78091360761273,0.0,0.0,0.0,0.0,Friendly
205.0,B0200,N001VE,SEARCH,None,0.0,0.0,0.0,0.0,0.0,Enemy
205.20000000000002,A0200,AN/APG-68(V)9,TRACK,B0200,68.89266471299463,0.0,0.0,0.0,0.0,Friendly
205.20000000000002,B0200,N001VE,SEARCH,None,0.0,0.0,0.0,0.0,0.0,Enemy
205.4,A0200,AN/APG-68(V)9,TRACK,B0200,69.00433605658358,0.0,0.0,0.0,0.0,Friendly
205.4,B0200,N001VE,SEARCH,None,0.0,0.0,0.0,0.0,0.0,Enemy
205.60000000000002,A0200,AN/APG-68(V)9,TRACK,B0200,69.11581673793273,0.0,0.0,0.0,0.0,Friendly
205.60000000000002,B0200,N001VE,SEARCH,None,0.0,0.0,0.0,0.0,0.0,Enemy
205.8,A0200,AN/APG-68(V)9,TRACK,B0200,69.22713355911175,0.0,0.0,0.0,0.0,Friendly
205.8,B0200,N001VE,SEARCH,None,0.0,0.0,0.0,0.0,0.0,Enemy
206.0,A0200,AN/APG-68(V)9,TRACK,B0200,69.33847354091121,0.0,0.0,0.0,0.0,Friendly
206.0,B0200,N001VE,SEARCH,None,0.0,0.0,0.0,0.0,0.0,Enemy
206.20000000000002,A0200,AN/APG-68(V)9,TRACK,B0200,69.44986500070299,0.0,0.0,0.0,0.0,Friendly
206.20000000000002,B0200,N001VE,SEARCH,None,0.0,0.0,0.0,0.0,0.0,Enemy
206.4,A0200,AN/APG-68(V)9,TRACK,B0200,69.56124386775765,0.0,0.0,0.0,0.0,Friendly
206.4,B0200,N001VE,SEARCH,None,0.0,0.0,0.0,0.0,0.0,Enemy
206.60000000000002,A0200,AN/APG-68(V)9,TRACK,B0200,69.67264691612542,0.0,0.0,0.0,0.0,Friendly
206.60000000000002,B0200,N001VE,SEARCH,None,0.0,0.0,0.0,0.0,0.0,Enemy
206.8,A0200,AN/APG-68(V)9,TRACK,B0200,69.7840814310485,0.0,0.0,0.0,0.0,Friendly
206.8,B0200,N001VE,SEARCH,None,0.0,0.0,0.0,0.0,0.0,Enemy
207.0,A0200,AN/APG-68(V)9,TRACK,B0200,69.89555616671427,0.0,0.0,0.0,0.0,Friendly
207.0,B0200,N001VE,SEARCH,None,0.0,0.0,0.0,0.0,0.0,Enemy
207.20000000000002,A0200,AN/APG-68(V)9,TRACK,B0200,70.00701108805313,0.0,0.0,0.0,0.0,Friendly
207.20000000000002,B0200,N001VE,SEARCH,None,0.0,0.0,0.0,0.0,0.0,Enemy
207.4,A0200,AN/APG-68(V)9,TRACK,B0200,70.11834552835025,0.0,0.0,0.0,0.0,Friendly
207.4,B0200,N001VE,SEARCH,None,0.0,0.0,0.0,0.0,0.0,Enemy
207.60000000000002,A0200,AN/APG-68(V)9,TRACK,B0200,70.22952304886718,0.0,0.0,0.0,0.0,Friendly
207.60000000000002,B0200,N001VE,SEARCH,None,0.0,0.0,0.0,0.0,0.0,Enemy
207.8,A0200,AN/APG-68(V)9,TRACK,B0200,70.34066865954601,0.0,0.0,0.0,0.0,Friendly
207.8,B0200,N001VE,SEARCH,None,0.0,0.0,0.0,0.0,0.0,Enemy
208.0,A0200,AN/APG-68(V)9,TRACK,B0200,70.45169979855199,0.0,0.0,0.0,0.0,Friendly
208.0,B0200,N001VE,SEARCH,None,0.0,0.0,0.0,0.0,0.0,Enemy
208.20000000000002,A0200,AN/APG-68(V)9,TRACK,B0200,70.56250625102805,0.0,0.0,0.0,0.0,Friendly
208.20000000000002,B0200,N001VE,SEARCH,None,0.0,0.0,0.0,0.0,0.0,Enemy
208.4,A0200,AN/APG-68(V)9,TRACK,B0200,70.67329161331024,0.0,0.0,0.0,0.0,Friendly
208.4,B0200,N001VE,SEARCH,None,0.0,0.0,0.0,0.0,0.0,Enemy
208.60000000000002,A0200,AN/APG-68(V)9,TRACK,B0200,70.7841572002416,0.0,0.0,0.0,0.0,Friendly
208.60000000000002,B0200,N001VE,SEARCH,None,0.0,0.0,0.0,0.0,0.0,Enemy
208.8,A0200,AN/APG-68(V)9,TRACK,B0200,70.89500050966637,0.0,0.0,0.0,0.0,Friendly
208.8,B0200,N001VE,SEARCH,None,0.0,0.0,0.0,0.0,0.0,Enemy
209.0,A0200,AN/APG-68(V)9,TRACK,B0200,71.00573344989111,0.0,0.0,0.0,0.0,Friendly
209.0,B0200,N001VE,SEARCH,None,0.0,0.0,0.0,0.0,0.0,Enemy
209.20000000000002,A0200,AN/APG-68(V)9,TRACK,B0200,71.1163950820338,0.0,0.0,0.0,0.0,Friendly
209.20000000000002,B0200,N001VE,SEARCH,None,0.0,0.0,0.0,0.0,0.0,Enemy
209.4,A0200,AN/APG-68(V)9,TRACK,B0200,71.22709903938257,0.0,0.0,0.0,0.0,Friendly
209.4,B0200,N001VE,SEARCH,None,0.0,0.0,0.0,0.0,0.0,Enemy
209.60000000000002,A0200,AN/APG-68(V)9,TRACK,B0200,71.33789479254735,0.0,0.0,0.0,0.0,Friendly
209.60000000000002,B0200,N001VE,SEARCH,None,0.0,0.0,0.0,0.0,0.0,Enemy
209.8,A0200,AN/APG-68(V)9,TRACK,B0200,71.44871142551091,0.0,0.0,0.0,0.0,Friendly
209.8,B0200,N001VE,SEARCH,None,0.0,0.0,0.0,0.0,0.0,Enemy
210.0,A0200,AN/APG-68(V)9,TRACK,B0200,71.55951009621127,0.0,0.0,0.0,0.0,Friendly
210.0,B0200,N001VE,SEARCH,None,0.0,0.0,0.0,0.0,0.0,Enemy
210.20000000000002,A0200,AN/APG-68(V)9,TRACK,B0200,71.67030066269952,0.0,0.0,0.0,0.0,Friendly
210.20000000000002,B0200,N001VE,SEARCH,None,0.0,0.0,0.0,0.0,0.0,Enemy
210.4,A0200,AN/APG-68(V)9,TRACK,B0200,71.78107970971881,0.0,0.0,0.0,0.0,Friendly
210.4,B0200,N001VE,SEARCH,None,0.0,0.0,0.0,0.0,0.0,Enemy
210.60000000000002,A0200,AN/APG-68(V)9,TRACK,B0200,71.89193930374509,0.0,0.0,0.0,0.0,Friendly
210.60000000000002,B0200,N001VE,SEARCH,None,0.0,0.0,0.0,0.0,0.0,Enemy
210.8,A0200,AN/APG-68(V)9,TRACK,B0200,72.00278678533624,0.0,0.0,0.0,0.0,Friendly
210.8,B0200,N001VE,SEARCH,None,0.0,0.0,0.0,0.0,0.0,Enemy
211.0,A0200,AN/APG-68(V)9,TRACK,B0200,72.11347764557374,0.0,0.0,0.0,0.0,Friendly
211.0,B0200,N001VE,SEARCH,None,0.0,0.0,0.0,0.0,0.0,Enemy
211.20000000000002,A0200,AN/APG-68(V)9,TRACK,B0200,72.22407377044902,0.0,0.0,0.0,0.0,Friendly
211.20000000000002,B0200,N001VE,SEARCH,None,0.0,0.0,0.0,0.0,0.0,Enemy
211.4,A0200,AN/APG-68(V)9,TRACK,B0200,72.33462813580809,0.0,0.0,0.0,0.0,Friendly
211.4,B0200,N001VE,SEARCH,None,0.0,0.0,0.0,0.0,0.0,Enemy
211.60000000000002,A0200,AN/APG-68(V)9,TRACK,B0200,72.44513890509944,0.0,0.0,0.0,0.0,Friendly
211.60000000000002,B0200,N001VE,SEARCH,None,0.0,0.0,0.0,0.0,0.0,Enemy
211.8,A0200,AN/APG-68(V)9,TRACK,B0200,72.55563808080944,0.0,0.0,0.0,0.0,Friendly
211.8,B0200,N001VE,SEARCH,None,0.0,0.0,0.0,0.0,0.0,Enemy
212.0,A0200,AN/APG-68(V)9,TRACK,B0200,72.66610430050162,0.0,0.0,0.0,0.0,Friendly
212.0,B0200,N001VE,SEARCH,None,0.0,0.0,0.0,0.0,0.0,Enemy
212.20000000000002,A0200,AN/APG-68(V)9,TRACK,B0200,72.77640407212968,0.0,0.0,0.0,0.0,Friendly
212.20000000000002,B0200,N001VE,SEARCH,None,0.0,0.0,0.0,0.0,0.0,Enemy
212.4,A0200,AN/APG-68(V)9,TRACK,B0200,72.88668341005459,0.0,0.0,0.0,0.0,Friendly
212.4,B0200,N001VE,SEARCH,None,0.0,0.0,0.0,0.0,0.0,Enemy
212.60000000000002,A0200,AN/APG-68(V)9,TRACK,B0200,72.99703578288101,0.0,0.0,0.0,0.0,Friendly
212.60000000000002,B0200,N001VE,SEARCH,None,0.0,0.0,0.0,0.0,0.0,Enemy
212.8,A0200,AN/APG-68(V)9,TRACK,B0200,73.10743387156671,0.0,0.0,0.0,0.0,Friendly
212.8,B0200,N001VE,SEARCH,None,0.0,0.0,0.0,0.0,0.0,Enemy
213.0,A0200,AN/APG-68(V)9,TRACK,B0200,73.21775591448458,0.0,0.0,0.0,0.0,Friendly
213.0,B0200,N001VE,SEARCH,None,0.0,0.0,0.0,0.0,0.0,Enemy
213.20000000000002,A0200,AN/APG-68(V)9,TRACK,B0200,73.32807097072693,0.0,0.0,0.0,0.0,Friendly
213.20000000000002,B0200,N001VE,SEARCH,None,0.0,0.0,0.0,0.0,0.0,Enemy
213.4,A0200,AN/APG-68(V)9,TRACK,B0200,73.43835265355378,0.0,0.0,0.0,0.0,Friendly
213.4,B0200,N001VE,SEARCH,None,0.0,0.0,0.0,0.0,0.0,Enemy
213.60000000000002,A0200,AN/APG-68(V)9,TRACK,B0200,73.54856295541879,0.0,0.0,0.0,0.0,Friendly
213.60000000000002,B0200,N001VE,SEARCH,None,0.0,0.0,0.0,0.0,0.0,Enemy
213.8,A0200,AN/APG-68(V)9,TRACK,B0200,73.65872139047508,0.0,0.0,0.0,0.0,Friendly
213.8,B0200,N001VE,SEARCH,None,0.0,0.0,0.0,0.0,0.0,Enemy
214.0,A0200,AN/APG-68(V)9,TRACK,B0200,73.76887155302661,0.0,0.0,0.0,0.0,Friendly
214.0,B0200,N001VE,SEARCH,None,0.0,0.0,0.0,0.0,0.0,Enemy
214.20000000000002,A0200,AN/APG-68(V)9,TRACK,B0200,73.87901327483802,0.0,0.0,0.0,0.0,Friendly
214.20000000000002,B0200,N001VE,SEARCH,None,0.0,0.0,0.0,0.0,0.0,Enemy
214.4,A0200,AN/APG-68(V)9,TRACK,B0200,73.98903986823339,0.0,0.0,0.0,0.0,Friendly
214.4,B0200,N001VE,SEARCH,None,0.0,0.0,0.0,0.0,0.0,Enemy
214.60000000000002,A0200,AN/APG-68(V)9,TRACK,B0200,74.09909581028518,0.0,0.0,0.0,0.0,Friendly
214.60000000000002,B0200,N001VE,SEARCH,None,0.0,0.0,0.0,0.0,0.0,Enemy
214.8,A0200,AN/APG-68(V)9,TRACK,B0200,74.20920186696411,0.0,0.0,0.0,0.0,Friendly
214.8,B0200,N001VE,SEARCH,None,0.0,0.0,0.0,0.0,0.0,Enemy
215.0,A0200,AN/APG-68(V)9,TRACK,B0200,74.31925949146522,0.0,0.0,0.0,0.0,Friendly
215.0,B0200,N001VE,SEARCH,None,0.0,0.0,0.0,0.0,0.0,Enemy
215.20000000000002,A0200,AN/APG-68(V)9,TRACK,B0200,74.42922477182277,0.0,0.0,0.0,0.0,Friendly
215.20000000000002,B0200,N001VE,SEARCH,None,0.0,0.0,0.0,0.0,0.0,Enemy
215.4,A0200,AN/APG-68(V)9,TRACK,B0200,74.53918876398264,0.0,0.0,0.0,0.0,Friendly
215.4,B0200,N001VE,SEARCH,None,0.0,0.0,0.0,0.0,0.0,Enemy
215.60000000000002,A0200,AN/APG-68(V)9,TRACK,B0200,74.64922763891158,0.0,0.0,0.0,0.0,Friendly
215.60000000000002,B0200,N001VE,SEARCH,None,0.0,0.0,0.0,0.0,0.0,Enemy
215.8,A0200,AN/APG-68(V)9,TRACK,B0200,74.75932147577844,0.0,0.0,0.0,0.0,Friendly
215.8,B0200,N001VE,SEARCH,None,0.0,0.0,0.0,0.0,0.0,Enemy
216.0,A0200,AN/APG-68(V)9,TRACK,B0200,74.86934884852067,0.0,0.0,0.0,0.0,Friendly
216.0,B0200,N001VE,SEARCH,None,0.0,0.0,0.0,0.0,0.0,Enemy
216.20000000000002,A0200,AN/APG-68(V)9,TRACK,B0200,74.97935252697013,0.0,0.0,0.0,0.0,Friendly
216.20000000000002,B0200,N001VE,SEARCH,None,0.0,0.0,0.0,0.0,0.0,Enemy
216.4,A0200,AN/APG-68(V)9,TRACK,B0200,75.08949585511348,0.0,0.0,0.0,0.0,Friendly
216.4,B0200,N001VE,SEARCH,None,0.0,0.0,0.0,0.0,0.0,Enemy
216.60000000000002,A0200,AN/APG-68(V)9,TRACK,B0200,75.19963619632979,0.0,0.0,0.0,0.0,Friendly
216.60000000000002,B0200,N001VE,SEARCH,None,0.0,0.0,0.0,0.0,0.0,Enemy
216.8,A0200,AN/APG-68(V)9,TRACK,B0200,75.30969480116177,0.0,0.0,0.0,0.0,Friendly
216.8,B0200,N001VE,SEARCH,None,0.0,0.0,0.0,0.0,0.0,Enemy
217.0,A0200,AN/APG-68(V)9,TRACK,B0200,75.41973091242579,0.0,0.0,0.0,0.0,Friendly
217.0,B0200,N001VE,SEARCH,None,0.0,0.0,0.0,0.0,0.0,Enemy
217.20000000000002,A0200,AN/APG-68(V)9,TRACK,B0200,75.52979709073965,0.0,0.0,0.0,0.0,Friendly
217.20000000000002,B0200,N001VE,SEARCH,None,0.0,0.0,0.0,0.0,0.0,Enemy
217.4,A0200,AN/APG-68(V)9,TRACK,B0200,75.6398479241278,0.0,0.0,0.0,0.0,Friendly
217.4,B0200,N001VE,SEARCH,None,0.0,0.0,0.0,0.0,0.0,Enemy
217.60000000000002,A0200,AN/APG-68(V)9,TRACK,B0200,75.74985724989583,0.0,0.0,0.0,0.0,Friendly
217.60000000000002,B0200,N001VE,SEARCH,None,0.0,0.0,0.0,0.0,0.0,Enemy
217.8,A0200,AN/APG-68(V)9,TRACK,B0200,75.85991130213532,0.0,0.0,0.0,0.0,Friendly
217.8,B0200,N001VE,SEARCH,None,0.0,0.0,0.0,0.0,0.0,Enemy
218.0,A0200,AN/APG-68(V)9,TRACK,B0200,75.97000514250729,0.0,0.0,0.0,0.0,Friendly
218.0,B0200,N001VE,SEARCH,None,0.0,0.0,0.0,0.0,0.0,Enemy
218.20000000000002,A0200,AN/APG-68(V)9,TRACK,B0200,76.08003461899754,0.0,0.0,0.0,0.0,Friendly
218.20000000000002,B0200,N001VE,SEARCH,None,0.0,0.0,0.0,0.0,0.0,Enemy
218.4,A0200,AN/APG-68(V)9,TRACK,B0200,76.19008637218417,0.0,0.0,0.0,0.0,Friendly
218.4,B0200,N001VE,SEARCH,None,0.0,0.0,0.0,0.0,0.0,Enemy
218.60000000000002,A0200,AN/APG-68(V)9,TRACK,B0200,76.30020289321949,0.0,0.0,0.0,0.0,Friendly
218.60000000000002,B0200,N001VE,SEARCH,None,0.0,0.0,0.0,0.0,0.0,Enemy
218.8,A0200,AN/APG-68(V)9,TRACK,B0200,76.41032372434749,0.0,0.0,0.0,0.0,Friendly
218.8,B0200,N001VE,SEARCH,None,0.0,0.0,0.0,0.0,0.0,Enemy
219.0,A0200,AN/APG-68(V)9,TRACK,B0200,76.5203718488346,0.0,0.0,0.0,0.0,Friendly
219.0,B0200,N001VE,SEARCH,None,0.0,0.0,0.0,0.0,0.0,Enemy
219.20000000000002,A0200,AN/APG-68(V)9,TRACK,B0200,76.6304301246321,0.0,0.0,0.0,0.0,Friendly
219.20000000000002,B0200,N001VE,SEARCH,None,0.0,0.0,0.0,0.0,0.0,Enemy
219.4,A0200,AN/APG-68(V)9,TRACK,B0200,76.74051709336912,0.0,0.0,0.0,0.0,Friendly
219.4,B0200,N001VE,SEARCH,None,0.0,0.0,0.0,0.0,0.0,Enemy
219.60000000000002,A0200,AN/APG-68(V)9,TRACK,B0200,76.85053708409241,0.0,0.0,0.0,0.0,Friendly
219.60000000000002,B0200,N001VE,SEARCH,None,0.0,0.0,0.0,0.0,0.0,Enemy
219.8,A0200,AN/APG-68(V)9,TRACK,B0200,76.96043788183405,0.0,0.0,0.0,0.0,Friendly
219.8,B0200,N001VE,SEARCH,None,0.0,0.0,0.0,0.0,0.0,Enemy
220.0,A0200,AN/APG-68(V)9,TRACK,B0200,77.07027350356215,0.0,0.0,0.0,0.0,Friendly
220.0,B0200,N001VE,SEARCH,None,0.0,0.0,0.0,0.0,0.0,Enemy
220.20000000000002,A0200,AN/APG-68(V)9,TRACK,B0200,77.18010122293121,0.0,0.0,0.0,0.0,Friendly
220.20000000000002,B0200,N001VE,SEARCH,None,0.0,0.0,0.0,0.0,0.0,Enemy
220.4,A0200,AN/APG-68(V)9,TRACK,B0200,77.28986419385376,0.0,0.0,0.0,0.0,Friendly
220.4,B0200,N001VE,SEARCH,None,0.0,0.0,0.0,0.0,0.0,Enemy
220.60000000000002,A0200,AN/APG-68(V)9,TRACK,B0200,77.39952047402933,0.0,0.0,0.0,0.0,Friendly
220.60000000000002,B0200,N001VE,SEARCH,None,0.0,0.0,0.0,0.0,0.0,Enemy
220.8,A0200,AN/APG-68(V)9,TRACK,B0200,77.50913041116551,0.0,0.0,0.0,0.0,Friendly
220.8,B0200,N001VE,SEARCH,None,0.0,0.0,0.0,0.0,0.0,Enemy
221.0,A0200,AN/APG-68(V)9,TRACK,B0200,77.61867886971076,0.0,0.0,0.0,0.0,Friendly
221.0,B0200,N001VE,SEARCH,None,0.0,0.0,0.0,0.0,0.0,Enemy
221.20000000000002,A0200,AN/APG-68(V)9,TRACK,B0200,77.7281407168597,0.0,0.0,0.0,0.0,Friendly
221.20000000000002,B0200,N001VE,SEARCH,None,0.0,0.0,0.0,0.0,0.0,Enemy
221.4,A0200,AN/APG-68(V)9,TRACK,B0200,77.83766104529644,0.0,0.0,0.0,0.0,Friendly
221.4,B0200,N001VE,SEARCH,None,0.0,0.0,0.0,0.0,0.0,Enemy
221.60000000000002,A0200,AN/APG-68(V)9,TRACK,B0200,77.94719389298307,0.0,0.0,0.0,0.0,Friendly
221.60000000000002,B0200,N001VE,SEARCH,None,0.0,0.0,0.0,0.0,0.0,Enemy
221.8,A0200,AN/APG-68(V)9,TRACK,B0200,78.05669231440493,0.0,0.0,0.0,0.0,Friendly
221.8,B0200,N001VE,SEARCH,None,0.0,0.0,0.0,0.0,0.0,Enemy
222.0,A0200,AN/APG-68(V)9,TRACK,B0200,78.16611175320402,0.0,0.0,0.0,0.0,Friendly
222.0,B0200,N001VE,SEARCH,None,0.0,0.0,0.0,0.0,0.0,Enemy
222.20000000000002,A0200,AN/APG-68(V)9,TRACK,B0200,78.27547864895692,0.0,0.0,0.0,0.0,Friendly
222.20000000000002,B0200,N001VE,SEARCH,None,0.0,0.0,0.0,0.0,0.0,Enemy
222.4,A0200,AN/APG-68(V)9,TRACK,B0200,78.38485599880363,0.0,0.0,0.0,0.0,Friendly
222.4,B0200,N001VE,SEARCH,None,0.0,0.0,0.0,0.0,0.0,Enemy
222.60000000000002,A0200,AN/APG-68(V)9,TRACK,B0200,78.49426417430833,0.0,0.0,0.0,0.0,Friendly
222.60000000000002,B0200,N001VE,SEARCH,None,0.0,0.0,0.0,0.0,0.0,Enemy
222.8,A0200,AN/APG-68(V)9,TRACK,B0200,78.60361063686612,0.0,0.0,0.0,0.0,Friendly
222.8,B0200,N001VE,SEARCH,None,0.0,0.0,0.0,0.0,0.0,Enemy
223.0,A0200,AN/APG-68(V)9,TRACK,B0200,78.712942517686,0.0,0.0,0.0,0.0,Friendly
223.0,B0200,N001VE,SEARCH,None,0.0,0.0,0.0,0.0,0.0,Enemy
223.20000000000002,A0200,AN/APG-68(V)9,TRACK,B0200,78.82223804844051,0.0,0.0,0.0,0.0,Friendly
223.20000000000002,B0200,N001VE,SEARCH,None,0.0,0.0,0.0,0.0,0.0,Enemy
223.4,A0200,AN/APG-68(V)9,TRACK,B0200,78.93157834920366,0.0,0.0,0.0,0.0,Friendly
223.4,B0200,N001VE,SEARCH,None,0.0,0.0,0.0,0.0,0.0,Enemy
223.60000000000002,A0200,AN/APG-68(V)9,TRACK,B0200,79.0409414127328,0.0,0.0,0.0,0.0,Friendly
223.60000000000002,B0200,N001VE,SEARCH,None,0.0,0.0,0.0,0.0,0.0,Enemy
223.8,A0200,AN/APG-68(V)9,TRACK,B0200,79.15022861418618,0.0,0.0,0.0,0.0,Friendly
223.8,B0200,N001VE,SEARCH,None,0.0,0.0,0.0,0.0,0.0,Enemy
224.0,A0200,AN/APG-68(V)9,TRACK,B0200,79.25950874693898,0.0,0.0,0.0,0.0,Friendly
224.0,B0200,N001VE,SEARCH,None,0.0,0.0,0.0,0.0,0.0,Enemy
224.20000000000002,A0200,AN/APG-68(V)9,TRACK,B0200,79.36887619240464,0.0,0.0,0.0,0.0,Friendly
224.20000000000002,B0200,N001VE,SEARCH,None,0.0,0.0,0.0,0.0,0.0,Enemy
224.4,A0200,AN/APG-68(V)9,TRACK,B0200,79.47826018963505,0.0,0.0,0.0,0.0,Friendly
224.4,B0200,N001VE,SEARCH,None,0.0,0.0,0.0,0.0,0.0,Enemy
224.60000000000002,A0200,AN/APG-68(V)9,TRACK,B0200,79.58753416712909,0.0,0.0,0.0,0.0,Friendly
224.60000000000002,B0200,N001VE,SEARCH,None,0.0,0.0,0.0,0.0,0.0,Enemy
224.8,A0200,AN/APG-68(V)9,TRACK,B0200,79.69672169880288,0.0,0.0,0.0,0.0,Friendly
224.8,B0200,N001VE,SEARCH,None,0.0,0.0,0.0,0.0,0.0,Enemy
225.0,A0200,AN/APG-68(V)9,TRACK,B0200,79.80584844674607,0.0,0.0,0.0,0.0,Friendly
225.0,B0200,N001VE,SEARCH,None,0.0,0.0,0.0,0.0,0.0,Enemy
225.20000000000002,A0200,AN/APG-68(V)9,TRACK,B0200,79.91504990388897,0.0,0.0,0.0,0.0,Friendly
225.20000000000002,B0200,N001VE,SEARCH,None,0.0,0.0,0.0,0.0,0.0,Enemy
225.4,A0200,AN/APG-68(V)9,TRACK,B0200,80.02430794556244,0.0,0.0,0.0,0.0,Friendly
225.4,B0200,N001VE,SEARCH,None,0.0,0.0,0.0,0.0,0.0,Enemy
225.60000000000002,A0200,AN/APG-68(V)9,TRACK,B0200,80.1335267030764,0.0,0.0,0.0,0.0,Friendly
225.60000000000002,B0200,N001VE,SEARCH,None,0.0,0.0,0.0,0.0,0.0,Enemy
225.8,A0200,AN/APG-68(V)9,TRACK,B0200,80.24269285580509,0.0,0.0,0.0,0.0,Friendly
225.8,B0200,N001VE,SEARCH,None,0.0,0.0,0.0,0.0,0.0,Enemy
226.0,A0200,AN/APG-68(V)9,TRACK,B0200,80.3518725880303,0.0,0.0,0.0,0.0,Friendly
226.0,B0200,N001VE,SEARCH,None,0.0,0.0,0.0,0.0,0.0,Enemy
226.20000000000002,A0200,AN/APG-68(V)9,TRACK,B0200,80.46108820355174,0.0,0.0,0.0,0.0,Friendly
226.20000000000002,B0200,N001VE,SEARCH,None,0.0,0.0,0.0,0.0,0.0,Enemy
226.4,A0200,AN/APG-68(V)9,TRACK,B0200,80.57024740317794,0.0,0.0,0.0,0.0,Friendly
226.4,B0200,N001VE,SEARCH,None,0.0,0.0,0.0,0.0,0.0,Enemy
226.60000000000002,A0200,AN/APG-68(V)9,TRACK,B0200,80.67936563317227,0.0,0.0,0.0,0.0,Friendly
226.60000000000002,B0200,N001VE,SEARCH,None,0.0,0.0,0.0,0.0,0.0,Enemy
226.8,A0200,AN/APG-68(V)9,TRACK,B0200,80.78846203732503,0.0,0.0,0.0,0.0,Friendly
226.8,B0200,N001VE,SEARCH,None,0.0,0.0,0.0,0.0,0.0,Enemy
227.0,A0200,AN/APG-68(V)9,TRACK,B0200,80.89758667743902,0.0,0.0,0.0,0.0,Friendly
227.0,B0200,N001VE,SEARCH,None,0.0,0.0,0.0,0.0,0.0,Enemy
227.20000000000002,A0200,AN/APG-68(V)9,SEARCH,B0200,81.00673418957281,0.0,0.0,0.0,0.0,Friendly
227.20000000000002,B0200,N001VE,SEARCH,None,0.0,0.0,0.0,0.0,0.0,Enemy
227.4,A0200,AN/APG-68(V)9,SEARCH,B0200,81.11578157519642,0.0,0.0,0.0,0.0,Friendly
227.4,B0200,N001VE,SEARCH,None,0.0,0.0,0.0,0.0,0.0,Enemy
227.60000000000002,A0200,AN/APG-68(V)9,SEARCH,B0200,81.22482722301363,0.0,0.0,0.0,0.0,Friendly
227.60000000000002,B0200,N001VE,SEARCH,None,0.0,0.0,0.0,0.0,0.0,Enemy
227.8,A0200,AN/APG-68(V)9,SEARCH,B0200,81.33396051407337,0.0,0.0,0.0,0.0,Friendly
227.8,B0200,N001VE,SEARCH,None,0.0,0.0,0.0,0.0,0.0,Enemy
228.0,A0200,AN/APG-68(V)9,SEARCH,B0200,81.44316797089432,0.0,0.0,0.0,0.0,Friendly
228.0,B0200,N001VE,SEARCH,None,0.0,0.0,0.0,0.0,0.0,Enemy
228.20000000000002,A0200,AN/APG-68(V)9,SEARCH,B0200,81.55228780026987,0.0,0.0,0.0,0.0,Friendly
228.20000000000002,B0200,N001VE,SEARCH,None,0.0,0.0,0.0,0.0,0.0,Enemy
228.4,A0200,AN/APG-68(V)9,SEARCH,B0200,81.66129098323393,0.0,0.0,0.0,0.0,Friendly
228.4,B0200,N001VE,SEARCH,None,0.0,0.0,0.0,0.0,0.0,Enemy
228.60000000000002,A0200,AN/APG-68(V)9,SEARCH,B0200,81.77025361162208,0.0,0.0,0.0,0.0,Friendly
228.60000000000002,B0200,N001VE,SEARCH,None,0.0,0.0,0.0,0.0,0.0,Enemy
228.8,A0200,AN/APG-68(V)9,SEARCH,B0200,81.87920848790375,0.0,0.0,0.0,0.0,Friendly
228.8,B0200,N001VE,SEARCH,None,0.0,0.0,0.0,0.0,0.0,Enemy
229.0,A0200,AN/APG-68(V)9,SEARCH,B0200,81.9881799937553,0.0,0.0,0.0,0.0,Friendly
229.0,B0200,N001VE,SEARCH,None,0.0,0.0,0.0,0.0,0.0,Enemy
229.20000000000002,A0200,AN/APG-68(V)9,SEARCH,B0200,82.0970260206939,0.0,0.0,0.0,0.0,Friendly
229.20000000000002,B0200,N001VE,SEARCH,None,0.0,0.0,0.0,0.0,0.0,Enemy
229.4,A0200,AN/APG-68(V)9,SEARCH,B0200,82.20582308716952,0.0,0.0,0.0,0.0,Friendly
229.4,B0200,N001VE,SEARCH,None,0.0,0.0,0.0,0.0,0.0,Enemy
229.60000000000002,A0200,AN/APG-68(V)9,SEARCH,B0200,82.31463200629169,0.0,0.0,0.0,0.0,Friendly
229.60000000000002,B0200,N001VE,SEARCH,None,0.0,0.0,0.0,0.0,0.0,Enemy
229.8,A0200,AN/APG-68(V)9,SEARCH,B0200,82.42347801055247,0.0,0.0,0.0,0.0,Friendly
229.8,B0200,N001VE,SEARCH,None,0.0,0.0,0.0,0.0,0.0,Enemy
230.0,A0200,AN/APG-68(V)9,SEARCH,B0200,82.53221565827438,0.0,0.0,0.0,0.0,Friendly
230.0,B0200,N001VE,SEARCH,None,0.0,0.0,0.0,0.0,0.0,Enemy
230.20000000000002,A0200,AN/APG-68(V)9,SEARCH,B0200,82.64086388340603,0.0,0.0,0.0,0.0,Friendly
230.20000000000002,B0200,N001VE,SEARCH,None,0.0,0.0,0.0,0.0,0.0,Enemy
230.4,A0200,AN/APG-68(V)9,SEARCH,B0200,82.74947389776729,0.0,0.0,0.0,0.0,Friendly
230.4,B0200,N001VE,SEARCH,None,0.0,0.0,0.0,0.0,0.0,Enemy
230.60000000000002,A0200,AN/APG-68(V)9,SEARCH,B0200,82.85807583759497,0.0,0.0,0.0,0.0,Friendly
230.60000000000002,B0200,N001VE,SEARCH,None,0.0,0.0,0.0,0.0,0.0,Enemy
230.8,A0200,AN/APG-68(V)9,SEARCH,B0200,82.96664047839639,0.0,0.0,0.0,0.0,Friendly
230.8,B0200,N001VE,SEARCH,None,0.0,0.0,0.0,0.0,0.0,Enemy
231.0,A0200,AN/APG-68(V)9,SEARCH,B0200,83.07510871097713,0.0,0.0,0.0,0.0,Friendly
231.0,B0200,N001VE,SEARCH,None,0.0,0.0,0.0,0.0,0.0,Enemy
231.20000000000002,A0200,AN/APG-68(V)9,SEARCH,B0200,83.18354089670741,0.0,0.0,0.0,0.0,Friendly
231.20000000000002,B0200,N001VE,SEARCH,None,0.0,0.0,0.0,0.0,0.0,Enemy
231.4,A0200,AN/APG-68(V)9,SEARCH,B0200,83.29199984018962,0.0,0.0,0.0,0.0,Friendly
231.4,B0200,N001VE,SEARCH,None,0.0,0.0,0.0,0.0,0.0,Enemy
231.60000000000002,A0200,AN/APG-68(V)9,SEARCH,B0200,83.40047666507817,0.0,0.0,0.0,0.0,Friendly
231.60000000000002,B0200,N001VE,SEARCH,None,0.0,0.0,0.0,0.0,0.0,Enemy
231.8,A0200,AN/APG-68(V)9,SEARCH,B0200,83.50897313614647,0.0,0.0,0.0,0.0,Friendly
231.8,B0200,N001VE,SEARCH,None,0.0,0.0,0.0,0.0,0.0,Enemy
232.0,A0200,AN/APG-68(V)9,SEARCH,B0200,83.61743588260698,0.0,0.0,0.0,0.0,Friendly
232.0,B0200,N001VE,SEARCH,None,0.0,0.0,0.0,0.0,0.0,Enemy
232.20000000000002,A0200,AN/APG-68(V)9,SEARCH,B0200,83.72596948670319,0.0,0.0,0.0,0.0,Friendly
232.20000000000002,B0200,N001VE,SEARCH,None,0.0,0.0,0.0,0.0,0.0,Enemy
232.4,A0200,AN/APG-68(V)9,SEARCH,B0200,83.83456247153413,0.0,0.0,0.0,0.0,Friendly
232.4,B0200,N001VE,SEARCH,None,0.0,0.0,0.0,0.0,0.0,Enemy
232.60000000000002,A0200,AN/APG-68(V)9,SEARCH,B0200,83.94313484575831,0.0,0.0,0.0,0.0,Friendly
232.60000000000002,B0200,N001VE,SEARCH,None,0.0,0.0,0.0,0.0,0.0,Enemy
232.8,A0200,AN/APG-68(V)9,SEARCH,B0200,84.05165515891403,0.0,0.0,0.0,0.0,Friendly
232.8,B0200,N001VE,SEARCH,None,0.0,0.0,0.0,0.0,0.0,Enemy
233.0,A0200,AN/APG-68(V)9,SEARCH,B0200,84.16024878399939,0.0,0.0,0.0,0.0,Friendly
233.0,B0200,N001VE,SEARCH,None,0.0,0.0,0.0,0.0,0.0,Enemy
233.20000000000002,A0200,AN/APG-68(V)9,SEARCH,B0200,84.26885709057753,0.0,0.0,0.0,0.0,Friendly
233.20000000000002,B0200,N001VE,SEARCH,None,0.0,0.0,0.0,0.0,0.0,Enemy
233.4,A0200,AN/APG-68(V)9,SEARCH,B0200,84.37736883701592,0.0,0.0,0.0,0.0,Friendly
233.4,B0200,N001VE,SEARCH,None,0.0,0.0,0.0,0.0,0.0,Enemy
233.60000000000002,A0200,AN/APG-68(V)9,SEARCH,B0200,84.48587224847468,0.0,0.0,0.0,0.0,Friendly
233.60000000000002,B0200,N001VE,SEARCH,None,0.0,0.0,0.0,0.0,0.0,Enemy
233.8,A0200,AN/APG-68(V)9,SEARCH,B0200,84.5943879892845,0.0,0.0,0.0,0.0,Friendly
233.8,B0200,N001VE,SEARCH,None,0.0,0.0,0.0,0.0,0.0,Enemy
234.0,A0200,AN/APG-68(V)9,SEARCH,B0200,84.70287789880197,0.0,0.0,0.0,0.0,Friendly
234.0,B0200,N001VE,SEARCH,None,0.0,0.0,0.0,0.0,0.0,Enemy
234.20000000000002,A0200,AN/APG-68(V)9,SEARCH,B0200,84.81132509584913,0.0,0.0,0.0,0.0,Friendly
234.20000000000002,B0200,N001VE,SEARCH,None,0.0,0.0,0.0,0.0,0.0,Enemy
234.4,A0200,AN/APG-68(V)9,SEARCH,B0200,84.91972781615604,0.0,0.0,0.0,0.0,Friendly
234.4,B0200,N001VE,SEARCH,None,0.0,0.0,0.0,0.0,0.0,Enemy
234.60000000000002,A0200,AN/APG-68(V)9,SEARCH,B0200,85.02807432455664,0.0,0.0,0.0,0.0,Friendly
234.60000000000002,B0200,N001VE,SEARCH,None,0.0,0.0,0.0,0.0,0.0,Enemy
234.8,A0200,AN/APG-68(V)9,SEARCH,B0200,85.13640350421629,0.0,0.0,0.0,0.0,Friendly
234.8,B0200,N001VE,SEARCH,None,0.0,0.0,0.0,0.0,0.0,Enemy
235.0,A0200,AN/APG-68(V)9,SEARCH,B0200,85.24477517038883,0.0,0.0,0.0,0.0,Friendly
235.0,B0200,N001VE,SEARCH,None,0.0,0.0,0.0,0.0,0.0,Enemy
235.20000000000002,A0200,AN/APG-68(V)9,SEARCH,B0200,85.35313254391498,0.0,0.0,0.0,0.0,Friendly
235.20000000000002,B0200,N001VE,SEARCH,None,0.0,0.0,0.0,0.0,0.0,Enemy
235.4,A0200,AN/APG-68(V)9,SEARCH,B0200,85.46143288991186,0.0,0.0,0.0,0.0,Friendly
235.4,B0200,N001VE,SEARCH,None,0.0,0.0,0.0,0.0,0.0,Enemy
235.60000000000002,A0200,AN/APG-68(V)9,SEARCH,B0200,85.56979750177932,0.0,0.0,0.0,0.0,Friendly
235.60000000000002,B0200,N001VE,SEARCH,None,0.0,0.0,0.0,0.0,0.0,Enemy
235.8,A0200,AN/APG-68(V)9,SEARCH,B0200,85.6782163890687,0.0,0.0,0.0,0.0,Friendly
235.8,B0200,N001VE,SEARCH,None,0.0,0.0,0.0,0.0,0.0,Enemy
236.0,A0200,AN/APG-68(V)9,SEARCH,B0200,85.78658254030185,0.0,0.0,0.0,0.0,Friendly
236.0,B0200,N001VE,SEARCH,None,0.0,0.0,0.0,0.0,0.0,Enemy
236.20000000000002,A0200,AN/APG-68(V)9,SEARCH,B0200,85.89481861982574,0.0,0.0,0.0,0.0,Friendly
236.20000000000002,B0200,N001VE,SEARCH,None,0.0,0.0,0.0,0.0,0.0,Enemy
236.4,A0200,AN/APG-68(V)9,SEARCH,B0200,86.00304208428173,0.0,0.0,0.0,0.0,Friendly
236.4,B0200,N001VE,SEARCH,None,0.0,0.0,0.0,0.0,0.0,Enemy
236.60000000000002,A0200,AN/APG-68(V)9,SEARCH,B0200,86.111353420429,0.0,0.0,0.0,0.0,Friendly
236.60000000000002,B0200,N001VE,SEARCH,None,0.0,0.0,0.0,0.0,0.0,Enemy
236.8,A0200,AN/APG-68(V)9,SEARCH,B0200,86.21980255723767,0.0,0.0,0.0,0.0,Friendly
236.8,B0200,N001VE,SEARCH,None,0.0,0.0,0.0,0.0,0.0,Enemy
237.0,A0200,AN/APG-68(V)9,SEARCH,B0200,86.32829654844728,0.0,0.0,0.0,0.0,Friendly
237.0,B0200,N001VE,SEARCH,None,0.0,0.0,0.0,0.0,0.0,Enemy
237.20000000000002,A0200,AN/APG-68(V)9,SEARCH,B0200,86.43669699030707,0.0,0.0,0.0,0.0,Friendly
237.20000000000002,B0200,N001VE,SEARCH,None,0.0,0.0,0.0,0.0,0.0,Enemy
237.4,A0200,AN/APG-68(V)9,SEARCH,B0200,86.54511292859574,0.0,0.0,0.0,0.0,Friendly
237.4,B0200,N001VE,SEARCH,None,0.0,0.0,0.0,0.0,0.0,Enemy
237.60000000000002,A0200,AN/APG-68(V)9,SEARCH,B0200,86.653617707264,0.0,0.0,0.0,0.0,Friendly
237.60000000000002,B0200,N001VE,SEARCH,None,0.0,0.0,0.0,0.0,0.0,Enemy
237.8,A0200,AN/APG-68(V)9,SEARCH,B0200,86.76216968924115,0.0,0.0,0.0,0.0,Friendly
237.8,B0200,N001VE,SEARCH,None,0.0,0.0,0.0,0.0,0.0,Enemy
238.0,A0200,AN/APG-68(V)9,SEARCH,B0200,86.870707640731,0.0,0.0,0.0,0.0,Friendly
238.0,B0200,N001VE,SEARCH,None,0.0,0.0,0.0,0.0,0.0,Enemy
238.20000000000002,A0200,AN/APG-68(V)9,SEARCH,B0200,86.97929685584438,0.0,0.0,0.0,0.0,Friendly
238.20000000000002,B0200,N001VE,SEARCH,None,0.0,0.0,0.0,0.0,0.0,Enemy
238.4,A0200,AN/APG-68(V)9,SEARCH,B0200,87.08795797372605,0.0,0.0,0.0,0.0,Friendly
238.4,B0200,N001VE,SEARCH,None,0.0,0.0,0.0,0.0,0.0,Enemy
238.60000000000002,A0200,AN/APG-68(V)9,SEARCH,B0200,87.19667927679423,0.0,0.0,0.0,0.0,Friendly
238.60000000000002,B0200,N001VE,SEARCH,None,0.0,0.0,0.0,0.0,0.0,Enemy
238.8,A0200,AN/APG-68(V)9,SEARCH,B0200,87.30537528103812,0.0,0.0,0.0,0.0,Friendly
238.8,B0200,N001VE,SEARCH,None,0.0,0.0,0.0,0.0,0.0,Enemy
239.0,A0200,AN/APG-68(V)9,SEARCH,B0200,87.41416633169946,0.0,0.0,0.0,0.0,Friendly
239.0,B0200,N001VE,SEARCH,None,0.0,0.0,0.0,0.0,0.0,Enemy
239.20000000000002,A0200,AN/APG-68(V)9,SEARCH,B0200,87.52304298239916,0.0,0.0,0.0,0.0,Friendly
239.20000000000002,B0200,N001VE,SEARCH,None,0.0,0.0,0.0,0.0,0.0,Enemy
239.4,A0200,AN/APG-68(V)9,SEARCH,B0200,87.63191846023264,0.0,0.0,0.0,0.0,Friendly
239.4,B0200,N001VE,SEARCH,None,0.0,0.0,0.0,0.0,0.0,Enemy
239.60000000000002,A0200,AN/APG-68(V)9,SEARCH,B0200,87.74074995253305,0.0,0.0,0.0,0.0,Friendly
239.60000000000002,B0200,N001VE,SEARCH,None,0.0,0.0,0.0,0.0,0.0,Enemy
239.8,A0200,AN/APG-68(V)9,SEARCH,B0200,87.84954644084469,0.0,0.0,0.0,0.0,Friendly
239.8,B0200,N001VE,SEARCH,None,0.0,0.0,0.0,0.0,0.0,Enemy
240.0,A0200,AN/APG-68(V)9,SEARCH,B0200,87.95829995868952,0.0,0.0,0.0,0.0,Friendly
240.0,B0200,N001VE,SEARCH,None,0.0,0.0,0.0,0.0,0.0,Enemy
240.20000000000002,A0200,AN/APG-68(V)9,SEARCH,B0200,88.06693795023561,0.0,0.0,0.0,0.0,Friendly
240.20000000000002,B0200,N001VE,SEARCH,None,0.0,0.0,0.0,0.0,0.0,Enemy
240.4,A0200,AN/APG-68(V)9,SEARCH,B0200,88.17559759895714,0.0,0.0,0.0,0.0,Friendly
240.4,B0200,N001VE,SEARCH,None,0.0,0.0,0.0,0.0,0.0,Enemy
240.60000000000002,A0200,AN/APG-68(V)9,SEARCH,B0200,88.28420440100099,0.0,0.0,0.0,0.0,Friendly
240.60000000000002,B0200,N001VE,SEARCH,None,0.0,0.0,0.0,0.0,0.0,Enemy
240.8,A0200,AN/APG-68(V)9,SEARCH,B0200,88.39272007828556,0.0,0.0,0.0,0.0,Friendly
240.8,B0200,N001VE,SEARCH,None,0.0,0.0,0.0,0.0,0.0,Enemy
241.0,A0200,AN/APG-68(V)9,SEARCH,B0200,88.50127575383858,0.0,0.0,0.0,0.0,Friendly
241.0,B0200,N001VE,SEARCH,None,0.0,0.0,0.0,0.0,0.0,Enemy
241.20000000000002,A0200,AN/APG-68(V)9,SEARCH,B0200,88.6098983968193,0.0,0.0,0.0,0.0,Friendly
241.20000000000002,B0200,N001VE,SEARCH,None,0.0,0.0,0.0,0.0,0.0,Enemy
241.4,A0200,AN/APG-68(V)9,SEARCH,B0200,88.7184807416597,0.0,0.0,0.0,0.0,Friendly
241.4,B0200,N001VE,SEARCH,None,0.0,0.0,0.0,0.0,0.0,Enemy
241.60000000000002,A0200,AN/APG-68(V)9,SEARCH,B0200,88.82705338152734,0.0,0.0,0.0,0.0,Friendly
241.60000000000002,B0200,N001VE,SEARCH,None,0.0,0.0,0.0,0.0,0.0,Enemy
241.8,A0200,AN/APG-68(V)9,SEARCH,B0200,88.93558167024307,0.0,0.0,0.0,0.0,Friendly
241.8,B0200,N001VE,SEARCH,None,0.0,0.0,0.0,0.0,0.0,Enemy
242.0,A0200,AN/APG-68(V)9,SEARCH,B0200,89.04412643108921,0.0,0.0,0.0,0.0,Friendly
242.0,B0200,N001VE,SEARCH,None,0.0,0.0,0.0,0.0,0.0,Enemy
242.20000000000002,A0200,AN/APG-68(V)9,SEARCH,B0200,89.15266755657971,0.0,0.0,0.0,0.0,Friendly
242.20000000000002,B0200,N001VE,SEARCH,None,0.0,0.0,0.0,0.0,0.0,Enemy
242.4,A0200,AN/APG-68(V)9,SEARCH,B0200,89.261203356409,0.0,0.0,0.0,0.0,Friendly
242.4,B0200,N001VE,SEARCH,None,0.0,0.0,0.0,0.0,0.0,Enemy
242.60000000000002,A0200,AN/APG-68(V)9,SEARCH,B0200,89.36979648858097,0.0,0.0,0.0,0.0,Friendly
242.60000000000002,B0200,N001VE,SEARCH,None,0.0,0.0,0.0,0.0,0.0,Enemy
242.8,A0200,AN/APG-68(V)9,SEARCH,B0200,89.4784469201942,0.0,0.0,0.0,0.0,Friendly
242.8,B0200,N001VE,SEARCH,None,0.0,0.0,0.0,0.0,0.0,Enemy
243.0,A0200,AN/APG-68(V)9,SEARCH,B0200,89.58701346152343,0.0,0.0,0.0,0.0,Friendly
243.0,B0200,N001VE,SEARCH,None,0.0,0.0,0.0,0.0,0.0,Enemy
243.20000000000002,A0200,AN/APG-68(V)9,SEARCH,B0200,89.69552227064567,0.0,0.0,0.0,0.0,Friendly
243.20000000000002,B0200,N001VE,SEARCH,None,0.0,0.0,0.0,0.0,0.0,Enemy
243.4,A0200,AN/APG-68(V)9,SEARCH,B0200,89.80409500410366,0.0,0.0,0.0,0.0,Friendly
243.4,B0200,N001VE,SEARCH,None,0.0,0.0,0.0,0.0,0.0,Enemy
243.60000000000002,A0200,AN/APG-68(V)9,SEARCH,B0200,89.91271640637994,0.0,0.0,0.0,0.0,Friendly
243.60000000000002,B0200,N001VE,SEARCH,None,0.0,0.0,0.0,0.0,0.0,Enemy
243.8,A0200,AN/APG-68(V)9,SEARCH,B0200,90.02135461357149,0.0,0.0,0.0,0.0,Friendly
243.8,B0200,N001VE,SEARCH,None,0.0,0.0,0.0,0.0,0.0,Enemy
244.0,A0200,AN/APG-68(V)9,SEARCH,B0200,90.12997344447673,0.0,0.0,0.0,0.0,Friendly
244.0,B0200,N001VE,SEARCH,None,0.0,0.0,0.0,0.0,0.0,Enemy
244.20000000000002,A0200,AN/APG-68(V)9,SEARCH,B0200,90.23854966813806,0.0,0.0,0.0,0.0,Friendly
244.20000000000002,B0200,N001VE,SEARCH,None,0.0,0.0,0.0,0.0,0.0,Enemy
244.4,A0200,AN/APG-68(V)9,SEARCH,B0200,90.34717719777477,0.0,0.0,0.0,0.0,Friendly
244.4,B0200,N001VE,SEARCH,None,0.0,0.0,0.0,0.0,0.0,Enemy
244.60000000000002,A0200,AN/APG-68(V)9,SEARCH,B0200,90.45581703920567,0.0,0.0,0.0,0.0,Friendly
244.60000000000002,B0200,N001VE,SEARCH,None,0.0,0.0,0.0,0.0,0.0,Enemy
244.8,A0200,AN/APG-68(V)9,SEARCH,B0200,90.5645339859834,0.0,0.0,0.0,0.0,Friendly
244.8,B0200,N001VE,SEARCH,None,0.0,0.0,0.0,0.0,0.0,Enemy
245.0,A0200,AN/APG-68(V)9,SEARCH,B0200,90.67320492999785,0.0,0.0,0.0,0.0,Friendly
245.0,B0200,N001VE,SEARCH,None,0.0,0.0,0.0,0.0,0.0,Enemy
245.20000000000002,A0200,AN/APG-68(V)9,SEARCH,B0200,90.78170934448214,0.0,0.0,0.0,0.0,Friendly
245.20000000000002,B0200,N001VE,SEARCH,None,0.0,0.0,0.0,0.0,0.0,Enemy
245.4,A0200,AN/APG-68(V)9,SEARCH,B0200,90.8901349087185,0.0,0.0,0.0,0.0,Friendly
245.4,B0200,N001VE,SEARCH,None,0.0,0.0,0.0,0.0,0.0,Enemy
245.60000000000002,A0200,AN/APG-68(V)9,SEARCH,B0200,90.99859077716664,0.0,0.0,0.0,0.0,Friendly
245.60000000000002,B0200,N001VE,SEARCH,None,0.0,0.0,0.0,0.0,0.0,Enemy
245.8,A0200,AN/APG-68(V)9,SEARCH,B0200,91.10711870482025,0.0,0.0,0.0,0.0,Friendly
245.8,B0200,N001VE,SEARCH,None,0.0,0.0,0.0,0.0,0.0,Enemy
246.0,A0200,AN/APG-68(V)9,SEARCH,B0200,91.21562309397105,0.0,0.0,0.0,0.0,Friendly
246.0,B0200,N001VE,SEARCH,None,0.0,0.0,0.0,0.0,0.0,Enemy
246.20000000000002,A0200,AN/APG-68(V)9,SEARCH,B0200,91.3241065638811,0.0,0.0,0.0,0.0,Friendly
246.20000000000002,B0200,N001VE,SEARCH,None,0.0,0.0,0.0,0.0,0.0,Enemy
246.4,A0200,AN/APG-68(V)9,SEARCH,B0200,91.43256179451987,0.0,0.0,0.0,0.0,Friendly
246.4,B0200,N001VE,SEARCH,None,0.0,0.0,0.0,0.0,0.0,Enemy
246.60000000000002,A0200,AN/APG-68(V)9,SEARCH,B0200,91.54106131893222,0.0,0.0,0.0,0.0,Friendly
246.60000000000002,B0200,N001VE,SEARCH,None,0.0,0.0,0.0,0.0,0.0,Enemy
246.8,A0200,AN/APG-68(V)9,SEARCH,B0200,91.64962050798661,0.0,0.0,0.0,0.0,Friendly
246.8,B0200,N001VE,SEARCH,None,0.0,0.0,0.0,0.0,0.0,Enemy
247.0,A0200,AN/APG-68(V)9,SEARCH,B0200,91.7581759508844,0.0,0.0,0.0,0.0,Friendly
247.0,B0200,N001VE,SEARCH,None,0.0,0.0,0.0,0.0,0.0,Enemy
247.20000000000002,A0200,AN/APG-68(V)9,SEARCH,B0200,91.86667545840639,0.0,0.0,0.0,0.0,Friendly
247.20000000000002,B0200,N001VE,SEARCH,None,0.0,0.0,0.0,0.0,0.0,Enemy
247.4,A0200,AN/APG-68(V)9,SEARCH,B0200,91.97519997372508,0.0,0.0,0.0,0.0,Friendly
247.4,B0200,N001VE,SEARCH,None,0.0,0.0,0.0,0.0,0.0,Enemy
247.60000000000002,A0200,AN/APG-68(V)9,SEARCH,B0200,92.08381148560726,0.0,0.0,0.0,0.0,Friendly
247.60000000000002,B0200,N001VE,SEARCH,None,0.0,0.0,0.0,0.0,0.0,Enemy
247.8,A0200,AN/APG-68(V)9,SEARCH,B0200,92.19242212684271,0.0,0.0,0.0,0.0,Friendly
247.8,B0200,N001VE,SEARCH,None,0.0,0.0,0.0,0.0,0.0,Enemy
248.0,A0200,AN/APG-68(V)9,SEARCH,B0200,92.30101429566108,0.0,0.0,0.0,0.0,Friendly
248.0,B0200,N001VE,SEARCH,None,0.0,0.0,0.0,0.0,0.0,Enemy
248.20000000000002,A0200,AN/APG-68(V)9,SEARCH,B0200,92.40966711478994,0.0,0.0,0.0,0.0,Friendly
248.20000000000002,B0200,N001VE,SEARCH,None,0.0,0.0,0.0,0.0,0.0,Enemy
248.4,A0200,AN/APG-68(V)9,SEARCH,B0200,92.51842590429307,0.0,0.0,0.0,0.0,Friendly
248.4,B0200,N001VE,SEARCH,None,0.0,0.0,0.0,0.0,0.0,Enemy
248.60000000000002,A0200,AN/APG-68(V)9,SEARCH,B0200,92.62716147589458,0.0,0.0,0.0,0.0,Friendly
248.60000000000002,B0200,N001VE,SEARCH,None,0.0,0.0,0.0,0.0,0.0,Enemy
248.8,A0200,AN/APG-68(V)9,SEARCH,B0200,92.73576110339894,0.0,0.0,0.0,0.0,Friendly
248.8,B0200,N001VE,SEARCH,None,0.0,0.0,0.0,0.0,0.0,Enemy
249.0,A0200,AN/APG-68(V)9,SEARCH,B0200,92.8443450663687,0.0,0.0,0.0,0.0,Friendly
249.0,B0200,N001VE,SEARCH,None,0.0,0.0,0.0,0.0,0.0,Enemy
249.20000000000002,A0200,AN/APG-68(V)9,SEARCH,B0200,92.95296609142974,0.0,0.0,0.0,0.0,Friendly
249.20000000000002,B0200,N001VE,SEARCH,None,0.0,0.0,0.0,0.0,0.0,Enemy
249.4,A0200,AN/APG-68(V)9,SEARCH,B0200,93.06152074297773,0.0,0.0,0.0,0.0,Friendly
249.4,B0200,N001VE,SEARCH,None,0.0,0.0,0.0,0.0,0.0,Enemy
249.60000000000002,A0200,AN/APG-68(V)9,SEARCH,B0200,93.17001114073061,0.0,0.0,0.0,0.0,Friendly
249.60000000000002,B0200,N001VE,SEARCH,None,0.0,0.0,0.0,0.0,0.0,Enemy
249.8,A0200,AN/APG-68(V)9,SEARCH,B0200,93.27850891533177,0.0,0.0,0.0,0.0,Friendly
249.8,B0200,N001VE,SEARCH,None,0.0,0.0,0.0,0.0,0.0,Enemy
250.0,A0200,AN/APG-68(V)9,SEARCH,B0200,93.38693764697597,0.0,0.0,0.0,0.0,Friendly
250.0,B0200,N001VE,SEARCH,None,0.0,0.0,0.0,0.0,0.0,Enemy
250.20000000000002,A0200,AN/APG-68(V)9,SEARCH,B0200,93.49531991257518,0.0,0.0,0.0,0.0,Friendly
250.20000000000002,B0200,N001VE,SEARCH,None,0.0,0.0,0.0,0.0,0.0,Enemy
250.4,A0200,AN/APG-68(V)9,SEARCH,B0200,93.60357807252367,0.0,0.0,0.0,0.0,Friendly
250.4,B0200,N001VE,SEARCH,None,0.0,0.0,0.0,0.0,0.0,Enemy
250.60000000000002,A0200,AN/APG-68(V)9,SEARCH,B0200,93.7118678857993,0.0,0.0,0.0,0.0,Friendly
250.60000000000002,B0200,N001VE,SEARCH,None,0.0,0.0,0.0,0.0,0.0,Enemy
250.8,A0200,AN/APG-68(V)9,SEARCH,B0200,93.82022755677501,0.0,0.0,0.0,0.0,Friendly
250.8,B0200,N001VE,SEARCH,None,0.0,0.0,0.0,0.0,0.0,Enemy
251.0,A0200,AN/APG-68(V)9,SEARCH,B0200,93.92860144223496,0.0,0.0,0.0,0.0,Friendly
251.0,B0200,N001VE,SEARCH,None,0.0,0.0,0.0,0.0,0.0,Enemy
251.20000000000002,A0200,AN/APG-68(V)9,SEARCH,B0200,94.0368681328343,0.0,0.0,0.0,0.0,Friendly
251.20000000000002,B0200,N001VE,SEARCH,None,0.0,0.0,0.0,0.0,0.0,Enemy
251.4,A0200,AN/APG-68(V)9,SEARCH,B0200,94.14505684280596,0.0,0.0,0.0,0.0,Friendly
251.4,B0200,N001VE,SEARCH,None,0.0,0.0,0.0,0.0,0.0,Enemy
251.60000000000002,A0200,AN/APG-68(V)9,SEARCH,B0200,94.25328242972193,0.0,0.0,0.0,0.0,Friendly
251.60000000000002,B0200,N001VE,SEARCH,None,0.0,0.0,0.0,0.0,0.0,Enemy
251.8,A0200,AN/APG-68(V)9,SEARCH,B0200,94.36146054916492,0.0,0.0,0.0,0.0,Friendly
251.8,B0200,N001VE,SEARCH,None,0.0,0.0,0.0,0.0,0.0,Enemy
252.0,A0200,AN/APG-68(V)9,SEARCH,B0200,94.46957944489759,0.0,0.0,0.0,0.0,Friendly
252.0,B0200,N001VE,SEARCH,None,0.0,0.0,0.0,0.0,0.0,Enemy
252.20000000000002,A0200,AN/APG-68(V)9,SEARCH,B0200,94.57776473104059,0.0,0.0,0.0,0.0,Friendly
252.20000000000002,B0200,N001VE,SEARCH,None,0.0,0.0,0.0,0.0,0.0,Enemy
252.4,A0200,AN/APG-68(V)9,SEARCH,B0200,94.68597071834039,0.0,0.0,0.0,0.0,Friendly
252.4,B0200,N001VE,SEARCH,None,0.0,0.0,0.0,0.0,0.0,Enemy
252.60000000000002,A0200,AN/APG-68(V)9,SEARCH,B0200,94.79425101215503,0.0,0.0,0.0,0.0,Friendly
252.60000000000002,B0200,N001VE,SEARCH,None,0.0,0.0,0.0,0.0,0.0,Enemy
252.8,A0200,AN/APG-68(V)9,SEARCH,B0200,94.90254114043555,0.0,0.0,0.0,0.0,Friendly
252.8,B0200,N001VE,SEARCH,None,0.0,0.0,0.0,0.0,0.0,Enemy
253.0,A0200,AN/APG-68(V)9,SEARCH,B0200,95.01081904930521,0.0,0.0,0.0,0.0,Friendly
253.0,B0200,N001VE,SEARCH,None,0.0,0.0,0.0,0.0,0.0,Enemy
253.20000000000002,A0200,AN/APG-68(V)9,SEARCH,B0200,95.11910928931441,0.0,0.0,0.0,0.0,Friendly
253.20000000000002,B0200,N001VE,SEARCH,None,0.0,0.0,0.0,0.0,0.0,Enemy
253.4,A0200,AN/APG-68(V)9,SEARCH,B0200,95.22746632058573,0.0,0.0,0.0,0.0,Friendly
253.4,B0200,N001VE,SEARCH,None,0.0,0.0,0.0,0.0,0.0,Enemy
253.60000000000002,A0200,AN/APG-68(V)9,SEARCH,B0200,95.33585850823128,0.0,0.0,0.0,0.0,Friendly
253.60000000000002,B0200,N001VE,SEARCH,None,0.0,0.0,0.0,0.0,0.0,Enemy
253.8,A0200,AN/APG-68(V)9,SEARCH,B0200,95.4442592686009,0.0,0.0,0.0,0.0,Friendly
253.8,B0200,N001VE,SEARCH,None,0.0,0.0,0.0,0.0,0.0,Enemy
254.0,A0200,AN/APG-68(V)9,SEARCH,B0200,95.55266740513026,0.0,0.0,0.0,0.0,Friendly
254.0,B0200,N001VE,SEARCH,None,0.0,0.0,0.0,0.0,0.0,Enemy
254.20000000000002,A0200,AN/APG-68(V)9,SEARCH,B0200,95.66107167386696,0.0,0.0,0.0,0.0,Friendly
254.20000000000002,B0200,N001VE,SEARCH,None,0.0,0.0,0.0,0.0,0.0,Enemy
254.4,A0200,AN/APG-68(V)9,SEARCH,B0200,95.7693875024373,0.0,0.0,0.0,0.0,Friendly
254.4,B0200,N001VE,SEARCH,None,0.0,0.0,0.0,0.0,0.0,Enemy
254.60000000000002,A0200,AN/APG-68(V)9,SEARCH,B0200,95.87749282142029,0.0,0.0,0.0,0.0,Friendly
254.60000000000002,B0200,N001VE,SEARCH,None,0.0,0.0,0.0,0.0,0.0,Enemy
254.8,A0200,AN/APG-68(V)9,SEARCH,B0200,95.98556916027529,0.0,0.0,0.0,0.0,Friendly
254.8,B0200,N001VE,SEARCH,None,0.0,0.0,0.0,0.0,0.0,Enemy
255.0,A0200,AN/APG-68(V)9,SEARCH,B0200,96.09363677796988,0.0,0.0,0.0,0.0,Friendly
255.0,B0200,N001VE,SEARCH,None,0.0,0.0,0.0,0.0,0.0,Enemy
255.20000000000002,A0200,AN/APG-68(V)9,SEARCH,B0200,96.20165929247406,0.0,0.0,0.0,0.0,Friendly
255.20000000000002,B0200,N001VE,SEARCH,None,0.0,0.0,0.0,0.0,0.0,Enemy
255.4,A0200,AN/APG-68(V)9,SEARCH,B0200,96.30972469796097,0.0,0.0,0.0,0.0,Friendly
255.4,B0200,N001VE,SEARCH,None,0.0,0.0,0.0,0.0,0.0,Enemy
255.60000000000002,A0200,AN/APG-68(V)9,SEARCH,B0200,96.41773251429264,0.0,0.0,0.0,0.0,Friendly
255.60000000000002,B0200,N001VE,SEARCH,None,0.0,0.0,0.0,0.0,0.0,Enemy
255.8,A0200,AN/APG-68(V)9,SEARCH,B0200,96.52570954254118,0.0,0.0,0.0,0.0,Friendly
255.8,B0200,N001VE,SEARCH,None,0.0,0.0,0.0,0.0,0.0,Enemy
256.0,A0200,AN/APG-68(V)9,SEARCH,B0200,96.63378727366474,0.0,0.0,0.0,0.0,Friendly
256.0,B0200,N001VE,SEARCH,None,0.0,0.0,0.0,0.0,0.0,Enemy
256.2,A0200,AN/APG-68(V)9,SEARCH,B0200,96.7419145354477,0.0,0.0,0.0,0.0,Friendly
256.2,B0200,N001VE,SEARCH,None,0.0,0.0,0.0,0.0,0.0,Enemy
256.40000000000003,A0200,AN/APG-68(V)9,SEARCH,B0200,96.85001106063734,0.0,0.0,0.0,0.0,Friendly
256.40000000000003,B0200,N001VE,SEARCH,None,0.0,0.0,0.0,0.0,0.0,Enemy
256.6,A0200,AN/APG-68(V)9,SEARCH,B0200,96.95804547765339,0.0,0.0,0.0,0.0,Friendly
256.6,B0200,N001VE,SEARCH,None,0.0,0.0,0.0,0.0,0.0,Enemy
256.8,A0200,AN/APG-68(V)9,SEARCH,B0200,97.06609757674123,0.0,0.0,0.0,0.0,Friendly
256.8,B0200,N001VE,SEARCH,None,0.0,0.0,0.0,0.0,0.0,Enemy
257.0,A0200,AN/APG-68(V)9,SEARCH,B0200,97.1741908722115,0.0,0.0,0.0,0.0,Friendly
257.0,B0200,N001VE,SEARCH,None,0.0,0.0,0.0,0.0,0.0,Enemy
257.2,A0200,AN/APG-68(V)9,SEARCH,B0200,97.28234013918576,0.0,0.0,0.0,0.0,Friendly
257.2,B0200,N001VE,SEARCH,None,0.0,0.0,0.0,0.0,0.0,Enemy
257.40000000000003,A0200,AN/APG-68(V)9,SEARCH,B0200,97.39046282665358,0.0,0.0,0.0,0.0,Friendly
257.40000000000003,B0200,N001VE,SEARCH,None,0.0,0.0,0.0,0.0,0.0,Enemy
257.6,A0200,AN/APG-68(V)9,SEARCH,B0200,97.49856068748828,0.0,0.0,0.0,0.0,Friendly
257.6,B0200,N001VE,SEARCH,None,0.0,0.0,0.0,0.0,0.0,Enemy
257.8,A0200,AN/APG-68(V)9,SEARCH,B0200,97.60670189679675,0.0,0.0,0.0,0.0,Friendly
257.8,B0200,N001VE,SEARCH,None,0.0,0.0,0.0,0.0,0.0,Enemy
258.0,A0200,AN/APG-68(V)9,SEARCH,B0200,97.71484120839081,0.0,0.0,0.0,0.0,Friendly
258.0,B0200,N001VE,SEARCH,None,0.0,0.0,0.0,0.0,0.0,Enemy
258.2,A0200,AN/APG-68(V)9,SEARCH,B0200,97.82299320766604,0.0,0.0,0.0,0.0,Friendly
258.2,B0200,N001VE,SEARCH,None,0.0,0.0,0.0,0.0,0.0,Enemy
258.40000000000003,A0200,AN/APG-68(V)9,SEARCH,B0200,97.9311793689374,0.0,0.0,0.0,0.0,Friendly
258.40000000000003,B0200,N001VE,SEARCH,None,0.0,0.0,0.0,0.0,0.0,Enemy
258.6,A0200,AN/APG-68(V)9,SEARCH,B0200,98.03938363593662,0.0,0.0,0.0,0.0,Friendly
258.6,B0200,N001VE,SEARCH,None,0.0,0.0,0.0,0.0,0.0,Enemy
258.8,A0200,AN/APG-68(V)9,SEARCH,B0200,98.14754249237565,0.0,0.0,0.0,0.0,Friendly
258.8,B0200,N001VE,SEARCH,None,0.0,0.0,0.0,0.0,0.0,Enemy
259.0,A0200,AN/APG-68(V)9,SEARCH,B0200,98.25559489574886,0.0,0.0,0.0,0.0,Friendly
259.0,B0200,N001VE,SEARCH,None,0.0,0.0,0.0,0.0,0.0,Enemy
259.2,A0200,AN/APG-68(V)9,SEARCH,B0200,98.36367144334041,0.0,0.0,0.0,0.0,Friendly
259.2,B0200,N001VE,SEARCH,None,0.0,0.0,0.0,0.0,0.0,Enemy
259.40000000000003,A0200,AN/APG-68(V)9,SEARCH,B0200,98.47169543520826,0.0,0.0,0.0,0.0,Friendly
259.40000000000003,B0200,N001VE,SEARCH,None,0.0,0.0,0.0,0.0,0.0,Enemy
259.6,A0200,AN/APG-68(V)9,SEARCH,B0200,98.57964073174482,0.0,0.0,0.0,0.0,Friendly
259.6,B0200,N001VE,SEARCH,None,0.0,0.0,0.0,0.0,0.0,Enemy
259.8,A0200,AN/APG-68(V)9,SEARCH,B0200,98.68763806941757,0.0,0.0,0.0,0.0,Friendly
259.8,B0200,N001VE,SEARCH,None,0.0,0.0,0.0,0.0,0.0,Enemy
260.0,A0200,AN/APG-68(V)9,SEARCH,B0200,98.79571147436572,0.0,0.0,0.0,0.0,Friendly
260.0,B0200,N001VE,SEARCH,None,0.0,0.0,0.0,0.0,0.0,Enemy
260.2,A0200,AN/APG-68(V)9,SEARCH,B0200,98.90376785471558,0.0,0.0,0.0,0.0,Friendly
260.2,B0200,N001VE,SEARCH,None,0.0,0.0,0.0,0.0,0.0,Enemy
260.40000000000003,A0200,AN/APG-68(V)9,SEARCH,B0200,99.01178090079631,0.0,0.0,0.0,0.0,Friendly
260.40000000000003,B0200,N001VE,SEARCH,None,0.0,0.0,0.0,0.0,0.0,Enemy
260.6,A0200,AN/APG-68(V)9,SEARCH,B0200,99.11982879884437,0.0,0.0,0.0,0.0,Friendly
260.6,B0200,N001VE,SEARCH,None,0.0,0.0,0.0,0.0,0.0,Enemy
260.8,A0200,AN/APG-68(V)9,SEARCH,B0200,99.2279711001701,0.0,0.0,0.0,0.0,Friendly
260.8,B0200,N001VE,SEARCH,None,0.0,0.0,0.0,0.0,0.0,Enemy
261.0,A0200,AN/APG-68(V)9,SEARCH,B0200,99.33612090231341,0.0,0.0,0.0,0.0,Friendly
261.0,B0200,N001VE,SEARCH,None,0.0,0.0,0.0,0.0,0.0,Enemy
261.2,A0200,AN/APG-68(V)9,SEARCH,B0200,99.44424410781896,0.0,0.0,0.0,0.0,Friendly
261.2,B0200,N001VE,SEARCH,None,0.0,0.0,0.0,0.0,0.0,Enemy
261.40000000000003,A0200,AN/APG-68(V)9,SEARCH,B0200,99.55239900251128,0.0,0.0,0.0,0.0,Friendly
261.40000000000003,B0200,N001VE,SEARCH,None,0.0,0.0,0.0,0.0,0.0,Enemy
261.6,A0200,AN/APG-68(V)9,SEARCH,B0200,99.66059836899133,0.0,0.0,0.0,0.0,Friendly
261.6,B0200,N001VE,SEARCH,None,0.0,0.0,0.0,0.0,0.0,Enemy
261.8,A0200,AN/APG-68(V)9,SEARCH,B0200,99.76868983169166,0.0,0.0,0.0,0.0,Friendly
261.8,B0200,N001VE,SEARCH,None,0.0,0.0,0.0,0.0,0.0,Enemy
262.0,A0200,AN/APG-68(V)9,SEARCH,B0200,99.87668499250563,0.0,0.0,0.0,0.0,Friendly
262.0,B0200,N001VE,SEARCH,None,0.0,0.0,0.0,0.0,0.0,Enemy
262.2,A0200,AN/APG-68(V)9,SEARCH,B0200,99.98470428864952,0.0,0.0,0.0,0.0,Friendly
262.2,B0200,N001VE,SEARCH,None,0.0,0.0,0.0,0.0,0.0,Enemy
262.40000000000003,A0200,AN/APG-68(V)9,SEARCH,B0200,100.09271609856827,0.0,0.0,0.0,0.0,Friendly
262.40000000000003,B0200,N001VE,SEARCH,None,0.0,0.0,0.0,0.0,0.0,Enemy
262.6,A0200,AN/APG-68(V)9,SEARCH,B0200,100.20067823582784,0.0,0.0,0.0,0.0,Friendly
262.6,B0200,N001VE,SEARCH,None,0.0,0.0,0.0,0.0,0.0,Enemy
262.8,A0200,AN/APG-68(V)9,SEARCH,B0200,100.30848320187974,0.0,0.0,0.0,0.0,Friendly
262.8,B0200,N001VE,SEARCH,None,0.0,0.0,0.0,0.0,0.0,Enemy
263.0,A0200,AN/APG-68(V)9,SEARCH,B0200,100.41624388273628,0.0,0.0,0.0,0.0,Friendly
263.0,B0200,N001VE,SEARCH,None,0.0,0.0,0.0,0.0,0.0,Enemy
263.2,A0200,AN/APG-68(V)9,SEARCH,B0200,100.52399515455623,0.0,0.0,0.0,0.0,Friendly
263.2,B0200,N001VE,SEARCH,None,0.0,0.0,0.0,0.0,0.0,Enemy
263.40000000000003,A0200,AN/APG-68(V)9,SEARCH,B0200,100.63176165173508,0.0,0.0,0.0,0.0,Friendly
263.40000000000003,B0200,N001VE,SEARCH,None,0.0,0.0,0.0,0.0,0.0,Enemy
263.6,A0200,AN/APG-68(V)9,SEARCH,B0200,100.73946873412785,0.0,0.0,0.0,0.0,Friendly
263.6,B0200,N001VE,SEARCH,None,0.0,0.0,0.0,0.0,0.0,Enemy
263.8,A0200,AN/APG-68(V)9,SEARCH,B0200,100.84708317725155,0.0,0.0,0.0,0.0,Friendly
263.8,B0200,N001VE,SEARCH,None,0.0,0.0,0.0,0.0,0.0,Enemy
264.0,A0200,AN/APG-68(V)9,SEARCH,B0200,100.9546810946811,0.0,0.0,0.0,0.0,Friendly
264.0,B0200,N001VE,SEARCH,None,0.0,0.0,0.0,0.0,0.0,Enemy
264.2,A0200,AN/APG-68(V)9,SEARCH,B0200,101.06219162621247,0.0,0.0,0.0,0.0,Friendly
264.2,B0200,N001VE,SEARCH,None,0.0,0.0,0.0,0.0,0.0,Enemy
264.40000000000003,A0200,AN/APG-68(V)9,SEARCH,B0200,101.16964652319369,0.0,0.0,0.0,0.0,Friendly
264.40000000000003,B0200,N001VE,SEARCH,None,0.0,0.0,0.0,0.0,0.0,Enemy
264.6,A0200,AN/APG-68(V)9,SEARCH,B0200,101.27707624005322,0.0,0.0,0.0,0.0,Friendly
264.6,B0200,N001VE,SEARCH,None,0.0,0.0,0.0,0.0,0.0,Enemy
264.8,A0200,AN/APG-68(V)9,SEARCH,B0200,101.38444869955353,0.0,0.0,0.0,0.0,Friendly
264.8,B0200,N001VE,SEARCH,None,0.0,0.0,0.0,0.0,0.0,Enemy
265.0,A0200,AN/APG-68(V)9,SEARCH,B0200,101.4918921426581,0.0,0.0,0.0,0.0,Friendly
265.0,B0200,N001VE,SEARCH,None,0.0,0.0,0.0,0.0,0.0,Enemy
265.2,A0200,AN/APG-68(V)9,SEARCH,B0200,101.59934280736941,0.0,0.0,0.0,0.0,Friendly
265.2,B0200,N001VE,SEARCH,None,0.0,0.0,0.0,0.0,0.0,Enemy
265.40000000000003,A0200,AN/APG-68(V)9,SEARCH,B0200,101.70682793109445,0.0,0.0,0.0,0.0,Friendly
265.40000000000003,B0200,N001VE,SEARCH,None,0.0,0.0,0.0,0.0,0.0,Enemy
265.6,A0200,AN/APG-68(V)9,SEARCH,B0200,101.81433435554737,0.0,0.0,0.0,0.0,Friendly
265.6,B0200,N001VE,SEARCH,None,0.0,0.0,0.0,0.0,0.0,Enemy
265.8,A0200,AN/APG-68(V)9,SEARCH,B0200,101.92182107262862,0.0,0.0,0.0,0.0,Friendly
265.8,B0200,N001VE,SEARCH,None,0.0,0.0,0.0,0.0,0.0,Enemy
266.0,A0200,AN/APG-68(V)9,SEARCH,B0200,102.02921626047802,0.0,0.0,0.0,0.0,Friendly
266.0,B0200,N001VE,SEARCH,None,0.0,0.0,0.0,0.0,0.0,Enemy
266.2,A0200,AN/APG-68(V)9,SEARCH,B0200,102.13656386711105,0.0,0.0,0.0,0.0,Friendly
266.2,B0200,N001VE,SEARCH,None,0.0,0.0,0.0,0.0,0.0,Enemy
266.40000000000003,A0200,AN/APG-68(V)9,SEARCH,B0200,102.24394268326657,0.0,0.0,0.0,0.0,Friendly
266.40000000000003,B0200,N001VE,SEARCH,None,0.0,0.0,0.0,0.0,0.0,Enemy
266.6,A0200,AN/APG-68(V)9,SEARCH,B0200,102.35141925082483,0.0,0.0,0.0,0.0,Friendly
266.6,B0200,N001VE,SEARCH,None,0.0,0.0,0.0,0.0,0.0,Enemy
266.8,A0200,AN/APG-68(V)9,SEARCH,B0200,102.45888573269615,0.0,0.0,0.0,0.0,Friendly
266.8,B0200,N001VE,SEARCH,None,0.0,0.0,0.0,0.0,0.0,Enemy
267.0,A0200,AN/APG-68(V)9,SEARCH,B0200,102.56634902376021,0.0,0.0,0.0,0.0,Friendly
267.0,B0200,N001VE,SEARCH,None,0.0,0.0,0.0,0.0,0.0,Enemy
267.2,A0200,AN/APG-68(V)9,SEARCH,B0200,102.6738012060831,0.0,0.0,0.0,0.0,Friendly
267.2,B0200,N001VE,SEARCH,None,0.0,0.0,0.0,0.0,0.0,Enemy
267.40000000000003,A0200,AN/APG-68(V)9,SEARCH,B0200,102.78112849188082,0.0,0.0,0.0,0.0,Friendly
267.40000000000003,B0200,N001VE,SEARCH,None,0.0,0.0,0.0,0.0,0.0,Enemy
267.6,A0200,AN/APG-68(V)9,SEARCH,B0200,102.88845600362406,0.0,0.0,0.0,0.0,Friendly
267.6,B0200,N001VE,SEARCH,None,0.0,0.0,0.0,0.0,0.0,Enemy
267.8,A0200,AN/APG-68(V)9,SEARCH,B0200,102.99580119513328,0.0,0.0,0.0,0.0,Friendly
267.8,B0200,N001VE,SEARCH,None,0.0,0.0,0.0,0.0,0.0,Enemy
268.0,A0200,AN/APG-68(V)9,SEARCH,B0200,103.1031636716641,0.0,0.0,0.0,0.0,Friendly
268.0,B0200,N001VE,SEARCH,None,0.0,0.0,0.0,0.0,0.0,Enemy
268.2,A0200,AN/APG-68(V)9,SEARCH,B0200,103.21048063548143,0.0,0.0,0.0,0.0,Friendly
268.2,B0200,N001VE,SEARCH,None,0.0,0.0,0.0,0.0,0.0,Enemy
268.40000000000003,A0200,AN/APG-68(V)9,SEARCH,B0200,103.3178669232249,0.0,0.0,0.0,0.0,Friendly
268.40000000000003,B0200,N001VE,SEARCH,None,0.0,0.0,0.0,0.0,0.0,Enemy
268.6,A0200,AN/APG-68(V)9,SEARCH,B0200,103.42532488748546,0.0,0.0,0.0,0.0,Friendly
268.6,B0200,N001VE,SEARCH,None,0.0,0.0,0.0,0.0,0.0,Enemy
268.8,A0200,AN/APG-68(V)9,SEARCH,B0200,103.53277913035643,0.0,0.0,0.0,0.0,Friendly
268.8,B0200,N001VE,SEARCH,None,0.0,0.0,0.0,0.0,0.0,Enemy
269.0,A0200,AN/APG-68(V)9,SEARCH,B0200,103.64023768978524,0.0,0.0,0.0,0.0,Friendly
269.0,B0200,N001VE,SEARCH,None,0.0,0.0,0.0,0.0,0.0,Enemy
269.2,A0200,AN/APG-68(V)9,SEARCH,B0200,103.7477309085742,0.0,0.0,0.0,0.0,Friendly
269.2,B0200,N001VE,SEARCH,None,0.0,0.0,0.0,0.0,0.0,Enemy
269.40000000000003,A0200,AN/APG-68(V)9,SEARCH,B0200,103.85522199114516,0.0,0.0,0.0,0.0,Friendly
269.40000000000003,B0200,N001VE,SEARCH,None,0.0,0.0,0.0,0.0,0.0,Enemy
269.6,A0200,AN/APG-68(V)9,SEARCH,B0200,103.96268209393187,0.0,0.0,0.0,0.0,Friendly
269.6,B0200,N001VE,SEARCH,None,0.0,0.0,0.0,0.0,0.0,Enemy
269.8,A0200,AN/APG-68(V)9,SEARCH,B0200,104.07014511509979,0.0,0.0,0.0,0.0,Friendly
269.8,B0200,N001VE,SEARCH,None,0.0,0.0,0.0,0.0,0.0,Enemy
270.0,A0200,AN/APG-68(V)9,SEARCH,B0200,104.17761796965169,0.0,0.0,0.0,0.0,Friendly
270.0,B0200,N001VE,SEARCH,None,0.0,0.0,0.0,0.0,0.0,Enemy
270.2,A0200,AN/APG-68(V)9,SEARCH,B0200,104.28505982022742,0.0,0.0,0.0,0.0,Friendly
270.2,B0200,N001VE,SEARCH,None,0.0,0.0,0.0,0.0,0.0,Enemy
270.40000000000003,A0200,AN/APG-68(V)9,SEARCH,B0200,104.39255623839006,0.0,0.0,0.0,0.0,Friendly
270.40000000000003,B0200,N001VE,SEARCH,None,0.0,0.0,0.0,0.0,0.0,Enemy
270.6,A0200,AN/APG-68(V)9,SEARCH,B0200,104.50011285900742,0.0,0.0,0.0,0.0,Friendly
270.6,B0200,N001VE,SEARCH,None,0.0,0.0,0.0,0.0,0.0,Enemy
270.8,A0200,AN/APG-68(V)9,SEARCH,B0200,104.60761160273141,0.0,0.0,0.0,0.0,Friendly
270.8,B0200,N001VE,SEARCH,None,0.0,0.0,0.0,0.0,0.0,Enemy
271.0,A0200,AN/APG-68(V)9,SEARCH,B0200,104.71509839796792,0.0,0.0,0.0,0.0,Friendly
271.0,B0200,N001VE,SEARCH,None,0.0,0.0,0.0,0.0,0.0,Enemy
271.2,A0200,AN/APG-68(V)9,SEARCH,B0200,104.82262931806449,0.0,0.0,0.0,0.0,Friendly
271.2,B0200,N001VE,SEARCH,None,0.0,0.0,0.0,0.0,0.0,Enemy
271.40000000000003,A0200,AN/APG-68(V)9,SEARCH,B0200,104.93016390061841,0.0,0.0,0.0,0.0,Friendly
271.40000000000003,B0200,N001VE,SEARCH,None,0.0,0.0,0.0,0.0,0.0,Enemy
271.6,A0200,AN/APG-68(V)9,SEARCH,B0200,105.037598994228,0.0,0.0,0.0,0.0,Friendly
271.6,B0200,N001VE,SEARCH,None,0.0,0.0,0.0,0.0,0.0,Enemy
271.8,A0200,AN/APG-68(V)9,SEARCH,B0200,105.14495854061178,0.0,0.0,0.0,0.0,Friendly
271.8,B0200,N001VE,SEARCH,None,0.0,0.0,0.0,0.0,0.0,Enemy
272.0,A0200,AN/APG-68(V)9,SEARCH,B0200,105.25233641138071,0.0,0.0,0.0,0.0,Friendly
272.0,B0200,N001VE,SEARCH,None,0.0,0.0,0.0,0.0,0.0,Enemy
272.2,A0200,AN/APG-68(V)9,SEARCH,B0200,105.35966020103304,0.0,0.0,0.0,0.0,Friendly
272.2,B0200,N001VE,SEARCH,None,0.0,0.0,0.0,0.0,0.0,Enemy
272.40000000000003,A0200,AN/APG-68(V)9,SEARCH,B0200,105.46702864054687,0.0,0.0,0.0,0.0,Friendly
272.40000000000003,B0200,N001VE,SEARCH,None,0.0,0.0,0.0,0.0,0.0,Enemy
272.6,A0200,AN/APG-68(V)9,SEARCH,B0200,105.57435612785105,0.0,0.0,0.0,0.0,Friendly
272.6,B0200,N001VE,SEARCH,None,0.0,0.0,0.0,0.0,0.0,Enemy
272.8,A0200,AN/APG-68(V)9,SEARCH,B0200,105.68168577830617,0.0,0.0,0.0,0.0,Friendly
272.8,B0200,N001VE,SEARCH,None,0.0,0.0,0.0,0.0,0.0,Enemy
273.0,A0200,AN/APG-68(V)9,SEARCH,B0200,105.78911847946969,0.0,0.0,0.0,0.0,Friendly
273.0,B0200,N001VE,SEARCH,None,0.0,0.0,0.0,0.0,0.0,Enemy
273.2,A0200,AN/APG-68(V)9,SEARCH,B0200,105.89654114986936,0.0,0.0,0.0,0.0,Friendly
273.2,B0200,N001VE,SEARCH,None,0.0,0.0,0.0,0.0,0.0,Enemy
273.40000000000003,A0200,AN/APG-68(V)9,SEARCH,B0200,106.00393346619606,0.0,0.0,0.0,0.0,Friendly
273.40000000000003,B0200,N001VE,SEARCH,None,0.0,0.0,0.0,0.0,0.0,Enemy
273.6,A0200,AN/APG-68(V)9,SEARCH,B0200,106.11134425062798,0.0,0.0,0.0,0.0,Friendly
273.6,B0200,N001VE,SEARCH,None,0.0,0.0,0.0,0.0,0.0,Enemy
273.8,A0200,AN/APG-68(V)9,SEARCH,B0200,106.21874386188804,0.0,0.0,0.0,0.0,Friendly
273.8,B0200,N001VE,SEARCH,None,0.0,0.0,0.0,0.0,0.0,Enemy
274.0,A0200,AN/APG-68(V)9,SEARCH,B0200,106.32603130790362,0.0,0.0,0.0,0.0,Friendly
274.0,B0200,N001VE,SEARCH,None,0.0,0.0,0.0,0.0,0.0,Enemy
274.2,A0200,AN/APG-68(V)9,SEARCH,B0200,106.43330924553514,0.0,0.0,0.0,0.0,Friendly
274.2,B0200,N001VE,SEARCH,None,0.0,0.0,0.0,0.0,0.0,Enemy
274.40000000000003,A0200,AN/APG-68(V)9,SEARCH,B0200,106.54054963531571,0.0,0.0,0.0,0.0,Friendly
274.40000000000003,B0200,N001VE,SEARCH,None,0.0,0.0,0.0,0.0,0.0,Enemy
274.6,A0200,AN/APG-68(V)9,SEARCH,B0200,106.64782437447707,0.0,0.0,0.0,0.0,Friendly
274.6,B0200,N001VE,SEARCH,None,0.0,0.0,0.0,0.0,0.0,Enemy
274.8,A0200,AN/APG-68(V)9,SEARCH,B0200,106.75511561849491,0.0,0.0,0.0,0.0,Friendly
274.8,B0200,N001VE,SEARCH,None,0.0,0.0,0.0,0.0,0.0,Enemy
275.0,A0200,AN/APG-68(V)9,SEARCH,B0200,106.86244062452923,0.0,0.0,0.0,0.0,Friendly
275.0,B0200,N001VE,SEARCH,None,0.0,0.0,0.0,0.0,0.0,Enemy
275.2,A0200,AN/APG-68(V)9,SEARCH,B0200,106.96979472539371,0.0,0.0,0.0,0.0,Friendly
275.2,B0200,N001VE,SEARCH,None,0.0,0.0,0.0,0.0,0.0,Enemy
275.40000000000003,A0200,AN/APG-68(V)9,SEARCH,B0200,107.07710300249464,0.0,0.0,0.0,0.0,Friendly
275.40000000000003,B0200,N001VE,SEARCH,None,0.0,0.0,0.0,0.0,0.0,Enemy
275.6,A0200,AN/APG-68(V)9,SEARCH,B0200,107.18435381099611,0.0,0.0,0.0,0.0,Friendly
275.6,B0200,N001VE,SEARCH,None,0.0,0.0,0.0,0.0,0.0,Enemy
275.8,A0200,AN/APG-68(V)9,SEARCH,B0200,107.29164973148544,0.0,0.0,0.0,0.0,Friendly
275.8,B0200,N001VE,SEARCH,None,0.0,0.0,0.0,0.0,0.0,Enemy
276.0,A0200,AN/APG-68(V)9,SEARCH,B0200,107.39906123412067,0.0,0.0,0.0,0.0,Friendly
276.0,B0200,N001VE,SEARCH,None,0.0,0.0,0.0,0.0,0.0,Enemy
276.2,A0200,AN/APG-68(V)9,SEARCH,B0200,107.5064691350385,0.0,0.0,0.0,0.0,Friendly
276.2,B0200,N001VE,SEARCH,None,0.0,0.0,0.0,0.0,0.0,Enemy
276.40000000000003,A0200,AN/APG-68(V)9,SEARCH,B0200,107.61376758969645,0.0,0.0,0.0,0.0,Friendly
276.40000000000003,B0200,N001VE,SEARCH,None,0.0,0.0,0.0,0.0,0.0,Enemy
276.6,A0200,AN/APG-68(V)9,SEARCH,B0200,107.72108463873289,0.0,0.0,0.0,0.0,Friendly
276.6,B0200,N001VE,SEARCH,None,0.0,0.0,0.0,0.0,0.0,Enemy
276.8,A0200,AN/APG-68(V)9,SEARCH,B0200,107.82841032038424,0.0,0.0,0.0,0.0,Friendly
276.8,B0200,N001VE,SEARCH,None,0.0,0.0,0.0,0.0,0.0,Enemy
277.0,A0200,AN/APG-68(V)9,SEARCH,B0200,107.9357264198187,0.0,0.0,0.0,0.0,Friendly
277.0,B0200,N001VE,SEARCH,None,0.0,0.0,0.0,0.0,0.0,Enemy
277.2,A0200,AN/APG-68(V)9,SEARCH,B0200,108.0430457393929,0.0,0.0,0.0,0.0,Friendly
277.2,B0200,N001VE,SEARCH,None,0.0,0.0,0.0,0.0,0.0,Enemy
277.40000000000003,A0200,AN/APG-68(V)9,SEARCH,B0200,108.1503993637688,0.0,0.0,0.0,0.0,Friendly
277.40000000000003,B0200,N001VE,SEARCH,None,0.0,0.0,0.0,0.0,0.0,Enemy
277.6,A0200,AN/APG-68(V)9,SEARCH,B0200,108.25774977027788,0.0,0.0,0.0,0.0,Friendly
277.6,B0200,N001VE,SEARCH,None,0.0,0.0,0.0,0.0,0.0,Enemy
277.8,A0200,AN/APG-68(V)9,SEARCH,B0200,108.36504676606066,0.0,0.0,0.0,0.0,Friendly
277.8,B0200,N001VE,SEARCH,None,0.0,0.0,0.0,0.0,0.0,Enemy
278.0,A0200,AN/APG-68(V)9,SEARCH,B0200,108.47232664046258,0.0,0.0,0.0,0.0,Friendly
278.0,B0200,N001VE,SEARCH,None,0.0,0.0,0.0,0.0,0.0,Enemy
278.2,A0200,AN/APG-68(V)9,SEARCH,B0200,108.57962402779515,0.0,0.0,0.0,0.0,Friendly
278.2,B0200,N001VE,SEARCH,None,0.0,0.0,0.0,0.0,0.0,Enemy
278.40000000000003,A0200,AN/APG-68(V)9,SEARCH,B0200,108.6868425510415,0.0,0.0,0.0,0.0,Friendly
278.40000000000003,B0200,N001VE,SEARCH,None,0.0,0.0,0.0,0.0,0.0,Enemy
278.6,A0200,AN/APG-68(V)9,SEARCH,B0200,108.79399397995118,0.0,0.0,0.0,0.0,Friendly
278.6,B0200,N001VE,SEARCH,None,0.0,0.0,0.0,0.0,0.0,Enemy
278.8,A0200,AN/APG-68(V)9,SEARCH,B0200,108.90113305270891,0.0,0.0,0.0,0.0,Friendly
278.8,B0200,N001VE,SEARCH,None,0.0,0.0,0.0,0.0,0.0,Enemy
279.0,A0200,AN/APG-68(V)9,SEARCH,B0200,109.00823152055652,0.0,0.0,0.0,0.0,Friendly
279.0,B0200,N001VE,SEARCH,None,0.0,0.0,0.0,0.0,0.0,Enemy
279.2,A0200,AN/APG-68(V)9,SEARCH,B0200,109.11527291388147,0.0,0.0,0.0,0.0,Friendly
279.2,B0200,N001VE,SEARCH,None,0.0,0.0,0.0,0.0,0.0,Enemy
279.40000000000003,A0200,AN/APG-68(V)9,SEARCH,B0200,109.22228292635259,0.0,0.0,0.0,0.0,Friendly
279.40000000000003,B0200,N001VE,SEARCH,None,0.0,0.0,0.0,0.0,0.0,Enemy
279.6,A0200,AN/APG-68(V)9,SEARCH,B0200,109.32919144716315,0.0,0.0,0.0,0.0,Friendly
279.6,B0200,N001VE,SEARCH,None,0.0,0.0,0.0,0.0,0.0,Enemy
279.8,A0200,AN/APG-68(V)9,SEARCH,B0200,109.43600843523136,0.0,0.0,0.0,0.0,Friendly
279.8,B0200,N001VE,SEARCH,None,0.0,0.0,0.0,0.0,0.0,Enemy
280.0,A0200,AN/APG-68(V)9,SEARCH,B0200,109.54283858404607,0.0,0.0,0.0,0.0,Friendly
280.0,B0200,N001VE,SEARCH,None,0.0,0.0,0.0,0.0,0.0,Enemy
280.2,A0200,AN/APG-68(V)9,SEARCH,B0200,109.64968122584962,0.0,0.0,0.0,0.0,Friendly
280.2,B0200,N001VE,SEARCH,None,0.0,0.0,0.0,0.0,0.0,Enemy
280.40000000000003,A0200,AN/APG-68(V)9,SEARCH,B0200,109.75653118092661,0.0,0.0,0.0,0.0,Friendly
280.40000000000003,B0200,N001VE,SEARCH,None,0.0,0.0,0.0,0.0,0.0,Enemy
280.6,A0200,AN/APG-68(V)9,SEARCH,B0200,109.86344359444551,0.0,0.0,0.0,0.0,Friendly
280.6,B0200,N001VE,SEARCH,None,0.0,0.0,0.0,0.0,0.0,Enemy
280.8,A0200,AN/APG-68(V)9,SEARCH,B0200,109.97039570979145,0.0,0.0,0.0,0.0,Friendly
280.8,B0200,N001VE,SEARCH,None,0.0,0.0,0.0,0.0,0.0,Enemy
281.0,A0200,AN/APG-68(V)9,SEARCH,B0200,110.0773014232783,0.0,0.0,0.0,0.0,Friendly
281.0,B0200,N001VE,SEARCH,None,0.0,0.0,0.0,0.0,0.0,Enemy
281.2,A0200,AN/APG-68(V)9,SEARCH,B0200,110.18418006879169,0.0,0.0,0.0,0.0,Friendly
281.2,B0200,N001VE,SEARCH,None,0.0,0.0,0.0,0.0,0.0,Enemy
281.40000000000003,A0200,AN/APG-68(V)9,SEARCH,B0200,110.29100399571186,0.0,0.0,0.0,0.0,Friendly
281.40000000000003,B0200,N001VE,SEARCH,None,0.0,0.0,0.0,0.0,0.0,Enemy
281.6,A0200,AN/APG-68(V)9,SEARCH,B0200,110.3978828593157,0.0,0.0,0.0,0.0,Friendly
281.6,B0200,N001VE,SEARCH,None,0.0,0.0,0.0,0.0,0.0,Enemy
281.8,A0200,AN/APG-68(V)9,SEARCH,B0200,110.50480855833688,0.0,0.0,0.0,0.0,Friendly
281.8,B0200,N001VE,SEARCH,None,0.0,0.0,0.0,0.0,0.0,Enemy
282.0,A0200,AN/APG-68(V)9,SEARCH,B0200,110.61167020689174,0.0,0.0,0.0,0.0,Friendly
282.0,B0200,N001VE,SEARCH,None,0.0,0.0,0.0,0.0,0.0,Enemy
282.2,A0200,AN/APG-68(V)9,SEARCH,B0200,110.71849322618665,0.0,0.0,0.0,0.0,Friendly
282.2,B0200,N001VE,SEARCH,None,0.0,0.0,0.0,0.0,0.0,Enemy
282.40000000000003,A0200,AN/APG-68(V)9,SEARCH,B0200,110.82531400894969,0.0,0.0,0.0,0.0,Friendly
282.40000000000003,B0200,N001VE,SEARCH,None,0.0,0.0,0.0,0.0,0.0,Enemy
282.6,A0200,AN/APG-68(V)9,SEARCH,B0200,110.93223013615669,0.0,0.0,0.0,0.0,Friendly
282.6,B0200,N001VE,SEARCH,None,0.0,0.0,0.0,0.0,0.0,Enemy
282.8,A0200,AN/APG-68(V)9,SEARCH,B0200,111.0392228051617,0.0,0.0,0.0,0.0,Friendly
282.8,B0200,N001VE,SEARCH,None,0.0,0.0,0.0,0.0,0.0,Enemy
283.0,A0200,AN/APG-68(V)9,SEARCH,B0200,111.14612550199917,0.0,0.0,0.0,0.0,Friendly
283.0,B0200,N001VE,SEARCH,None,0.0,0.0,0.0,0.0,0.0,Enemy
283.2,A0200,AN/APG-68(V)9,SEARCH,B0200,111.25294536200474,0.0,0.0,0.0,0.0,Friendly
283.2,B0200,N001VE,SEARCH,None,0.0,0.0,0.0,0.0,0.0,Enemy
283.40000000000003,A0200,AN/APG-68(V)9,SEARCH,B0200,111.35967877991048,0.0,0.0,0.0,0.0,Friendly
283.40000000000003,B0200,N001VE,SEARCH,None,0.0,0.0,0.0,0.0,0.0,Enemy
283.6,A0200,AN/APG-68(V)9,SEARCH,B0200,111.46619038444831,0.0,0.0,0.0,0.0,Friendly
283.6,B0200,N001VE,SEARCH,None,0.0,0.0,0.0,0.0,0.0,Enemy
283.8,A0200,AN/APG-68(V)9,SEARCH,B0200,111.57241534973477,0.0,0.0,0.0,0.0,Friendly
283.8,B0200,N001VE,SEARCH,None,0.0,0.0,0.0,0.0,0.0,Enemy
284.0,A0200,AN/APG-68(V)9,SEARCH,B0200,111.67845672475963,0.0,0.0,0.0,0.0,Friendly
284.0,B0200,N001VE,SEARCH,None,0.0,0.0,0.0,0.0,0.0,Enemy
284.2,A0200,AN/APG-68(V)9,SEARCH,B0200,111.78445121284365,0.0,0.0,0.0,0.0,Friendly
284.2,B0200,N001VE,SEARCH,None,0.0,0.0,0.0,0.0,0.0,Enemy
284.40000000000003,A0200,AN/APG-68(V)9,SEARCH,B0200,111.89051371902052,0.0,0.0,0.0,0.0,Friendly
284.40000000000003,B0200,N001VE,SEARCH,None,0.0,0.0,0.0,0.0,0.0,Enemy
284.6,A0200,AN/APG-68(V)9,SEARCH,B0200,111.99659843045077,0.0,0.0,0.0,0.0,Friendly
284.6,B0200,N001VE,SEARCH,None,0.0,0.0,0.0,0.0,0.0,Enemy
284.8,A0200,AN/APG-68(V)9,SEARCH,B0200,112.10260574993842,0.0,0.0,0.0,0.0,Friendly
284.8,B0200,N001VE,SEARCH,None,0.0,0.0,0.0,0.0,0.0,Enemy
285.0,A0200,AN/APG-68(V)9,SEARCH,B0200,112.20855226596669,0.0,0.0,0.0,0.0,Friendly
285.0,B0200,N001VE,SEARCH,None,0.0,0.0,0.0,0.0,0.0,Enemy
285.2,A0200,AN/APG-68(V)9,SEARCH,B0200,112.31459859986272,0.0,0.0,0.0,0.0,Friendly
285.2,B0200,N001VE,SEARCH,None,0.0,0.0,0.0,0.0,0.0,Enemy
285.40000000000003,A0200,AN/APG-68(V)9,SEARCH,B0200,112.42077124755092,0.0,0.0,0.0,0.0,Friendly
285.40000000000003,B0200,N001VE,SEARCH,None,0.0,0.0,0.0,0.0,0.0,Enemy
285.6,A0200,AN/APG-68(V)9,SEARCH,B0200,112.5269658872552,0.0,0.0,0.0,0.0,Friendly
285.6,B0200,N001VE,SEARCH,None,0.0,0.0,0.0,0.0,0.0,Enemy
285.8,A0200,AN/APG-68(V)9,SEARCH,B0200,112.63323818402364,0.0,0.0,0.0,0.0,Friendly
285.8,B0200,N001VE,SEARCH,None,0.0,0.0,0.0,0.0,0.0,Enemy
286.0,A0200,AN/APG-68(V)9,SEARCH,B0200,112.73956119678509,0.0,0.0,0.0,0.0,Friendly
286.0,B0200,N001VE,SEARCH,None,0.0,0.0,0.0,0.0,0.0,Enemy
286.2,A0200,AN/APG-68(V)9,SEARCH,B0200,112.84598446556411,0.0,0.0,0.0,0.0,Friendly
286.2,B0200,N001VE,SEARCH,None,0.0,0.0,0.0,0.0,0.0,Enemy
286.40000000000003,A0200,AN/APG-68(V)9,SEARCH,B0200,112.95244067584093,0.0,0.0,0.0,0.0,Friendly
286.40000000000003,B0200,N001VE,SEARCH,None,0.0,0.0,0.0,0.0,0.0,Enemy
286.6,A0200,AN/APG-68(V)9,SEARCH,B0200,113.05894202080124,0.0,0.0,0.0,0.0,Friendly
286.6,B0200,N001VE,SEARCH,None,0.0,0.0,0.0,0.0,0.0,Enemy
286.8,A0200,AN/APG-68(V)9,SEARCH,B0200,113.16544344286199,0.0,0.0,0.0,0.0,Friendly
286.8,B0200,N001VE,SEARCH,None,0.0,0.0,0.0,0.0,0.0,Enemy
287.0,A0200,AN/APG-68(V)9,SEARCH,B0200,113.27200119152015,0.0,0.0,0.0,0.0,Friendly
287.0,B0200,N001VE,SEARCH,None,0.0,0.0,0.0,0.0,0.0,Enemy
287.2,A0200,AN/APG-68(V)9,SEARCH,B0200,113.37864101389656,0.0,0.0,0.0,0.0,Friendly
287.2,B0200,N001VE,SEARCH,None,0.0,0.0,0.0,0.0,0.0,Enemy
287.40000000000003,A0200,AN/APG-68(V)9,SEARCH,B0200,113.48523052945134,0.0,0.0,0.0,0.0,Friendly
287.40000000000003,B0200,N001VE,SEARCH,None,0.0,0.0,0.0,0.0,0.0,Enemy
287.6,A0200,AN/APG-68(V)9,SEARCH,B0200,113.59185564467332,0.0,0.0,0.0,0.0,Friendly
287.6,B0200,N001VE,SEARCH,None,0.0,0.0,0.0,0.0,0.0,Enemy
287.8,A0200,AN/APG-68(V)9,SEARCH,B0200,113.69860338843688,0.0,0.0,0.0,0.0,Friendly
287.8,B0200,N001VE,SEARCH,None,0.0,0.0,0.0,0.0,0.0,Enemy
288.0,A0200,AN/APG-68(V)9,SEARCH,B0200,113.80546772833596,0.0,0.0,0.0,0.0,Friendly
288.0,B0200,N001VE,SEARCH,None,0.0,0.0,0.0,0.0,0.0,Enemy
288.2,A0200,AN/APG-68(V)9,SEARCH,B0200,113.91234328072012,0.0,0.0,0.0,0.0,Friendly
288.2,B0200,N001VE,SEARCH,None,0.0,0.0,0.0,0.0,0.0,Enemy
288.40000000000003,A0200,AN/APG-68(V)9,SEARCH,B0200,114.01926468127378,0.0,0.0,0.0,0.0,Friendly
288.40000000000003,B0200,N001VE,SEARCH,None,0.0,0.0,0.0,0.0,0.0,Enemy
288.6,A0200,AN/APG-68(V)9,SEARCH,B0200,114.12622216694831,0.0,0.0,0.0,0.0,Friendly
288.6,B0200,N001VE,SEARCH,None,0.0,0.0,0.0,0.0,0.0,Enemy
288.8,A0200,AN/APG-68(V)9,SEARCH,B0200,114.23322358516852,0.0,0.0,0.0,0.0,Friendly
288.8,B0200,N001VE,SEARCH,None,0.0,0.0,0.0,0.0,0.0,Enemy
289.0,A0200,AN/APG-68(V)9,SEARCH,B0200,114.34033949601644,0.0,0.0,0.0,0.0,Friendly
289.0,B0200,N001VE,SEARCH,None,0.0,0.0,0.0,0.0,0.0,Enemy
289.2,A0200,AN/APG-68(V)9,SEARCH,B0200,114.44757607151398,0.0,0.0,0.0,0.0,Friendly
289.2,B0200,N001VE,SEARCH,None,0.0,0.0,0.0,0.0,0.0,Enemy
289.40000000000003,A0200,AN/APG-68(V)9,SEARCH,B0200,114.55479742741282,0.0,0.0,0.0,0.0,Friendly
289.40000000000003,B0200,N001VE,SEARCH,None,0.0,0.0,0.0,0.0,0.0,Enemy
289.6,A0200,AN/APG-68(V)9,SEARCH,B0200,114.66204603335343,0.0,0.0,0.0,0.0,Friendly
289.6,B0200,N001VE,SEARCH,None,0.0,0.0,0.0,0.0,0.0,Enemy
289.8,A0200,AN/APG-68(V)9,SEARCH,B0200,114.76942915353557,0.0,0.0,0.0,0.0,Friendly
289.8,B0200,N001VE,SEARCH,None,0.0,0.0,0.0,0.0,0.0,Enemy
290.0,A0200,AN/APG-68(V)9,SEARCH,B0200,114.87688749758686,0.0,0.0,0.0,0.0,Friendly
290.0,B0200,N001VE,SEARCH,None,0.0,0.0,0.0,0.0,0.0,Enemy
290.2,A0200,AN/APG-68(V)9,SEARCH,B0200,114.98433178010015,0.0,0.0,0.0,0.0,Friendly
290.2,B0200,N001VE,SEARCH,None,0.0,0.0,0.0,0.0,0.0,Enemy
290.40000000000003,A0200,AN/APG-68(V)9,SEARCH,B0200,115.09177116800316,0.0,0.0,0.0,0.0,Friendly
290.40000000000003,B0200,N001VE,SEARCH,None,0.0,0.0,0.0,0.0,0.0,Enemy
290.6,A0200,AN/APG-68(V)9,SEARCH,B0200,115.1992795696708,0.0,0.0,0.0,0.0,Friendly
290.6,B0200,N001VE,SEARCH,None,0.0,0.0,0.0,0.0,0.0,Enemy
290.8,A0200,AN/APG-68(V)9,SEARCH,B0200,115.30683416030878,0.0,0.0,0.0,0.0,Friendly
290.8,B0200,N001VE,SEARCH,None,0.0,0.0,0.0,0.0,0.0,Enemy
291.0,A0200,AN/APG-68(V)9,SEARCH,B0200,115.41442089312108,0.0,0.0,0.0,0.0,Friendly
291.0,B0200,N001VE,SEARCH,None,0.0,0.0,0.0,0.0,0.0,Enemy
291.2,A0200,AN/APG-68(V)9,SEARCH,B0200,115.52201640908032,0.0,0.0,0.0,0.0,Friendly
291.2,B0200,N001VE,SEARCH,None,0.0,0.0,0.0,0.0,0.0,Enemy
291.40000000000003,A0200,AN/APG-68(V)9,SEARCH,B0200,115.62972106254415,0.0,0.0,0.0,0.0,Friendly
291.40000000000003,B0200,N001VE,SEARCH,None,0.0,0.0,0.0,0.0,0.0,Enemy
291.6,A0200,AN/APG-68(V)9,SEARCH,B0200,115.73752006670172,0.0,0.0,0.0,0.0,Friendly
291.6,B0200,N001VE,SEARCH,None,0.0,0.0,0.0,0.0,0.0,Enemy
291.8,A0200,AN/APG-68(V)9,SEARCH,B0200,115.84534000051197,0.0,0.0,0.0,0.0,Friendly
291.8,B0200,N001VE,SEARCH,None,0.0,0.0,0.0,0.0,0.0,Enemy
292.0,A0200,AN/APG-68(V)9,SEARCH,B0200,115.953187774879,0.0,0.0,0.0,0.0,Friendly
292.0,B0200,N001VE,SEARCH,None,0.0,0.0,0.0,0.0,0.0,Enemy
292.2,A0200,AN/APG-68(V)9,SEARCH,B0200,116.06107708783622,0.0,0.0,0.0,0.0,Friendly
292.2,B0200,N001VE,SEARCH,None,0.0,0.0,0.0,0.0,0.0,Enemy
292.40000000000003,A0200,AN/APG-68(V)9,SEARCH,B0200,116.16894929814784,0.0,0.0,0.0,0.0,Friendly
292.40000000000003,B0200,N001VE,SEARCH,None,0.0,0.0,0.0,0.0,0.0,Enemy
292.6,A0200,AN/APG-68(V)9,SEARCH,B0200,116.2767889353416,0.0,0.0,0.0,0.0,Friendly
292.6,B0200,N001VE,SEARCH,None,0.0,0.0,0.0,0.0,0.0,Enemy
292.8,A0200,AN/APG-68(V)9,SEARCH,B0200,116.38464105635435,0.0,0.0,0.0,0.0,Friendly
292.8,B0200,N001VE,SEARCH,None,0.0,0.0,0.0,0.0,0.0,Enemy
293.0,A0200,AN/APG-68(V)9,SEARCH,B0200,116.49249644745144,0.0,0.0,0.0,0.0,Friendly
293.0,B0200,N001VE,SEARCH,None,0.0,0.0,0.0,0.0,0.0,Enemy
293.2,A0200,AN/APG-68(V)9,SEARCH,B0200,116.60028890954159,0.0,0.0,0.0,0.0,Friendly
293.2,B0200,N001VE,SEARCH,None,0.0,0.0,0.0,0.0,0.0,Enemy
293.40000000000003,A0200,AN/APG-68(V)9,SEARCH,B0200,116.70803953930684,0.0,0.0,0.0,0.0,Friendly
293.40000000000003,B0200,N001VE,SEARCH,None,0.0,0.0,0.0,0.0,0.0,Enemy
293.6,A0200,AN/APG-68(V)9,SEARCH,B0200,116.8158552131227,0.0,0.0,0.0,0.0,Friendly
293.6,B0200,N001VE,SEARCH,None,0.0,0.0,0.0,0.0,0.0,Enemy
293.8,A0200,AN/APG-68(V)9,SEARCH,B0200,116.92376342456308,0.0,0.0,0.0,0.0,Friendly
293.8,B0200,N001VE,SEARCH,None,0.0,0.0,0.0,0.0,0.0,Enemy
294.0,A0200,AN/APG-68(V)9,SEARCH,B0200,117.03170724727661,0.0,0.0,0.0,0.0,Friendly
294.0,B0200,N001VE,SEARCH,None,0.0,0.0,0.0,0.0,0.0,Enemy
294.2,A0200,AN/APG-68(V)9,SEARCH,B0200,117.139605436715,0.0,0.0,0.0,0.0,Friendly
294.2,B0200,N001VE,SEARCH,None,0.0,0.0,0.0,0.0,0.0,Enemy
294.40000000000003,A0200,AN/APG-68(V)9,SEARCH,B0200,117.24756017670434,0.0,0.0,0.0,0.0,Friendly
294.40000000000003,B0200,N001VE,SEARCH,None,0.0,0.0,0.0,0.0,0.0,Enemy
294.6,A0200,AN/APG-68(V)9,SEARCH,B0200,117.35561502343033,0.0,0.0,0.0,0.0,Friendly
294.6,B0200,N001VE,SEARCH,None,0.0,0.0,0.0,0.0,0.0,Enemy
294.8,A0200,AN/APG-68(V)9,SEARCH,B0200,117.4637106687614,0.0,0.0,0.0,0.0,Friendly
294.8,B0200,N001VE,SEARCH,None,0.0,0.0,0.0,0.0,0.0,Enemy
295.0,A0200,AN/APG-68(V)9,SEARCH,B0200,117.57181804561526,0.0,0.0,0.0,0.0,Friendly
295.0,B0200,N001VE,SEARCH,None,0.0,0.0,0.0,0.0,0.0,Enemy
295.2,A0200,AN/APG-68(V)9,SEARCH,B0200,117.68002898529978,0.0,0.0,0.0,0.0,Friendly
295.2,B0200,N001VE,SEARCH,None,0.0,0.0,0.0,0.0,0.0,Enemy
295.40000000000003,A0200,AN/APG-68(V)9,SEARCH,B0200,117.78834435210358,0.0,0.0,0.0,0.0,Friendly
295.40000000000003,B0200,N001VE,SEARCH,None,0.0,0.0,0.0,0.0,0.0,Enemy
295.6,A0200,AN/APG-68(V)9,SEARCH,B0200,117.89674178005384,0.0,0.0,0.0,0.0,Friendly
295.6,B0200,N001VE,SEARCH,None,0.0,0.0,0.0,0.0,0.0,Enemy
295.8,A0200,AN/APG-68(V)9,SEARCH,B0200,118.00510974622837,0.0,0.0,0.0,0.0,Friendly
295.8,B0200,N001VE,SEARCH,None,0.0,0.0,0.0,0.0,0.0,Enemy
296.0,A0200,AN/APG-68(V)9,SEARCH,B0200,118.11351209737236,0.0,0.0,0.0,0.0,Friendly
296.0,B0200,N001VE,SEARCH,None,0.0,0.0,0.0,0.0,0.0,Enemy
296.2,A0200,AN/APG-68(V)9,SEARCH,B0200,118.2220112134102,0.0,0.0,0.0,0.0,Friendly
296.2,B0200,N001VE,SEARCH,None,0.0,0.0,0.0,0.0,0.0,Enemy
296.40000000000003,A0200,AN/APG-68(V)9,SEARCH,B0200,118.33058826272693,0.0,0.0,0.0,0.0,Friendly
296.40000000000003,B0200,N001VE,SEARCH,None,0.0,0.0,0.0,0.0,0.0,Enemy
296.6,A0200,AN/APG-68(V)9,SEARCH,B0200,118.43919041743246,0.0,0.0,0.0,0.0,Friendly
296.6,B0200,N001VE,SEARCH,None,0.0,0.0,0.0,0.0,0.0,Enemy
296.8,A0200,AN/APG-68(V)9,SEARCH,B0200,118.54778333405883,0.0,0.0,0.0,0.0,Friendly
296.8,B0200,N001VE,SEARCH,None,0.0,0.0,0.0,0.0,0.0,Enemy
297.0,A0200,AN/APG-68(V)9,SEARCH,B0200,118.65647332824967,0.0,0.0,0.0,0.0,Friendly
297.0,B0200,N001VE,SEARCH,None,0.0,0.0,0.0,0.0,0.0,Enemy
297.2,A0200,AN/APG-68(V)9,SEARCH,B0200,118.76524759226486,0.0,0.0,0.0,0.0,Friendly
297.2,B0200,N001VE,SEARCH,None,0.0,0.0,0.0,0.0,0.0,Enemy
297.40000000000003,A0200,AN/APG-68(V)9,SEARCH,B0200,118.87403205325218,0.0,0.0,0.0,0.0,Friendly
297.40000000000003,B0200,N001VE,SEARCH,None,0.0,0.0,0.0,0.0,0.0,Enemy
297.6,A0200,AN/APG-68(V)9,SEARCH,B0200,118.9828302173192,0.0,0.0,0.0,0.0,Friendly
297.6,B0200,N001VE,SEARCH,None,0.0,0.0,0.0,0.0,0.0,Enemy
297.8,A0200,AN/APG-68(V)9,SEARCH,B0200,119.09169778353778,0.0,0.0,0.0,0.0,Friendly
297.8,B0200,N001VE,SEARCH,None,0.0,0.0,0.0,0.0,0.0,Enemy
298.0,A0200,AN/APG-68(V)9,SEARCH,B0200,119.20058580194414,0.0,0.0,0.0,0.0,Friendly
298.0,B0200,N001VE,SEARCH,None,0.0,0.0,0.0,0.0,0.0,Enemy
298.2,A0200,AN/APG-68(V)9,SEARCH,B0200,119.30944205801286,0.0,0.0,0.0,0.0,Friendly
298.2,B0200,N001VE,SEARCH,None,0.0,0.0,0.0,0.0,0.0,Enemy
298.40000000000003,A0200,AN/APG-68(V)9,SEARCH,B0200,119.4182867978179,0.0,0.0,0.0,0.0,Friendly
298.40000000000003,B0200,N001VE,SEARCH,None,0.0,0.0,0.0,0.0,0.0,Enemy
298.6,A0200,AN/APG-68(V)9,SEARCH,B0200,119.52719749281178,0.0,0.0,0.0,0.0,Friendly
298.6,B0200,N001VE,SEARCH,None,0.0,0.0,0.0,0.0,0.0,Enemy
298.8,A0200,AN/APG-68(V)9,SEARCH,B0200,119.6361204887598,0.0,0.0,0.0,0.0,Friendly
298.8,B0200,N001VE,SEARCH,None,0.0,0.0,0.0,0.0,0.0,Enemy
299.0,A0200,AN/APG-68(V)9,SEARCH,B0200,119.74508072188098,0.0,0.0,0.0,0.0,Friendly
299.0,B0200,N001VE,SEARCH,None,0.0,0.0,0.0,0.0,0.0,Enemy
299.2,A0200,AN/APG-68(V)9,SEARCH,B0200,119.85406835996068,0.0,0.0,0.0,0.0,Friendly
299.2,B0200,N001VE,SEARCH,None,0.0,0.0,0.0,0.0,0.0,Enemy
299.40000000000003,A0200,AN/APG-68(V)9,SEARCH,B0200,119.9631018613679,0.0,0.0,0.0,0.0,Friendly
299.40000000000003,B0200,N001VE,SEARCH,None,0.0,0.0,0.0,0.0,0.0,Enemy
299.6,A0200,AN/APG-68(V)9,SEARCH,B0200,120.07224176140805,0.0,0.0,0.0,0.0,Friendly
299.6,B0200,N001VE,SEARCH,None,0.0,0.0,0.0,0.0,0.0,Enemy
299.8,A0200,AN/APG-68(V)9,SEARCH,B0200,120.18139200323654,0.0,0.0,0.0,0.0,Friendly
299.8,B0200,N001VE,SEARCH,None,0.0,0.0,0.0,0.0,0.0,Enemy
