Time_s,Missile_ID,Launcher_ID,Target_ID,X_m,Y_m,Z_m,Velocity_m_s,Status,Data_Type,Range_to_Target_km
46.6,A1001,A0100,B0100,-31233.527273703196,-3951.0318504316424,5991.746413074972,416.85763821034686,BOOST,Trajectory,59.76199609742613
46.800000000000004,A1001,A0100,B0100,-31148.680113526483,-3954.244107845739,5993.260951730435,433.77844451045615,BOOST,Trajectory,59.59975201834448
47.0,A1001,A0100,B0100,-31060.440987173108,-3957.5034971451155,5994.753624623369,450.76788103236817,BOOST,Trajectory,59.434268484989516
47.2,A1001,A0100,B0100,-30968.79630102133,-3960.808987988853,5996.22180118187,467.825048159778,BOOST,Trajectory,59.26545912400395
47.400000000000006,A1001,A0100,B0100,-30873.73264209469,-3964.1596029277953,5997.6628698710665,484.9490173318687,BOOST,Trajectory,59.093169309772136
47.6,A1001,A0100,B0100,-30775.236783789733,-3967.5544081658536,5999.074240477478,502.13883470083664,BOOST,Trajectory,58.91725515587964
47.800000000000004,A1001,A0100,B0100,-30673.29569110024,-3970.992511602519,6000.453347916871,519.3935235878574,BOOST,Trajectory,58.737677300465606
48.0,A1001,A0100,B0100,-30567.89652580603,-3974.473066706458,6001.797652466602,536.7120822755141,BOOST,Trajectory,58.55451551679311
48.2,A1001,A0100,B0100,-30459.026652373814,-3977.995276791779,6003.104634194804,554.0934779314962,BOOST,Trajectory,58.367895724865555
48.400000000000006,A1001,A0100,B0100,-30346.67364490906,-3981.558395221585,6004.371783856642,571.5366407169532,BOOST,Trajectory,58.17791434029482
48.6,A1001,A0100,B0100,-30230.825294905688,-3985.161721220726,6005.596593938541,589.040460509465,BOOST,Trajectory,57.984622577118714
48.6,A1002,A0100,B0100,-30647.536736655384,-3971.8134018367664,5993.207597977967,416.9095091034208,BOOST,Trajectory,58.400259797486626
48.800000000000004,A1001,A0100,B0100,-30111.469619424814,-3988.8045931852143,6006.776551535446,606.6037851485398,BOOST,Trajectory,57.788036181404614
48.800000000000004,A1002,A0100,B0100,-30562.66000102411,-3974.9905587913186,5993.024528427142,433.87987860134507,BOOST,Trajectory,58.238033404948176
49.0,A1001,A0100,B0100,-29988.59486956222,-3992.486380300782,6007.909133264562,624.2254191773558,BOOST,Trajectory,57.588113066103865
49.0,A1002,A0100,B0100,-30474.38254909174,-3978.216181061886,5992.771797873623,450.9185357192165,BOOST,Trajectory,58.07258230219112
49.2,A1001,A0100,B0100,-29862.18953898402,-3996.206472723245,6008.991803381578,641.9041250336774,BOOST,Trajectory,57.384722890918475
49.2,A1002,A0100,B0100,-30382.69087661914,-3981.48928419016,5992.446825610293,468.0245776039336,BOOST,Trajectory,57.90377385066934
49.400000000000006,A1001,A0100,B0100,-29732.242371903107,-3999.964272880214,6010.0220167891885,659.6386285170046,BOOST,Trajectory,57.17768322374493
49.400000000000006,A1002,A0100,B0100,-30287.571661646965,-3984.808932477641,5992.0470374943325,485.19706893256046,BOOST,Trajectory,57.73142345882672
49.6,A1001,A0100,B0100,-29598.74236992355,-4003.7591923867726,6010.997225916409,677.4276255258353,BOOST,Trajectory,56.96686665714509
49.6,A1002,A0100,B0100,-30189.011770748275,-3988.1742320488224,5991.569871328946,502.4350463775676,BOOST,Trajectory,57.55540164159615
49.800000000000004,A1001,A0100,B0100,-29461.678798072197,-4007.590656528857,6011.914886724098,695.2697837373494,BOOST,Trajectory,56.752283897984
49.800000000000004,A1002,A0100,B0100,-30086.99826474405,-3991.584331920196,5991.012781611535,519.7375205578982,BOOST,Trajectory,57.37571690006563
50.0,A1001,A0100,B0100,-29321.041191249315,-4011.458112771092,6012.772459031232,713.1637365382903,BOOST,Trajectory,56.53406069048726
50.0,A1002,A0100,B0100,-29981.518404612252,-3995.0384295037547,5990.373238859188,537.1034725864084,BOOST,Trajectory,57.19249246682479
50.2,A1001,A0100,B0100,-29176.819362194947,-4015.3610370998117,6013.567400635768,731.1080734854511,BOOST,Trajectory,56.31234269544295
50.2,A1002,A0100,B0100,-29872.559658383594,-3998.535774357848,5989.64872296262,554.5318472476588,BOOST,Trajectory,57.00587118918558
50.400000000000006,A1001,A0100,B0100,-29029.00341102259,-4019.298934819324,6014.297158775225,749.1013334386482,BOOST,Trajectory,56.08722941084333
50.400000000000006,A1002,A0100,B0100,-29760.109709195935,-4002.075666775281,5988.8367140461105,572.0215471614455,BOOST,Trajectory,56.815949567054915
50.6,A1001,A0100,B0100,-28877.583735626096,-4023.271336740731,6014.959162468062,767.1420017230483,BOOST,Trajectory,55.85877081311454
50.6,A1002,A0100,B0100,-29644.156464125786,-4005.657452079147,5987.9346843085605,589.5714295549569,BOOST,Trajectory,56.62277446774151
50.800000000000004,A1001,A0100,B0100,-28722.551042426978,-4027.277792723246,6015.550816897455,785.2285089257632,BOOST,Trajectory,55.62696706269188
50.800000000000004,A1002,A0100,B0100,-29524.688063449405,-4009.280512520815,5986.94009197658,607.1803042277305,BOOST,Trajectory,56.4263428663185
51.0,A1001,A0100,B0100,-28563.896357217367,-4031.317863156866,6016.0695003566025,803.3592314476507,BOOST,Trajectory,55.391734309645436
51.0,A1002,A0100,B0100,-29401.692890170718,-4012.9442573326833,5985.850377869976,624.8469326314197,BOOST,Trajectory,56.22656777719172
51.2,A1001,A0100,B0100,-28401.611035481117,-4035.3911095689086,6016.512565456885,821.5324971132618,BOOST,Trajectory,55.15289433935859
51.2,A1002,A0100,B0100,-29275.159579386498,-4016.6481120773974,5984.662966241858,642.5700306860921,BOOST,Trajectory,56.02326809134085
51.400000000000006,A1001,A0100,B0100,-28235.68677118257,-4039.49708838053,6016.877345560959,839.7465955072403,BOOST,Trajectory,54.910252800017815
51.400000000000006,A1002,A0100,B0100,-29145.077026695286,-4020.3915112392015,5983.375270820629,660.3482759635066,BOOST,Trajectory,55.81624682379653
51.6,A1001,A0100,B0100,-28066.115603752598,-4043.6353522287427,6017.161163573525,857.9997855676393,BOOST,Trajectory,54.663723369941906
51.6,A1002,A0100,B0100,-29011.434395277487,-4024.1738983892433,5981.984703213896,678.1803142542315,BOOST,Trajectory,55.605414993266685
51.800000000000004,A1001,A0100,B0100,-27892.889924586878,-4047.805458659554,6017.361337326266,876.2902926692303,BOOST,Trajectory,54.41338068479215
51.800000000000004,A1002,A0100,B0100,-28874.22112244094,-4027.9947337215376,5980.488678001138,696.0647589923576,BOOST,Trajectory,55.39084416451838
52.0,A1001,A0100,B0100,-27716.002485099016,-4052.0069804915283,6017.475177805274,894.6162962904168,BOOST,Trajectory,54.15939390396643
52.0,A1002,A0100,B0100,-28733.426927138597,-4031.853503340866,5978.884610837219,714.0001828756078,BOOST,Trajectory,55.17269987825373
52.2,A1001,A0100,B0100,-27535.446407321877,-4056.2395116201433,6017.499981663998,912.9759172152754,BOOST,Trajectory,53.9019207495537
52.2,A1002,A0100,B0100,-28589.041819370315,-4035.7497241652154,5977.169910995077,731.9851076993064,BOOST,Trajectory,54.95113586168884
52.400000000000006,A1001,A0100,B0100,-27351.215196409325,-4060.502666457005,6017.43302240417,931.3672108507847,BOOST,Trajectory,53.64105948881594
52.400000000000006,A1002,A0100,B0100,-28441.05611117139,-4039.6829426548893,5975.34197265013,750.0179979524976,BOOST,Trajectory,54.726246227059676
52.6,A1001,A0100,B0100,-27163.302753880173,-4064.796074932703,6017.271543220967,949.7881654235797,BOOST,Trajectory,53.376851896333804
52.6,A1002,A0100,B0100,-28289.46042838976,-4043.652729252549,5973.398167838063,768.0972580565127,BOOST,Trajectory,54.49806852181782
52.800000000000004,A1001,A0100,B0100,-26971.703390979405,-4069.1193747751827,6017.012752320964,968.2367022681307,BOOST,Trajectory,53.10926693203876
52.800000000000004,A1002,A0100,B0100,-28134.2457227781,-4047.658670210017,5971.335841871373,786.2212312067511,BOOST,Trajectory,54.266567516339045
53.0,A1001,A0100,B0100,-26776.411841610377,-4073.4722017866666,6016.653821791596,986.710680655162,BOOST,Trajectory,52.83816544726386
53.0,A1002,A0100,B0100,-27975.403283993644,-4051.700357508759,5969.152312264024,804.3882015693564,BOOST,Trajectory,54.031600178697644
53.2,A1001,A0100,B0100,-26577.423273619224,-4077.8541807739207,6016.191891859891,1005.2079101798123,BOOST,Trajectory,52.563327516766876
53.2,A1002,A0100,B0100,-27812.924750549533,-4055.7773794692102,5966.844872947388,822.5964028006855,BOOST,Trajectory,53.79294319987683
53.400000000000006,A1001,A0100,B0100,-26374.73329735408,-4082.2649223295975,6015.624080020667,1023.7261651211564,BOOST,Trajectory,52.28457313295315
53.400000000000006,A1002,A0100,B0100,-27646.802118730888,-4059.8893171269106,5964.410803247084,840.8440295916964,BOOST,Trajectory,53.550413444334446
53.6,A1001,A0100,B0100,-26168.337972272762,-4086.704028709364,6014.947490188933,1042.2631885768149,BOOST,Trajectory,52.001882622797915
53.6,A1002,A0100,B0100,-27477.027749828816,-4064.035749537301,5961.847376873714,859.1292427347934,BOOST,Trajectory,53.30398774939555
53.800000000000004,A1001,A0100,B0100,-25958.23381432101,-4091.1711057634548,6014.15921586863,1060.8166807402854,BOOST,Trajectory,51.71540102592956
53.800000000000004,A1002,A0100,B0100,-27303.59437768195,-4068.2162650268833,5959.151865073222,877.4501618249892,BOOST,Trajectory,53.053806839003606
54.0,A1001,A0100,B0100,-25744.417806564496,-4095.665773534244,6013.256335453879,1079.384279490676,BOOST,Trajectory,51.42533238492356
54.0,A1002,A0100,B0100,-27126.495118590115,-4072.430471169909,5956.321532127541,895.8048504335782,BOOST,Trajectory,52.80006968539603
54.2,A1001,A0100,B0100,-25526.88741327626,-4100.187670201104,6012.235903037918,1097.963546174242,BOOST,Trajectory,51.1318384636876
54.2,A1002,A0100,B0100,-26945.723484022157,-4076.6779983000674,5953.353626518548,914.1913037655207,BOOST,Trajectory,52.54293262234897
54.400000000000006,A1001,A0100,B0100,-25305.64059586363,-4104.736449387044,6011.0949393398805,1116.5519607044578,BOOST,Trajectory,50.835011692288084
54.400000000000006,A1002,A0100,B0100,-26761.273395026627,-4080.9584965749737,5950.245372249284,932.6074430989781,BOOST,Trajectory,52.28248256397811
54.6,A1001,A0100,B0100,-25082.855357902015,-4109.312755832148,6009.675908993149,1111.3188522900143,MIDCOURSE,Trajectory,50.537036509843944
54.6,A1002,A0100,B0100,-26573.13919720767,-4085.271628994696,5946.9939625050165,951.0511143282195,BOOST,Trajectory,52.01873610803611
54.800000000000004,A1001,A0100,B0100,-24861.13134095596,-4113.915700892809,6007.792292681768,1106.0454908660588,MIDCOURSE,Trajectory,50.24041090401514
54.800000000000004,A1002,A0100,B0100,-26381.315675650527,-4089.6170617343105,5943.596556445324,969.5200895848249,BOOST,Trajectory,51.75160762986164
55.0,A1001,A0100,B0100,-24640.46409422238,-4118.541434449577,6005.440207296204,1100.8071338316045,MIDCOURSE,Trajectory,49.944927364880485
55.0,A1002,A0100,B0100,-26185.798068860026,-4093.9944532753293,5940.050280755669,988.0120758046579,BOOST,Trajectory,51.48089210077169
55.2,A1001,A0100,B0100,-24420.84720357298,-4123.185354853719,6002.617566055382,1095.6080700812322,MIDCOURSE,Trajectory,49.65033507384761
55.2,A1002,A0100,B0100,-25986.582080213087,-4098.403446685324,5936.352237152973,1006.5247304788213,BOOST,Trajectory,51.206344354512304
55.400000000000006,A1001,A0100,B0100,-24202.27351414625,-4127.844748727232,5999.32427986072,1090.4511814379266,MIDCOURSE,Trajectory,49.35649203752975
55.400000000000006,A1002,A0100,B0100,-25783.66388640254,-4102.843670414954,5932.499513224461,1025.0556745925828,BOOST,Trajectory,50.92782918296149
55.6,A1001,A0100,B0100,-23984.735681085604,-4132.520634860303,5995.561260552827,1085.3357637784811,MIDCOURSE,Trajectory,49.06345496811792
55.6,A1002,A0100,B0100,-25577.04014476307,-4107.31474838261,5928.489190317222,1043.6024905605736,BOOST,Trajectory,50.64540981065887
55.800000000000004,A1001,A0100,B0100,-23768.22692297029,-4137.217399775413,5991.328885811364,1080.2578218632423,MIDCOURSE,Trajectory,48.77142479896413
55.800000000000004,A1002,A0100,B0100,-25366.70800275017,-4111.8163133795115,5924.318343502145,1062.162704727592,BOOST,Trajectory,50.3592925547812
56.0,A1001,A0100,B0100,-23552.741464193507,-4141.940742666535,5986.625977346301,1075.2124289563583,MIDCOURSE,Trajectory,48.48061639302691
56.0,A1002,A0100,B0100,-25152.665111477865,-4116.348015950802,5919.984034210132,1080.7337669100343,BOOST,Trajectory,50.0696967381452
56.2,A1001,A0100,B0100,-23338.27448779154,-4146.69558449125,5981.449687291297,1070.1957114657246,MIDCOURSE,Trajectory,48.191176818002084
56.2,A1002,A0100,B0100,-24934.909642566963,-4120.909525375526,5915.483300269643,1099.3130384385909,BOOST,Trajectory,49.776773693211545
56.2,A2001,A0200,B0100,-29306.739591813224,4310.142720494483,6109.358765210146,416.6225032804658,BOOST,Trajectory,54.727803683238015
56.400000000000006,A1001,A0100,B0100,-23124.821834127346,-4151.4847892142825,5975.795902783532,1065.205382295322,MIDCOURSE,Trajectory,47.90317366695587
56.400000000000006,A1002,A0100,B0100,-24713.44030636454,-4125.500524388552,5910.813147414605,1117.8977890046108,BOOST,Trajectory,49.48059567700088
56.400000000000006,A2001,A0200,B0100,-29222.20670804304,4307.751920719805,6116.300765422715,433.2898364795748,BOOST,Trajectory,54.571984548009844
56.6,A1001,A0100,B0100,-22912.379646503286,-4156.308388808303,5969.659817375943,1060.24095230327,MIDCOURSE,Trajectory,47.61657961135604
56.6,A1002,A0100,B0100,-24490.446250781395,-4130.122864865048,5905.834114150467,1112.5646004100615,MIDCOURSE,Trajectory,49.18331211910932
56.6,A2001,A0200,B0100,-29134.33188376448,4305.080394480476,6123.266829702181,450.02642848379617,BOOST,Trajectory,54.413239394378934
56.800000000000004,A1001,A0100,B0100,-22700.943937284974,-4161.163275796423,5963.0367750500145,1055.304212521487,MIDCOURSE,Trajectory,47.331234641677135
56.800000000000004,A1002,A0100,B0100,-24268.542973456922,-4134.77597028753,5900.381708286861,1107.1833042466533,MIDCOURSE,Trajectory,48.88736183671391
56.800000000000004,A2001,A0200,B0100,-29043.102051306174,4302.123011500361,6130.251033810886,466.8312496413739,BOOST,Trajectory,54.25135035977688
57.0,A1001,A0100,B0100,-22490.510113531032,-4166.044185525965,5955.923385256905,1050.398949872096,MIDCOURSE,Trajectory,47.04687048682714
57.0,A1002,A0100,B0100,-24047.72606440118,-4139.454823813986,5894.452654583586,1101.8386053409358,MIDCOURSE,Trajectory,48.592478177945466
57.0,A2001,A0200,B0100,-28948.504323457073,4298.874783125808,6137.247564371776,483.70326799635615,BOOST,Trajectory,54.08602746410855
57.2,A1001,A0100,B0100,-22281.072756329406,-4170.946359459338,5948.318266963297,1045.5289403537918,MIDCOURSE,Trajectory,46.76324732196287
57.2,A1002,A0100,B0100,-23827.98892678323,-4144.154913442109,5888.045644338639,1096.5343769764947,MIDCOURSE,Trajectory,48.298421970318394
57.2,A2001,A0200,B0100,-28850.52599733471,4295.330853955891,6144.250714191923,500.6414455906425,BOOST,Trajectory,53.91706658009263
57.400000000000006,A1001,A0100,B0100,-22072.625918898524,-4175.868421788243,5940.221702990973,1040.695634082524,MIDCOURSE,Trajectory,46.48030397923354
57.400000000000006,A1002,A0100,B0100,-23609.324428990356,-4148.87493747961,5881.161005083264,1091.2720193422488,MIDCOURSE,Trajectory,48.005132104418635
57.400000000000006,A2001,A0200,B0100,-28749.15455939146,4291.48648543306,6151.254879826906,517.6447303860544,BOOST,Trajectory,53.7444805696428
57.6,A1001,A0100,B0100,-21865.163714752252,-4180.813792753981,5931.634624589362,1035.8979896660737,MIDCOURSE,Trajectory,46.198160493916156
57.6,A1002,A0100,B0100,-23391.72551392207,-4153.618147068556,5873.799674827755,1086.0502985176984,MIDCOURSE,Trajectory,47.712727817106064
57.6,A2001,A0200,B0100,-28644.377691833895,4287.337033849673,6158.254555443106,534.7120472997927,BOOST,Trajectory,53.5684654955239
57.800000000000004,A1001,A0100,B0100,-21658.680941454993,-4185.78971365728,5922.5572727616145,1031.1309318596363,MIDCOURSE,Trajectory,45.91712107877724
57.800000000000004,A1002,A0100,B0100,-23175.185845409585,-4158.391422621125,5865.961862921837,1080.8637856492007,MIDCOURSE,Trajectory,47.42151095804623
57.800000000000004,A2001,A0200,B0100,-28536.183280072455,4282.877928637513,6165.244320960795,551.8422915697419,BOOST,Trajectory,53.389354541820566
58.0,A1001,A0100,B0100,-21453.173646658423,-4190.803260498726,5912.9877264379065,1026.3889237137882,MIDCOURSE,Trajectory,45.63742628342008
58.0,A1002,A0100,B0100,-22959.700386254233,-4163.201492771979,5857.645617285856,1075.7066381486288,MIDCOURSE,Trajectory,47.13171918889641
58.0,A2001,A0200,B0100,-28424.559420158675,4278.104660008279,6172.218823255714,569.0343276499024,BOOST,Trajectory,53.207349719542705
58.2,A1001,A0100,B0100,-21248.638881822102,-4195.8595598394,5902.922197070301,1021.6687978081254,MIDCOURSE,Trajectory,45.35926781391971
58.2,A1002,A0100,B0100,-22745.265147795937,-4168.0532422277365,5848.847120355252,1070.5754495344238,MIDCOURSE,Trajectory,46.84354189955249
58.2,A2001,A0200,B0100,-28309.494425473218,4273.012777018108,6179.172756095232,586.2869908900759,BOOST,Trajectory,53.02259359451196
58.2,A2002,A0200,B0100,-28837.460624138275,4304.74797408257,6110.511975038664,416.5808281484192,BOOST,Trajectory,53.54122386055965
58.400000000000006,A1001,A0100,B0100,-21045.07417772804,-4200.960125907915,5892.355727650131,1016.9692935005829,MIDCOURSE,Trajectory,45.08266687541014
58.400000000000006,A1002,A0100,B0100,-22531.876653340092,-4172.9481311564905,5839.561397726754,1065.468853829954,MIDCOURSE,Trajectory,46.55699848776543
58.400000000000006,A2001,A0200,B0100,-28190.976832840406,4267.597890541874,6186.100843975797,603.5990918027837,BOOST,Trajectory,52.83503053669526
58.400000000000006,A2002,A0200,B0100,-28753.02838017684,4302.208903822293,6118.409044311774,433.20415343462776,BOOST,Trajectory,53.387547412249766
58.6,A1001,A0100,B0100,-20842.477047397715,-4206.102224348543,5881.283065747144,1012.2915544260959,MIDCOURSE,Trajectory,44.80750882870347
58.6,A1002,A0100,B0100,-22319.53142243633,-4177.883586667924,5829.783203676105,1060.388017637493,MIDCOURSE,Trajectory,46.27197331962324
58.6,A2001,A0200,B0100,-28068.995407641258,4261.8556808296635,6192.997831857297,620.9694206189129,BOOST,Trajectory,52.64446420345931
58.6,A2002,A0200,B0100,-28665.260963382054,4299.377611250877,6126.332438452327,449.8969846038669,BOOST,Trajectory,53.2309914624836
58.800000000000004,A1001,A0100,B0100,-20640.844707744203,-4211.27878970463,5869.69917102036,1007.6366046807132,MIDCOURSE,Trajectory,44.533795246354785
58.800000000000004,A1002,A0100,B0100,-22108.2256897187,-4182.85292478527,5819.507514695029,1055.33392642888,MIDCOURSE,Trajectory,45.988466912241066
58.800000000000004,A2001,A0200,B0100,-27943.539148290776,4255.781906386525,6199.858479664496,638.3967488011527,BOOST,Trajectory,52.45082575877997
58.800000000000004,A2002,A0200,B0100,-28574.145356565292,4296.248798653035,6134.2754981818725,466.6582628131578,BOOST,Trajectory,53.071485128352855
59.0,A1001,A0100,B0100,-20440.17398109365,-4216.4794467465545,5857.599716488448,1003.0066919701395,MIDCOURSE,Trajectory,44.26141999109006
59.0,A1002,A0100,B0100,-21897.95530832731,-4187.846320578623,5808.730013104942,1050.3088866092066,MIDCOURSE,Trajectory,45.70637281050533
59.0,A2001,A0200,B0100,-27814.59729059439,4249.372412319521,6206.6775588090395,655.8798282377716,BOOST,Trajectory,52.253959079081106
59.0,A2002,A0200,B0100,-28479.668723509756,4292.817326312757,6142.231687956259,483.48692911602126,BOOST,Trajectory,52.90887048492955
59.2,A1001,A0100,B0100,-20240.46130771669,-4221.691865008131,5844.98126579084,998.4026705953695,MIDCOURSE,Trajectory,43.99027404464433
59.2,A1002,A0100,B0100,-21688.715755062523,-4192.852094003142,5797.447261635588,1045.313758763481,MIDCOURSE,Trajectory,45.42558177387196
59.2,A2001,A0200,B0100,-27682.159312456573,4242.623135368696,6213.449850878407,673.4173892382499,BOOST,Trajectory,52.05375067615915
59.2,A2002,A0200,B0100,-28381.818412227887,4289.078209597272,6150.194583450336,500.38192100438795,BOOST,Trajectory,52.74303187070494
59.400000000000006,A1001,A0100,B0100,-20041.70287156609,-4226.905322723075,5831.841515876431,993.8264031615366,MIDCOURSE,Trajectory,43.72007454201773
59.400000000000006,A1002,A0100,B0100,-21480.50223798639,-4197.860089727467,5785.656963692554,1040.350530959385,MIDCOURSE,Trajectory,45.145811539836515
59.400000000000006,A2001,A0200,B0100,-27546.2149396964,4235.530101520321,6220.1701485634785,691.0081349031072,BOOST,Trajectory,51.84995272340288
59.400000000000006,A2002,A0200,B0100,-28280.581959110263,4285.026609717177,6158.157862689572,517.3421669189584,BOOST,Trajectory,52.57371933519561
59.6,A1001,A0100,B0100,-19843.894526323133,-4232.1106888624445,5818.179315369719,989.2796966123369,MIDCOURSE,Trajectory,43.45057713308348
59.6,A1002,A0100,B0100,-21273.309616649873,-4202.861661494987,5773.357990936515,1035.421104309901,MIDCOURSE,Trajectory,44.866818304775954
59.6,A2001,A0200,B0100,-27406.754152943242,4228.089417370089,6226.833259070691,708.6507407465542,BOOST,Trajectory,51.64235197452101
59.6,A2002,A0200,B0100,-28175.947093978844,4280.657819149182,6166.1153008539495,534.3665843460982,BOOST,Trajectory,52.40071748659649
59.800000000000004,A1001,A0100,B0100,-19647.031332085866,-4237.299561653725,5803.995578943739,984.7697207645957,MIDCOURSE,Trajectory,43.181361821336345
59.800000000000004,A1002,A0100,B0100,-21067.131938665534,-4207.848856850118,5760.55129379879,1030.5330100165597,MIDCOURSE,Trajectory,44.58818405873241
59.800000000000004,A2001,A0200,B0100,-27263.767194192933,4220.297262990714,6233.434009573079,726.3438598636135,BOOST,Trajectory,51.43050236982441
59.800000000000004,A2002,A0200,B0100,-28067.90174505359,4275.9672492663785,6174.060768132359,551.4540820308096,BOOST,Trajectory,52.22357965103469
60.0,A1001,A0100,B0100,-19451.104861241107,-4242.457464207888,5789.298226734134,980.3164114933663,MIDCOURSE,Trajectory,42.9112375951008
60.0,A1002,A0100,B0100,-20861.9596915704,-4212.807976664158,5747.244880825328,1025.7073812686103,MIDCOURSE,Trajectory,44.30872419468336
60.0,A2001,A0200,B0100,-27117.244569310333,4212.149894610298,6239.96726886162,744.0861669267631,BOOST,Trajectory,51.21312056091595
60.0,A2002,A0200,B0100,-27956.43404167962,4270.950428365962,6181.988244443797,568.6035897569851,BOOST,Trajectory,52.041025683465115
60.2,A1001,A0100,B0100,-19256.102682562178,-4247.567715730093,5774.102826151767,975.9329209816149,MIDCOURSE,Trajectory,42.639896511775625
60.2,A1002,A0100,B0100,-20657.779286548255,-4217.723257962575,5733.454398165431,1020.9577688814901,MIDCOURSE,Trajectory,44.02813409263018
60.2,A2001,A0200,B0100,-26967.177043660828,4203.643655264083,6246.427991671292,761.876355468311,BOOST,Trajectory,50.98997544094759
60.2,A2002,A0200,B0100,-27841.53231286999,4265.60300828949,6189.8918573094215,585.8140559057108,BOOST,Trajectory,51.852824260541446
60.400000000000006,A1001,A0100,B0100,-19062.00940759194,-4252.6186830838815,5758.43068763599,971.6242764221932,MIDCOURSE,Trajectory,42.36753907742384
60.400000000000006,A1002,A0100,B0100,-20454.5741799115,-4222.5837389461185,5719.201134765101,1016.289040535295,MIDCOURSE,Trajectory,43.74661395099998
60.400000000000006,A2001,A0200,B0100,-26813.555643461503,4194.7749643687985,6252.8112475240605,779.7131058515843,BOOST,Trajectory,50.76137960497477
60.400000000000006,A2002,A0200,B0100,-27723.185089104907,4259.92075061088,6197.765905105016,603.0844244071185,BOOST,Trajectory,51.65928507238445
60.6,A1001,A0100,B0100,-18868.812212595658,-4257.607172584841,5742.297599429962,967.3668738830766,MIDCOURSE,Trajectory,42.095315444595826
60.6,A1002,A0100,B0100,-20252.33049539665,-4227.386434644599,5704.500783309587,1011.6762140779718,MIDCOURSE,Trajectory,43.4653053152575
60.6,A2001,A0200,B0100,-26656.371664814666,4185.540297174026,6259.112216327127,797.595015683238,BOOST,Trajectory,50.528586124676984
60.6,A2002,A0200,B0100,-27601.381108472047,4253.899503018381,6205.604848116565,620.41358368156,BOOST,Trajectory,51.46165250066927
60.800000000000004,A1001,A0100,B0100,-18676.50277183614,-4262.535010161073,5725.711499969353,963.1508272419928,MIDCOURSE,Trajectory,41.823702249517694
60.800000000000004,A1002,A0100,B0100,-20051.038969276997,-4232.133090329784,5689.361187014461,1007.1088212503125,MIDCOURSE,Trajectory,43.18468094910853
60.800000000000004,A2001,A0200,B0100,-26495.616692382522,4175.93616741438,6265.326140200399,815.5205898841725,BOOST,Trajectory,50.292088147846194
60.800000000000004,A2002,A0200,B0100,-27476.109328524224,4247.535178871758,6213.403256952896,637.8003582227982,BOOST,Trajectory,51.26041463251941
61.0,A1001,A0100,B0100,-18485.0743293843,-4267.4038856966445,5708.677726187278,958.9716070174583,MIDCOURSE,Trajectory,41.552979836206276
61.0,A1002,A0100,B0100,-19850.691975557496,-4236.825316111972,5673.787551561758,1002.5820297640823,MIDCOURSE,Trajectory,42.90501883359541
61.0,A2001,A0200,B0100,-26331.282613403622,4165.959122268542,6271.448295626276,833.4882785752184,BOOST,Trajectory,50.05213609505513
61.0,A2002,A0200,B0100,-27347.35893578547,4240.8237492940325,6221.1557813289955,655.2435348594038,BOOST,Trajectory,51.055818207083206
61.2,A1001,A0100,B0100,-18294.521126787044,-4272.21405303756,5691.199881314183,954.8230199864577,MIDCOURSE,Trajectory,41.28333308611216
61.2,A1002,A0100,B0100,-19651.28292158797,-4241.4633646622715,5657.78334254592,998.0893813351578,MIDCOURSE,Trajectory,42.62650132206669
61.2,A2001,A0200,B0100,-26163.36162714136,4155.605745342255,6277.473980225846,851.4964858554828,BOOST,Trajectory,49.80890464209188
61.2,A2002,A0200,B0100,-27215.119352591493,4233.761243540879,6228.857133602171,672.7418684142324,BOOST,Trajectory,50.84803363895016
61.400000000000006,A1001,A0100,B0100,-18104.838923830634,-4276.965878267633,5673.27895559479,950.699533168656,MIDCOURSE,Trajectory,41.01478641573189
61.400000000000006,A1002,A0100,B0100,-19452.806746368122,-4246.04759372571,5641.349454768366,993.6251682891151,MIDCOURSE,Trajectory,42.34915093195555
61.400000000000006,A2001,A0200,B0100,-25991.846254736403,4144.872658335622,6283.39850008116,869.5435611894977,BOOST,Trajectory,49.56242537465353
61.400000000000006,A2002,A0200,B0100,-27079.38024433702,4226.343748325117,6236.502073187509,690.2940749936208,BOOST,Trajectory,50.63708823102632
61.6,A1001,A0100,B0100,-17916.024015999203,-4281.660777045999,5654.915383856699,946.6045467736596,MIDCOURSE,Trajectory,40.74723711635299
61.6,A1002,A0100,B0100,-19255.258931680666,-4250.579350802596,5624.486247650438,989.1928372662641,MIDCOURSE,Trajectory,42.0728654493278
61.6,A2001,A0200,B0100,-25816.729350122136,4133.756518361253,6289.217160202183,887.6278061520956,BOOST,Trajectory,49.31261887937855
61.6,A2002,A0200,B0100,-26940.131527675556,4218.56740308862,6244.085394354263,707.8988365531384,BOOST,Trajectory,50.42289967745732
61.800000000000004,A1001,A0100,B0100,-17728.071286969796,-4286.301271588135,5636.112308566101,942.5420530998466,MIDCOURSE,Trajectory,40.48063093330968
61.800000000000004,A1002,A0100,B0100,-19058.63355841341,-4255.061026473817,5607.196751332632,984.7964394499085,MIDCOURSE,Trajectory,41.79759081653835
61.800000000000004,A2001,A0200,B0100,-25638.00410863031,4122.254013382253,6294.925268842688,905.7474917368435,BOOST,Trajectory,49.059420333909245
61.800000000000004,A2002,A0200,B0100,-26797.363377469108,4210.428393702292,6251.601927861325,725.5548132655487,BOOST,Trajectory,50.205400557404964
62.0,A1001,A0100,B0100,-17540.975756307682,-4290.888220183521,5616.87249101698,938.5070718043717,MIDCOURSE,Trajectory,40.215077542759474
62.0,A1002,A0100,B0100,-18862.924861382155,-4259.493441922737,5589.483603712826,980.4308107322929,MIDCOURSE,Trajectory,41.52343463631375
62.0,A2001,A0200,B0100,-25455.664074179575,4110.361862317433,6300.51814142846,923.9008472663858,BOOST,Trajectory,48.80293309595384
62.0,A2002,A0200,B0100,-26651.06623268522,4201.922950921022,6259.046542461121,743.2606345859191,BOOST,Trajectory,49.98468971226665
62.2,A1001,A0100,B0100,-17354.734195966907,-4295.4225675931075,5597.1956042780685,934.4919877741164,MIDCOURSE,Trajectory,39.95066546137999
62.2,A1002,A0100,B0100,-18668.128828795867,-4263.877499348222,5571.346407700116,976.0881056385371,MIDCOURSE,Trajectory,41.250482934737164
62.2,A2001,A0200,B0100,-25269.70314956293,4098.076817194324,6305.991090450107,942.0860390205112,BOOST,Trajectory,48.543240106918525
62.2,A2002,A0200,B0100,-26501.230804237563,4193.047350899579,6266.414132872396,761.0148831876138,BOOST,Trajectory,49.76084498023836
62.400000000000006,A1001,A0100,B0100,-17169.3443325516,-4299.905840097728,5577.0800428538705,930.4980828831077,MIDCOURSE,Trajectory,39.68736248607038
62.400000000000006,A1002,A0100,B0100,-18474.242411487223,-4268.214648167766,5552.783506615148,971.7695805111006,MIDCOURSE,Trajectory,40.97870338080833
62.400000000000006,A2001,A0200,B0100,-25080.11560916133,4085.395661961823,6311.33941301396,960.3011760865003,BOOST,Trajectory,48.2803303057145
62.400000000000006,A2002,A0200,B0100,-26347.848084629328,4183.797912531668,6273.699605645561,778.8160990019768,BOOST,Trajectory,49.5338514690083
62.6,A1001,A0100,B0100,-16984.80305957373,-4304.339611606998,5556.525915874037,926.5293394188867,MIDCOURSE,Trajectory,39.425093744741126
62.6,A1002,A0100,B0100,-18281.261742874074,-4272.506382351643,5533.794928476814,967.4792952834212,MIDCOURSE,Trajectory,40.70802142815369
62.6,A2001,A0200,B0100,-24886.896109004014,4072.315210680002,6316.558390950227,978.5443288948657,BOOST,Trajectory,48.01411088074434
62.6,A2002,A0200,B0100,-26190.90935599318,4174.170994379733,6280.897877477885,796.6627927059188,BOOST,Trajectory,49.30361355229954
62.800000000000004,A1001,A0100,B0100,-16801.106616941684,-4308.724789152634,5535.534511750289,922.586016731902,MIDCOURSE,Trajectory,39.1638258653141
62.800000000000004,A1002,A0100,B0100,-18089.18231371306,-4276.753567935261,5514.381863188803,963.217496120006,MIDCOURSE,Trajectory,40.438403171031496
62.800000000000004,A2001,A0200,B0100,-24690.039694647614,4058.8323079794045,6321.643295872783,996.8135289991963,BOOST,Trajectory,47.744554032116575
62.800000000000004,A2002,A0200,B0100,-26030.40619663349,4164.162993976872,6288.003878529468,814.5534451964214,BOOST,Trajectory,49.07009942981212
63.0,A1001,A0100,B0100,-16618.251547082087,-4313.062255003225,5514.106639400725,918.665828383475,MIDCOURSE,Trajectory,38.90356338171531
63.0,A1002,A0100,B0100,-17897.999917139652,-4280.957048040696,5494.545039552465,958.9818069957377,MIDCOURSE,Trajectory,40.1698520472636
63.0,A2001,A0200,B0100,-24489.54181035154,4044.94382972207,6326.589389287828,1015.1067562525521,BOOST,Trajectory,47.47167245979042
63.0,A2002,A0200,B0100,-25866.330488422904,4153.770347388229,6295.012551043786,832.4864978051982,BOOST,Trajectory,48.833317125159844
63.2,A1001,A0100,B0100,-16436.23481073017,-4317.3537556016345,5492.2425782793625,914.7687615730539,MIDCOURSE,Trajectory,38.644332906619226
63.2,A1002,A0100,B0100,-17707.710772540144,-4285.118478289589,5474.284662158092,954.7721452610643,MIDCOURSE,Trajectory,39.90239407758743
63.2,A2001,A0200,B0100,-24285.39831051255,4030.6466814170967,6331.391918648677,1033.4219331443371,BOOST,Trajectory,47.195506248262504
63.2,A2002,A0200,B0100,-25698.674425822774,4142.98952662518,6301.918844128165,850.4603478703116,BOOST,Trajectory,48.59330224019452
63.400000000000006,A1001,A0100,B0100,-16255.052758496917,-4321.601569777833,5469.943928663002,910.8990302696177,MIDCOURSE,Trajectory,38.38607236353472
63.400000000000006,A1002,A0100,B0100,-17518.310513059016,-4289.240013731087,5453.602223833571,950.5927844875075,MIDCOURSE,Trajectory,39.63596759858068
63.400000000000006,A2001,A0200,B0100,-24077.60547076156,4015.93779620665,6336.0461167199,1051.7569358773865,BOOST,Trajectory,46.91598744311617
63.400000000000006,A2002,A0200,B0100,-25527.430524754123,4131.8170367329985,6308.717711864091,868.4733568064657,BOOST,Trajectory,48.34998357143539
63.6,A1001,A0100,B0100,-16074.701089688006,-4325.806765333064,5447.21336433576,907.0554446253587,MIDCOURSE,Trajectory,38.128755168888155
63.6,A1002,A0100,B0100,-17329.794130837166,-4293.322670485555,5432.500281596767,946.4425131960605,MIDCOURSE,Trajectory,39.37054512267708
63.6,A2001,A0200,B0100,-23866.15999656613,4000.8141354845698,6340.547206440208,1070.109600112135,BOOST,Trajectory,46.633092194336314
63.6,A2002,A0200,B0100,-25352.59162971873,4120.249415567048,6315.404116885434,886.5238540450223,BOOST,Trajectory,48.1033325458623
63.800000000000004,A1001,A0100,B0100,-15895.176730917736,-4329.970488539327,5424.051403767347,903.2315680544531,MIDCOURSE,Trajectory,37.87247222384978
63.800000000000004,A1002,A0100,B0100,-17142.157836211518,-4297.3675384474955,5410.9792754125165,942.3146910676527,MIDCOURSE,Trajectory,39.10621540842561
63.800000000000004,A2001,A0200,B0100,-23651.05903380749,3985.272690397111,6344.890397968956,1088.477692807914,BOOST,Trajectory,46.3469139382605
63.800000000000004,A2002,A0200,B0100,-25174.15092225659,4108.283234441797,6321.9730264475975,904.6101157005868,BOOST,Trajectory,47.85343646450078
64.0,A1001,A0100,B0100,-15716.477490552028,-4334.094363532029,5400.457427685898,899.4289411215108,MIDCOURSE,Trajectory,37.61720688346027
64.0,A1002,A0100,B0100,-16955.39873141234,-4301.376155543077,5389.038511482586,938.21083377886,MIDCOURSE,Trajectory,38.84296176009438
64.0,A2001,A0200,B0100,-23432.30018329043,3969.310481520158,6349.070878535253,1106.858913120721,BOOST,Trajectory,46.05745621538898
64.0,A2002,A0200,B0100,-24992.101932261237,4095.9150969810353,6328.419401565656,922.7303650591286,BOOST,Trajectory,47.60029420702628
64.2,A1001,A0100,B0100,-15538.599906690788,-4338.180871621544,5376.433215743883,895.6525748904367,MIDCOURSE,Trajectory,37.362858449257246
64.2,A1002,A0100,B0100,-16769.512668356798,-4305.350864887891,5366.679667484296,934.1360638713728,MIDCOURSE,Trajectory,38.580684084985336
64.2,A2001,A0200,B0100,-23212.048210840883,3953.0302475812227,6352.898551576057,1101.5042077431613,MIDCOURSE,Trajectory,45.76672237245726
64.2,A2002,A0200,B0100,-24806.438547382786,4083.1416363354697,6334.738197877933,940.8827921442011,BOOST,Trajectory,47.34379713059677
64.4,A1001,A0100,B0100,-15361.540218485401,-4342.231161650229,5351.9808926999885,891.8989641931046,MIDCOURSE,Trajectory,37.10950197386669
64.4,A1002,A0100,B0100,-16584.495208372286,-4309.292757279869,5343.904760367137,930.086751716708,MIDCOURSE,Trajectory,38.31945583940031
64.4,A2001,A0200,B0100,-22992.882876007912,3936.557038048454,6356.154065541981,1096.1332635122908,MIDCOURSE,Trajectory,45.47729473054015
64.4,A2002,A0200,B0100,-24617.155020302722,4069.9595150172217,6340.924371022906,959.0655472768786,BOOST,Trajectory,47.084012842396056
64.60000000000001,A1001,A0100,B0100,-15185.295880989312,-4346.246291187424,5327.100648343346,888.1647158509381,MIDCOURSE,Trajectory,36.85715540528177
64.60000000000001,A1002,A0100,B0100,-16400.343127419786,-4313.202837089345,5320.713892120375,926.0593930714635,MIDCOURSE,Trajectory,38.05929374208081
64.60000000000001,A2001,A0200,B0100,-22774.797615898893,3919.8900281536417,6358.838860841432,1090.8079557283074,MIDCOURSE,Trajectory,45.189194181448364
64.60000000000001,A2002,A0200,B0100,-24424.245978753836,4056.3654267704615,6346.972869999592,977.2767218686535,BOOST,Trajectory,46.82096719701515
64.8,A1001,A0100,B0100,-15009.864923347617,-4350.228064711084,5301.7918929405905,884.4480362849637,MIDCOURSE,Trajectory,36.605898821043915
64.8,A1002,A0100,B0100,-16217.053777920684,-4317.082809423473,5297.106391380449,922.0520727978302,MIDCOURSE,Trajectory,37.80027675754346
64.8,A2001,A0200,B0100,-22557.78536873836,3903.027905485304,6360.953739624977,1085.5262090239514,MIDCOURSE,Trajectory,44.90249620877177
64.8,A2002,A0200,B0100,-24227.706437339704,4042.356095138476,6352.878629937591,995.5143515689039,BOOST,Trajectory,46.55474204565043
65.0,A1001,A0100,B0100,-14835.24546452128,-4354.17811664403,5276.054092388283,880.7499077918509,MIDCOURSE,Trajectory,36.35579018319116
65.0,A1002,A0100,B0100,-16034.624628594273,-4320.934217798108,5273.081608281857,918.0657054143896,MIDCOURSE,Trajectory,37.542462310805185
65.0,A2001,A0200,B0100,-22341.83924303271,3885.9697030014822,6362.499383530166,1080.2885054629783,MIDCOURSE,Trajectory,44.617240434126366
65.0,A2002,A0200,B0100,-24027.531808844127,4027.92827269312,6358.636567428635,1013.7764198828567,BOOST,Trajectory,46.28538466150661
65.2,A1001,A0100,B0100,-14661.435802738728,-4358.09739134854,5249.886416517396,877.067462785766,MIDCOURSE,Trajectory,36.10688878771181
65.2,A1002,A0100,B0100,-15853.053342600466,-4324.7579569457175,5248.6385793421705,914.0973010329692,MIDCOURSE,Trajectory,37.28590838741159
65.2,A2001,A0200,B0100,-22126.952461289948,3868.7150499125987,6363.47606568805,1075.0920469765827,MIDCOURSE,Trajectory,44.33348198783888
65.2,A2002,A0200,B0100,-23823.717914579076,4013.0787424227988,6364.241577889571,1032.0608574366909,BOOST,Trajectory,46.01295698873549
65.4,A1001,A0100,B0100,-14488.435494487243,-4361.986922827444,5223.286016094205,873.3948425407616,MIDCOURSE,Trajectory,35.85930560931844
65.4,A1002,A0100,B0100,-15672.338836213301,-4328.555005155652,5223.774332200628,910.1407880930028,MIDCOURSE,Trajectory,37.03072399159633
65.4,A2001,A0200,B0100,-21913.11908834403,3851.2637047224102,6363.882230461019,1069.931540359109,MIDCOURSE,Trajectory,44.05132970330176
65.4,A2002,A0200,B0100,-23616.26099644385,3997.804318637226,6369.688528341647,1050.3655267325814,BOOST,Trajectory,45.737573856194906
65.60000000000001,A1001,A0100,B0100,-14316.244705863659,-4365.847974247912,5196.249489517506,869.736155230751,MIDCOURSE,Trajectory,35.61291943384835
65.60000000000001,A1002,A0100,B0100,-15492.480643085795,-4332.326555323073,5198.485339035015,906.2003850882897,MIDCOURSE,Trajectory,36.77678861228738
65.60000000000001,A2001,A0200,B0100,-21700.333737747864,3833.6153398631527,6363.715794498258,1064.8096947784943,MIDCOURSE,Trajectory,43.77065784562692
65.60000000000001,A2002,A0200,B0100,-23405.157730977848,3982.10184678531,6374.972247583134,1068.6882281825085,BOOST,Trajectory,45.459118792411196
65.8,A1001,A0100,B0100,-14144.86189459335,-4369.682190977454,5168.776386893708,866.096416341548,MIDCOURSE,Trajectory,35.36767503826592
65.8,A1002,A0100,B0100,-15313.476608855379,-4336.074158993808,5172.771001590705,902.2811909241562,MIDCOURSE,Trajectory,36.524047576741225
65.8,A2001,A0200,B0100,-21488.59024276673,3815.769133112223,6362.977342516703,1059.7298679943772,MIDCOURSE,Trajectory,43.4914017919471
65.8,A2002,A0200,B0100,-23190.405239396216,3965.9682023602672,6380.0875310748825,1087.0267270216264,BOOST,Trajectory,45.17753752114296
66.0,A1001,A0100,B0100,-13974.283707962277,-4373.49040933976,5140.869510836929,862.4892109973966,MIDCOURSE,Trajectory,0.0
66.0,A1002,A0100,B0100,-15135.322831429525,-4339.798606604087,5146.633894048956,898.3968786814794,MIDCOURSE,Trajectory,0.0
66.0,A2001,A0200,B0100,-21277.88144704038,3797.724944819736,6361.670035716519,1054.702184567997,MIDCOURSE,Trajectory,0.0
66.0,A2002,A0200,B0100,-22972.001058909947,3949.4003296728806,6385.02925638921,1105.3796845830623,BOOST,Trajectory,0.0
66.2,A1001,A0100,B0100,-13804.504274990899,-4377.272527741295,5112.535153318118,858.9073846078844,MIDCOURSE,Trajectory,0.0
66.2,A1002,A0100,B0100,-14958.012950421653,-4343.499807127006,5120.080016269935,894.540266111734,MIDCOURSE,Trajectory,0.0
66.2,A2001,A0200,B0100,-21068.19869042272,3779.483292350925,6359.799916605167,1049.721055195243,MIDCOURSE,Trajectory,0.0
66.2,A2002,A0200,B0100,-22752.10881025414,3932.5051326147222,6389.60085439864,1099.998386431301,MIDCOURSE,Trajectory,0.0
66.4,A1001,A0100,B0100,-13635.520768881795,-4381.028594628961,5083.774881681317,855.3461721738769,MIDCOURSE,Trajectory,0.0
66.4,A1002,A0100,B0100,-14781.54357037058,-4347.177813562285,5093.11076317264,890.706510187798,MIDCOURSE,Trajectory,0.0
66.4,A2001,A0200,B0100,-20859.535204481752,3761.0442909784015,6357.369166536696,1044.782161991765,MIDCOURSE,Trajectory,0.0
66.4,A2002,A0200,B0100,-22533.307222669613,3915.413146643377,6393.574526937551,1094.6022798857211,MIDCOURSE,Trajectory,0.0
66.60000000000001,A1001,A0100,B0100,-13467.330598015877,-4384.758683035218,5054.590109279907,851.8053241060197,MIDCOURSE,Trajectory,0.0
66.60000000000001,A1002,A0100,B0100,-14605.911536407775,-4350.832701930602,5065.727377760742,886.8953301789055,MIDCOURSE,Trajectory,0.0
66.60000000000001,A2001,A0200,B0100,-20651.88449693031,3742.4080401373876,6354.379815617519,1039.8847929720466,MIDCOURSE,Trajectory,0.0
66.60000000000001,A2002,A0200,B0100,-22315.589217322784,3898.1244723186996,6396.9525058361005,1089.2559700534878,MIDCOURSE,Trajectory,0.0
66.8,A1001,A0100,B0100,-13299.93122506746,-4388.462864613959,5024.982252512576,848.2845951310604,MIDCOURSE,Trajectory,0.0
66.8,A1002,A0100,B0100,-14431.113755094075,-4354.464546844257,5037.9311054852105,883.1064503621365,MIDCOURSE,Trajectory,0.0
66.8,A2001,A0200,B0100,-20445.240224394656,3723.574643079158,6350.833880746927,1035.0282523512442,MIDCOURSE,Trajectory,0.0
66.8,A2002,A0200,B0100,-22098.946817238382,3880.6391302376674,6399.737023716664,1083.958559765722,MIDCOURSE,Trajectory,0.0
67.0,A1001,A0100,B0100,-13133.320166128855,-4392.141209662753,4994.952730958934,844.7837441960096,MIDCOURSE,Trajectory,0.0
67.0,A1002,A0100,B0100,-14257.147193417515,-4358.07342153029,5009.723194393651,879.3395999110534,MIDCOURSE,Trajectory,0.0
67.0,A2001,A0200,B0100,-20239.59618920262,3704.544206970011,6346.733366340097,1030.2118600803503,MIDCOURSE,Trajectory,0.0
67.0,A2002,A0200,B0100,-21883.37223143778,3862.957144260636,6401.930291318898,1078.7091735853799,MIDCOURSE,Trajectory,0.0
67.2,A1001,A0100,B0100,-12967.494989854516,-4395.793787144502,4964.502967511255,841.3025343746515,MIDCOURSE,Trajectory,0.0
67.2,A1002,A0100,B0100,-14084.008877813552,-4361.659397853017,4981.104895275612,875.5945127871327,MIDCOURSE,Trajectory,0.0
67.2,A2001,A0200,B0100,-20034.946336260415,3685.316842988452,6342.080265031266,1025.434951397105,MIDCOURSE,Trajectory,0.0
67.2,A2002,A0200,B0100,-21668.857850678713,3845.0785416197564,6403.534498493622,1073.5069571453078,MIDCOURSE,Trajectory,0.0
67.4,A1001,A0100,B0100,-12802.45331662431,-4399.4206647085175,4933.634388502429,837.8407327763231,MIDCOURSE,Trajectory,0.0
67.4,A1002,A0100,B0100,-13911.695893207156,-4365.222546336008,4952.077461803972,871.8709276338843,MIDCOURSE,Trajectory,0.0
67.4,A2001,A0200,B0100,-19831.28475001505,3665.8926664206297,6336.876558357723,1020.6968763920041,MIDCOURSE,Trajectory,0.0
67.4,A2002,A0200,B0100,-21455.396243320953,3827.003353025214,6404.55181516789,1068.351076510221,MIDCOURSE,Trajectory,0.0
67.60000000000001,A1001,A0100,B0100,-12638.19281772551,-4403.021908711024,4902.348423830215,834.3981104568933,MIDCOURSE,Trajectory,0.0
67.60000000000001,A1002,A0100,B0100,-13740.205382076294,-4368.762936183529,4922.642150672475,868.1685876735916,MIDCOURSE,Trajectory,0.0
67.60000000000001,A2001,A0200,B0100,-19628.605651499518,3646.271796754104,6331.124217425256,1015.9969995888341,MIDCOURSE,Trajectory,0.0
67.60000000000001,A2002,A0200,B0100,-21242.980151313524,3808.7316127693575,6404.984392282303,1063.2407175615483,MIDCOURSE,Trajectory,0.0
67.8,A1001,A0100,B0100,-12474.711214553117,-4406.597584235105,4870.646507077884,830.9744423318718,MIDCOURSE,Trajectory,0.0
67.8,A1002,A0100,B0100,-13569.53454353631,-4372.280635301425,4892.800221729524,864.4872406065766,MIDCOURSE,Trajectory,0.0
67.8,A2001,A0200,B0100,-19426.903395457975,3626.454357769993,6324.825203555659,1011.3346995391344,MIDCOURSE,Trajectory,0.0
67.8,A2002,A0200,B0100,-21031.602486299034,3790.263358828809,6404.834362701556,1058.1750854042302,MIDCOURSE,Trajectory,0.0
68.0,A1001,A0100,B0100,-12312.006277828177,-4410.147755110094,4838.530075631316,827.5695070915798,MIDCOURSE,Trajectory,0.0
68.0,A1002,A0100,B0100,-13399.680632444783,-4375.7757103174845,4862.552938108295,860.8266385129156,MIDCOURSE,Trajectory,0.0
68.0,A2001,A0200,B0100,-19226.17246754826,3606.440477633569,6317.981468916897,1006.7093684300584,MIDCOURSE,Trajectory,0.0
68.0,A2002,A0200,B0100,-20821.256325830935,3771.598632964624,6404.10384209915,1053.1534037945146,MIDCOURSE,Trajectory,0.0
68.2,A1001,A0100,B0100,-12150.075826833703,-4413.672483930419,4806.000570792675,824.1830871183195,MIDCOURSE,Trajectory,0.0
68.2,A1002,A0100,B0100,-13230.640958526381,-4379.248226601294,4831.901566353267,857.1865377565287,MIDCOURSE,Trajectory,0.0
68.2,A2001,A0200,B0100,-19026.40748161918,3586.2302889833372,6310.594957136471,1002.1204117051069,MIDCOURSE,Trajectory,0.0
68.2,A2002,A0200,B0100,-20611.93490969975,3752.7374808205814,6402.794929817207,1048.174914587894,MIDCOURSE,Trajectory,0.0
68.4,A1001,A0100,B0100,-11988.917728667862,-4417.171832073902,4773.059437890687,820.8149684054777,MIDCOURSE,Trajectory,0.0
68.4,A1002,A0100,B0100,-13062.412885517339,-4382.698248283568,4800.847376543245,853.5666988915657,MIDCOURSE,Trajectory,0.0
68.4,A2001,A0200,B0100,-18827.6031770602,3565.8239290186752,6302.667603898551,997.5672476972336,MIDCOURSE,Trajectory,0.0
68.4,A2002,A0200,B0100,-20403.63163636443,3733.6799520196664,6400.909709702213,1043.2388772063491,MIDCOURSE,Trajectory,0.0
68.60000000000001,A1001,A0100,B0100,-11828.529897514118,-4420.645859719537,4739.708126387659,817.4649404785002,MIDCOURSE,Trajectory,0.0
68.60000000000001,A1002,A0100,B0100,-12894.993830329113,-4386.125838274974,4769.391642410956,849.9668865710169,MIDCOURSE,Trajectory,0.0
68.60000000000001,A2001,A0200,B0100,-18629.75441622108,3545.2215395860635,6294.2013375253655,993.0493072738446,MIDCOURSE,Trajectory,0.0
68.60000000000001,A2002,A0200,B0100,-20196.340059485105,3714.426100258822,6398.450250917583,1038.344568124107,MIDCOURSE,Trajectory,0.0
68.8,A1001,A0100,B0100,-11668.910293927987,-4424.09462586473,4705.948089983262,814.1327963176884,MIDCOURSE,Trajectory,0.0
68.8,A1002,A0100,B0100,-12728.381262230825,-4389.531058284471,4737.53564145928,846.3868694574811,MIDCOURSE,Trajectory,0.0
68.8,A2001,A0200,B0100,-18432.856181899264,3524.4232672639687,6285.198079543381,988.566033493238,MIDCOURSE,Trajectory,0.0
68.8,A2002,A0200,B0100,-19990.053884553803,3694.975983402024,6395.418608733787,1033.491280371151,MIDCOURSE,Trajectory,0.0
69.0,A1001,A0100,B0100,-11510.056924140126,-4427.518188342006,4671.780786715215,810.8183322827423,MIDCOURSE,Trajectory,0.0
69.0,A1002,A0100,B0100,-12562.572702050156,-4392.913968837162,4705.280655074219,842.8264201360182,MIDCOURSE,Trajectory,0.0
69.0,A2001,A0200,B0100,-18236.903574892836,3503.429263446414,6275.659745234721,984.1168812720476,MIDCOURSE,Trajectory,0.0
69.0,A2002,A0200,B0100,-19784.766965619678,3675.32966357175,6391.816825296858,1028.678323053777,MIDCOURSE,Trajectory,0.0
69.2,A1001,A0100,B0100,-11351.967839375446,-4430.916603835227,4637.207679056868,807.5213480390146,MIDCOURSE,Trajectory,0.0
69.2,A1002,A0100,B0100,-12397.56572139227,-4396.274629291648,4672.627968634667,839.2853150290236,MIDCOURSE,Trajectory,0.0
69.2,A2001,A0200,B0100,-18041.89181161692,3482.239684425302,6265.5882441743215,979.7013170632687,MIDCOURSE,Trajectory,0.0
69.2,A2002,A0200,B0100,-19580.473302105533,3655.4872072388953,6387.646930375974,1023.9050208914874,MIDCOURSE,Trajectory,0.0
69.4,A1001,A0100,B0100,-11194.641135187965,-4434.289927895267,4602.230234011845,804.2416464854037,MIDCOURSE,Trajectory,0.0
69.4,A1002,A0100,B0100,-12233.357941876458,-4399.613097856931,4639.578871619026,835.7633343130633,MIDCOURSE,Trajectory,0.0
69.4,A2001,A0200,B0100,-17847.81622178158,3460.8546914715103,6254.985480753235,975.3188185444683,MIDCOURSE,Trajectory,0.0
69.4,A2002,A0200,B0100,-19377.167035712584,3635.4486853111966,6382.910942090865,1019.1707137695764,MIDCOURSE,Trajectory,0.0
69.60000000000001,A1001,A0100,B0100,-11038.074950811162,-4437.638214955193,4566.849923205757,800.9790336838482,MIDCOURSE,Trajectory,0.0
69.60000000000001,A1002,A0100,B0100,-12069.947034390172,-4402.929431608824,4606.134657708794,832.2602618376008,MIDCOURSE,Trajectory,0.0
69.60000000000001,A2001,A0200,B0100,-17654.67224612927,3439.2744509148224,6243.853354688537,970.9688743157976,MIDCOURSE,Trajectory,0.0
69.60000000000001,A2002,A0200,B0100,-19174.842447410323,3615.214173220217,6377.610867619687,1014.474756306787,MIDCOURSE,Trajectory,0.0
69.8,A1001,A0100,B0100,-10882.267468523532,-4440.9615183449305,4531.068222975077,797.7333187903605,MIDCOURSE,Trajectory,0.0
69.8,A1002,A0100,B0100,-11907.330718360088,-4406.223686505921,4572.296624889135,828.7758850455621,MIDCOURSE,Trajectory,0.0
69.8,A2001,A0200,B0100,-17462.455434229905,3417.4991342227186,6232.193761520254,966.6509836074396,MIDCOURSE,Trajectory,0.0
69.8,A2002,A0200,B0100,-18973.493954508845,3594.783751006943,6371.748703888044,1009.8165174374284,MIDCOURSE,Trajectory,0.0
70.0,A1001,A0100,B0100,-10727.216913029146,-4444.259890305435,4494.886614453284,794.5043139875563,MIDCOURSE,Trajectory,0.0
70.0,A1002,A0100,B0100,-11745.506761039935,-4409.49591740509,4538.066075546568,825.3099948956767,MIDCOURSE,Trajectory,0.0
70.0,A2001,A0200,B0100,-17271.161442331868,3395.5289180780824,6220.008593095674,962.3646559961376,MIDCOURSE,Trajectory,0.0
70.0,A2002,A0200,B0100,-18773.1161078107,3574.157503406053,6365.32643823976,1005.1953800073902,MIDCOURSE,Trajectory,0.0
70.2,A1001,A0100,B0100,-10572.92155085292,-4447.533382002354,4458.306583654265,791.2918344186309,MIDCOURSE,Trajectory,0.0
70.2,A1002,A0100,B0100,-11584.472976814735,-4412.746178076528,4503.444316563766,821.8623857865407,MIDCOURSE,Trajectory,0.0
70.2,A2001,A0200,B0100,-17080.7860312672,3373.363984455848,6207.299738041479,958.1094111304699,MIDCOURSE,Trajectory,0.0
70.2,A2002,A0200,B0100,-18573.70358883973,3553.335519928886,6358.346049090032,1000.6107403835047,MIDCOURSE,Trajectory,0.0
70.4,A1001,A0100,B0100,-10419.379689750418,-4450.7820435391895,4421.329621553143,788.0956981227317,MIDCOURSE,Trajectory,0.0
70.4,A1002,A0100,B0100,-11424.22722652126,-4415.974521218353,4468.432659411605,818.4328554823459,MIDCOURSE,Trajectory,0.0
70.4,A2001,A0200,B0100,-16891.325064409244,3351.00452069863,6194.069082224019,953.8847784645478,MIDCOURSE,Trajectory,0.0
70.4,A2002,A0200,B0100,-18375.25120714431,3532.317894945185,6350.809506561512,996.0620080757378,MIDCOURSE,Trajectory,0.0
70.60000000000001,A1001,A0100,B0100,-10266.589678131975,-4454.005923969964,4383.9572241645365,784.9157259716917,MIDCOURSE,Trajectory,0.0
70.60000000000001,A1002,A0100,B0100,-11264.767416784303,-4419.180998470768,4433.032420238483,815.0212050402255,MIDCOURSE,Trajectory,0.0
70.60000000000001,A2001,A0200,B0100,-16702.774505681333,3328.4507195913784,6180.318509198131,949.6902969998251,MIDCOURSE,Trajectory,0.0
70.60000000000001,A2002,A0200,B0100,-18177.75389767257,3511.1047277636353,6342.718773103909,991.5486053717059,MIDCOURSE,Trajectory,0.0
70.8,A1001,A0100,B0100,-10114.549904500898,-4457.205071311392,4346.190892618339,781.7517416080631,MIDCOURSE,Trajectory,0.0
70.8,A1002,A0100,B0100,-11106.091499368657,-4422.365660429762,4397.244919956992,811.6272387391535,MIDCOURSE,Trajectory,0.0
70.8,A2001,A0200,B0100,-16515.13041761475,3305.7027794350806,6166.049900644803,945.5255150347264,MIDCOURSE,Trajectory,0.0
70.8,A2002,A0200,B0100,-17981.206718217312,3489.6961227112547,6334.075804097616,987.069966983044,MIDCOURSE,Trajectory,0.0
71.0,A1001,A0100,B0100,-9963.258796905555,-4460.379532554551,4308.032133233095,778.6035713844234,MIDCOURSE,Trajectory,0.0
71.0,A1002,A0100,B0100,-10948.197470546396,-4425.5285566604025,4361.0714843280075,808.2507640103644,MIDCOURSE,Trajectory,0.0
71.0,A2001,A0200,B0100,-16328.38895945473,3282.760904119559,6151.26513679806,941.3899899217997,MIDCOURSE,Trajectory,0.0
71.0,A2002,A0200,B0100,-17785.604846928305,3468.092189211676,6324.882548441897,982.6255397031707,MIDCOURSE,Trajectory,0.0
71.2,A1001,A0100,B0100,-9812.714822405227,-4463.5293536760555,4269.482457587036,775.4710443039052,MIDCOURSE,Trajectory,0.0
71.2,A1002,A0100,B0100,-10791.083370479357,-4428.669735709667,4324.513444042273,804.8915913692258,MIDCOURSE,Trajectory,0.0
71.2,A2001,A0200,B0100,-16142.546385312884,3259.625303195388,6135.966096861365,937.2832878321364,MIDCOURSE,Trajectory,0.0
71.2,A2002,A0200,B0100,-17590.943579889783,3446.293041862359,6315.140949128119,978.214782076012,MIDCOURSE,Trajectory,0.0
71.4,A1001,A0100,B0100,-9662.916486549475,-4466.654579648738,4230.54338258685,772.3539919619085,MIDCOURSE,Trajectory,0.0
71.4,A1002,A0100,B0100,-10634.747282616478,-4431.7892451188545,4287.572134799505,801.5495343485384,MIDCOURSE,Trajectory,0.0
71.4,A2001,A0200,B0100,-15957.599042364798,3236.29619194496,6120.154659413862,933.204983526773,MIDCOURSE,Trajectory,0.0
71.4,A2002,A0200,B0100,-17397.21832876122,3424.298800510776,6304.85294379853,973.8371640752624,MIDCOURSE,Trajectory,0.0
71.60000000000001,A1001,A0100,B0100,-9513.862332870895,-4469.755254451817,4191.216430534245,769.2522484889564,MIDCOURSE,Trajectory,0.0
71.60000000000001,A1002,A0100,B0100,-10479.187333105867,-4434.887131435565,4250.248897385141,798.224409433191,MIDCOURSE,Trajectory,0.0
71.60000000000001,A2001,A0200,B0100,-15773.543369091454,3212.773791452751,6103.832702806732,929.1546601348459,MIDCOURSE,Trajectory,0.0
71.60000000000001,A2002,A0200,B0100,-17204.424618479155,3402.109590329599,6294.020465291001,969.4921667937888,MIDCOURSE,Trajectory,0.0
71.8,A1001,A0100,B0100,-9365.550942391103,-4472.831421080584,4151.503129190393,766.1656504946576,MIDCOURSE,Trajectory,0.0
71.8,A1002,A0100,B0100,-10324.401690221339,-4437.963440225257,4212.545077744742,794.9160359961506,MIDCOURSE,Trajectory,0.0
71.8,A2001,A0200,B0100,-15590.375893563238,3189.0583286747906,6087.00210555002,925.1319089382404,MIDCOURSE,Trajectory,0.0
71.8,A2002,A0200,B0100,-17012.558085018383,3379.72554189094,6282.645442170214,965.1792821427937,MIDCOURSE,Trajectory,0.0
72.0,A1001,A0100,B0100,-9217.980933139781,-4475.883121555576,4111.405011838309,763.0940370127314,MIDCOURSE,Trajectory,0.0
72.0,A1002,A0100,B0100,-10170.38856380325,-4441.018216082356,4174.46202705615,791.6242362357253,MIDCOURSE,Trajectory,0.0
72.0,A2001,A0200,B0100,-15408.09323176525,3165.1500365073834,6069.664746690125,921.1363291625087,MIDCOURSE,Trajectory,0.0
72.0,A2002,A0200,B0100,-16821.614473210502,3357.146791239668,6270.729799245721,960.8980125603665,MIDCOURSE,Trajectory,0.0
72.2,A1001,A0100,B0100,-9071.150959686674,-4478.910396931239,4070.923617343238,760.0372494470683,MIDCOURSE,Trajectory,0.0
72.2,A1002,A0100,B0100,-10017.146204713416,-4444.051502640971,4136.001101799436,788.3488351140703,MIDCOURSE,Trajectory,0.0
72.2,A2001,A0200,B0100,-15226.692085962804,3141.04915385511,6051.822506178293,917.167527773828,MIDCOURSE,Trajectory,0.0
72.2,A2002,A0200,B0100,-16631.589634618118,3334.3734799658414,6258.275458077251,956.6478707290768,MIDCOURSE,Trajectory,0.0
72.4,A1001,A0100,B0100,-8925.059712686403,-4481.913287304094,4030.0604902111336,756.9951315187794,MIDCOURSE,Trajectory,0.0
72.4,A1002,A0100,B0100,-9864.672904303976,-4447.06334258515,4097.163663824738,785.0896602968832,MIDCOURSE,Trajectory,0.0
72.4,A2001,A0200,B0100,-15046.169243105973,3116.7559256981317,6033.477265230362,913.2251192817944,MIDCOURSE,Trajectory,0.0
72.4,A2002,A0200,B0100,-16442.479525462983,3311.4057552762893,6245.28433746771,952.4283793022689,MIDCOURSE,Trajectory,0.0
72.60000000000001,A1001,A0100,B0100,-8779.705918435948,-4484.89183182038,3988.817180645282,753.9675292142069,MIDCOURSE,Trajectory,0.0
72.60000000000001,A1002,A0100,B0100,-9712.96699390001,-4450.053777658733,4057.951080418019,781.8465420942615,MIDCOURSE,Trajectory,0.0
72.60000000000001,A2001,A0200,B0100,-14866.521573272068,3092.2706031588327,6014.630906677978,909.3087255478271,MIDCOURSE,Trajectory,0.0
72.60000000000001,A2002,A0200,B0100,-16254.280204606439,3288.2437700653754,6231.75835394421,948.2390706387356,MIDCOURSE,Trajectory,0.0
72.8,A1001,A0100,B0100,-8635.08833844471,-4487.846068683183,3947.195244601152,750.9542907338557,MIDCOURSE,Trajectory,0.0
72.8,A1002,A0100,B0100,-9562.02684429575,-4453.022848674765,4018.3647243648215,778.6193134026726,MIDCOURSE,Trajectory,0.0
72.8,A2001,A0200,B0100,-14687.74602814505,3067.5934435678214,5995.2853153115875,905.4179755990059,MIDCOURSE,Trajectory,0.0
72.8,A2002,A0200,B0100,-16066.987831580574,3264.8876829849714,6217.699422227545,944.0794865454627,MIDCOURSE,Trajectory,0.0
73.0,A1001,A0100,B0100,-8491.205769017079,-4490.776035159035,3905.196243839551,747.9552664422167,MIDCOURSE,Trajectory,0.0
73.0,A1002,A0100,B0100,-9411.850865264238,-4455.970595524488,3978.405974012103,775.4078096480009,MIDCOURSE,Trajectory,0.0
73.0,A2001,A0200,B0100,-14509.839639530786,3042.7247105293227,5975.442378215395,901.552505447133,MIDCOURSE,Trajectory,0.0
73.0,A2002,A0200,B0100,-15880.598664668578,3241.337658513677,6203.109455690437,939.9491780281447,MIDCOURSE,Trajectory,0.0
73.2,A1001,A0100,B0100,-8348.057040847327,-4493.681767583993,3862.821745978142,744.9703088184464,MIDCOURSE,Trajectory,0.0
73.2,A1002,A0100,B0100,-9262.437505080328,-4458.897057185911,3938.0762133281855,772.2118687296364,MIDCOURSE,Trajectory,0.0
73.2,A2001,A0200,B0100,-14332.799517907291,3017.6646739859953,5955.103985094554,897.7119579128412,MIDCOURSE,Trajectory,0.0
73.2,A2002,A0200,B0100,-15695.109059032842,3217.593867025315,6187.990366804898,935.8477050491904,MIDCOURSE,Trajectory,0.0
73.4,A1001,A0100,B0100,-8205.641018626842,-4496.563301369174,3820.073324541411,741.9992724078666,MIDCOURSE,Trajectory,0.0
73.4,A1002,A0100,B0100,-9113.785250056828,-4461.802271731925,3897.376831960907,769.0313309655627,MIDCOURSE,Trajectory,0.0
73.4,A2001,A0200,B0100,-14156.622851008919,2992.413610283185,5934.272028594788,893.8959824545746,MIDCOURSE,Trajectory,0.0
73.4,A2002,A0200,B0100,-15510.515464889397,3193.6564848567264,6172.344067579066,931.7746362929408,MIDCOURSE,Trajectory,0.0
73.60000000000001,A1001,A0100,B0100,-8063.956600663549,-4499.420671005752,3776.952559009155,739.0420137742627,MIDCOURSE,Trajectory,0.0
73.60000000000001,A1002,A0100,B0100,-8965.892624093749,-4464.686276338017,3856.3092252940423,765.8660390384179,MIDCOURSE,Trajectory,0.0
73.60000000000001,A2001,A0200,B0100,-13981.306902443632,2966.971802232655,5912.948404614681,890.104235002264,MIDCOURSE,Trajectory,0.0
73.60000000000001,A2002,A0200,B0100,-15326.814425727323,3169.5256943749023,6156.172469983818,927.7295489378372,MIDCOURSE,Trajectory,0.0
73.8,A1001,A0100,B0100,-7923.002718513479,-4502.253910069396,3733.4610348635642,736.0983914529387,MIDCOURSE,Trajectory,0.0
73.8,A1002,A0100,B0100,-8818.758188240463,-4467.549107289517,3814.8747945020436,762.7158379424812,MIDCOURSE,Trajectory,0.0
73.8,A2001,A0200,B0100,-13806.84901034253,2941.33953917582,5891.135012610858,886.3363777955393,MIDCOURSE,Trajectory,0.0
73.8,A2002,A0200,B0100,-15144.00257657185,3145.2016840434685,6139.477486369472,923.7120284352903,MIDCOURSE,Trajectory,0.0
74.0,A1001,A0100,B0100,-7782.778336624433,-4505.063051224151,3689.600343634984,733.1682659045001,MIDCOURSE,Trajectory,0.0
74.0,A1002,A0100,B0100,-8672.380540270737,-4470.390799988433,3773.0749466031893,759.580574931559,MIDCOURSE,Trajectory,0.0
74.0,A2001,A0200,B0100,-13633.246586040716,2915.5171170464946,5868.833755896234,882.5920792263101,MIDCOURSE,Trajectory,0.0
74.0,A2002,A0200,B0100,-14962.076642289874,3120.6846484885687,6122.261029872889,919.7216682950041,MIDCOURSE,Trajectory,0.0
74.2,A1001,A0100,B0100,-7643.28245199166,-4507.848126225744,3645.3720829464282,730.2514994693431,MIDCOURSE,Trajectory,0.0
74.2,A1002,A0100,B0100,-8526.758314270535,-4473.2113889598195,3730.911094511199,756.4600994677356,MIDCOURSE,Trajectory,0.0
74.2,A2001,A0200,B0100,-13460.497112788791,2889.504838433206,5846.046541931543,878.8710136855742,MIDCOURSE,Trajectory,0.0
74.2,A2002,A0200,B0100,-14781.033435936715,3095.974788564154,6104.5250148152545,915.7580698765207,MIDCOURSE,Trajectory,0.0
74.4,A1001,A0100,B0100,-7504.514093825519,-4510.609165924312,3600.7778565569242,727.347956322808,MIDCOURSE,Trajectory,0.0
74.4,A1002,A0100,B0100,-8381.890180238426,-4476.010907857715,3688.384657085382,753.3542631709554,MIDCOURSE,Trajectory,0.0
74.4,A2001,A0200,B0100,-13288.598144494114,2863.3030126410745,5822.775282610371,875.1728614142927,MIDCOURSE,Trajectory,0.0
74.4,A2002,A0200,B0100,-14600.869857142934,3071.072311416723,6086.271357090837,911.8208421867695,MIDCOURSE,Trajectory,0.0
74.60000000000001,A1001,A0100,B0100,-7366.472323231098,-4513.346200266534,3555.819274403776,724.4575024309747,MIDCOURSE,Trajectory,0.0
74.60000000000001,A1002,A0100,B0100,-8237.774843698671,-4478.789389470616,3645.4970591794076,750.2629197693968,MIDCOURSE,Trajectory,0.0
74.60000000000001,A2001,A0200,B0100,-13117.54730449115,2836.911955753307,5799.021894537839,871.4973083582054,MIDCOURSE,Trajectory,0.0
74.60000000000001,A2002,A0200,B0100,-14421.582890540081,3045.9774305495207,6067.501974546989,907.9096016833956,MIDCOURSE,Trajectory,0.0
74.8,A1001,A0100,B0100,-7229.156232899741,-4516.059258297146,3510.4979526438315,721.5800055070731,MIDCOURSE,Trajectory,0.0
74.8,A1002,A0100,B0100,-8094.41104532675,-4481.546865726499,3602.249731688749,747.1859250506216,MIDCOURSE,Trajectory,0.0
74.8,A2001,A0200,B0100,-12947.342284340157,2810.3319906923207,5774.788299303163,867.8440460264261,MIDCOURSE,Trajectory,0.0
74.8,A2002,A0200,B0100,-14243.169604224327,3020.6903658862457,6048.218787355652,904.0239720836655,MIDCOURSE,Trajectory,0.0
75.0,A1001,A0100,B0100,-7092.564946812465,-4518.748368159855,3464.8155136938267,718.715334968472,MIDCOURSE,Trajectory,0.0
75.0,A1002,A0100,B0100,-7951.797560587414,-4484.283367697376,3558.6441115968896,744.1231368134517,MIDCOURSE,Trajectory,0.0
75.0,A2001,A0200,B0100,-12777.980842653513,2783.56344728052,5750.0764237462445,864.2127713537122,MIDCOURSE,Trajectory,0.0
75.0,A2002,A0200,B0100,-14065.627148256935,2995.2113438342653,6028.423718376635,900.1635841787498,MIDCOURSE,Trajectory,0.0
75.2,A1001,A0100,B0100,-6956.697619955271,-4521.4135570976,3418.773586269911,715.8633618942278,MIDCOURSE,Trajectory,0.0
75.2,A1002,A0100,B0100,-7809.933199385116,-4486.99892560337,3514.6816420203654,741.0744148205528,MIDCOURSE,Trajectory,0.0
75.2,A2001,A0200,B0100,-12609.46080394908,2756.6066623007655,5724.8882002184855,860.6031865662568,MIDCOURSE,Trajectory,0.0
75.2,A2002,A0200,B0100,-13888.95275320056,2969.540597347389,6008.118693512909,896.3280756531924,MIDCOURSE,Trajectory,0.0
75.4,A1001,A0100,B0100,-6821.553438046321,-4524.054851452158,3372.373805426432,713.023958983158,MIDCOURSE,Trajectory,0.0
75.4,A1002,A0100,B0100,-7668.81680572682,-4489.6935688163285,3470.363772252713,738.0396207516939,MIDCOURSE,Trajectory,0.0
75.4,A2001,A0200,B0100,-12441.780057529882,2729.4619795565513,5699.225566837994,857.0149990508916,MIDCOURSE,Trajectory,0.0
75.4,A2002,A0200,B0100,-13713.143728690471,2943.6783659882053,5987.305642058148,892.5170909093777,MIDCOURSE,Trajectory,0.0
75.60000000000001,A1001,A0100,B0100,-6687.131617274997,-4526.672276663104,3325.617812594075,710.197000512416,MIDCOURSE,Trajectory,0.0
75.60000000000001,A1002,A0100,B0100,-7528.4472573971425,-4492.367325862938,3425.6919578074107,735.0186181576483,MIDCOURSE,Trajectory,0.0
75.60000000000001,A2001,A0200,B0100,-12274.93655638954,2702.1297499319235,5673.090467739347,853.447921227579,MIDCOURSE,Trajectory,0.0
75.60000000000001,A2002,A0200,B0100,-13538.197462039689,2917.624895990025,5965.986497036792,888.730280896819,MIDCOURSE,Trajectory,0.0
75.8,A1001,A0100,B0100,-6553.43140405285,-4529.265857266052,3278.5072556174505,707.3823622965396,MIDCOURSE,Trajectory,0.0
75.8,A1002,A0100,B0100,-7388.823465645805,-4495.020224427336,3380.667660459897,732.0112724147086,MIDCOURSE,Trajectory,0.0
75.8,A2001,A0200,B0100,-12108.928316142868,2674.610331451164,5646.484853318098,849.9016704250721,MIDCOURSE,Trajectory,0.0
75.8,A2002,A0200,B0100,-13364.111416877246,2891.3804403184417,5944.163195536818,884.9673029460984,MIDCOURSE,Trajectory,0.0
76.0,A1001,A0100,B0100,-6420.452074776461,-4531.83561689021,3231.043788792232,704.5799216469429,MIDCOURSE,Trajectory,0.0
76.0,A1002,A0100,B0100,-7249.944374887373,-4497.652291353228,3335.2923482887322,729.0174506797933,MIDCOURSE,Trajectory,0.0
76.0,A2001,A0200,B0100,-11943.75341398106,2646.9040893382694,5619.410680470161,846.3759687596373,MIDCOURSE,Trajectory,0.0
76.0,A2002,A0200,B0100,-13190.883131818624,2864.945258732548,5921.837679035456,881.2278206072912,MIDCOURSE,Trajectory,0.0
76.2,A1001,A0100,B0100,-6288.192935602232,-4534.381578255195,3183.229072901937,701.7895573318302,MIDCOURSE,Trajectory,0.0
76.2,A1002,A0100,B0100,-7111.808962413268,-4500.263552645484,3289.567495716009,726.0370218461036,MIDCOURSE,Trajectory,0.0
76.2,A2001,A0200,B0100,-11779.409987650908,2619.0113960762596,5591.869912826257,842.870543016728,MIDCOURSE,Trajectory,0.0
76.2,A2002,A0200,B0100,-13018.510219167661,2838.319617845817,5899.0118937180905,877.5115034927136,MIDCOURSE,Trajectory,0.0
76.4,A1001,A0100,B0100,-6156.653322233151,-4536.903763167087,3135.0647752544546,699.0111495365004,MIDCOURSE,Trajectory,0.0
76.4,A1002,A0100,B0100,-6974.416238116083,-4502.854033471205,3243.494583547086,723.0698564993138,MIDCOURSE,Trajectory,0.0
76.4,A2001,A0200,B0100,-11615.896234457554,2590.9326314663294,5563.864520981567,839.3851245354969,MIDCOURSE,Trajectory,0.0
76.4,A2002,A0200,B0100,-12846.990363649009,2811.5037911867003,5875.687790790522,873.8180271238447,MIDCOURSE,Trajectory,0.0
76.60000000000001,A1001,A0100,B0100,-6025.83259971758,-4539.40219251373,3086.552569718429,696.2445798240195,MIDCOURSE,Trajectory,0.0
76.60000000000001,A1002,A0100,B0100,-6837.765244226155,-4505.423758160246,3197.075099009745,720.1158268742613,MIDCOURSE,Trajectory,0.0
76.60000000000001,A2001,A0200,B0100,-11453.210410290274,2562.6681826868853,5535.396482720739,835.9194490960593,MIDCOURSE,Trajectory,0.0
76.60000000000001,A2002,A0200,B0100,-12676.321321170493,2784.4980592589363,5851.867326784825,870.1470727822644,MIDCOURSE,Trajectory,0.0
76.80000000000001,A1001,A0100,B0100,-5895.730162260094,-4541.876886259198,3037.6941367596096,693.4897310962315,MIDCOURSE,Trajectory,0.0
76.80000000000001,A1002,A0100,B0100,-6701.855055060458,-4507.9727502051865,3150.3105357928484,717.1748068121121,MIDCOURSE,Trajectory,0.0
76.80000000000001,A2001,A0200,B0100,-11291.350828670793,2534.2184443525016,5506.4677832384405,832.4732568093937,MIDCOURSE,Trajectory,0.0
76.80000000000001,A2002,A0200,B0100,-12506.500917614589,2757.3027096016212,5827.552463858996,866.4983273644776,MIDCOURSE,Trajectory,0.0
77.0,A1001,A0100,B0100,-5766.345433044468,-4544.327863437447,2988.4911634772684,690.7464875550824,MIDCOURSE,Trajectory,0.0
77.0,A1002,A0100,B0100,-6566.684776783809,-4510.501032260735,3103.2023940846107,714.2466717179689,MIDCOURSE,Trajectory,0.0
77.0,A2001,A0200,B0100,-11130.31585982369,2505.583818572813,5477.080415355543,829.0462920097929,MIDCOURSE,Trajectory,0.0
77.0,A2002,A0200,B0100,-12337.527047658323,2729.9180368490565,5802.745170090569,862.8714832404706,MIDCOURSE,Trajectory,0.0
77.2,A1001,A0100,B0100,-5637.677864068845,-4546.755142145098,2938.9453436408157,688.0147346642344,MIDCOURSE,Trajectory,0.0
77.2,A1002,A0100,B0100,-6432.253547182457,-4513.008626142538,3055.7521806105738,711.3312985189017,MIDCOURSE,Trajectory,0.0
77.2,A2001,A0200,B0100,-10970.10392976844,2476.7647150113785,5447.236379731145,825.6383031497678,MIDCOURSE,Trajectory,0.0
77.2,A2002,A0200,B0100,-12169.39767362094,2702.3443427904067,5777.447419764438,859.2662381158792,MIDCOURSE,Trajectory,0.0
77.4,A1001,A0100,B0100,-5509.726935993198,-4549.158739533317,2889.0583777267207,685.2943591109383,MIDCOURSE,Trajectory,0.0
77.4,A1002,A0100,B0100,-6298.5605354500385,-4515.4955528254,3007.961408671381,708.4285656223693,MIDCOURSE,Trajectory,0.0
77.4,A2001,A0200,B0100,-10810.713519432706,2447.7615509445573,5416.937685070548,822.2490426973131,MIDCOURSE,Trajectory,0.0
77.4,A2002,A0200,B0100,-12002.110824338677,2674.5819364291838,5751.661193655013,855.6822948976278,MIDCOURSE,Trajectory,0.0
77.60000000000001,A1001,A0100,B0100,-5382.492157999125,-4551.538671798774,2838.831972955873,682.5852487681419,MIDCOURSE,Trajectory,0.0
77.60000000000001,A1002,A0100,B0100,-6165.604941986013,-4517.96183244088,2959.831598180466,705.5383528750037,MIDCOURSE,Trajectory,0.0
77.60000000000001,A2001,A0200,B0100,-10652.143163786413,2418.574751320426,5386.186348329337,818.8782670354494,MIDCOURSE,Trajectory,0.0
77.60000000000001,A2002,A0200,B0100,-11835.664594066036,2646.631134042595,5725.388479302962,852.1193615629207,MIDCOURSE,Trajectory,0.0
77.80000000000001,A1001,A0100,B0100,-5255.973067662142,-4553.894954173629,2788.2678433315014,679.8872926568082,MIDCOURSE,Trajectory,0.0
77.80000000000001,A1002,A0100,B0100,-6033.385998206593,-4520.40748427424,2911.3642757017597,702.6605415217372,MIDCOURSE,Trajectory,0.0
77.80000000000001,A2001,A0200,B0100,-10494.391450996296,2389.2047488177636,5354.984394913716,815.525736363953,MIDCOURSE,Trajectory,0.0
77.80000000000001,A2002,A0200,B0100,-11670.057141402925,2618.492259240788,5698.6312712866575,848.5771510314651,MIDCOURSE,Trajectory,0.0
78.0,A1001,A0100,B0100,-5130.1692308365,-4556.227600914502,2737.3677096777924,677.2003809084155,MIDCOURSE,Trajectory,0.0
78.0,A1002,A0100,B0100,-5901.902966368252,-4522.832526760748,2862.560974487529,699.7950141652381,MIDCOURSE,Trajectory,0.0
78.0,A2001,A0200,B0100,-10337.45702160047,2359.651983905148,5323.3338588772185,812.19121460319,MIDCOURSE,Trajectory,0.0
78.0,A2002,A0200,B0100,-11505.286688247177,2590.1656430260014,5671.3915714885525,845.0553810407995,MIDCOURSE,Trajectory,0.0
78.2,A1001,A0100,B0100,-5005.08024155271,-4558.536625290397,2686.133299679336,674.5244047276118,MIDCOURSE,Trajectory,0.0
78.2,A1002,A0100,B0100,-5771.155139403896,-4525.2369774812905,2813.4232345164546,696.9416547256315,MIDCOURSE,Trajectory,0.0
78.2,A2001,A0200,B0100,-10181.338567702775,2329.9169049002007,5291.236783113981,808.8744692999746,MIDCOURSE,Trajectory,0.0
78.2,A2002,A0200,B0100,-11341.351518771788,2561.6516238516742,5643.671389356636,841.5537740246235,MIDCOURSE,Trajectory,0.0
78.4,A1001,A0100,B0100,-4880.705721927844,-4560.822039569522,2634.5663479215505,671.8592563549994,MIDCOURSE,Trajectory,0.0
78.4,A1002,A0100,B0100,-5641.141840771756,-4527.620853157278,2763.9526025320797,694.1003484004807,MIDCOURSE,Trajectory,0.0
78.4,A2001,A0200,B0100,-10026.034832186457,2299.999968029009,5258.695219548656,805.575271535371,MIDCOURSE,Trajectory,0.0
78.4,A2002,A0200,B0100,-11178.249978426458,2532.950547681525,5615.47274216115,838.0720569940123,MIDCOURSE,Trajectory,0.0
78.60000000000001,A1001,A0100,B0100,-4757.0453220887875,-4563.083855004972,2582.6685959322335,669.2048290300241,MIDCOURSE,Trajectory,0.0
78.60000000000001,A1002,A0100,B0100,-5511.8624243171325,-4529.984169644824,2714.150632081748,691.2709816250006,MIDCOURSE,Trajectory,0.0
78.60000000000001,A2001,A0200,B0100,-9871.54460794696,2269.901637485769,5225.711229323152,802.293395834362,MIDCOURSE,Trajectory,0.0
78.60000000000001,A2002,A0200,B0100,-11015.980472962849,2504.062768048648,5586.797655246742,834.6099614214096,MIDCOURSE,Trajectory,0.0
78.80000000000001,A1001,A0100,B0100,-4634.098720108557,-4565.322081819194,2530.441792224377,666.561016953938,MIDCOURSE,Trajectory,0.0
78.80000000000001,A1002,A0100,B0100,-5383.316274147077,-4532.326941928171,2664.0188835561594,688.4534420324736,MIDCOURSE,Trajectory,0.0
78.80000000000001,A2001,A0200,B0100,-9717.866737143446,2239.6223854926902,5192.286882980337,799.028620077305,MIDCOURSE,Trajectory,0.0
78.80000000000001,A2002,A0200,B0100,-10854.541467483145,2474.9886461146393,5557.648162280196,831.1672231272959,MIDCOURSE,Trajectory,0.0
79.0,A1001,A0100,B0100,-4511.8656219558525,-4567.536729187209,2477.8876923404305,663.927715252807,MIDCOURSE,Trajectory,0.0
79.0,A1002,A0100,B0100,-5255.5028045181125,-4534.649184112315,2613.5589242296714,685.6476184148489,MIDCOURSE,Trajectory,0.0
79.0,A2001,A0200,B0100,-9565.000110468816,2209.162692360206,5158.42426064481,795.7807254131087,MIDCOURSE,Trajectory,0.0
79.0,A2002,A0200,B0100,-10693.931485511395,2445.728550728809,5528.026305493954,827.7435821694305,MIDCOURSE,Trajectory,0.0
79.2,A1001,A0100,B0100,-4390.345761457992,-4569.7278052185,2425.0080588981505,661.3048199405474,MIDCOURSE,Trajectory,0.0
79.2,A1002,A0100,B0100,-5128.421459737146,-4536.950909414818,2562.7723283014993,682.8534006834902,MIDCOURSE,Trajectory,0.0
79.2,A2001,A0200,B0100,-9412.94366643796,2178.523046547522,5124.125452200917,792.5494961740485,MIDCOURSE,Trajectory,0.0
79.2,A2002,A0200,B0100,-10534.149108087267,2416.2828584874883,5497.93413592554,824.3387827345667,MIDCOURSE,Trajectory,0.0
79.4,A1001,A0100,B0100,-4269.538900277426,-4571.895316937527,2371.804661638234,658.6922278819446,MIDCOURSE,Trajectory,0.0
79.4,A1002,A0100,B0100,-5002.071714075677,-4539.232130156774,2511.660676937945,680.0706798300502,MIDCOURSE,Trajectory,0.0
79.4,A2001,A0200,B0100,-9261.69639069394,2147.7039447235525,5089.392557468139,789.3347197921566,MIDCOURSE,Trajectory,0.0
79.4,A2002,A0200,B0100,-10375.19297288174,2386.651953793488,5467.373713653078,820.9525730325472,MIDCOURSE,Trajectory,0.0
79.60000000000001,A1001,A0100,B0100,-4149.444827901989,-4574.039270262785,2318.2792774738914,656.0898367556441,MIDCOURSE,Trajectory,0.0
79.60000000000001,A1002,A0100,B0100,-4876.453071697466,-4541.492857752874,2460.225558315805,677.2993478874419,MIDCOURSE,Trajectory,0.0
79.60000000000001,A2001,A0200,B0100,-9111.257315331899,2116.705891828293,5054.227686373981,786.136186717116,MIDCOURSE,Trajectory,0.0
79.60000000000001,A2002,A0200,B0100,-10217.061773334344,2356.8362289157285,5436.34710802707,817.5847051926845,MIDCOURSE,Trajectory,0.0
79.80000000000001,A1001,A0100,B0100,-4030.0633616490964,-4576.159669984315,2264.433690542562,653.4975450170713,MIDCOURSE,Trajectory,0.0
79.80000000000001,A1002,A0100,B0100,-4751.565066599812,-4543.73310270056,2408.4685676671215,674.5392978908817,MIDCOURSE,Trajectory,0.0
79.80000000000001,A2001,A0200,B0100,-8961.625518240478,2085.5294011346755,5018.632959124513,782.9536903355842,MIDCOURSE,Trajectory,0.0
79.80000000000001,A2002,A0200,B0100,-10059.754257811617,2326.8360840490905,5404.8563978985685,814.2349351623368,MIDCOURSE,Trajectory,0.0
80.0,A1001,A0100,B0100,-3911.3943466840883,-4578.256519739625,2210.269692259954,650.9152518612628,MIDCOURSE,Trajectory,0.0
80.0,A1002,A0100,B0100,-4627.407262568587,-4545.952874568189,2356.391307325431,671.790423838977,MIDCOURSE,Trajectory,0.0
80.0,A2001,A0200,B0100,-8812.800122460512,2054.174994310955,4982.610506372708,779.7870268918869,MIDCOURSE,Trajectory,0.0
80.0,A2002,A0200,B0100,-9903.269228786348,2296.6519273745143,5372.903671843933,810.9030226075859,MIDCOURSE,Trajectory,0.0
80.2,A1001,A0100,B0100,-3793.4376560529536,-4580.3298219878925,2155.7890813766153,648.3428571855675,MIDCOURSE,Trajectory,0.0
80.2,A1002,A0100,B0100,-4503.979253147234,-4548.152181982205,2303.9953867736745,669.0526206548255,MIDCOURSE,Trajectory,0.0
80.2,A2001,A0200,B0100,-8664.780295560793,2022.64320148367,4946.1624693847125,776.6359954100121,MIDCOURSE,Trajectory,0.0
80.2,A2002,A0200,B0100,-9747.605542037312,2266.284175119393,5340.491028386292,807.58873081594,MIDCOURSE,Trajectory,0.0
80.4,A1001,A0100,B0100,-3676.1931907296325,-4582.3795779823895,2100.993664037241,645.7802615521956,MIDCOURSE,Trajectory,0.0
80.4,A1002,A0100,B0100,-4381.280661619871,-4550.33103261324,2251.282422693956,666.3257841471052,MIDCOURSE,Trajectory,0.0
80.4,A2001,A0200,B0100,-8517.565249030786,1990.9345613012517,4909.291000204187,773.5003976168365,MIDCOURSE,Trajectory,0.0
80.4,A2002,A0200,B0100,-9592.76210586916,2235.733251618305,5307.620576213907,804.2918266009633,MIDCOURSE,Trajectory,0.0
80.60000000000001,A1001,A0100,B0100,-3559.6608796781716,-4584.405787740985,2045.8852538429437,643.2273661505839,MIDCOURSE,Trajectory,0.0
80.60000000000001,A1002,A0100,B0100,-4259.311141008739,-4552.489433161102,2198.2540390193144,663.6098109711202,MIDCOURSE,Trajectory,0.0
80.60000000000001,A2001,A0200,B0100,-8371.154237690036,1959.0496209983141,4871.998261814886,770.3800378665261,MIDCOURSE,Trajectory,0.0
80.60000000000001,A2002,A0200,B0100,-9438.737880352162,2204.999589374117,5274.2944343955705,801.0120802087635,MIDCOURSE,Trajectory,0.0
80.80000000000001,A1001,A0100,B0100,-3443.8406799299614,-4586.4084500146655,1990.4656719167028,640.6840727595394,MIDCOURSE,Trajectory,0.0
80.80000000000001,A1002,A0100,B0100,-4138.070374086183,-4554.627389338611,2144.911866987716,660.9045985897768,MIDCOURSE,Trajectory,0.0
80.80000000000001,A2001,A0200,B0100,-8225.54655911419,1926.988936460698,4834.286428301589,767.2747230660422,MIDCOURSE,Trajectory,0.0
80.80000000000001,A2002,A0200,B0100,-9285.531876581508,2174.083629119522,5240.514732593197,797.7492652262451,MIDCOURSE,Trajectory,0.0
81.0,A1001,A0100,B0100,-3328.732576676336,-4588.387562253917,1934.7367469722417,638.1502837091326,MIDCOURSE,Trajectory,0.0
81.0,A1002,A0100,B0100,-4017.55807340138,-4556.744905854179,2091.2575451984503,658.210045234461,MIDCOURSE,Trajectory,0.0
81.0,A2001,A0200,B0100,-8080.741553077455,1894.7530722913211,4796.157685009561,764.1842626016901,MIDCOURSE,Trajectory,0.0
81.0,A2002,A0200,B0100,-9133.14315595588,2142.985819879028,5206.283611271784,794.5031584910536,MIDCOURSE,Trajectory,0.0
81.2,A1001,A0100,B0100,-3214.336583376815,-4590.343120572857,1878.7003153865687,635.6259018423085,MIDCOURSE,Trajectory,0.0
81.2,A1002,A0100,B0100,-3897.773981322053,-4558.841986393135,2037.292719671142,655.5260498657847,MIDCOURSE,Trajectory,0.0
81.2,A2001,A0200,B0100,-7936.738601011378,1862.342601876905,4757.614228702682,761.1084682666559,MIDCOURSE,Trajectory,0.0
81.2,A2002,A0200,B0100,-8981.570829475088,2111.7066190314845,5171.603221906881,791.2735400031345,MIDCOURSE,Trajectory,0.0
81.4,A1001,A0100,B0100,-3100.6527418832684,-4592.275119710983,1822.3582212764543,633.1108304761761,MIDCOURSE,Trajectory,0.0
81.4,A1002,A0100,B0100,-3778.7178700914196,-4560.918633597669,1983.0190439075895,652.8525121341715,MIDCOURSE,Trajectory,0.0
81.4,A2001,A0200,B0100,-7793.537125479814,1829.7581074556354,4718.658267720405,758.0471541894549,MIDCOURSE,Trajectory,0.0
81.4,A2002,A0200,B0100,-8830.81405705647,2080.246492373161,5136.475727189724,788.0601928378242,MIDCOURSE,Trajectory,0.0
81.60000000000001,A1001,A0100,B0100,-2987.6811225803326,-4594.183552992363,1765.7123165791008,630.6049733629446,MIDCOURSE,Trajectory,0.0
81.60000000000001,A1002,A0100,B0100,-3660.389541900626,-4562.974849045357,1928.4381789566596,650.1893323402513,MIDCOURSE,Trajectory,0.0
81.60000000000001,A2001,A0200,B0100,-7651.136589670017,1797.0001801858325,4679.2920221336735,755.0001367632462,MIDCOURSE,Trajectory,0.0
81.60000000000001,A2002,A0200,B0100,-8680.872046869892,2048.6059141814567,5100.903301230225,784.8629030604018,MIDCOURSE,Trajectory,0.0
81.80000000000001,A1001,A0100,B0100,-2875.4218245423817,-4596.068412282144,1708.7644611372984,628.1082346504714,MIDCOURSE,Trajectory,0.0
81.80000000000001,A1002,A0100,B0100,-3542.788828976932,-4565.010633226164,1873.5517934824636,647.5364113950321,MIDCOURSE,Trajectory,0.0
81.80000000000001,A2001,A0200,B0100,-7509.536496899749,1764.0694202156974,4639.517723900009,751.9672345759425,MIDCOURSE,Trajectory,0.0
81.80000000000001,A2002,A0200,B0100,-8531.744054691102,2016.7853672792812,5064.888129757939,781.6814596420296,MIDCOURSE,Trajectory,0.0
82.0,A1001,A0100,B0100,-2763.8749757074033,-4597.929687940168,1651.516522789354,625.6205188423735,MIDCOURSE,Trajectory,0.0
82.0,A1002,A0100,B0100,-3425.9155936879374,-4567.025985517866,1818.361563836064,644.8936507798139,MIDCOURSE,Trajectory,0.0
82.0,A2001,A0200,B0100,-7368.736390140313,1730.9664367542116,4599.337617017866,748.9482683410574,MIDCOURSE,Trajectory,0.0
82.0,A2002,A0200,B0100,-8383.42938327324,1984.7853431001683,5028.432410321199,778.515654377,MIDCOURSE,Trajectory,0.0
82.2,A1001,A0100,B0100,-2653.040733068125,-4599.767368771523,1593.9703774641057,623.1417307576784,MIDCOURSE,Trajectory,0.0
82.2,A1002,A0100,B0100,-3309.769728662149,-4569.020904159767,1762.869174130966,642.260952505816,MIDCOURSE,Trajectory,0.0
82.2,A2001,A0200,B0100,-7228.735851555499,1697.6918481432658,4558.753957680482,745.9430608292315,MIDCOURSE,Trajectory,0.0
82.2,A2002,A0200,B0100,-8235.927381736396,1952.6063417541861,4991.538352484581,775.3652818012297,MIDCOURSE,Trajectory,0.0
82.4,A1001,A0100,B0100,-2542.919282880764,-4601.581441973831,1536.1279092813452,620.6717754899634,MIDCOURSE,Trajectory,0.0
82.4,A1002,A0100,B0100,-3194.351156926186,-4570.995386224642,1707.0763163226557,639.6382190734786,MIDCOURSE,Trajectory,0.0
82.4,A2001,A0200,B0100,-7089.534502056341,1664.2462819311058,4517.769014429345,742.951436800372,MIDCOURSE,Trajectory,0.0
82.4,A2002,A0200,B0100,-8089.237444974972,1920.2488720947008,4954.20817802484,772.2301391119128,MIDCOURSE,Trajectory,0.0
82.60000000000001,A1001,A0100,B0100,-2433.5108408917845,-4603.3718930810055,1477.9910106579855,618.2105583659439,MIDCOURSE,Trajectory,0.0
82.60000000000001,A1002,A0100,B0100,-3079.6598320589605,-4572.949427588768,1650.9846902924683,637.0253534314096,MIDCOURSE,Trajectory,0.0
82.60000000000001,A2001,A0200,B0100,-6951.132000871697,1630.63037494717,4476.385068307477,739.9732229363507,MIDCOURSE,Trajectory,0.0
82.60000000000001,A2002,A0200,B0100,-7943.359013082777,1887.713451786061,4916.444121125533,769.1100260882805,MIDCOURSE,Trajectory,0.0
82.80000000000001,A1001,A0100,B0100,-2324.8156525830664,-4605.138705903309,1419.5615824203246,615.7579849034681,MIDCOURSE,Trajectory,0.0
82.80000000000001,A1002,A0100,B0100,-2965.695738363177,-4574.8830228999595,1594.5960039360702,634.4222589349299,MIDCOURSE,Trajectory,0.0
82.80000000000001,A2001,A0200,B0100,-6813.528045134602,1596.8447733784174,4434.604413012708,737.0082477741968,MIDCOURSE,Trajectory,0.0
82.80000000000001,A2002,A0200,B0100,-7798.291570795659,1855.000607372274,4878.24842857045,766.0047450133825,MIDCOURSE,Trajectory,0.0
83.0,A1001,A0100,B0100,-2216.8339934359046,-4606.881862463358,1360.8415339227838,613.3139607688712,MIDCOURSE,Trajectory,0.0
83.0,A1002,A0100,B0100,-2852.4588910544962,-4576.796165543453,1537.911973256865,631.828839304196,MIDCOURSE,Trajectory,0.0
83.0,A2001,A0200,B0100,-6676.722369484409,1562.8901328472373,4392.429355051115,734.0563416397232,MIDCOURSE,Trajectory,0.0
83.0,A2002,A0200,B0100,-7654.034646951633,1822.1108743467453,4839.623359936074,762.9141005968246,MIDCOURSE,Trajectory,0.0
83.2,A1001,A0100,B0100,-2109.5661692142808,-4608.601342927867,1301.8327831734944,610.878391733646,MIDCOURSE,Trajectory,0.0
83.2,A1002,A0100,B0100,-2739.9493364687373,-4578.688847605512,1480.9343224646364,629.2449985818466,MIDCOURSE,Trajectory,0.0
83.2,A2001,A0200,B0100,-6540.714745684702,1528.7671184910325,4349.862213890814,731.1173365815299,MIDCOURSE,Trajectory,0.0
83.2,A2002,A0200,B0100,-7510.58781396835,1789.0447972231498,4800.571187783197,759.8378998983984,MIDCOURSE,Trajectory,0.0
83.4,A1001,A0100,B0100,-2003.0125162678676,-4610.297125534741,1242.5372569671556,608.4511836303724,MIDCOURSE,Trajectory,0.0
83.4,A1002,A0100,B0100,-2628.1671522875185,-4580.561059834613,1423.6647840797636,626.6706410901428,MIDCOURSE,Trajectory,0.0
83.4,A2001,A0200,B0100,-6405.504982257034,1494.4764050435883,4306.905322116314,728.1910663053142,MIDCOURSE,Trajectory,0.0
83.4,A2002,A0200,B0100,-7367.950687337862,1755.8029296075247,4761.094197847942,756.7759522525268,MIDCOURSE,Trajectory,0.0
83.60000000000001,A1001,A0100,B0100,-1897.1734018552374,-4611.969186515221,1182.9568910255784,606.0322423078634,MIDCOURSE,Trajectory,0.0
83.60000000000001,A1002,A0100,B0100,-2517.1124477827348,-4582.412791600046,1366.1050990433564,624.1056713875578,MIDCOURSE,Trajectory,0.0
83.60000000000001,A2001,A0200,B0100,-6271.0929241304775,1460.0186769183254,4263.561025583612,725.2773661084336,MIDCOURSE,Trajectory,0.0
83.60000000000001,A2002,A0200,B0100,-7226.122925138598,1722.3858342716592,4721.1946892322985,753.7280691934585,MIDCOURSE,Trajectory,0.0
83.80000000000001,A1001,A0100,B0100,-1792.049224487783,-4613.617500010699,1123.0936301463694,603.6214735854677,MIDCOURSE,Trajectory,0.0
83.80000000000001,A1002,A0100,B0100,-2406.785364080288,-4584.244030847751,1308.2570168336729,621.5499942247747,MIDCOURSE,Trajectory,0.0
83.80000000000001,A2001,A0200,B0100,-6137.4784523070875,1425.3946282935565,4219.8316835762325,722.3760728146576,MIDCOURSE,Trajectory,0.0
83.80000000000001,A2002,A0200,B0100,-7085.104227564491,1688.7940832278675,4680.87497459442,750.6940643811465,MIDCOURSE,Trajectory,0.0
84.0,A1001,A0100,B0100,-1687.640414294865,-4615.242037983741,1062.9494283602182,601.2187832064743,MIDCOURSE,Trajectory,0.0
84.0,A1002,A0100,B0100,-2297.186074443533,-4586.054764053194,1250.1222955892047,619.0035145000483,MIDCOURSE,Trajectory,0.0
84.0,A2001,A0200,B0100,-6004.661483543301,1390.6049631998603,4175.719668962443,719.4870247090398,MIDCOURSE,Trajectory,0.0
84.0,A2002,A0200,B0100,-6944.894336471272,1655.0282578052404,4640.1373803388515,747.6737535277346,MIDCOURSE,Trajectory,0.0
84.2,A1001,A0100,B0100,-1583.947433410736,-4616.842770122941,1002.5262490972915,598.8240767905575,MIDCOURSE,Trajectory,0.0
84.2,A1002,A0100,B0100,-2188.3147845768785,-4587.8449761710835,1191.7027022388256,616.4661372138892,MIDCOURSE,Trajectory,0.0
84.2,A2001,A0200,B0100,-5872.641970047366,1355.6503956096974,4131.227368353846,716.6100614728518,MIDCOURSE,Trajectory,0.0
84.2,A2002,A0200,B0100,-6805.493034939829,1621.0889487274671,4598.984246806893,744.6669543245888,MIDCOURSE,Trajectory,0.0
84.4,A1001,A0100,B0100,-1480.9707763838042,-4618.419663741021,941.8260653632407,596.4372597852054,MIDCOURSE,Trajectory,0.0
84.4,A1002,A0100,B0100,-2080.171732950043,-4589.614650581703,1133.0000126394311,613.9377674230155,MIDCOURSE,Trajectory,0.0
84.4,A2001,A0200,B0100,-5741.41989919289,1320.5316495293962,4086.3571822655626,713.74502411851,MIDCOURSE,Trajectory,0.0
84.4,A2002,A0200,B0100,-6666.900146856694,1586.9767561923302,4557.417928467296,741.6734863698026,MIDCOURSE,Trajectory,0.0
84.60000000000001,A1001,A0100,B0100,-1378.7109706088295,-4619.972683665702,880.8508599253755,594.058237416059,MIDCOURSE,Trajectory,0.0
84.60000000000001,A1002,A0100,B0100,-1972.757191143454,-4591.363769033601,1074.0160117214994,611.4183101935333,MIDCOURSE,Trajectory,0.0
84.60000000000001,A2001,A0200,B0100,-5610.995293248605,1285.2494590936474,4041.111525278274,710.8917549244326,MIDCOURSE,Trajectory,0.0
84.60000000000001,A2002,A0200,B0100,-6529.115536511643,1552.692289952975,4515.440794107506,738.6931710961034,MIDCOURSE,Trajectory,0.0
84.80000000000001,A1001,A0100,B0100,-1277.1685767826702,-4621.501792122673,819.602625509576,591.686914636094,MIDCOURSE,Trajectory,0.0
84.80000000000001,A1002,A0100,B0100,-1866.0714642153168,-4593.092311582364,1014.7524936430418,608.907670553285,MIDCOURSE,Trajectory,0.0
84.80000000000001,A2001,A0200,B0100,-5481.36820912448,1249.8045686626522,3995.4928262023213,708.0500973697541,MIDCOURSE,Trajectory,0.0
84.80000000000001,A2002,A0200,B0100,-6392.139108212427,1518.2361694010688,4473.055227025673,735.7258316990935,MIDCOURSE,Trajectory,0.0
85.0,A1001,A0100,B0100,-1176.3441893842237,-4623.006948610049,758.083365008541,589.3231960735742,MIDCOURSE,Trajectory,0.0
85.0,A1002,A0100,B0100,-1760.1148910909035,-4594.800256525198,955.2112619524294,606.405753443323,MIDCOURSE,Trajectory,0.0
85.0,A2001,A0200,B0100,-5352.538738134309,1214.1977329220654,3949.5035282441404,705.2198960688343,MIDCOURSE,Trajectory,0.0
85.0,A2002,A0200,B0100,-6255.970805916696,1483.6090236519606,4430.263625223641,732.7712930657543,MIDCOURSE,Trajectory,0.0
85.2,A1001,A0100,B0100,-1076.2384371792327,-4624.488109763537,696.2950917020145,586.9669859786948,MIDCOURSE,Trajectory,0.0
85.2,A1002,A0100,B0100,-1654.887844974622,-4596.487580330954,895.3941297605924,603.9124636684447,MIDCOURSE,Trajectory,0.0
85.2,A2001,A0200,B0100,-5224.507005774926,1178.4297169858994,3903.1460891752727,702.4009967054859,MIDCOURSE,Trajectory,0.0
85.2,A2002,A0200,B0100,-6120.610612881152,1448.8114916319691,4387.06840160115,729.8293817031418,MIDCOURSE,Trajectory,0.0
85.4,A1001,A0100,B0100,-976.8519837506594,-4625.945229211503,634.2398294896525,584.6181881688321,MIDCOURSE,Trajectory,0.0
85.4,A1002,A0100,B0100,-1550.3907337854616,-4598.154257565285,835.3029199231439,601.4277058467384,MIDCOURSE,Trajectory,0.0
85.4,A2001,A0200,B0100,-5097.273171522215,1142.501296502552,3856.4229815042295,699.5932459668545,MIDCOURSE,Trajectory,0.0
85.4,A2002,A0200,B0100,-5986.058551328021,1413.8442221679215,4343.4719841514925,726.8999256671946,MIDCOURSE,Trajectory,0.0
85.60000000000001,A1001,A0100,B0100,-878.1855280553564,-4627.3782574190445,571.9196131372413,582.2767059723116,MIDCOURSE,Trajectory,0.0
85.60000000000001,A1002,A0100,B0100,-1446.6240006164244,-4599.800260810498,774.9394652329768,598.951384358074,MIDCOURSE,Trajectory,0.0
85.60000000000001,A2001,A0200,B0100,-4970.837428644109,1106.413257764125,3809.33669265148,696.7964914768729,MIDCOURSE,Trajectory,0.0
85.60000000000001,A2002,A0200,B0100,-5852.31468212894,1378.707874079083,4299.476816158844,723.9827544915969,MIDCOURSE,Trajectory,0.0
85.80000000000001,A1001,A0100,B0100,-780.239805007803,-4628.7871415200525,509.33648853700475,579.9424421705951,MIDCOURSE,Trajectory,0.0
85.80000000000001,A1002,A0100,B0100,-1343.5881242185944,-4601.425560579694,714.305608623928,596.4834032914765,MIDCOURSE,Trajectory,0.0
85.80000000000001,A2001,A0200,B0100,-4845.2000040307385,1070.1663978192314,3761.889725127855,694.0105817292153,MIDCOURSE,Trajectory,0.0
85.80000000000001,A2002,A0200,B0100,-5719.379104506332,1343.4031162716137,4255.085356397556,721.0776991166,MIDCOURSE,Trajectory,0.0
86.0,A1001,A0100,B0100,-683.0155860917005,-4630.171825136137,446.49251298278926,577.6152989387904,MIDCOURSE,Trajectory,0.0
86.0,A1002,A0100,B0100,-1241.2836195104994,-4603.030125224717,653.4032033861336,594.0236663913221,MIDCOURSE,Trajectory,0.0
86.0,A2001,A0200,B0100,-4720.361158042006,1033.761524589465,3714.084596716658,691.2353660196761,MIDCOURSE,Trajectory,0.0
86.0,A2002,A0200,B0100,-5587.251955752443,1307.9306278357094,4210.300079333631,718.184591817747,MIDCOURSE,Trajectory,0.0
86.2,A1001,A0100,B0100,-586.513680000259,-4631.532248181187,383.38975546095486,575.2951777843642,MIDCOURSE,Trajectory,0.0
86.2,A1002,A0100,B0100,-1139.711038113471,-4604.613920837357,592.234113393722,591.5720770022795,MIDCOURSE,Trajectory,0.0
86.2,A2001,A0200,B0100,-4596.321184372753,997.1994569897464,3665.923840659806,688.4706943778888,MIDCOURSE,Trajectory,0.0
86.2,A2002,A0200,B0100,-5455.933410966135,1272.2910981455723,4165.123475328688,715.3032661344104,MIDCOURSE,Trajectory,0.0
86.4,A1001,A0100,B0100,-490.73493330605,-4632.86834665015,320.03029695784693,572.9819794839456,MIDCOURSE,Trajectory,0.0
86.4,A1002,A0100,B0100,-1038.87096891372,-4606.176911143259,530.8002133455382,589.1285380129256,MIDCOURSE,Trajectory,0.0
86.4,A2001,A0200,B0100,-4473.080409935831,960.4810250527564,3617.4100058483045,685.7164174983101,MIDCOURSE,Trajectory,0.0
86.4,A2002,A0200,B0100,-5325.423682807629,1236.4852269623912,4119.558050846659,712.4335567980665,MIDCOURSE,Trajectory,0.0
86.60000000000001,A1001,A0100,B0100,-395.68023116132986,-4634.1800523905,256.4162307847755,570.6756040180848,MIDCOURSE,Trajectory,0.0
86.60000000000001,A1002,A0100,B0100,-938.7640386518862,-4607.7190573878715,469.10338901961694,586.6929517979622,MIDCOURSE,Trajectory,0.0
86.60000000000001,A2001,A0200,B0100,-4350.6391947632965,923.6070700576737,3568.5456570174133,682.9723866703754,MIDCOURSE,Trajectory,0.0
86.60000000000001,A2002,A0200,B0100,-5195.723021271355,1200.513724540492,4073.6063286635344,709.5752996602312,MIDCOURSE,Trajectory,0.0
86.80000000000001,A1001,A0100,B0100,-301.3504980297895,-4635.467292854621,192.5496629214864,568.3759505038287,MIDCOURSE,Trajectory,0.0
86.80000000000001,A1002,A0100,B0100,-839.3909125408426,-4609.240318213711,407.1455375421734,584.2652201589461,MIDCOURSE,Trajectory,0.0
86.80000000000001,A2001,A0200,B0100,-4228.99793192605,886.5784446634594,3519.333374946837,680.2384537077481,MIDCOURSE,Trajectory,0.0
86.80000000000001,A2002,A0200,B0100,-5066.8317134771005,1164.3773117368523,4027.2708480804413,706.7283316199656,MIDCOURSE,Trajectory,0.0
87.0,A1001,A0100,B0100,-207.7466984507236,-4636.7299908311625,128.4327123791595,566.0829171249554,MIDCOURSE,Trajectory,0.0
87.0,A1002,A0100,B0100,-740.7522949125737,-4610.740649528156,344.9285676719085,581.8452442634494,MIDCOURSE,Trajectory,0.0
87.0,A2001,A0200,B0100,-4108.157047472216,849.3960130469321,3469.7757566663095,677.5144708765636,MIDCOURSE,Trajectory,0.0
87.0,A2002,A0200,B0100,-4938.750083479692,1128.0767201241642,3980.5541651403746,703.8924905508766,MIDCOURSE,Trajectory,0.0
87.2,A1001,A0100,B0100,-114.86983783666228,-4637.968064153175,64.06751158404097,563.7964010596967,MIDCOURSE,Trajectory,0.0
87.2,A1002,A0100,B0100,-642.848929894978,-4612.220004360873,282.4544001004797,579.4329245825586,MIDCOURSE,Trajectory,0.0
87.2,A2001,A0200,B0100,-3988.117000384574,812.0606510458945,3419.8754156669506,674.8002908225801,MIDCOURSE,Trajectory,0.0
87.2,A2002,A0200,B0100,-4811.4784920974225,1091.6126921076614,3933.458852848894,701.0676152275186,MIDCOURSE,Trajectory,0.0
87.4,A1001,A0100,B0100,-22.72096330555953,-4639.181425380499,-0.5437932171209674,561.5162984057642,MIDCOURSE,Trajectory,0.0
87.4,A1002,A0100,B0100,-545.6816021194809,-4613.678332709882,219.72496777002883,577.0281608266114,MIDCOURSE,Trajectory,0.0
87.4,A2001,A0200,B0100,-3868.8782825574294,774.5732463075884,3369.6349821187955,672.0957664971359,MIDCOURSE,Trajectory,0.0
87.4,A2002,A0200,B0100,-4685.0173367594825,1054.9859810459093,3885.98750139913,698.2535452511088,MIDCOURSE,Trajectory,0.0
87.60000000000001,A1001,A0100,B0100,68.69883545131643,-4640.369981453639,-65.39904152859002,559.2425041024634,MIDCOURSE,Trajectory,0.0
87.60000000000001,A1002,A0100,B0100,-449.251137460379,-4615.115581375161,156.74221620871165,574.6308518790721,MIDCOURSE,Trajectory,0.0
87.60000000000001,A2001,A0200,B0100,-3750.441418793241,736.9346984427655,3319.0571030948986,669.400751081817,MIDCOURSE,Trajectory,0.0
87.60000000000001,A2002,A0200,B0100,-4559.367051372672,1018.1973513758016,3838.142718401451,695.4501209744684,MIDCOURSE,Trajectory,0.0
87.80000000000001,A1001,A0100,B0100,159.38842526458632,-4641.533633315914,-130.49605815278002,556.9749118496665,MIDCOURSE,Trajectory,0.0
87.80000000000001,A1002,A0100,B0100,-353.5584038068809,-4616.5316937785265,93.50810388522366,572.2408957284288,MIDCOURSE,Trajectory,0.0
87.80000000000001,A2001,A0200,B0100,-3632.806966819437,699.1459191856796,3268.14444280245,666.7150979117272,MIDCOURSE,Trajectory,0.0
87.80000000000001,A2002,A0200,B0100,-4434.528106207671,981.247578741991,3789.9271291181412,692.6571834260905,MIDCOURSE,Trajectory,0.0
88.0,A1001,A0100,B0100,249.3466285437902,-4642.672275500275,-195.83265271160312,554.713414023382,MIDCOURSE,Trajectory,0.0
88.0,A1002,A0100,B0100,-258.6043118688393,-4617.926609768412,30.02460258337518,569.8581893979954,MIDCOURSE,Trajectory,0.0
88.0,A2001,A0200,B0100,-3515.975517325813,661.2078325603255,3216.899682821357,664.0386603972535,MIDCOURSE,Trajectory,0.0
88.0,A2002,A0200,B0100,-4310.501007805207,944.1374501310089,3741.3433767034794,689.8745742332385,MIDCOURSE,Trajectory,0.0
88.2,A1001,A0100,B0100,338.5722222949116,-4643.785795676656,-261.4066191405177,552.4579015876194,MIDCOURSE,Trajectory,0.0
88.2,A1002,A0100,B0100,-164.3898160172233,-4619.30026540796,-33.70630220217007,567.4826288734895,MIDCOURSE,Trajectory,0.0
88.2,A2001,A0200,B0100,-3399.9476940229492,623.1213750532575,3165.325522350744,661.3712919442128,MIDCOURSE,Trajectory,0.0
88.2,A2002,A0200,B0100,-4187.286298902424,906.8677640103449,3692.394122449617,687.1021355439774,MIDCOURSE,Trajectory,0.0
88.4,A1001,A0100,B0100,427.06393709698864,-4644.874074155185,-327.2157351536606,550.208264002222,MIDCOURSE,Trajectory,0.0
88.4,A1002,A0100,B0100,-70.91591516041407,-4620.6525927446755,-97.68261084781673,565.1141090282437,MIDCOURSE,Trajectory,0.0
88.4,A2001,A0200,B0100,-3284.7241537221084,584.8874957933527,3113.4246784638785,658.7128458722673,MIDCOURSE,Trajectory,0.0
88.4,A2002,A0200,B0100,-4064.8845583798407,869.4393304727599,3643.0820460386435,684.3397099480285,MIDCOURSE,Trajectory,0.0
88.60000000000001,A1001,A0100,B0100,514.8204560363248,-4645.93698333983,-393.25776167833277,547.9643891262762,MIDCOURSE,Trajectory,0.0
88.60000000000001,A1002,A0100,B0100,21.81634634253994,-4621.983519559608,-161.90230915937101,562.7525235459022,MIDCOURSE,Trajectory,0.0
88.60000000000001,A2001,A0200,B0100,-3170.305586437114,546.5071567388957,3061.1998863720223,656.0631753314793,MIDCOURSE,Trajectory,0.0
88.60000000000001,A2002,A0200,B0100,-3943.296401229248,831.8529713861373,3593.4098458012963,681.5871403963491,MIDCOURSE,Trajectory,0.0
88.80000000000001,A1001,A0100,B0100,601.8404135967246,-4646.974387126309,-459.53044225697687,545.7261631166557,MIDCOURSE,Trajectory,0.0
88.80000000000001,A1002,A0100,B0100,113.80587773052848,-4623.292969093831,-226.36336790546423,560.3977648404361,MIDCOURSE,Trajectory,0.0
88.80000000000001,A2001,A0200,B0100,-3056.6927155086864,507.9813328723813,3008.6538996977533,653.4221332168877,MIDCOURSE,Trajectory,0.0
88.80000000000001,A2002,A0200,B0100,-3822.522478542986,794.10952054918,3543.380238982739,678.844270119312,MIDCOURSE,Trajectory,0.0
89.0,A1001,A0100,B0100,688.1223945040791,-4647.986140237151,-526.0315024146447,543.4934703211951,MIDCOURSE,Trajectory,0.0
89.0,A1002,A0100,B0100,205.05154084961063,-4624.580859749613,-291.0637423246636,558.0497239732916,MIDCOURSE,Trajectory,0.0
89.0,A2001,A0200,B0100,-2943.8862977518156,469.31101240346277,2955.789490758301,650.7895720809616,MIDCOURSE,Trajectory,0.0
89.0,A2002,A0200,B0100,-3702.5634775249955,756.2098238532893,3492.9959620158847,676.1109425433835,MIDCOURSE,Trajectory,0.0
89.2,A1001,A0100,B0100,773.6649325235203,-4648.972087485638,-592.758648989791,541.2661931658855,MIDCOURSE,Trajectory,0.0
89.2,A1002,A0100,B0100,295.55214912158453,-4625.847104763362,-356.00137160478135,555.7082905674797,MIDCOURSE,Trajectory,0.0
89.2,A2001,A0200,B0100,-2831.887123626709,430.4971969804857,2902.609450859501,648.1653440438052,MIDCOURSE,Trajectory,0.0
89.2,A2002,A0200,B0100,-3583.4201215241137,718.1547394509731,3442.2597708027515,673.3870012061728,MIDCOURSE,Trajectory,0.0
89.4,A1001,A0100,B0100,858.4665092072344,-4649.932062959092,-659.7095694260481,539.0442120353973,MIDCOURSE,Trajectory,0.0
89.4,A1002,A0100,B0100,385.3064664705497,-4627.091611847006,-421.17417833279916,553.3733527183757,MIDCOURSE,Trajectory,0.0
89.4,A2001,A0200,B0100,-2720.696017433919,391.5409019110862,2849.1165906009674,645.5493007009574,MIDCOURSE,Trajectory,0.0
89.4,A2002,A0200,B0100,-3465.093170090097,679.9451379311561,3391.1744410043534,670.6722896697266,MIDCOURSE,Trajectory,0.0
89.60000000000001,A1001,A0100,B0100,942.5255525908874,-4650.865889110381,-726.8819310224396,536.8274051460944,MIDCOURSE,Trajectory,0.0
89.60000000000001,A1002,A0100,B0100,474.31320620605607,-4628.314282793934,-486.5800679137228,551.0447969009881,MIDCOURSE,Trajectory,0.0
89.60000000000001,A2001,A0200,B0100,-2610.3138375342733,352.4431563923466,2795.3137401931235,642.9412930286445,MIDCOURSE,Trajectory,0.0
89.60000000000001,A2002,A0200,B0100,-3347.5834190528753,641.5819025017826,3339.7427683396577,667.9666514319449,MIDCOURSE,Trajectory,0.0
89.80000000000001,A1001,A0100,B0100,1025.840435836454,-4651.773375744669,-794.273380139245,534.615648410547,MIDCOURSE,Trajectory,0.0
89.80000000000001,A1002,A0100,B0100,562.571029861366,-4629.5150130451575,-552.2169279565736,548.7225078734161,MIDCOURSE,Trajectory,0.0
89.80000000000001,A2001,A0200,B0100,-2500.74147659427,313.20500375104075,2741.2037497867777,640.3411712863196,MIDCOURSE,Trajectory,0.0
89.80000000000001,A2002,A0200,B0100,-3230.8917006255615,603.0659291801275,3287.9675688941743,665.2699298359796,MIDCOURSE,Trajectory,0.0
90.0,A1001,A0100,B0100,1108.4094758190524,-4652.654318886147,-861.8815413564749,532.4088152923504,MIDCOURSE,Trajectory,0.0
90.0,A1002,A0100,B0100,650.0785459852873,-4630.693691210565,-618.0826276255982,546.4063685761791,MIDCOURSE,Trajectory,0.0
90.0,A2001,A0200,B0100,-2391.9798618576187,273.82750169452436,2686.7894898159207,637.74878491633,MIDCOURSE,Trajectory,0.0
90.0,A2002,A0200,B0100,-3115.0188835318017,564.3981269912571,3235.851679438741,662.5819679774785,MIDCOURSE,Trajectory,0.0
90.2,A1001,A0100,B0100,1190.2309316551675,-4653.508499506836,-929.7040165815946,530.2067766498008,MIDCOURSE,Trajectory,0.0
90.2,A1002,A0100,B0100,736.8343088859589,-4631.8501985394305,-684.1750169546522,544.0962600270614,MIDCOURSE,Trajectory,0.0
90.2,A2001,A0200,B0100,-2284.0299554436597,234.31172257286542,2632.073851354509,635.1639824405329,MIDCOURSE,Trajectory,0.0
90.2,A2002,A0200,B0100,-2999.9658731580407,525.5794181750996,3183.3979577591226,659.9026086095223,MIDCOURSE,Trajectory,0.0
90.4,A1001,A0100,B0100,1271.3030031693884,-4654.33568209623,-997.7383841027786,528.0094005666573,MIDCOURSE,Trajectory,0.0
90.4,A1002,A0100,B0100,822.8368173248838,-4632.984408333386,-750.4919261225617,541.7920612110589,MIDCOURSE,Trajectory,0.0
90.4,A2001,A0200,B0100,-2176.8927546734044,194.65875365283867,2577.059746487985,632.5866113536841,MIDCOURSE,Trajectory,0.0
90.4,A2002,A0200,B0100,-2885.733611731338,486.61073840262156,3130.6092829970594,657.2316940451125,MIDCOURSE,Trajectory,0.0
90.60000000000001,A1001,A0100,B0100,1351.6238292964701,-4655.135613046582,-1065.9821975835432,525.8165521678097,MIDCOURSE,Trajectory,0.0
90.60000000000001,A1002,A0100,B0100,908.0845131594198,-4634.0961852939345,-817.0311646871114,539.4936489649482,MIDCOURSE,Trajectory,0.0
90.60000000000001,A2001,A0200,B0100,-2070.569292424015,154.86969740445045,2521.750108700356,630.0165180134006,MIDCOURSE,Trajectory,0.0
90.60000000000001,A2002,A0200,B0100,-2772.323078523389,447.4930370016322,3077.488556003422,654.5690660570415,MIDCOURSE,Trajectory,0.0
90.80000000000001,A1001,A0100,B0100,1431.1914864151586,-4655.908018823736,-1134.4329849941041,523.6280934171402,MIDCOURSE,Trajectory,0.0
90.80000000000001,A1002,A0100,B0100,992.5757799318334,-4635.185384795264,-883.7905207751268,537.2008978559196,MIDCOURSE,Trajectory,0.0
90.80000000000001,A2001,A0200,B0100,-1965.0606375125324,114.94567180069596,2466.147893277672,627.4535475265071,MIDCOURSE,Trajectory,0.0
90.80000000000001,A2002,A0200,B0100,-2659.735290081437,408.22727719276736,3024.038699704179,651.914565774984,MIDCOURSE,Trajectory,0.0
91.0,A1001,A0100,B0100,1510.0039866097532,-4656.652603887389,-1203.088247474177,521.4438828941732,MIDCOURSE,Trajectory,0.0
91.0,A1002,A0100,B0100,1076.3089414029102,-4636.251852071543,-950.7677602259189,534.9136800536113,MIDCOURSE,Trajectory,0.0
91.0,A2001,A0200,B0100,-1860.3678951097368,74.88781063129827,2410.2560777287954,624.8975436315492,MIDCOURSE,Trajectory,0.0
91.0,A2002,A0200,B0100,-2547.97130048681,368.8144363362401,2970.262659479893,649.2680335796359,MIDCOURSE,Trajectory,0.0
91.2,A1001,A0100,B0100,1588.0592758548087,-4657.36904831722,-1271.9454581211992,519.2637755452095,MIDCOURSE,Trajectory,0.0
91.2,A1002,A0100,B0100,1159.2822600279897,-4637.2954213059065,-1017.9606256851364,532.6318651947583,MIDCOURSE,Trajectory,0.0
91.2,A2001,A0200,B0100,-1756.4922071850547,34.69726383121963,2354.077662224403,622.3483485772559,MIDCOURSE,Trajectory,0.0
91.2,A2002,A0200,B0100,-2437.0322016418295,329.2555061899801,2916.163403559523,646.6293089937185,MIDCOURSE,Trajectory,0.0
91.4,A1001,A0100,B0100,1665.3552321176705,-4658.05700509198,-1341.0020606970168,517.0876224034441,MIDCOURSE,Trajectory,0.0
91.4,A1002,A0100,B0100,1241.4939353731456,-4638.315914606072,-1085.3668356458124,530.3553202395128,MIDCOURSE,Trajectory,0.0
91.4,A2001,A0200,B0100,-1653.4347529834668,-5.624802175213739,2297.615670055183,619.8058029967218,MIDCOURSE,Trajectory,0.0
91.4,A2002,A0200,B0100,-2326.9191235859034,289.5514931798229,2861.74392342932,643.9982305696593,MIDCOURSE,Trajectory,0.0
91.60000000000001,A1001,A0100,B0100,1741.8896633726217,-4658.716096956957,-1410.2554682449302,514.9152702709713,MIDCOURSE,Trajectory,0.0
91.60000000000001,A1002,A0100,B0100,1322.9421024690705,-4639.313140848636,-1152.9840834331055,528.0839093182748,MIDCOURSE,Trajectory,0.0
91.60000000000001,A2001,A0200,B0100,-1551.1967495354145,-46.077204113679585,2240.8731481102777,617.2697457770638,MIDCOURSE,Trajectory,0.0
91.60000000000001,A2002,A0200,B0100,-2217.633234841629,249.70341868244734,2807.0072342576645,641.3746357737507,MIDCOURSE,Trajectory,0.0
91.80000000000001,A1001,A0100,B0100,1817.6603055192647,-4659.34591280044,-1479.7030616075283,512.7465613534257,MIDCOURSE,Trajectory,0.0
91.80000000000001,A1002,A0100,B0100,1403.6248301000192,-4640.286894370644,-1220.8100361288923,525.8174935676279,MIDCOURSE,Trajectory,0.0
91.80000000000001,A2001,A0200,B0100,-1449.7794522007569,-86.658741481772,2183.853167377029,614.7400139242991,MIDCOURSE,Trajectory,0.0
91.80000000000001,A2002,A0200,B0100,-2109.1757427917814,209.71231932180805,2751.956375336714,638.7583608665828,MIDCOURSE,Trajectory,0.0
92.0,A1001,A0100,B0100,1892.6648201962414,-4659.9460034408685,-1549.3421878338565,510.5813328350928,MIDCOURSE,Trajectory,0.0
92.0,A1002,A0100,B0100,1483.540119024937,-4641.236953482753,-1288.8423334319782,523.5559309536258,MIDCOURSE,Trajectory,0.0
92.0,A2001,A0200,B0100,-1349.184155247875,-127.36819615244956,2126.558823463179,612.2164424231781,MIDCOURSE,Trajectory,0.0
92.0,A2002,A0200,B0100,-2001.5478940881126,169.5792472798511,2696.5944105417902,636.1492407795251,MIDCOURSE,Trajectory,0.0
92.2,A1001,A0100,B0100,1966.900792479427,-4660.515876702011,-1619.1701584620532,508.4194163782633,MIDCOURSE,Trajectory,0.0
92.2,A1002,A0100,B0100,1562.6859001276116,-4642.163078772943,-1357.0785864492236,521.2990760802262,MIDCOURSE,Trajectory,0.0
92.2,A2001,A0200,B0100,-1249.4121924690626,-168.20433195794675,2068.993237142705,609.6988640916882,MIDCOURSE,Trajectory,0.0
92.2,A2002,A0200,B0100,-1894.750975092909,129.30527062235336,2640.924428809476,633.5471089870421,MIDCOURSE,Trajectory,0.0
92.4,A1001,A0100,B0100,2040.3657284510682,-4661.054991621985,-1689.1842476603592,506.26063752500266,MIDCOURSE,Trajectory,0.0
92.4,A1002,A0100,B0100,1641.0600324923505,-4643.065011163181,-1425.5163764123274,519.0467799800942,MIDCOURSE,Trajectory,0.0
92.4,A2001,A0200,B0100,-1150.464937833408,-209.16589425300856,2011.1595549265414,607.1871094299337,MIDCOURSE,Trajectory,0.0
92.4,A2002,A0200,B0100,-1788.7863123543245,88.89147364077878,2584.9495446354126,630.9517973745938,MIDCOURSE,Trajectory,0.0
92.60000000000001,A1001,A0100,B0100,2113.0570526227943,-4661.562751600373,-1759.3816902051403,504.10481497152733,MIDCOURSE,Trajectory,0.0
92.60000000000001,A1002,A0100,B0100,1718.6603014012417,-4643.94246967306,-1494.1532533143297,516.7988898842001,MIDCOURSE,Trajectory,0.0
92.60000000000001,A2001,A0200,B0100,-1052.3438061784195,-250.2516094562336,1953.060949659513,604.6810064630832,MIDCOURSE,Trajectory,0.0
92.60000000000001,A2002,A0200,B0100,-1683.655273116533,48.33895721109992,2528.6728985928958,628.3631361018781,MIDCOURSE,Trajectory,0.0
92.80000000000001,A1001,A0100,B0100,2184.9721051905444,-4662.0384962327,-1829.75967926875,501.95175967400513,MIDCOURSE,Trajectory,0.0
92.80000000000001,A1002,A0100,B0100,1795.4844162485156,-4644.7951488338595,-1562.9867344590639,514.5552489655928,MIDCOURSE,Trajectory,0.0
92.80000000000001,A2001,A0200,B0100,-955.0502539416966,-291.4601845682334,1894.7006211448456,602.1803805780561,MIDCOURSE,Trajectory,0.0
92.80000000000001,A2002,A0200,B0100,-1579.359265865794,7.648839170595648,2472.0976578733516,625.780953461154,MIDCOURSE,Trajectory,0.0
93.0,A1001,A0100,B0100,2256.108139092711,-4662.481491507734,-1900.3153639820473,499.80127372801275,MIDCOURSE,Trajectory,0.0
93.0,A1002,A0100,B0100,1871.5300083668271,-4645.6227156831,-1632.0143029157477,512.3156960512895,MIDCOURSE,Trajectory,0.0
93.0,A2001,A0200,B0100,-858.5857799340237,-332.7903066652312,1836.0817967977214,599.685054353602,MIDCOURSE,Trajectory,0.0
93.0,A2002,A0200,B0100,-1475.8997409135925,-33.17774528629982,2415.2270168498917,623.205075730369,MIDCOURSE,Trajectory,0.0
93.2,A1001,A0100,B0100,2326.4623168332587,-4662.890917942715,-1971.045846725171,497.65314893937835,MIDCOURSE,Trajectory,0.0
93.2,A1002,A0100,B0100,1946.7946287593616,-4646.424806252228,-1701.2334058695706,510.0800652942352,MIDCOURSE,Trajectory,0.0
93.2,A2001,A0200,B0100,-762.9519261553078,-374.24064236663185,1777.2077323293936,597.1948473834203,MIDCOURSE,Trajectory,0.0
93.2,A2002,A0200,B0100,-1373.278191018038,-74.13964319195321,2358.0641976651546,620.6353270208094,MIDCOURSE,Trajectory,0.0
93.4,A1001,A0100,B0100,2396.031707017995,-4663.265856093279,-2041.948180084166,495.5071649672472,MIDCOURSE,Trajectory,0.0
93.4,A1002,A0100,B0100,2021.27574573045,-4647.201021437598,-1770.6414528574387,507.8481857945379,MIDCOURSE,Trajectory,0.0
93.4,A2001,A0200,B0100,-668.1502786548564,-415.80983727499944,1718.0817124634782,594.709576091929,MIDCOURSE,Trajectory,0.0
93.4,A2002,A0200,B0100,-1271.4961520447835,-115.23568336807405,2300.6124508447383,618.0715291189679,MIDCOURSE,Trajectory,0.0
93.60000000000001,A1001,A0100,B0100,2464.81328053227,-4663.6052686814055,-2113.0193633877802,493.36308686357035,MIDCOURSE,Trajectory,0.0
93.60000000000001,A1002,A0100,B0100,2094.9707424057656,-4647.950922115338,-1840.2358138757947,505.61988115527083,MIDCOURSE,Trajectory,0.0
93.60000000000001,A2001,A0200,B0100,-574.1824684375491,-457.49651538677125,1658.7070516861,592.2290535422943,MIDCOURSE,Trajectory,0.0
93.60000000000001,A2002,A0200,B0100,-1170.55520366877,-156.46467596554248,2242.8750559375735,615.5135013223172,MIDCOURSE,Trajectory,0.0
93.80000000000001,A1001,A0100,B0100,2532.803906258928,-4663.90797830919,-2184.2563387042264,491.22066174435497,MIDCOURSE,Trajectory,0.0
93.80000000000001,A1002,A0100,B0100,2167.8769141309367,-4648.674023321439,-1910.0138173444202,503.3949689525441,MIDCOURSE,Trajectory,0.0
93.80000000000001,A2001,A0200,B0100,-481.0501724175302,-499.29927847192937,1599.087095031679,589.7530892362958,MIDCOURSE,Trajectory,0.0
93.80000000000001,A2002,A0200,B0100,-1070.4569701181583,-197.82541198013877,2184.8553221846623,612.9610602686602,MIDCOURSE,Trajectory,0.0
94.0,A1001,A0100,B0100,2600.0003461905476,-4664.172639326994,-2255.6559861253113,489.0796141852236,MIDCOURSE,Trajectory,0.0
94.0,A1002,A0100,B0100,2239.991465734326,-4649.369787265738,-1979.9727479060614,501.1732600914041,MIDCOURSE,Trajectory,0.0
94.0,A2001,A0200,B0100,-388.75511442111514,-541.2167054207245,1539.2252189062185,587.2814889055875,MIDCOURSE,Trajectory,0.0
94.0,A2002,A0200,B0100,-971.203120961873,-239.3166627426976,2126.5565892176733,610.4140197587096,MIDCOURSE,Trajectory,0.0
94.2,A1001,A0100,B0100,2666.3992497204767,-4664.397701833316,-2327.21511808386,486.93963969813285,MIDCOURSE,Trajectory,0.0
94.2,A1002,A0100,B0100,2311.3115086353946,-4650.037614876896,-2050.109844036048,498.9545580070758,MIDCOURSE,Trajectory,0.0
94.2,A2001,A0200,B0100,-297.29906624068036,-583.2473515554223,1479.1248319500667,584.8140542938901,MIDCOURSE,Trajectory,0.0
94.2,A2002,A0200,B0100,-872.7953719422403,-280.9371793821112,2067.9822277889707,607.872190571537,MIDCOURSE,Trajectory,0.0
94.4,A1001,A0100,B0100,2731.997146786238,-4664.58136488803,-2398.9304723202445,484.8003952452349,MIDCOURSE,Trajectory,0.0
94.4,A1002,A0100,B0100,2381.834057773782,-4650.676835476681,-2120.4222954280744,496.7386576529081,MIDCOURSE,Trajectory,0.0
94.4,A2001,A0200,B0100,-206.68384874137504,-625.3897479048976,1418.78937594222,582.3505829296345,MIDCOURSE,Trajectory,0.0
94.4,A2002,A0200,B0100,-775.2354858542661,-322.68569225950023,2009.135640534714,605.3353802725126,MIDCOURSE,Trajectory,0.0
94.60000000000001,A1001,A0100,B0100,2796.7904393566037,-4664.72151462713,-2470.79870289948,482.6614850405436,MIDCOURSE,Trajectory,0.0
94.60000000000001,A1002,A0100,B0100,2451.556028325137,-4651.286694043659,-2190.907240110721,494.52534418849115,MIDCOURSE,Trajectory,0.0
94.60000000000001,A2001,A0200,B0100,-116.9113330225763,-667.6424004397568,1358.2223267483398,579.8908678885372,MIDCOURSE,Trajectory,0.0
94.60000000000001,A2002,A0200,B0100,-678.525273473162,-364.5609103717542,1950.020262772773,602.8033930133366,MIDCOURSE,Trajectory,0.0
94.80000000000001,A1001,A0100,B0100,2860.7753904439264,-4664.815640733348,-2542.816368315089,480.52243860016887,MIDCOURSE,Trajectory,0.0
94.80000000000001,A1002,A0100,B0100,2520.474232156071,-4651.8663353296115,-2261.561761232197,492.31439123760714,MIDCOURSE,Trajectory,0.0
94.80000000000001,A2001,A0200,B0100,-27.98344163608302,-710.0037892654989,1297.4271953147827,577.4346975455752,MIDCOURSE,Trajectory,0.0
94.80000000000001,A2002,A0200,B0100,-582.6665945317959,-406.56152072252576,1890.6395633372736,600.2760293237516,MIDCOURSE,Trajectory,0.0
95.0,A1001,A0100,B0100,2923.948109276121,-4664.86072101024,-2614.9799150683884,478.3826755355714,MIDCOURSE,Trajectory,0.0
95.0,A1002,A0100,B0100,2588.585373949858,-4652.414783806409,-2332.3828834249275,490.105558515183,MIDCOURSE,Trajectory,0.0
95.0,A2001,A0200,B0100,60.09785013687197,-752.4723677710581,1236.4075287110475,574.9818553158009,MIDCOURSE,Trajectory,0.0
95.0,A2002,A0200,B0100,-487.66135874981126,-448.6861876586267,1830.9970454516813,597.7530858944959,MIDCOURSE,Trajectory,0.0
95.2,A1001,A0100,B0100,2986.3045302516375,-4664.853057404379,-2687.285653910367,476.24144661791877,MIDCOURSE,Trajectory,0.0
95.2,A1002,A0100,B0100,2655.886046902067,-4652.93091799812,-2403.367568621429,487.8985885058904,MIDCOURSE,Trajectory,0.0
95.2,A2001,A0200,B0100,147.33051294763118,-795.0465617298777,1175.1669112231803,572.532119383403,MIDCOURSE,Trajectory,0.0
95.2,A2002,A0200,B0100,-393.5115269162234,-490.93355216963226,1771.0962476424434,595.2343553510511,MIDCOURSE,Trajectory,0.0
95.4,A1001,A0100,B0100,3047.840381330565,-4664.788035222565,-2759.7297235814544,474.09773001003515,MIDCOURSE,Trajectory,0.0
95.4,A1002,A0100,B0100,2722.3727278333217,-4653.4134371117925,-2474.512711128886,485.69320167851527,MIDCOURSE,Trajectory,0.0
95.4,A2001,A0200,B0100,233.71246197889744,-837.7247683504626,1113.7089655008106,570.0852624183942,MIDCOURSE,Trajectory,0.0
95.4,A2002,A0200,B0100,-300.2191120273789,-533.3022311483518,1710.9407446952823,592.7196260177003,MIDCOURSE,Trajectory,0.0
95.60000000000001,A1001,A0100,B0100,3108.551133423996,-4664.659755055484,-2832.3080319758647,471.9500370693167,MIDCOURSE,Trajectory,0.0
95.60000000000001,A1002,A0100,B0100,2788.041771480529,-4653.860816881636,-2545.815131664228,483.4890893702033,MIDCOURSE,Trajectory,0.0
95.60000000000001,A2001,A0200,B0100,319.24155547796386,-880.5053552731366,1052.037353760627,567.6410512802848,MIDCOURSE,Trajectory,0.0
95.60000000000001,A2002,A0200,B0100,-207.7861804822307,-575.7908166096537,1650.5341486563773,590.208681671409,MIDCOURSE,Trajectory,0.0
95.80000000000001,A1001,A0100,B0100,3168.4319131627253,-4664.4604412154695,-2905.0161535795796,469.79602038415425,MIDCOURSE,Trajectory,0.0
95.80000000000001,A1002,A0100,B0100,2852.8894035811377,-4654.271249938776,-2617.271569871543,481.2859028330115,MIDCOURSE,Trajectory,0.0
95.80000000000001,A2001,A0200,B0100,403.91559322197145,-923.3866595094945,990.1557790492502,565.1992467080604,MIDCOURSE,Trajectory,0.0
95.80000000000001,A2002,A0200,B0100,-116.21485333695514,-618.3978748649566,1589.88010988075,587.7013012850075,MIDCOURSE,Trajectory,0.0
96.0,A1001,A0100,B0100,3227.4773387157006,-4664.179427968258,-2977.849134460522,467.6316024126463,MIDCOURSE,Trajectory,0.0
96.0,A1002,A0100,B0100,2916.911712104213,-4654.642563356157,-2688.8786745239254,479.0832357046325,MIDCOURSE,Trajectory,0.0
96.0,A2001,A0200,B0100,487.73231491268984,-966.3669863207823,928.0679865686183,562.7596029957539,MIDCOURSE,Trajectory,0.0
96.0,A2002,A0200,B0100,-25.50730762101425,-661.1219456495138,1528.982318130306,585.1972587591348,MIDCOURSE,Trajectory,0.0
96.2,A1001,A0100,B0100,3285.6811745949026,-4663.801267103271,-3050.8010781992093,465.4487727843562,MIDCOURSE,Trajectory,0.0
96.2,A1002,A0100,B0100,2980.1046354969303,-4654.9721014117185,-2760.632990017276,476.88059467798877,MIDCOURSE,Trajectory,0.0
96.2,A2001,A0200,B0100,570.6893984982282,-1009.4446080311593,865.7777650671585,560.3218676528807,MIDCOURSE,Trajectory,0.0
96.2,A2002,A0200,B0100,64.3342222831644,-703.9615411994024,1467.8445037241017,582.6963226423851,MIDCOURSE,Trajectory,0.0
96.4,A1001,A0100,B0100,3343.035489084402,-4663.301743254272,-3123.864124813239,463.2289178676348,MIDCOURSE,Trajectory,0.0
96.4,A1002,A0100,B0100,3042.4639458627944,-4655.256553253645,-2832.530936595584,474.6773477949446,MIDCOURSE,Trajectory,0.0
96.4,A2001,A0200,B0100,652.7844584190007,-1052.6177627714994,803.288948300193,557.8857810489601,MIDCOURSE,Trajectory,0.0
96.4,A2002,A0200,B0100,153.30744319463997,-746.9151452749139,1406.4704387435347,580.1982558390688,MIDCOURSE,Trajectory,0.0
96.60000000000001,A1001,A0100,B0100,3399.528090051448,-4662.63778236183,-3197.025308637778,460.9162101009855,MIDCOURSE,Trajectory,0.0
96.60000000000001,A1002,A0100,B0100,3103.9852229936473,-4655.49168908558,-2904.5687792981876,472.4726273890616,MIDCOURSE,Trajectory,0.0
96.60000000000001,A2001,A0200,B0100,734.0150437751785,-1095.8846531490594,740.6054165632011,555.4510760413236,MIDCOURSE,Trajectory,0.0
96.60000000000001,A2002,A0200,B0100,241.41000162022118,-789.9812121268014,1344.8639382952922,577.702815303982,MIDCOURSE,Trajectory,0.0
96.80000000000001,A1001,A0100,B0100,3455.131166408635,-4661.711884264895,-3270.252479373922,458.24594710233015,MIDCOURSE,Trajectory,0.0
96.80000000000001,A1002,A0100,B0100,3164.6638106566106,-4655.671935362017,-2976.74257505694,470.26513318222476,MIDCOURSE,Trajectory,0.0
96.80000000000001,A2001,A0200,B0100,814.3786364127885,-1139.2434448379922,677.7310983017495,553.0174775853752,MIDCOURSE,Trajectory,0.0
96.80000000000001,A2002,A0200,B0100,328.63948217014354,-833.1581654015783,1283.0288618350353,575.2097517235557,MIDCOURSE,Trajectory,0.0
97.0,A1001,A0100,B0100,3509.695764928593,-4660.117239926442,-3343.3633835159008,452.4778115276637,MIDCOURSE,Trajectory,0.0
97.0,A1002,A0100,B0100,3224.494735211158,-4655.789644841992,-3049.0480734003086,468.0526909982944,MIDCOURSE,Trajectory,0.0
97.0,A2001,A0200,B0100,893.8726489255247,-1182.6922650853087,614.6699718021006,550.5847023264428,MIDCOURSE,Trajectory,0.0
97.0,A2002,A0200,B0100,414.99340590069585,-876.4443969817867,1220.9691145549332,572.7188091827256,MIDCOURSE,Trajectory,0.0
97.2,A1001,A0100,B0100,3562.4404250445305,-4656.3491711861925,-3415.416820635602,439.7642354840599,MIDCOURSE,Trajectory,0.0
97.2,A1002,A0100,B0100,3283.4725342979987,-4655.833728513662,-3121.480506210224,465.8311226034223,MIDCOURSE,Trajectory,0.0
97.2,A2001,A0200,B0100,972.4944225692772,-1226.229201126465,551.4260669667048,548.1524581723224,MIDCOURSE,Trajectory,0.0
97.2,A2002,A0200,B0100,500.4692285812598,-919.8382657568502,1158.6886488383318,570.2297248168566,MIDCOURSE,Trajectory,0.0
97.4,A1001,A0100,B0100,3612.696666921811,-4649.5864614308775,-3485.7157721041835,425.91377279357937,MIDCOURSE,Trajectory,0.0
97.4,A1002,A0100,B0100,3341.5908328535993,-4655.786756028199,-3194.034064719083,463.5907443513358,MIDCOURSE,Trajectory,0.0
97.4,A2001,A0200,B0100,1050.2412250863063,-1269.8522985043187,488.0034671790056,545.720443845591,MIDCOURSE,Trajectory,0.0
97.4,A2002,A0200,B0100,585.0643388831656,-963.3380963198026,1096.191465784988,567.7422284480135,MIDCOURSE,Trajectory,0.0
97.60000000000001,A1001,A0100,B0100,3660.242326967343,-4639.852410657866,-3554.1703339085975,412.1749446452581,MIDCOURSE,Trajectory,0.0
97.60000000000001,A1002,A0100,B0100,3398.841009722486,-4655.617519014106,-3266.700245348827,461.30173010195483,MIDCOURSE,Trajectory,0.0
97.60000000000001,A2001,A0200,B0100,1127.1102484359296,-1313.559559284712,424.40631126219785,543.2883484147397,MIDCOURSE,Trajectory,0.0
97.60000000000001,A2002,A0200,B0100,668.7760564877003,-1006.9421775848263,1033.4816168104721,565.2560422048756,MIDCOURSE,Trajectory,0.0
97.80000000000001,A1001,A0100,B0100,3705.529159163985,-4630.0074106226675,-3620.6873639962664,397.2154436877648,MIDCOURSE,Trajectory,0.0
97.80000000000001,A1002,A0100,B0100,3455.2057690728107,-4655.253893707766,-3339.4598172997016,458.8063023275991,MIDCOURSE,Trajectory,0.0
97.80000000000001,A2001,A0200,B0100,1203.0986064285426,-1357.3489401613963,360.63879553681744,540.8558508031499,MIDCOURSE,Trajectory,0.0
97.80000000000001,A2002,A0200,B0100,751.6016301105548,-1050.6487613201607,970.5632053235142,562.7708801255445,MIDCOURSE,Trajectory,0.0
98.0,A1001,A0100,B0100,3749.2791299576584,-4624.286278865323,-3685.133836635683,382.84213328504444,MIDCOURSE,Trajectory,0.0
98.0,A1002,A0100,B0100,3510.5696685288995,-4654.3285338207515,-3412.1709570728826,453.24827180725595,MIDCOURSE,Trajectory,0.0
98.0,A2001,A0200,B0100,1278.2033322597454,-1401.2183504424722,296.70517598227326,538.4226192749131,MIDCOURSE,Trajectory,0.0
98.0,A2002,A0200,B0100,833.5382354399482,-1094.4560605905247,907.4403884852437,560.2864477425054,MIDCOURSE,Trajectory,0.0
98.2,A1001,A0100,B0100,3791.2715519071503,-4622.460640946515,-3747.616699968546,369.2762043954031,MIDCOURSE,Trajectory,0.0
98.2,A1002,A0100,B0100,3564.0736215525403,-4651.106920180476,-3483.7921152579715,439.8763436577687,MIDCOURSE,Trajectory,0.0
98.2,A2001,A0200,B0100,1352.421375941336,-1445.1656499098756,232.6097705076813,535.9883108964857,MIDCOURSE,Trajectory,0.0
98.2,A2002,A0200,B0100,914.582972985627,-1138.3622481027492,844.1173790544653,557.8024416489671,MIDCOURSE,Trajectory,0.0
98.4,A1001,A0100,B0100,3831.2930066032804,-4624.260052558135,-3808.233002501563,356.4288459083831,MIDCOURSE,Trajectory,0.0
98.4,A1002,A0100,B0100,3615.034038045539,-4644.757083258284,-3553.615217444764,425.7688194222518,MIDCOURSE,Trajectory,0.0
98.4,A2001,A0200,B0100,1425.7496016259179,-1489.1886465427751,168.35696133761138,533.5525709731477,MIDCOURSE,Trajectory,0.0
98.4,A2002,A0200,B0100,994.7328658359116,-1182.3654544478452,780.5984473232957,555.3185490458093,MIDCOURSE,Trajectory,0.0
98.60000000000001,A1001,A0100,B0100,3869.1457545981893,-4629.412453759455,-3867.0695091923108,344.2409052554617,MIDCOURSE,Trajectory,0.0
98.60000000000001,A1002,A0100,B0100,3663.314988586432,-4635.655399778441,-3621.58348213142,411.4710081712553,MIDCOURSE,Trajectory,0.0
98.60000000000001,A2001,A0200,B0100,1498.1847848218865,-1533.2850940950302,103.95119751861813,531.115032459238,MIDCOURSE,Trajectory,0.0
98.60000000000001,A2002,A0200,B0100,1073.9848573199477,-1226.4637662321916,716.8879231476835,552.834447268351,MIDCOURSE,Trajectory,0.0
98.80000000000001,A1001,A0100,B0100,3904.6494953966035,-4637.639217994947,-3924.2063256897445,332.6692643172422,MIDCOURSE,Trajectory,0.0
98.80000000000001,A1002,A0100,B0100,3709.683345997331,-4628.957536969142,-3687.5505362660906,396.6283788704787,MIDCOURSE,Trajectory,0.0
98.80000000000001,A2001,A0200,B0100,1569.7236094956056,-1577.4526895160454,39.39699755269295,528.6753153411362,MIDCOURSE,Trajectory,0.0
98.80000000000001,A2002,A0200,B0100,1152.335808572322,-1270.655224089983,652.9901980775396,550.3498032921551,MIDCOURSE,Trajectory,0.0
99.0,A1001,A0100,B0100,3937.6435032009495,-4648.653078870945,-3979.7189129975945,321.68020709514684,MIDCOURSE,Trajectory,0.0
99.0,A1002,A0100,B0100,3754.2476852047375,-4626.225611148733,-3751.5347150965517,382.6270872259298,MIDCOURSE,Trajectory,0.0
99.0,A2001,A0200,B0100,1640.3626650576607,-1621.689070203513,-25.301047835958492,526.2330259919773,MIDCOURSE,Trajectory,0.0
99.0,A2002,A0200,B0100,1229.7824959972284,-1314.9378205684525,588.9097275914025,547.8642732170897,MIDCOURSE,Trajectory,0.0
99.2,A1001,A0100,B0100,3967.9889055301496,-4662.1577610655195,-4033.679285191619,311.24588085432214,MIDCOURSE,Trajectory,0.0
99.2,A1002,A0100,B0100,3796.8086517191214,-4627.190992693895,-3813.6331563371145,369.3549758101341,MIDCOURSE,Trajectory,0.0
99.2,A2001,A0200,B0100,1710.0984432301886,-1665.9918110755993,-90.13827279413529,523.7877564971159,MIDCOURSE,Trajectory,0.0
99.2,A2002,A0200,B0100,1306.3216086294024,-1359.3094978767267,524.6510334407715,545.3775017288737,MIDCOURSE,Trajectory,0.0
99.4,A1001,A0100,B0100,3995.570938531708,-4677.848778307969,-4086.15675585122,301.34226992827536,MIDCOURSE,Trajectory,0.0
99.4,A1002,A0100,B0100,3837.179204664995,-4631.58909370308,-3873.9304419484492,356.7446058777923,MIDCOURSE,Trajectory,0.0
99.4,A2001,A0200,B0100,1778.9273347924402,-1710.3584214491061,-155.10993328590803,521.3390839493824,MIDCOURSE,Trajectory,0.0
99.4,A2002,A0200,B0100,1381.9497453891354,-1403.768145488451,460.2187061094539,542.8891215373656,MIDCOURSE,Trajectory,0.0
99.60000000000001,A1001,A0100,B0100,4020.301037991543,-4695.415118411712,-4137.218418234361,291.9479707374692,MIDCOURSE,Trajectory,0.0
99.60000000000001,A1002,A0100,B0100,3875.186529965839,-4639.1515743259615,-3932.5037642394955,344.75006794635175,MIDCOURSE,Trajectory,0.0
99.60000000000001,A2001,A0200,B0100,1846.8456262019479,-1754.7863417090507,-220.21120388471303,518.8865697132518,MIDCOURSE,Trajectory,0.0
99.60000000000001,A2002,A0200,B0100,1456.6634122287594,-1448.3115975875523,395.61740739347266,540.3987527908668,MIDCOURSE,Trajectory,0.0
99.80000000000001,A1001,A0100,B0100,4042.118636544223,-4714.541641236173,-4186.929460102482,283.0434198905032,MIDCOURSE,Trajectory,0.0
99.80000000000001,A1002,A0100,B0100,3910.674178787055,-4649.602909979406,-3989.4255246672906,333.33707773228923,MIDCOURSE,Trajectory,0.0
99.80000000000001,A2001,A0200,B0100,1913.8494960889473,-1799.2729397538951,-285.43717440378975,516.4297586571058,MIDCOURSE,Trajectory,0.0
99.80000000000001,A2002,A0200,B0100,1530.4590191681548,-1492.9376303456584,330.85187310729884,537.9060024657773,MIDCOURSE,Trajectory,0.0
100.0,A1001,A0100,B0100,4060.9925465924093,-4734.912054645587,-4235.353371771563,274.6103928786078,MIDCOURSE,Trajectory,0.0
100.0,A1002,A0100,B0100,3943.5043128543857,-4662.659164326046,-4044.7647727852454,322.47816505165804,MIDCOURSE,Trajectory,0.0
100.0,A2001,A0200,B0100,1979.93501162204,-1843.81550719937,-350.7828463572199,513.9681783528885,MIDCOURSE,Trajectory,0.0
100.0,A2002,A0200,B0100,1603.3328772170087,-1537.6439590187786,265.9269159223653,535.4104637309783,MIDCOURSE,Trajectory,0.0
100.2,A1001,A0100,B0100,4076.921820188396,-4756.212341380648,-4282.552083252515,266.6316719452786,MIDCOURSE,Trajectory,0.0
100.2,A1002,A0100,B0100,3973.5599518008125,-4678.028104620326,-4098.5880563874025,312.15010466443454,MIDCOURSE,Trajectory,0.0
100.2,A2001,A0200,B0100,2045.0981247435323,-1888.4112553224131,-416.24312924358327,511.50133824257506,MIDCOURSE,Trajectory,0.0
100.2,A2002,A0200,B0100,1675.281195181794,-1582.4282348498843,200.84742834402584,532.9117152864083,MIDCOURSE,Trajectory,0.0
100.4,A1001,A0100,B0100,4089.935994192995,-4778.1345031321,-4328.586053464927,259.09082378345806,MIDCOURSE,Trajectory,0.0
100.4,A1002,A0100,B0100,4000.747120153691,-4695.410264533435,-4150.959945468316,302.3324427267763,MIDCOURSE,Trajectory,0.0
100.4,A2001,A0200,B0100,2109.334668273409,-1933.0573107252198,-481.81283664402235,509.02872877105773,MIDCOURSE,Trajectory,0.0
100.4,A2002,A0200,B0100,1746.3000763557347,-1627.2880417629267,135.61838583330544,530.4093206753807,MIDCOURSE,Trajectory,0.0
100.60000000000001,A1001,A0100,B0100,4100.094652438048,-4800.380476310465,-4373.514326831712,251.9720506419795,MIDCOURSE,Trajectory,0.0
100.60000000000001,A1002,A0100,B0100,4024.996790533881,-4714.50074545095,-4201.943362957075,293.0066045411134,MIDCOURSE,Trajectory,0.0
100.60000000000001,A2001,A0200,B0100,2172.640351881558,-1977.750710697729,-547.4866821263074,506.549820485245,MIDCOURSE,Trajectory,0.0
100.60000000000001,A2002,A0200,B0100,1816.3855150903903,-1672.220892832703,70.24485007996618,527.9028275703231,MIDCOURSE,Trajectory,0.0
100.80000000000001,A1001,A0100,B0100,4107.486266237398,-4822.666062938237,-4417.394567765117,245.2600914608972,MIDCOURSE,Trajectory,0.0
100.80000000000001,A1002,A0100,B0100,4046.2665192956424,-4734.99162122128,-4251.599794935542,284.15533209450837,MIDCOURSE,Trajectory,0.0
100.80000000000001,A2001,A0200,B0100,2235.010757928654,-2022.4883982550753,-613.2592749463247,504.06406309943947,MIDCOURSE,Trajectory,0.0
100.80000000000001,A2002,A0200,B0100,1885.5333932479457,-1717.2242265137174,4.731972433570654,525.3917670317552,MIDCOURSE,Trajectory,0.0
101.0,A1001,A0100,B0100,4112.226309264171,-4844.724713822059,-4460.283080414418,238.94015736348035,MIDCOURSE,Trajectory,0.0
101.0,A1002,A0100,B0100,4064.54167380598,-4756.5748359768895,-4299.989422746882,275.7623194542575,MIDCOURSE,Trajectory,0.0
101.0,A2001,A0200,B0100,2296.4413371770497,-2067.2672168245726,-679.1251155382915,501.57088452737185,MIDCOURSE,Trajectory,0.0
101.0,A2002,A0200,B0100,1953.7394765338265,-1762.2954026098275,-60.9150025006399,522.8756527405022,MIDCOURSE,Trajectory,0.0
101.2,A1001,A0100,B0100,4114.454680517152,-4866.31100248517,-4502.234818894868,232.99789057424812,MIDCOURSE,Trajectory,0.0
101.2,A1002,A0100,B0100,4079.8361585483517,-4778.9454861690465,-4347.17120313201,267.8119725787122,MIDCOURSE,Trajectory,0.0
101.2,A2001,A0200,B0100,2356.927404374159,-2112.083904554677,-745.0785907849223,499.0696898816394,MIDCOURSE,Trajectory,0.0
101.2,A2002,A0200,B0100,2020.999410709921,-1807.431697965004,-126.69073309412646,520.3539802033664,MIDCOURSE,Trajectory,0.0
101.4,A1001,A0100,B0100,4114.332507148551,-4887.2036388884435,-4543.303391681375,227.4193388835662,MIDCOURSE,Trajectory,0.0
101.4,A1002,A0100,B0100,4092.192561234282,-4801.805369012297,-4393.202913294103,260.2892504450834,MIDCOURSE,Trajectory,0.0
101.4,A2001,A0200,B0100,2416.4641337121675,-2156.935088216089,-811.1139690587634,496.55986044175773,MIDCOURSE,Trajectory,0.0
101.4,A2002,A0200,B0100,2087.308717689461,-1852.6303018539681,-192.58977674869425,517.8262259327188,MIDCOURSE,Trajectory,0.0
101.60000000000001,A1001,A0100,B0100,4112.038434256802,-4907.20789219792,-4583.541062715176,222.19093985172083,MIDCOURSE,Trajectory,0.0
101.60000000000001,A1002,A0100,B0100,4101.681660422171,-4824.86666728071,-4438.141172270549,253.17956092520805,MIDCOURSE,Trajectory,0.0
101.60000000000001,A2001,A0200,B0100,2475.0465541694894,-2201.8172766626776,-877.2253950259916,494.04075259257843,MIDCOURSE,Trajectory,0.0
101.60000000000001,A2002,A0200,B0100,2152.662791515533,-1897.8883110497286,-258.6065857643681,515.2918466008015,MIDCOURSE,Trajectory,0.0
101.80000000000001,A1001,A0100,B0100,4107.764538285527,-4926.157321039381,-4622.998750914486,217.29951044385632,MIDCOURSE,Trajectory,0.0
101.80000000000001,A1002,A0100,B0100,4108.4012623518165,-4847.855629505315,-4482.041446524554,246.46869422852902,MIDCOURSE,Trajectory,0.0
101.80000000000001,A2001,A0200,B0100,2532.6695447412762,-2246.726853817226,-943.4068842041315,491.51169673546445,MIDCOURSE,Trajectory,0.0
101.80000000000001,A2002,A0200,B0100,2217.0568942262807,-1943.2027245432398,-324.7355030144975,512.7502781698822,MIDCOURSE,Trajectory,0.0
102.0,A1001,A0100,B0100,4101.712021713447,-4943.914745988017,-4661.726029129356,212.73223894243094,MIDCOURSE,Trajectory,0.0
102.0,A1002,A0100,B0100,4112.474365637856,-4870.5160984095955,-4524.958045379555,240.1427822734899,MIDCOURSE,Trajectory,0.0
102.0,A2001,A0200,B0100,2589.327829568489,-2291.660071144123,-1009.6523172654346,488.9719961753769,MIDCOURSE,Trajectory,0.0
102.0,A2002,A0200,B0100,2280.486151611148,-1988.5704378883902,-390.9707574211746,510.2009349998374,MIDCOURSE,Trajectory,0.0
102.2,A1001,A0100,B0100,4094.0868573092025,-4960.372439753981,-4699.771123095179,208.4766769241692,MIDCOURSE,Trajectory,0.0
102.2,A1002,A0100,B0100,4114.046686263861,-4892.612741213673,-4566.944110331269,234.18827575432263,MIDCOURSE,Trajectory,0.0
102.2,A2001,A0200,B0100,2645.0159729776374,-2336.6130395680225,-1075.9554340780883,486.4209259879285,MIDCOURSE,Trajectory,0.0
102.2,A2002,A0200,B0100,2342.945548863989,-2033.9882371434064,-457.30645922421166,507.643208935246,MIDCOURSE,Trajectory,0.0
102.4,A1001,A0100,B0100,4085.095549411377,-4975.451552358738,-4737.18091059201,204.520729880528,MIDCOURSE,Trajectory,0.0
102.4,A1002,A0100,B0100,4113.2836095658795,-4913.933844620372,-4608.051601117666,228.59193286571008,MIDCOURSE,Trajectory,0.0
102.4,A2001,A0200,B0100,2699.7283744463152,-2381.581720794171,-1142.309827478017,483.85773187150505,MIDCOURSE,Trajectory,0.0
102.4,A2002,A0200,B0100,2404.4299261406372,-2079.4527923774685,-523.7365950371816,505.07646837466746,MIDCOURSE,Trajectory,0.0
102.60000000000001,A1001,A0100,B0100,4074.9411676796103,-4989.100828110692,-4774.000920789567,200.85264573414693,MIDCOURSE,Trajectory,0.0
102.60000000000001,A1002,A0100,B0100,4110.366667851675,-4934.293555258863,-4648.331280555417,223.34081515060262,MIDCOURSE,Trajectory,0.0
102.60000000000001,A2001,A0200,B0100,2753.459263513189,-2426.561917982533,-1208.7089367648102,481.28162899078967,MIDCOURSE,Trajectory,0.0
102.60000000000001,A2002,A0200,B0100,2464.9339740305586,-2124.9606507088724,-590.255022684385,502.50005732546344,MIDCOURSE,Trajectory,0.0
102.80000000000001,A1001,A0100,B0100,4072.2440190629345,-4992.286207487327,-4783.118977629151,199.9792575903768,MISS,Trajectory,0.0
102.80000000000001,A1002,A0100,B0100,4105.489669211041,-4953.53347247572,-4687.832699477492,218.42228704096564,MIDCOURSE,Trajectory,0.0
102.80000000000001,A2001,A0200,B0100,2806.2026946552164,-2471.5492657240475,-1275.1460409163633,478.6918008194526,MIDCOURSE,Trajectory,0.0
102.80000000000001,A2002,A0200,B0100,2524.4522289545885,-2170.5082288384347,-656.8554658131036,499.9132944483261,MIDCOURSE,Trajectory,0.0
103.0,A1001,A0100,B0100,4072.2440190629345,-4992.286207487327,-4783.118977629151,199.9792575903768,MISS,Trajectory,0.0
103.0,A1002,A0100,B0100,4098.85462248883,-4971.523533037689,-4726.604182582651,213.82401653427024,MIDCOURSE,Trajectory,0.0
103.0,A2001,A0200,B0100,2857.9525421596218,-2516.5392192633167,-1341.614251518078,476.08739799143103,MIDCOURSE,Trajectory,0.0
103.0,A2002,A0200,B0100,2582.9790685034764,-2216.09180503904,-723.5315082761313,497.31547209659806,MIDCOURSE,Trajectory,0.0
103.2,A1001,A0100,B0100,4072.2440190629345,-4992.286207487327,-4783.118977629151,199.9792575903768,MISS,Trajectory,0.0
103.2,A1002,A0100,B0100,4090.667613503781,-4988.162164157797,-4764.69281560706,209.53397518099524,MIDCOURSE,Trajectory,0.0
103.2,A2001,A0200,B0100,2908.702495023702,-2561.527042907756,-1408.1065054041148,473.4675371721462,MIDCOURSE,Trajectory,0.0
103.2,A2002,A0200,B0100,2640.508706735147,-2261.707510559242,-790.2765882804001,494.7058553565413,MIDCOURSE,Trajectory,0.0
103.4,A1001,A0100,B0100,4072.2440190629345,-4992.286207487327,-4783.118977629151,199.9792575903768,MISS,Trajectory,0.0
103.4,A1002,A0100,B0100,4081.134787469805,-5003.375719366576,-4802.144433935125,205.5404361949559,MIDCOURSE,Trajectory,0.0
103.4,A2001,A0200,B0100,2958.4460519219,-2606.5077975587146,-1474.6155570101653,470.83129996321884,MIDCOURSE,Trajectory,0.0
103.4,A2002,A0200,B0100,2697.0351894522623,-2307.3513203956363,-857.0839922985315,492.0836810959329,MIDCOURSE,Trajectory,0.0
103.60000000000001,A1001,A0100,B0100,4072.2440190629345,-4992.286207487327,-4783.118977629151,199.9792575903768,MISS,Trajectory,0.0
103.60000000000001,A1002,A0100,B0100,4070.4585822922872,-5017.117248039612,-4839.003612569925,201.83197005566745,MIDCOURSE,Trajectory,0.0
103.60000000000001,A2001,A0200,B0100,3007.176516286985,-2651.4763272954156,-1541.1339704396432,468.17773185678067,MIDCOURSE,Trajectory,0.0
103.60000000000001,A2002,A0200,B0100,2752.552389485834,-2353.0190433854023,-923.9468487413983,489.4481570297876,MIDCOURSE,Trajectory,0.0
103.80000000000001,A1001,A0100,B0100,4072.2440190629345,-4992.286207487327,-4783.118977629151,199.9792575903768,MISS,Trajectory,0.0
103.80000000000001,A1002,A0100,B0100,4063.7808414424335,-5024.443608120833,-4860.248482206687,199.79590488595122,MISS,Trajectory,0.0
103.80000000000001,A2001,A0200,B0100,3054.8869915606265,-2696.42724493763,-1607.6541112481218,465.50584125839407,MIDCOURSE,Trajectory,0.0
103.80000000000001,A2002,A0200,B0100,2807.0540020155304,-2398.706311566871,-990.8581213913222,486.79846081359705,MIDCOURSE,Trajectory,0.0
104.0,A1001,A0100,B0100,4072.2440190629345,-4992.286207487327,-4783.118977629151,199.9792575903768,MISS,Trajectory,0.0
104.0,A1002,A0100,B0100,4063.7808414424335,-5024.443608120833,-4860.248482206687,199.79590488595122,MISS,Trajectory,0.0
104.0,A2001,A0200,B0100,3101.5703766784195,-2741.354916508053,-1674.1681379543525,462.81459860089916,MIDCOURSE,Trajectory,0.0
104.0,A2002,A0200,B0100,2860.533539962842,-2444.4085687522993,-1057.8106025973611,484.1337391763253,MIDCOURSE,Trajectory,0.0
104.2,A1001,A0100,B0100,4072.2440190629345,-4992.286207487327,-4783.118977629151,199.9792575903768,MISS,Trajectory,0.0
104.2,A1002,A0100,B0100,4063.7808414424335,-5024.443608120833,-4860.248482206687,199.79590488595122,MISS,Trajectory,0.0
104.2,A2001,A0200,B0100,3147.2193618655924,-2786.2534445101996,-1740.6679932903735,460.10293557526376,MIDCOURSE,Trajectory,0.0
104.2,A2002,A0200,B0100,2912.9843294996217,-2490.1210582531953,-1124.7969062363602,481.45310710746867,MIDCOURSE,Trajectory,0.0
104.4,A1001,A0100,B0100,4072.2440190629345,-4992.286207487327,-4783.118977629151,199.9792575903768,MISS,Trajectory,0.0
104.4,A1002,A0100,B0100,4063.7808414424335,-5024.443608120833,-4860.248482206687,199.79590488595122,MISS,Trajectory,0.0
104.4,A2001,A0200,B0100,3191.8264248323812,-2831.1166499326077,-1807.1453952081474,457.3697445087505,MIDCOURSE,Trajectory,0.0
104.4,A2002,A0200,B0100,2964.3995057217894,-2535.8388096946296,-1191.8094604460566,478.7556471148381,MIDCOURSE,Trajectory,0.0
104.60000000000001,A1001,A0100,B0100,4072.2440190629345,-4992.286207487327,-4783.118977629151,199.9792575903768,MISS,Trajectory,0.0
104.60000000000001,A1002,A0100,B0100,4063.7808414424335,-5024.443608120833,-4860.248482206687,199.79590488595122,MISS,Trajectory,0.0
104.60000000000001,A2001,A0200,B0100,3235.3838274726563,-2875.9380528851443,-1873.5918276659618,454.6138779254758,MIDCOURSE,Trajectory,0.0
104.60000000000001,A2002,A0200,B0100,3014.7720085462333,-2581.5566248509217,-1258.840500139614,476.0404085723751,MIDCOURSE,Trajectory,0.0
104.80000000000001,A1001,A0100,B0100,4072.2440190629345,-4992.286207487327,-4783.118977629151,199.9792575903768,MISS,Trajectory,0.0
104.80000000000001,A1002,A0100,B0100,4063.7808414424335,-5024.443608120833,-4860.248482206687,199.79590488595122,MISS,Trajectory,0.0
104.80000000000001,A2001,A0200,B0100,3277.8836131859125,-2920.71085176851,-1939.998531224594,451.83414832973824,MIDCOURSE,Trajectory,0.0
104.80000000000001,A2002,A0200,B0100,3064.0945788983563,-2627.2690624310862,-1325.88205931459,473.30640718026393,MIDCOURSE,Trajectory,0.0
105.0,A1001,A0100,B0100,4072.2440190629345,-4992.286207487327,-4783.118977629151,199.9792575903768,MISS,Trajectory,0.0
105.0,A1002,A0100,B0100,4063.7808414424335,-5024.443608120833,-4860.248482206687,199.79590488595122,MISS,Trajectory,0.0
105.0,A2001,A0200,B0100,3319.317604961573,-2965.4279008737226,-2006.3564934911046,449.0293282583819,MIDCOURSE,Trajectory,0.0
105.0,A2002,A0200,B0100,3112.359755268375,-2672.9704217384124,-1392.925963173563,470.55262456292036,MIDCOURSE,Trajectory,0.0
105.2,A1001,A0100,B0100,4072.2440190629345,-4992.286207487327,-4783.118977629151,199.9792575903768,MISS,Trajectory,0.0
105.2,A1002,A0100,B0100,4063.7808414424335,-5024.443608120833,-4860.248482206687,199.79590488595122,MISS,Trajectory,0.0
105.2,A2001,A0200,B0100,3359.6774043857417,-3010.081686304735,-2072.656439457208,446.1981506549224,MIDCOURSE,Trajectory,0.0
105.2,A2002,A0200,B0100,3159.559870726515,-2718.6547251247134,-1459.9638200785525,467.77800803409207,MIDCOURSE,Trajectory,0.0
105.4,A1001,A0100,B0100,4072.2440190629345,-4992.286207487327,-4783.118977629151,199.9792575903768,MISS,Trajectory,0.0
105.4,A1002,A0100,B0100,4063.7808414424335,-5024.443608120833,-4860.248482206687,199.79590488595122,MISS,Trajectory,0.0
105.4,A2001,A0200,B0100,3398.954391754461,-3054.664300114588,-2138.888821789597,443.3393096252124,MIDCOURSE,Trajectory,0.0
105.4,A2002,A0200,B0100,3205.687050500891,-2764.3156991561596,-1526.987013367012,464.9814705623568,MIDCOURSE,Trajectory,0.0
105.60000000000001,A1001,A0100,B0100,4072.2440190629345,-4992.286207487327,-4783.118977629151,199.9792575903768,MISS,Trajectory,0.0
105.60000000000001,A1002,A0100,B0100,4063.7808414424335,-5024.443608120833,-4860.248482206687,199.79590488595122,MISS,Trajectory,0.0
105.60000000000001,A2001,A0200,B0100,3437.1397275043323,-3099.167412544022,-2205.043811141543,440.4514616420105,MIDCOURSE,Trajectory,0.0
105.60000000000001,A2002,A0200,B0100,3250.7332102371206,-2809.9467544043746,-1593.9866930636829,462.16189097470715,MIDCOURSE,Trajectory,0.0
105.80000000000001,A1001,A0100,B0100,4072.2440190629345,-4992.286207487327,-4783.118977629151,199.9792575903768,MISS,Trajectory,0.0
105.80000000000001,A1002,A0100,B0100,4063.7808414424335,-5024.443608120833,-4860.248482206687,199.79590488595122,MISS,Trajectory,0.0
105.80000000000001,A2001,A0200,B0100,3474.224355201224,-3143.582242251651,-2271.1112865686023,437.53322727388814,MIDCOURSE,Trajectory,0.0
105.80000000000001,A2002,A0200,B0100,3294.6900550758896,-2855.5409637738107,-1660.9537675300041,459.3181144407262,MIDCOURSE,Trajectory,0.0
106.0,A1001,A0100,B0100,4072.2440190629345,-4992.286207487327,-4783.118977629151,199.9792575903768,MISS,Trajectory,0.0
106.0,A1002,A0100,B0100,4063.7808414424335,-5024.443608120833,-4860.248482206687,199.79590488595122,MISS,Trajectory,0.0
106.0,A2001,A0200,B0100,3510.199006360993,-3187.8995244271227,-2337.0808261465436,434.58319352236566,MIDCOURSE,Trajectory,0.0
106.0,A2002,A0200,B0100,3337.549079703845,-2901.0910392745145,-1727.8788951012154,456.44895328500013,MIDCOURSE,Trajectory,0.0
106.2,A1001,A0100,B0100,4072.2440190629345,-4992.286207487327,-4783.118977629151,199.9792575903768,MISS,Trajectory,0.0
106.2,A1002,A0100,B0100,4063.7808414424335,-5024.443608120833,-4860.248482206687,199.79590488595122,MISS,Trajectory,0.0
106.2,A2001,A0200,B0100,3545.0542074127234,-3232.109476683781,-2402.9416979067096,431.5999168598183,MIDCOURSE,Trajectory,0.0
106.2,A2002,A0200,B0100,3379.3015695544723,-2946.589307148467,-1794.752475770811,453.5531881808971,MIDCOURSE,Trajectory,0.0
106.4,A1001,A0100,B0100,4072.2440190629345,-4992.286207487327,-4783.118977629151,199.9792575903768,MISS,Trajectory,0.0
106.4,A1002,A0100,B0100,4063.7808414424335,-5024.443608120833,-4860.248482206687,199.79590488595122,MISS,Trajectory,0.0
106.4,A2001,A0200,B0100,3578.78028915505,-3276.2017626358374,-2468.6828512230445,428.58192706935995,MIDCOURSE,Trajectory,0.0
106.4,A2002,A0200,B0100,3419.9386033591927,-2992.027681258195,-1861.5646429927187,450.62956978458703,MIDCOURSE,Trajectory,0.0
106.60000000000001,A1001,A0100,B0100,4072.2440190629345,-4992.286207487327,-4783.118977629151,199.9792575903768,MISS,Trajectory,0.0
106.60000000000001,A1002,A0100,B0100,4063.7808414424335,-5024.443608120833,-4860.248482206687,199.79590488595122,MISS,Trajectory,0.0
106.60000000000001,A2001,A0200,B0100,3611.3673990996544,-3320.1654530778533,-2534.2929088059464,425.52773199623573,MIDCOURSE,Trajectory,0.0
106.60000000000001,A2002,A0200,B0100,3459.451057274878,-3037.3976346483987,-1928.3052556835203,447.6768208740794,MIDCOURSE,Trajectory,0.0
106.80000000000001,A1001,A0100,B0100,4072.2440190629345,-4992.286207487327,-4783.118977629151,199.9792575903768,MISS,Trajectory,0.0
106.80000000000001,A1002,A0100,B0100,4063.7808414424335,-5024.443608120833,-4860.248482206687,199.79590488595122,MISS,Trajectory,0.0
106.80000000000001,A2001,A0200,B0100,3642.8055171428077,-3363.988984702306,-2599.7601594809616,422.4358233278681,MIDCOURSE,Trajectory,0.0
106.80000000000001,A2002,A0200,B0100,3497.8296108423688,-3082.6901691956773,-1994.963890520306,444.6936390640362,MIDCOURSE,Trajectory,0.0
107.0,A1001,A0100,B0100,4072.2440190629345,-4992.286207487327,-4783.118977629151,199.9792575903768,MISS,Trajectory,0.0
107.0,A1002,A0100,B0100,4063.7808414424335,-5024.443608120833,-4860.248482206687,199.79590488595122,MISS,Trajectory,0.0
107.0,A2001,A0200,B0100,3673.0844750555816,-3407.6601163152404,-2665.072551954992,419.3046835260829,MIDCOURSE,Trajectory,0.0
107.0,A2002,A0200,B0100,3535.064755061458,-3127.895783268295,-2061.5298346443337,441.67870017294314,MIDCOURSE,Trajectory,0.0
107.2,A1001,A0100,B0100,4072.2440190629345,-4992.286207487327,-4783.118977629151,199.9792575903768,MISS,Trajectory,0.0
107.2,A1002,A0100,B0100,4063.7808414424335,-5024.443608120833,-4860.248482206687,199.79590488595122,MISS,Trajectory,0.0
107.2,A2001,A0200,B0100,3702.193980335497,-3451.1658825417626,-2730.2176897989125,416.1327940395307,MIDCOURSE,Trajectory,0.0
107.2,A2002,A0200,B0100,3571.146802901089,-3173.0044373280402,-2127.9920788966087,438.63066232471846,MIDCOURSE,Trajectory,0.0
107.4,A1001,A0100,B0100,4072.2440190629345,-4992.286207487327,-4783.118977629151,199.9792575903768,MISS,Trajectory,0.0
107.4,A1002,A0100,B0100,4063.7808414424335,-5024.443608120833,-4860.248482206687,199.79590488595122,MISS,Trajectory,0.0
107.4,A2001,A0200,B0100,3730.1236450160604,-3494.4925450536566,-2795.182827902994,412.9186449261907,MIDCOURSE,Trajectory,0.0
107.4,A2002,A0200,B0100,3606.0659025990276,-3218.005517420263,-2194.3393117287196,435.5481708717137,MIDCOURSE,Trajectory,0.0
107.60000000000001,A1001,A0100,B0100,4072.2440190629345,-4992.286207487327,-4783.118977629151,199.9792575903768,MISS,Trajectory,0.0
107.60000000000001,A1002,A0100,B0100,4063.7808414424335,-5024.443608120833,-4860.248482206687,199.79590488595122,MISS,Trajectory,0.0
107.60000000000001,A2001,A0200,B0100,3756.8630200847724,-3537.625541402201,-2859.954870689763,409.66074601413595,MIDCOURSE,Trajectory,0.0
107.60000000000001,A2002,A0200,B0100,3639.8120541428425,-3262.887796516779,-2260.55991395069,432.429864229933,MIDCOURSE,Trajectory,0.0
107.80000000000001,A1001,A0100,B0100,4072.2440190629345,-4992.286207487327,-4783.118977629151,199.9792575903768,MISS,Trajectory,0.0
107.80000000000001,A1002,A0100,B0100,4063.7808414424335,-5024.443608120833,-4860.248482206687,199.79590488595122,MISS,Trajectory,0.0
107.80000000000001,A2001,A0200,B0100,3782.401636213149,-3580.5494316018317,-2924.5203723972872,406.35763972245064,MIDCOURSE,Trajectory,0.0
107.80000000000001,A2002,A0200,B0100,3672.375129363117,-3307.639393700487,-2326.641954497061,429.27438071978213,MIDCOURSE,Trajectory,0.0
108.0,A1001,A0100,B0100,4072.2440190629345,-4992.286207487327,-4783.118977629151,199.9792575903768,MISS,Trajectory,0.0
108.0,A1002,A0100,B0100,4063.7808414424335,-5024.443608120833,-4860.248482206687,199.79590488595122,MISS,Trajectory,0.0
108.0,A2001,A0200,B0100,3806.7290515520726,-3623.2478426861358,-2988.8655397733983,403.00791565215826,MIDCOURSE,Trajectory,0.0
108.0,A2002,A0200,B0100,3703.744896109938,-3352.247731211049,-2392.573187412663,426.08036650622876,MIDCOURSE,Trajectory,0.0
108.2,A1001,A0100,B0100,4072.2440190629345,-4992.286207487327,-4783.118977629151,199.9792575903768,MISS,Trajectory,0.0
108.2,A1002,A0100,B0100,4063.7808414424335,-5024.443608120833,-4860.248482206687,199.79590488595122,MISS,Trajectory,0.0
108.2,A2001,A0200,B0100,3829.834907389909,-3665.703411548356,-3052.976237546967,399.6102270380102,MIDCOURSE,Trajectory,0.0
108.2,A2002,A0200,B0100,3733.911047023955,-3396.699489408895,-2458.3410502801844,422.846484730315,MIDCOURSE,Trajectory,0.0
108.4,A1001,A0100,B0100,4072.2440190629345,-4992.286207487327,-4783.118977629151,199.9792575903768,MISS,Trajectory,0.0
108.4,A1002,A0100,B0100,4063.7808414424335,-5024.443608120833,-4860.248482206687,199.79590488595122,MISS,Trajectory,0.0
108.4,A2001,A0200,B0100,3851.7089925061046,-3707.8977264853766,-3116.8379970646442,396.1633091247705,MIDCOURSE,Trajectory,0.0
108.4,A2002,A0200,B0100,3762.863233452689,-3440.9805597611394,-2523.9326643322775,419.57142591889294,MIDCOURSE,Trajectory,0.0
108.60000000000001,A1001,A0100,B0100,4072.2440190629345,-4992.286207487327,-4783.118977629151,199.9792575903768,MISS,Trajectory,0.0
108.60000000000001,A1002,A0100,B0100,4063.7808414424335,-5024.443608120833,-4860.248482206687,199.79590488595122,MISS,Trajectory,0.0
108.60000000000001,A2001,A0200,B0100,3872.3413170757694,-3749.811267988278,-3180.436028498846,392.6659994950436,MIDCOURSE,Trajectory,0.0
108.60000000000001,A2002,A0200,B0100,3790.5911050998625,-3485.075996008799,-2589.3348365109246,416.2539197504985,MIDCOURSE,Trajectory,0.0
108.80000000000001,A1001,A0100,B0100,4072.2440190629345,-4992.286207487327,-4783.118977629151,199.9792575903768,MISS,Trajectory,0.0
108.80000000000001,A1002,A0100,B0100,4063.7808414424335,-5024.443608120833,-4860.248482206687,199.79590488595122,MISS,Trajectory,0.0
108.80000000000001,A2001,A0200,B0100,3891.7221969867865,-3791.4233494645905,-3243.7552370432454,389.1172603287518,MIDCOURSE,Trajectory,0.0
108.80000000000001,A2002,A0200,B0100,3817.0843560286326,-3528.9699637409535,-2654.5340637553295,412.8927482417076,MIDCOURSE,Trajectory,0.0
109.0,A1001,A0100,B0100,4072.2440190629345,-4992.286207487327,-4783.118977629151,199.9792575903768,MISS,Trajectory,0.0
109.0,A1002,A0100,B0100,4063.7808414424335,-5024.443608120833,-4860.248482206687,199.79590488595122,MISS,Trajectory,0.0
109.0,A2001,A0200,B0100,3909.842349415344,-3832.712058737523,-3306.7802435136236,385.51620251644215,MIDCOURSE,Trajectory,0.0
109.0,A2002,A0200,B0100,3842.332777666787,-3572.6456886792016,-2719.5165398159043,409.4867603993825,MIDCOURSE,Trajectory,0.0
109.2,A1001,A0100,B0100,4072.2440190629345,-4992.286207487327,-4783.118977629151,199.9792575903768,MISS,Trajectory,0.0
109.2,A1002,A0100,B0100,4063.7808414424335,-5024.443608120833,-4860.248482206687,199.79590488595122,MISS,Trajectory,0.0
109.2,A2001,A0200,B0100,3926.693000463327,-3873.6542013449866,-3369.4954097623117,381.8621114795457,MIDCOURSE,Trajectory,0.0
109.2,A2002,A0200,B0100,3866.326319480624,-3616.085404065635,-2784.268164904761,406.0348883591892,MIDCOURSE,Trajectory,0.0
109.4,A1001,A0100,B0100,4072.2440190629345,-4992.286207487327,-4783.118977629151,199.9792575903768,MISS,Trajectory,0.0
109.4,A1002,A0100,B0100,4063.7808414424335,-5024.443608120833,-4860.248482206687,199.79590488595122,MISS,Trajectory,0.0
109.4,A2001,A0200,B0100,3942.2660055859146,-3914.225246854613,-3431.884869291326,378.1544744711155,MIDCOURSE,Trajectory,0.0
109.4,A2002,A0200,B0100,3889.055157991768,-3659.2702976502055,-2848.7745585014095,402.53616499909884,MIDCOURSE,Trajectory,0.0
109.60000000000001,A1001,A0100,B0100,4072.2440190629345,-4992.286207487327,-4783.118977629151,199.9792575903768,MISS,Trajectory,0.0
109.60000000000001,A1002,A0100,B0100,4063.7808414424335,-5024.443608120833,-4860.248482206687,199.79590488595122,MISS,Trajectory,0.0
109.60000000000001,A2001,A0200,B0100,3956.5539834246288,-3954.399279617193,-3493.9325634105026,374.393009041835,MIDCOURSE,Trajectory,0.0
109.60000000000001,A2002,A0200,B0100,3910.509774804332,-3702.1804588888554,-2913.0210756346814,398.9897429778463,MIDCOURSE,Trajectory,0.0
109.80000000000001,A1001,A0100,B0100,4072.2440190629345,-4992.286207487327,-4783.118977629151,199.9792575903768,MISS,Trajectory,0.0
109.80000000000001,A1002,A0100,B0100,4063.7808414424335,-5024.443608120833,-4860.248482206687,199.79590488595122,MISS,Trajectory,0.0
109.80000000000001,A2001,A0200,B0100,3969.550463504285,-3994.1489555959606,-3555.6222832304575,370.5776922607531,MIDCOURSE,Trajectory,0.0
109.80000000000001,A2002,A0200,B0100,3930.6810442852325,-3744.794827091982,-2976.9928269567913,395.3949151024415,MIDCOURSE,Trajectory,0.0
110.0,A1001,A0100,B0100,4072.2440190629345,-4992.286207487327,-4783.118977629151,199.9792575903768,MISS,Trajectory,0.0
110.0,A1002,A0100,B0100,4063.7808414424335,-5024.443608120833,-4860.248482206687,199.79590488595122,MISS,Trajectory,0.0
110.0,A2001,A0200,B0100,3981.250048047275,-4033.4454671270323,-3616.937717704581,366.7087901818709,MIDCOURSE,Trajectory,0.0
110.0,A2002,A0200,B0100,3949.5603314944938,-3787.0911414027205,-3040.6747029114636,391.7511358760766,MIDCOURSE,Trajectory,0.0
110.2,A1001,A0100,B0100,4072.2440190629345,-4992.286207487327,-4783.118977629151,199.9792575903768,MISS,Trajectory,0.0
110.2,A1002,A0100,B0100,4063.7808414424335,-5024.443608120833,-4860.248482206687,199.79590488595122,MISS,Trajectory,0.0
110.2,A2001,A0200,B0100,3991.648587901395,-4072.2585176796397,-3677.8625078387763,362.78688695119683,MIDCOURSE,Trajectory,0.0
110.2,A2002,A0200,B0100,3967.1396008912902,-3829.045893634652,-3104.051402273716,388.05804401894125,MIDCOURSE,Trajectory,0.0
110.4,A1001,A0100,B0100,4072.2440190629345,-4992.286207487327,-4783.118977629151,199.9792575903768,MISS,Trajectory,0.0
110.4,A1002,A0100,B0100,4063.7808414424335,-5024.443608120833,-4860.248482206687,199.79590488595122,MISS,Trajectory,0.0
110.4,A2001,A0200,B0100,4000.7433722660194,-4110.556308884673,-3738.3803070723507,358.8129128600869,MIDCOURSE,Trajectory,0.0
110.4,A2002,A0200,B0100,3983.411536241675,-3870.6342851563877,-3167.10746530289,384.315485690907,MIDCOURSE,Trajectory,0.0
110.60000000000001,A1001,A0100,B0100,4072.2440190629345,-4992.286207487327,-4783.118977629151,199.9792575903768,MISS,Trajectory,0.0
110.60000000000001,A1002,A0100,B0100,4063.7808414424335,-5024.443608120833,-4860.248482206687,199.79590488595122,MISS,Trajectory,0.0
110.60000000000001,A2001,A0200,B0100,4008.5333315354815,-4148.305542275693,-3798.4748476997033,354.7881705762591,MIDCOURSE,Trajectory,0.0
110.60000000000001,A2002,A0200,B0100,3998.369672022111,-3911.8301891727156,-3229.82731170176,380.52353807879666,MIDCOURSE,Trajectory,0.0
110.80000000000001,A1001,A0100,B0100,4072.2440190629345,-4992.286207487327,-4783.118977629151,199.9792575903768,MISS,Trajectory,0.0
110.80000000000001,A1002,A0100,B0100,4063.7808414424335,-5024.443608120833,-4860.248482206687,199.79590488595122,MISS,Trajectory,0.0
110.80000000000001,A2001,A0200,B0100,4015.019252160334,-4185.471438326412,-3858.130013052864,350.7143587308894,MIDCOURSE,Trajectory,0.0
110.80000000000001,A2002,A0200,B0100,4012.008536446247,-3952.6061199142387,-3292.195283512433,376.682532944687,MIDCOURSE,Trajectory,0.0
111.0,A1001,A0100,B0100,4072.2440190629345,-4992.286207487327,-4783.118977629151,199.9792575903768,MISS,Trajectory,0.0
111.0,A1002,A0100,B0100,4063.7808414424335,-5024.443608120833,-4860.248482206687,199.79590488595122,MISS,Trajectory,0.0
111.0,A2001,A0200,B0100,4020.2040019616625,-4222.017775459794,-3917.329915003412,346.593592015554,MIDCOURSE,Trajectory,0.0
111.0,A2002,A0200,B0100,4024.3238060389153,-3992.9332104042387,-3354.1956930039446,372.79307966874774,MIDCOURSE,Trajectory,0.0
111.2,A1001,A0100,B0100,4072.2440190629345,-4992.286207487327,-4783.118977629151,199.9792575903768,MISS,Trajectory,0.0
111.2,A1002,A0100,B0100,4063.7808414424335,-5024.443608120833,-4860.248482206687,199.79590488595122,MISS,Trajectory,0.0
111.2,A2001,A0200,B0100,4024.0927638287967,-4257.906951733589,-3976.0589761742954,342.4284169524539,MIDCOURSE,Trajectory,0.0
111.2,A2002,A0200,B0100,4035.3124714401556,-4032.781200616516,-3415.8128755176067,368.8560872643457,MIDCOURSE,Trajectory,0.0
111.4,A1001,A0100,B0100,4072.2440190629345,-4992.286207487327,-4783.118977629151,199.9792575903768,MISS,Trajectory,0.0
111.4,A1002,A0100,B0100,4063.7808414424335,-5024.443608120833,-4860.248482206687,199.79590488595122,MISS,Trajectory,0.0
111.4,A2001,A0200,B0100,4026.6932751973895,-4293.1000718622345,-4034.3020160840415,338.22182254976036,MIDCOURSE,Trajectory,0.0
111.4,A2002,A0200,B0100,4044.973013843629,-4072.118437963805,-3477.031247135334,364.87278479873527,MIDCOURSE,Trajectory,0.0
111.60000000000001,A1001,A0100,B0100,4072.2440190629345,-4992.286207487327,-4783.118977629151,199.9792575903768,MISS,Trajectory,0.0
111.60000000000001,A1002,A0100,B0100,4063.7808414424335,-5024.443608120833,-4860.248482206687,199.79590488595122,MISS,Trajectory,0.0
111.60000000000001,A2001,A0200,B0100,4028.0160701566774,-4327.557062104273,-4092.044340285243,333.97724514311136,MIDCOURSE,Trajectory,0.0
111.60000000000001,A2002,A0200,B0100,4053.30559116008,-4110.911892155077,-3537.8353669254975,360.84473962388677,MIDCOURSE,Trajectory,0.0
111.80000000000001,A1001,A0100,B0100,4072.2440190629345,-4992.286207487327,-4783.118977629151,199.9792575903768,MISS,Trajectory,0.0
111.80000000000001,A1002,A0100,B0100,4063.7808414424335,-5024.443608120833,-4860.248482206687,199.79590488595122,MISS,Trajectory,0.0
111.80000000000001,A2001,A0200,B0100,4028.074720487803,-4361.236815317116,-4149.271831413873,329.6985668534982,MIDCOURSE,Trajectory,0.0
111.80000000000001,A2002,A0200,B0100,4060.312232651288,-4149.127186523145,-3598.2100034031887,356.7738728128368,MIDCOURSE,Trajectory,0.0
112.0,A1001,A0100,B0100,4072.2440190629345,-4992.286207487327,-4783.118977629151,199.9792575903768,MISS,Trajectory,0.0
112.0,A1002,A0100,B0100,4063.7808414424335,-5024.443608120833,-4860.248482206687,199.79590488595122,MISS,Trajectory,0.0
112.0,A2001,A0200,B0100,4026.8860714073417,-4394.097368149677,-4205.971040943678,325.39010725711114,MIDCOURSE,Trajectory,0.0
112.0,A2002,A0200,B0100,4065.9970404086757,-4186.728647942804,-3658.1402047207935,352.6624712107116,MIDCOURSE,Trajectory,0.0
112.2,A1001,A0100,B0100,4072.2440190629345,-4992.286207487327,-4783.118977629151,199.9792575903768,MISS,Trajectory,0.0
112.2,A1002,A0100,B0100,4063.7808414424335,-5024.443608120833,-4860.248482206687,199.79590488595122,MISS,Trajectory,0.0
112.2,A2001,A0200,B0100,4024.4704673008996,-4426.096111902831,-4262.129280347705,321.0566080571574,MIDCOURSE,Trajectory,0.0
112.2,A2002,A0200,B0100,4070.366395660784,-4223.679377426011,-3717.6113719848063,348.5131955485042,MIDCOURSE,Trajectory,0.0
112.4,A1001,A0100,B0100,4072.2440190629345,-4992.286207487327,-4783.118977629151,199.9792575903768,MISS,Trajectory,0.0
112.4,A1002,A0100,B0100,4063.7808414424335,-5024.443608120833,-4860.248482206687,199.79590488595122,MISS,Trajectory,0.0
112.4,A2001,A0200,B0100,4020.8519623006537,-4457.190038036259,-4317.734710312687,316.7032107615561,MIDCOURSE,Trajectory,0.0
112.4,A2002,A0200,B0100,4073.4291674940996,-4259.9413433864775,-3776.6093349807265,344.3290841326269,MIDCOURSE,Trajectory,0.0
112.60000000000001,A1001,A0100,B0100,4072.2440190629345,-4992.286207487327,-4783.118977629151,199.9792575903768,MISS,Trajectory,0.0
112.60000000000001,A1002,A0100,B0100,4063.7808414424335,-5024.443608120833,-4860.248482206687,199.79590488595122,MISS,Trajectory,0.0
112.60000000000001,A2001,A0200,B0100,4016.0585102078003,-4487.336018639817,-4372.77642663564,312.3354275921508,MIDCOURSE,Trajectory,0.0
112.60000000000001,A2002,A0200,B0100,4075.196921172542,-4295.475499404895,-3835.1204294846502,340.1135517133385,MIDCOURSE,Trajectory,0.0
112.80000000000001,A1001,A0100,B0100,4072.2440190629345,-4992.286207487327,-4783.118977629151,199.9792575903768,MISS,Trajectory,0.0
112.80000000000001,A1002,A0100,B0100,4063.7808414424335,-5024.443608120833,-4860.248482206687,199.79590488595122,MISS,Trajectory,0.0
112.80000000000001,A2001,A0200,B0100,4010.122128005493,-4516.491121423785,-4427.244541457402,307.95910606816113,MIDCOURSE,Trajectory,0.0
112.80000000000001,A2002,A0200,B0100,4075.684122853887,-4330.241928092611,-3893.1315752527553,335.8703832477517,MIDCOURSE,Trajectory,0.0
113.0,A1001,A0100,B0100,4072.2440190629345,-4992.286207487327,-4783.118977629151,199.9792575903768,MISS,Trajectory,0.0
113.0,A1002,A0100,B0100,4063.7808414424335,-5024.443608120833,-4860.248482206687,199.79590488595122,MISS,Trajectory,0.0
113.0,A2001,A0200,B0100,4003.079027068273,-4544.612957924795,-4481.130258554539,303.5803879067026,MIDCOURSE,Trajectory,0.0
113.0,A2002,A0200,B0100,4074.908337138659,-4364.200012342087,-3950.630353712725,331.60372240385436,MIDCOURSE,Trajectory,0.0
113.2,A1001,A0100,B0100,4072.2440190629345,-4992.286207487327,-4783.118977629151,199.9792575903768,MISS,Trajectory,0.0
113.2,A1002,A0100,B0100,4063.7808414424335,-5024.443608120833,-4860.248482206687,199.79590488595122,MISS,Trajectory,0.0
113.2,A2001,A0200,B0100,3994.9697061675656,-4571.660062686375,-4534.425941516533,299.2056630554298,MIDCOURSE,Trajectory,0.0
113.2,A2002,A0200,B0100,4072.890413561401,-4397.308634865818,-4007.6050843379535,327.31805479499076,MIDCOURSE,Trajectory,0.0
113.4,A1001,A0100,B0100,4072.2440190629345,-4992.286207487327,-4783.118977629151,199.9792575903768,MISS,Trajectory,0.0
113.4,A1002,A0100,B0100,4063.7808414424335,-5024.443608120833,-4860.248482206687,199.79590488595122,MISS,Trajectory,0.0
113.4,A2001,A0200,B0100,3985.839000515287,-4597.592300172514,-4587.125173774311,294.84151980797384,MIDCOURSE,Trajectory,0.0
113.4,A2002,A0200,B0100,4069.6546578583393,-4429.526406461556,-4064.0448986687784,323.0181860825887,MIDCOURSE,Trajectory,0.0
113.60000000000001,A1001,A0100,B0100,4072.2440190629345,-4992.286207487327,-4783.118977629151,199.9792575903768,MISS,Trajectory,0.0
113.60000000000001,A1002,A0100,B0100,4063.7808414424335,-5024.443608120833,-4860.248482206687,199.79590488595122,MISS,Trajectory,0.0
113.60000000000001,A2001,A0200,B0100,3975.736081393136,-4622.371295131003,-4639.222809612988,290.49469204614195,MIDCOURSE,Trajectory,0.0
113.60000000000001,A2002,A0200,B0100,4065.2289836321042,-4460.811922904121,-4119.939810956333,318.70921523112304,MIDCOURSE,Trajectory,0.0
113.80000000000001,A1001,A0100,B0100,4072.2440190629345,-4992.286207487327,-4783.118977629151,199.9792575903768,MISS,Trajectory,0.0
113.80000000000001,A1002,A0100,B0100,4063.7808414424335,-5024.443608120833,-4860.248482206687,199.79590488595122,MISS,Trajectory,0.0
113.80000000000001,A2001,A0200,B0100,3964.7144013958823,-4645.960881066671,-4690.7150154884175,286.1720047012608,MIDCOURSE,Trajectory,0.0
113.80000000000001,A2002,A0200,B0100,4059.6450398954453,-4491.12404975762,-4175.280784443879,314.3965033359842,MIDCOURSE,Trajectory,0.0
114.0,A1001,A0100,B0100,4072.2440190629345,-4992.286207487327,-4783.118977629151,199.9792575903768,MISS,Trajectory,0.0
114.0,A1002,A0100,B0100,4063.7808414424335,-5024.443608120833,-4860.248482206687,199.79590488595122,MISS,Trajectory,0.0
114.0,A2001,A0200,B0100,3952.8315809823603,-4668.327560443203,-4741.599301165762,281.88031853118457,MIDCOURSE,Trajectory,0.0
114.0,A2002,A0200,B0100,4052.938309923527,-4520.422233734519,-4230.0597923662945,310.085638565359,MIDCOURSE,Trajectory,0.0
114.2,A1001,A0100,B0100,4072.2440190629345,-4992.286207487327,-4783.118977629151,199.9792575903768,MISS,Trajectory,0.0
114.2,A1002,A0100,B0100,4063.7808414424335,-5024.443608120833,-4860.248482206687,199.79590488595122,MISS,Trajectory,0.0
114.2,A2001,A0200,B0100,3940.14923288398,-4689.440969240586,-4791.874540400836,277.626475272728,MIDCOURSE,Trajectory,0.0
114.2,A2002,A0200,B0100,4045.148176889523,-4548.666838509729,-4284.26987283808,305.78239785590694,MIDCOURSE,Trajectory,0.0
114.4,A1001,A0100,B0100,4072.2440190629345,-4992.286207487327,-4783.118977629151,199.9792575903768,MISS,Trajectory,0.0
114.4,A1002,A0100,B0100,4063.7808414424335,-5024.443608120833,-4860.248482206687,199.79590488595122,MISS,Trajectory,0.0
114.4,A2001,A0200,B0100,3926.73272196872,-4709.274337592277,-4841.540981083894,273.4172441570875,MIDCOURSE,Trajectory,0.0
114.4,A2002,A0200,B0100,4036.3179519110504,-4575.819502141646,-4337.905176910121,301.492706075013,MIDCOURSE,Trajectory,0.0
114.60000000000001,A1001,A0100,B0100,4072.2440190629345,-4992.286207487327,-4783.118977629151,199.9792575903768,MISS,Trajectory,0.0
114.60000000000001,A1002,A0100,B0100,4063.7808414424335,-5024.443608120833,-4860.248482206687,199.79590488595122,MISS,Trajectory,0.0
114.60000000000001,A2001,A0200,B0100,3912.6508593939548,-4727.804937453832,-4890.60024495411,269.2592706751287,MIDCOURSE,Trajectory,0.0
114.60000000000001,A2002,A0200,B0100,4026.4948604049227,-4601.843512473341,-4390.961009200958,297.2225934075486,MIDCOURSE,Trajectory,0.0
114.80000000000001,A1001,A0100,B0100,4072.2440190629345,-4992.286207487327,-4783.118977629151,199.9792575903768,MISS,Trajectory,0.0
114.80000000000001,A1002,A0100,B0100,4063.7808414424335,-5024.443608120833,-4860.248482206687,199.79590488595122,MISS,Trajectory,0.0
114.80000000000001,A2001,A0200,B0100,3897.9755312917273,-4745.0145076578565,-4939.055317165976,265.1590283577801,MIDCOURSE,Trajectory,0.0
114.80000000000001,A2002,A0200,B0100,4015.7299830427282,-4626.7041961042105,-4443.4338606446345,292.97815174204965,MIDCOURSE,Trajectory,0.0
115.0,A1001,A0100,B0100,4072.2440190629345,-4992.286207487327,-4783.118977629151,199.9792575903768,MISS,Trajectory,0.0
115.0,A1002,A0100,B0100,4063.7808414424335,-5024.443608120833,-4860.248482206687,199.79590488595122,MISS,Trajectory,0.0
115.0,A2001,A0200,B0100,3882.781263793505,-4760.889646333854,-4986.9105261417835,261.12277420178674,MIDCOURSE,Trajectory,0.0
115.0,A2002,A0200,B0100,4004.078148126257,-4650.369315756592,-4495.321433039082,288.76549082131737,MIDCOURSE,Trajectory,0.0
115.2,A1001,A0100,B0100,4072.2440190629345,-4992.286207487327,-4783.118977629151,199.9792575903768,MISS,Trajectory,0.0
115.2,A1002,A0100,B0100,4063.7808414424335,-5024.443608120833,-4860.248482206687,199.79590488595122,MISS,Trajectory,0.0
115.2,A2001,A0200,B0100,3867.1447278857236,-4775.422160559975,-5034.171514274652,257.156508229768,MIDCOURSE,Trajectory,0.0
115.2,A2002,A0200,B0100,3991.5977728637085,-4672.809470137275,-4546.622655221668,284.59069488833853,MIDCOURSE,Trajectory,0.0
115.4,A1001,A0100,B0100,4072.2440190629345,-4992.286207487327,-4783.118977629151,199.9792575903768,MISS,Trajectory,0.0
115.4,A1002,A0100,B0100,4063.7808414424335,-5024.443608120833,-4860.248482206687,199.79590488595122,MISS,Trajectory,0.0
115.4,A2001,A0200,B0100,3851.1441893491346,-4788.609363306262,-5080.845200152389,253.26593753207308,MIDCOURSE,Trajectory,0.0
115.4,A2002,A0200,B0100,3978.350651825548,-4693.9984897371805,-4597.337690837412,280.45978050380205,MIDCOURSE,Trajectory,0.0
115.60000000000001,A1001,A0100,B0100,4072.2440190629345,-4992.286207487327,-4783.118977629151,199.9792575903768,MISS,Trajectory,0.0
115.60000000000001,A1002,A0100,B0100,4063.7808414424335,-5024.443608120833,-4860.248482206687,199.79590488595122,MISS,Trajectory,0.0
115.60000000000001,A2001,A0200,B0100,3834.858910818838,-4800.454308258016,-5126.939733053384,249.4564450013908,MIDCOURSE,Trajectory,0.0
115.60000000000001,A2002,A0200,B0100,3964.4016917894373,-4713.913821452914,-4647.467937796468,276.3786561406042,MIDCOURSE,Trajectory,0.0
115.80000000000001,A1001,A0100,B0100,4072.2440190629345,-4992.286207487327,-4783.118977629151,199.9792575903768,MISS,Trajectory,0.0
115.80000000000001,A1002,A0100,B0100,4063.7808414424335,-5024.443608120833,-4860.248482206687,199.79590488595122,MISS,Trajectory,0.0
115.80000000000001,A2001,A0200,B0100,3818.368514742522,-4810.965953994315,-5172.46444052212,245.73306284338213,MIDCOURSE,Trajectory,0.0
115.80000000000001,A2002,A0200,B0100,3949.8185932380297,-4732.5368944818165,-4697.016019637707,272.3530840781167,MIDCOURSE,Trajectory,0.0
116.0,A1001,A0100,B0100,4072.2440190629345,-4992.286207487327,-4783.118977629151,199.9792575903768,MISS,Trajectory,0.0
116.0,A1002,A0100,B0100,4063.7808414424335,-5024.443608120833,-4860.248482206687,199.79590488595122,MISS,Trajectory,0.0
116.0,A2001,A0200,B0100,3801.7523176376267,-4820.159250247241,-5217.429769864844,242.1004508306113,MIDCOURSE,Trajectory,0.0
116.0,A2002,A0200,B0100,3934.671479936586,-4749.853459668722,-4745.985769122043,268.38864502902015,MIDCOURSE,Trajectory,0.0
116.2,A1001,A0100,B0100,4072.2440190629345,-4992.286207487327,-4783.118977629151,199.9792575903768,MISS,Trajectory,0.0
116.2,A1002,A0100,B0100,4063.7808414424335,-5024.443608120833,-4860.248482206687,199.79590488595122,MISS,Trajectory,0.0
116.2,A2001,A0200,B0100,3785.088647474592,-4828.055140570985,-5261.847224417126,238.56287916460758,MIDCOURSE,Trajectory,0.0
116.2,A2002,A0200,B0100,3919.0324792674837,-4765.853894397675,-4794.382204470936,264.49070583821697,MIDCOURSE,Trajectory,0.0
116.4,A1001,A0100,B0100,4072.2440190629345,-4992.286207487327,-4783.118977629151,199.9792575903768,MISS,Trajectory,0.0
116.4,A1002,A0100,B0100,4063.7808414424335,-5024.443608120833,-4860.248482206687,199.79590488595122,MISS,Trajectory,0.0
116.4,A2001,A0200,B0100,3768.4541571625227,-4834.680477676174,-5305.729295426648,235.1242157230723,MIDCOURSE,Trajectory,0.0
116.4,A2002,A0200,B0100,3902.975257305952,-4780.5334652528,-4842.211498741181,260.6643905002579,MIDCOURSE,Trajectory,0.0
116.60000000000001,A1001,A0100,B0100,4072.2440190629345,-4992.286207487327,-4783.118977629151,199.9792575903768,MISS,Trajectory,0.0
116.60000000000001,A1002,A0100,B0100,4063.7808414424335,-5024.443608120833,-4860.248482206687,199.79590488595122,MISS,Trajectory,0.0
116.60000000000001,A2001,A0200,B0100,3751.9231479092923,-4840.067849881899,-5349.089390368734,231.78791739644058,MIDCOURSE,Trajectory,0.0
116.60000000000001,A2002,A0200,B0100,3886.57451394894,-4793.892541041471,-4889.480942886478,256.91455465174016,MIDCOURSE,Trajectory,0.0
116.80000000000001,A1001,A0100,B0100,4072.2440190629345,-4992.286207487327,-4783.118977629151,199.9792575903768,MISS,Trajectory,0.0
116.80000000000001,A1002,A0100,B0100,4063.7808414424335,-5024.443608120833,-4860.248482206687,199.79590488595122,MISS,Trajectory,0.0
116.80000000000001,A2001,A0200,B0100,3735.566916604077,-4844.255319534271,-5391.941758471557,228.55702516011277,MIDCOURSE,Trajectory,0.0
116.80000000000001,A2002,A0200,B0100,3869.9054447125104,-4805.936749395454,-4936.198903099376,253.24576361053494,MIDCOURSE,Trajectory,0.0
117.0,A1001,A0100,B0100,4072.2440190629345,-4992.286207487327,-4783.118977629151,199.9792575903768,MISS,Trajectory,0.0
117.0,A1002,A0100,B0100,4063.7808414424335,-5024.443608120833,-4860.248482206687,199.79590488595122,MISS,Trajectory,0.0
117.0,A2001,A0200,B0100,3719.4531412757706,-4847.286076745734,-5434.301414175026,225.4341624851603,MIDCOURSE,Trajectory,0.0
117.0,A2002,A0200,B0100,3853.0431770427112,-4816.677071047843,-4982.374773054784,249.66227395616824,MIDCOURSE,Trajectory,0.0
117.2,A1001,A0100,B0100,4072.2440190629345,-4992.286207487327,-4783.118977629151,199.9792575903768,MISS,Trajectory,0.0
117.2,A1002,A0100,B0100,4063.7808414424335,-5024.443608120833,-4860.248482206687,199.79590488595122,MISS,Trajectory,0.0
117.2,A2001,A0200,B0100,3703.6453180863914,-4849.208014319558,-5476.184059184569,222.42153666032516,MIDCOURSE,Trajectory,0.0
117.2,A2002,A0200,B0100,3836.06219008659,-4826.129867020254,-5028.018921689186,246.16801857635102,MIDCOURSE,Trajectory,0.0
117.4,A1001,A0100,B0100,4072.2440190629345,-4992.286207487327,-4783.118977629151,199.9792575903768,MISS,Trajectory,0.0
117.4,A1002,A0100,B0100,4063.7808414424335,-5024.443608120833,-4860.248482206687,199.79590488595122,MISS,Trajectory,0.0
117.4,A2001,A0200,B0100,3688.2022622200284,-4850.073232125897,-5517.606003710847,219.5209425805221,MIDCOURSE,Trajectory,0.0
117.4,A2002,A0200,B0100,3819.03572778866,-4834.316835328209,-5073.142637149271,242.76659504424487,MIDCOURSE,Trajectory,0.0
117.60000000000001,A1001,A0100,B0100,4072.2440190629345,-4992.286207487327,-4783.118977629151,199.9792575903768,MISS,Trajectory,0.0
117.60000000000001,A1002,A0100,B0100,4063.7808414424335,-5024.443608120833,-4860.248482206687,199.79590488595122,MISS,Trajectory,0.0
117.60000000000001,A2001,A0200,B0100,3673.177683448976,-4849.937481374672,-5558.584087411026,216.73376855036196,MIDCOURSE,Trajectory,0.0
117.60000000000001,A2002,A0200,B0100,3802.0352158603364,-4841.264895391751,-5117.758067531298,239.46125713989753,MIDCOURSE,Trajectory,0.0
117.80000000000001,A1001,A0100,B0100,4072.2440190629345,-4992.286207487327,-4783.118977629151,199.9792575903768,MISS,Trajectory,0.0
117.80000000000001,A1002,A0100,B0100,4063.7808414424335,-5024.443608120833,-4860.248482206687,199.79590488595122,MISS,Trajectory,0.0
117.80000000000001,A2001,A0200,B0100,3658.6198451516807,-4848.859561077654,-5599.135600468655,214.06100365370227,MIDCOURSE,Trajectory,0.0
117.80000000000001,A2002,A0200,B0100,3785.1296935677124,-4847.006000078013,-5161.878159009479,236.2549092874427,MIDCOURSE,Trajectory,0.0
118.0,A1001,A0100,B0100,4072.2440190629345,-4992.286207487327,-4783.118977629151,199.9792575903768,MISS,Trajectory,0.0
118.0,A1002,A0100,B0100,4063.7808414424335,-5024.443608120833,-4860.248482206687,199.79590488595122,MISS,Trajectory,0.0
118.0,A2001,A0200,B0100,3644.571313201141,-4846.900680412242,-5639.27820516899,211.50324624982505,MIDCOURSE,Trajectory,0.0
118.0,A2002,A0200,B0100,3768.3852713575084,-4851.576877145581,-5205.516591919883,233.15010364693893,MIDCOURSE,Trajectory,0.0
118.2,A1001,A0100,B0100,4072.2440190629345,-4992.286207487327,-4783.118977629151,199.9792575903768,MISS,Trajectory,0.0
118.2,A1002,A0100,B0100,4063.7808414424335,-5024.443608120833,-4860.248482206687,199.79590488595122,MISS,Trajectory,0.0
118.2,A2001,A0200,B0100,3631.0687985394675,-4844.123801618707,-5679.029858246375,209.06071317110178,MIDCOURSE,Trajectory,0.0
118.2,A2002,A0200,B0100,3751.864625065772,-4855.018703739164,-5248.687715326975,230.1490395757734,MIDCOURSE,Trajectory,0.0
118.4,A1001,A0100,B0100,4072.2440190629345,-4992.286207487327,-4783.118977629151,199.9792575903768,MISS,Trajectory,0.0
118.4,A1002,A0100,B0100,4063.7808414424335,-5024.443608120833,-4860.248482206687,199.79590488595122,MISS,Trajectory,0.0
118.4,A2001,A0200,B0100,3618.143094523074,-4840.592978433982,-5718.408734200486,206.7332492131048,MIDCOURSE,Trajectory,0.0
118.4,A2002,A0200,B0100,3735.626536818,-4857.376719422118,-5291.406480554879,227.25356515879426,MIDCOURSE,Trajectory,0.0
118.60000000000001,A1001,A0100,B0100,4072.2440190629345,-4992.286207487327,-4783.118977629151,199.9792575903768,MISS,Trajectory,0.0
118.60000000000001,A1002,A0100,B0100,4063.7808414424335,-5024.443608120833,-4860.248482206687,199.79590488595122,MISS,Trajectory,0.0
118.60000000000001,A2001,A0200,B0100,3605.8191073912335,-4836.372704872312,-5757.433149699621,204.5203365227694,MIDCOURSE,Trajectory,0.0
118.60000000000001,A2002,A0200,B0100,3719.7254917396886,-4858.699784955418,-5333.688374115834,224.4651804980867,MIDCOURSE,Trajectory,0.0
118.80000000000001,A1001,A0100,B0100,4072.2440190629345,-4992.286207487327,-4783.118977629151,199.9792575903768,MISS,Trajectory,0.0
118.80000000000001,A1002,A0100,B0100,4063.7808414424335,-5024.443608120833,-4860.248482206687,199.79590488595122,MISS,Trajectory,0.0
118.80000000000001,A2001,A0200,B0100,3594.1159756067227,-4831.527288422588,-5796.121489110935,202.42110349958153,MIDCOURSE,Trajectory,0.0
118.80000000000001,A2002,A0200,B0100,3704.211338278196,-4859.039895557378,-5375.54935041594,221.78504245165507,MIDCOURSE,Trajectory,0.0
119.0,A1001,A0100,B0100,4072.2440190629345,-4992.286207487327,-4783.118977629151,199.9792575903768,MISS,Trajectory,0.0
119.0,A1002,A0100,B0100,4063.7808414424335,-5024.443608120833,-4860.248482206687,199.79590488595122,MISS,Trajectory,0.0
119.0,A2001,A0200,B0100,3583.047271460878,-4826.120260491592,-5834.492131118903,200.43433282438448,MIDCOURSE,Trajectory,0.0
119.0,A2002,A0200,B0100,3689.129018334226,-4858.45165863802,-5417.005764563928,219.2139705141552,MIDCOURSE,Trajectory,0.0
119.2,A1001,A0100,B0100,4072.2440190629345,-4992.286207487327,-4783.118977629151,199.9792575903768,MISS,Trajectory,0.0
119.2,A1002,A0100,B0100,4063.7808414424335,-5024.443608120833,-4860.248482206687,199.79590488595122,MISS,Trajectory,0.0
119.2,A2001,A0200,B0100,3580.3803068710727,-4824.688078547749,-5844.037298743643,199.95503738817882,MISS,Trajectory,0.0
119.2,A2002,A0200,B0100,3674.518371574647,-4856.991746935533,-5458.074305553729,216.75245354096953,MIDCOURSE,Trajectory,0.0
119.4,A1001,A0100,B0100,4072.2440190629345,-4992.286207487327,-4783.118977629151,199.9792575903768,MISS,Trajectory,0.0
119.4,A1002,A0100,B0100,4063.7808414424335,-5024.443608120833,-4860.248482206687,199.79590488595122,MISS,Trajectory,0.0
119.4,A2001,A0200,B0100,3580.3803068710727,-4824.688078547749,-5844.037298743643,199.95503738817882,MISS,Trajectory,0.0
119.4,A2002,A0200,B0100,3660.414016321896,-4854.718338545102,-5498.771930036717,214.40065702782292,MIDCOURSE,Trajectory,0.0
119.60000000000001,A1001,A0100,B0100,4072.2440190629345,-4992.286207487327,-4783.118977629151,199.9792575903768,MISS,Trajectory,0.0
119.60000000000001,A1002,A0100,B0100,4063.7808414424335,-5024.443608120833,-4860.248482206687,199.79590488595122,MISS,Trajectory,0.0
119.60000000000001,A2001,A0200,B0100,3580.3803068710727,-4824.688078547749,-5844.037298743643,199.95503738817882,MISS,Trajectory,0.0
119.60000000000001,A2002,A0200,B0100,3646.845307372436,-4851.690555496781,-5539.115796845219,212.15843067007867,MIDCOURSE,Trajectory,0.0
119.80000000000001,A1001,A0100,B0100,4072.2440190629345,-4992.286207487327,-4783.118977629151,199.9792575903768,MISS,Trajectory,0.0
119.80000000000001,A1002,A0100,B0100,4063.7808414424335,-5024.443608120833,-4860.248482206687,199.79590488595122,MISS,Trajectory,0.0
119.80000000000001,A2001,A0200,B0100,3580.3803068710727,-4824.688078547749,-5844.037298743643,199.95503738817882,MISS,Trajectory,0.0
119.80000000000001,A2002,A0200,B0100,3633.8363690754913,-4847.967912303723,-5579.12320237535,210.025315936822,MIDCOURSE,Trajectory,0.0
120.0,A1001,A0100,B0100,4072.2440190629345,-4992.286207487327,-4783.118977629151,199.9792575903768,MISS,Trajectory,0.0
120.0,A1002,A0100,B0100,4063.7808414424335,-5024.443608120833,-4860.248482206687,199.79590488595122,MISS,Trajectory,0.0
120.0,A2001,A0200,B0100,3580.3803068710727,-4824.688078547749,-5844.037298743643,199.95503738817882,MISS,Trajectory,0.0
120.0,A2002,A0200,B0100,3621.4062000902895,-4843.609785280823,-5618.811516884446,208.0005534025489,MIDCOURSE,Trajectory,0.0
120.2,A1001,A0100,B0100,4072.2440190629345,-4992.286207487327,-4783.118977629151,199.9792575903768,MISS,Trajectory,0.0
120.2,A1002,A0100,B0100,4063.7808414424335,-5024.443608120833,-4860.248482206687,199.79590488595122,MISS,Trajectory,0.0
120.2,A2001,A0200,B0100,3580.3803068710727,-4824.688078547749,-5844.037298743643,199.95503738817882,MISS,Trajectory,0.0
120.2,A2002,A0200,B0100,3609.5688445155265,-4838.674912463128,-5658.19812170532,206.0830895810731,MIDCOURSE,Trajectory,0.0
120.4,A1001,A0100,B0100,4072.2440190629345,-4992.286207487327,-4783.118977629151,199.9792575903768,MISS,Trajectory,0.0
120.4,A1002,A0100,B0100,4063.7808414424335,-5024.443608120833,-4860.248482206687,199.79590488595122,MISS,Trajectory,0.0
120.4,A2001,A0200,B0100,3580.3803068710727,-4824.688078547749,-5844.037298743643,199.95503738817882,MISS,Trajectory,0.0
120.4,A2002,A0200,B0100,3598.3336226174406,-4833.220932686713,-5697.300347325334,204.27158299906048,MIDCOURSE,Trajectory,0.0
120.60000000000001,A1001,A0100,B0100,4072.2440190629345,-4992.286207487327,-4783.118977629151,199.9792575903768,MISS,Trajectory,0.0
120.60000000000001,A1002,A0100,B0100,4063.7808414424335,-5024.443608120833,-4860.248482206687,199.79590488595122,MISS,Trajectory,0.0
120.60000000000001,A2001,A0200,B0100,3580.3803068710727,-4824.688078547749,-5844.037298743643,199.95503738817882,MISS,Trajectory,0.0
120.60000000000001,A2002,A0200,B0100,3587.70541322617,-4827.303970899995,-5736.135412220818,202.56440922668477,MIDCOURSE,Trajectory,0.0
120.80000000000001,A1001,A0100,B0100,4072.2440190629345,-4992.286207487327,-4783.118977629151,199.9792575903768,MISS,Trajectory,0.0
120.80000000000001,A1002,A0100,B0100,4063.7808414424335,-5024.443608120833,-4860.248482206687,199.79590488595122,MISS,Trajectory,0.0
120.80000000000001,A2001,A0200,B0100,3580.3803068710727,-4824.688078547749,-5844.037298743643,199.95503738817882,MISS,Trajectory,0.0
120.80000000000001,A2002,A0200,B0100,3577.6849790594283,-4820.978275127482,-5774.7203622739125,200.95966454571348,MIDCOURSE,Trajectory,0.0
121.0,A1001,A0100,B0100,4072.2440190629345,-4992.286207487327,-4783.118977629151,199.9792575903768,MISS,Trajectory,0.0
121.0,A1002,A0100,B0100,4063.7808414424335,-5024.443608120833,-4860.248482206687,199.79590488595122,MISS,Trajectory,0.0
121.0,A2001,A0200,B0100,3580.3803068710727,-4824.688078547749,-5844.037298743643,199.95503738817882,MISS,Trajectory,0.0
121.0,A2002,A0200,B0100,3571.341006994724,-4816.5598783519345,-5800.313023753738,199.94567413755746,MISS,Trajectory,0.0
121.2,A1001,A0100,B0100,4072.2440190629345,-4992.286207487327,-4783.118977629151,199.9792575903768,MISS,Trajectory,0.0
121.2,A1002,A0100,B0100,4063.7808414424335,-5024.443608120833,-4860.248482206687,199.79590488595122,MISS,Trajectory,0.0
121.2,A2001,A0200,B0100,3580.3803068710727,-4824.688078547749,-5844.037298743643,199.95503738817882,MISS,Trajectory,0.0
121.2,A2002,A0200,B0100,3571.341006994724,-4816.5598783519345,-5800.313023753738,199.94567413755746,MISS,Trajectory,0.0
121.4,A1001,A0100,B0100,4072.2440190629345,-4992.286207487327,-4783.118977629151,199.9792575903768,MISS,Trajectory,0.0
121.4,A1002,A0100,B0100,4063.7808414424335,-5024.443608120833,-4860.248482206687,199.79590488595122,MISS,Trajectory,0.0
121.4,A2001,A0200,B0100,3580.3803068710727,-4824.688078547749,-5844.037298743643,199.95503738817882,MISS,Trajectory,0.0
121.4,A2002,A0200,B0100,3571.341006994724,-4816.5598783519345,-5800.313023753738,199.94567413755746,MISS,Trajectory,0.0
121.60000000000001,A1001,A0100,B0100,4072.2440190629345,-4992.286207487327,-4783.118977629151,199.9792575903768,MISS,Trajectory,0.0
121.60000000000001,A1002,A0100,B0100,4063.7808414424335,-5024.443608120833,-4860.248482206687,199.79590488595122,MISS,Trajectory,0.0
121.60000000000001,A2001,A0200,B0100,3580.3803068710727,-4824.688078547749,-5844.037298743643,199.95503738817882,MISS,Trajectory,0.0
121.60000000000001,A2002,A0200,B0100,3571.341006994724,-4816.5598783519345,-5800.313023753738,199.94567413755746,MISS,Trajectory,0.0
121.80000000000001,A1001,A0100,B0100,4072.2440190629345,-4992.286207487327,-4783.118977629151,199.9792575903768,MISS,Trajectory,0.0
121.80000000000001,A1002,A0100,B0100,4063.7808414424335,-5024.443608120833,-4860.248482206687,199.79590488595122,MISS,Trajectory,0.0
121.80000000000001,A2001,A0200,B0100,3580.3803068710727,-4824.688078547749,-5844.037298743643,199.95503738817882,MISS,Trajectory,0.0
121.80000000000001,A2002,A0200,B0100,3571.341006994724,-4816.5598783519345,-5800.313023753738,199.94567413755746,MISS,Trajectory,0.0
122.0,A1001,A0100,B0100,4072.2440190629345,-4992.286207487327,-4783.118977629151,199.9792575903768,MISS,Trajectory,0.0
122.0,A1002,A0100,B0100,4063.7808414424335,-5024.443608120833,-4860.248482206687,199.79590488595122,MISS,Trajectory,0.0
122.0,A2001,A0200,B0100,3580.3803068710727,-4824.688078547749,-5844.037298743643,199.95503738817882,MISS,Trajectory,0.0
122.0,A2002,A0200,B0100,3571.341006994724,-4816.5598783519345,-5800.313023753738,199.94567413755746,MISS,Trajectory,0.0
122.2,A1001,A0100,B0100,4072.2440190629345,-4992.286207487327,-4783.118977629151,199.9792575903768,MISS,Trajectory,0.0
122.2,A1002,A0100,B0100,4063.7808414424335,-5024.443608120833,-4860.248482206687,199.79590488595122,MISS,Trajectory,0.0
122.2,A2001,A0200,B0100,3580.3803068710727,-4824.688078547749,-5844.037298743643,199.95503738817882,MISS,Trajectory,0.0
122.2,A2002,A0200,B0100,3571.341006994724,-4816.5598783519345,-5800.313023753738,199.94567413755746,MISS,Trajectory,0.0
122.4,A1001,A0100,B0100,4072.2440190629345,-4992.286207487327,-4783.118977629151,199.9792575903768,MISS,Trajectory,0.0
122.4,A1002,A0100,B0100,4063.7808414424335,-5024.443608120833,-4860.248482206687,199.79590488595122,MISS,Trajectory,0.0
122.4,A2001,A0200,B0100,3580.3803068710727,-4824.688078547749,-5844.037298743643,199.95503738817882,MISS,Trajectory,0.0
122.4,A2002,A0200,B0100,3571.341006994724,-4816.5598783519345,-5800.313023753738,199.94567413755746,MISS,Trajectory,0.0
122.60000000000001,A1001,A0100,B0100,4072.2440190629345,-4992.286207487327,-4783.118977629151,199.9792575903768,MISS,Trajectory,0.0
122.60000000000001,A1002,A0100,B0100,4063.7808414424335,-5024.443608120833,-4860.248482206687,199.79590488595122,MISS,Trajectory,0.0
122.60000000000001,A2001,A0200,B0100,3580.3803068710727,-4824.688078547749,-5844.037298743643,199.95503738817882,MISS,Trajectory,0.0
122.60000000000001,A2002,A0200,B0100,3571.341006994724,-4816.5598783519345,-5800.313023753738,199.94567413755746,MISS,Trajectory,0.0
122.80000000000001,A1001,A0100,B0100,4072.2440190629345,-4992.286207487327,-4783.118977629151,199.9792575903768,MISS,Trajectory,0.0
122.80000000000001,A1002,A0100,B0100,4063.7808414424335,-5024.443608120833,-4860.248482206687,199.79590488595122,MISS,Trajectory,0.0
122.80000000000001,A2001,A0200,B0100,3580.3803068710727,-4824.688078547749,-5844.037298743643,199.95503738817882,MISS,Trajectory,0.0
122.80000000000001,A2002,A0200,B0100,3571.341006994724,-4816.5598783519345,-5800.313023753738,199.94567413755746,MISS,Trajectory,0.0
123.0,A1001,A0100,B0100,4072.2440190629345,-4992.286207487327,-4783.118977629151,199.9792575903768,MISS,Trajectory,0.0
123.0,A1002,A0100,B0100,4063.7808414424335,-5024.443608120833,-4860.248482206687,199.79590488595122,MISS,Trajectory,0.0
123.0,A2001,A0200,B0100,3580.3803068710727,-4824.688078547749,-5844.037298743643,199.95503738817882,MISS,Trajectory,0.0
123.0,A2002,A0200,B0100,3571.341006994724,-4816.5598783519345,-5800.313023753738,199.94567413755746,MISS,Trajectory,0.0
123.2,A1001,A0100,B0100,4072.2440190629345,-4992.286207487327,-4783.118977629151,199.9792575903768,MISS,Trajectory,0.0
123.2,A1002,A0100,B0100,4063.7808414424335,-5024.443608120833,-4860.248482206687,199.79590488595122,MISS,Trajectory,0.0
123.2,A2001,A0200,B0100,3580.3803068710727,-4824.688078547749,-5844.037298743643,199.95503738817882,MISS,Trajectory,0.0
123.2,A2002,A0200,B0100,3571.341006994724,-4816.5598783519345,-5800.313023753738,199.94567413755746,MISS,Trajectory,0.0
123.4,A1001,A0100,B0100,4072.2440190629345,-4992.286207487327,-4783.118977629151,199.9792575903768,MISS,Trajectory,0.0
123.4,A1002,A0100,B0100,4063.7808414424335,-5024.443608120833,-4860.248482206687,199.79590488595122,MISS,Trajectory,0.0
123.4,A2001,A0200,B0100,3580.3803068710727,-4824.688078547749,-5844.037298743643,199.95503738817882,MISS,Trajectory,0.0
123.4,A2002,A0200,B0100,3571.341006994724,-4816.5598783519345,-5800.313023753738,199.94567413755746,MISS,Trajectory,0.0
123.60000000000001,A1001,A0100,B0100,4072.2440190629345,-4992.286207487327,-4783.118977629151,199.9792575903768,MISS,Trajectory,0.0
123.60000000000001,A1002,A0100,B0100,4063.7808414424335,-5024.443608120833,-4860.248482206687,199.79590488595122,MISS,Trajectory,0.0
123.60000000000001,A2001,A0200,B0100,3580.3803068710727,-4824.688078547749,-5844.037298743643,199.95503738817882,MISS,Trajectory,0.0
123.60000000000001,A2002,A0200,B0100,3571.341006994724,-4816.5598783519345,-5800.313023753738,199.94567413755746,MISS,Trajectory,0.0
123.80000000000001,A1001,A0100,B0100,4072.2440190629345,-4992.286207487327,-4783.118977629151,199.9792575903768,MISS,Trajectory,0.0
123.80000000000001,A1002,A0100,B0100,4063.7808414424335,-5024.443608120833,-4860.248482206687,199.79590488595122,MISS,Trajectory,0.0
123.80000000000001,A2001,A0200,B0100,3580.3803068710727,-4824.688078547749,-5844.037298743643,199.95503738817882,MISS,Trajectory,0.0
123.80000000000001,A2002,A0200,B0100,3571.341006994724,-4816.5598783519345,-5800.313023753738,199.94567413755746,MISS,Trajectory,0.0
124.0,A1001,A0100,B0100,4072.2440190629345,-4992.286207487327,-4783.118977629151,199.9792575903768,MISS,Trajectory,0.0
124.0,A1002,A0100,B0100,4063.7808414424335,-5024.443608120833,-4860.248482206687,199.79590488595122,MISS,Trajectory,0.0
124.0,A2001,A0200,B0100,3580.3803068710727,-4824.688078547749,-5844.037298743643,199.95503738817882,MISS,Trajectory,0.0
124.0,A2002,A0200,B0100,3571.341006994724,-4816.5598783519345,-5800.313023753738,199.94567413755746,MISS,Trajectory,0.0
124.2,A1001,A0100,B0100,4072.2440190629345,-4992.286207487327,-4783.118977629151,199.9792575903768,MISS,Trajectory,0.0
124.2,A1002,A0100,B0100,4063.7808414424335,-5024.443608120833,-4860.248482206687,199.79590488595122,MISS,Trajectory,0.0
124.2,A2001,A0200,B0100,3580.3803068710727,-4824.688078547749,-5844.037298743643,199.95503738817882,MISS,Trajectory,0.0
124.2,A2002,A0200,B0100,3571.341006994724,-4816.5598783519345,-5800.313023753738,199.94567413755746,MISS,Trajectory,0.0
124.4,A1001,A0100,B0100,4072.2440190629345,-4992.286207487327,-4783.118977629151,199.9792575903768,MISS,Trajectory,0.0
124.4,A1002,A0100,B0100,4063.7808414424335,-5024.443608120833,-4860.248482206687,199.79590488595122,MISS,Trajectory,0.0
124.4,A2001,A0200,B0100,3580.3803068710727,-4824.688078547749,-5844.037298743643,199.95503738817882,MISS,Trajectory,0.0
124.4,A2002,A0200,B0100,3571.341006994724,-4816.5598783519345,-5800.313023753738,199.94567413755746,MISS,Trajectory,0.0
124.60000000000001,A1001,A0100,B0100,4072.2440190629345,-4992.286207487327,-4783.118977629151,199.9792575903768,MISS,Trajectory,0.0
124.60000000000001,A1002,A0100,B0100,4063.7808414424335,-5024.443608120833,-4860.248482206687,199.79590488595122,MISS,Trajectory,0.0
124.60000000000001,A2001,A0200,B0100,3580.3803068710727,-4824.688078547749,-5844.037298743643,199.95503738817882,MISS,Trajectory,0.0
124.60000000000001,A2002,A0200,B0100,3571.341006994724,-4816.5598783519345,-5800.313023753738,199.94567413755746,MISS,Trajectory,0.0
124.80000000000001,A1001,A0100,B0100,4072.2440190629345,-4992.286207487327,-4783.118977629151,199.9792575903768,MISS,Trajectory,0.0
124.80000000000001,A1002,A0100,B0100,4063.7808414424335,-5024.443608120833,-4860.248482206687,199.79590488595122,MISS,Trajectory,0.0
124.80000000000001,A2001,A0200,B0100,3580.3803068710727,-4824.688078547749,-5844.037298743643,199.95503738817882,MISS,Trajectory,0.0
124.80000000000001,A2002,A0200,B0100,3571.341006994724,-4816.5598783519345,-5800.313023753738,199.94567413755746,MISS,Trajectory,0.0
125.0,A1001,A0100,B0100,4072.2440190629345,-4992.286207487327,-4783.118977629151,199.9792575903768,MISS,Trajectory,0.0
125.0,A1002,A0100,B0100,4063.7808414424335,-5024.443608120833,-4860.248482206687,199.79590488595122,MISS,Trajectory,0.0
125.0,A2001,A0200,B0100,3580.3803068710727,-4824.688078547749,-5844.037298743643,199.95503738817882,MISS,Trajectory,0.0
125.0,A2002,A0200,B0100,3571.341006994724,-4816.5598783519345,-5800.313023753738,199.94567413755746,MISS,Trajectory,0.0
125.2,A1001,A0100,B0100,4072.2440190629345,-4992.286207487327,-4783.118977629151,199.9792575903768,MISS,Trajectory,0.0
125.2,A1002,A0100,B0100,4063.7808414424335,-5024.443608120833,-4860.248482206687,199.79590488595122,MISS,Trajectory,0.0
125.2,A2001,A0200,B0100,3580.3803068710727,-4824.688078547749,-5844.037298743643,199.95503738817882,MISS,Trajectory,0.0
125.2,A2002,A0200,B0100,3571.341006994724,-4816.5598783519345,-5800.313023753738,199.94567413755746,MISS,Trajectory,0.0
125.4,A1001,A0100,B0100,4072.2440190629345,-4992.286207487327,-4783.118977629151,199.9792575903768,MISS,Trajectory,0.0
125.4,A1002,A0100,B0100,4063.7808414424335,-5024.443608120833,-4860.248482206687,199.79590488595122,MISS,Trajectory,0.0
125.4,A2001,A0200,B0100,3580.3803068710727,-4824.688078547749,-5844.037298743643,199.95503738817882,MISS,Trajectory,0.0
125.4,A2002,A0200,B0100,3571.341006994724,-4816.5598783519345,-5800.313023753738,199.94567413755746,MISS,Trajectory,0.0
125.60000000000001,A1001,A0100,B0100,4072.2440190629345,-4992.286207487327,-4783.118977629151,199.9792575903768,MISS,Trajectory,0.0
125.60000000000001,A1002,A0100,B0100,4063.7808414424335,-5024.443608120833,-4860.248482206687,199.79590488595122,MISS,Trajectory,0.0
125.60000000000001,A2001,A0200,B0100,3580.3803068710727,-4824.688078547749,-5844.037298743643,199.95503738817882,MISS,Trajectory,0.0
125.60000000000001,A2002,A0200,B0100,3571.341006994724,-4816.5598783519345,-5800.313023753738,199.94567413755746,MISS,Trajectory,0.0
125.80000000000001,A1001,A0100,B0100,4072.2440190629345,-4992.286207487327,-4783.118977629151,199.9792575903768,MISS,Trajectory,0.0
125.80000000000001,A1002,A0100,B0100,4063.7808414424335,-5024.443608120833,-4860.248482206687,199.79590488595122,MISS,Trajectory,0.0
125.80000000000001,A2001,A0200,B0100,3580.3803068710727,-4824.688078547749,-5844.037298743643,199.95503738817882,MISS,Trajectory,0.0
125.80000000000001,A2002,A0200,B0100,3571.341006994724,-4816.5598783519345,-5800.313023753738,199.94567413755746,MISS,Trajectory,0.0
126.0,A1001,A0100,B0100,4072.2440190629345,-4992.286207487327,-4783.118977629151,199.9792575903768,MISS,Trajectory,0.0
126.0,A1002,A0100,B0100,4063.7808414424335,-5024.443608120833,-4860.248482206687,199.79590488595122,MISS,Trajectory,0.0
126.0,A2001,A0200,B0100,3580.3803068710727,-4824.688078547749,-5844.037298743643,199.95503738817882,MISS,Trajectory,0.0
126.0,A2002,A0200,B0100,3571.341006994724,-4816.5598783519345,-5800.313023753738,199.94567413755746,MISS,Trajectory,0.0
126.2,A1001,A0100,B0100,4072.2440190629345,-4992.286207487327,-4783.118977629151,199.9792575903768,MISS,Trajectory,0.0
126.2,A1002,A0100,B0100,4063.7808414424335,-5024.443608120833,-4860.248482206687,199.79590488595122,MISS,Trajectory,0.0
126.2,A2001,A0200,B0100,3580.3803068710727,-4824.688078547749,-5844.037298743643,199.95503738817882,MISS,Trajectory,0.0
126.2,A2002,A0200,B0100,3571.341006994724,-4816.5598783519345,-5800.313023753738,199.94567413755746,MISS,Trajectory,0.0
126.4,A1001,A0100,B0100,4072.2440190629345,-4992.286207487327,-4783.118977629151,199.9792575903768,MISS,Trajectory,0.0
126.4,A1002,A0100,B0100,4063.7808414424335,-5024.443608120833,-4860.248482206687,199.79590488595122,MISS,Trajectory,0.0
126.4,A2001,A0200,B0100,3580.3803068710727,-4824.688078547749,-5844.037298743643,199.95503738817882,MISS,Trajectory,0.0
126.4,A2002,A0200,B0100,3571.341006994724,-4816.5598783519345,-5800.313023753738,199.94567413755746,MISS,Trajectory,0.0
126.60000000000001,A1001,A0100,B0100,4072.2440190629345,-4992.286207487327,-4783.118977629151,199.9792575903768,MISS,Trajectory,0.0
126.60000000000001,A1002,A0100,B0100,4063.7808414424335,-5024.443608120833,-4860.248482206687,199.79590488595122,MISS,Trajectory,0.0
126.60000000000001,A2001,A0200,B0100,3580.3803068710727,-4824.688078547749,-5844.037298743643,199.95503738817882,MISS,Trajectory,0.0
126.60000000000001,A2002,A0200,B0100,3571.341006994724,-4816.5598783519345,-5800.313023753738,199.94567413755746,MISS,Trajectory,0.0
126.80000000000001,A1001,A0100,B0100,4072.2440190629345,-4992.286207487327,-4783.118977629151,199.9792575903768,MISS,Trajectory,0.0
126.80000000000001,A1002,A0100,B0100,4063.7808414424335,-5024.443608120833,-4860.248482206687,199.79590488595122,MISS,Trajectory,0.0
126.80000000000001,A2001,A0200,B0100,3580.3803068710727,-4824.688078547749,-5844.037298743643,199.95503738817882,MISS,Trajectory,0.0
126.80000000000001,A2002,A0200,B0100,3571.341006994724,-4816.5598783519345,-5800.313023753738,199.94567413755746,MISS,Trajectory,0.0
127.0,A1001,A0100,B0100,4072.2440190629345,-4992.286207487327,-4783.118977629151,199.9792575903768,MISS,Trajectory,0.0
127.0,A1002,A0100,B0100,4063.7808414424335,-5024.443608120833,-4860.248482206687,199.79590488595122,MISS,Trajectory,0.0
127.0,A2001,A0200,B0100,3580.3803068710727,-4824.688078547749,-5844.037298743643,199.95503738817882,MISS,Trajectory,0.0
127.0,A2002,A0200,B0100,3571.341006994724,-4816.5598783519345,-5800.313023753738,199.94567413755746,MISS,Trajectory,0.0
127.2,A1001,A0100,B0100,4072.2440190629345,-4992.286207487327,-4783.118977629151,199.9792575903768,MISS,Trajectory,0.0
127.2,A1002,A0100,B0100,4063.7808414424335,-5024.443608120833,-4860.248482206687,199.79590488595122,MISS,Trajectory,0.0
127.2,A2001,A0200,B0100,3580.3803068710727,-4824.688078547749,-5844.037298743643,199.95503738817882,MISS,Trajectory,0.0
127.2,A2002,A0200,B0100,3571.341006994724,-4816.5598783519345,-5800.313023753738,199.94567413755746,MISS,Trajectory,0.0
127.4,A1001,A0100,B0100,4072.2440190629345,-4992.286207487327,-4783.118977629151,199.9792575903768,MISS,Trajectory,0.0
127.4,A1002,A0100,B0100,4063.7808414424335,-5024.443608120833,-4860.248482206687,199.79590488595122,MISS,Trajectory,0.0
127.4,A2001,A0200,B0100,3580.3803068710727,-4824.688078547749,-5844.037298743643,199.95503738817882,MISS,Trajectory,0.0
127.4,A2002,A0200,B0100,3571.341006994724,-4816.5598783519345,-5800.313023753738,199.94567413755746,MISS,Trajectory,0.0
127.60000000000001,A1001,A0100,B0100,4072.2440190629345,-4992.286207487327,-4783.118977629151,199.9792575903768,MISS,Trajectory,0.0
127.60000000000001,A1002,A0100,B0100,4063.7808414424335,-5024.443608120833,-4860.248482206687,199.79590488595122,MISS,Trajectory,0.0
127.60000000000001,A2001,A0200,B0100,3580.3803068710727,-4824.688078547749,-5844.037298743643,199.95503738817882,MISS,Trajectory,0.0
127.60000000000001,A2002,A0200,B0100,3571.341006994724,-4816.5598783519345,-5800.313023753738,199.94567413755746,MISS,Trajectory,0.0
127.80000000000001,A1001,A0100,B0100,4072.2440190629345,-4992.286207487327,-4783.118977629151,199.9792575903768,MISS,Trajectory,0.0
127.80000000000001,A1002,A0100,B0100,4063.7808414424335,-5024.443608120833,-4860.248482206687,199.79590488595122,MISS,Trajectory,0.0
127.80000000000001,A2001,A0200,B0100,3580.3803068710727,-4824.688078547749,-5844.037298743643,199.95503738817882,MISS,Trajectory,0.0
127.80000000000001,A2002,A0200,B0100,3571.341006994724,-4816.5598783519345,-5800.313023753738,199.94567413755746,MISS,Trajectory,0.0
128.0,A1001,A0100,B0100,4072.2440190629345,-4992.286207487327,-4783.118977629151,199.9792575903768,MISS,Trajectory,0.0
128.0,A1002,A0100,B0100,4063.7808414424335,-5024.443608120833,-4860.248482206687,199.79590488595122,MISS,Trajectory,0.0
128.0,A2001,A0200,B0100,3580.3803068710727,-4824.688078547749,-5844.037298743643,199.95503738817882,MISS,Trajectory,0.0
128.0,A2002,A0200,B0100,3571.341006994724,-4816.5598783519345,-5800.313023753738,199.94567413755746,MISS,Trajectory,0.0
128.20000000000002,A1001,A0100,B0100,4072.2440190629345,-4992.286207487327,-4783.118977629151,199.9792575903768,MISS,Trajectory,0.0
128.20000000000002,A1002,A0100,B0100,4063.7808414424335,-5024.443608120833,-4860.248482206687,199.79590488595122,MISS,Trajectory,0.0
128.20000000000002,A2001,A0200,B0100,3580.3803068710727,-4824.688078547749,-5844.037298743643,199.95503738817882,MISS,Trajectory,0.0
128.20000000000002,A2002,A0200,B0100,3571.341006994724,-4816.5598783519345,-5800.313023753738,199.94567413755746,MISS,Trajectory,0.0
128.4,A1001,A0100,B0100,4072.2440190629345,-4992.286207487327,-4783.118977629151,199.9792575903768,MISS,Trajectory,0.0
128.4,A1002,A0100,B0100,4063.7808414424335,-5024.443608120833,-4860.248482206687,199.79590488595122,MISS,Trajectory,0.0
128.4,A2001,A0200,B0100,3580.3803068710727,-4824.688078547749,-5844.037298743643,199.95503738817882,MISS,Trajectory,0.0
128.4,A2002,A0200,B0100,3571.341006994724,-4816.5598783519345,-5800.313023753738,199.94567413755746,MISS,Trajectory,0.0
128.6,A1001,A0100,B0100,4072.2440190629345,-4992.286207487327,-4783.118977629151,199.9792575903768,MISS,Trajectory,0.0
128.6,A1002,A0100,B0100,4063.7808414424335,-5024.443608120833,-4860.248482206687,199.79590488595122,MISS,Trajectory,0.0
128.6,A2001,A0200,B0100,3580.3803068710727,-4824.688078547749,-5844.037298743643,199.95503738817882,MISS,Trajectory,0.0
128.6,A2002,A0200,B0100,3571.341006994724,-4816.5598783519345,-5800.313023753738,199.94567413755746,MISS,Trajectory,0.0
128.8,A1001,A0100,B0100,4072.2440190629345,-4992.286207487327,-4783.118977629151,199.9792575903768,MISS,Trajectory,0.0
128.8,A1002,A0100,B0100,4063.7808414424335,-5024.443608120833,-4860.248482206687,199.79590488595122,MISS,Trajectory,0.0
128.8,A2001,A0200,B0100,3580.3803068710727,-4824.688078547749,-5844.037298743643,199.95503738817882,MISS,Trajectory,0.0
128.8,A2002,A0200,B0100,3571.341006994724,-4816.5598783519345,-5800.313023753738,199.94567413755746,MISS,Trajectory,0.0
129.0,A1001,A0100,B0100,4072.2440190629345,-4992.286207487327,-4783.118977629151,199.9792575903768,MISS,Trajectory,0.0
129.0,A1002,A0100,B0100,4063.7808414424335,-5024.443608120833,-4860.248482206687,199.79590488595122,MISS,Trajectory,0.0
129.0,A2001,A0200,B0100,3580.3803068710727,-4824.688078547749,-5844.037298743643,199.95503738817882,MISS,Trajectory,0.0
129.0,A2002,A0200,B0100,3571.341006994724,-4816.5598783519345,-5800.313023753738,199.94567413755746,MISS,Trajectory,0.0
129.20000000000002,A1001,A0100,B0100,4072.2440190629345,-4992.286207487327,-4783.118977629151,199.9792575903768,MISS,Trajectory,0.0
129.20000000000002,A1002,A0100,B0100,4063.7808414424335,-5024.443608120833,-4860.248482206687,199.79590488595122,MISS,Trajectory,0.0
129.20000000000002,A2001,A0200,B0100,3580.3803068710727,-4824.688078547749,-5844.037298743643,199.95503738817882,MISS,Trajectory,0.0
129.20000000000002,A2002,A0200,B0100,3571.341006994724,-4816.5598783519345,-5800.313023753738,199.94567413755746,MISS,Trajectory,0.0
129.4,A1001,A0100,B0100,4072.2440190629345,-4992.286207487327,-4783.118977629151,199.9792575903768,MISS,Trajectory,0.0
129.4,A1002,A0100,B0100,4063.7808414424335,-5024.443608120833,-4860.248482206687,199.79590488595122,MISS,Trajectory,0.0
129.4,A2001,A0200,B0100,3580.3803068710727,-4824.688078547749,-5844.037298743643,199.95503738817882,MISS,Trajectory,0.0
129.4,A2002,A0200,B0100,3571.341006994724,-4816.5598783519345,-5800.313023753738,199.94567413755746,MISS,Trajectory,0.0
129.6,A1001,A0100,B0100,4072.2440190629345,-4992.286207487327,-4783.118977629151,199.9792575903768,MISS,Trajectory,0.0
129.6,A1002,A0100,B0100,4063.7808414424335,-5024.443608120833,-4860.248482206687,199.79590488595122,MISS,Trajectory,0.0
129.6,A2001,A0200,B0100,3580.3803068710727,-4824.688078547749,-5844.037298743643,199.95503738817882,MISS,Trajectory,0.0
129.6,A2002,A0200,B0100,3571.341006994724,-4816.5598783519345,-5800.313023753738,199.94567413755746,MISS,Trajectory,0.0
129.8,A1001,A0100,B0100,4072.2440190629345,-4992.286207487327,-4783.118977629151,199.9792575903768,MISS,Trajectory,0.0
129.8,A1002,A0100,B0100,4063.7808414424335,-5024.443608120833,-4860.248482206687,199.79590488595122,MISS,Trajectory,0.0
129.8,A2001,A0200,B0100,3580.3803068710727,-4824.688078547749,-5844.037298743643,199.95503738817882,MISS,Trajectory,0.0
129.8,A2002,A0200,B0100,3571.341006994724,-4816.5598783519345,-5800.313023753738,199.94567413755746,MISS,Trajectory,0.0
130.0,A1001,A0100,B0100,4072.2440190629345,-4992.286207487327,-4783.118977629151,199.9792575903768,MISS,Trajectory,0.0
130.0,A1002,A0100,B0100,4063.7808414424335,-5024.443608120833,-4860.248482206687,199.79590488595122,MISS,Trajectory,0.0
130.0,A2001,A0200,B0100,3580.3803068710727,-4824.688078547749,-5844.037298743643,199.95503738817882,MISS,Trajectory,0.0
130.0,A2002,A0200,B0100,3571.341006994724,-4816.5598783519345,-5800.313023753738,199.94567413755746,MISS,Trajectory,0.0
130.20000000000002,A1001,A0100,B0100,4072.2440190629345,-4992.286207487327,-4783.118977629151,199.9792575903768,MISS,Trajectory,0.0
130.20000000000002,A1002,A0100,B0100,4063.7808414424335,-5024.443608120833,-4860.248482206687,199.79590488595122,MISS,Trajectory,0.0
130.20000000000002,A2001,A0200,B0100,3580.3803068710727,-4824.688078547749,-5844.037298743643,199.95503738817882,MISS,Trajectory,0.0
130.20000000000002,A2002,A0200,B0100,3571.341006994724,-4816.5598783519345,-5800.313023753738,199.94567413755746,MISS,Trajectory,0.0
130.4,A1001,A0100,B0100,4072.2440190629345,-4992.286207487327,-4783.118977629151,199.9792575903768,MISS,Trajectory,0.0
130.4,A1002,A0100,B0100,4063.7808414424335,-5024.443608120833,-4860.248482206687,199.79590488595122,MISS,Trajectory,0.0
130.4,A2001,A0200,B0100,3580.3803068710727,-4824.688078547749,-5844.037298743643,199.95503738817882,MISS,Trajectory,0.0
130.4,A2002,A0200,B0100,3571.341006994724,-4816.5598783519345,-5800.313023753738,199.94567413755746,MISS,Trajectory,0.0
130.6,A1001,A0100,B0100,4072.2440190629345,-4992.286207487327,-4783.118977629151,199.9792575903768,MISS,Trajectory,0.0
130.6,A1002,A0100,B0100,4063.7808414424335,-5024.443608120833,-4860.248482206687,199.79590488595122,MISS,Trajectory,0.0
130.6,A2001,A0200,B0100,3580.3803068710727,-4824.688078547749,-5844.037298743643,199.95503738817882,MISS,Trajectory,0.0
130.6,A2002,A0200,B0100,3571.341006994724,-4816.5598783519345,-5800.313023753738,199.94567413755746,MISS,Trajectory,0.0
130.8,A1001,A0100,B0100,4072.2440190629345,-4992.286207487327,-4783.118977629151,199.9792575903768,MISS,Trajectory,0.0
130.8,A1002,A0100,B0100,4063.7808414424335,-5024.443608120833,-4860.248482206687,199.79590488595122,MISS,Trajectory,0.0
130.8,A2001,A0200,B0100,3580.3803068710727,-4824.688078547749,-5844.037298743643,199.95503738817882,MISS,Trajectory,0.0
130.8,A2002,A0200,B0100,3571.341006994724,-4816.5598783519345,-5800.313023753738,199.94567413755746,MISS,Trajectory,0.0
131.0,A1001,A0100,B0100,4072.2440190629345,-4992.286207487327,-4783.118977629151,199.9792575903768,MISS,Trajectory,0.0
131.0,A1002,A0100,B0100,4063.7808414424335,-5024.443608120833,-4860.248482206687,199.79590488595122,MISS,Trajectory,0.0
131.0,A2001,A0200,B0100,3580.3803068710727,-4824.688078547749,-5844.037298743643,199.95503738817882,MISS,Trajectory,0.0
131.0,A2002,A0200,B0100,3571.341006994724,-4816.5598783519345,-5800.313023753738,199.94567413755746,MISS,Trajectory,0.0
131.20000000000002,A1001,A0100,B0100,4072.2440190629345,-4992.286207487327,-4783.118977629151,199.9792575903768,MISS,Trajectory,0.0
131.20000000000002,A1002,A0100,B0100,4063.7808414424335,-5024.443608120833,-4860.248482206687,199.79590488595122,MISS,Trajectory,0.0
131.20000000000002,A2001,A0200,B0100,3580.3803068710727,-4824.688078547749,-5844.037298743643,199.95503738817882,MISS,Trajectory,0.0
131.20000000000002,A2002,A0200,B0100,3571.341006994724,-4816.5598783519345,-5800.313023753738,199.94567413755746,MISS,Trajectory,0.0
131.4,A1001,A0100,B0100,4072.2440190629345,-4992.286207487327,-4783.118977629151,199.9792575903768,MISS,Trajectory,0.0
131.4,A1002,A0100,B0100,4063.7808414424335,-5024.443608120833,-4860.248482206687,199.79590488595122,MISS,Trajectory,0.0
131.4,A2001,A0200,B0100,3580.3803068710727,-4824.688078547749,-5844.037298743643,199.95503738817882,MISS,Trajectory,0.0
131.4,A2002,A0200,B0100,3571.341006994724,-4816.5598783519345,-5800.313023753738,199.94567413755746,MISS,Trajectory,0.0
131.6,A1001,A0100,B0100,4072.2440190629345,-4992.286207487327,-4783.118977629151,199.9792575903768,MISS,Trajectory,0.0
131.6,A1002,A0100,B0100,4063.7808414424335,-5024.443608120833,-4860.248482206687,199.79590488595122,MISS,Trajectory,0.0
131.6,A2001,A0200,B0100,3580.3803068710727,-4824.688078547749,-5844.037298743643,199.95503738817882,MISS,Trajectory,0.0
131.6,A2002,A0200,B0100,3571.341006994724,-4816.5598783519345,-5800.313023753738,199.94567413755746,MISS,Trajectory,0.0
131.8,A1001,A0100,B0100,4072.2440190629345,-4992.286207487327,-4783.118977629151,199.9792575903768,MISS,Trajectory,0.0
131.8,A1002,A0100,B0100,4063.7808414424335,-5024.443608120833,-4860.248482206687,199.79590488595122,MISS,Trajectory,0.0
131.8,A2001,A0200,B0100,3580.3803068710727,-4824.688078547749,-5844.037298743643,199.95503738817882,MISS,Trajectory,0.0
131.8,A2002,A0200,B0100,3571.341006994724,-4816.5598783519345,-5800.313023753738,199.94567413755746,MISS,Trajectory,0.0
132.0,A1001,A0100,B0100,4072.2440190629345,-4992.286207487327,-4783.118977629151,199.9792575903768,MISS,Trajectory,0.0
132.0,A1002,A0100,B0100,4063.7808414424335,-5024.443608120833,-4860.248482206687,199.79590488595122,MISS,Trajectory,0.0
132.0,A2001,A0200,B0100,3580.3803068710727,-4824.688078547749,-5844.037298743643,199.95503738817882,MISS,Trajectory,0.0
132.0,A2002,A0200,B0100,3571.341006994724,-4816.5598783519345,-5800.313023753738,199.94567413755746,MISS,Trajectory,0.0
132.20000000000002,A1001,A0100,B0100,4072.2440190629345,-4992.286207487327,-4783.118977629151,199.9792575903768,MISS,Trajectory,0.0
132.20000000000002,A1002,A0100,B0100,4063.7808414424335,-5024.443608120833,-4860.248482206687,199.79590488595122,MISS,Trajectory,0.0
132.20000000000002,A2001,A0200,B0100,3580.3803068710727,-4824.688078547749,-5844.037298743643,199.95503738817882,MISS,Trajectory,0.0
132.20000000000002,A2002,A0200,B0100,3571.341006994724,-4816.5598783519345,-5800.313023753738,199.94567413755746,MISS,Trajectory,0.0
132.4,A1001,A0100,B0100,4072.2440190629345,-4992.286207487327,-4783.118977629151,199.9792575903768,MISS,Trajectory,0.0
132.4,A1002,A0100,B0100,4063.7808414424335,-5024.443608120833,-4860.248482206687,199.79590488595122,MISS,Trajectory,0.0
132.4,A2001,A0200,B0100,3580.3803068710727,-4824.688078547749,-5844.037298743643,199.95503738817882,MISS,Trajectory,0.0
132.4,A2002,A0200,B0100,3571.341006994724,-4816.5598783519345,-5800.313023753738,199.94567413755746,MISS,Trajectory,0.0
132.6,A1001,A0100,B0100,4072.2440190629345,-4992.286207487327,-4783.118977629151,199.9792575903768,MISS,Trajectory,0.0
132.6,A1002,A0100,B0100,4063.7808414424335,-5024.443608120833,-4860.248482206687,199.79590488595122,MISS,Trajectory,0.0
132.6,A2001,A0200,B0100,3580.3803068710727,-4824.688078547749,-5844.037298743643,199.95503738817882,MISS,Trajectory,0.0
132.6,A2002,A0200,B0100,3571.341006994724,-4816.5598783519345,-5800.313023753738,199.94567413755746,MISS,Trajectory,0.0
132.8,A1001,A0100,B0100,4072.2440190629345,-4992.286207487327,-4783.118977629151,199.9792575903768,MISS,Trajectory,0.0
132.8,A1002,A0100,B0100,4063.7808414424335,-5024.443608120833,-4860.248482206687,199.79590488595122,MISS,Trajectory,0.0
132.8,A2001,A0200,B0100,3580.3803068710727,-4824.688078547749,-5844.037298743643,199.95503738817882,MISS,Trajectory,0.0
132.8,A2002,A0200,B0100,3571.341006994724,-4816.5598783519345,-5800.313023753738,199.94567413755746,MISS,Trajectory,0.0
133.0,A1001,A0100,B0100,4072.2440190629345,-4992.286207487327,-4783.118977629151,199.9792575903768,MISS,Trajectory,0.0
133.0,A1002,A0100,B0100,4063.7808414424335,-5024.443608120833,-4860.248482206687,199.79590488595122,MISS,Trajectory,0.0
133.0,A2001,A0200,B0100,3580.3803068710727,-4824.688078547749,-5844.037298743643,199.95503738817882,MISS,Trajectory,0.0
133.0,A2002,A0200,B0100,3571.341006994724,-4816.5598783519345,-5800.313023753738,199.94567413755746,MISS,Trajectory,0.0
133.20000000000002,A1001,A0100,B0100,4072.2440190629345,-4992.286207487327,-4783.118977629151,199.9792575903768,MISS,Trajectory,0.0
133.20000000000002,A1002,A0100,B0100,4063.7808414424335,-5024.443608120833,-4860.248482206687,199.79590488595122,MISS,Trajectory,0.0
133.20000000000002,A2001,A0200,B0100,3580.3803068710727,-4824.688078547749,-5844.037298743643,199.95503738817882,MISS,Trajectory,0.0
133.20000000000002,A2002,A0200,B0100,3571.341006994724,-4816.5598783519345,-5800.313023753738,199.94567413755746,MISS,Trajectory,0.0
133.4,A1001,A0100,B0100,4072.2440190629345,-4992.286207487327,-4783.118977629151,199.9792575903768,MISS,Trajectory,0.0
133.4,A1002,A0100,B0100,4063.7808414424335,-5024.443608120833,-4860.248482206687,199.79590488595122,MISS,Trajectory,0.0
133.4,A2001,A0200,B0100,3580.3803068710727,-4824.688078547749,-5844.037298743643,199.95503738817882,MISS,Trajectory,0.0
133.4,A2002,A0200,B0100,3571.341006994724,-4816.5598783519345,-5800.313023753738,199.94567413755746,MISS,Trajectory,0.0
133.6,A1001,A0100,B0100,4072.2440190629345,-4992.286207487327,-4783.118977629151,199.9792575903768,MISS,Trajectory,0.0
133.6,A1002,A0100,B0100,4063.7808414424335,-5024.443608120833,-4860.248482206687,199.79590488595122,MISS,Trajectory,0.0
133.6,A2001,A0200,B0100,3580.3803068710727,-4824.688078547749,-5844.037298743643,199.95503738817882,MISS,Trajectory,0.0
133.6,A2002,A0200,B0100,3571.341006994724,-4816.5598783519345,-5800.313023753738,199.94567413755746,MISS,Trajectory,0.0
133.8,A1001,A0100,B0100,4072.2440190629345,-4992.286207487327,-4783.118977629151,199.9792575903768,MISS,Trajectory,0.0
133.8,A1002,A0100,B0100,4063.7808414424335,-5024.443608120833,-4860.248482206687,199.79590488595122,MISS,Trajectory,0.0
133.8,A2001,A0200,B0100,3580.3803068710727,-4824.688078547749,-5844.037298743643,199.95503738817882,MISS,Trajectory,0.0
133.8,A2002,A0200,B0100,3571.341006994724,-4816.5598783519345,-5800.313023753738,199.94567413755746,MISS,Trajectory,0.0
134.0,A1001,A0100,B0100,4072.2440190629345,-4992.286207487327,-4783.118977629151,199.9792575903768,MISS,Trajectory,0.0
134.0,A1002,A0100,B0100,4063.7808414424335,-5024.443608120833,-4860.248482206687,199.79590488595122,MISS,Trajectory,0.0
134.0,A2001,A0200,B0100,3580.3803068710727,-4824.688078547749,-5844.037298743643,199.95503738817882,MISS,Trajectory,0.0
134.0,A2002,A0200,B0100,3571.341006994724,-4816.5598783519345,-5800.313023753738,199.94567413755746,MISS,Trajectory,0.0
134.20000000000002,A1001,A0100,B0100,4072.2440190629345,-4992.286207487327,-4783.118977629151,199.9792575903768,MISS,Trajectory,0.0
134.20000000000002,A1002,A0100,B0100,4063.7808414424335,-5024.443608120833,-4860.248482206687,199.79590488595122,MISS,Trajectory,0.0
134.20000000000002,A2001,A0200,B0100,3580.3803068710727,-4824.688078547749,-5844.037298743643,199.95503738817882,MISS,Trajectory,0.0
134.20000000000002,A2002,A0200,B0100,3571.341006994724,-4816.5598783519345,-5800.313023753738,199.94567413755746,MISS,Trajectory,0.0
134.4,A1001,A0100,B0100,4072.2440190629345,-4992.286207487327,-4783.118977629151,199.9792575903768,MISS,Trajectory,0.0
134.4,A1002,A0100,B0100,4063.7808414424335,-5024.443608120833,-4860.248482206687,199.79590488595122,MISS,Trajectory,0.0
134.4,A2001,A0200,B0100,3580.3803068710727,-4824.688078547749,-5844.037298743643,199.95503738817882,MISS,Trajectory,0.0
134.4,A2002,A0200,B0100,3571.341006994724,-4816.5598783519345,-5800.313023753738,199.94567413755746,MISS,Trajectory,0.0
134.6,A1001,A0100,B0100,4072.2440190629345,-4992.286207487327,-4783.118977629151,199.9792575903768,MISS,Trajectory,0.0
134.6,A1002,A0100,B0100,4063.7808414424335,-5024.443608120833,-4860.248482206687,199.79590488595122,MISS,Trajectory,0.0
134.6,A2001,A0200,B0100,3580.3803068710727,-4824.688078547749,-5844.037298743643,199.95503738817882,MISS,Trajectory,0.0
134.6,A2002,A0200,B0100,3571.341006994724,-4816.5598783519345,-5800.313023753738,199.94567413755746,MISS,Trajectory,0.0
134.8,A1001,A0100,B0100,4072.2440190629345,-4992.286207487327,-4783.118977629151,199.9792575903768,MISS,Trajectory,0.0
134.8,A1002,A0100,B0100,4063.7808414424335,-5024.443608120833,-4860.248482206687,199.79590488595122,MISS,Trajectory,0.0
134.8,A2001,A0200,B0100,3580.3803068710727,-4824.688078547749,-5844.037298743643,199.95503738817882,MISS,Trajectory,0.0
134.8,A2002,A0200,B0100,3571.341006994724,-4816.5598783519345,-5800.313023753738,199.94567413755746,MISS,Trajectory,0.0
135.0,A1001,A0100,B0100,4072.2440190629345,-4992.286207487327,-4783.118977629151,199.9792575903768,MISS,Trajectory,0.0
135.0,A1002,A0100,B0100,4063.7808414424335,-5024.443608120833,-4860.248482206687,199.79590488595122,MISS,Trajectory,0.0
135.0,A2001,A0200,B0100,3580.3803068710727,-4824.688078547749,-5844.037298743643,199.95503738817882,MISS,Trajectory,0.0
135.0,A2002,A0200,B0100,3571.341006994724,-4816.5598783519345,-5800.313023753738,199.94567413755746,MISS,Trajectory,0.0
135.20000000000002,A1001,A0100,B0100,4072.2440190629345,-4992.286207487327,-4783.118977629151,199.9792575903768,MISS,Trajectory,0.0
135.20000000000002,A1002,A0100,B0100,4063.7808414424335,-5024.443608120833,-4860.248482206687,199.79590488595122,MISS,Trajectory,0.0
135.20000000000002,A2001,A0200,B0100,3580.3803068710727,-4824.688078547749,-5844.037298743643,199.95503738817882,MISS,Trajectory,0.0
135.20000000000002,A2002,A0200,B0100,3571.341006994724,-4816.5598783519345,-5800.313023753738,199.94567413755746,MISS,Trajectory,0.0
135.4,A1001,A0100,B0100,4072.2440190629345,-4992.286207487327,-4783.118977629151,199.9792575903768,MISS,Trajectory,0.0
135.4,A1002,A0100,B0100,4063.7808414424335,-5024.443608120833,-4860.248482206687,199.79590488595122,MISS,Trajectory,0.0
135.4,A2001,A0200,B0100,3580.3803068710727,-4824.688078547749,-5844.037298743643,199.95503738817882,MISS,Trajectory,0.0
135.4,A2002,A0200,B0100,3571.341006994724,-4816.5598783519345,-5800.313023753738,199.94567413755746,MISS,Trajectory,0.0
135.6,A1001,A0100,B0100,4072.2440190629345,-4992.286207487327,-4783.118977629151,199.9792575903768,MISS,Trajectory,0.0
135.6,A1002,A0100,B0100,4063.7808414424335,-5024.443608120833,-4860.248482206687,199.79590488595122,MISS,Trajectory,0.0
135.6,A2001,A0200,B0100,3580.3803068710727,-4824.688078547749,-5844.037298743643,199.95503738817882,MISS,Trajectory,0.0
135.6,A2002,A0200,B0100,3571.341006994724,-4816.5598783519345,-5800.313023753738,199.94567413755746,MISS,Trajectory,0.0
135.8,A1001,A0100,B0100,4072.2440190629345,-4992.286207487327,-4783.118977629151,199.9792575903768,MISS,Trajectory,0.0
135.8,A1002,A0100,B0100,4063.7808414424335,-5024.443608120833,-4860.248482206687,199.79590488595122,MISS,Trajectory,0.0
135.8,A2001,A0200,B0100,3580.3803068710727,-4824.688078547749,-5844.037298743643,199.95503738817882,MISS,Trajectory,0.0
135.8,A2002,A0200,B0100,3571.341006994724,-4816.5598783519345,-5800.313023753738,199.94567413755746,MISS,Trajectory,0.0
136.0,A1001,A0100,B0100,4072.2440190629345,-4992.286207487327,-4783.118977629151,199.9792575903768,MISS,Trajectory,0.0
136.0,A1002,A0100,B0100,4063.7808414424335,-5024.443608120833,-4860.248482206687,199.79590488595122,MISS,Trajectory,0.0
136.0,A2001,A0200,B0100,3580.3803068710727,-4824.688078547749,-5844.037298743643,199.95503738817882,MISS,Trajectory,0.0
136.0,A2002,A0200,B0100,3571.341006994724,-4816.5598783519345,-5800.313023753738,199.94567413755746,MISS,Trajectory,0.0
136.20000000000002,A1001,A0100,B0100,4072.2440190629345,-4992.286207487327,-4783.118977629151,199.9792575903768,MISS,Trajectory,0.0
136.20000000000002,A1002,A0100,B0100,4063.7808414424335,-5024.443608120833,-4860.248482206687,199.79590488595122,MISS,Trajectory,0.0
136.20000000000002,A2001,A0200,B0100,3580.3803068710727,-4824.688078547749,-5844.037298743643,199.95503738817882,MISS,Trajectory,0.0
136.20000000000002,A2002,A0200,B0100,3571.341006994724,-4816.5598783519345,-5800.313023753738,199.94567413755746,MISS,Trajectory,0.0
136.4,A1001,A0100,B0100,4072.2440190629345,-4992.286207487327,-4783.118977629151,199.9792575903768,MISS,Trajectory,0.0
136.4,A1002,A0100,B0100,4063.7808414424335,-5024.443608120833,-4860.248482206687,199.79590488595122,MISS,Trajectory,0.0
136.4,A2001,A0200,B0100,3580.3803068710727,-4824.688078547749,-5844.037298743643,199.95503738817882,MISS,Trajectory,0.0
136.4,A2002,A0200,B0100,3571.341006994724,-4816.5598783519345,-5800.313023753738,199.94567413755746,MISS,Trajectory,0.0
136.6,A1001,A0100,B0100,4072.2440190629345,-4992.286207487327,-4783.118977629151,199.9792575903768,MISS,Trajectory,0.0
136.6,A1002,A0100,B0100,4063.7808414424335,-5024.443608120833,-4860.248482206687,199.79590488595122,MISS,Trajectory,0.0
136.6,A2001,A0200,B0100,3580.3803068710727,-4824.688078547749,-5844.037298743643,199.95503738817882,MISS,Trajectory,0.0
136.6,A2002,A0200,B0100,3571.341006994724,-4816.5598783519345,-5800.313023753738,199.94567413755746,MISS,Trajectory,0.0
136.8,A1001,A0100,B0100,4072.2440190629345,-4992.286207487327,-4783.118977629151,199.9792575903768,MISS,Trajectory,0.0
136.8,A1002,A0100,B0100,4063.7808414424335,-5024.443608120833,-4860.248482206687,199.79590488595122,MISS,Trajectory,0.0
136.8,A2001,A0200,B0100,3580.3803068710727,-4824.688078547749,-5844.037298743643,199.95503738817882,MISS,Trajectory,0.0
136.8,A2002,A0200,B0100,3571.341006994724,-4816.5598783519345,-5800.313023753738,199.94567413755746,MISS,Trajectory,0.0
137.0,A1001,A0100,B0100,4072.2440190629345,-4992.286207487327,-4783.118977629151,199.9792575903768,MISS,Trajectory,0.0
137.0,A1002,A0100,B0100,4063.7808414424335,-5024.443608120833,-4860.248482206687,199.79590488595122,MISS,Trajectory,0.0
137.0,A2001,A0200,B0100,3580.3803068710727,-4824.688078547749,-5844.037298743643,199.95503738817882,MISS,Trajectory,0.0
137.0,A2002,A0200,B0100,3571.341006994724,-4816.5598783519345,-5800.313023753738,199.94567413755746,MISS,Trajectory,0.0
137.20000000000002,A1001,A0100,B0100,4072.2440190629345,-4992.286207487327,-4783.118977629151,199.9792575903768,MISS,Trajectory,0.0
137.20000000000002,A1002,A0100,B0100,4063.7808414424335,-5024.443608120833,-4860.248482206687,199.79590488595122,MISS,Trajectory,0.0
137.20000000000002,A2001,A0200,B0100,3580.3803068710727,-4824.688078547749,-5844.037298743643,199.95503738817882,MISS,Trajectory,0.0
137.20000000000002,A2002,A0200,B0100,3571.341006994724,-4816.5598783519345,-5800.313023753738,199.94567413755746,MISS,Trajectory,0.0
137.4,A1001,A0100,B0100,4072.2440190629345,-4992.286207487327,-4783.118977629151,199.9792575903768,MISS,Trajectory,0.0
137.4,A1002,A0100,B0100,4063.7808414424335,-5024.443608120833,-4860.248482206687,199.79590488595122,MISS,Trajectory,0.0
137.4,A2001,A0200,B0100,3580.3803068710727,-4824.688078547749,-5844.037298743643,199.95503738817882,MISS,Trajectory,0.0
137.4,A2002,A0200,B0100,3571.341006994724,-4816.5598783519345,-5800.313023753738,199.94567413755746,MISS,Trajectory,0.0
137.6,A1001,A0100,B0100,4072.2440190629345,-4992.286207487327,-4783.118977629151,199.9792575903768,MISS,Trajectory,0.0
137.6,A1002,A0100,B0100,4063.7808414424335,-5024.443608120833,-4860.248482206687,199.79590488595122,MISS,Trajectory,0.0
137.6,A2001,A0200,B0100,3580.3803068710727,-4824.688078547749,-5844.037298743643,199.95503738817882,MISS,Trajectory,0.0
137.6,A2002,A0200,B0100,3571.341006994724,-4816.5598783519345,-5800.313023753738,199.94567413755746,MISS,Trajectory,0.0
137.8,A1001,A0100,B0100,4072.2440190629345,-4992.286207487327,-4783.118977629151,199.9792575903768,MISS,Trajectory,0.0
137.8,A1002,A0100,B0100,4063.7808414424335,-5024.443608120833,-4860.248482206687,199.79590488595122,MISS,Trajectory,0.0
137.8,A2001,A0200,B0100,3580.3803068710727,-4824.688078547749,-5844.037298743643,199.95503738817882,MISS,Trajectory,0.0
137.8,A2002,A0200,B0100,3571.341006994724,-4816.5598783519345,-5800.313023753738,199.94567413755746,MISS,Trajectory,0.0
138.0,A1001,A0100,B0100,4072.2440190629345,-4992.286207487327,-4783.118977629151,199.9792575903768,MISS,Trajectory,0.0
138.0,A1002,A0100,B0100,4063.7808414424335,-5024.443608120833,-4860.248482206687,199.79590488595122,MISS,Trajectory,0.0
138.0,A2001,A0200,B0100,3580.3803068710727,-4824.688078547749,-5844.037298743643,199.95503738817882,MISS,Trajectory,0.0
138.0,A2002,A0200,B0100,3571.341006994724,-4816.5598783519345,-5800.313023753738,199.94567413755746,MISS,Trajectory,0.0
138.20000000000002,A1001,A0100,B0100,4072.2440190629345,-4992.286207487327,-4783.118977629151,199.9792575903768,MISS,Trajectory,0.0
138.20000000000002,A1002,A0100,B0100,4063.7808414424335,-5024.443608120833,-4860.248482206687,199.79590488595122,MISS,Trajectory,0.0
138.20000000000002,A2001,A0200,B0100,3580.3803068710727,-4824.688078547749,-5844.037298743643,199.95503738817882,MISS,Trajectory,0.0
138.20000000000002,A2002,A0200,B0100,3571.341006994724,-4816.5598783519345,-5800.313023753738,199.94567413755746,MISS,Trajectory,0.0
138.4,A1001,A0100,B0100,4072.2440190629345,-4992.286207487327,-4783.118977629151,199.9792575903768,MISS,Trajectory,0.0
138.4,A1002,A0100,B0100,4063.7808414424335,-5024.443608120833,-4860.248482206687,199.79590488595122,MISS,Trajectory,0.0
138.4,A2001,A0200,B0100,3580.3803068710727,-4824.688078547749,-5844.037298743643,199.95503738817882,MISS,Trajectory,0.0
138.4,A2002,A0200,B0100,3571.341006994724,-4816.5598783519345,-5800.313023753738,199.94567413755746,MISS,Trajectory,0.0
138.6,A1001,A0100,B0100,4072.2440190629345,-4992.286207487327,-4783.118977629151,199.9792575903768,MISS,Trajectory,0.0
138.6,A1002,A0100,B0100,4063.7808414424335,-5024.443608120833,-4860.248482206687,199.79590488595122,MISS,Trajectory,0.0
138.6,A2001,A0200,B0100,3580.3803068710727,-4824.688078547749,-5844.037298743643,199.95503738817882,MISS,Trajectory,0.0
138.6,A2002,A0200,B0100,3571.341006994724,-4816.5598783519345,-5800.313023753738,199.94567413755746,MISS,Trajectory,0.0
138.8,A1001,A0100,B0100,4072.2440190629345,-4992.286207487327,-4783.118977629151,199.9792575903768,MISS,Trajectory,0.0
138.8,A1002,A0100,B0100,4063.7808414424335,-5024.443608120833,-4860.248482206687,199.79590488595122,MISS,Trajectory,0.0
138.8,A2001,A0200,B0100,3580.3803068710727,-4824.688078547749,-5844.037298743643,199.95503738817882,MISS,Trajectory,0.0
138.8,A2002,A0200,B0100,3571.341006994724,-4816.5598783519345,-5800.313023753738,199.94567413755746,MISS,Trajectory,0.0
139.0,A1001,A0100,B0100,4072.2440190629345,-4992.286207487327,-4783.118977629151,199.9792575903768,MISS,Trajectory,0.0
139.0,A1002,A0100,B0100,4063.7808414424335,-5024.443608120833,-4860.248482206687,199.79590488595122,MISS,Trajectory,0.0
139.0,A2001,A0200,B0100,3580.3803068710727,-4824.688078547749,-5844.037298743643,199.95503738817882,MISS,Trajectory,0.0
139.0,A2002,A0200,B0100,3571.341006994724,-4816.5598783519345,-5800.313023753738,199.94567413755746,MISS,Trajectory,0.0
139.20000000000002,A1001,A0100,B0100,4072.2440190629345,-4992.286207487327,-4783.118977629151,199.9792575903768,MISS,Trajectory,0.0
139.20000000000002,A1002,A0100,B0100,4063.7808414424335,-5024.443608120833,-4860.248482206687,199.79590488595122,MISS,Trajectory,0.0
139.20000000000002,A2001,A0200,B0100,3580.3803068710727,-4824.688078547749,-5844.037298743643,199.95503738817882,MISS,Trajectory,0.0
139.20000000000002,A2002,A0200,B0100,3571.341006994724,-4816.5598783519345,-5800.313023753738,199.94567413755746,MISS,Trajectory,0.0
139.4,A1001,A0100,B0100,4072.2440190629345,-4992.286207487327,-4783.118977629151,199.9792575903768,MISS,Trajectory,0.0
139.4,A1002,A0100,B0100,4063.7808414424335,-5024.443608120833,-4860.248482206687,199.79590488595122,MISS,Trajectory,0.0
139.4,A2001,A0200,B0100,3580.3803068710727,-4824.688078547749,-5844.037298743643,199.95503738817882,MISS,Trajectory,0.0
139.4,A2002,A0200,B0100,3571.341006994724,-4816.5598783519345,-5800.313023753738,199.94567413755746,MISS,Trajectory,0.0
139.6,A1001,A0100,B0100,4072.2440190629345,-4992.286207487327,-4783.118977629151,199.9792575903768,MISS,Trajectory,0.0
139.6,A1002,A0100,B0100,4063.7808414424335,-5024.443608120833,-4860.248482206687,199.79590488595122,MISS,Trajectory,0.0
139.6,A2001,A0200,B0100,3580.3803068710727,-4824.688078547749,-5844.037298743643,199.95503738817882,MISS,Trajectory,0.0
139.6,A2002,A0200,B0100,3571.341006994724,-4816.5598783519345,-5800.313023753738,199.94567413755746,MISS,Trajectory,0.0
139.8,A1001,A0100,B0100,4072.2440190629345,-4992.286207487327,-4783.118977629151,199.9792575903768,MISS,Trajectory,0.0
139.8,A1002,A0100,B0100,4063.7808414424335,-5024.443608120833,-4860.248482206687,199.79590488595122,MISS,Trajectory,0.0
139.8,A2001,A0200,B0100,3580.3803068710727,-4824.688078547749,-5844.037298743643,199.95503738817882,MISS,Trajectory,0.0
139.8,A2002,A0200,B0100,3571.341006994724,-4816.5598783519345,-5800.313023753738,199.94567413755746,MISS,Trajectory,0.0
140.0,A1001,A0100,B0100,4072.2440190629345,-4992.286207487327,-4783.118977629151,199.9792575903768,MISS,Trajectory,0.0
140.0,A1002,A0100,B0100,4063.7808414424335,-5024.443608120833,-4860.248482206687,199.79590488595122,MISS,Trajectory,0.0
140.0,A2001,A0200,B0100,3580.3803068710727,-4824.688078547749,-5844.037298743643,199.95503738817882,MISS,Trajectory,0.0
140.0,A2002,A0200,B0100,3571.341006994724,-4816.5598783519345,-5800.313023753738,199.94567413755746,MISS,Trajectory,0.0
140.20000000000002,A1001,A0100,B0100,4072.2440190629345,-4992.286207487327,-4783.118977629151,199.9792575903768,MISS,Trajectory,0.0
140.20000000000002,A1002,A0100,B0100,4063.7808414424335,-5024.443608120833,-4860.248482206687,199.79590488595122,MISS,Trajectory,0.0
140.20000000000002,A2001,A0200,B0100,3580.3803068710727,-4824.688078547749,-5844.037298743643,199.95503738817882,MISS,Trajectory,0.0
140.20000000000002,A2002,A0200,B0100,3571.341006994724,-4816.5598783519345,-5800.313023753738,199.94567413755746,MISS,Trajectory,0.0
140.4,A1001,A0100,B0100,4072.2440190629345,-4992.286207487327,-4783.118977629151,199.9792575903768,MISS,Trajectory,0.0
140.4,A1002,A0100,B0100,4063.7808414424335,-5024.443608120833,-4860.248482206687,199.79590488595122,MISS,Trajectory,0.0
140.4,A2001,A0200,B0100,3580.3803068710727,-4824.688078547749,-5844.037298743643,199.95503738817882,MISS,Trajectory,0.0
140.4,A2002,A0200,B0100,3571.341006994724,-4816.5598783519345,-5800.313023753738,199.94567413755746,MISS,Trajectory,0.0
140.6,A1001,A0100,B0100,4072.2440190629345,-4992.286207487327,-4783.118977629151,199.9792575903768,MISS,Trajectory,0.0
140.6,A1002,A0100,B0100,4063.7808414424335,-5024.443608120833,-4860.248482206687,199.79590488595122,MISS,Trajectory,0.0
140.6,A2001,A0200,B0100,3580.3803068710727,-4824.688078547749,-5844.037298743643,199.95503738817882,MISS,Trajectory,0.0
140.6,A2002,A0200,B0100,3571.341006994724,-4816.5598783519345,-5800.313023753738,199.94567413755746,MISS,Trajectory,0.0
140.8,A1001,A0100,B0100,4072.2440190629345,-4992.286207487327,-4783.118977629151,199.9792575903768,MISS,Trajectory,0.0
140.8,A1002,A0100,B0100,4063.7808414424335,-5024.443608120833,-4860.248482206687,199.79590488595122,MISS,Trajectory,0.0
140.8,A2001,A0200,B0100,3580.3803068710727,-4824.688078547749,-5844.037298743643,199.95503738817882,MISS,Trajectory,0.0
140.8,A2002,A0200,B0100,3571.341006994724,-4816.5598783519345,-5800.313023753738,199.94567413755746,MISS,Trajectory,0.0
141.0,A1001,A0100,B0100,4072.2440190629345,-4992.286207487327,-4783.118977629151,199.9792575903768,MISS,Trajectory,0.0
141.0,A1002,A0100,B0100,4063.7808414424335,-5024.443608120833,-4860.248482206687,199.79590488595122,MISS,Trajectory,0.0
141.0,A2001,A0200,B0100,3580.3803068710727,-4824.688078547749,-5844.037298743643,199.95503738817882,MISS,Trajectory,0.0
141.0,A2002,A0200,B0100,3571.341006994724,-4816.5598783519345,-5800.313023753738,199.94567413755746,MISS,Trajectory,0.0
141.20000000000002,A1001,A0100,B0100,4072.2440190629345,-4992.286207487327,-4783.118977629151,199.9792575903768,MISS,Trajectory,0.0
141.20000000000002,A1002,A0100,B0100,4063.7808414424335,-5024.443608120833,-4860.248482206687,199.79590488595122,MISS,Trajectory,0.0
141.20000000000002,A2001,A0200,B0100,3580.3803068710727,-4824.688078547749,-5844.037298743643,199.95503738817882,MISS,Trajectory,0.0
141.20000000000002,A2002,A0200,B0100,3571.341006994724,-4816.5598783519345,-5800.313023753738,199.94567413755746,MISS,Trajectory,0.0
141.4,A1001,A0100,B0100,4072.2440190629345,-4992.286207487327,-4783.118977629151,199.9792575903768,MISS,Trajectory,0.0
141.4,A1002,A0100,B0100,4063.7808414424335,-5024.443608120833,-4860.248482206687,199.79590488595122,MISS,Trajectory,0.0
141.4,A2001,A0200,B0100,3580.3803068710727,-4824.688078547749,-5844.037298743643,199.95503738817882,MISS,Trajectory,0.0
141.4,A2002,A0200,B0100,3571.341006994724,-4816.5598783519345,-5800.313023753738,199.94567413755746,MISS,Trajectory,0.0
141.6,A1001,A0100,B0100,4072.2440190629345,-4992.286207487327,-4783.118977629151,199.9792575903768,MISS,Trajectory,0.0
141.6,A1002,A0100,B0100,4063.7808414424335,-5024.443608120833,-4860.248482206687,199.79590488595122,MISS,Trajectory,0.0
141.6,A2001,A0200,B0100,3580.3803068710727,-4824.688078547749,-5844.037298743643,199.95503738817882,MISS,Trajectory,0.0
141.6,A2002,A0200,B0100,3571.341006994724,-4816.5598783519345,-5800.313023753738,199.94567413755746,MISS,Trajectory,0.0
141.8,A1001,A0100,B0100,4072.2440190629345,-4992.286207487327,-4783.118977629151,199.9792575903768,MISS,Trajectory,0.0
141.8,A1002,A0100,B0100,4063.7808414424335,-5024.443608120833,-4860.248482206687,199.79590488595122,MISS,Trajectory,0.0
141.8,A2001,A0200,B0100,3580.3803068710727,-4824.688078547749,-5844.037298743643,199.95503738817882,MISS,Trajectory,0.0
141.8,A2002,A0200,B0100,3571.341006994724,-4816.5598783519345,-5800.313023753738,199.94567413755746,MISS,Trajectory,0.0
142.0,A1001,A0100,B0100,4072.2440190629345,-4992.286207487327,-4783.118977629151,199.9792575903768,MISS,Trajectory,0.0
142.0,A1002,A0100,B0100,4063.7808414424335,-5024.443608120833,-4860.248482206687,199.79590488595122,MISS,Trajectory,0.0
142.0,A2001,A0200,B0100,3580.3803068710727,-4824.688078547749,-5844.037298743643,199.95503738817882,MISS,Trajectory,0.0
142.0,A2002,A0200,B0100,3571.341006994724,-4816.5598783519345,-5800.313023753738,199.94567413755746,MISS,Trajectory,0.0
142.20000000000002,A1001,A0100,B0100,4072.2440190629345,-4992.286207487327,-4783.118977629151,199.9792575903768,MISS,Trajectory,0.0
142.20000000000002,A1002,A0100,B0100,4063.7808414424335,-5024.443608120833,-4860.248482206687,199.79590488595122,MISS,Trajectory,0.0
142.20000000000002,A2001,A0200,B0100,3580.3803068710727,-4824.688078547749,-5844.037298743643,199.95503738817882,MISS,Trajectory,0.0
142.20000000000002,A2002,A0200,B0100,3571.341006994724,-4816.5598783519345,-5800.313023753738,199.94567413755746,MISS,Trajectory,0.0
142.4,A1001,A0100,B0100,4072.2440190629345,-4992.286207487327,-4783.118977629151,199.9792575903768,MISS,Trajectory,0.0
142.4,A1002,A0100,B0100,4063.7808414424335,-5024.443608120833,-4860.248482206687,199.79590488595122,MISS,Trajectory,0.0
142.4,A2001,A0200,B0100,3580.3803068710727,-4824.688078547749,-5844.037298743643,199.95503738817882,MISS,Trajectory,0.0
142.4,A2002,A0200,B0100,3571.341006994724,-4816.5598783519345,-5800.313023753738,199.94567413755746,MISS,Trajectory,0.0
142.6,A1001,A0100,B0100,4072.2440190629345,-4992.286207487327,-4783.118977629151,199.9792575903768,MISS,Trajectory,0.0
142.6,A1002,A0100,B0100,4063.7808414424335,-5024.443608120833,-4860.248482206687,199.79590488595122,MISS,Trajectory,0.0
142.6,A2001,A0200,B0100,3580.3803068710727,-4824.688078547749,-5844.037298743643,199.95503738817882,MISS,Trajectory,0.0
142.6,A2002,A0200,B0100,3571.341006994724,-4816.5598783519345,-5800.313023753738,199.94567413755746,MISS,Trajectory,0.0
142.8,A1001,A0100,B0100,4072.2440190629345,-4992.286207487327,-4783.118977629151,199.9792575903768,MISS,Trajectory,0.0
142.8,A1002,A0100,B0100,4063.7808414424335,-5024.443608120833,-4860.248482206687,199.79590488595122,MISS,Trajectory,0.0
142.8,A2001,A0200,B0100,3580.3803068710727,-4824.688078547749,-5844.037298743643,199.95503738817882,MISS,Trajectory,0.0
142.8,A2002,A0200,B0100,3571.341006994724,-4816.5598783519345,-5800.313023753738,199.94567413755746,MISS,Trajectory,0.0
143.0,A1001,A0100,B0100,4072.2440190629345,-4992.286207487327,-4783.118977629151,199.9792575903768,MISS,Trajectory,0.0
143.0,A1002,A0100,B0100,4063.7808414424335,-5024.443608120833,-4860.248482206687,199.79590488595122,MISS,Trajectory,0.0
143.0,A2001,A0200,B0100,3580.3803068710727,-4824.688078547749,-5844.037298743643,199.95503738817882,MISS,Trajectory,0.0
143.0,A2002,A0200,B0100,3571.341006994724,-4816.5598783519345,-5800.313023753738,199.94567413755746,MISS,Trajectory,0.0
143.20000000000002,A1001,A0100,B0100,4072.2440190629345,-4992.286207487327,-4783.118977629151,199.9792575903768,MISS,Trajectory,0.0
143.20000000000002,A1002,A0100,B0100,4063.7808414424335,-5024.443608120833,-4860.248482206687,199.79590488595122,MISS,Trajectory,0.0
143.20000000000002,A2001,A0200,B0100,3580.3803068710727,-4824.688078547749,-5844.037298743643,199.95503738817882,MISS,Trajectory,0.0
143.20000000000002,A2002,A0200,B0100,3571.341006994724,-4816.5598783519345,-5800.313023753738,199.94567413755746,MISS,Trajectory,0.0
143.4,A1001,A0100,B0100,4072.2440190629345,-4992.286207487327,-4783.118977629151,199.9792575903768,MISS,Trajectory,0.0
143.4,A1002,A0100,B0100,4063.7808414424335,-5024.443608120833,-4860.248482206687,199.79590488595122,MISS,Trajectory,0.0
143.4,A2001,A0200,B0100,3580.3803068710727,-4824.688078547749,-5844.037298743643,199.95503738817882,MISS,Trajectory,0.0
143.4,A2002,A0200,B0100,3571.341006994724,-4816.5598783519345,-5800.313023753738,199.94567413755746,MISS,Trajectory,0.0
143.6,A1001,A0100,B0100,4072.2440190629345,-4992.286207487327,-4783.118977629151,199.9792575903768,MISS,Trajectory,0.0
143.6,A1002,A0100,B0100,4063.7808414424335,-5024.443608120833,-4860.248482206687,199.79590488595122,MISS,Trajectory,0.0
143.6,A2001,A0200,B0100,3580.3803068710727,-4824.688078547749,-5844.037298743643,199.95503738817882,MISS,Trajectory,0.0
143.6,A2002,A0200,B0100,3571.341006994724,-4816.5598783519345,-5800.313023753738,199.94567413755746,MISS,Trajectory,0.0
143.8,A1001,A0100,B0100,4072.2440190629345,-4992.286207487327,-4783.118977629151,199.9792575903768,MISS,Trajectory,0.0
143.8,A1002,A0100,B0100,4063.7808414424335,-5024.443608120833,-4860.248482206687,199.79590488595122,MISS,Trajectory,0.0
143.8,A2001,A0200,B0100,3580.3803068710727,-4824.688078547749,-5844.037298743643,199.95503738817882,MISS,Trajectory,0.0
143.8,A2002,A0200,B0100,3571.341006994724,-4816.5598783519345,-5800.313023753738,199.94567413755746,MISS,Trajectory,0.0
144.0,A1001,A0100,B0100,4072.2440190629345,-4992.286207487327,-4783.118977629151,199.9792575903768,MISS,Trajectory,0.0
144.0,A1002,A0100,B0100,4063.7808414424335,-5024.443608120833,-4860.248482206687,199.79590488595122,MISS,Trajectory,0.0
144.0,A2001,A0200,B0100,3580.3803068710727,-4824.688078547749,-5844.037298743643,199.95503738817882,MISS,Trajectory,0.0
144.0,A2002,A0200,B0100,3571.341006994724,-4816.5598783519345,-5800.313023753738,199.94567413755746,MISS,Trajectory,0.0
144.20000000000002,A1001,A0100,B0100,4072.2440190629345,-4992.286207487327,-4783.118977629151,199.9792575903768,MISS,Trajectory,0.0
144.20000000000002,A1002,A0100,B0100,4063.7808414424335,-5024.443608120833,-4860.248482206687,199.79590488595122,MISS,Trajectory,0.0
144.20000000000002,A2001,A0200,B0100,3580.3803068710727,-4824.688078547749,-5844.037298743643,199.95503738817882,MISS,Trajectory,0.0
144.20000000000002,A2002,A0200,B0100,3571.341006994724,-4816.5598783519345,-5800.313023753738,199.94567413755746,MISS,Trajectory,0.0
144.4,A1001,A0100,B0100,4072.2440190629345,-4992.286207487327,-4783.118977629151,199.9792575903768,MISS,Trajectory,0.0
144.4,A1002,A0100,B0100,4063.7808414424335,-5024.443608120833,-4860.248482206687,199.79590488595122,MISS,Trajectory,0.0
144.4,A2001,A0200,B0100,3580.3803068710727,-4824.688078547749,-5844.037298743643,199.95503738817882,MISS,Trajectory,0.0
144.4,A2002,A0200,B0100,3571.341006994724,-4816.5598783519345,-5800.313023753738,199.94567413755746,MISS,Trajectory,0.0
144.6,A1001,A0100,B0100,4072.2440190629345,-4992.286207487327,-4783.118977629151,199.9792575903768,MISS,Trajectory,0.0
144.6,A1002,A0100,B0100,4063.7808414424335,-5024.443608120833,-4860.248482206687,199.79590488595122,MISS,Trajectory,0.0
144.6,A2001,A0200,B0100,3580.3803068710727,-4824.688078547749,-5844.037298743643,199.95503738817882,MISS,Trajectory,0.0
144.6,A2002,A0200,B0100,3571.341006994724,-4816.5598783519345,-5800.313023753738,199.94567413755746,MISS,Trajectory,0.0
144.8,A1001,A0100,B0100,4072.2440190629345,-4992.286207487327,-4783.118977629151,199.9792575903768,MISS,Trajectory,0.0
144.8,A1002,A0100,B0100,4063.7808414424335,-5024.443608120833,-4860.248482206687,199.79590488595122,MISS,Trajectory,0.0
144.8,A2001,A0200,B0100,3580.3803068710727,-4824.688078547749,-5844.037298743643,199.95503738817882,MISS,Trajectory,0.0
144.8,A2002,A0200,B0100,3571.341006994724,-4816.5598783519345,-5800.313023753738,199.94567413755746,MISS,Trajectory,0.0
145.0,A1001,A0100,B0100,4072.2440190629345,-4992.286207487327,-4783.118977629151,199.9792575903768,MISS,Trajectory,0.0
145.0,A1002,A0100,B0100,4063.7808414424335,-5024.443608120833,-4860.248482206687,199.79590488595122,MISS,Trajectory,0.0
145.0,A2001,A0200,B0100,3580.3803068710727,-4824.688078547749,-5844.037298743643,199.95503738817882,MISS,Trajectory,0.0
145.0,A2002,A0200,B0100,3571.341006994724,-4816.5598783519345,-5800.313023753738,199.94567413755746,MISS,Trajectory,0.0
145.20000000000002,A1001,A0100,B0100,4072.2440190629345,-4992.286207487327,-4783.118977629151,199.9792575903768,MISS,Trajectory,0.0
145.20000000000002,A1002,A0100,B0100,4063.7808414424335,-5024.443608120833,-4860.248482206687,199.79590488595122,MISS,Trajectory,0.0
145.20000000000002,A2001,A0200,B0100,3580.3803068710727,-4824.688078547749,-5844.037298743643,199.95503738817882,MISS,Trajectory,0.0
145.20000000000002,A2002,A0200,B0100,3571.341006994724,-4816.5598783519345,-5800.313023753738,199.94567413755746,MISS,Trajectory,0.0
145.4,A1001,A0100,B0100,4072.2440190629345,-4992.286207487327,-4783.118977629151,199.9792575903768,MISS,Trajectory,0.0
145.4,A1002,A0100,B0100,4063.7808414424335,-5024.443608120833,-4860.248482206687,199.79590488595122,MISS,Trajectory,0.0
145.4,A2001,A0200,B0100,3580.3803068710727,-4824.688078547749,-5844.037298743643,199.95503738817882,MISS,Trajectory,0.0
145.4,A2002,A0200,B0100,3571.341006994724,-4816.5598783519345,-5800.313023753738,199.94567413755746,MISS,Trajectory,0.0
145.6,A1001,A0100,B0100,4072.2440190629345,-4992.286207487327,-4783.118977629151,199.9792575903768,MISS,Trajectory,0.0
145.6,A1002,A0100,B0100,4063.7808414424335,-5024.443608120833,-4860.248482206687,199.79590488595122,MISS,Trajectory,0.0
145.6,A2001,A0200,B0100,3580.3803068710727,-4824.688078547749,-5844.037298743643,199.95503738817882,MISS,Trajectory,0.0
145.6,A2002,A0200,B0100,3571.341006994724,-4816.5598783519345,-5800.313023753738,199.94567413755746,MISS,Trajectory,0.0
145.8,A1001,A0100,B0100,4072.2440190629345,-4992.286207487327,-4783.118977629151,199.9792575903768,MISS,Trajectory,0.0
145.8,A1002,A0100,B0100,4063.7808414424335,-5024.443608120833,-4860.248482206687,199.79590488595122,MISS,Trajectory,0.0
145.8,A2001,A0200,B0100,3580.3803068710727,-4824.688078547749,-5844.037298743643,199.95503738817882,MISS,Trajectory,0.0
145.8,A2002,A0200,B0100,3571.341006994724,-4816.5598783519345,-5800.313023753738,199.94567413755746,MISS,Trajectory,0.0
146.0,A1001,A0100,B0100,4072.2440190629345,-4992.286207487327,-4783.118977629151,199.9792575903768,MISS,Trajectory,0.0
146.0,A1002,A0100,B0100,4063.7808414424335,-5024.443608120833,-4860.248482206687,199.79590488595122,MISS,Trajectory,0.0
146.0,A2001,A0200,B0100,3580.3803068710727,-4824.688078547749,-5844.037298743643,199.95503738817882,MISS,Trajectory,0.0
146.0,A2002,A0200,B0100,3571.341006994724,-4816.5598783519345,-5800.313023753738,199.94567413755746,MISS,Trajectory,0.0
146.20000000000002,A1001,A0100,B0100,4072.2440190629345,-4992.286207487327,-4783.118977629151,199.9792575903768,MISS,Trajectory,0.0
146.20000000000002,A1002,A0100,B0100,4063.7808414424335,-5024.443608120833,-4860.248482206687,199.79590488595122,MISS,Trajectory,0.0
146.20000000000002,A2001,A0200,B0100,3580.3803068710727,-4824.688078547749,-5844.037298743643,199.95503738817882,MISS,Trajectory,0.0
146.20000000000002,A2002,A0200,B0100,3571.341006994724,-4816.5598783519345,-5800.313023753738,199.94567413755746,MISS,Trajectory,0.0
146.4,A1001,A0100,B0100,4072.2440190629345,-4992.286207487327,-4783.118977629151,199.9792575903768,MISS,Trajectory,0.0
146.4,A1002,A0100,B0100,4063.7808414424335,-5024.443608120833,-4860.248482206687,199.79590488595122,MISS,Trajectory,0.0
146.4,A2001,A0200,B0100,3580.3803068710727,-4824.688078547749,-5844.037298743643,199.95503738817882,MISS,Trajectory,0.0
146.4,A2002,A0200,B0100,3571.341006994724,-4816.5598783519345,-5800.313023753738,199.94567413755746,MISS,Trajectory,0.0
146.6,A1001,A0100,B0100,4072.2440190629345,-4992.286207487327,-4783.118977629151,199.9792575903768,MISS,Trajectory,0.0
146.6,A1002,A0100,B0100,4063.7808414424335,-5024.443608120833,-4860.248482206687,199.79590488595122,MISS,Trajectory,0.0
146.6,A2001,A0200,B0100,3580.3803068710727,-4824.688078547749,-5844.037298743643,199.95503738817882,MISS,Trajectory,0.0
146.6,A2002,A0200,B0100,3571.341006994724,-4816.5598783519345,-5800.313023753738,199.94567413755746,MISS,Trajectory,0.0
146.8,A1001,A0100,B0100,4072.2440190629345,-4992.286207487327,-4783.118977629151,199.9792575903768,MISS,Trajectory,0.0
146.8,A1002,A0100,B0100,4063.7808414424335,-5024.443608120833,-4860.248482206687,199.79590488595122,MISS,Trajectory,0.0
146.8,A2001,A0200,B0100,3580.3803068710727,-4824.688078547749,-5844.037298743643,199.95503738817882,MISS,Trajectory,0.0
146.8,A2002,A0200,B0100,3571.341006994724,-4816.5598783519345,-5800.313023753738,199.94567413755746,MISS,Trajectory,0.0
147.0,A1001,A0100,B0100,4072.2440190629345,-4992.286207487327,-4783.118977629151,199.9792575903768,MISS,Trajectory,0.0
147.0,A1002,A0100,B0100,4063.7808414424335,-5024.443608120833,-4860.248482206687,199.79590488595122,MISS,Trajectory,0.0
147.0,A2001,A0200,B0100,3580.3803068710727,-4824.688078547749,-5844.037298743643,199.95503738817882,MISS,Trajectory,0.0
147.0,A2002,A0200,B0100,3571.341006994724,-4816.5598783519345,-5800.313023753738,199.94567413755746,MISS,Trajectory,0.0
147.20000000000002,A1001,A0100,B0100,4072.2440190629345,-4992.286207487327,-4783.118977629151,199.9792575903768,MISS,Trajectory,0.0
147.20000000000002,A1002,A0100,B0100,4063.7808414424335,-5024.443608120833,-4860.248482206687,199.79590488595122,MISS,Trajectory,0.0
147.20000000000002,A2001,A0200,B0100,3580.3803068710727,-4824.688078547749,-5844.037298743643,199.95503738817882,MISS,Trajectory,0.0
147.20000000000002,A2002,A0200,B0100,3571.341006994724,-4816.5598783519345,-5800.313023753738,199.94567413755746,MISS,Trajectory,0.0
147.4,A1001,A0100,B0100,4072.2440190629345,-4992.286207487327,-4783.118977629151,199.9792575903768,MISS,Trajectory,0.0
147.4,A1002,A0100,B0100,4063.7808414424335,-5024.443608120833,-4860.248482206687,199.79590488595122,MISS,Trajectory,0.0
147.4,A2001,A0200,B0100,3580.3803068710727,-4824.688078547749,-5844.037298743643,199.95503738817882,MISS,Trajectory,0.0
147.4,A2002,A0200,B0100,3571.341006994724,-4816.5598783519345,-5800.313023753738,199.94567413755746,MISS,Trajectory,0.0
147.6,A1001,A0100,B0100,4072.2440190629345,-4992.286207487327,-4783.118977629151,199.9792575903768,MISS,Trajectory,0.0
147.6,A1002,A0100,B0100,4063.7808414424335,-5024.443608120833,-4860.248482206687,199.79590488595122,MISS,Trajectory,0.0
147.6,A2001,A0200,B0100,3580.3803068710727,-4824.688078547749,-5844.037298743643,199.95503738817882,MISS,Trajectory,0.0
147.6,A2002,A0200,B0100,3571.341006994724,-4816.5598783519345,-5800.313023753738,199.94567413755746,MISS,Trajectory,0.0
147.8,A1001,A0100,B0100,4072.2440190629345,-4992.286207487327,-4783.118977629151,199.9792575903768,MISS,Trajectory,0.0
147.8,A1002,A0100,B0100,4063.7808414424335,-5024.443608120833,-4860.248482206687,199.79590488595122,MISS,Trajectory,0.0
147.8,A2001,A0200,B0100,3580.3803068710727,-4824.688078547749,-5844.037298743643,199.95503738817882,MISS,Trajectory,0.0
147.8,A2002,A0200,B0100,3571.341006994724,-4816.5598783519345,-5800.313023753738,199.94567413755746,MISS,Trajectory,0.0
148.0,A1001,A0100,B0100,4072.2440190629345,-4992.286207487327,-4783.118977629151,199.9792575903768,MISS,Trajectory,0.0
148.0,A1002,A0100,B0100,4063.7808414424335,-5024.443608120833,-4860.248482206687,199.79590488595122,MISS,Trajectory,0.0
148.0,A2001,A0200,B0100,3580.3803068710727,-4824.688078547749,-5844.037298743643,199.95503738817882,MISS,Trajectory,0.0
148.0,A2002,A0200,B0100,3571.341006994724,-4816.5598783519345,-5800.313023753738,199.94567413755746,MISS,Trajectory,0.0
148.20000000000002,A1001,A0100,B0100,4072.2440190629345,-4992.286207487327,-4783.118977629151,199.9792575903768,MISS,Trajectory,0.0
148.20000000000002,A1002,A0100,B0100,4063.7808414424335,-5024.443608120833,-4860.248482206687,199.79590488595122,MISS,Trajectory,0.0
148.20000000000002,A2001,A0200,B0100,3580.3803068710727,-4824.688078547749,-5844.037298743643,199.95503738817882,MISS,Trajectory,0.0
148.20000000000002,A2002,A0200,B0100,3571.341006994724,-4816.5598783519345,-5800.313023753738,199.94567413755746,MISS,Trajectory,0.0
148.4,A1001,A0100,B0100,4072.2440190629345,-4992.286207487327,-4783.118977629151,199.9792575903768,MISS,Trajectory,0.0
148.4,A1002,A0100,B0100,4063.7808414424335,-5024.443608120833,-4860.248482206687,199.79590488595122,MISS,Trajectory,0.0
148.4,A2001,A0200,B0100,3580.3803068710727,-4824.688078547749,-5844.037298743643,199.95503738817882,MISS,Trajectory,0.0
148.4,A2002,A0200,B0100,3571.341006994724,-4816.5598783519345,-5800.313023753738,199.94567413755746,MISS,Trajectory,0.0
148.6,A1001,A0100,B0100,4072.2440190629345,-4992.286207487327,-4783.118977629151,199.9792575903768,MISS,Trajectory,0.0
148.6,A1002,A0100,B0100,4063.7808414424335,-5024.443608120833,-4860.248482206687,199.79590488595122,MISS,Trajectory,0.0
148.6,A2001,A0200,B0100,3580.3803068710727,-4824.688078547749,-5844.037298743643,199.95503738817882,MISS,Trajectory,0.0
148.6,A2002,A0200,B0100,3571.341006994724,-4816.5598783519345,-5800.313023753738,199.94567413755746,MISS,Trajectory,0.0
148.8,A1001,A0100,B0100,4072.2440190629345,-4992.286207487327,-4783.118977629151,199.9792575903768,MISS,Trajectory,0.0
148.8,A1002,A0100,B0100,4063.7808414424335,-5024.443608120833,-4860.248482206687,199.79590488595122,MISS,Trajectory,0.0
148.8,A2001,A0200,B0100,3580.3803068710727,-4824.688078547749,-5844.037298743643,199.95503738817882,MISS,Trajectory,0.0
148.8,A2002,A0200,B0100,3571.341006994724,-4816.5598783519345,-5800.313023753738,199.94567413755746,MISS,Trajectory,0.0
149.0,A1001,A0100,B0100,4072.2440190629345,-4992.286207487327,-4783.118977629151,199.9792575903768,MISS,Trajectory,0.0
149.0,A1002,A0100,B0100,4063.7808414424335,-5024.443608120833,-4860.248482206687,199.79590488595122,MISS,Trajectory,0.0
149.0,A2001,A0200,B0100,3580.3803068710727,-4824.688078547749,-5844.037298743643,199.95503738817882,MISS,Trajectory,0.0
149.0,A2002,A0200,B0100,3571.341006994724,-4816.5598783519345,-5800.313023753738,199.94567413755746,MISS,Trajectory,0.0
149.20000000000002,A1001,A0100,B0100,4072.2440190629345,-4992.286207487327,-4783.118977629151,199.9792575903768,MISS,Trajectory,0.0
149.20000000000002,A1002,A0100,B0100,4063.7808414424335,-5024.443608120833,-4860.248482206687,199.79590488595122,MISS,Trajectory,0.0
149.20000000000002,A2001,A0200,B0100,3580.3803068710727,-4824.688078547749,-5844.037298743643,199.95503738817882,MISS,Trajectory,0.0
149.20000000000002,A2002,A0200,B0100,3571.341006994724,-4816.5598783519345,-5800.313023753738,199.94567413755746,MISS,Trajectory,0.0
149.4,A1001,A0100,B0100,4072.2440190629345,-4992.286207487327,-4783.118977629151,199.9792575903768,MISS,Trajectory,0.0
149.4,A1002,A0100,B0100,4063.7808414424335,-5024.443608120833,-4860.248482206687,199.79590488595122,MISS,Trajectory,0.0
149.4,A2001,A0200,B0100,3580.3803068710727,-4824.688078547749,-5844.037298743643,199.95503738817882,MISS,Trajectory,0.0
149.4,A2002,A0200,B0100,3571.341006994724,-4816.5598783519345,-5800.313023753738,199.94567413755746,MISS,Trajectory,0.0
149.6,A1001,A0100,B0100,4072.2440190629345,-4992.286207487327,-4783.118977629151,199.9792575903768,MISS,Trajectory,0.0
149.6,A1002,A0100,B0100,4063.7808414424335,-5024.443608120833,-4860.248482206687,199.79590488595122,MISS,Trajectory,0.0
149.6,A2001,A0200,B0100,3580.3803068710727,-4824.688078547749,-5844.037298743643,199.95503738817882,MISS,Trajectory,0.0
149.6,A2002,A0200,B0100,3571.341006994724,-4816.5598783519345,-5800.313023753738,199.94567413755746,MISS,Trajectory,0.0
149.8,A1001,A0100,B0100,4072.2440190629345,-4992.286207487327,-4783.118977629151,199.9792575903768,MISS,Trajectory,0.0
149.8,A1002,A0100,B0100,4063.7808414424335,-5024.443608120833,-4860.248482206687,199.79590488595122,MISS,Trajectory,0.0
149.8,A2001,A0200,B0100,3580.3803068710727,-4824.688078547749,-5844.037298743643,199.95503738817882,MISS,Trajectory,0.0
149.8,A2002,A0200,B0100,3571.341006994724,-4816.5598783519345,-5800.313023753738,199.94567413755746,MISS,Trajectory,0.0
150.0,A1001,A0100,B0100,4072.2440190629345,-4992.286207487327,-4783.118977629151,199.9792575903768,MISS,Trajectory,0.0
150.0,A1002,A0100,B0100,4063.7808414424335,-5024.443608120833,-4860.248482206687,199.79590488595122,MISS,Trajectory,0.0
150.0,A2001,A0200,B0100,3580.3803068710727,-4824.688078547749,-5844.037298743643,199.95503738817882,MISS,Trajectory,0.0
150.0,A2002,A0200,B0100,3571.341006994724,-4816.5598783519345,-5800.313023753738,199.94567413755746,MISS,Trajectory,0.0
150.20000000000002,A1001,A0100,B0100,4072.2440190629345,-4992.286207487327,-4783.118977629151,199.9792575903768,MISS,Trajectory,0.0
150.20000000000002,A1002,A0100,B0100,4063.7808414424335,-5024.443608120833,-4860.248482206687,199.79590488595122,MISS,Trajectory,0.0
150.20000000000002,A2001,A0200,B0100,3580.3803068710727,-4824.688078547749,-5844.037298743643,199.95503738817882,MISS,Trajectory,0.0
150.20000000000002,A2002,A0200,B0100,3571.341006994724,-4816.5598783519345,-5800.313023753738,199.94567413755746,MISS,Trajectory,0.0
150.4,A1001,A0100,B0100,4072.2440190629345,-4992.286207487327,-4783.118977629151,199.9792575903768,MISS,Trajectory,0.0
150.4,A1002,A0100,B0100,4063.7808414424335,-5024.443608120833,-4860.248482206687,199.79590488595122,MISS,Trajectory,0.0
150.4,A2001,A0200,B0100,3580.3803068710727,-4824.688078547749,-5844.037298743643,199.95503738817882,MISS,Trajectory,0.0
150.4,A2002,A0200,B0100,3571.341006994724,-4816.5598783519345,-5800.313023753738,199.94567413755746,MISS,Trajectory,0.0
150.6,A1001,A0100,B0100,4072.2440190629345,-4992.286207487327,-4783.118977629151,199.9792575903768,MISS,Trajectory,0.0
150.6,A1002,A0100,B0100,4063.7808414424335,-5024.443608120833,-4860.248482206687,199.79590488595122,MISS,Trajectory,0.0
150.6,A2001,A0200,B0100,3580.3803068710727,-4824.688078547749,-5844.037298743643,199.95503738817882,MISS,Trajectory,0.0
150.6,A2002,A0200,B0100,3571.341006994724,-4816.5598783519345,-5800.313023753738,199.94567413755746,MISS,Trajectory,0.0
150.8,A1001,A0100,B0100,4072.2440190629345,-4992.286207487327,-4783.118977629151,199.9792575903768,MISS,Trajectory,0.0
150.8,A1002,A0100,B0100,4063.7808414424335,-5024.443608120833,-4860.248482206687,199.79590488595122,MISS,Trajectory,0.0
150.8,A2001,A0200,B0100,3580.3803068710727,-4824.688078547749,-5844.037298743643,199.95503738817882,MISS,Trajectory,0.0
150.8,A2002,A0200,B0100,3571.341006994724,-4816.5598783519345,-5800.313023753738,199.94567413755746,MISS,Trajectory,0.0
151.0,A1001,A0100,B0100,4072.2440190629345,-4992.286207487327,-4783.118977629151,199.9792575903768,MISS,Trajectory,0.0
151.0,A1002,A0100,B0100,4063.7808414424335,-5024.443608120833,-4860.248482206687,199.79590488595122,MISS,Trajectory,0.0
151.0,A2001,A0200,B0100,3580.3803068710727,-4824.688078547749,-5844.037298743643,199.95503738817882,MISS,Trajectory,0.0
151.0,A2002,A0200,B0100,3571.341006994724,-4816.5598783519345,-5800.313023753738,199.94567413755746,MISS,Trajectory,0.0
151.20000000000002,A1001,A0100,B0100,4072.2440190629345,-4992.286207487327,-4783.118977629151,199.9792575903768,MISS,Trajectory,0.0
151.20000000000002,A1002,A0100,B0100,4063.7808414424335,-5024.443608120833,-4860.248482206687,199.79590488595122,MISS,Trajectory,0.0
151.20000000000002,A2001,A0200,B0100,3580.3803068710727,-4824.688078547749,-5844.037298743643,199.95503738817882,MISS,Trajectory,0.0
151.20000000000002,A2002,A0200,B0100,3571.341006994724,-4816.5598783519345,-5800.313023753738,199.94567413755746,MISS,Trajectory,0.0
151.4,A1001,A0100,B0100,4072.2440190629345,-4992.286207487327,-4783.118977629151,199.9792575903768,MISS,Trajectory,0.0
151.4,A1002,A0100,B0100,4063.7808414424335,-5024.443608120833,-4860.248482206687,199.79590488595122,MISS,Trajectory,0.0
151.4,A2001,A0200,B0100,3580.3803068710727,-4824.688078547749,-5844.037298743643,199.95503738817882,MISS,Trajectory,0.0
151.4,A2002,A0200,B0100,3571.341006994724,-4816.5598783519345,-5800.313023753738,199.94567413755746,MISS,Trajectory,0.0
151.6,A1001,A0100,B0100,4072.2440190629345,-4992.286207487327,-4783.118977629151,199.9792575903768,MISS,Trajectory,0.0
151.6,A1002,A0100,B0100,4063.7808414424335,-5024.443608120833,-4860.248482206687,199.79590488595122,MISS,Trajectory,0.0
151.6,A2001,A0200,B0100,3580.3803068710727,-4824.688078547749,-5844.037298743643,199.95503738817882,MISS,Trajectory,0.0
151.6,A2002,A0200,B0100,3571.341006994724,-4816.5598783519345,-5800.313023753738,199.94567413755746,MISS,Trajectory,0.0
151.8,A1001,A0100,B0100,4072.2440190629345,-4992.286207487327,-4783.118977629151,199.9792575903768,MISS,Trajectory,0.0
151.8,A1002,A0100,B0100,4063.7808414424335,-5024.443608120833,-4860.248482206687,199.79590488595122,MISS,Trajectory,0.0
151.8,A2001,A0200,B0100,3580.3803068710727,-4824.688078547749,-5844.037298743643,199.95503738817882,MISS,Trajectory,0.0
151.8,A2002,A0200,B0100,3571.341006994724,-4816.5598783519345,-5800.313023753738,199.94567413755746,MISS,Trajectory,0.0
152.0,A1001,A0100,B0100,4072.2440190629345,-4992.286207487327,-4783.118977629151,199.9792575903768,MISS,Trajectory,0.0
152.0,A1002,A0100,B0100,4063.7808414424335,-5024.443608120833,-4860.248482206687,199.79590488595122,MISS,Trajectory,0.0
152.0,A2001,A0200,B0100,3580.3803068710727,-4824.688078547749,-5844.037298743643,199.95503738817882,MISS,Trajectory,0.0
152.0,A2002,A0200,B0100,3571.341006994724,-4816.5598783519345,-5800.313023753738,199.94567413755746,MISS,Trajectory,0.0
152.20000000000002,A1001,A0100,B0100,4072.2440190629345,-4992.286207487327,-4783.118977629151,199.9792575903768,MISS,Trajectory,0.0
152.20000000000002,A1002,A0100,B0100,4063.7808414424335,-5024.443608120833,-4860.248482206687,199.79590488595122,MISS,Trajectory,0.0
152.20000000000002,A2001,A0200,B0100,3580.3803068710727,-4824.688078547749,-5844.037298743643,199.95503738817882,MISS,Trajectory,0.0
152.20000000000002,A2002,A0200,B0100,3571.341006994724,-4816.5598783519345,-5800.313023753738,199.94567413755746,MISS,Trajectory,0.0
152.4,A1001,A0100,B0100,4072.2440190629345,-4992.286207487327,-4783.118977629151,199.9792575903768,MISS,Trajectory,0.0
152.4,A1002,A0100,B0100,4063.7808414424335,-5024.443608120833,-4860.248482206687,199.79590488595122,MISS,Trajectory,0.0
152.4,A2001,A0200,B0100,3580.3803068710727,-4824.688078547749,-5844.037298743643,199.95503738817882,MISS,Trajectory,0.0
152.4,A2002,A0200,B0100,3571.341006994724,-4816.5598783519345,-5800.313023753738,199.94567413755746,MISS,Trajectory,0.0
152.6,A1001,A0100,B0100,4072.2440190629345,-4992.286207487327,-4783.118977629151,199.9792575903768,MISS,Trajectory,0.0
152.6,A1002,A0100,B0100,4063.7808414424335,-5024.443608120833,-4860.248482206687,199.79590488595122,MISS,Trajectory,0.0
152.6,A2001,A0200,B0100,3580.3803068710727,-4824.688078547749,-5844.037298743643,199.95503738817882,MISS,Trajectory,0.0
152.6,A2002,A0200,B0100,3571.341006994724,-4816.5598783519345,-5800.313023753738,199.94567413755746,MISS,Trajectory,0.0
152.8,A1001,A0100,B0100,4072.2440190629345,-4992.286207487327,-4783.118977629151,199.9792575903768,MISS,Trajectory,0.0
152.8,A1002,A0100,B0100,4063.7808414424335,-5024.443608120833,-4860.248482206687,199.79590488595122,MISS,Trajectory,0.0
152.8,A2001,A0200,B0100,3580.3803068710727,-4824.688078547749,-5844.037298743643,199.95503738817882,MISS,Trajectory,0.0
152.8,A2002,A0200,B0100,3571.341006994724,-4816.5598783519345,-5800.313023753738,199.94567413755746,MISS,Trajectory,0.0
153.0,A1001,A0100,B0100,4072.2440190629345,-4992.286207487327,-4783.118977629151,199.9792575903768,MISS,Trajectory,0.0
153.0,A1002,A0100,B0100,4063.7808414424335,-5024.443608120833,-4860.248482206687,199.79590488595122,MISS,Trajectory,0.0
153.0,A2001,A0200,B0100,3580.3803068710727,-4824.688078547749,-5844.037298743643,199.95503738817882,MISS,Trajectory,0.0
153.0,A2002,A0200,B0100,3571.341006994724,-4816.5598783519345,-5800.313023753738,199.94567413755746,MISS,Trajectory,0.0
153.20000000000002,A1001,A0100,B0100,4072.2440190629345,-4992.286207487327,-4783.118977629151,199.9792575903768,MISS,Trajectory,0.0
153.20000000000002,A1002,A0100,B0100,4063.7808414424335,-5024.443608120833,-4860.248482206687,199.79590488595122,MISS,Trajectory,0.0
153.20000000000002,A2001,A0200,B0100,3580.3803068710727,-4824.688078547749,-5844.037298743643,199.95503738817882,MISS,Trajectory,0.0
153.20000000000002,A2002,A0200,B0100,3571.341006994724,-4816.5598783519345,-5800.313023753738,199.94567413755746,MISS,Trajectory,0.0
153.4,A1001,A0100,B0100,4072.2440190629345,-4992.286207487327,-4783.118977629151,199.9792575903768,MISS,Trajectory,0.0
153.4,A1002,A0100,B0100,4063.7808414424335,-5024.443608120833,-4860.248482206687,199.79590488595122,MISS,Trajectory,0.0
153.4,A2001,A0200,B0100,3580.3803068710727,-4824.688078547749,-5844.037298743643,199.95503738817882,MISS,Trajectory,0.0
153.4,A2002,A0200,B0100,3571.341006994724,-4816.5598783519345,-5800.313023753738,199.94567413755746,MISS,Trajectory,0.0
153.60000000000002,A1001,A0100,B0100,4072.2440190629345,-4992.286207487327,-4783.118977629151,199.9792575903768,MISS,Trajectory,0.0
153.60000000000002,A1002,A0100,B0100,4063.7808414424335,-5024.443608120833,-4860.248482206687,199.79590488595122,MISS,Trajectory,0.0
153.60000000000002,A2001,A0200,B0100,3580.3803068710727,-4824.688078547749,-5844.037298743643,199.95503738817882,MISS,Trajectory,0.0
153.60000000000002,A2002,A0200,B0100,3571.341006994724,-4816.5598783519345,-5800.313023753738,199.94567413755746,MISS,Trajectory,0.0
153.8,A1001,A0100,B0100,4072.2440190629345,-4992.286207487327,-4783.118977629151,199.9792575903768,MISS,Trajectory,0.0
153.8,A1002,A0100,B0100,4063.7808414424335,-5024.443608120833,-4860.248482206687,199.79590488595122,MISS,Trajectory,0.0
153.8,A2001,A0200,B0100,3580.3803068710727,-4824.688078547749,-5844.037298743643,199.95503738817882,MISS,Trajectory,0.0
153.8,A2002,A0200,B0100,3571.341006994724,-4816.5598783519345,-5800.313023753738,199.94567413755746,MISS,Trajectory,0.0
154.0,A1001,A0100,B0100,4072.2440190629345,-4992.286207487327,-4783.118977629151,199.9792575903768,MISS,Trajectory,0.0
154.0,A1002,A0100,B0100,4063.7808414424335,-5024.443608120833,-4860.248482206687,199.79590488595122,MISS,Trajectory,0.0
154.0,A2001,A0200,B0100,3580.3803068710727,-4824.688078547749,-5844.037298743643,199.95503738817882,MISS,Trajectory,0.0
154.0,A2002,A0200,B0100,3571.341006994724,-4816.5598783519345,-5800.313023753738,199.94567413755746,MISS,Trajectory,0.0
154.20000000000002,A1001,A0100,B0100,4072.2440190629345,-4992.286207487327,-4783.118977629151,199.9792575903768,MISS,Trajectory,0.0
154.20000000000002,A1002,A0100,B0100,4063.7808414424335,-5024.443608120833,-4860.248482206687,199.79590488595122,MISS,Trajectory,0.0
154.20000000000002,A2001,A0200,B0100,3580.3803068710727,-4824.688078547749,-5844.037298743643,199.95503738817882,MISS,Trajectory,0.0
154.20000000000002,A2002,A0200,B0100,3571.341006994724,-4816.5598783519345,-5800.313023753738,199.94567413755746,MISS,Trajectory,0.0
154.4,A1001,A0100,B0100,4072.2440190629345,-4992.286207487327,-4783.118977629151,199.9792575903768,MISS,Trajectory,0.0
154.4,A1002,A0100,B0100,4063.7808414424335,-5024.443608120833,-4860.248482206687,199.79590488595122,MISS,Trajectory,0.0
154.4,A2001,A0200,B0100,3580.3803068710727,-4824.688078547749,-5844.037298743643,199.95503738817882,MISS,Trajectory,0.0
154.4,A2002,A0200,B0100,3571.341006994724,-4816.5598783519345,-5800.313023753738,199.94567413755746,MISS,Trajectory,0.0
154.60000000000002,A1001,A0100,B0100,4072.2440190629345,-4992.286207487327,-4783.118977629151,199.9792575903768,MISS,Trajectory,0.0
154.60000000000002,A1002,A0100,B0100,4063.7808414424335,-5024.443608120833,-4860.248482206687,199.79590488595122,MISS,Trajectory,0.0
154.60000000000002,A2001,A0200,B0100,3580.3803068710727,-4824.688078547749,-5844.037298743643,199.95503738817882,MISS,Trajectory,0.0
154.60000000000002,A2002,A0200,B0100,3571.341006994724,-4816.5598783519345,-5800.313023753738,199.94567413755746,MISS,Trajectory,0.0
154.8,A1001,A0100,B0100,4072.2440190629345,-4992.286207487327,-4783.118977629151,199.9792575903768,MISS,Trajectory,0.0
154.8,A1002,A0100,B0100,4063.7808414424335,-5024.443608120833,-4860.248482206687,199.79590488595122,MISS,Trajectory,0.0
154.8,A2001,A0200,B0100,3580.3803068710727,-4824.688078547749,-5844.037298743643,199.95503738817882,MISS,Trajectory,0.0
154.8,A2002,A0200,B0100,3571.341006994724,-4816.5598783519345,-5800.313023753738,199.94567413755746,MISS,Trajectory,0.0
155.0,A1001,A0100,B0100,4072.2440190629345,-4992.286207487327,-4783.118977629151,199.9792575903768,MISS,Trajectory,0.0
155.0,A1002,A0100,B0100,4063.7808414424335,-5024.443608120833,-4860.248482206687,199.79590488595122,MISS,Trajectory,0.0
155.0,A2001,A0200,B0100,3580.3803068710727,-4824.688078547749,-5844.037298743643,199.95503738817882,MISS,Trajectory,0.0
155.0,A2002,A0200,B0100,3571.341006994724,-4816.5598783519345,-5800.313023753738,199.94567413755746,MISS,Trajectory,0.0
155.20000000000002,A1001,A0100,B0100,4072.2440190629345,-4992.286207487327,-4783.118977629151,199.9792575903768,MISS,Trajectory,0.0
155.20000000000002,A1002,A0100,B0100,4063.7808414424335,-5024.443608120833,-4860.248482206687,199.79590488595122,MISS,Trajectory,0.0
155.20000000000002,A2001,A0200,B0100,3580.3803068710727,-4824.688078547749,-5844.037298743643,199.95503738817882,MISS,Trajectory,0.0
155.20000000000002,A2002,A0200,B0100,3571.341006994724,-4816.5598783519345,-5800.313023753738,199.94567413755746,MISS,Trajectory,0.0
155.4,A1001,A0100,B0100,4072.2440190629345,-4992.286207487327,-4783.118977629151,199.9792575903768,MISS,Trajectory,0.0
155.4,A1002,A0100,B0100,4063.7808414424335,-5024.443608120833,-4860.248482206687,199.79590488595122,MISS,Trajectory,0.0
155.4,A2001,A0200,B0100,3580.3803068710727,-4824.688078547749,-5844.037298743643,199.95503738817882,MISS,Trajectory,0.0
155.4,A2002,A0200,B0100,3571.341006994724,-4816.5598783519345,-5800.313023753738,199.94567413755746,MISS,Trajectory,0.0
155.60000000000002,A1001,A0100,B0100,4072.2440190629345,-4992.286207487327,-4783.118977629151,199.9792575903768,MISS,Trajectory,0.0
155.60000000000002,A1002,A0100,B0100,4063.7808414424335,-5024.443608120833,-4860.248482206687,199.79590488595122,MISS,Trajectory,0.0
155.60000000000002,A2001,A0200,B0100,3580.3803068710727,-4824.688078547749,-5844.037298743643,199.95503738817882,MISS,Trajectory,0.0
155.60000000000002,A2002,A0200,B0100,3571.341006994724,-4816.5598783519345,-5800.313023753738,199.94567413755746,MISS,Trajectory,0.0
155.8,A1001,A0100,B0100,4072.2440190629345,-4992.286207487327,-4783.118977629151,199.9792575903768,MISS,Trajectory,0.0
155.8,A1002,A0100,B0100,4063.7808414424335,-5024.443608120833,-4860.248482206687,199.79590488595122,MISS,Trajectory,0.0
155.8,A2001,A0200,B0100,3580.3803068710727,-4824.688078547749,-5844.037298743643,199.95503738817882,MISS,Trajectory,0.0
155.8,A2002,A0200,B0100,3571.341006994724,-4816.5598783519345,-5800.313023753738,199.94567413755746,MISS,Trajectory,0.0
156.0,A1001,A0100,B0100,4072.2440190629345,-4992.286207487327,-4783.118977629151,199.9792575903768,MISS,Trajectory,0.0
156.0,A1002,A0100,B0100,4063.7808414424335,-5024.443608120833,-4860.248482206687,199.79590488595122,MISS,Trajectory,0.0
156.0,A2001,A0200,B0100,3580.3803068710727,-4824.688078547749,-5844.037298743643,199.95503738817882,MISS,Trajectory,0.0
156.0,A2002,A0200,B0100,3571.341006994724,-4816.5598783519345,-5800.313023753738,199.94567413755746,MISS,Trajectory,0.0
156.20000000000002,A1001,A0100,B0100,4072.2440190629345,-4992.286207487327,-4783.118977629151,199.9792575903768,MISS,Trajectory,0.0
156.20000000000002,A1002,A0100,B0100,4063.7808414424335,-5024.443608120833,-4860.248482206687,199.79590488595122,MISS,Trajectory,0.0
156.20000000000002,A2001,A0200,B0100,3580.3803068710727,-4824.688078547749,-5844.037298743643,199.95503738817882,MISS,Trajectory,0.0
156.20000000000002,A2002,A0200,B0100,3571.341006994724,-4816.5598783519345,-5800.313023753738,199.94567413755746,MISS,Trajectory,0.0
156.4,A1001,A0100,B0100,4072.2440190629345,-4992.286207487327,-4783.118977629151,199.9792575903768,MISS,Trajectory,0.0
156.4,A1002,A0100,B0100,4063.7808414424335,-5024.443608120833,-4860.248482206687,199.79590488595122,MISS,Trajectory,0.0
156.4,A2001,A0200,B0100,3580.3803068710727,-4824.688078547749,-5844.037298743643,199.95503738817882,MISS,Trajectory,0.0
156.4,A2002,A0200,B0100,3571.341006994724,-4816.5598783519345,-5800.313023753738,199.94567413755746,MISS,Trajectory,0.0
156.60000000000002,A1001,A0100,B0100,4072.2440190629345,-4992.286207487327,-4783.118977629151,199.9792575903768,MISS,Trajectory,0.0
156.60000000000002,A1002,A0100,B0100,4063.7808414424335,-5024.443608120833,-4860.248482206687,199.79590488595122,MISS,Trajectory,0.0
156.60000000000002,A2001,A0200,B0100,3580.3803068710727,-4824.688078547749,-5844.037298743643,199.95503738817882,MISS,Trajectory,0.0
156.60000000000002,A2002,A0200,B0100,3571.341006994724,-4816.5598783519345,-5800.313023753738,199.94567413755746,MISS,Trajectory,0.0
156.8,A1001,A0100,B0100,4072.2440190629345,-4992.286207487327,-4783.118977629151,199.9792575903768,MISS,Trajectory,0.0
156.8,A1002,A0100,B0100,4063.7808414424335,-5024.443608120833,-4860.248482206687,199.79590488595122,MISS,Trajectory,0.0
156.8,A2001,A0200,B0100,3580.3803068710727,-4824.688078547749,-5844.037298743643,199.95503738817882,MISS,Trajectory,0.0
156.8,A2002,A0200,B0100,3571.341006994724,-4816.5598783519345,-5800.313023753738,199.94567413755746,MISS,Trajectory,0.0
157.0,A1001,A0100,B0100,4072.2440190629345,-4992.286207487327,-4783.118977629151,199.9792575903768,MISS,Trajectory,0.0
157.0,A1002,A0100,B0100,4063.7808414424335,-5024.443608120833,-4860.248482206687,199.79590488595122,MISS,Trajectory,0.0
157.0,A2001,A0200,B0100,3580.3803068710727,-4824.688078547749,-5844.037298743643,199.95503738817882,MISS,Trajectory,0.0
157.0,A2002,A0200,B0100,3571.341006994724,-4816.5598783519345,-5800.313023753738,199.94567413755746,MISS,Trajectory,0.0
157.20000000000002,A1001,A0100,B0100,4072.2440190629345,-4992.286207487327,-4783.118977629151,199.9792575903768,MISS,Trajectory,0.0
157.20000000000002,A1002,A0100,B0100,4063.7808414424335,-5024.443608120833,-4860.248482206687,199.79590488595122,MISS,Trajectory,0.0
157.20000000000002,A2001,A0200,B0100,3580.3803068710727,-4824.688078547749,-5844.037298743643,199.95503738817882,MISS,Trajectory,0.0
157.20000000000002,A2002,A0200,B0100,3571.341006994724,-4816.5598783519345,-5800.313023753738,199.94567413755746,MISS,Trajectory,0.0
157.4,A1001,A0100,B0100,4072.2440190629345,-4992.286207487327,-4783.118977629151,199.9792575903768,MISS,Trajectory,0.0
157.4,A1002,A0100,B0100,4063.7808414424335,-5024.443608120833,-4860.248482206687,199.79590488595122,MISS,Trajectory,0.0
157.4,A2001,A0200,B0100,3580.3803068710727,-4824.688078547749,-5844.037298743643,199.95503738817882,MISS,Trajectory,0.0
157.4,A2002,A0200,B0100,3571.341006994724,-4816.5598783519345,-5800.313023753738,199.94567413755746,MISS,Trajectory,0.0
157.60000000000002,A1001,A0100,B0100,4072.2440190629345,-4992.286207487327,-4783.118977629151,199.9792575903768,MISS,Trajectory,0.0
157.60000000000002,A1002,A0100,B0100,4063.7808414424335,-5024.443608120833,-4860.248482206687,199.79590488595122,MISS,Trajectory,0.0
157.60000000000002,A2001,A0200,B0100,3580.3803068710727,-4824.688078547749,-5844.037298743643,199.95503738817882,MISS,Trajectory,0.0
157.60000000000002,A2002,A0200,B0100,3571.341006994724,-4816.5598783519345,-5800.313023753738,199.94567413755746,MISS,Trajectory,0.0
157.8,A1001,A0100,B0100,4072.2440190629345,-4992.286207487327,-4783.118977629151,199.9792575903768,MISS,Trajectory,0.0
157.8,A1002,A0100,B0100,4063.7808414424335,-5024.443608120833,-4860.248482206687,199.79590488595122,MISS,Trajectory,0.0
157.8,A2001,A0200,B0100,3580.3803068710727,-4824.688078547749,-5844.037298743643,199.95503738817882,MISS,Trajectory,0.0
157.8,A2002,A0200,B0100,3571.341006994724,-4816.5598783519345,-5800.313023753738,199.94567413755746,MISS,Trajectory,0.0
158.0,A1001,A0100,B0100,4072.2440190629345,-4992.286207487327,-4783.118977629151,199.9792575903768,MISS,Trajectory,0.0
158.0,A1002,A0100,B0100,4063.7808414424335,-5024.443608120833,-4860.248482206687,199.79590488595122,MISS,Trajectory,0.0
158.0,A2001,A0200,B0100,3580.3803068710727,-4824.688078547749,-5844.037298743643,199.95503738817882,MISS,Trajectory,0.0
158.0,A2002,A0200,B0100,3571.341006994724,-4816.5598783519345,-5800.313023753738,199.94567413755746,MISS,Trajectory,0.0
158.20000000000002,A1001,A0100,B0100,4072.2440190629345,-4992.286207487327,-4783.118977629151,199.9792575903768,MISS,Trajectory,0.0
158.20000000000002,A1002,A0100,B0100,4063.7808414424335,-5024.443608120833,-4860.248482206687,199.79590488595122,MISS,Trajectory,0.0
158.20000000000002,A2001,A0200,B0100,3580.3803068710727,-4824.688078547749,-5844.037298743643,199.95503738817882,MISS,Trajectory,0.0
158.20000000000002,A2002,A0200,B0100,3571.341006994724,-4816.5598783519345,-5800.313023753738,199.94567413755746,MISS,Trajectory,0.0
158.4,A1001,A0100,B0100,4072.2440190629345,-4992.286207487327,-4783.118977629151,199.9792575903768,MISS,Trajectory,0.0
158.4,A1002,A0100,B0100,4063.7808414424335,-5024.443608120833,-4860.248482206687,199.79590488595122,MISS,Trajectory,0.0
158.4,A2001,A0200,B0100,3580.3803068710727,-4824.688078547749,-5844.037298743643,199.95503738817882,MISS,Trajectory,0.0
158.4,A2002,A0200,B0100,3571.341006994724,-4816.5598783519345,-5800.313023753738,199.94567413755746,MISS,Trajectory,0.0
158.60000000000002,A1001,A0100,B0100,4072.2440190629345,-4992.286207487327,-4783.118977629151,199.9792575903768,MISS,Trajectory,0.0
158.60000000000002,A1002,A0100,B0100,4063.7808414424335,-5024.443608120833,-4860.248482206687,199.79590488595122,MISS,Trajectory,0.0
158.60000000000002,A2001,A0200,B0100,3580.3803068710727,-4824.688078547749,-5844.037298743643,199.95503738817882,MISS,Trajectory,0.0
158.60000000000002,A2002,A0200,B0100,3571.341006994724,-4816.5598783519345,-5800.313023753738,199.94567413755746,MISS,Trajectory,0.0
158.8,A1001,A0100,B0100,4072.2440190629345,-4992.286207487327,-4783.118977629151,199.9792575903768,MISS,Trajectory,0.0
158.8,A1002,A0100,B0100,4063.7808414424335,-5024.443608120833,-4860.248482206687,199.79590488595122,MISS,Trajectory,0.0
158.8,A2001,A0200,B0100,3580.3803068710727,-4824.688078547749,-5844.037298743643,199.95503738817882,MISS,Trajectory,0.0
158.8,A2002,A0200,B0100,3571.341006994724,-4816.5598783519345,-5800.313023753738,199.94567413755746,MISS,Trajectory,0.0
159.0,A1001,A0100,B0100,4072.2440190629345,-4992.286207487327,-4783.118977629151,199.9792575903768,MISS,Trajectory,0.0
159.0,A1002,A0100,B0100,4063.7808414424335,-5024.443608120833,-4860.248482206687,199.79590488595122,MISS,Trajectory,0.0
159.0,A2001,A0200,B0100,3580.3803068710727,-4824.688078547749,-5844.037298743643,199.95503738817882,MISS,Trajectory,0.0
159.0,A2002,A0200,B0100,3571.341006994724,-4816.5598783519345,-5800.313023753738,199.94567413755746,MISS,Trajectory,0.0
159.20000000000002,A1001,A0100,B0100,4072.2440190629345,-4992.286207487327,-4783.118977629151,199.9792575903768,MISS,Trajectory,0.0
159.20000000000002,A1002,A0100,B0100,4063.7808414424335,-5024.443608120833,-4860.248482206687,199.79590488595122,MISS,Trajectory,0.0
159.20000000000002,A2001,A0200,B0100,3580.3803068710727,-4824.688078547749,-5844.037298743643,199.95503738817882,MISS,Trajectory,0.0
159.20000000000002,A2002,A0200,B0100,3571.341006994724,-4816.5598783519345,-5800.313023753738,199.94567413755746,MISS,Trajectory,0.0
159.4,A1001,A0100,B0100,4072.2440190629345,-4992.286207487327,-4783.118977629151,199.9792575903768,MISS,Trajectory,0.0
159.4,A1002,A0100,B0100,4063.7808414424335,-5024.443608120833,-4860.248482206687,199.79590488595122,MISS,Trajectory,0.0
159.4,A2001,A0200,B0100,3580.3803068710727,-4824.688078547749,-5844.037298743643,199.95503738817882,MISS,Trajectory,0.0
159.4,A2002,A0200,B0100,3571.341006994724,-4816.5598783519345,-5800.313023753738,199.94567413755746,MISS,Trajectory,0.0
159.60000000000002,A1001,A0100,B0100,4072.2440190629345,-4992.286207487327,-4783.118977629151,199.9792575903768,MISS,Trajectory,0.0
159.60000000000002,A1002,A0100,B0100,4063.7808414424335,-5024.443608120833,-4860.248482206687,199.79590488595122,MISS,Trajectory,0.0
159.60000000000002,A2001,A0200,B0100,3580.3803068710727,-4824.688078547749,-5844.037298743643,199.95503738817882,MISS,Trajectory,0.0
159.60000000000002,A2002,A0200,B0100,3571.341006994724,-4816.5598783519345,-5800.313023753738,199.94567413755746,MISS,Trajectory,0.0
159.8,A1001,A0100,B0100,4072.2440190629345,-4992.286207487327,-4783.118977629151,199.9792575903768,MISS,Trajectory,0.0
159.8,A1002,A0100,B0100,4063.7808414424335,-5024.443608120833,-4860.248482206687,199.79590488595122,MISS,Trajectory,0.0
159.8,A2001,A0200,B0100,3580.3803068710727,-4824.688078547749,-5844.037298743643,199.95503738817882,MISS,Trajectory,0.0
159.8,A2002,A0200,B0100,3571.341006994724,-4816.5598783519345,-5800.313023753738,199.94567413755746,MISS,Trajectory,0.0
160.0,A1001,A0100,B0100,4072.2440190629345,-4992.286207487327,-4783.118977629151,199.9792575903768,MISS,Trajectory,0.0
160.0,A1002,A0100,B0100,4063.7808414424335,-5024.443608120833,-4860.248482206687,199.79590488595122,MISS,Trajectory,0.0
160.0,A2001,A0200,B0100,3580.3803068710727,-4824.688078547749,-5844.037298743643,199.95503738817882,MISS,Trajectory,0.0
160.0,A2002,A0200,B0100,3571.341006994724,-4816.5598783519345,-5800.313023753738,199.94567413755746,MISS,Trajectory,0.0
160.20000000000002,A1001,A0100,B0100,4072.2440190629345,-4992.286207487327,-4783.118977629151,199.9792575903768,MISS,Trajectory,0.0
160.20000000000002,A1002,A0100,B0100,4063.7808414424335,-5024.443608120833,-4860.248482206687,199.79590488595122,MISS,Trajectory,0.0
160.20000000000002,A2001,A0200,B0100,3580.3803068710727,-4824.688078547749,-5844.037298743643,199.95503738817882,MISS,Trajectory,0.0
160.20000000000002,A2002,A0200,B0100,3571.341006994724,-4816.5598783519345,-5800.313023753738,199.94567413755746,MISS,Trajectory,0.0
160.4,A1001,A0100,B0100,4072.2440190629345,-4992.286207487327,-4783.118977629151,199.9792575903768,MISS,Trajectory,0.0
160.4,A1002,A0100,B0100,4063.7808414424335,-5024.443608120833,-4860.248482206687,199.79590488595122,MISS,Trajectory,0.0
160.4,A2001,A0200,B0100,3580.3803068710727,-4824.688078547749,-5844.037298743643,199.95503738817882,MISS,Trajectory,0.0
160.4,A2002,A0200,B0100,3571.341006994724,-4816.5598783519345,-5800.313023753738,199.94567413755746,MISS,Trajectory,0.0
160.60000000000002,A1001,A0100,B0100,4072.2440190629345,-4992.286207487327,-4783.118977629151,199.9792575903768,MISS,Trajectory,0.0
160.60000000000002,A1002,A0100,B0100,4063.7808414424335,-5024.443608120833,-4860.248482206687,199.79590488595122,MISS,Trajectory,0.0
160.60000000000002,A2001,A0200,B0100,3580.3803068710727,-4824.688078547749,-5844.037298743643,199.95503738817882,MISS,Trajectory,0.0
160.60000000000002,A2002,A0200,B0100,3571.341006994724,-4816.5598783519345,-5800.313023753738,199.94567413755746,MISS,Trajectory,0.0
160.8,A1001,A0100,B0100,4072.2440190629345,-4992.286207487327,-4783.118977629151,199.9792575903768,MISS,Trajectory,0.0
160.8,A1002,A0100,B0100,4063.7808414424335,-5024.443608120833,-4860.248482206687,199.79590488595122,MISS,Trajectory,0.0
160.8,A2001,A0200,B0100,3580.3803068710727,-4824.688078547749,-5844.037298743643,199.95503738817882,MISS,Trajectory,0.0
160.8,A2002,A0200,B0100,3571.341006994724,-4816.5598783519345,-5800.313023753738,199.94567413755746,MISS,Trajectory,0.0
161.0,A1001,A0100,B0100,4072.2440190629345,-4992.286207487327,-4783.118977629151,199.9792575903768,MISS,Trajectory,0.0
161.0,A1002,A0100,B0100,4063.7808414424335,-5024.443608120833,-4860.248482206687,199.79590488595122,MISS,Trajectory,0.0
161.0,A2001,A0200,B0100,3580.3803068710727,-4824.688078547749,-5844.037298743643,199.95503738817882,MISS,Trajectory,0.0
161.0,A2002,A0200,B0100,3571.341006994724,-4816.5598783519345,-5800.313023753738,199.94567413755746,MISS,Trajectory,0.0
161.20000000000002,A1001,A0100,B0100,4072.2440190629345,-4992.286207487327,-4783.118977629151,199.9792575903768,MISS,Trajectory,0.0
161.20000000000002,A1002,A0100,B0100,4063.7808414424335,-5024.443608120833,-4860.248482206687,199.79590488595122,MISS,Trajectory,0.0
161.20000000000002,A2001,A0200,B0100,3580.3803068710727,-4824.688078547749,-5844.037298743643,199.95503738817882,MISS,Trajectory,0.0
161.20000000000002,A2002,A0200,B0100,3571.341006994724,-4816.5598783519345,-5800.313023753738,199.94567413755746,MISS,Trajectory,0.0
161.4,A1001,A0100,B0100,4072.2440190629345,-4992.286207487327,-4783.118977629151,199.9792575903768,MISS,Trajectory,0.0
161.4,A1002,A0100,B0100,4063.7808414424335,-5024.443608120833,-4860.248482206687,199.79590488595122,MISS,Trajectory,0.0
161.4,A2001,A0200,B0100,3580.3803068710727,-4824.688078547749,-5844.037298743643,199.95503738817882,MISS,Trajectory,0.0
161.4,A2002,A0200,B0100,3571.341006994724,-4816.5598783519345,-5800.313023753738,199.94567413755746,MISS,Trajectory,0.0
161.60000000000002,A1001,A0100,B0100,4072.2440190629345,-4992.286207487327,-4783.118977629151,199.9792575903768,MISS,Trajectory,0.0
161.60000000000002,A1002,A0100,B0100,4063.7808414424335,-5024.443608120833,-4860.248482206687,199.79590488595122,MISS,Trajectory,0.0
161.60000000000002,A2001,A0200,B0100,3580.3803068710727,-4824.688078547749,-5844.037298743643,199.95503738817882,MISS,Trajectory,0.0
161.60000000000002,A2002,A0200,B0100,3571.341006994724,-4816.5598783519345,-5800.313023753738,199.94567413755746,MISS,Trajectory,0.0
161.8,A1001,A0100,B0100,4072.2440190629345,-4992.286207487327,-4783.118977629151,199.9792575903768,MISS,Trajectory,0.0
161.8,A1002,A0100,B0100,4063.7808414424335,-5024.443608120833,-4860.248482206687,199.79590488595122,MISS,Trajectory,0.0
161.8,A2001,A0200,B0100,3580.3803068710727,-4824.688078547749,-5844.037298743643,199.95503738817882,MISS,Trajectory,0.0
161.8,A2002,A0200,B0100,3571.341006994724,-4816.5598783519345,-5800.313023753738,199.94567413755746,MISS,Trajectory,0.0
162.0,A1001,A0100,B0100,4072.2440190629345,-4992.286207487327,-4783.118977629151,199.9792575903768,MISS,Trajectory,0.0
162.0,A1002,A0100,B0100,4063.7808414424335,-5024.443608120833,-4860.248482206687,199.79590488595122,MISS,Trajectory,0.0
162.0,A2001,A0200,B0100,3580.3803068710727,-4824.688078547749,-5844.037298743643,199.95503738817882,MISS,Trajectory,0.0
162.0,A2002,A0200,B0100,3571.341006994724,-4816.5598783519345,-5800.313023753738,199.94567413755746,MISS,Trajectory,0.0
162.20000000000002,A1001,A0100,B0100,4072.2440190629345,-4992.286207487327,-4783.118977629151,199.9792575903768,MISS,Trajectory,0.0
162.20000000000002,A1002,A0100,B0100,4063.7808414424335,-5024.443608120833,-4860.248482206687,199.79590488595122,MISS,Trajectory,0.0
162.20000000000002,A2001,A0200,B0100,3580.3803068710727,-4824.688078547749,-5844.037298743643,199.95503738817882,MISS,Trajectory,0.0
162.20000000000002,A2002,A0200,B0100,3571.341006994724,-4816.5598783519345,-5800.313023753738,199.94567413755746,MISS,Trajectory,0.0
162.4,A1001,A0100,B0100,4072.2440190629345,-4992.286207487327,-4783.118977629151,199.9792575903768,MISS,Trajectory,0.0
162.4,A1002,A0100,B0100,4063.7808414424335,-5024.443608120833,-4860.248482206687,199.79590488595122,MISS,Trajectory,0.0
162.4,A2001,A0200,B0100,3580.3803068710727,-4824.688078547749,-5844.037298743643,199.95503738817882,MISS,Trajectory,0.0
162.4,A2002,A0200,B0100,3571.341006994724,-4816.5598783519345,-5800.313023753738,199.94567413755746,MISS,Trajectory,0.0
162.60000000000002,A1001,A0100,B0100,4072.2440190629345,-4992.286207487327,-4783.118977629151,199.9792575903768,MISS,Trajectory,0.0
162.60000000000002,A1002,A0100,B0100,4063.7808414424335,-5024.443608120833,-4860.248482206687,199.79590488595122,MISS,Trajectory,0.0
162.60000000000002,A2001,A0200,B0100,3580.3803068710727,-4824.688078547749,-5844.037298743643,199.95503738817882,MISS,Trajectory,0.0
162.60000000000002,A2002,A0200,B0100,3571.341006994724,-4816.5598783519345,-5800.313023753738,199.94567413755746,MISS,Trajectory,0.0
162.8,A1001,A0100,B0100,4072.2440190629345,-4992.286207487327,-4783.118977629151,199.9792575903768,MISS,Trajectory,0.0
162.8,A1002,A0100,B0100,4063.7808414424335,-5024.443608120833,-4860.248482206687,199.79590488595122,MISS,Trajectory,0.0
162.8,A2001,A0200,B0100,3580.3803068710727,-4824.688078547749,-5844.037298743643,199.95503738817882,MISS,Trajectory,0.0
162.8,A2002,A0200,B0100,3571.341006994724,-4816.5598783519345,-5800.313023753738,199.94567413755746,MISS,Trajectory,0.0
163.0,A1001,A0100,B0100,4072.2440190629345,-4992.286207487327,-4783.118977629151,199.9792575903768,MISS,Trajectory,0.0
163.0,A1002,A0100,B0100,4063.7808414424335,-5024.443608120833,-4860.248482206687,199.79590488595122,MISS,Trajectory,0.0
163.0,A2001,A0200,B0100,3580.3803068710727,-4824.688078547749,-5844.037298743643,199.95503738817882,MISS,Trajectory,0.0
163.0,A2002,A0200,B0100,3571.341006994724,-4816.5598783519345,-5800.313023753738,199.94567413755746,MISS,Trajectory,0.0
163.20000000000002,A1001,A0100,B0100,4072.2440190629345,-4992.286207487327,-4783.118977629151,199.9792575903768,MISS,Trajectory,0.0
163.20000000000002,A1002,A0100,B0100,4063.7808414424335,-5024.443608120833,-4860.248482206687,199.79590488595122,MISS,Trajectory,0.0
163.20000000000002,A2001,A0200,B0100,3580.3803068710727,-4824.688078547749,-5844.037298743643,199.95503738817882,MISS,Trajectory,0.0
163.20000000000002,A2002,A0200,B0100,3571.341006994724,-4816.5598783519345,-5800.313023753738,199.94567413755746,MISS,Trajectory,0.0
163.4,A1001,A0100,B0100,4072.2440190629345,-4992.286207487327,-4783.118977629151,199.9792575903768,MISS,Trajectory,0.0
163.4,A1002,A0100,B0100,4063.7808414424335,-5024.443608120833,-4860.248482206687,199.79590488595122,MISS,Trajectory,0.0
163.4,A2001,A0200,B0100,3580.3803068710727,-4824.688078547749,-5844.037298743643,199.95503738817882,MISS,Trajectory,0.0
163.4,A2002,A0200,B0100,3571.341006994724,-4816.5598783519345,-5800.313023753738,199.94567413755746,MISS,Trajectory,0.0
163.60000000000002,A1001,A0100,B0100,4072.2440190629345,-4992.286207487327,-4783.118977629151,199.9792575903768,MISS,Trajectory,0.0
163.60000000000002,A1002,A0100,B0100,4063.7808414424335,-5024.443608120833,-4860.248482206687,199.79590488595122,MISS,Trajectory,0.0
163.60000000000002,A2001,A0200,B0100,3580.3803068710727,-4824.688078547749,-5844.037298743643,199.95503738817882,MISS,Trajectory,0.0
163.60000000000002,A2002,A0200,B0100,3571.341006994724,-4816.5598783519345,-5800.313023753738,199.94567413755746,MISS,Trajectory,0.0
163.8,A1001,A0100,B0100,4072.2440190629345,-4992.286207487327,-4783.118977629151,199.9792575903768,MISS,Trajectory,0.0
163.8,A1002,A0100,B0100,4063.7808414424335,-5024.443608120833,-4860.248482206687,199.79590488595122,MISS,Trajectory,0.0
163.8,A2001,A0200,B0100,3580.3803068710727,-4824.688078547749,-5844.037298743643,199.95503738817882,MISS,Trajectory,0.0
163.8,A2002,A0200,B0100,3571.341006994724,-4816.5598783519345,-5800.313023753738,199.94567413755746,MISS,Trajectory,0.0
164.0,A1001,A0100,B0100,4072.2440190629345,-4992.286207487327,-4783.118977629151,199.9792575903768,MISS,Trajectory,0.0
164.0,A1002,A0100,B0100,4063.7808414424335,-5024.443608120833,-4860.248482206687,199.79590488595122,MISS,Trajectory,0.0
164.0,A2001,A0200,B0100,3580.3803068710727,-4824.688078547749,-5844.037298743643,199.95503738817882,MISS,Trajectory,0.0
164.0,A2002,A0200,B0100,3571.341006994724,-4816.5598783519345,-5800.313023753738,199.94567413755746,MISS,Trajectory,0.0
164.20000000000002,A1001,A0100,B0100,4072.2440190629345,-4992.286207487327,-4783.118977629151,199.9792575903768,MISS,Trajectory,0.0
164.20000000000002,A1002,A0100,B0100,4063.7808414424335,-5024.443608120833,-4860.248482206687,199.79590488595122,MISS,Trajectory,0.0
164.20000000000002,A2001,A0200,B0100,3580.3803068710727,-4824.688078547749,-5844.037298743643,199.95503738817882,MISS,Trajectory,0.0
164.20000000000002,A2002,A0200,B0100,3571.341006994724,-4816.5598783519345,-5800.313023753738,199.94567413755746,MISS,Trajectory,0.0
164.4,A1001,A0100,B0100,4072.2440190629345,-4992.286207487327,-4783.118977629151,199.9792575903768,MISS,Trajectory,0.0
164.4,A1002,A0100,B0100,4063.7808414424335,-5024.443608120833,-4860.248482206687,199.79590488595122,MISS,Trajectory,0.0
164.4,A2001,A0200,B0100,3580.3803068710727,-4824.688078547749,-5844.037298743643,199.95503738817882,MISS,Trajectory,0.0
164.4,A2002,A0200,B0100,3571.341006994724,-4816.5598783519345,-5800.313023753738,199.94567413755746,MISS,Trajectory,0.0
164.60000000000002,A1001,A0100,B0100,4072.2440190629345,-4992.286207487327,-4783.118977629151,199.9792575903768,MISS,Trajectory,0.0
164.60000000000002,A1002,A0100,B0100,4063.7808414424335,-5024.443608120833,-4860.248482206687,199.79590488595122,MISS,Trajectory,0.0
164.60000000000002,A2001,A0200,B0100,3580.3803068710727,-4824.688078547749,-5844.037298743643,199.95503738817882,MISS,Trajectory,0.0
164.60000000000002,A2002,A0200,B0100,3571.341006994724,-4816.5598783519345,-5800.313023753738,199.94567413755746,MISS,Trajectory,0.0
164.8,A1001,A0100,B0100,4072.2440190629345,-4992.286207487327,-4783.118977629151,199.9792575903768,MISS,Trajectory,0.0
164.8,A1002,A0100,B0100,4063.7808414424335,-5024.443608120833,-4860.248482206687,199.79590488595122,MISS,Trajectory,0.0
164.8,A2001,A0200,B0100,3580.3803068710727,-4824.688078547749,-5844.037298743643,199.95503738817882,MISS,Trajectory,0.0
164.8,A2002,A0200,B0100,3571.341006994724,-4816.5598783519345,-5800.313023753738,199.94567413755746,MISS,Trajectory,0.0
165.0,A1001,A0100,B0100,4072.2440190629345,-4992.286207487327,-4783.118977629151,199.9792575903768,MISS,Trajectory,0.0
165.0,A1002,A0100,B0100,4063.7808414424335,-5024.443608120833,-4860.248482206687,199.79590488595122,MISS,Trajectory,0.0
165.0,A2001,A0200,B0100,3580.3803068710727,-4824.688078547749,-5844.037298743643,199.95503738817882,MISS,Trajectory,0.0
165.0,A2002,A0200,B0100,3571.341006994724,-4816.5598783519345,-5800.313023753738,199.94567413755746,MISS,Trajectory,0.0
165.20000000000002,A1001,A0100,B0100,4072.2440190629345,-4992.286207487327,-4783.118977629151,199.9792575903768,MISS,Trajectory,0.0
165.20000000000002,A1002,A0100,B0100,4063.7808414424335,-5024.443608120833,-4860.248482206687,199.79590488595122,MISS,Trajectory,0.0
165.20000000000002,A2001,A0200,B0100,3580.3803068710727,-4824.688078547749,-5844.037298743643,199.95503738817882,MISS,Trajectory,0.0
165.20000000000002,A2002,A0200,B0100,3571.341006994724,-4816.5598783519345,-5800.313023753738,199.94567413755746,MISS,Trajectory,0.0
165.4,A1001,A0100,B0100,4072.2440190629345,-4992.286207487327,-4783.118977629151,199.9792575903768,MISS,Trajectory,0.0
165.4,A1002,A0100,B0100,4063.7808414424335,-5024.443608120833,-4860.248482206687,199.79590488595122,MISS,Trajectory,0.0
165.4,A2001,A0200,B0100,3580.3803068710727,-4824.688078547749,-5844.037298743643,199.95503738817882,MISS,Trajectory,0.0
165.4,A2002,A0200,B0100,3571.341006994724,-4816.5598783519345,-5800.313023753738,199.94567413755746,MISS,Trajectory,0.0
165.60000000000002,A1001,A0100,B0100,4072.2440190629345,-4992.286207487327,-4783.118977629151,199.9792575903768,MISS,Trajectory,0.0
165.60000000000002,A1002,A0100,B0100,4063.7808414424335,-5024.443608120833,-4860.248482206687,199.79590488595122,MISS,Trajectory,0.0
165.60000000000002,A2001,A0200,B0100,3580.3803068710727,-4824.688078547749,-5844.037298743643,199.95503738817882,MISS,Trajectory,0.0
165.60000000000002,A2002,A0200,B0100,3571.341006994724,-4816.5598783519345,-5800.313023753738,199.94567413755746,MISS,Trajectory,0.0
165.8,A1001,A0100,B0100,4072.2440190629345,-4992.286207487327,-4783.118977629151,199.9792575903768,MISS,Trajectory,0.0
165.8,A1002,A0100,B0100,4063.7808414424335,-5024.443608120833,-4860.248482206687,199.79590488595122,MISS,Trajectory,0.0
165.8,A2001,A0200,B0100,3580.3803068710727,-4824.688078547749,-5844.037298743643,199.95503738817882,MISS,Trajectory,0.0
165.8,A2002,A0200,B0100,3571.341006994724,-4816.5598783519345,-5800.313023753738,199.94567413755746,MISS,Trajectory,0.0
166.0,A1001,A0100,B0100,4072.2440190629345,-4992.286207487327,-4783.118977629151,199.9792575903768,MISS,Trajectory,0.0
166.0,A1002,A0100,B0100,4063.7808414424335,-5024.443608120833,-4860.248482206687,199.79590488595122,MISS,Trajectory,0.0
166.0,A2001,A0200,B0100,3580.3803068710727,-4824.688078547749,-5844.037298743643,199.95503738817882,MISS,Trajectory,0.0
166.0,A2002,A0200,B0100,3571.341006994724,-4816.5598783519345,-5800.313023753738,199.94567413755746,MISS,Trajectory,0.0
166.20000000000002,A1001,A0100,B0100,4072.2440190629345,-4992.286207487327,-4783.118977629151,199.9792575903768,MISS,Trajectory,0.0
166.20000000000002,A1002,A0100,B0100,4063.7808414424335,-5024.443608120833,-4860.248482206687,199.79590488595122,MISS,Trajectory,0.0
166.20000000000002,A2001,A0200,B0100,3580.3803068710727,-4824.688078547749,-5844.037298743643,199.95503738817882,MISS,Trajectory,0.0
166.20000000000002,A2002,A0200,B0100,3571.341006994724,-4816.5598783519345,-5800.313023753738,199.94567413755746,MISS,Trajectory,0.0
166.4,A1001,A0100,B0100,4072.2440190629345,-4992.286207487327,-4783.118977629151,199.9792575903768,MISS,Trajectory,0.0
166.4,A1002,A0100,B0100,4063.7808414424335,-5024.443608120833,-4860.248482206687,199.79590488595122,MISS,Trajectory,0.0
166.4,A2001,A0200,B0100,3580.3803068710727,-4824.688078547749,-5844.037298743643,199.95503738817882,MISS,Trajectory,0.0
166.4,A2002,A0200,B0100,3571.341006994724,-4816.5598783519345,-5800.313023753738,199.94567413755746,MISS,Trajectory,0.0
166.60000000000002,A1001,A0100,B0100,4072.2440190629345,-4992.286207487327,-4783.118977629151,199.9792575903768,MISS,Trajectory,0.0
166.60000000000002,A1002,A0100,B0100,4063.7808414424335,-5024.443608120833,-4860.248482206687,199.79590488595122,MISS,Trajectory,0.0
166.60000000000002,A2001,A0200,B0100,3580.3803068710727,-4824.688078547749,-5844.037298743643,199.95503738817882,MISS,Trajectory,0.0
166.60000000000002,A2002,A0200,B0100,3571.341006994724,-4816.5598783519345,-5800.313023753738,199.94567413755746,MISS,Trajectory,0.0
166.8,A1001,A0100,B0100,4072.2440190629345,-4992.286207487327,-4783.118977629151,199.9792575903768,MISS,Trajectory,0.0
166.8,A1002,A0100,B0100,4063.7808414424335,-5024.443608120833,-4860.248482206687,199.79590488595122,MISS,Trajectory,0.0
166.8,A2001,A0200,B0100,3580.3803068710727,-4824.688078547749,-5844.037298743643,199.95503738817882,MISS,Trajectory,0.0
166.8,A2002,A0200,B0100,3571.341006994724,-4816.5598783519345,-5800.313023753738,199.94567413755746,MISS,Trajectory,0.0
167.0,A1001,A0100,B0100,4072.2440190629345,-4992.286207487327,-4783.118977629151,199.9792575903768,MISS,Trajectory,0.0
167.0,A1002,A0100,B0100,4063.7808414424335,-5024.443608120833,-4860.248482206687,199.79590488595122,MISS,Trajectory,0.0
167.0,A2001,A0200,B0100,3580.3803068710727,-4824.688078547749,-5844.037298743643,199.95503738817882,MISS,Trajectory,0.0
167.0,A2002,A0200,B0100,3571.341006994724,-4816.5598783519345,-5800.313023753738,199.94567413755746,MISS,Trajectory,0.0
167.20000000000002,A1001,A0100,B0100,4072.2440190629345,-4992.286207487327,-4783.118977629151,199.9792575903768,MISS,Trajectory,0.0
167.20000000000002,A1002,A0100,B0100,4063.7808414424335,-5024.443608120833,-4860.248482206687,199.79590488595122,MISS,Trajectory,0.0
167.20000000000002,A2001,A0200,B0100,3580.3803068710727,-4824.688078547749,-5844.037298743643,199.95503738817882,MISS,Trajectory,0.0
167.20000000000002,A2002,A0200,B0100,3571.341006994724,-4816.5598783519345,-5800.313023753738,199.94567413755746,MISS,Trajectory,0.0
167.4,A1001,A0100,B0100,4072.2440190629345,-4992.286207487327,-4783.118977629151,199.9792575903768,MISS,Trajectory,0.0
167.4,A1002,A0100,B0100,4063.7808414424335,-5024.443608120833,-4860.248482206687,199.79590488595122,MISS,Trajectory,0.0
167.4,A2001,A0200,B0100,3580.3803068710727,-4824.688078547749,-5844.037298743643,199.95503738817882,MISS,Trajectory,0.0
167.4,A2002,A0200,B0100,3571.341006994724,-4816.5598783519345,-5800.313023753738,199.94567413755746,MISS,Trajectory,0.0
167.60000000000002,A1001,A0100,B0100,4072.2440190629345,-4992.286207487327,-4783.118977629151,199.9792575903768,MISS,Trajectory,0.0
167.60000000000002,A1002,A0100,B0100,4063.7808414424335,-5024.443608120833,-4860.248482206687,199.79590488595122,MISS,Trajectory,0.0
167.60000000000002,A2001,A0200,B0100,3580.3803068710727,-4824.688078547749,-5844.037298743643,199.95503738817882,MISS,Trajectory,0.0
167.60000000000002,A2002,A0200,B0100,3571.341006994724,-4816.5598783519345,-5800.313023753738,199.94567413755746,MISS,Trajectory,0.0
167.8,A1001,A0100,B0100,4072.2440190629345,-4992.286207487327,-4783.118977629151,199.9792575903768,MISS,Trajectory,0.0
167.8,A1002,A0100,B0100,4063.7808414424335,-5024.443608120833,-4860.248482206687,199.79590488595122,MISS,Trajectory,0.0
167.8,A2001,A0200,B0100,3580.3803068710727,-4824.688078547749,-5844.037298743643,199.95503738817882,MISS,Trajectory,0.0
167.8,A2002,A0200,B0100,3571.341006994724,-4816.5598783519345,-5800.313023753738,199.94567413755746,MISS,Trajectory,0.0
168.0,A1001,A0100,B0100,4072.2440190629345,-4992.286207487327,-4783.118977629151,199.9792575903768,MISS,Trajectory,0.0
168.0,A1002,A0100,B0100,4063.7808414424335,-5024.443608120833,-4860.248482206687,199.79590488595122,MISS,Trajectory,0.0
168.0,A2001,A0200,B0100,3580.3803068710727,-4824.688078547749,-5844.037298743643,199.95503738817882,MISS,Trajectory,0.0
168.0,A2002,A0200,B0100,3571.341006994724,-4816.5598783519345,-5800.313023753738,199.94567413755746,MISS,Trajectory,0.0
168.20000000000002,A1001,A0100,B0100,4072.2440190629345,-4992.286207487327,-4783.118977629151,199.9792575903768,MISS,Trajectory,0.0
168.20000000000002,A1002,A0100,B0100,4063.7808414424335,-5024.443608120833,-4860.248482206687,199.79590488595122,MISS,Trajectory,0.0
168.20000000000002,A2001,A0200,B0100,3580.3803068710727,-4824.688078547749,-5844.037298743643,199.95503738817882,MISS,Trajectory,0.0
168.20000000000002,A2002,A0200,B0100,3571.341006994724,-4816.5598783519345,-5800.313023753738,199.94567413755746,MISS,Trajectory,0.0
168.4,A1001,A0100,B0100,4072.2440190629345,-4992.286207487327,-4783.118977629151,199.9792575903768,MISS,Trajectory,0.0
168.4,A1002,A0100,B0100,4063.7808414424335,-5024.443608120833,-4860.248482206687,199.79590488595122,MISS,Trajectory,0.0
168.4,A2001,A0200,B0100,3580.3803068710727,-4824.688078547749,-5844.037298743643,199.95503738817882,MISS,Trajectory,0.0
168.4,A2002,A0200,B0100,3571.341006994724,-4816.5598783519345,-5800.313023753738,199.94567413755746,MISS,Trajectory,0.0
168.60000000000002,A1001,A0100,B0100,4072.2440190629345,-4992.286207487327,-4783.118977629151,199.9792575903768,MISS,Trajectory,0.0
168.60000000000002,A1002,A0100,B0100,4063.7808414424335,-5024.443608120833,-4860.248482206687,199.79590488595122,MISS,Trajectory,0.0
168.60000000000002,A2001,A0200,B0100,3580.3803068710727,-4824.688078547749,-5844.037298743643,199.95503738817882,MISS,Trajectory,0.0
168.60000000000002,A2002,A0200,B0100,3571.341006994724,-4816.5598783519345,-5800.313023753738,199.94567413755746,MISS,Trajectory,0.0
168.8,A1001,A0100,B0100,4072.2440190629345,-4992.286207487327,-4783.118977629151,199.9792575903768,MISS,Trajectory,0.0
168.8,A1002,A0100,B0100,4063.7808414424335,-5024.443608120833,-4860.248482206687,199.79590488595122,MISS,Trajectory,0.0
168.8,A2001,A0200,B0100,3580.3803068710727,-4824.688078547749,-5844.037298743643,199.95503738817882,MISS,Trajectory,0.0
168.8,A2002,A0200,B0100,3571.341006994724,-4816.5598783519345,-5800.313023753738,199.94567413755746,MISS,Trajectory,0.0
169.0,A1001,A0100,B0100,4072.2440190629345,-4992.286207487327,-4783.118977629151,199.9792575903768,MISS,Trajectory,0.0
169.0,A1002,A0100,B0100,4063.7808414424335,-5024.443608120833,-4860.248482206687,199.79590488595122,MISS,Trajectory,0.0
169.0,A2001,A0200,B0100,3580.3803068710727,-4824.688078547749,-5844.037298743643,199.95503738817882,MISS,Trajectory,0.0
169.0,A2002,A0200,B0100,3571.341006994724,-4816.5598783519345,-5800.313023753738,199.94567413755746,MISS,Trajectory,0.0
169.20000000000002,A1001,A0100,B0100,4072.2440190629345,-4992.286207487327,-4783.118977629151,199.9792575903768,MISS,Trajectory,0.0
169.20000000000002,A1002,A0100,B0100,4063.7808414424335,-5024.443608120833,-4860.248482206687,199.79590488595122,MISS,Trajectory,0.0
169.20000000000002,A2001,A0200,B0100,3580.3803068710727,-4824.688078547749,-5844.037298743643,199.95503738817882,MISS,Trajectory,0.0
169.20000000000002,A2002,A0200,B0100,3571.341006994724,-4816.5598783519345,-5800.313023753738,199.94567413755746,MISS,Trajectory,0.0
169.4,A1001,A0100,B0100,4072.2440190629345,-4992.286207487327,-4783.118977629151,199.9792575903768,MISS,Trajectory,0.0
169.4,A1002,A0100,B0100,4063.7808414424335,-5024.443608120833,-4860.248482206687,199.79590488595122,MISS,Trajectory,0.0
169.4,A2001,A0200,B0100,3580.3803068710727,-4824.688078547749,-5844.037298743643,199.95503738817882,MISS,Trajectory,0.0
169.4,A2002,A0200,B0100,3571.341006994724,-4816.5598783519345,-5800.313023753738,199.94567413755746,MISS,Trajectory,0.0
169.60000000000002,A1001,A0100,B0100,4072.2440190629345,-4992.286207487327,-4783.118977629151,199.9792575903768,MISS,Trajectory,0.0
169.60000000000002,A1002,A0100,B0100,4063.7808414424335,-5024.443608120833,-4860.248482206687,199.79590488595122,MISS,Trajectory,0.0
169.60000000000002,A2001,A0200,B0100,3580.3803068710727,-4824.688078547749,-5844.037298743643,199.95503738817882,MISS,Trajectory,0.0
169.60000000000002,A2002,A0200,B0100,3571.341006994724,-4816.5598783519345,-5800.313023753738,199.94567413755746,MISS,Trajectory,0.0
169.8,A1001,A0100,B0100,4072.2440190629345,-4992.286207487327,-4783.118977629151,199.9792575903768,MISS,Trajectory,0.0
169.8,A1002,A0100,B0100,4063.7808414424335,-5024.443608120833,-4860.248482206687,199.79590488595122,MISS,Trajectory,0.0
169.8,A2001,A0200,B0100,3580.3803068710727,-4824.688078547749,-5844.037298743643,199.95503738817882,MISS,Trajectory,0.0
169.8,A2002,A0200,B0100,3571.341006994724,-4816.5598783519345,-5800.313023753738,199.94567413755746,MISS,Trajectory,0.0
170.0,A1001,A0100,B0100,4072.2440190629345,-4992.286207487327,-4783.118977629151,199.9792575903768,MISS,Trajectory,0.0
170.0,A1002,A0100,B0100,4063.7808414424335,-5024.443608120833,-4860.248482206687,199.79590488595122,MISS,Trajectory,0.0
170.0,A2001,A0200,B0100,3580.3803068710727,-4824.688078547749,-5844.037298743643,199.95503738817882,MISS,Trajectory,0.0
170.0,A2002,A0200,B0100,3571.341006994724,-4816.5598783519345,-5800.313023753738,199.94567413755746,MISS,Trajectory,0.0
170.20000000000002,A1001,A0100,B0100,4072.2440190629345,-4992.286207487327,-4783.118977629151,199.9792575903768,MISS,Trajectory,0.0
170.20000000000002,A1002,A0100,B0100,4063.7808414424335,-5024.443608120833,-4860.248482206687,199.79590488595122,MISS,Trajectory,0.0
170.20000000000002,A2001,A0200,B0100,3580.3803068710727,-4824.688078547749,-5844.037298743643,199.95503738817882,MISS,Trajectory,0.0
170.20000000000002,A2002,A0200,B0100,3571.341006994724,-4816.5598783519345,-5800.313023753738,199.94567413755746,MISS,Trajectory,0.0
170.4,A1001,A0100,B0100,4072.2440190629345,-4992.286207487327,-4783.118977629151,199.9792575903768,MISS,Trajectory,0.0
170.4,A1002,A0100,B0100,4063.7808414424335,-5024.443608120833,-4860.248482206687,199.79590488595122,MISS,Trajectory,0.0
170.4,A2001,A0200,B0100,3580.3803068710727,-4824.688078547749,-5844.037298743643,199.95503738817882,MISS,Trajectory,0.0
170.4,A2002,A0200,B0100,3571.341006994724,-4816.5598783519345,-5800.313023753738,199.94567413755746,MISS,Trajectory,0.0
170.60000000000002,A1001,A0100,B0100,4072.2440190629345,-4992.286207487327,-4783.118977629151,199.9792575903768,MISS,Trajectory,0.0
170.60000000000002,A1002,A0100,B0100,4063.7808414424335,-5024.443608120833,-4860.248482206687,199.79590488595122,MISS,Trajectory,0.0
170.60000000000002,A2001,A0200,B0100,3580.3803068710727,-4824.688078547749,-5844.037298743643,199.95503738817882,MISS,Trajectory,0.0
170.60000000000002,A2002,A0200,B0100,3571.341006994724,-4816.5598783519345,-5800.313023753738,199.94567413755746,MISS,Trajectory,0.0
170.8,A1001,A0100,B0100,4072.2440190629345,-4992.286207487327,-4783.118977629151,199.9792575903768,MISS,Trajectory,0.0
170.8,A1002,A0100,B0100,4063.7808414424335,-5024.443608120833,-4860.248482206687,199.79590488595122,MISS,Trajectory,0.0
170.8,A2001,A0200,B0100,3580.3803068710727,-4824.688078547749,-5844.037298743643,199.95503738817882,MISS,Trajectory,0.0
170.8,A2002,A0200,B0100,3571.341006994724,-4816.5598783519345,-5800.313023753738,199.94567413755746,MISS,Trajectory,0.0
171.0,A1001,A0100,B0100,4072.2440190629345,-4992.286207487327,-4783.118977629151,199.9792575903768,MISS,Trajectory,0.0
171.0,A1002,A0100,B0100,4063.7808414424335,-5024.443608120833,-4860.248482206687,199.79590488595122,MISS,Trajectory,0.0
171.0,A2001,A0200,B0100,3580.3803068710727,-4824.688078547749,-5844.037298743643,199.95503738817882,MISS,Trajectory,0.0
171.0,A2002,A0200,B0100,3571.341006994724,-4816.5598783519345,-5800.313023753738,199.94567413755746,MISS,Trajectory,0.0
171.20000000000002,A1001,A0100,B0100,4072.2440190629345,-4992.286207487327,-4783.118977629151,199.9792575903768,MISS,Trajectory,0.0
171.20000000000002,A1002,A0100,B0100,4063.7808414424335,-5024.443608120833,-4860.248482206687,199.79590488595122,MISS,Trajectory,0.0
171.20000000000002,A2001,A0200,B0100,3580.3803068710727,-4824.688078547749,-5844.037298743643,199.95503738817882,MISS,Trajectory,0.0
171.20000000000002,A2002,A0200,B0100,3571.341006994724,-4816.5598783519345,-5800.313023753738,199.94567413755746,MISS,Trajectory,0.0
171.4,A1001,A0100,B0100,4072.2440190629345,-4992.286207487327,-4783.118977629151,199.9792575903768,MISS,Trajectory,0.0
171.4,A1002,A0100,B0100,4063.7808414424335,-5024.443608120833,-4860.248482206687,199.79590488595122,MISS,Trajectory,0.0
171.4,A2001,A0200,B0100,3580.3803068710727,-4824.688078547749,-5844.037298743643,199.95503738817882,MISS,Trajectory,0.0
171.4,A2002,A0200,B0100,3571.341006994724,-4816.5598783519345,-5800.313023753738,199.94567413755746,MISS,Trajectory,0.0
171.60000000000002,A1001,A0100,B0100,4072.2440190629345,-4992.286207487327,-4783.118977629151,199.9792575903768,MISS,Trajectory,0.0
171.60000000000002,A1002,A0100,B0100,4063.7808414424335,-5024.443608120833,-4860.248482206687,199.79590488595122,MISS,Trajectory,0.0
171.60000000000002,A2001,A0200,B0100,3580.3803068710727,-4824.688078547749,-5844.037298743643,199.95503738817882,MISS,Trajectory,0.0
171.60000000000002,A2002,A0200,B0100,3571.341006994724,-4816.5598783519345,-5800.313023753738,199.94567413755746,MISS,Trajectory,0.0
171.8,A1001,A0100,B0100,4072.2440190629345,-4992.286207487327,-4783.118977629151,199.9792575903768,MISS,Trajectory,0.0
171.8,A1002,A0100,B0100,4063.7808414424335,-5024.443608120833,-4860.248482206687,199.79590488595122,MISS,Trajectory,0.0
171.8,A2001,A0200,B0100,3580.3803068710727,-4824.688078547749,-5844.037298743643,199.95503738817882,MISS,Trajectory,0.0
171.8,A2002,A0200,B0100,3571.341006994724,-4816.5598783519345,-5800.313023753738,199.94567413755746,MISS,Trajectory,0.0
172.0,A1001,A0100,B0100,4072.2440190629345,-4992.286207487327,-4783.118977629151,199.9792575903768,MISS,Trajectory,0.0
172.0,A1002,A0100,B0100,4063.7808414424335,-5024.443608120833,-4860.248482206687,199.79590488595122,MISS,Trajectory,0.0
172.0,A2001,A0200,B0100,3580.3803068710727,-4824.688078547749,-5844.037298743643,199.95503738817882,MISS,Trajectory,0.0
172.0,A2002,A0200,B0100,3571.341006994724,-4816.5598783519345,-5800.313023753738,199.94567413755746,MISS,Trajectory,0.0
172.20000000000002,A1001,A0100,B0100,4072.2440190629345,-4992.286207487327,-4783.118977629151,199.9792575903768,MISS,Trajectory,0.0
172.20000000000002,A1002,A0100,B0100,4063.7808414424335,-5024.443608120833,-4860.248482206687,199.79590488595122,MISS,Trajectory,0.0
172.20000000000002,A2001,A0200,B0100,3580.3803068710727,-4824.688078547749,-5844.037298743643,199.95503738817882,MISS,Trajectory,0.0
172.20000000000002,A2002,A0200,B0100,3571.341006994724,-4816.5598783519345,-5800.313023753738,199.94567413755746,MISS,Trajectory,0.0
172.4,A1001,A0100,B0100,4072.2440190629345,-4992.286207487327,-4783.118977629151,199.9792575903768,MISS,Trajectory,0.0
172.4,A1002,A0100,B0100,4063.7808414424335,-5024.443608120833,-4860.248482206687,199.79590488595122,MISS,Trajectory,0.0
172.4,A2001,A0200,B0100,3580.3803068710727,-4824.688078547749,-5844.037298743643,199.95503738817882,MISS,Trajectory,0.0
172.4,A2002,A0200,B0100,3571.341006994724,-4816.5598783519345,-5800.313023753738,199.94567413755746,MISS,Trajectory,0.0
172.60000000000002,A1001,A0100,B0100,4072.2440190629345,-4992.286207487327,-4783.118977629151,199.9792575903768,MISS,Trajectory,0.0
172.60000000000002,A1002,A0100,B0100,4063.7808414424335,-5024.443608120833,-4860.248482206687,199.79590488595122,MISS,Trajectory,0.0
172.60000000000002,A2001,A0200,B0100,3580.3803068710727,-4824.688078547749,-5844.037298743643,199.95503738817882,MISS,Trajectory,0.0
172.60000000000002,A2002,A0200,B0100,3571.341006994724,-4816.5598783519345,-5800.313023753738,199.94567413755746,MISS,Trajectory,0.0
172.8,A1001,A0100,B0100,4072.2440190629345,-4992.286207487327,-4783.118977629151,199.9792575903768,MISS,Trajectory,0.0
172.8,A1002,A0100,B0100,4063.7808414424335,-5024.443608120833,-4860.248482206687,199.79590488595122,MISS,Trajectory,0.0
172.8,A2001,A0200,B0100,3580.3803068710727,-4824.688078547749,-5844.037298743643,199.95503738817882,MISS,Trajectory,0.0
172.8,A2002,A0200,B0100,3571.341006994724,-4816.5598783519345,-5800.313023753738,199.94567413755746,MISS,Trajectory,0.0
173.0,A1001,A0100,B0100,4072.2440190629345,-4992.286207487327,-4783.118977629151,199.9792575903768,MISS,Trajectory,0.0
173.0,A1002,A0100,B0100,4063.7808414424335,-5024.443608120833,-4860.248482206687,199.79590488595122,MISS,Trajectory,0.0
173.0,A2001,A0200,B0100,3580.3803068710727,-4824.688078547749,-5844.037298743643,199.95503738817882,MISS,Trajectory,0.0
173.0,A2002,A0200,B0100,3571.341006994724,-4816.5598783519345,-5800.313023753738,199.94567413755746,MISS,Trajectory,0.0
173.20000000000002,A1001,A0100,B0100,4072.2440190629345,-4992.286207487327,-4783.118977629151,199.9792575903768,MISS,Trajectory,0.0
173.20000000000002,A1002,A0100,B0100,4063.7808414424335,-5024.443608120833,-4860.248482206687,199.79590488595122,MISS,Trajectory,0.0
173.20000000000002,A2001,A0200,B0100,3580.3803068710727,-4824.688078547749,-5844.037298743643,199.95503738817882,MISS,Trajectory,0.0
173.20000000000002,A2002,A0200,B0100,3571.341006994724,-4816.5598783519345,-5800.313023753738,199.94567413755746,MISS,Trajectory,0.0
173.4,A1001,A0100,B0100,4072.2440190629345,-4992.286207487327,-4783.118977629151,199.9792575903768,MISS,Trajectory,0.0
173.4,A1002,A0100,B0100,4063.7808414424335,-5024.443608120833,-4860.248482206687,199.79590488595122,MISS,Trajectory,0.0
173.4,A2001,A0200,B0100,3580.3803068710727,-4824.688078547749,-5844.037298743643,199.95503738817882,MISS,Trajectory,0.0
173.4,A2002,A0200,B0100,3571.341006994724,-4816.5598783519345,-5800.313023753738,199.94567413755746,MISS,Trajectory,0.0
173.60000000000002,A1001,A0100,B0100,4072.2440190629345,-4992.286207487327,-4783.118977629151,199.9792575903768,MISS,Trajectory,0.0
173.60000000000002,A1002,A0100,B0100,4063.7808414424335,-5024.443608120833,-4860.248482206687,199.79590488595122,MISS,Trajectory,0.0
173.60000000000002,A2001,A0200,B0100,3580.3803068710727,-4824.688078547749,-5844.037298743643,199.95503738817882,MISS,Trajectory,0.0
173.60000000000002,A2002,A0200,B0100,3571.341006994724,-4816.5598783519345,-5800.313023753738,199.94567413755746,MISS,Trajectory,0.0
173.8,A1001,A0100,B0100,4072.2440190629345,-4992.286207487327,-4783.118977629151,199.9792575903768,MISS,Trajectory,0.0
173.8,A1002,A0100,B0100,4063.7808414424335,-5024.443608120833,-4860.248482206687,199.79590488595122,MISS,Trajectory,0.0
173.8,A2001,A0200,B0100,3580.3803068710727,-4824.688078547749,-5844.037298743643,199.95503738817882,MISS,Trajectory,0.0
173.8,A2002,A0200,B0100,3571.341006994724,-4816.5598783519345,-5800.313023753738,199.94567413755746,MISS,Trajectory,0.0
174.0,A1001,A0100,B0100,4072.2440190629345,-4992.286207487327,-4783.118977629151,199.9792575903768,MISS,Trajectory,0.0
174.0,A1002,A0100,B0100,4063.7808414424335,-5024.443608120833,-4860.248482206687,199.79590488595122,MISS,Trajectory,0.0
174.0,A2001,A0200,B0100,3580.3803068710727,-4824.688078547749,-5844.037298743643,199.95503738817882,MISS,Trajectory,0.0
174.0,A2002,A0200,B0100,3571.341006994724,-4816.5598783519345,-5800.313023753738,199.94567413755746,MISS,Trajectory,0.0
174.20000000000002,A1001,A0100,B0100,4072.2440190629345,-4992.286207487327,-4783.118977629151,199.9792575903768,MISS,Trajectory,0.0
174.20000000000002,A1002,A0100,B0100,4063.7808414424335,-5024.443608120833,-4860.248482206687,199.79590488595122,MISS,Trajectory,0.0
174.20000000000002,A2001,A0200,B0100,3580.3803068710727,-4824.688078547749,-5844.037298743643,199.95503738817882,MISS,Trajectory,0.0
174.20000000000002,A2002,A0200,B0100,3571.341006994724,-4816.5598783519345,-5800.313023753738,199.94567413755746,MISS,Trajectory,0.0
174.4,A1001,A0100,B0100,4072.2440190629345,-4992.286207487327,-4783.118977629151,199.9792575903768,MISS,Trajectory,0.0
174.4,A1002,A0100,B0100,4063.7808414424335,-5024.443608120833,-4860.248482206687,199.79590488595122,MISS,Trajectory,0.0
174.4,A2001,A0200,B0100,3580.3803068710727,-4824.688078547749,-5844.037298743643,199.95503738817882,MISS,Trajectory,0.0
174.4,A2002,A0200,B0100,3571.341006994724,-4816.5598783519345,-5800.313023753738,199.94567413755746,MISS,Trajectory,0.0
174.60000000000002,A1001,A0100,B0100,4072.2440190629345,-4992.286207487327,-4783.118977629151,199.9792575903768,MISS,Trajectory,0.0
174.60000000000002,A1002,A0100,B0100,4063.7808414424335,-5024.443608120833,-4860.248482206687,199.79590488595122,MISS,Trajectory,0.0
174.60000000000002,A2001,A0200,B0100,3580.3803068710727,-4824.688078547749,-5844.037298743643,199.95503738817882,MISS,Trajectory,0.0
174.60000000000002,A2002,A0200,B0100,3571.341006994724,-4816.5598783519345,-5800.313023753738,199.94567413755746,MISS,Trajectory,0.0
174.8,A1001,A0100,B0100,4072.2440190629345,-4992.286207487327,-4783.118977629151,199.9792575903768,MISS,Trajectory,0.0
174.8,A1002,A0100,B0100,4063.7808414424335,-5024.443608120833,-4860.248482206687,199.79590488595122,MISS,Trajectory,0.0
174.8,A2001,A0200,B0100,3580.3803068710727,-4824.688078547749,-5844.037298743643,199.95503738817882,MISS,Trajectory,0.0
174.8,A2002,A0200,B0100,3571.341006994724,-4816.5598783519345,-5800.313023753738,199.94567413755746,MISS,Trajectory,0.0
175.0,A1001,A0100,B0100,4072.2440190629345,-4992.286207487327,-4783.118977629151,199.9792575903768,MISS,Trajectory,0.0
175.0,A1002,A0100,B0100,4063.7808414424335,-5024.443608120833,-4860.248482206687,199.79590488595122,MISS,Trajectory,0.0
175.0,A2001,A0200,B0100,3580.3803068710727,-4824.688078547749,-5844.037298743643,199.95503738817882,MISS,Trajectory,0.0
175.0,A2002,A0200,B0100,3571.341006994724,-4816.5598783519345,-5800.313023753738,199.94567413755746,MISS,Trajectory,0.0
175.20000000000002,A1001,A0100,B0100,4072.2440190629345,-4992.286207487327,-4783.118977629151,199.9792575903768,MISS,Trajectory,0.0
175.20000000000002,A1002,A0100,B0100,4063.7808414424335,-5024.443608120833,-4860.248482206687,199.79590488595122,MISS,Trajectory,0.0
175.20000000000002,A2001,A0200,B0100,3580.3803068710727,-4824.688078547749,-5844.037298743643,199.95503738817882,MISS,Trajectory,0.0
175.20000000000002,A2002,A0200,B0100,3571.341006994724,-4816.5598783519345,-5800.313023753738,199.94567413755746,MISS,Trajectory,0.0
175.4,A1001,A0100,B0100,4072.2440190629345,-4992.286207487327,-4783.118977629151,199.9792575903768,MISS,Trajectory,0.0
175.4,A1002,A0100,B0100,4063.7808414424335,-5024.443608120833,-4860.248482206687,199.79590488595122,MISS,Trajectory,0.0
175.4,A2001,A0200,B0100,3580.3803068710727,-4824.688078547749,-5844.037298743643,199.95503738817882,MISS,Trajectory,0.0
175.4,A2002,A0200,B0100,3571.341006994724,-4816.5598783519345,-5800.313023753738,199.94567413755746,MISS,Trajectory,0.0
175.60000000000002,A1001,A0100,B0100,4072.2440190629345,-4992.286207487327,-4783.118977629151,199.9792575903768,MISS,Trajectory,0.0
175.60000000000002,A1002,A0100,B0100,4063.7808414424335,-5024.443608120833,-4860.248482206687,199.79590488595122,MISS,Trajectory,0.0
175.60000000000002,A2001,A0200,B0100,3580.3803068710727,-4824.688078547749,-5844.037298743643,199.95503738817882,MISS,Trajectory,0.0
175.60000000000002,A2002,A0200,B0100,3571.341006994724,-4816.5598783519345,-5800.313023753738,199.94567413755746,MISS,Trajectory,0.0
175.8,A1001,A0100,B0100,4072.2440190629345,-4992.286207487327,-4783.118977629151,199.9792575903768,MISS,Trajectory,0.0
175.8,A1002,A0100,B0100,4063.7808414424335,-5024.443608120833,-4860.248482206687,199.79590488595122,MISS,Trajectory,0.0
175.8,A2001,A0200,B0100,3580.3803068710727,-4824.688078547749,-5844.037298743643,199.95503738817882,MISS,Trajectory,0.0
175.8,A2002,A0200,B0100,3571.341006994724,-4816.5598783519345,-5800.313023753738,199.94567413755746,MISS,Trajectory,0.0
176.0,A1001,A0100,B0100,4072.2440190629345,-4992.286207487327,-4783.118977629151,199.9792575903768,MISS,Trajectory,0.0
176.0,A1002,A0100,B0100,4063.7808414424335,-5024.443608120833,-4860.248482206687,199.79590488595122,MISS,Trajectory,0.0
176.0,A2001,A0200,B0100,3580.3803068710727,-4824.688078547749,-5844.037298743643,199.95503738817882,MISS,Trajectory,0.0
176.0,A2002,A0200,B0100,3571.341006994724,-4816.5598783519345,-5800.313023753738,199.94567413755746,MISS,Trajectory,0.0
176.20000000000002,A1001,A0100,B0100,4072.2440190629345,-4992.286207487327,-4783.118977629151,199.9792575903768,MISS,Trajectory,0.0
176.20000000000002,A1002,A0100,B0100,4063.7808414424335,-5024.443608120833,-4860.248482206687,199.79590488595122,MISS,Trajectory,0.0
176.20000000000002,A2001,A0200,B0100,3580.3803068710727,-4824.688078547749,-5844.037298743643,199.95503738817882,MISS,Trajectory,0.0
176.20000000000002,A2002,A0200,B0100,3571.341006994724,-4816.5598783519345,-5800.313023753738,199.94567413755746,MISS,Trajectory,0.0
176.4,A1001,A0100,B0100,4072.2440190629345,-4992.286207487327,-4783.118977629151,199.9792575903768,MISS,Trajectory,0.0
176.4,A1002,A0100,B0100,4063.7808414424335,-5024.443608120833,-4860.248482206687,199.79590488595122,MISS,Trajectory,0.0
176.4,A2001,A0200,B0100,3580.3803068710727,-4824.688078547749,-5844.037298743643,199.95503738817882,MISS,Trajectory,0.0
176.4,A2002,A0200,B0100,3571.341006994724,-4816.5598783519345,-5800.313023753738,199.94567413755746,MISS,Trajectory,0.0
176.60000000000002,A1001,A0100,B0100,4072.2440190629345,-4992.286207487327,-4783.118977629151,199.9792575903768,MISS,Trajectory,0.0
176.60000000000002,A1002,A0100,B0100,4063.7808414424335,-5024.443608120833,-4860.248482206687,199.79590488595122,MISS,Trajectory,0.0
176.60000000000002,A2001,A0200,B0100,3580.3803068710727,-4824.688078547749,-5844.037298743643,199.95503738817882,MISS,Trajectory,0.0
176.60000000000002,A2002,A0200,B0100,3571.341006994724,-4816.5598783519345,-5800.313023753738,199.94567413755746,MISS,Trajectory,0.0
176.8,A1001,A0100,B0100,4072.2440190629345,-4992.286207487327,-4783.118977629151,199.9792575903768,MISS,Trajectory,0.0
176.8,A1002,A0100,B0100,4063.7808414424335,-5024.443608120833,-4860.248482206687,199.79590488595122,MISS,Trajectory,0.0
176.8,A2001,A0200,B0100,3580.3803068710727,-4824.688078547749,-5844.037298743643,199.95503738817882,MISS,Trajectory,0.0
176.8,A2002,A0200,B0100,3571.341006994724,-4816.5598783519345,-5800.313023753738,199.94567413755746,MISS,Trajectory,0.0
177.0,A1001,A0100,B0100,4072.2440190629345,-4992.286207487327,-4783.118977629151,199.9792575903768,MISS,Trajectory,0.0
177.0,A1002,A0100,B0100,4063.7808414424335,-5024.443608120833,-4860.248482206687,199.79590488595122,MISS,Trajectory,0.0
177.0,A2001,A0200,B0100,3580.3803068710727,-4824.688078547749,-5844.037298743643,199.95503738817882,MISS,Trajectory,0.0
177.0,A2002,A0200,B0100,3571.341006994724,-4816.5598783519345,-5800.313023753738,199.94567413755746,MISS,Trajectory,0.0
177.20000000000002,A1001,A0100,B0100,4072.2440190629345,-4992.286207487327,-4783.118977629151,199.9792575903768,MISS,Trajectory,0.0
177.20000000000002,A1002,A0100,B0100,4063.7808414424335,-5024.443608120833,-4860.248482206687,199.79590488595122,MISS,Trajectory,0.0
177.20000000000002,A2001,A0200,B0100,3580.3803068710727,-4824.688078547749,-5844.037298743643,199.95503738817882,MISS,Trajectory,0.0
177.20000000000002,A2002,A0200,B0100,3571.341006994724,-4816.5598783519345,-5800.313023753738,199.94567413755746,MISS,Trajectory,0.0
177.4,A1001,A0100,B0100,4072.2440190629345,-4992.286207487327,-4783.118977629151,199.9792575903768,MISS,Trajectory,0.0
177.4,A1002,A0100,B0100,4063.7808414424335,-5024.443608120833,-4860.248482206687,199.79590488595122,MISS,Trajectory,0.0
177.4,A2001,A0200,B0100,3580.3803068710727,-4824.688078547749,-5844.037298743643,199.95503738817882,MISS,Trajectory,0.0
177.4,A2002,A0200,B0100,3571.341006994724,-4816.5598783519345,-5800.313023753738,199.94567413755746,MISS,Trajectory,0.0
177.60000000000002,A1001,A0100,B0100,4072.2440190629345,-4992.286207487327,-4783.118977629151,199.9792575903768,MISS,Trajectory,0.0
177.60000000000002,A1002,A0100,B0100,4063.7808414424335,-5024.443608120833,-4860.248482206687,199.79590488595122,MISS,Trajectory,0.0
177.60000000000002,A2001,A0200,B0100,3580.3803068710727,-4824.688078547749,-5844.037298743643,199.95503738817882,MISS,Trajectory,0.0
177.60000000000002,A2002,A0200,B0100,3571.341006994724,-4816.5598783519345,-5800.313023753738,199.94567413755746,MISS,Trajectory,0.0
177.8,A1001,A0100,B0100,4072.2440190629345,-4992.286207487327,-4783.118977629151,199.9792575903768,MISS,Trajectory,0.0
177.8,A1002,A0100,B0100,4063.7808414424335,-5024.443608120833,-4860.248482206687,199.79590488595122,MISS,Trajectory,0.0
177.8,A2001,A0200,B0100,3580.3803068710727,-4824.688078547749,-5844.037298743643,199.95503738817882,MISS,Trajectory,0.0
177.8,A2002,A0200,B0100,3571.341006994724,-4816.5598783519345,-5800.313023753738,199.94567413755746,MISS,Trajectory,0.0
178.0,A1001,A0100,B0100,4072.2440190629345,-4992.286207487327,-4783.118977629151,199.9792575903768,MISS,Trajectory,0.0
178.0,A1002,A0100,B0100,4063.7808414424335,-5024.443608120833,-4860.248482206687,199.79590488595122,MISS,Trajectory,0.0
178.0,A2001,A0200,B0100,3580.3803068710727,-4824.688078547749,-5844.037298743643,199.95503738817882,MISS,Trajectory,0.0
178.0,A2002,A0200,B0100,3571.341006994724,-4816.5598783519345,-5800.313023753738,199.94567413755746,MISS,Trajectory,0.0
178.20000000000002,A1001,A0100,B0100,4072.2440190629345,-4992.286207487327,-4783.118977629151,199.9792575903768,MISS,Trajectory,0.0
178.20000000000002,A1002,A0100,B0100,4063.7808414424335,-5024.443608120833,-4860.248482206687,199.79590488595122,MISS,Trajectory,0.0
178.20000000000002,A2001,A0200,B0100,3580.3803068710727,-4824.688078547749,-5844.037298743643,199.95503738817882,MISS,Trajectory,0.0
178.20000000000002,A2002,A0200,B0100,3571.341006994724,-4816.5598783519345,-5800.313023753738,199.94567413755746,MISS,Trajectory,0.0
178.4,A1001,A0100,B0100,4072.2440190629345,-4992.286207487327,-4783.118977629151,199.9792575903768,MISS,Trajectory,0.0
178.4,A1002,A0100,B0100,4063.7808414424335,-5024.443608120833,-4860.248482206687,199.79590488595122,MISS,Trajectory,0.0
178.4,A2001,A0200,B0100,3580.3803068710727,-4824.688078547749,-5844.037298743643,199.95503738817882,MISS,Trajectory,0.0
178.4,A2002,A0200,B0100,3571.341006994724,-4816.5598783519345,-5800.313023753738,199.94567413755746,MISS,Trajectory,0.0
178.60000000000002,A1001,A0100,B0100,4072.2440190629345,-4992.286207487327,-4783.118977629151,199.9792575903768,MISS,Trajectory,0.0
178.60000000000002,A1002,A0100,B0100,4063.7808414424335,-5024.443608120833,-4860.248482206687,199.79590488595122,MISS,Trajectory,0.0
178.60000000000002,A2001,A0200,B0100,3580.3803068710727,-4824.688078547749,-5844.037298743643,199.95503738817882,MISS,Trajectory,0.0
178.60000000000002,A2002,A0200,B0100,3571.341006994724,-4816.5598783519345,-5800.313023753738,199.94567413755746,MISS,Trajectory,0.0
178.8,A1001,A0100,B0100,4072.2440190629345,-4992.286207487327,-4783.118977629151,199.9792575903768,MISS,Trajectory,0.0
178.8,A1002,A0100,B0100,4063.7808414424335,-5024.443608120833,-4860.248482206687,199.79590488595122,MISS,Trajectory,0.0
178.8,A2001,A0200,B0100,3580.3803068710727,-4824.688078547749,-5844.037298743643,199.95503738817882,MISS,Trajectory,0.0
178.8,A2002,A0200,B0100,3571.341006994724,-4816.5598783519345,-5800.313023753738,199.94567413755746,MISS,Trajectory,0.0
179.0,A1001,A0100,B0100,4072.2440190629345,-4992.286207487327,-4783.118977629151,199.9792575903768,MISS,Trajectory,0.0
179.0,A1002,A0100,B0100,4063.7808414424335,-5024.443608120833,-4860.248482206687,199.79590488595122,MISS,Trajectory,0.0
179.0,A2001,A0200,B0100,3580.3803068710727,-4824.688078547749,-5844.037298743643,199.95503738817882,MISS,Trajectory,0.0
179.0,A2002,A0200,B0100,3571.341006994724,-4816.5598783519345,-5800.313023753738,199.94567413755746,MISS,Trajectory,0.0
179.20000000000002,A1001,A0100,B0100,4072.2440190629345,-4992.286207487327,-4783.118977629151,199.9792575903768,MISS,Trajectory,0.0
179.20000000000002,A1002,A0100,B0100,4063.7808414424335,-5024.443608120833,-4860.248482206687,199.79590488595122,MISS,Trajectory,0.0
179.20000000000002,A2001,A0200,B0100,3580.3803068710727,-4824.688078547749,-5844.037298743643,199.95503738817882,MISS,Trajectory,0.0
179.20000000000002,A2002,A0200,B0100,3571.341006994724,-4816.5598783519345,-5800.313023753738,199.94567413755746,MISS,Trajectory,0.0
179.4,A1001,A0100,B0100,4072.2440190629345,-4992.286207487327,-4783.118977629151,199.9792575903768,MISS,Trajectory,0.0
179.4,A1002,A0100,B0100,4063.7808414424335,-5024.443608120833,-4860.248482206687,199.79590488595122,MISS,Trajectory,0.0
179.4,A2001,A0200,B0100,3580.3803068710727,-4824.688078547749,-5844.037298743643,199.95503738817882,MISS,Trajectory,0.0
179.4,A2002,A0200,B0100,3571.341006994724,-4816.5598783519345,-5800.313023753738,199.94567413755746,MISS,Trajectory,0.0
179.60000000000002,A1001,A0100,B0100,4072.2440190629345,-4992.286207487327,-4783.118977629151,199.9792575903768,MISS,Trajectory,0.0
179.60000000000002,A1002,A0100,B0100,4063.7808414424335,-5024.443608120833,-4860.248482206687,199.79590488595122,MISS,Trajectory,0.0
179.60000000000002,A2001,A0200,B0100,3580.3803068710727,-4824.688078547749,-5844.037298743643,199.95503738817882,MISS,Trajectory,0.0
179.60000000000002,A2002,A0200,B0100,3571.341006994724,-4816.5598783519345,-5800.313023753738,199.94567413755746,MISS,Trajectory,0.0
179.8,A1001,A0100,B0100,4072.2440190629345,-4992.286207487327,-4783.118977629151,199.9792575903768,MISS,Trajectory,0.0
179.8,A1002,A0100,B0100,4063.7808414424335,-5024.443608120833,-4860.248482206687,199.79590488595122,MISS,Trajectory,0.0
179.8,A2001,A0200,B0100,3580.3803068710727,-4824.688078547749,-5844.037298743643,199.95503738817882,MISS,Trajectory,0.0
179.8,A2002,A0200,B0100,3571.341006994724,-4816.5598783519345,-5800.313023753738,199.94567413755746,MISS,Trajectory,0.0
180.0,A1001,A0100,B0100,4072.2440190629345,-4992.286207487327,-4783.118977629151,199.9792575903768,MISS,Trajectory,0.0
180.0,A1002,A0100,B0100,4063.7808414424335,-5024.443608120833,-4860.248482206687,199.79590488595122,MISS,Trajectory,0.0
180.0,A2001,A0200,B0100,3580.3803068710727,-4824.688078547749,-5844.037298743643,199.95503738817882,MISS,Trajectory,0.0
180.0,A2002,A0200,B0100,3571.341006994724,-4816.5598783519345,-5800.313023753738,199.94567413755746,MISS,Trajectory,0.0
180.20000000000002,A1001,A0100,B0100,4072.2440190629345,-4992.286207487327,-4783.118977629151,199.9792575903768,MISS,Trajectory,0.0
180.20000000000002,A1002,A0100,B0100,4063.7808414424335,-5024.443608120833,-4860.248482206687,199.79590488595122,MISS,Trajectory,0.0
180.20000000000002,A2001,A0200,B0100,3580.3803068710727,-4824.688078547749,-5844.037298743643,199.95503738817882,MISS,Trajectory,0.0
180.20000000000002,A2002,A0200,B0100,3571.341006994724,-4816.5598783519345,-5800.313023753738,199.94567413755746,MISS,Trajectory,0.0
180.4,A1001,A0100,B0100,4072.2440190629345,-4992.286207487327,-4783.118977629151,199.9792575903768,MISS,Trajectory,0.0
180.4,A1002,A0100,B0100,4063.7808414424335,-5024.443608120833,-4860.248482206687,199.79590488595122,MISS,Trajectory,0.0
180.4,A2001,A0200,B0100,3580.3803068710727,-4824.688078547749,-5844.037298743643,199.95503738817882,MISS,Trajectory,0.0
180.4,A2002,A0200,B0100,3571.341006994724,-4816.5598783519345,-5800.313023753738,199.94567413755746,MISS,Trajectory,0.0
180.60000000000002,A1001,A0100,B0100,4072.2440190629345,-4992.286207487327,-4783.118977629151,199.9792575903768,MISS,Trajectory,0.0
180.60000000000002,A1002,A0100,B0100,4063.7808414424335,-5024.443608120833,-4860.248482206687,199.79590488595122,MISS,Trajectory,0.0
180.60000000000002,A2001,A0200,B0100,3580.3803068710727,-4824.688078547749,-5844.037298743643,199.95503738817882,MISS,Trajectory,0.0
180.60000000000002,A2002,A0200,B0100,3571.341006994724,-4816.5598783519345,-5800.313023753738,199.94567413755746,MISS,Trajectory,0.0
180.8,A1001,A0100,B0100,4072.2440190629345,-4992.286207487327,-4783.118977629151,199.9792575903768,MISS,Trajectory,0.0
180.8,A1002,A0100,B0100,4063.7808414424335,-5024.443608120833,-4860.248482206687,199.79590488595122,MISS,Trajectory,0.0
180.8,A2001,A0200,B0100,3580.3803068710727,-4824.688078547749,-5844.037298743643,199.95503738817882,MISS,Trajectory,0.0
180.8,A2002,A0200,B0100,3571.341006994724,-4816.5598783519345,-5800.313023753738,199.94567413755746,MISS,Trajectory,0.0
181.0,A1001,A0100,B0100,4072.2440190629345,-4992.286207487327,-4783.118977629151,199.9792575903768,MISS,Trajectory,0.0
181.0,A1002,A0100,B0100,4063.7808414424335,-5024.443608120833,-4860.248482206687,199.79590488595122,MISS,Trajectory,0.0
181.0,A2001,A0200,B0100,3580.3803068710727,-4824.688078547749,-5844.037298743643,199.95503738817882,MISS,Trajectory,0.0
181.0,A2002,A0200,B0100,3571.341006994724,-4816.5598783519345,-5800.313023753738,199.94567413755746,MISS,Trajectory,0.0
181.20000000000002,A1001,A0100,B0100,4072.2440190629345,-4992.286207487327,-4783.118977629151,199.9792575903768,MISS,Trajectory,0.0
181.20000000000002,A1002,A0100,B0100,4063.7808414424335,-5024.443608120833,-4860.248482206687,199.79590488595122,MISS,Trajectory,0.0
181.20000000000002,A2001,A0200,B0100,3580.3803068710727,-4824.688078547749,-5844.037298743643,199.95503738817882,MISS,Trajectory,0.0
181.20000000000002,A2002,A0200,B0100,3571.341006994724,-4816.5598783519345,-5800.313023753738,199.94567413755746,MISS,Trajectory,0.0
181.4,A1001,A0100,B0100,4072.2440190629345,-4992.286207487327,-4783.118977629151,199.9792575903768,MISS,Trajectory,0.0
181.4,A1002,A0100,B0100,4063.7808414424335,-5024.443608120833,-4860.248482206687,199.79590488595122,MISS,Trajectory,0.0
181.4,A2001,A0200,B0100,3580.3803068710727,-4824.688078547749,-5844.037298743643,199.95503738817882,MISS,Trajectory,0.0
181.4,A2002,A0200,B0100,3571.341006994724,-4816.5598783519345,-5800.313023753738,199.94567413755746,MISS,Trajectory,0.0
181.60000000000002,A1001,A0100,B0100,4072.2440190629345,-4992.286207487327,-4783.118977629151,199.9792575903768,MISS,Trajectory,0.0
181.60000000000002,A1002,A0100,B0100,4063.7808414424335,-5024.443608120833,-4860.248482206687,199.79590488595122,MISS,Trajectory,0.0
181.60000000000002,A2001,A0200,B0100,3580.3803068710727,-4824.688078547749,-5844.037298743643,199.95503738817882,MISS,Trajectory,0.0
181.60000000000002,A2002,A0200,B0100,3571.341006994724,-4816.5598783519345,-5800.313023753738,199.94567413755746,MISS,Trajectory,0.0
181.8,A1001,A0100,B0100,4072.2440190629345,-4992.286207487327,-4783.118977629151,199.9792575903768,MISS,Trajectory,0.0
181.8,A1002,A0100,B0100,4063.7808414424335,-5024.443608120833,-4860.248482206687,199.79590488595122,MISS,Trajectory,0.0
181.8,A2001,A0200,B0100,3580.3803068710727,-4824.688078547749,-5844.037298743643,199.95503738817882,MISS,Trajectory,0.0
181.8,A2002,A0200,B0100,3571.341006994724,-4816.5598783519345,-5800.313023753738,199.94567413755746,MISS,Trajectory,0.0
182.0,A1001,A0100,B0100,4072.2440190629345,-4992.286207487327,-4783.118977629151,199.9792575903768,MISS,Trajectory,0.0
182.0,A1002,A0100,B0100,4063.7808414424335,-5024.443608120833,-4860.248482206687,199.79590488595122,MISS,Trajectory,0.0
182.0,A2001,A0200,B0100,3580.3803068710727,-4824.688078547749,-5844.037298743643,199.95503738817882,MISS,Trajectory,0.0
182.0,A2002,A0200,B0100,3571.341006994724,-4816.5598783519345,-5800.313023753738,199.94567413755746,MISS,Trajectory,0.0
182.20000000000002,A1001,A0100,B0100,4072.2440190629345,-4992.286207487327,-4783.118977629151,199.9792575903768,MISS,Trajectory,0.0
182.20000000000002,A1002,A0100,B0100,4063.7808414424335,-5024.443608120833,-4860.248482206687,199.79590488595122,MISS,Trajectory,0.0
182.20000000000002,A2001,A0200,B0100,3580.3803068710727,-4824.688078547749,-5844.037298743643,199.95503738817882,MISS,Trajectory,0.0
182.20000000000002,A2002,A0200,B0100,3571.341006994724,-4816.5598783519345,-5800.313023753738,199.94567413755746,MISS,Trajectory,0.0
182.4,A1001,A0100,B0100,4072.2440190629345,-4992.286207487327,-4783.118977629151,199.9792575903768,MISS,Trajectory,0.0
182.4,A1002,A0100,B0100,4063.7808414424335,-5024.443608120833,-4860.248482206687,199.79590488595122,MISS,Trajectory,0.0
182.4,A2001,A0200,B0100,3580.3803068710727,-4824.688078547749,-5844.037298743643,199.95503738817882,MISS,Trajectory,0.0
182.4,A2002,A0200,B0100,3571.341006994724,-4816.5598783519345,-5800.313023753738,199.94567413755746,MISS,Trajectory,0.0
182.60000000000002,A1001,A0100,B0100,4072.2440190629345,-4992.286207487327,-4783.118977629151,199.9792575903768,MISS,Trajectory,0.0
182.60000000000002,A1002,A0100,B0100,4063.7808414424335,-5024.443608120833,-4860.248482206687,199.79590488595122,MISS,Trajectory,0.0
182.60000000000002,A2001,A0200,B0100,3580.3803068710727,-4824.688078547749,-5844.037298743643,199.95503738817882,MISS,Trajectory,0.0
182.60000000000002,A2002,A0200,B0100,3571.341006994724,-4816.5598783519345,-5800.313023753738,199.94567413755746,MISS,Trajectory,0.0
182.8,A1001,A0100,B0100,4072.2440190629345,-4992.286207487327,-4783.118977629151,199.9792575903768,MISS,Trajectory,0.0
182.8,A1002,A0100,B0100,4063.7808414424335,-5024.443608120833,-4860.248482206687,199.79590488595122,MISS,Trajectory,0.0
182.8,A2001,A0200,B0100,3580.3803068710727,-4824.688078547749,-5844.037298743643,199.95503738817882,MISS,Trajectory,0.0
182.8,A2002,A0200,B0100,3571.341006994724,-4816.5598783519345,-5800.313023753738,199.94567413755746,MISS,Trajectory,0.0
183.0,A1001,A0100,B0100,4072.2440190629345,-4992.286207487327,-4783.118977629151,199.9792575903768,MISS,Trajectory,0.0
183.0,A1002,A0100,B0100,4063.7808414424335,-5024.443608120833,-4860.248482206687,199.79590488595122,MISS,Trajectory,0.0
183.0,A2001,A0200,B0100,3580.3803068710727,-4824.688078547749,-5844.037298743643,199.95503738817882,MISS,Trajectory,0.0
183.0,A2002,A0200,B0100,3571.341006994724,-4816.5598783519345,-5800.313023753738,199.94567413755746,MISS,Trajectory,0.0
183.20000000000002,A1001,A0100,B0100,4072.2440190629345,-4992.286207487327,-4783.118977629151,199.9792575903768,MISS,Trajectory,0.0
183.20000000000002,A1002,A0100,B0100,4063.7808414424335,-5024.443608120833,-4860.248482206687,199.79590488595122,MISS,Trajectory,0.0
183.20000000000002,A2001,A0200,B0100,3580.3803068710727,-4824.688078547749,-5844.037298743643,199.95503738817882,MISS,Trajectory,0.0
183.20000000000002,A2002,A0200,B0100,3571.341006994724,-4816.5598783519345,-5800.313023753738,199.94567413755746,MISS,Trajectory,0.0
183.4,A1001,A0100,B0100,4072.2440190629345,-4992.286207487327,-4783.118977629151,199.9792575903768,MISS,Trajectory,0.0
183.4,A1002,A0100,B0100,4063.7808414424335,-5024.443608120833,-4860.248482206687,199.79590488595122,MISS,Trajectory,0.0
183.4,A2001,A0200,B0100,3580.3803068710727,-4824.688078547749,-5844.037298743643,199.95503738817882,MISS,Trajectory,0.0
183.4,A2002,A0200,B0100,3571.341006994724,-4816.5598783519345,-5800.313023753738,199.94567413755746,MISS,Trajectory,0.0
183.60000000000002,A1001,A0100,B0100,4072.2440190629345,-4992.286207487327,-4783.118977629151,199.9792575903768,MISS,Trajectory,0.0
183.60000000000002,A1002,A0100,B0100,4063.7808414424335,-5024.443608120833,-4860.248482206687,199.79590488595122,MISS,Trajectory,0.0
183.60000000000002,A2001,A0200,B0100,3580.3803068710727,-4824.688078547749,-5844.037298743643,199.95503738817882,MISS,Trajectory,0.0
183.60000000000002,A2002,A0200,B0100,3571.341006994724,-4816.5598783519345,-5800.313023753738,199.94567413755746,MISS,Trajectory,0.0
183.8,A1001,A0100,B0100,4072.2440190629345,-4992.286207487327,-4783.118977629151,199.9792575903768,MISS,Trajectory,0.0
183.8,A1002,A0100,B0100,4063.7808414424335,-5024.443608120833,-4860.248482206687,199.79590488595122,MISS,Trajectory,0.0
183.8,A2001,A0200,B0100,3580.3803068710727,-4824.688078547749,-5844.037298743643,199.95503738817882,MISS,Trajectory,0.0
183.8,A2002,A0200,B0100,3571.341006994724,-4816.5598783519345,-5800.313023753738,199.94567413755746,MISS,Trajectory,0.0
184.0,A1001,A0100,B0100,4072.2440190629345,-4992.286207487327,-4783.118977629151,199.9792575903768,MISS,Trajectory,0.0
184.0,A1002,A0100,B0100,4063.7808414424335,-5024.443608120833,-4860.248482206687,199.79590488595122,MISS,Trajectory,0.0
184.0,A2001,A0200,B0100,3580.3803068710727,-4824.688078547749,-5844.037298743643,199.95503738817882,MISS,Trajectory,0.0
184.0,A2002,A0200,B0100,3571.341006994724,-4816.5598783519345,-5800.313023753738,199.94567413755746,MISS,Trajectory,0.0
184.20000000000002,A1001,A0100,B0100,4072.2440190629345,-4992.286207487327,-4783.118977629151,199.9792575903768,MISS,Trajectory,0.0
184.20000000000002,A1002,A0100,B0100,4063.7808414424335,-5024.443608120833,-4860.248482206687,199.79590488595122,MISS,Trajectory,0.0
184.20000000000002,A2001,A0200,B0100,3580.3803068710727,-4824.688078547749,-5844.037298743643,199.95503738817882,MISS,Trajectory,0.0
184.20000000000002,A2002,A0200,B0100,3571.341006994724,-4816.5598783519345,-5800.313023753738,199.94567413755746,MISS,Trajectory,0.0
184.4,A1001,A0100,B0100,4072.2440190629345,-4992.286207487327,-4783.118977629151,199.9792575903768,MISS,Trajectory,0.0
184.4,A1002,A0100,B0100,4063.7808414424335,-5024.443608120833,-4860.248482206687,199.79590488595122,MISS,Trajectory,0.0
184.4,A2001,A0200,B0100,3580.3803068710727,-4824.688078547749,-5844.037298743643,199.95503738817882,MISS,Trajectory,0.0
184.4,A2002,A0200,B0100,3571.341006994724,-4816.5598783519345,-5800.313023753738,199.94567413755746,MISS,Trajectory,0.0
184.60000000000002,A1001,A0100,B0100,4072.2440190629345,-4992.286207487327,-4783.118977629151,199.9792575903768,MISS,Trajectory,0.0
184.60000000000002,A1002,A0100,B0100,4063.7808414424335,-5024.443608120833,-4860.248482206687,199.79590488595122,MISS,Trajectory,0.0
184.60000000000002,A2001,A0200,B0100,3580.3803068710727,-4824.688078547749,-5844.037298743643,199.95503738817882,MISS,Trajectory,0.0
184.60000000000002,A2002,A0200,B0100,3571.341006994724,-4816.5598783519345,-5800.313023753738,199.94567413755746,MISS,Trajectory,0.0
184.8,A1001,A0100,B0100,4072.2440190629345,-4992.286207487327,-4783.118977629151,199.9792575903768,MISS,Trajectory,0.0
184.8,A1002,A0100,B0100,4063.7808414424335,-5024.443608120833,-4860.248482206687,199.79590488595122,MISS,Trajectory,0.0
184.8,A2001,A0200,B0100,3580.3803068710727,-4824.688078547749,-5844.037298743643,199.95503738817882,MISS,Trajectory,0.0
184.8,A2002,A0200,B0100,3571.341006994724,-4816.5598783519345,-5800.313023753738,199.94567413755746,MISS,Trajectory,0.0
185.0,A1001,A0100,B0100,4072.2440190629345,-4992.286207487327,-4783.118977629151,199.9792575903768,MISS,Trajectory,0.0
185.0,A1002,A0100,B0100,4063.7808414424335,-5024.443608120833,-4860.248482206687,199.79590488595122,MISS,Trajectory,0.0
185.0,A2001,A0200,B0100,3580.3803068710727,-4824.688078547749,-5844.037298743643,199.95503738817882,MISS,Trajectory,0.0
185.0,A2002,A0200,B0100,3571.341006994724,-4816.5598783519345,-5800.313023753738,199.94567413755746,MISS,Trajectory,0.0
185.20000000000002,A1001,A0100,B0100,4072.2440190629345,-4992.286207487327,-4783.118977629151,199.9792575903768,MISS,Trajectory,0.0
185.20000000000002,A1002,A0100,B0100,4063.7808414424335,-5024.443608120833,-4860.248482206687,199.79590488595122,MISS,Trajectory,0.0
185.20000000000002,A2001,A0200,B0100,3580.3803068710727,-4824.688078547749,-5844.037298743643,199.95503738817882,MISS,Trajectory,0.0
185.20000000000002,A2002,A0200,B0100,3571.341006994724,-4816.5598783519345,-5800.313023753738,199.94567413755746,MISS,Trajectory,0.0
185.4,A1001,A0100,B0100,4072.2440190629345,-4992.286207487327,-4783.118977629151,199.9792575903768,MISS,Trajectory,0.0
185.4,A1002,A0100,B0100,4063.7808414424335,-5024.443608120833,-4860.248482206687,199.79590488595122,MISS,Trajectory,0.0
185.4,A2001,A0200,B0100,3580.3803068710727,-4824.688078547749,-5844.037298743643,199.95503738817882,MISS,Trajectory,0.0
185.4,A2002,A0200,B0100,3571.341006994724,-4816.5598783519345,-5800.313023753738,199.94567413755746,MISS,Trajectory,0.0
185.60000000000002,A1001,A0100,B0100,4072.2440190629345,-4992.286207487327,-4783.118977629151,199.9792575903768,MISS,Trajectory,0.0
185.60000000000002,A1002,A0100,B0100,4063.7808414424335,-5024.443608120833,-4860.248482206687,199.79590488595122,MISS,Trajectory,0.0
185.60000000000002,A2001,A0200,B0100,3580.3803068710727,-4824.688078547749,-5844.037298743643,199.95503738817882,MISS,Trajectory,0.0
185.60000000000002,A2002,A0200,B0100,3571.341006994724,-4816.5598783519345,-5800.313023753738,199.94567413755746,MISS,Trajectory,0.0
185.8,A1001,A0100,B0100,4072.2440190629345,-4992.286207487327,-4783.118977629151,199.9792575903768,MISS,Trajectory,0.0
185.8,A1002,A0100,B0100,4063.7808414424335,-5024.443608120833,-4860.248482206687,199.79590488595122,MISS,Trajectory,0.0
185.8,A2001,A0200,B0100,3580.3803068710727,-4824.688078547749,-5844.037298743643,199.95503738817882,MISS,Trajectory,0.0
185.8,A2002,A0200,B0100,3571.341006994724,-4816.5598783519345,-5800.313023753738,199.94567413755746,MISS,Trajectory,0.0
186.0,A1001,A0100,B0100,4072.2440190629345,-4992.286207487327,-4783.118977629151,199.9792575903768,MISS,Trajectory,0.0
186.0,A1002,A0100,B0100,4063.7808414424335,-5024.443608120833,-4860.248482206687,199.79590488595122,MISS,Trajectory,0.0
186.0,A2001,A0200,B0100,3580.3803068710727,-4824.688078547749,-5844.037298743643,199.95503738817882,MISS,Trajectory,0.0
186.0,A2002,A0200,B0100,3571.341006994724,-4816.5598783519345,-5800.313023753738,199.94567413755746,MISS,Trajectory,0.0
186.20000000000002,A1001,A0100,B0100,4072.2440190629345,-4992.286207487327,-4783.118977629151,199.9792575903768,MISS,Trajectory,0.0
186.20000000000002,A1002,A0100,B0100,4063.7808414424335,-5024.443608120833,-4860.248482206687,199.79590488595122,MISS,Trajectory,0.0
186.20000000000002,A2001,A0200,B0100,3580.3803068710727,-4824.688078547749,-5844.037298743643,199.95503738817882,MISS,Trajectory,0.0
186.20000000000002,A2002,A0200,B0100,3571.341006994724,-4816.5598783519345,-5800.313023753738,199.94567413755746,MISS,Trajectory,0.0
186.4,A1001,A0100,B0100,4072.2440190629345,-4992.286207487327,-4783.118977629151,199.9792575903768,MISS,Trajectory,0.0
186.4,A1002,A0100,B0100,4063.7808414424335,-5024.443608120833,-4860.248482206687,199.79590488595122,MISS,Trajectory,0.0
186.4,A2001,A0200,B0100,3580.3803068710727,-4824.688078547749,-5844.037298743643,199.95503738817882,MISS,Trajectory,0.0
186.4,A2002,A0200,B0100,3571.341006994724,-4816.5598783519345,-5800.313023753738,199.94567413755746,MISS,Trajectory,0.0
186.60000000000002,A1001,A0100,B0100,4072.2440190629345,-4992.286207487327,-4783.118977629151,199.9792575903768,MISS,Trajectory,0.0
186.60000000000002,A1002,A0100,B0100,4063.7808414424335,-5024.443608120833,-4860.248482206687,199.79590488595122,MISS,Trajectory,0.0
186.60000000000002,A2001,A0200,B0100,3580.3803068710727,-4824.688078547749,-5844.037298743643,199.95503738817882,MISS,Trajectory,0.0
186.60000000000002,A2002,A0200,B0100,3571.341006994724,-4816.5598783519345,-5800.313023753738,199.94567413755746,MISS,Trajectory,0.0
186.8,A1001,A0100,B0100,4072.2440190629345,-4992.286207487327,-4783.118977629151,199.9792575903768,MISS,Trajectory,0.0
186.8,A1002,A0100,B0100,4063.7808414424335,-5024.443608120833,-4860.248482206687,199.79590488595122,MISS,Trajectory,0.0
186.8,A2001,A0200,B0100,3580.3803068710727,-4824.688078547749,-5844.037298743643,199.95503738817882,MISS,Trajectory,0.0
186.8,A2002,A0200,B0100,3571.341006994724,-4816.5598783519345,-5800.313023753738,199.94567413755746,MISS,Trajectory,0.0
187.0,A1001,A0100,B0100,4072.2440190629345,-4992.286207487327,-4783.118977629151,199.9792575903768,MISS,Trajectory,0.0
187.0,A1002,A0100,B0100,4063.7808414424335,-5024.443608120833,-4860.248482206687,199.79590488595122,MISS,Trajectory,0.0
187.0,A2001,A0200,B0100,3580.3803068710727,-4824.688078547749,-5844.037298743643,199.95503738817882,MISS,Trajectory,0.0
187.0,A2002,A0200,B0100,3571.341006994724,-4816.5598783519345,-5800.313023753738,199.94567413755746,MISS,Trajectory,0.0
187.20000000000002,A1001,A0100,B0100,4072.2440190629345,-4992.286207487327,-4783.118977629151,199.9792575903768,MISS,Trajectory,0.0
187.20000000000002,A1002,A0100,B0100,4063.7808414424335,-5024.443608120833,-4860.248482206687,199.79590488595122,MISS,Trajectory,0.0
187.20000000000002,A2001,A0200,B0100,3580.3803068710727,-4824.688078547749,-5844.037298743643,199.95503738817882,MISS,Trajectory,0.0
187.20000000000002,A2002,A0200,B0100,3571.341006994724,-4816.5598783519345,-5800.313023753738,199.94567413755746,MISS,Trajectory,0.0
187.4,A1001,A0100,B0100,4072.2440190629345,-4992.286207487327,-4783.118977629151,199.9792575903768,MISS,Trajectory,0.0
187.4,A1002,A0100,B0100,4063.7808414424335,-5024.443608120833,-4860.248482206687,199.79590488595122,MISS,Trajectory,0.0
187.4,A2001,A0200,B0100,3580.3803068710727,-4824.688078547749,-5844.037298743643,199.95503738817882,MISS,Trajectory,0.0
187.4,A2002,A0200,B0100,3571.341006994724,-4816.5598783519345,-5800.313023753738,199.94567413755746,MISS,Trajectory,0.0
187.60000000000002,A1001,A0100,B0100,4072.2440190629345,-4992.286207487327,-4783.118977629151,199.9792575903768,MISS,Trajectory,0.0
187.60000000000002,A1002,A0100,B0100,4063.7808414424335,-5024.443608120833,-4860.248482206687,199.79590488595122,MISS,Trajectory,0.0
187.60000000000002,A2001,A0200,B0100,3580.3803068710727,-4824.688078547749,-5844.037298743643,199.95503738817882,MISS,Trajectory,0.0
187.60000000000002,A2002,A0200,B0100,3571.341006994724,-4816.5598783519345,-5800.313023753738,199.94567413755746,MISS,Trajectory,0.0
187.8,A1001,A0100,B0100,4072.2440190629345,-4992.286207487327,-4783.118977629151,199.9792575903768,MISS,Trajectory,0.0
187.8,A1002,A0100,B0100,4063.7808414424335,-5024.443608120833,-4860.248482206687,199.79590488595122,MISS,Trajectory,0.0
187.8,A2001,A0200,B0100,3580.3803068710727,-4824.688078547749,-5844.037298743643,199.95503738817882,MISS,Trajectory,0.0
187.8,A2002,A0200,B0100,3571.341006994724,-4816.5598783519345,-5800.313023753738,199.94567413755746,MISS,Trajectory,0.0
188.0,A1001,A0100,B0100,4072.2440190629345,-4992.286207487327,-4783.118977629151,199.9792575903768,MISS,Trajectory,0.0
188.0,A1002,A0100,B0100,4063.7808414424335,-5024.443608120833,-4860.248482206687,199.79590488595122,MISS,Trajectory,0.0
188.0,A2001,A0200,B0100,3580.3803068710727,-4824.688078547749,-5844.037298743643,199.95503738817882,MISS,Trajectory,0.0
188.0,A2002,A0200,B0100,3571.341006994724,-4816.5598783519345,-5800.313023753738,199.94567413755746,MISS,Trajectory,0.0
188.20000000000002,A1001,A0100,B0100,4072.2440190629345,-4992.286207487327,-4783.118977629151,199.9792575903768,MISS,Trajectory,0.0
188.20000000000002,A1002,A0100,B0100,4063.7808414424335,-5024.443608120833,-4860.248482206687,199.79590488595122,MISS,Trajectory,0.0
188.20000000000002,A2001,A0200,B0100,3580.3803068710727,-4824.688078547749,-5844.037298743643,199.95503738817882,MISS,Trajectory,0.0
188.20000000000002,A2002,A0200,B0100,3571.341006994724,-4816.5598783519345,-5800.313023753738,199.94567413755746,MISS,Trajectory,0.0
188.4,A1001,A0100,B0100,4072.2440190629345,-4992.286207487327,-4783.118977629151,199.9792575903768,MISS,Trajectory,0.0
188.4,A1002,A0100,B0100,4063.7808414424335,-5024.443608120833,-4860.248482206687,199.79590488595122,MISS,Trajectory,0.0
188.4,A2001,A0200,B0100,3580.3803068710727,-4824.688078547749,-5844.037298743643,199.95503738817882,MISS,Trajectory,0.0
188.4,A2002,A0200,B0100,3571.341006994724,-4816.5598783519345,-5800.313023753738,199.94567413755746,MISS,Trajectory,0.0
188.60000000000002,A1001,A0100,B0100,4072.2440190629345,-4992.286207487327,-4783.118977629151,199.9792575903768,MISS,Trajectory,0.0
188.60000000000002,A1002,A0100,B0100,4063.7808414424335,-5024.443608120833,-4860.248482206687,199.79590488595122,MISS,Trajectory,0.0
188.60000000000002,A2001,A0200,B0100,3580.3803068710727,-4824.688078547749,-5844.037298743643,199.95503738817882,MISS,Trajectory,0.0
188.60000000000002,A2002,A0200,B0100,3571.341006994724,-4816.5598783519345,-5800.313023753738,199.94567413755746,MISS,Trajectory,0.0
188.8,A1001,A0100,B0100,4072.2440190629345,-4992.286207487327,-4783.118977629151,199.9792575903768,MISS,Trajectory,0.0
188.8,A1002,A0100,B0100,4063.7808414424335,-5024.443608120833,-4860.248482206687,199.79590488595122,MISS,Trajectory,0.0
188.8,A2001,A0200,B0100,3580.3803068710727,-4824.688078547749,-5844.037298743643,199.95503738817882,MISS,Trajectory,0.0
188.8,A2002,A0200,B0100,3571.341006994724,-4816.5598783519345,-5800.313023753738,199.94567413755746,MISS,Trajectory,0.0
189.0,A1001,A0100,B0100,4072.2440190629345,-4992.286207487327,-4783.118977629151,199.9792575903768,MISS,Trajectory,0.0
189.0,A1002,A0100,B0100,4063.7808414424335,-5024.443608120833,-4860.248482206687,199.79590488595122,MISS,Trajectory,0.0
189.0,A2001,A0200,B0100,3580.3803068710727,-4824.688078547749,-5844.037298743643,199.95503738817882,MISS,Trajectory,0.0
189.0,A2002,A0200,B0100,3571.341006994724,-4816.5598783519345,-5800.313023753738,199.94567413755746,MISS,Trajectory,0.0
189.20000000000002,A1001,A0100,B0100,4072.2440190629345,-4992.286207487327,-4783.118977629151,199.9792575903768,MISS,Trajectory,0.0
189.20000000000002,A1002,A0100,B0100,4063.7808414424335,-5024.443608120833,-4860.248482206687,199.79590488595122,MISS,Trajectory,0.0
189.20000000000002,A2001,A0200,B0100,3580.3803068710727,-4824.688078547749,-5844.037298743643,199.95503738817882,MISS,Trajectory,0.0
189.20000000000002,A2002,A0200,B0100,3571.341006994724,-4816.5598783519345,-5800.313023753738,199.94567413755746,MISS,Trajectory,0.0
189.4,A1001,A0100,B0100,4072.2440190629345,-4992.286207487327,-4783.118977629151,199.9792575903768,MISS,Trajectory,0.0
189.4,A1002,A0100,B0100,4063.7808414424335,-5024.443608120833,-4860.248482206687,199.79590488595122,MISS,Trajectory,0.0
189.4,A2001,A0200,B0100,3580.3803068710727,-4824.688078547749,-5844.037298743643,199.95503738817882,MISS,Trajectory,0.0
189.4,A2002,A0200,B0100,3571.341006994724,-4816.5598783519345,-5800.313023753738,199.94567413755746,MISS,Trajectory,0.0
189.60000000000002,A1001,A0100,B0100,4072.2440190629345,-4992.286207487327,-4783.118977629151,199.9792575903768,MISS,Trajectory,0.0
189.60000000000002,A1002,A0100,B0100,4063.7808414424335,-5024.443608120833,-4860.248482206687,199.79590488595122,MISS,Trajectory,0.0
189.60000000000002,A2001,A0200,B0100,3580.3803068710727,-4824.688078547749,-5844.037298743643,199.95503738817882,MISS,Trajectory,0.0
189.60000000000002,A2002,A0200,B0100,3571.341006994724,-4816.5598783519345,-5800.313023753738,199.94567413755746,MISS,Trajectory,0.0
189.8,A1001,A0100,B0100,4072.2440190629345,-4992.286207487327,-4783.118977629151,199.9792575903768,MISS,Trajectory,0.0
189.8,A1002,A0100,B0100,4063.7808414424335,-5024.443608120833,-4860.248482206687,199.79590488595122,MISS,Trajectory,0.0
189.8,A2001,A0200,B0100,3580.3803068710727,-4824.688078547749,-5844.037298743643,199.95503738817882,MISS,Trajectory,0.0
189.8,A2002,A0200,B0100,3571.341006994724,-4816.5598783519345,-5800.313023753738,199.94567413755746,MISS,Trajectory,0.0
190.0,A1001,A0100,B0100,4072.2440190629345,-4992.286207487327,-4783.118977629151,199.9792575903768,MISS,Trajectory,0.0
190.0,A1002,A0100,B0100,4063.7808414424335,-5024.443608120833,-4860.248482206687,199.79590488595122,MISS,Trajectory,0.0
190.0,A2001,A0200,B0100,3580.3803068710727,-4824.688078547749,-5844.037298743643,199.95503738817882,MISS,Trajectory,0.0
190.0,A2002,A0200,B0100,3571.341006994724,-4816.5598783519345,-5800.313023753738,199.94567413755746,MISS,Trajectory,0.0
190.20000000000002,A1001,A0100,B0100,4072.2440190629345,-4992.286207487327,-4783.118977629151,199.9792575903768,MISS,Trajectory,0.0
190.20000000000002,A1002,A0100,B0100,4063.7808414424335,-5024.443608120833,-4860.248482206687,199.79590488595122,MISS,Trajectory,0.0
190.20000000000002,A2001,A0200,B0100,3580.3803068710727,-4824.688078547749,-5844.037298743643,199.95503738817882,MISS,Trajectory,0.0
190.20000000000002,A2002,A0200,B0100,3571.341006994724,-4816.5598783519345,-5800.313023753738,199.94567413755746,MISS,Trajectory,0.0
190.4,A1001,A0100,B0100,4072.2440190629345,-4992.286207487327,-4783.118977629151,199.9792575903768,MISS,Trajectory,0.0
190.4,A1002,A0100,B0100,4063.7808414424335,-5024.443608120833,-4860.248482206687,199.79590488595122,MISS,Trajectory,0.0
190.4,A2001,A0200,B0100,3580.3803068710727,-4824.688078547749,-5844.037298743643,199.95503738817882,MISS,Trajectory,0.0
190.4,A2002,A0200,B0100,3571.341006994724,-4816.5598783519345,-5800.313023753738,199.94567413755746,MISS,Trajectory,0.0
190.60000000000002,A1001,A0100,B0100,4072.2440190629345,-4992.286207487327,-4783.118977629151,199.9792575903768,MISS,Trajectory,0.0
190.60000000000002,A1002,A0100,B0100,4063.7808414424335,-5024.443608120833,-4860.248482206687,199.79590488595122,MISS,Trajectory,0.0
190.60000000000002,A2001,A0200,B0100,3580.3803068710727,-4824.688078547749,-5844.037298743643,199.95503738817882,MISS,Trajectory,0.0
190.60000000000002,A2002,A0200,B0100,3571.341006994724,-4816.5598783519345,-5800.313023753738,199.94567413755746,MISS,Trajectory,0.0
190.8,A1001,A0100,B0100,4072.2440190629345,-4992.286207487327,-4783.118977629151,199.9792575903768,MISS,Trajectory,0.0
190.8,A1002,A0100,B0100,4063.7808414424335,-5024.443608120833,-4860.248482206687,199.79590488595122,MISS,Trajectory,0.0
190.8,A2001,A0200,B0100,3580.3803068710727,-4824.688078547749,-5844.037298743643,199.95503738817882,MISS,Trajectory,0.0
190.8,A2002,A0200,B0100,3571.341006994724,-4816.5598783519345,-5800.313023753738,199.94567413755746,MISS,Trajectory,0.0
191.0,A1001,A0100,B0100,4072.2440190629345,-4992.286207487327,-4783.118977629151,199.9792575903768,MISS,Trajectory,0.0
191.0,A1002,A0100,B0100,4063.7808414424335,-5024.443608120833,-4860.248482206687,199.79590488595122,MISS,Trajectory,0.0
191.0,A2001,A0200,B0100,3580.3803068710727,-4824.688078547749,-5844.037298743643,199.95503738817882,MISS,Trajectory,0.0
191.0,A2002,A0200,B0100,3571.341006994724,-4816.5598783519345,-5800.313023753738,199.94567413755746,MISS,Trajectory,0.0
191.20000000000002,A1001,A0100,B0100,4072.2440190629345,-4992.286207487327,-4783.118977629151,199.9792575903768,MISS,Trajectory,0.0
191.20000000000002,A1002,A0100,B0100,4063.7808414424335,-5024.443608120833,-4860.248482206687,199.79590488595122,MISS,Trajectory,0.0
191.20000000000002,A2001,A0200,B0100,3580.3803068710727,-4824.688078547749,-5844.037298743643,199.95503738817882,MISS,Trajectory,0.0
191.20000000000002,A2002,A0200,B0100,3571.341006994724,-4816.5598783519345,-5800.313023753738,199.94567413755746,MISS,Trajectory,0.0
191.4,A1001,A0100,B0100,4072.2440190629345,-4992.286207487327,-4783.118977629151,199.9792575903768,MISS,Trajectory,0.0
191.4,A1002,A0100,B0100,4063.7808414424335,-5024.443608120833,-4860.248482206687,199.79590488595122,MISS,Trajectory,0.0
191.4,A2001,A0200,B0100,3580.3803068710727,-4824.688078547749,-5844.037298743643,199.95503738817882,MISS,Trajectory,0.0
191.4,A2002,A0200,B0100,3571.341006994724,-4816.5598783519345,-5800.313023753738,199.94567413755746,MISS,Trajectory,0.0
191.60000000000002,A1001,A0100,B0100,4072.2440190629345,-4992.286207487327,-4783.118977629151,199.9792575903768,MISS,Trajectory,0.0
191.60000000000002,A1002,A0100,B0100,4063.7808414424335,-5024.443608120833,-4860.248482206687,199.79590488595122,MISS,Trajectory,0.0
191.60000000000002,A2001,A0200,B0100,3580.3803068710727,-4824.688078547749,-5844.037298743643,199.95503738817882,MISS,Trajectory,0.0
191.60000000000002,A2002,A0200,B0100,3571.341006994724,-4816.5598783519345,-5800.313023753738,199.94567413755746,MISS,Trajectory,0.0
191.8,A1001,A0100,B0100,4072.2440190629345,-4992.286207487327,-4783.118977629151,199.9792575903768,MISS,Trajectory,0.0
191.8,A1002,A0100,B0100,4063.7808414424335,-5024.443608120833,-4860.248482206687,199.79590488595122,MISS,Trajectory,0.0
191.8,A2001,A0200,B0100,3580.3803068710727,-4824.688078547749,-5844.037298743643,199.95503738817882,MISS,Trajectory,0.0
191.8,A2002,A0200,B0100,3571.341006994724,-4816.5598783519345,-5800.313023753738,199.94567413755746,MISS,Trajectory,0.0
192.0,A1001,A0100,B0100,4072.2440190629345,-4992.286207487327,-4783.118977629151,199.9792575903768,MISS,Trajectory,0.0
192.0,A1002,A0100,B0100,4063.7808414424335,-5024.443608120833,-4860.248482206687,199.79590488595122,MISS,Trajectory,0.0
192.0,A2001,A0200,B0100,3580.3803068710727,-4824.688078547749,-5844.037298743643,199.95503738817882,MISS,Trajectory,0.0
192.0,A2002,A0200,B0100,3571.341006994724,-4816.5598783519345,-5800.313023753738,199.94567413755746,MISS,Trajectory,0.0
192.20000000000002,A1001,A0100,B0100,4072.2440190629345,-4992.286207487327,-4783.118977629151,199.9792575903768,MISS,Trajectory,0.0
192.20000000000002,A1002,A0100,B0100,4063.7808414424335,-5024.443608120833,-4860.248482206687,199.79590488595122,MISS,Trajectory,0.0
192.20000000000002,A2001,A0200,B0100,3580.3803068710727,-4824.688078547749,-5844.037298743643,199.95503738817882,MISS,Trajectory,0.0
192.20000000000002,A2002,A0200,B0100,3571.341006994724,-4816.5598783519345,-5800.313023753738,199.94567413755746,MISS,Trajectory,0.0
192.4,A1001,A0100,B0100,4072.2440190629345,-4992.286207487327,-4783.118977629151,199.9792575903768,MISS,Trajectory,0.0
192.4,A1002,A0100,B0100,4063.7808414424335,-5024.443608120833,-4860.248482206687,199.79590488595122,MISS,Trajectory,0.0
192.4,A2001,A0200,B0100,3580.3803068710727,-4824.688078547749,-5844.037298743643,199.95503738817882,MISS,Trajectory,0.0
192.4,A2002,A0200,B0100,3571.341006994724,-4816.5598783519345,-5800.313023753738,199.94567413755746,MISS,Trajectory,0.0
192.60000000000002,A1001,A0100,B0100,4072.2440190629345,-4992.286207487327,-4783.118977629151,199.9792575903768,MISS,Trajectory,0.0
192.60000000000002,A1002,A0100,B0100,4063.7808414424335,-5024.443608120833,-4860.248482206687,199.79590488595122,MISS,Trajectory,0.0
192.60000000000002,A2001,A0200,B0100,3580.3803068710727,-4824.688078547749,-5844.037298743643,199.95503738817882,MISS,Trajectory,0.0
192.60000000000002,A2002,A0200,B0100,3571.341006994724,-4816.5598783519345,-5800.313023753738,199.94567413755746,MISS,Trajectory,0.0
192.8,A1001,A0100,B0100,4072.2440190629345,-4992.286207487327,-4783.118977629151,199.9792575903768,MISS,Trajectory,0.0
192.8,A1002,A0100,B0100,4063.7808414424335,-5024.443608120833,-4860.248482206687,199.79590488595122,MISS,Trajectory,0.0
192.8,A2001,A0200,B0100,3580.3803068710727,-4824.688078547749,-5844.037298743643,199.95503738817882,MISS,Trajectory,0.0
192.8,A2002,A0200,B0100,3571.341006994724,-4816.5598783519345,-5800.313023753738,199.94567413755746,MISS,Trajectory,0.0
193.0,A1001,A0100,B0100,4072.2440190629345,-4992.286207487327,-4783.118977629151,199.9792575903768,MISS,Trajectory,0.0
193.0,A1002,A0100,B0100,4063.7808414424335,-5024.443608120833,-4860.248482206687,199.79590488595122,MISS,Trajectory,0.0
193.0,A2001,A0200,B0100,3580.3803068710727,-4824.688078547749,-5844.037298743643,199.95503738817882,MISS,Trajectory,0.0
193.0,A2002,A0200,B0100,3571.341006994724,-4816.5598783519345,-5800.313023753738,199.94567413755746,MISS,Trajectory,0.0
193.20000000000002,A1001,A0100,B0100,4072.2440190629345,-4992.286207487327,-4783.118977629151,199.9792575903768,MISS,Trajectory,0.0
193.20000000000002,A1002,A0100,B0100,4063.7808414424335,-5024.443608120833,-4860.248482206687,199.79590488595122,MISS,Trajectory,0.0
193.20000000000002,A2001,A0200,B0100,3580.3803068710727,-4824.688078547749,-5844.037298743643,199.95503738817882,MISS,Trajectory,0.0
193.20000000000002,A2002,A0200,B0100,3571.341006994724,-4816.5598783519345,-5800.313023753738,199.94567413755746,MISS,Trajectory,0.0
193.4,A1001,A0100,B0100,4072.2440190629345,-4992.286207487327,-4783.118977629151,199.9792575903768,MISS,Trajectory,0.0
193.4,A1002,A0100,B0100,4063.7808414424335,-5024.443608120833,-4860.248482206687,199.79590488595122,MISS,Trajectory,0.0
193.4,A2001,A0200,B0100,3580.3803068710727,-4824.688078547749,-5844.037298743643,199.95503738817882,MISS,Trajectory,0.0
193.4,A2002,A0200,B0100,3571.341006994724,-4816.5598783519345,-5800.313023753738,199.94567413755746,MISS,Trajectory,0.0
193.60000000000002,A1001,A0100,B0100,4072.2440190629345,-4992.286207487327,-4783.118977629151,199.9792575903768,MISS,Trajectory,0.0
193.60000000000002,A1002,A0100,B0100,4063.7808414424335,-5024.443608120833,-4860.248482206687,199.79590488595122,MISS,Trajectory,0.0
193.60000000000002,A2001,A0200,B0100,3580.3803068710727,-4824.688078547749,-5844.037298743643,199.95503738817882,MISS,Trajectory,0.0
193.60000000000002,A2002,A0200,B0100,3571.341006994724,-4816.5598783519345,-5800.313023753738,199.94567413755746,MISS,Trajectory,0.0
193.8,A1001,A0100,B0100,4072.2440190629345,-4992.286207487327,-4783.118977629151,199.9792575903768,MISS,Trajectory,0.0
193.8,A1002,A0100,B0100,4063.7808414424335,-5024.443608120833,-4860.248482206687,199.79590488595122,MISS,Trajectory,0.0
193.8,A2001,A0200,B0100,3580.3803068710727,-4824.688078547749,-5844.037298743643,199.95503738817882,MISS,Trajectory,0.0
193.8,A2002,A0200,B0100,3571.341006994724,-4816.5598783519345,-5800.313023753738,199.94567413755746,MISS,Trajectory,0.0
194.0,A1001,A0100,B0100,4072.2440190629345,-4992.286207487327,-4783.118977629151,199.9792575903768,MISS,Trajectory,0.0
194.0,A1002,A0100,B0100,4063.7808414424335,-5024.443608120833,-4860.248482206687,199.79590488595122,MISS,Trajectory,0.0
194.0,A2001,A0200,B0100,3580.3803068710727,-4824.688078547749,-5844.037298743643,199.95503738817882,MISS,Trajectory,0.0
194.0,A2002,A0200,B0100,3571.341006994724,-4816.5598783519345,-5800.313023753738,199.94567413755746,MISS,Trajectory,0.0
194.20000000000002,A1001,A0100,B0100,4072.2440190629345,-4992.286207487327,-4783.118977629151,199.9792575903768,MISS,Trajectory,0.0
194.20000000000002,A1002,A0100,B0100,4063.7808414424335,-5024.443608120833,-4860.248482206687,199.79590488595122,MISS,Trajectory,0.0
194.20000000000002,A2001,A0200,B0100,3580.3803068710727,-4824.688078547749,-5844.037298743643,199.95503738817882,MISS,Trajectory,0.0
194.20000000000002,A2002,A0200,B0100,3571.341006994724,-4816.5598783519345,-5800.313023753738,199.94567413755746,MISS,Trajectory,0.0
194.4,A1001,A0100,B0100,4072.2440190629345,-4992.286207487327,-4783.118977629151,199.9792575903768,MISS,Trajectory,0.0
194.4,A1002,A0100,B0100,4063.7808414424335,-5024.443608120833,-4860.248482206687,199.79590488595122,MISS,Trajectory,0.0
194.4,A2001,A0200,B0100,3580.3803068710727,-4824.688078547749,-5844.037298743643,199.95503738817882,MISS,Trajectory,0.0
194.4,A2002,A0200,B0100,3571.341006994724,-4816.5598783519345,-5800.313023753738,199.94567413755746,MISS,Trajectory,0.0
194.60000000000002,A1001,A0100,B0100,4072.2440190629345,-4992.286207487327,-4783.118977629151,199.9792575903768,MISS,Trajectory,0.0
194.60000000000002,A1002,A0100,B0100,4063.7808414424335,-5024.443608120833,-4860.248482206687,199.79590488595122,MISS,Trajectory,0.0
194.60000000000002,A2001,A0200,B0100,3580.3803068710727,-4824.688078547749,-5844.037298743643,199.95503738817882,MISS,Trajectory,0.0
194.60000000000002,A2002,A0200,B0100,3571.341006994724,-4816.5598783519345,-5800.313023753738,199.94567413755746,MISS,Trajectory,0.0
194.8,A1001,A0100,B0100,4072.2440190629345,-4992.286207487327,-4783.118977629151,199.9792575903768,MISS,Trajectory,0.0
194.8,A1002,A0100,B0100,4063.7808414424335,-5024.443608120833,-4860.248482206687,199.79590488595122,MISS,Trajectory,0.0
194.8,A2001,A0200,B0100,3580.3803068710727,-4824.688078547749,-5844.037298743643,199.95503738817882,MISS,Trajectory,0.0
194.8,A2002,A0200,B0100,3571.341006994724,-4816.5598783519345,-5800.313023753738,199.94567413755746,MISS,Trajectory,0.0
195.0,A1001,A0100,B0100,4072.2440190629345,-4992.286207487327,-4783.118977629151,199.9792575903768,MISS,Trajectory,0.0
195.0,A1002,A0100,B0100,4063.7808414424335,-5024.443608120833,-4860.248482206687,199.79590488595122,MISS,Trajectory,0.0
195.0,A2001,A0200,B0100,3580.3803068710727,-4824.688078547749,-5844.037298743643,199.95503738817882,MISS,Trajectory,0.0
195.0,A2002,A0200,B0100,3571.341006994724,-4816.5598783519345,-5800.313023753738,199.94567413755746,MISS,Trajectory,0.0
195.20000000000002,A1001,A0100,B0100,4072.2440190629345,-4992.286207487327,-4783.118977629151,199.9792575903768,MISS,Trajectory,0.0
195.20000000000002,A1002,A0100,B0100,4063.7808414424335,-5024.443608120833,-4860.248482206687,199.79590488595122,MISS,Trajectory,0.0
195.20000000000002,A2001,A0200,B0100,3580.3803068710727,-4824.688078547749,-5844.037298743643,199.95503738817882,MISS,Trajectory,0.0
195.20000000000002,A2002,A0200,B0100,3571.341006994724,-4816.5598783519345,-5800.313023753738,199.94567413755746,MISS,Trajectory,0.0
195.4,A1001,A0100,B0100,4072.2440190629345,-4992.286207487327,-4783.118977629151,199.9792575903768,MISS,Trajectory,0.0
195.4,A1002,A0100,B0100,4063.7808414424335,-5024.443608120833,-4860.248482206687,199.79590488595122,MISS,Trajectory,0.0
195.4,A2001,A0200,B0100,3580.3803068710727,-4824.688078547749,-5844.037298743643,199.95503738817882,MISS,Trajectory,0.0
195.4,A2002,A0200,B0100,3571.341006994724,-4816.5598783519345,-5800.313023753738,199.94567413755746,MISS,Trajectory,0.0
195.60000000000002,A1001,A0100,B0100,4072.2440190629345,-4992.286207487327,-4783.118977629151,199.9792575903768,MISS,Trajectory,0.0
195.60000000000002,A1002,A0100,B0100,4063.7808414424335,-5024.443608120833,-4860.248482206687,199.79590488595122,MISS,Trajectory,0.0
195.60000000000002,A2001,A0200,B0100,3580.3803068710727,-4824.688078547749,-5844.037298743643,199.95503738817882,MISS,Trajectory,0.0
195.60000000000002,A2002,A0200,B0100,3571.341006994724,-4816.5598783519345,-5800.313023753738,199.94567413755746,MISS,Trajectory,0.0
195.8,A1001,A0100,B0100,4072.2440190629345,-4992.286207487327,-4783.118977629151,199.9792575903768,MISS,Trajectory,0.0
195.8,A1002,A0100,B0100,4063.7808414424335,-5024.443608120833,-4860.248482206687,199.79590488595122,MISS,Trajectory,0.0
195.8,A2001,A0200,B0100,3580.3803068710727,-4824.688078547749,-5844.037298743643,199.95503738817882,MISS,Trajectory,0.0
195.8,A2002,A0200,B0100,3571.341006994724,-4816.5598783519345,-5800.313023753738,199.94567413755746,MISS,Trajectory,0.0
196.0,A1001,A0100,B0100,4072.2440190629345,-4992.286207487327,-4783.118977629151,199.9792575903768,MISS,Trajectory,0.0
196.0,A1002,A0100,B0100,4063.7808414424335,-5024.443608120833,-4860.248482206687,199.79590488595122,MISS,Trajectory,0.0
196.0,A2001,A0200,B0100,3580.3803068710727,-4824.688078547749,-5844.037298743643,199.95503738817882,MISS,Trajectory,0.0
196.0,A2002,A0200,B0100,3571.341006994724,-4816.5598783519345,-5800.313023753738,199.94567413755746,MISS,Trajectory,0.0
196.20000000000002,A1001,A0100,B0100,4072.2440190629345,-4992.286207487327,-4783.118977629151,199.9792575903768,MISS,Trajectory,0.0
196.20000000000002,A1002,A0100,B0100,4063.7808414424335,-5024.443608120833,-4860.248482206687,199.79590488595122,MISS,Trajectory,0.0
196.20000000000002,A2001,A0200,B0100,3580.3803068710727,-4824.688078547749,-5844.037298743643,199.95503738817882,MISS,Trajectory,0.0
196.20000000000002,A2002,A0200,B0100,3571.341006994724,-4816.5598783519345,-5800.313023753738,199.94567413755746,MISS,Trajectory,0.0
196.4,A1001,A0100,B0100,4072.2440190629345,-4992.286207487327,-4783.118977629151,199.9792575903768,MISS,Trajectory,0.0
196.4,A1002,A0100,B0100,4063.7808414424335,-5024.443608120833,-4860.248482206687,199.79590488595122,MISS,Trajectory,0.0
196.4,A2001,A0200,B0100,3580.3803068710727,-4824.688078547749,-5844.037298743643,199.95503738817882,MISS,Trajectory,0.0
196.4,A2002,A0200,B0100,3571.341006994724,-4816.5598783519345,-5800.313023753738,199.94567413755746,MISS,Trajectory,0.0
196.60000000000002,A1001,A0100,B0100,4072.2440190629345,-4992.286207487327,-4783.118977629151,199.9792575903768,MISS,Trajectory,0.0
196.60000000000002,A1002,A0100,B0100,4063.7808414424335,-5024.443608120833,-4860.248482206687,199.79590488595122,MISS,Trajectory,0.0
196.60000000000002,A2001,A0200,B0100,3580.3803068710727,-4824.688078547749,-5844.037298743643,199.95503738817882,MISS,Trajectory,0.0
196.60000000000002,A2002,A0200,B0100,3571.341006994724,-4816.5598783519345,-5800.313023753738,199.94567413755746,MISS,Trajectory,0.0
196.8,A1001,A0100,B0100,4072.2440190629345,-4992.286207487327,-4783.118977629151,199.9792575903768,MISS,Trajectory,0.0
196.8,A1002,A0100,B0100,4063.7808414424335,-5024.443608120833,-4860.248482206687,199.79590488595122,MISS,Trajectory,0.0
196.8,A2001,A0200,B0100,3580.3803068710727,-4824.688078547749,-5844.037298743643,199.95503738817882,MISS,Trajectory,0.0
196.8,A2002,A0200,B0100,3571.341006994724,-4816.5598783519345,-5800.313023753738,199.94567413755746,MISS,Trajectory,0.0
197.0,A1001,A0100,B0100,4072.2440190629345,-4992.286207487327,-4783.118977629151,199.9792575903768,MISS,Trajectory,0.0
197.0,A1002,A0100,B0100,4063.7808414424335,-5024.443608120833,-4860.248482206687,199.79590488595122,MISS,Trajectory,0.0
197.0,A2001,A0200,B0100,3580.3803068710727,-4824.688078547749,-5844.037298743643,199.95503738817882,MISS,Trajectory,0.0
197.0,A2002,A0200,B0100,3571.341006994724,-4816.5598783519345,-5800.313023753738,199.94567413755746,MISS,Trajectory,0.0
197.20000000000002,A1001,A0100,B0100,4072.2440190629345,-4992.286207487327,-4783.118977629151,199.9792575903768,MISS,Trajectory,0.0
197.20000000000002,A1002,A0100,B0100,4063.7808414424335,-5024.443608120833,-4860.248482206687,199.79590488595122,MISS,Trajectory,0.0
197.20000000000002,A2001,A0200,B0100,3580.3803068710727,-4824.688078547749,-5844.037298743643,199.95503738817882,MISS,Trajectory,0.0
197.20000000000002,A2002,A0200,B0100,3571.341006994724,-4816.5598783519345,-5800.313023753738,199.94567413755746,MISS,Trajectory,0.0
197.4,A1001,A0100,B0100,4072.2440190629345,-4992.286207487327,-4783.118977629151,199.9792575903768,MISS,Trajectory,0.0
197.4,A1002,A0100,B0100,4063.7808414424335,-5024.443608120833,-4860.248482206687,199.79590488595122,MISS,Trajectory,0.0
197.4,A2001,A0200,B0100,3580.3803068710727,-4824.688078547749,-5844.037298743643,199.95503738817882,MISS,Trajectory,0.0
197.4,A2002,A0200,B0100,3571.341006994724,-4816.5598783519345,-5800.313023753738,199.94567413755746,MISS,Trajectory,0.0
197.60000000000002,A1001,A0100,B0100,4072.2440190629345,-4992.286207487327,-4783.118977629151,199.9792575903768,MISS,Trajectory,0.0
197.60000000000002,A1002,A0100,B0100,4063.7808414424335,-5024.443608120833,-4860.248482206687,199.79590488595122,MISS,Trajectory,0.0
197.60000000000002,A2001,A0200,B0100,3580.3803068710727,-4824.688078547749,-5844.037298743643,199.95503738817882,MISS,Trajectory,0.0
197.60000000000002,A2002,A0200,B0100,3571.341006994724,-4816.5598783519345,-5800.313023753738,199.94567413755746,MISS,Trajectory,0.0
197.8,A1001,A0100,B0100,4072.2440190629345,-4992.286207487327,-4783.118977629151,199.9792575903768,MISS,Trajectory,0.0
197.8,A1002,A0100,B0100,4063.7808414424335,-5024.443608120833,-4860.248482206687,199.79590488595122,MISS,Trajectory,0.0
197.8,A2001,A0200,B0100,3580.3803068710727,-4824.688078547749,-5844.037298743643,199.95503738817882,MISS,Trajectory,0.0
197.8,A2002,A0200,B0100,3571.341006994724,-4816.5598783519345,-5800.313023753738,199.94567413755746,MISS,Trajectory,0.0
198.0,A1001,A0100,B0100,4072.2440190629345,-4992.286207487327,-4783.118977629151,199.9792575903768,MISS,Trajectory,0.0
198.0,A1002,A0100,B0100,4063.7808414424335,-5024.443608120833,-4860.248482206687,199.79590488595122,MISS,Trajectory,0.0
198.0,A2001,A0200,B0100,3580.3803068710727,-4824.688078547749,-5844.037298743643,199.95503738817882,MISS,Trajectory,0.0
198.0,A2002,A0200,B0100,3571.341006994724,-4816.5598783519345,-5800.313023753738,199.94567413755746,MISS,Trajectory,0.0
198.20000000000002,A1001,A0100,B0100,4072.2440190629345,-4992.286207487327,-4783.118977629151,199.9792575903768,MISS,Trajectory,0.0
198.20000000000002,A1002,A0100,B0100,4063.7808414424335,-5024.443608120833,-4860.248482206687,199.79590488595122,MISS,Trajectory,0.0
198.20000000000002,A2001,A0200,B0100,3580.3803068710727,-4824.688078547749,-5844.037298743643,199.95503738817882,MISS,Trajectory,0.0
198.20000000000002,A2002,A0200,B0100,3571.341006994724,-4816.5598783519345,-5800.313023753738,199.94567413755746,MISS,Trajectory,0.0
198.4,A1001,A0100,B0100,4072.2440190629345,-4992.286207487327,-4783.118977629151,199.9792575903768,MISS,Trajectory,0.0
198.4,A1002,A0100,B0100,4063.7808414424335,-5024.443608120833,-4860.248482206687,199.79590488595122,MISS,Trajectory,0.0
198.4,A2001,A0200,B0100,3580.3803068710727,-4824.688078547749,-5844.037298743643,199.95503738817882,MISS,Trajectory,0.0
198.4,A2002,A0200,B0100,3571.341006994724,-4816.5598783519345,-5800.313023753738,199.94567413755746,MISS,Trajectory,0.0
198.60000000000002,A1001,A0100,B0100,4072.2440190629345,-4992.286207487327,-4783.118977629151,199.9792575903768,MISS,Trajectory,0.0
198.60000000000002,A1002,A0100,B0100,4063.7808414424335,-5024.443608120833,-4860.248482206687,199.79590488595122,MISS,Trajectory,0.0
198.60000000000002,A2001,A0200,B0100,3580.3803068710727,-4824.688078547749,-5844.037298743643,199.95503738817882,MISS,Trajectory,0.0
198.60000000000002,A2002,A0200,B0100,3571.341006994724,-4816.5598783519345,-5800.313023753738,199.94567413755746,MISS,Trajectory,0.0
198.8,A1001,A0100,B0100,4072.2440190629345,-4992.286207487327,-4783.118977629151,199.9792575903768,MISS,Trajectory,0.0
198.8,A1002,A0100,B0100,4063.7808414424335,-5024.443608120833,-4860.248482206687,199.79590488595122,MISS,Trajectory,0.0
198.8,A2001,A0200,B0100,3580.3803068710727,-4824.688078547749,-5844.037298743643,199.95503738817882,MISS,Trajectory,0.0
198.8,A2002,A0200,B0100,3571.341006994724,-4816.5598783519345,-5800.313023753738,199.94567413755746,MISS,Trajectory,0.0
199.0,A1001,A0100,B0100,4072.2440190629345,-4992.286207487327,-4783.118977629151,199.9792575903768,MISS,Trajectory,0.0
199.0,A1002,A0100,B0100,4063.7808414424335,-5024.443608120833,-4860.248482206687,199.79590488595122,MISS,Trajectory,0.0
199.0,A2001,A0200,B0100,3580.3803068710727,-4824.688078547749,-5844.037298743643,199.95503738817882,MISS,Trajectory,0.0
199.0,A2002,A0200,B0100,3571.341006994724,-4816.5598783519345,-5800.313023753738,199.94567413755746,MISS,Trajectory,0.0
199.20000000000002,A1001,A0100,B0100,4072.2440190629345,-4992.286207487327,-4783.118977629151,199.9792575903768,MISS,Trajectory,0.0
199.20000000000002,A1002,A0100,B0100,4063.7808414424335,-5024.443608120833,-4860.248482206687,199.79590488595122,MISS,Trajectory,0.0
199.20000000000002,A2001,A0200,B0100,3580.3803068710727,-4824.688078547749,-5844.037298743643,199.95503738817882,MISS,Trajectory,0.0
199.20000000000002,A2002,A0200,B0100,3571.341006994724,-4816.5598783519345,-5800.313023753738,199.94567413755746,MISS,Trajectory,0.0
199.4,A1001,A0100,B0100,4072.2440190629345,-4992.286207487327,-4783.118977629151,199.9792575903768,MISS,Trajectory,0.0
199.4,A1002,A0100,B0100,4063.7808414424335,-5024.443608120833,-4860.248482206687,199.79590488595122,MISS,Trajectory,0.0
199.4,A2001,A0200,B0100,3580.3803068710727,-4824.688078547749,-5844.037298743643,199.95503738817882,MISS,Trajectory,0.0
199.4,A2002,A0200,B0100,3571.341006994724,-4816.5598783519345,-5800.313023753738,199.94567413755746,MISS,Trajectory,0.0
199.60000000000002,A1001,A0100,B0100,4072.2440190629345,-4992.286207487327,-4783.118977629151,199.9792575903768,MISS,Trajectory,0.0
199.60000000000002,A1002,A0100,B0100,4063.7808414424335,-5024.443608120833,-4860.248482206687,199.79590488595122,MISS,Trajectory,0.0
199.60000000000002,A2001,A0200,B0100,3580.3803068710727,-4824.688078547749,-5844.037298743643,199.95503738817882,MISS,Trajectory,0.0
199.60000000000002,A2002,A0200,B0100,3571.341006994724,-4816.5598783519345,-5800.313023753738,199.94567413755746,MISS,Trajectory,0.0
199.8,A1001,A0100,B0100,4072.2440190629345,-4992.286207487327,-4783.118977629151,199.9792575903768,MISS,Trajectory,0.0
199.8,A1002,A0100,B0100,4063.7808414424335,-5024.443608120833,-4860.248482206687,199.79590488595122,MISS,Trajectory,0.0
199.8,A2001,A0200,B0100,3580.3803068710727,-4824.688078547749,-5844.037298743643,199.95503738817882,MISS,Trajectory,0.0
199.8,A2002,A0200,B0100,3571.341006994724,-4816.5598783519345,-5800.313023753738,199.94567413755746,MISS,Trajectory,0.0
200.0,A1001,A0100,B0100,4072.2440190629345,-4992.286207487327,-4783.118977629151,199.9792575903768,MISS,Trajectory,0.0
200.0,A1002,A0100,B0100,4063.7808414424335,-5024.443608120833,-4860.248482206687,199.79590488595122,MISS,Trajectory,0.0
200.0,A2001,A0200,B0100,3580.3803068710727,-4824.688078547749,-5844.037298743643,199.95503738817882,MISS,Trajectory,0.0
200.0,A2002,A0200,B0100,3571.341006994724,-4816.5598783519345,-5800.313023753738,199.94567413755746,MISS,Trajectory,0.0
200.20000000000002,A1001,A0100,B0100,4072.2440190629345,-4992.286207487327,-4783.118977629151,199.9792575903768,MISS,Trajectory,0.0
200.20000000000002,A1002,A0100,B0100,4063.7808414424335,-5024.443608120833,-4860.248482206687,199.79590488595122,MISS,Trajectory,0.0
200.20000000000002,A2001,A0200,B0100,3580.3803068710727,-4824.688078547749,-5844.037298743643,199.95503738817882,MISS,Trajectory,0.0
200.20000000000002,A2002,A0200,B0100,3571.341006994724,-4816.5598783519345,-5800.313023753738,199.94567413755746,MISS,Trajectory,0.0
200.4,A1001,A0100,B0100,4072.2440190629345,-4992.286207487327,-4783.118977629151,199.9792575903768,MISS,Trajectory,0.0
200.4,A1002,A0100,B0100,4063.7808414424335,-5024.443608120833,-4860.248482206687,199.79590488595122,MISS,Trajectory,0.0
200.4,A2001,A0200,B0100,3580.3803068710727,-4824.688078547749,-5844.037298743643,199.95503738817882,MISS,Trajectory,0.0
200.4,A2002,A0200,B0100,3571.341006994724,-4816.5598783519345,-5800.313023753738,199.94567413755746,MISS,Trajectory,0.0
200.60000000000002,A1001,A0100,B0100,4072.2440190629345,-4992.286207487327,-4783.118977629151,199.9792575903768,MISS,Trajectory,0.0
200.60000000000002,A1002,A0100,B0100,4063.7808414424335,-5024.443608120833,-4860.248482206687,199.79590488595122,MISS,Trajectory,0.0
200.60000000000002,A2001,A0200,B0100,3580.3803068710727,-4824.688078547749,-5844.037298743643,199.95503738817882,MISS,Trajectory,0.0
200.60000000000002,A2002,A0200,B0100,3571.341006994724,-4816.5598783519345,-5800.313023753738,199.94567413755746,MISS,Trajectory,0.0
200.8,A1001,A0100,B0100,4072.2440190629345,-4992.286207487327,-4783.118977629151,199.9792575903768,MISS,Trajectory,0.0
200.8,A1002,A0100,B0100,4063.7808414424335,-5024.443608120833,-4860.248482206687,199.79590488595122,MISS,Trajectory,0.0
200.8,A2001,A0200,B0100,3580.3803068710727,-4824.688078547749,-5844.037298743643,199.95503738817882,MISS,Trajectory,0.0
200.8,A2002,A0200,B0100,3571.341006994724,-4816.5598783519345,-5800.313023753738,199.94567413755746,MISS,Trajectory,0.0
201.0,A1001,A0100,B0100,4072.2440190629345,-4992.286207487327,-4783.118977629151,199.9792575903768,MISS,Trajectory,0.0
201.0,A1002,A0100,B0100,4063.7808414424335,-5024.443608120833,-4860.248482206687,199.79590488595122,MISS,Trajectory,0.0
201.0,A2001,A0200,B0100,3580.3803068710727,-4824.688078547749,-5844.037298743643,199.95503738817882,MISS,Trajectory,0.0
201.0,A2002,A0200,B0100,3571.341006994724,-4816.5598783519345,-5800.313023753738,199.94567413755746,MISS,Trajectory,0.0
201.20000000000002,A1001,A0100,B0100,4072.2440190629345,-4992.286207487327,-4783.118977629151,199.9792575903768,MISS,Trajectory,0.0
201.20000000000002,A1002,A0100,B0100,4063.7808414424335,-5024.443608120833,-4860.248482206687,199.79590488595122,MISS,Trajectory,0.0
201.20000000000002,A2001,A0200,B0100,3580.3803068710727,-4824.688078547749,-5844.037298743643,199.95503738817882,MISS,Trajectory,0.0
201.20000000000002,A2002,A0200,B0100,3571.341006994724,-4816.5598783519345,-5800.313023753738,199.94567413755746,MISS,Trajectory,0.0
201.4,A1001,A0100,B0100,4072.2440190629345,-4992.286207487327,-4783.118977629151,199.9792575903768,MISS,Trajectory,0.0
201.4,A1002,A0100,B0100,4063.7808414424335,-5024.443608120833,-4860.248482206687,199.79590488595122,MISS,Trajectory,0.0
201.4,A2001,A0200,B0100,3580.3803068710727,-4824.688078547749,-5844.037298743643,199.95503738817882,MISS,Trajectory,0.0
201.4,A2002,A0200,B0100,3571.341006994724,-4816.5598783519345,-5800.313023753738,199.94567413755746,MISS,Trajectory,0.0
201.60000000000002,A1001,A0100,B0100,4072.2440190629345,-4992.286207487327,-4783.118977629151,199.9792575903768,MISS,Trajectory,0.0
201.60000000000002,A1002,A0100,B0100,4063.7808414424335,-5024.443608120833,-4860.248482206687,199.79590488595122,MISS,Trajectory,0.0
201.60000000000002,A2001,A0200,B0100,3580.3803068710727,-4824.688078547749,-5844.037298743643,199.95503738817882,MISS,Trajectory,0.0
201.60000000000002,A2002,A0200,B0100,3571.341006994724,-4816.5598783519345,-5800.313023753738,199.94567413755746,MISS,Trajectory,0.0
201.8,A1001,A0100,B0100,4072.2440190629345,-4992.286207487327,-4783.118977629151,199.9792575903768,MISS,Trajectory,0.0
201.8,A1002,A0100,B0100,4063.7808414424335,-5024.443608120833,-4860.248482206687,199.79590488595122,MISS,Trajectory,0.0
201.8,A2001,A0200,B0100,3580.3803068710727,-4824.688078547749,-5844.037298743643,199.95503738817882,MISS,Trajectory,0.0
201.8,A2002,A0200,B0100,3571.341006994724,-4816.5598783519345,-5800.313023753738,199.94567413755746,MISS,Trajectory,0.0
202.0,A1001,A0100,B0100,4072.2440190629345,-4992.286207487327,-4783.118977629151,199.9792575903768,MISS,Trajectory,0.0
202.0,A1002,A0100,B0100,4063.7808414424335,-5024.443608120833,-4860.248482206687,199.79590488595122,MISS,Trajectory,0.0
202.0,A2001,A0200,B0100,3580.3803068710727,-4824.688078547749,-5844.037298743643,199.95503738817882,MISS,Trajectory,0.0
202.0,A2002,A0200,B0100,3571.341006994724,-4816.5598783519345,-5800.313023753738,199.94567413755746,MISS,Trajectory,0.0
202.20000000000002,A1001,A0100,B0100,4072.2440190629345,-4992.286207487327,-4783.118977629151,199.9792575903768,MISS,Trajectory,0.0
202.20000000000002,A1002,A0100,B0100,4063.7808414424335,-5024.443608120833,-4860.248482206687,199.79590488595122,MISS,Trajectory,0.0
202.20000000000002,A2001,A0200,B0100,3580.3803068710727,-4824.688078547749,-5844.037298743643,199.95503738817882,MISS,Trajectory,0.0
202.20000000000002,A2002,A0200,B0100,3571.341006994724,-4816.5598783519345,-5800.313023753738,199.94567413755746,MISS,Trajectory,0.0
202.4,A1001,A0100,B0100,4072.2440190629345,-4992.286207487327,-4783.118977629151,199.9792575903768,MISS,Trajectory,0.0
202.4,A1002,A0100,B0100,4063.7808414424335,-5024.443608120833,-4860.248482206687,199.79590488595122,MISS,Trajectory,0.0
202.4,A2001,A0200,B0100,3580.3803068710727,-4824.688078547749,-5844.037298743643,199.95503738817882,MISS,Trajectory,0.0
202.4,A2002,A0200,B0100,3571.341006994724,-4816.5598783519345,-5800.313023753738,199.94567413755746,MISS,Trajectory,0.0
202.60000000000002,A1001,A0100,B0100,4072.2440190629345,-4992.286207487327,-4783.118977629151,199.9792575903768,MISS,Trajectory,0.0
202.60000000000002,A1002,A0100,B0100,4063.7808414424335,-5024.443608120833,-4860.248482206687,199.79590488595122,MISS,Trajectory,0.0
202.60000000000002,A2001,A0200,B0100,3580.3803068710727,-4824.688078547749,-5844.037298743643,199.95503738817882,MISS,Trajectory,0.0
202.60000000000002,A2002,A0200,B0100,3571.341006994724,-4816.5598783519345,-5800.313023753738,199.94567413755746,MISS,Trajectory,0.0
202.8,A1001,A0100,B0100,4072.2440190629345,-4992.286207487327,-4783.118977629151,199.9792575903768,MISS,Trajectory,0.0
202.8,A1002,A0100,B0100,4063.7808414424335,-5024.443608120833,-4860.248482206687,199.79590488595122,MISS,Trajectory,0.0
202.8,A2001,A0200,B0100,3580.3803068710727,-4824.688078547749,-5844.037298743643,199.95503738817882,MISS,Trajectory,0.0
202.8,A2002,A0200,B0100,3571.341006994724,-4816.5598783519345,-5800.313023753738,199.94567413755746,MISS,Trajectory,0.0
203.0,A1001,A0100,B0100,4072.2440190629345,-4992.286207487327,-4783.118977629151,199.9792575903768,MISS,Trajectory,0.0
203.0,A1002,A0100,B0100,4063.7808414424335,-5024.443608120833,-4860.248482206687,199.79590488595122,MISS,Trajectory,0.0
203.0,A2001,A0200,B0100,3580.3803068710727,-4824.688078547749,-5844.037298743643,199.95503738817882,MISS,Trajectory,0.0
203.0,A2002,A0200,B0100,3571.341006994724,-4816.5598783519345,-5800.313023753738,199.94567413755746,MISS,Trajectory,0.0
203.20000000000002,A1001,A0100,B0100,4072.2440190629345,-4992.286207487327,-4783.118977629151,199.9792575903768,MISS,Trajectory,0.0
203.20000000000002,A1002,A0100,B0100,4063.7808414424335,-5024.443608120833,-4860.248482206687,199.79590488595122,MISS,Trajectory,0.0
203.20000000000002,A2001,A0200,B0100,3580.3803068710727,-4824.688078547749,-5844.037298743643,199.95503738817882,MISS,Trajectory,0.0
203.20000000000002,A2002,A0200,B0100,3571.341006994724,-4816.5598783519345,-5800.313023753738,199.94567413755746,MISS,Trajectory,0.0
203.4,A1001,A0100,B0100,4072.2440190629345,-4992.286207487327,-4783.118977629151,199.9792575903768,MISS,Trajectory,0.0
203.4,A1002,A0100,B0100,4063.7808414424335,-5024.443608120833,-4860.248482206687,199.79590488595122,MISS,Trajectory,0.0
203.4,A2001,A0200,B0100,3580.3803068710727,-4824.688078547749,-5844.037298743643,199.95503738817882,MISS,Trajectory,0.0
203.4,A2002,A0200,B0100,3571.341006994724,-4816.5598783519345,-5800.313023753738,199.94567413755746,MISS,Trajectory,0.0
203.60000000000002,A1001,A0100,B0100,4072.2440190629345,-4992.286207487327,-4783.118977629151,199.9792575903768,MISS,Trajectory,0.0
203.60000000000002,A1002,A0100,B0100,4063.7808414424335,-5024.443608120833,-4860.248482206687,199.79590488595122,MISS,Trajectory,0.0
203.60000000000002,A2001,A0200,B0100,3580.3803068710727,-4824.688078547749,-5844.037298743643,199.95503738817882,MISS,Trajectory,0.0
203.60000000000002,A2002,A0200,B0100,3571.341006994724,-4816.5598783519345,-5800.313023753738,199.94567413755746,MISS,Trajectory,0.0
203.8,A1001,A0100,B0100,4072.2440190629345,-4992.286207487327,-4783.118977629151,199.9792575903768,MISS,Trajectory,0.0
203.8,A1002,A0100,B0100,4063.7808414424335,-5024.443608120833,-4860.248482206687,199.79590488595122,MISS,Trajectory,0.0
203.8,A2001,A0200,B0100,3580.3803068710727,-4824.688078547749,-5844.037298743643,199.95503738817882,MISS,Trajectory,0.0
203.8,A2002,A0200,B0100,3571.341006994724,-4816.5598783519345,-5800.313023753738,199.94567413755746,MISS,Trajectory,0.0
204.0,A1001,A0100,B0100,4072.2440190629345,-4992.286207487327,-4783.118977629151,199.9792575903768,MISS,Trajectory,0.0
204.0,A1002,A0100,B0100,4063.7808414424335,-5024.443608120833,-4860.248482206687,199.79590488595122,MISS,Trajectory,0.0
204.0,A2001,A0200,B0100,3580.3803068710727,-4824.688078547749,-5844.037298743643,199.95503738817882,MISS,Trajectory,0.0
204.0,A2002,A0200,B0100,3571.341006994724,-4816.5598783519345,-5800.313023753738,199.94567413755746,MISS,Trajectory,0.0
204.20000000000002,A1001,A0100,B0100,4072.2440190629345,-4992.286207487327,-4783.118977629151,199.9792575903768,MISS,Trajectory,0.0
204.20000000000002,A1002,A0100,B0100,4063.7808414424335,-5024.443608120833,-4860.248482206687,199.79590488595122,MISS,Trajectory,0.0
204.20000000000002,A2001,A0200,B0100,3580.3803068710727,-4824.688078547749,-5844.037298743643,199.95503738817882,MISS,Trajectory,0.0
204.20000000000002,A2002,A0200,B0100,3571.341006994724,-4816.5598783519345,-5800.313023753738,199.94567413755746,MISS,Trajectory,0.0
204.4,A1001,A0100,B0100,4072.2440190629345,-4992.286207487327,-4783.118977629151,199.9792575903768,MISS,Trajectory,0.0
204.4,A1002,A0100,B0100,4063.7808414424335,-5024.443608120833,-4860.248482206687,199.79590488595122,MISS,Trajectory,0.0
204.4,A2001,A0200,B0100,3580.3803068710727,-4824.688078547749,-5844.037298743643,199.95503738817882,MISS,Trajectory,0.0
204.4,A2002,A0200,B0100,3571.341006994724,-4816.5598783519345,-5800.313023753738,199.94567413755746,MISS,Trajectory,0.0
204.60000000000002,A1001,A0100,B0100,4072.2440190629345,-4992.286207487327,-4783.118977629151,199.9792575903768,MISS,Trajectory,0.0
204.60000000000002,A1002,A0100,B0100,4063.7808414424335,-5024.443608120833,-4860.248482206687,199.79590488595122,MISS,Trajectory,0.0
204.60000000000002,A2001,A0200,B0100,3580.3803068710727,-4824.688078547749,-5844.037298743643,199.95503738817882,MISS,Trajectory,0.0
204.60000000000002,A2002,A0200,B0100,3571.341006994724,-4816.5598783519345,-5800.313023753738,199.94567413755746,MISS,Trajectory,0.0
204.8,A1001,A0100,B0100,4072.2440190629345,-4992.286207487327,-4783.118977629151,199.9792575903768,MISS,Trajectory,0.0
204.8,A1002,A0100,B0100,4063.7808414424335,-5024.443608120833,-4860.248482206687,199.79590488595122,MISS,Trajectory,0.0
204.8,A2001,A0200,B0100,3580.3803068710727,-4824.688078547749,-5844.037298743643,199.95503738817882,MISS,Trajectory,0.0
204.8,A2002,A0200,B0100,3571.341006994724,-4816.5598783519345,-5800.313023753738,199.94567413755746,MISS,Trajectory,0.0
205.0,A1001,A0100,B0100,4072.2440190629345,-4992.286207487327,-4783.118977629151,199.9792575903768,MISS,Trajectory,0.0
205.0,A1002,A0100,B0100,4063.7808414424335,-5024.443608120833,-4860.248482206687,199.79590488595122,MISS,Trajectory,0.0
205.0,A2001,A0200,B0100,3580.3803068710727,-4824.688078547749,-5844.037298743643,199.95503738817882,MISS,Trajectory,0.0
205.0,A2002,A0200,B0100,3571.341006994724,-4816.5598783519345,-5800.313023753738,199.94567413755746,MISS,Trajectory,0.0
205.20000000000002,A1001,A0100,B0100,4072.2440190629345,-4992.286207487327,-4783.118977629151,199.9792575903768,MISS,Trajectory,0.0
205.20000000000002,A1002,A0100,B0100,4063.7808414424335,-5024.443608120833,-4860.248482206687,199.79590488595122,MISS,Trajectory,0.0
205.20000000000002,A2001,A0200,B0100,3580.3803068710727,-4824.688078547749,-5844.037298743643,199.95503738817882,MISS,Trajectory,0.0
205.20000000000002,A2002,A0200,B0100,3571.341006994724,-4816.5598783519345,-5800.313023753738,199.94567413755746,MISS,Trajectory,0.0
205.4,A1001,A0100,B0100,4072.2440190629345,-4992.286207487327,-4783.118977629151,199.9792575903768,MISS,Trajectory,0.0
205.4,A1002,A0100,B0100,4063.7808414424335,-5024.443608120833,-4860.248482206687,199.79590488595122,MISS,Trajectory,0.0
205.4,A2001,A0200,B0100,3580.3803068710727,-4824.688078547749,-5844.037298743643,199.95503738817882,MISS,Trajectory,0.0
205.4,A2002,A0200,B0100,3571.341006994724,-4816.5598783519345,-5800.313023753738,199.94567413755746,MISS,Trajectory,0.0
205.60000000000002,A1001,A0100,B0100,4072.2440190629345,-4992.286207487327,-4783.118977629151,199.9792575903768,MISS,Trajectory,0.0
205.60000000000002,A1002,A0100,B0100,4063.7808414424335,-5024.443608120833,-4860.248482206687,199.79590488595122,MISS,Trajectory,0.0
205.60000000000002,A2001,A0200,B0100,3580.3803068710727,-4824.688078547749,-5844.037298743643,199.95503738817882,MISS,Trajectory,0.0
205.60000000000002,A2002,A0200,B0100,3571.341006994724,-4816.5598783519345,-5800.313023753738,199.94567413755746,MISS,Trajectory,0.0
205.8,A1001,A0100,B0100,4072.2440190629345,-4992.286207487327,-4783.118977629151,199.9792575903768,MISS,Trajectory,0.0
205.8,A1002,A0100,B0100,4063.7808414424335,-5024.443608120833,-4860.248482206687,199.79590488595122,MISS,Trajectory,0.0
205.8,A2001,A0200,B0100,3580.3803068710727,-4824.688078547749,-5844.037298743643,199.95503738817882,MISS,Trajectory,0.0
205.8,A2002,A0200,B0100,3571.341006994724,-4816.5598783519345,-5800.313023753738,199.94567413755746,MISS,Trajectory,0.0
206.0,A1001,A0100,B0100,4072.2440190629345,-4992.286207487327,-4783.118977629151,199.9792575903768,MISS,Trajectory,0.0
206.0,A1002,A0100,B0100,4063.7808414424335,-5024.443608120833,-4860.248482206687,199.79590488595122,MISS,Trajectory,0.0
206.0,A2001,A0200,B0100,3580.3803068710727,-4824.688078547749,-5844.037298743643,199.95503738817882,MISS,Trajectory,0.0
206.0,A2002,A0200,B0100,3571.341006994724,-4816.5598783519345,-5800.313023753738,199.94567413755746,MISS,Trajectory,0.0
206.20000000000002,A1001,A0100,B0100,4072.2440190629345,-4992.286207487327,-4783.118977629151,199.9792575903768,MISS,Trajectory,0.0
206.20000000000002,A1002,A0100,B0100,4063.7808414424335,-5024.443608120833,-4860.248482206687,199.79590488595122,MISS,Trajectory,0.0
206.20000000000002,A2001,A0200,B0100,3580.3803068710727,-4824.688078547749,-5844.037298743643,199.95503738817882,MISS,Trajectory,0.0
206.20000000000002,A2002,A0200,B0100,3571.341006994724,-4816.5598783519345,-5800.313023753738,199.94567413755746,MISS,Trajectory,0.0
206.4,A1001,A0100,B0100,4072.2440190629345,-4992.286207487327,-4783.118977629151,199.9792575903768,MISS,Trajectory,0.0
206.4,A1002,A0100,B0100,4063.7808414424335,-5024.443608120833,-4860.248482206687,199.79590488595122,MISS,Trajectory,0.0
206.4,A2001,A0200,B0100,3580.3803068710727,-4824.688078547749,-5844.037298743643,199.95503738817882,MISS,Trajectory,0.0
206.4,A2002,A0200,B0100,3571.341006994724,-4816.5598783519345,-5800.313023753738,199.94567413755746,MISS,Trajectory,0.0
206.60000000000002,A1001,A0100,B0100,4072.2440190629345,-4992.286207487327,-4783.118977629151,199.9792575903768,MISS,Trajectory,0.0
206.60000000000002,A1002,A0100,B0100,4063.7808414424335,-5024.443608120833,-4860.248482206687,199.79590488595122,MISS,Trajectory,0.0
206.60000000000002,A2001,A0200,B0100,3580.3803068710727,-4824.688078547749,-5844.037298743643,199.95503738817882,MISS,Trajectory,0.0
206.60000000000002,A2002,A0200,B0100,3571.341006994724,-4816.5598783519345,-5800.313023753738,199.94567413755746,MISS,Trajectory,0.0
206.8,A1001,A0100,B0100,4072.2440190629345,-4992.286207487327,-4783.118977629151,199.9792575903768,MISS,Trajectory,0.0
206.8,A1002,A0100,B0100,4063.7808414424335,-5024.443608120833,-4860.248482206687,199.79590488595122,MISS,Trajectory,0.0
206.8,A2001,A0200,B0100,3580.3803068710727,-4824.688078547749,-5844.037298743643,199.95503738817882,MISS,Trajectory,0.0
206.8,A2002,A0200,B0100,3571.341006994724,-4816.5598783519345,-5800.313023753738,199.94567413755746,MISS,Trajectory,0.0
207.0,A1001,A0100,B0100,4072.2440190629345,-4992.286207487327,-4783.118977629151,199.9792575903768,MISS,Trajectory,0.0
207.0,A1002,A0100,B0100,4063.7808414424335,-5024.443608120833,-4860.248482206687,199.79590488595122,MISS,Trajectory,0.0
207.0,A2001,A0200,B0100,3580.3803068710727,-4824.688078547749,-5844.037298743643,199.95503738817882,MISS,Trajectory,0.0
207.0,A2002,A0200,B0100,3571.341006994724,-4816.5598783519345,-5800.313023753738,199.94567413755746,MISS,Trajectory,0.0
207.20000000000002,A1001,A0100,B0100,4072.2440190629345,-4992.286207487327,-4783.118977629151,199.9792575903768,MISS,Trajectory,0.0
207.20000000000002,A1002,A0100,B0100,4063.7808414424335,-5024.443608120833,-4860.248482206687,199.79590488595122,MISS,Trajectory,0.0
207.20000000000002,A2001,A0200,B0100,3580.3803068710727,-4824.688078547749,-5844.037298743643,199.95503738817882,MISS,Trajectory,0.0
207.20000000000002,A2002,A0200,B0100,3571.341006994724,-4816.5598783519345,-5800.313023753738,199.94567413755746,MISS,Trajectory,0.0
207.4,A1001,A0100,B0100,4072.2440190629345,-4992.286207487327,-4783.118977629151,199.9792575903768,MISS,Trajectory,0.0
207.4,A1002,A0100,B0100,4063.7808414424335,-5024.443608120833,-4860.248482206687,199.79590488595122,MISS,Trajectory,0.0
207.4,A2001,A0200,B0100,3580.3803068710727,-4824.688078547749,-5844.037298743643,199.95503738817882,MISS,Trajectory,0.0
207.4,A2002,A0200,B0100,3571.341006994724,-4816.5598783519345,-5800.313023753738,199.94567413755746,MISS,Trajectory,0.0
207.60000000000002,A1001,A0100,B0100,4072.2440190629345,-4992.286207487327,-4783.118977629151,199.9792575903768,MISS,Trajectory,0.0
207.60000000000002,A1002,A0100,B0100,4063.7808414424335,-5024.443608120833,-4860.248482206687,199.79590488595122,MISS,Trajectory,0.0
207.60000000000002,A2001,A0200,B0100,3580.3803068710727,-4824.688078547749,-5844.037298743643,199.95503738817882,MISS,Trajectory,0.0
207.60000000000002,A2002,A0200,B0100,3571.341006994724,-4816.5598783519345,-5800.313023753738,199.94567413755746,MISS,Trajectory,0.0
207.8,A1001,A0100,B0100,4072.2440190629345,-4992.286207487327,-4783.118977629151,199.9792575903768,MISS,Trajectory,0.0
207.8,A1002,A0100,B0100,4063.7808414424335,-5024.443608120833,-4860.248482206687,199.79590488595122,MISS,Trajectory,0.0
207.8,A2001,A0200,B0100,3580.3803068710727,-4824.688078547749,-5844.037298743643,199.95503738817882,MISS,Trajectory,0.0
207.8,A2002,A0200,B0100,3571.341006994724,-4816.5598783519345,-5800.313023753738,199.94567413755746,MISS,Trajectory,0.0
208.0,A1001,A0100,B0100,4072.2440190629345,-4992.286207487327,-4783.118977629151,199.9792575903768,MISS,Trajectory,0.0
208.0,A1002,A0100,B0100,4063.7808414424335,-5024.443608120833,-4860.248482206687,199.79590488595122,MISS,Trajectory,0.0
208.0,A2001,A0200,B0100,3580.3803068710727,-4824.688078547749,-5844.037298743643,199.95503738817882,MISS,Trajectory,0.0
208.0,A2002,A0200,B0100,3571.341006994724,-4816.5598783519345,-5800.313023753738,199.94567413755746,MISS,Trajectory,0.0
208.20000000000002,A1001,A0100,B0100,4072.2440190629345,-4992.286207487327,-4783.118977629151,199.9792575903768,MISS,Trajectory,0.0
208.20000000000002,A1002,A0100,B0100,4063.7808414424335,-5024.443608120833,-4860.248482206687,199.79590488595122,MISS,Trajectory,0.0
208.20000000000002,A2001,A0200,B0100,3580.3803068710727,-4824.688078547749,-5844.037298743643,199.95503738817882,MISS,Trajectory,0.0
208.20000000000002,A2002,A0200,B0100,3571.341006994724,-4816.5598783519345,-5800.313023753738,199.94567413755746,MISS,Trajectory,0.0
208.4,A1001,A0100,B0100,4072.2440190629345,-4992.286207487327,-4783.118977629151,199.9792575903768,MISS,Trajectory,0.0
208.4,A1002,A0100,B0100,4063.7808414424335,-5024.443608120833,-4860.248482206687,199.79590488595122,MISS,Trajectory,0.0
208.4,A2001,A0200,B0100,3580.3803068710727,-4824.688078547749,-5844.037298743643,199.95503738817882,MISS,Trajectory,0.0
208.4,A2002,A0200,B0100,3571.341006994724,-4816.5598783519345,-5800.313023753738,199.94567413755746,MISS,Trajectory,0.0
208.60000000000002,A1001,A0100,B0100,4072.2440190629345,-4992.286207487327,-4783.118977629151,199.9792575903768,MISS,Trajectory,0.0
208.60000000000002,A1002,A0100,B0100,4063.7808414424335,-5024.443608120833,-4860.248482206687,199.79590488595122,MISS,Trajectory,0.0
208.60000000000002,A2001,A0200,B0100,3580.3803068710727,-4824.688078547749,-5844.037298743643,199.95503738817882,MISS,Trajectory,0.0
208.60000000000002,A2002,A0200,B0100,3571.341006994724,-4816.5598783519345,-5800.313023753738,199.94567413755746,MISS,Trajectory,0.0
208.8,A1001,A0100,B0100,4072.2440190629345,-4992.286207487327,-4783.118977629151,199.9792575903768,MISS,Trajectory,0.0
208.8,A1002,A0100,B0100,4063.7808414424335,-5024.443608120833,-4860.248482206687,199.79590488595122,MISS,Trajectory,0.0
208.8,A2001,A0200,B0100,3580.3803068710727,-4824.688078547749,-5844.037298743643,199.95503738817882,MISS,Trajectory,0.0
208.8,A2002,A0200,B0100,3571.341006994724,-4816.5598783519345,-5800.313023753738,199.94567413755746,MISS,Trajectory,0.0
209.0,A1001,A0100,B0100,4072.2440190629345,-4992.286207487327,-4783.118977629151,199.9792575903768,MISS,Trajectory,0.0
209.0,A1002,A0100,B0100,4063.7808414424335,-5024.443608120833,-4860.248482206687,199.79590488595122,MISS,Trajectory,0.0
209.0,A2001,A0200,B0100,3580.3803068710727,-4824.688078547749,-5844.037298743643,199.95503738817882,MISS,Trajectory,0.0
209.0,A2002,A0200,B0100,3571.341006994724,-4816.5598783519345,-5800.313023753738,199.94567413755746,MISS,Trajectory,0.0
209.20000000000002,A1001,A0100,B0100,4072.2440190629345,-4992.286207487327,-4783.118977629151,199.9792575903768,MISS,Trajectory,0.0
209.20000000000002,A1002,A0100,B0100,4063.7808414424335,-5024.443608120833,-4860.248482206687,199.79590488595122,MISS,Trajectory,0.0
209.20000000000002,A2001,A0200,B0100,3580.3803068710727,-4824.688078547749,-5844.037298743643,199.95503738817882,MISS,Trajectory,0.0
209.20000000000002,A2002,A0200,B0100,3571.341006994724,-4816.5598783519345,-5800.313023753738,199.94567413755746,MISS,Trajectory,0.0
209.4,A1001,A0100,B0100,4072.2440190629345,-4992.286207487327,-4783.118977629151,199.9792575903768,MISS,Trajectory,0.0
209.4,A1002,A0100,B0100,4063.7808414424335,-5024.443608120833,-4860.248482206687,199.79590488595122,MISS,Trajectory,0.0
209.4,A2001,A0200,B0100,3580.3803068710727,-4824.688078547749,-5844.037298743643,199.95503738817882,MISS,Trajectory,0.0
209.4,A2002,A0200,B0100,3571.341006994724,-4816.5598783519345,-5800.313023753738,199.94567413755746,MISS,Trajectory,0.0
209.60000000000002,A1001,A0100,B0100,4072.2440190629345,-4992.286207487327,-4783.118977629151,199.9792575903768,MISS,Trajectory,0.0
209.60000000000002,A1002,A0100,B0100,4063.7808414424335,-5024.443608120833,-4860.248482206687,199.79590488595122,MISS,Trajectory,0.0
209.60000000000002,A2001,A0200,B0100,3580.3803068710727,-4824.688078547749,-5844.037298743643,199.95503738817882,MISS,Trajectory,0.0
209.60000000000002,A2002,A0200,B0100,3571.341006994724,-4816.5598783519345,-5800.313023753738,199.94567413755746,MISS,Trajectory,0.0
209.8,A1001,A0100,B0100,4072.2440190629345,-4992.286207487327,-4783.118977629151,199.9792575903768,MISS,Trajectory,0.0
209.8,A1002,A0100,B0100,4063.7808414424335,-5024.443608120833,-4860.248482206687,199.79590488595122,MISS,Trajectory,0.0
209.8,A2001,A0200,B0100,3580.3803068710727,-4824.688078547749,-5844.037298743643,199.95503738817882,MISS,Trajectory,0.0
209.8,A2002,A0200,B0100,3571.341006994724,-4816.5598783519345,-5800.313023753738,199.94567413755746,MISS,Trajectory,0.0
210.0,A1001,A0100,B0100,4072.2440190629345,-4992.286207487327,-4783.118977629151,199.9792575903768,MISS,Trajectory,0.0
210.0,A1002,A0100,B0100,4063.7808414424335,-5024.443608120833,-4860.248482206687,199.79590488595122,MISS,Trajectory,0.0
210.0,A2001,A0200,B0100,3580.3803068710727,-4824.688078547749,-5844.037298743643,199.95503738817882,MISS,Trajectory,0.0
210.0,A2002,A0200,B0100,3571.341006994724,-4816.5598783519345,-5800.313023753738,199.94567413755746,MISS,Trajectory,0.0
210.20000000000002,A1001,A0100,B0100,4072.2440190629345,-4992.286207487327,-4783.118977629151,199.9792575903768,MISS,Trajectory,0.0
210.20000000000002,A1002,A0100,B0100,4063.7808414424335,-5024.443608120833,-4860.248482206687,199.79590488595122,MISS,Trajectory,0.0
210.20000000000002,A2001,A0200,B0100,3580.3803068710727,-4824.688078547749,-5844.037298743643,199.95503738817882,MISS,Trajectory,0.0
210.20000000000002,A2002,A0200,B0100,3571.341006994724,-4816.5598783519345,-5800.313023753738,199.94567413755746,MISS,Trajectory,0.0
210.4,A1001,A0100,B0100,4072.2440190629345,-4992.286207487327,-4783.118977629151,199.9792575903768,MISS,Trajectory,0.0
210.4,A1002,A0100,B0100,4063.7808414424335,-5024.443608120833,-4860.248482206687,199.79590488595122,MISS,Trajectory,0.0
210.4,A2001,A0200,B0100,3580.3803068710727,-4824.688078547749,-5844.037298743643,199.95503738817882,MISS,Trajectory,0.0
210.4,A2002,A0200,B0100,3571.341006994724,-4816.5598783519345,-5800.313023753738,199.94567413755746,MISS,Trajectory,0.0
210.60000000000002,A1001,A0100,B0100,4072.2440190629345,-4992.286207487327,-4783.118977629151,199.9792575903768,MISS,Trajectory,0.0
210.60000000000002,A1002,A0100,B0100,4063.7808414424335,-5024.443608120833,-4860.248482206687,199.79590488595122,MISS,Trajectory,0.0
210.60000000000002,A2001,A0200,B0100,3580.3803068710727,-4824.688078547749,-5844.037298743643,199.95503738817882,MISS,Trajectory,0.0
210.60000000000002,A2002,A0200,B0100,3571.341006994724,-4816.5598783519345,-5800.313023753738,199.94567413755746,MISS,Trajectory,0.0
210.8,A1001,A0100,B0100,4072.2440190629345,-4992.286207487327,-4783.118977629151,199.9792575903768,MISS,Trajectory,0.0
210.8,A1002,A0100,B0100,4063.7808414424335,-5024.443608120833,-4860.248482206687,199.79590488595122,MISS,Trajectory,0.0
210.8,A2001,A0200,B0100,3580.3803068710727,-4824.688078547749,-5844.037298743643,199.95503738817882,MISS,Trajectory,0.0
210.8,A2002,A0200,B0100,3571.341006994724,-4816.5598783519345,-5800.313023753738,199.94567413755746,MISS,Trajectory,0.0
211.0,A1001,A0100,B0100,4072.2440190629345,-4992.286207487327,-4783.118977629151,199.9792575903768,MISS,Trajectory,0.0
211.0,A1002,A0100,B0100,4063.7808414424335,-5024.443608120833,-4860.248482206687,199.79590488595122,MISS,Trajectory,0.0
211.0,A2001,A0200,B0100,3580.3803068710727,-4824.688078547749,-5844.037298743643,199.95503738817882,MISS,Trajectory,0.0
211.0,A2002,A0200,B0100,3571.341006994724,-4816.5598783519345,-5800.313023753738,199.94567413755746,MISS,Trajectory,0.0
211.20000000000002,A1001,A0100,B0100,4072.2440190629345,-4992.286207487327,-4783.118977629151,199.9792575903768,MISS,Trajectory,0.0
211.20000000000002,A1002,A0100,B0100,4063.7808414424335,-5024.443608120833,-4860.248482206687,199.79590488595122,MISS,Trajectory,0.0
211.20000000000002,A2001,A0200,B0100,3580.3803068710727,-4824.688078547749,-5844.037298743643,199.95503738817882,MISS,Trajectory,0.0
211.20000000000002,A2002,A0200,B0100,3571.341006994724,-4816.5598783519345,-5800.313023753738,199.94567413755746,MISS,Trajectory,0.0
211.4,A1001,A0100,B0100,4072.2440190629345,-4992.286207487327,-4783.118977629151,199.9792575903768,MISS,Trajectory,0.0
211.4,A1002,A0100,B0100,4063.7808414424335,-5024.443608120833,-4860.248482206687,199.79590488595122,MISS,Trajectory,0.0
211.4,A2001,A0200,B0100,3580.3803068710727,-4824.688078547749,-5844.037298743643,199.95503738817882,MISS,Trajectory,0.0
211.4,A2002,A0200,B0100,3571.341006994724,-4816.5598783519345,-5800.313023753738,199.94567413755746,MISS,Trajectory,0.0
211.60000000000002,A1001,A0100,B0100,4072.2440190629345,-4992.286207487327,-4783.118977629151,199.9792575903768,MISS,Trajectory,0.0
211.60000000000002,A1002,A0100,B0100,4063.7808414424335,-5024.443608120833,-4860.248482206687,199.79590488595122,MISS,Trajectory,0.0
211.60000000000002,A2001,A0200,B0100,3580.3803068710727,-4824.688078547749,-5844.037298743643,199.95503738817882,MISS,Trajectory,0.0
211.60000000000002,A2002,A0200,B0100,3571.341006994724,-4816.5598783519345,-5800.313023753738,199.94567413755746,MISS,Trajectory,0.0
211.8,A1001,A0100,B0100,4072.2440190629345,-4992.286207487327,-4783.118977629151,199.9792575903768,MISS,Trajectory,0.0
211.8,A1002,A0100,B0100,4063.7808414424335,-5024.443608120833,-4860.248482206687,199.79590488595122,MISS,Trajectory,0.0
211.8,A2001,A0200,B0100,3580.3803068710727,-4824.688078547749,-5844.037298743643,199.95503738817882,MISS,Trajectory,0.0
211.8,A2002,A0200,B0100,3571.341006994724,-4816.5598783519345,-5800.313023753738,199.94567413755746,MISS,Trajectory,0.0
212.0,A1001,A0100,B0100,4072.2440190629345,-4992.286207487327,-4783.118977629151,199.9792575903768,MISS,Trajectory,0.0
212.0,A1002,A0100,B0100,4063.7808414424335,-5024.443608120833,-4860.248482206687,199.79590488595122,MISS,Trajectory,0.0
212.0,A2001,A0200,B0100,3580.3803068710727,-4824.688078547749,-5844.037298743643,199.95503738817882,MISS,Trajectory,0.0
212.0,A2002,A0200,B0100,3571.341006994724,-4816.5598783519345,-5800.313023753738,199.94567413755746,MISS,Trajectory,0.0
212.20000000000002,A1001,A0100,B0100,4072.2440190629345,-4992.286207487327,-4783.118977629151,199.9792575903768,MISS,Trajectory,0.0
212.20000000000002,A1002,A0100,B0100,4063.7808414424335,-5024.443608120833,-4860.248482206687,199.79590488595122,MISS,Trajectory,0.0
212.20000000000002,A2001,A0200,B0100,3580.3803068710727,-4824.688078547749,-5844.037298743643,199.95503738817882,MISS,Trajectory,0.0
212.20000000000002,A2002,A0200,B0100,3571.341006994724,-4816.5598783519345,-5800.313023753738,199.94567413755746,MISS,Trajectory,0.0
212.4,A1001,A0100,B0100,4072.2440190629345,-4992.286207487327,-4783.118977629151,199.9792575903768,MISS,Trajectory,0.0
212.4,A1002,A0100,B0100,4063.7808414424335,-5024.443608120833,-4860.248482206687,199.79590488595122,MISS,Trajectory,0.0
212.4,A2001,A0200,B0100,3580.3803068710727,-4824.688078547749,-5844.037298743643,199.95503738817882,MISS,Trajectory,0.0
212.4,A2002,A0200,B0100,3571.341006994724,-4816.5598783519345,-5800.313023753738,199.94567413755746,MISS,Trajectory,0.0
212.60000000000002,A1001,A0100,B0100,4072.2440190629345,-4992.286207487327,-4783.118977629151,199.9792575903768,MISS,Trajectory,0.0
212.60000000000002,A1002,A0100,B0100,4063.7808414424335,-5024.443608120833,-4860.248482206687,199.79590488595122,MISS,Trajectory,0.0
212.60000000000002,A2001,A0200,B0100,3580.3803068710727,-4824.688078547749,-5844.037298743643,199.95503738817882,MISS,Trajectory,0.0
212.60000000000002,A2002,A0200,B0100,3571.341006994724,-4816.5598783519345,-5800.313023753738,199.94567413755746,MISS,Trajectory,0.0
212.8,A1001,A0100,B0100,4072.2440190629345,-4992.286207487327,-4783.118977629151,199.9792575903768,MISS,Trajectory,0.0
212.8,A1002,A0100,B0100,4063.7808414424335,-5024.443608120833,-4860.248482206687,199.79590488595122,MISS,Trajectory,0.0
212.8,A2001,A0200,B0100,3580.3803068710727,-4824.688078547749,-5844.037298743643,199.95503738817882,MISS,Trajectory,0.0
212.8,A2002,A0200,B0100,3571.341006994724,-4816.5598783519345,-5800.313023753738,199.94567413755746,MISS,Trajectory,0.0
213.0,A1001,A0100,B0100,4072.2440190629345,-4992.286207487327,-4783.118977629151,199.9792575903768,MISS,Trajectory,0.0
213.0,A1002,A0100,B0100,4063.7808414424335,-5024.443608120833,-4860.248482206687,199.79590488595122,MISS,Trajectory,0.0
213.0,A2001,A0200,B0100,3580.3803068710727,-4824.688078547749,-5844.037298743643,199.95503738817882,MISS,Trajectory,0.0
213.0,A2002,A0200,B0100,3571.341006994724,-4816.5598783519345,-5800.313023753738,199.94567413755746,MISS,Trajectory,0.0
213.20000000000002,A1001,A0100,B0100,4072.2440190629345,-4992.286207487327,-4783.118977629151,199.9792575903768,MISS,Trajectory,0.0
213.20000000000002,A1002,A0100,B0100,4063.7808414424335,-5024.443608120833,-4860.248482206687,199.79590488595122,MISS,Trajectory,0.0
213.20000000000002,A2001,A0200,B0100,3580.3803068710727,-4824.688078547749,-5844.037298743643,199.95503738817882,MISS,Trajectory,0.0
213.20000000000002,A2002,A0200,B0100,3571.341006994724,-4816.5598783519345,-5800.313023753738,199.94567413755746,MISS,Trajectory,0.0
213.4,A1001,A0100,B0100,4072.2440190629345,-4992.286207487327,-4783.118977629151,199.9792575903768,MISS,Trajectory,0.0
213.4,A1002,A0100,B0100,4063.7808414424335,-5024.443608120833,-4860.248482206687,199.79590488595122,MISS,Trajectory,0.0
213.4,A2001,A0200,B0100,3580.3803068710727,-4824.688078547749,-5844.037298743643,199.95503738817882,MISS,Trajectory,0.0
213.4,A2002,A0200,B0100,3571.341006994724,-4816.5598783519345,-5800.313023753738,199.94567413755746,MISS,Trajectory,0.0
213.60000000000002,A1001,A0100,B0100,4072.2440190629345,-4992.286207487327,-4783.118977629151,199.9792575903768,MISS,Trajectory,0.0
213.60000000000002,A1002,A0100,B0100,4063.7808414424335,-5024.443608120833,-4860.248482206687,199.79590488595122,MISS,Trajectory,0.0
213.60000000000002,A2001,A0200,B0100,3580.3803068710727,-4824.688078547749,-5844.037298743643,199.95503738817882,MISS,Trajectory,0.0
213.60000000000002,A2002,A0200,B0100,3571.341006994724,-4816.5598783519345,-5800.313023753738,199.94567413755746,MISS,Trajectory,0.0
213.8,A1001,A0100,B0100,4072.2440190629345,-4992.286207487327,-4783.118977629151,199.9792575903768,MISS,Trajectory,0.0
213.8,A1002,A0100,B0100,4063.7808414424335,-5024.443608120833,-4860.248482206687,199.79590488595122,MISS,Trajectory,0.0
213.8,A2001,A0200,B0100,3580.3803068710727,-4824.688078547749,-5844.037298743643,199.95503738817882,MISS,Trajectory,0.0
213.8,A2002,A0200,B0100,3571.341006994724,-4816.5598783519345,-5800.313023753738,199.94567413755746,MISS,Trajectory,0.0
214.0,A1001,A0100,B0100,4072.2440190629345,-4992.286207487327,-4783.118977629151,199.9792575903768,MISS,Trajectory,0.0
214.0,A1002,A0100,B0100,4063.7808414424335,-5024.443608120833,-4860.248482206687,199.79590488595122,MISS,Trajectory,0.0
214.0,A2001,A0200,B0100,3580.3803068710727,-4824.688078547749,-5844.037298743643,199.95503738817882,MISS,Trajectory,0.0
214.0,A2002,A0200,B0100,3571.341006994724,-4816.5598783519345,-5800.313023753738,199.94567413755746,MISS,Trajectory,0.0
214.20000000000002,A1001,A0100,B0100,4072.2440190629345,-4992.286207487327,-4783.118977629151,199.9792575903768,MISS,Trajectory,0.0
214.20000000000002,A1002,A0100,B0100,4063.7808414424335,-5024.443608120833,-4860.248482206687,199.79590488595122,MISS,Trajectory,0.0
214.20000000000002,A2001,A0200,B0100,3580.3803068710727,-4824.688078547749,-5844.037298743643,199.95503738817882,MISS,Trajectory,0.0
214.20000000000002,A2002,A0200,B0100,3571.341006994724,-4816.5598783519345,-5800.313023753738,199.94567413755746,MISS,Trajectory,0.0
214.4,A1001,A0100,B0100,4072.2440190629345,-4992.286207487327,-4783.118977629151,199.9792575903768,MISS,Trajectory,0.0
214.4,A1002,A0100,B0100,4063.7808414424335,-5024.443608120833,-4860.248482206687,199.79590488595122,MISS,Trajectory,0.0
214.4,A2001,A0200,B0100,3580.3803068710727,-4824.688078547749,-5844.037298743643,199.95503738817882,MISS,Trajectory,0.0
214.4,A2002,A0200,B0100,3571.341006994724,-4816.5598783519345,-5800.313023753738,199.94567413755746,MISS,Trajectory,0.0
214.60000000000002,A1001,A0100,B0100,4072.2440190629345,-4992.286207487327,-4783.118977629151,199.9792575903768,MISS,Trajectory,0.0
214.60000000000002,A1002,A0100,B0100,4063.7808414424335,-5024.443608120833,-4860.248482206687,199.79590488595122,MISS,Trajectory,0.0
214.60000000000002,A2001,A0200,B0100,3580.3803068710727,-4824.688078547749,-5844.037298743643,199.95503738817882,MISS,Trajectory,0.0
214.60000000000002,A2002,A0200,B0100,3571.341006994724,-4816.5598783519345,-5800.313023753738,199.94567413755746,MISS,Trajectory,0.0
214.8,A1001,A0100,B0100,4072.2440190629345,-4992.286207487327,-4783.118977629151,199.9792575903768,MISS,Trajectory,0.0
214.8,A1002,A0100,B0100,4063.7808414424335,-5024.443608120833,-4860.248482206687,199.79590488595122,MISS,Trajectory,0.0
214.8,A2001,A0200,B0100,3580.3803068710727,-4824.688078547749,-5844.037298743643,199.95503738817882,MISS,Trajectory,0.0
214.8,A2002,A0200,B0100,3571.341006994724,-4816.5598783519345,-5800.313023753738,199.94567413755746,MISS,Trajectory,0.0
215.0,A1001,A0100,B0100,4072.2440190629345,-4992.286207487327,-4783.118977629151,199.9792575903768,MISS,Trajectory,0.0
215.0,A1002,A0100,B0100,4063.7808414424335,-5024.443608120833,-4860.248482206687,199.79590488595122,MISS,Trajectory,0.0
215.0,A2001,A0200,B0100,3580.3803068710727,-4824.688078547749,-5844.037298743643,199.95503738817882,MISS,Trajectory,0.0
215.0,A2002,A0200,B0100,3571.341006994724,-4816.5598783519345,-5800.313023753738,199.94567413755746,MISS,Trajectory,0.0
215.20000000000002,A1001,A0100,B0100,4072.2440190629345,-4992.286207487327,-4783.118977629151,199.9792575903768,MISS,Trajectory,0.0
215.20000000000002,A1002,A0100,B0100,4063.7808414424335,-5024.443608120833,-4860.248482206687,199.79590488595122,MISS,Trajectory,0.0
215.20000000000002,A2001,A0200,B0100,3580.3803068710727,-4824.688078547749,-5844.037298743643,199.95503738817882,MISS,Trajectory,0.0
215.20000000000002,A2002,A0200,B0100,3571.341006994724,-4816.5598783519345,-5800.313023753738,199.94567413755746,MISS,Trajectory,0.0
215.4,A1001,A0100,B0100,4072.2440190629345,-4992.286207487327,-4783.118977629151,199.9792575903768,MISS,Trajectory,0.0
215.4,A1002,A0100,B0100,4063.7808414424335,-5024.443608120833,-4860.248482206687,199.79590488595122,MISS,Trajectory,0.0
215.4,A2001,A0200,B0100,3580.3803068710727,-4824.688078547749,-5844.037298743643,199.95503738817882,MISS,Trajectory,0.0
215.4,A2002,A0200,B0100,3571.341006994724,-4816.5598783519345,-5800.313023753738,199.94567413755746,MISS,Trajectory,0.0
215.60000000000002,A1001,A0100,B0100,4072.2440190629345,-4992.286207487327,-4783.118977629151,199.9792575903768,MISS,Trajectory,0.0
215.60000000000002,A1002,A0100,B0100,4063.7808414424335,-5024.443608120833,-4860.248482206687,199.79590488595122,MISS,Trajectory,0.0
215.60000000000002,A2001,A0200,B0100,3580.3803068710727,-4824.688078547749,-5844.037298743643,199.95503738817882,MISS,Trajectory,0.0
215.60000000000002,A2002,A0200,B0100,3571.341006994724,-4816.5598783519345,-5800.313023753738,199.94567413755746,MISS,Trajectory,0.0
215.8,A1001,A0100,B0100,4072.2440190629345,-4992.286207487327,-4783.118977629151,199.9792575903768,MISS,Trajectory,0.0
215.8,A1002,A0100,B0100,4063.7808414424335,-5024.443608120833,-4860.248482206687,199.79590488595122,MISS,Trajectory,0.0
215.8,A2001,A0200,B0100,3580.3803068710727,-4824.688078547749,-5844.037298743643,199.95503738817882,MISS,Trajectory,0.0
215.8,A2002,A0200,B0100,3571.341006994724,-4816.5598783519345,-5800.313023753738,199.94567413755746,MISS,Trajectory,0.0
216.0,A1001,A0100,B0100,4072.2440190629345,-4992.286207487327,-4783.118977629151,199.9792575903768,MISS,Trajectory,0.0
216.0,A1002,A0100,B0100,4063.7808414424335,-5024.443608120833,-4860.248482206687,199.79590488595122,MISS,Trajectory,0.0
216.0,A2001,A0200,B0100,3580.3803068710727,-4824.688078547749,-5844.037298743643,199.95503738817882,MISS,Trajectory,0.0
216.0,A2002,A0200,B0100,3571.341006994724,-4816.5598783519345,-5800.313023753738,199.94567413755746,MISS,Trajectory,0.0
216.20000000000002,A1001,A0100,B0100,4072.2440190629345,-4992.286207487327,-4783.118977629151,199.9792575903768,MISS,Trajectory,0.0
216.20000000000002,A1002,A0100,B0100,4063.7808414424335,-5024.443608120833,-4860.248482206687,199.79590488595122,MISS,Trajectory,0.0
216.20000000000002,A2001,A0200,B0100,3580.3803068710727,-4824.688078547749,-5844.037298743643,199.95503738817882,MISS,Trajectory,0.0
216.20000000000002,A2002,A0200,B0100,3571.341006994724,-4816.5598783519345,-5800.313023753738,199.94567413755746,MISS,Trajectory,0.0
216.4,A1001,A0100,B0100,4072.2440190629345,-4992.286207487327,-4783.118977629151,199.9792575903768,MISS,Trajectory,0.0
216.4,A1002,A0100,B0100,4063.7808414424335,-5024.443608120833,-4860.248482206687,199.79590488595122,MISS,Trajectory,0.0
216.4,A2001,A0200,B0100,3580.3803068710727,-4824.688078547749,-5844.037298743643,199.95503738817882,MISS,Trajectory,0.0
216.4,A2002,A0200,B0100,3571.341006994724,-4816.5598783519345,-5800.313023753738,199.94567413755746,MISS,Trajectory,0.0
216.60000000000002,A1001,A0100,B0100,4072.2440190629345,-4992.286207487327,-4783.118977629151,199.9792575903768,MISS,Trajectory,0.0
216.60000000000002,A1002,A0100,B0100,4063.7808414424335,-5024.443608120833,-4860.248482206687,199.79590488595122,MISS,Trajectory,0.0
216.60000000000002,A2001,A0200,B0100,3580.3803068710727,-4824.688078547749,-5844.037298743643,199.95503738817882,MISS,Trajectory,0.0
216.60000000000002,A2002,A0200,B0100,3571.341006994724,-4816.5598783519345,-5800.313023753738,199.94567413755746,MISS,Trajectory,0.0
216.8,A1001,A0100,B0100,4072.2440190629345,-4992.286207487327,-4783.118977629151,199.9792575903768,MISS,Trajectory,0.0
216.8,A1002,A0100,B0100,4063.7808414424335,-5024.443608120833,-4860.248482206687,199.79590488595122,MISS,Trajectory,0.0
216.8,A2001,A0200,B0100,3580.3803068710727,-4824.688078547749,-5844.037298743643,199.95503738817882,MISS,Trajectory,0.0
216.8,A2002,A0200,B0100,3571.341006994724,-4816.5598783519345,-5800.313023753738,199.94567413755746,MISS,Trajectory,0.0
217.0,A1001,A0100,B0100,4072.2440190629345,-4992.286207487327,-4783.118977629151,199.9792575903768,MISS,Trajectory,0.0
217.0,A1002,A0100,B0100,4063.7808414424335,-5024.443608120833,-4860.248482206687,199.79590488595122,MISS,Trajectory,0.0
217.0,A2001,A0200,B0100,3580.3803068710727,-4824.688078547749,-5844.037298743643,199.95503738817882,MISS,Trajectory,0.0
217.0,A2002,A0200,B0100,3571.341006994724,-4816.5598783519345,-5800.313023753738,199.94567413755746,MISS,Trajectory,0.0
217.20000000000002,A1001,A0100,B0100,4072.2440190629345,-4992.286207487327,-4783.118977629151,199.9792575903768,MISS,Trajectory,0.0
217.20000000000002,A1002,A0100,B0100,4063.7808414424335,-5024.443608120833,-4860.248482206687,199.79590488595122,MISS,Trajectory,0.0
217.20000000000002,A2001,A0200,B0100,3580.3803068710727,-4824.688078547749,-5844.037298743643,199.95503738817882,MISS,Trajectory,0.0
217.20000000000002,A2002,A0200,B0100,3571.341006994724,-4816.5598783519345,-5800.313023753738,199.94567413755746,MISS,Trajectory,0.0
217.4,A1001,A0100,B0100,4072.2440190629345,-4992.286207487327,-4783.118977629151,199.9792575903768,MISS,Trajectory,0.0
217.4,A1002,A0100,B0100,4063.7808414424335,-5024.443608120833,-4860.248482206687,199.79590488595122,MISS,Trajectory,0.0
217.4,A2001,A0200,B0100,3580.3803068710727,-4824.688078547749,-5844.037298743643,199.95503738817882,MISS,Trajectory,0.0
217.4,A2002,A0200,B0100,3571.341006994724,-4816.5598783519345,-5800.313023753738,199.94567413755746,MISS,Trajectory,0.0
217.60000000000002,A1001,A0100,B0100,4072.2440190629345,-4992.286207487327,-4783.118977629151,199.9792575903768,MISS,Trajectory,0.0
217.60000000000002,A1002,A0100,B0100,4063.7808414424335,-5024.443608120833,-4860.248482206687,199.79590488595122,MISS,Trajectory,0.0
217.60000000000002,A2001,A0200,B0100,3580.3803068710727,-4824.688078547749,-5844.037298743643,199.95503738817882,MISS,Trajectory,0.0
217.60000000000002,A2002,A0200,B0100,3571.341006994724,-4816.5598783519345,-5800.313023753738,199.94567413755746,MISS,Trajectory,0.0
217.8,A1001,A0100,B0100,4072.2440190629345,-4992.286207487327,-4783.118977629151,199.9792575903768,MISS,Trajectory,0.0
217.8,A1002,A0100,B0100,4063.7808414424335,-5024.443608120833,-4860.248482206687,199.79590488595122,MISS,Trajectory,0.0
217.8,A2001,A0200,B0100,3580.3803068710727,-4824.688078547749,-5844.037298743643,199.95503738817882,MISS,Trajectory,0.0
217.8,A2002,A0200,B0100,3571.341006994724,-4816.5598783519345,-5800.313023753738,199.94567413755746,MISS,Trajectory,0.0
218.0,A1001,A0100,B0100,4072.2440190629345,-4992.286207487327,-4783.118977629151,199.9792575903768,MISS,Trajectory,0.0
218.0,A1002,A0100,B0100,4063.7808414424335,-5024.443608120833,-4860.248482206687,199.79590488595122,MISS,Trajectory,0.0
218.0,A2001,A0200,B0100,3580.3803068710727,-4824.688078547749,-5844.037298743643,199.95503738817882,MISS,Trajectory,0.0
218.0,A2002,A0200,B0100,3571.341006994724,-4816.5598783519345,-5800.313023753738,199.94567413755746,MISS,Trajectory,0.0
218.20000000000002,A1001,A0100,B0100,4072.2440190629345,-4992.286207487327,-4783.118977629151,199.9792575903768,MISS,Trajectory,0.0
218.20000000000002,A1002,A0100,B0100,4063.7808414424335,-5024.443608120833,-4860.248482206687,199.79590488595122,MISS,Trajectory,0.0
218.20000000000002,A2001,A0200,B0100,3580.3803068710727,-4824.688078547749,-5844.037298743643,199.95503738817882,MISS,Trajectory,0.0
218.20000000000002,A2002,A0200,B0100,3571.341006994724,-4816.5598783519345,-5800.313023753738,199.94567413755746,MISS,Trajectory,0.0
218.4,A1001,A0100,B0100,4072.2440190629345,-4992.286207487327,-4783.118977629151,199.9792575903768,MISS,Trajectory,0.0
218.4,A1002,A0100,B0100,4063.7808414424335,-5024.443608120833,-4860.248482206687,199.79590488595122,MISS,Trajectory,0.0
218.4,A2001,A0200,B0100,3580.3803068710727,-4824.688078547749,-5844.037298743643,199.95503738817882,MISS,Trajectory,0.0
218.4,A2002,A0200,B0100,3571.341006994724,-4816.5598783519345,-5800.313023753738,199.94567413755746,MISS,Trajectory,0.0
218.60000000000002,A1001,A0100,B0100,4072.2440190629345,-4992.286207487327,-4783.118977629151,199.9792575903768,MISS,Trajectory,0.0
218.60000000000002,A1002,A0100,B0100,4063.7808414424335,-5024.443608120833,-4860.248482206687,199.79590488595122,MISS,Trajectory,0.0
218.60000000000002,A2001,A0200,B0100,3580.3803068710727,-4824.688078547749,-5844.037298743643,199.95503738817882,MISS,Trajectory,0.0
218.60000000000002,A2002,A0200,B0100,3571.341006994724,-4816.5598783519345,-5800.313023753738,199.94567413755746,MISS,Trajectory,0.0
218.8,A1001,A0100,B0100,4072.2440190629345,-4992.286207487327,-4783.118977629151,199.9792575903768,MISS,Trajectory,0.0
218.8,A1002,A0100,B0100,4063.7808414424335,-5024.443608120833,-4860.248482206687,199.79590488595122,MISS,Trajectory,0.0
218.8,A2001,A0200,B0100,3580.3803068710727,-4824.688078547749,-5844.037298743643,199.95503738817882,MISS,Trajectory,0.0
218.8,A2002,A0200,B0100,3571.341006994724,-4816.5598783519345,-5800.313023753738,199.94567413755746,MISS,Trajectory,0.0
219.0,A1001,A0100,B0100,4072.2440190629345,-4992.286207487327,-4783.118977629151,199.9792575903768,MISS,Trajectory,0.0
219.0,A1002,A0100,B0100,4063.7808414424335,-5024.443608120833,-4860.248482206687,199.79590488595122,MISS,Trajectory,0.0
219.0,A2001,A0200,B0100,3580.3803068710727,-4824.688078547749,-5844.037298743643,199.95503738817882,MISS,Trajectory,0.0
219.0,A2002,A0200,B0100,3571.341006994724,-4816.5598783519345,-5800.313023753738,199.94567413755746,MISS,Trajectory,0.0
219.20000000000002,A1001,A0100,B0100,4072.2440190629345,-4992.286207487327,-4783.118977629151,199.9792575903768,MISS,Trajectory,0.0
219.20000000000002,A1002,A0100,B0100,4063.7808414424335,-5024.443608120833,-4860.248482206687,199.79590488595122,MISS,Trajectory,0.0
219.20000000000002,A2001,A0200,B0100,3580.3803068710727,-4824.688078547749,-5844.037298743643,199.95503738817882,MISS,Trajectory,0.0
219.20000000000002,A2002,A0200,B0100,3571.341006994724,-4816.5598783519345,-5800.313023753738,199.94567413755746,MISS,Trajectory,0.0
219.4,A1001,A0100,B0100,4072.2440190629345,-4992.286207487327,-4783.118977629151,199.9792575903768,MISS,Trajectory,0.0
219.4,A1002,A0100,B0100,4063.7808414424335,-5024.443608120833,-4860.248482206687,199.79590488595122,MISS,Trajectory,0.0
219.4,A2001,A0200,B0100,3580.3803068710727,-4824.688078547749,-5844.037298743643,199.95503738817882,MISS,Trajectory,0.0
219.4,A2002,A0200,B0100,3571.341006994724,-4816.5598783519345,-5800.313023753738,199.94567413755746,MISS,Trajectory,0.0
219.60000000000002,A1001,A0100,B0100,4072.2440190629345,-4992.286207487327,-4783.118977629151,199.9792575903768,MISS,Trajectory,0.0
219.60000000000002,A1002,A0100,B0100,4063.7808414424335,-5024.443608120833,-4860.248482206687,199.79590488595122,MISS,Trajectory,0.0
219.60000000000002,A2001,A0200,B0100,3580.3803068710727,-4824.688078547749,-5844.037298743643,199.95503738817882,MISS,Trajectory,0.0
219.60000000000002,A2002,A0200,B0100,3571.341006994724,-4816.5598783519345,-5800.313023753738,199.94567413755746,MISS,Trajectory,0.0
219.8,A1001,A0100,B0100,4072.2440190629345,-4992.286207487327,-4783.118977629151,199.9792575903768,MISS,Trajectory,0.0
219.8,A1002,A0100,B0100,4063.7808414424335,-5024.443608120833,-4860.248482206687,199.79590488595122,MISS,Trajectory,0.0
219.8,A2001,A0200,B0100,3580.3803068710727,-4824.688078547749,-5844.037298743643,199.95503738817882,MISS,Trajectory,0.0
219.8,A2002,A0200,B0100,3571.341006994724,-4816.5598783519345,-5800.313023753738,199.94567413755746,MISS,Trajectory,0.0
220.0,A1001,A0100,B0100,4072.2440190629345,-4992.286207487327,-4783.118977629151,199.9792575903768,MISS,Trajectory,0.0
220.0,A1002,A0100,B0100,4063.7808414424335,-5024.443608120833,-4860.248482206687,199.79590488595122,MISS,Trajectory,0.0
220.0,A2001,A0200,B0100,3580.3803068710727,-4824.688078547749,-5844.037298743643,199.95503738817882,MISS,Trajectory,0.0
220.0,A2002,A0200,B0100,3571.341006994724,-4816.5598783519345,-5800.313023753738,199.94567413755746,MISS,Trajectory,0.0
220.20000000000002,A1001,A0100,B0100,4072.2440190629345,-4992.286207487327,-4783.118977629151,199.9792575903768,MISS,Trajectory,0.0
220.20000000000002,A1002,A0100,B0100,4063.7808414424335,-5024.443608120833,-4860.248482206687,199.79590488595122,MISS,Trajectory,0.0
220.20000000000002,A2001,A0200,B0100,3580.3803068710727,-4824.688078547749,-5844.037298743643,199.95503738817882,MISS,Trajectory,0.0
220.20000000000002,A2002,A0200,B0100,3571.341006994724,-4816.5598783519345,-5800.313023753738,199.94567413755746,MISS,Trajectory,0.0
220.4,A1001,A0100,B0100,4072.2440190629345,-4992.286207487327,-4783.118977629151,199.9792575903768,MISS,Trajectory,0.0
220.4,A1002,A0100,B0100,4063.7808414424335,-5024.443608120833,-4860.248482206687,199.79590488595122,MISS,Trajectory,0.0
220.4,A2001,A0200,B0100,3580.3803068710727,-4824.688078547749,-5844.037298743643,199.95503738817882,MISS,Trajectory,0.0
220.4,A2002,A0200,B0100,3571.341006994724,-4816.5598783519345,-5800.313023753738,199.94567413755746,MISS,Trajectory,0.0
220.60000000000002,A1001,A0100,B0100,4072.2440190629345,-4992.286207487327,-4783.118977629151,199.9792575903768,MISS,Trajectory,0.0
220.60000000000002,A1002,A0100,B0100,4063.7808414424335,-5024.443608120833,-4860.248482206687,199.79590488595122,MISS,Trajectory,0.0
220.60000000000002,A2001,A0200,B0100,3580.3803068710727,-4824.688078547749,-5844.037298743643,199.95503738817882,MISS,Trajectory,0.0
220.60000000000002,A2002,A0200,B0100,3571.341006994724,-4816.5598783519345,-5800.313023753738,199.94567413755746,MISS,Trajectory,0.0
220.8,A1001,A0100,B0100,4072.2440190629345,-4992.286207487327,-4783.118977629151,199.9792575903768,MISS,Trajectory,0.0
220.8,A1002,A0100,B0100,4063.7808414424335,-5024.443608120833,-4860.248482206687,199.79590488595122,MISS,Trajectory,0.0
220.8,A2001,A0200,B0100,3580.3803068710727,-4824.688078547749,-5844.037298743643,199.95503738817882,MISS,Trajectory,0.0
220.8,A2002,A0200,B0100,3571.341006994724,-4816.5598783519345,-5800.313023753738,199.94567413755746,MISS,Trajectory,0.0
221.0,A1001,A0100,B0100,4072.2440190629345,-4992.286207487327,-4783.118977629151,199.9792575903768,MISS,Trajectory,0.0
221.0,A1002,A0100,B0100,4063.7808414424335,-5024.443608120833,-4860.248482206687,199.79590488595122,MISS,Trajectory,0.0
221.0,A2001,A0200,B0100,3580.3803068710727,-4824.688078547749,-5844.037298743643,199.95503738817882,MISS,Trajectory,0.0
221.0,A2002,A0200,B0100,3571.341006994724,-4816.5598783519345,-5800.313023753738,199.94567413755746,MISS,Trajectory,0.0
221.20000000000002,A1001,A0100,B0100,4072.2440190629345,-4992.286207487327,-4783.118977629151,199.9792575903768,MISS,Trajectory,0.0
221.20000000000002,A1002,A0100,B0100,4063.7808414424335,-5024.443608120833,-4860.248482206687,199.79590488595122,MISS,Trajectory,0.0
221.20000000000002,A2001,A0200,B0100,3580.3803068710727,-4824.688078547749,-5844.037298743643,199.95503738817882,MISS,Trajectory,0.0
221.20000000000002,A2002,A0200,B0100,3571.341006994724,-4816.5598783519345,-5800.313023753738,199.94567413755746,MISS,Trajectory,0.0
221.4,A1001,A0100,B0100,4072.2440190629345,-4992.286207487327,-4783.118977629151,199.9792575903768,MISS,Trajectory,0.0
221.4,A1002,A0100,B0100,4063.7808414424335,-5024.443608120833,-4860.248482206687,199.79590488595122,MISS,Trajectory,0.0
221.4,A2001,A0200,B0100,3580.3803068710727,-4824.688078547749,-5844.037298743643,199.95503738817882,MISS,Trajectory,0.0
221.4,A2002,A0200,B0100,3571.341006994724,-4816.5598783519345,-5800.313023753738,199.94567413755746,MISS,Trajectory,0.0
221.60000000000002,A1001,A0100,B0100,4072.2440190629345,-4992.286207487327,-4783.118977629151,199.9792575903768,MISS,Trajectory,0.0
221.60000000000002,A1002,A0100,B0100,4063.7808414424335,-5024.443608120833,-4860.248482206687,199.79590488595122,MISS,Trajectory,0.0
221.60000000000002,A2001,A0200,B0100,3580.3803068710727,-4824.688078547749,-5844.037298743643,199.95503738817882,MISS,Trajectory,0.0
221.60000000000002,A2002,A0200,B0100,3571.341006994724,-4816.5598783519345,-5800.313023753738,199.94567413755746,MISS,Trajectory,0.0
221.8,A1001,A0100,B0100,4072.2440190629345,-4992.286207487327,-4783.118977629151,199.9792575903768,MISS,Trajectory,0.0
221.8,A1002,A0100,B0100,4063.7808414424335,-5024.443608120833,-4860.248482206687,199.79590488595122,MISS,Trajectory,0.0
221.8,A2001,A0200,B0100,3580.3803068710727,-4824.688078547749,-5844.037298743643,199.95503738817882,MISS,Trajectory,0.0
221.8,A2002,A0200,B0100,3571.341006994724,-4816.5598783519345,-5800.313023753738,199.94567413755746,MISS,Trajectory,0.0
222.0,A1001,A0100,B0100,4072.2440190629345,-4992.286207487327,-4783.118977629151,199.9792575903768,MISS,Trajectory,0.0
222.0,A1002,A0100,B0100,4063.7808414424335,-5024.443608120833,-4860.248482206687,199.79590488595122,MISS,Trajectory,0.0
222.0,A2001,A0200,B0100,3580.3803068710727,-4824.688078547749,-5844.037298743643,199.95503738817882,MISS,Trajectory,0.0
222.0,A2002,A0200,B0100,3571.341006994724,-4816.5598783519345,-5800.313023753738,199.94567413755746,MISS,Trajectory,0.0
222.20000000000002,A1001,A0100,B0100,4072.2440190629345,-4992.286207487327,-4783.118977629151,199.9792575903768,MISS,Trajectory,0.0
222.20000000000002,A1002,A0100,B0100,4063.7808414424335,-5024.443608120833,-4860.248482206687,199.79590488595122,MISS,Trajectory,0.0
222.20000000000002,A2001,A0200,B0100,3580.3803068710727,-4824.688078547749,-5844.037298743643,199.95503738817882,MISS,Trajectory,0.0
222.20000000000002,A2002,A0200,B0100,3571.341006994724,-4816.5598783519345,-5800.313023753738,199.94567413755746,MISS,Trajectory,0.0
222.4,A1001,A0100,B0100,4072.2440190629345,-4992.286207487327,-4783.118977629151,199.9792575903768,MISS,Trajectory,0.0
222.4,A1002,A0100,B0100,4063.7808414424335,-5024.443608120833,-4860.248482206687,199.79590488595122,MISS,Trajectory,0.0
222.4,A2001,A0200,B0100,3580.3803068710727,-4824.688078547749,-5844.037298743643,199.95503738817882,MISS,Trajectory,0.0
222.4,A2002,A0200,B0100,3571.341006994724,-4816.5598783519345,-5800.313023753738,199.94567413755746,MISS,Trajectory,0.0
222.60000000000002,A1001,A0100,B0100,4072.2440190629345,-4992.286207487327,-4783.118977629151,199.9792575903768,MISS,Trajectory,0.0
222.60000000000002,A1002,A0100,B0100,4063.7808414424335,-5024.443608120833,-4860.248482206687,199.79590488595122,MISS,Trajectory,0.0
222.60000000000002,A2001,A0200,B0100,3580.3803068710727,-4824.688078547749,-5844.037298743643,199.95503738817882,MISS,Trajectory,0.0
222.60000000000002,A2002,A0200,B0100,3571.341006994724,-4816.5598783519345,-5800.313023753738,199.94567413755746,MISS,Trajectory,0.0
222.8,A1001,A0100,B0100,4072.2440190629345,-4992.286207487327,-4783.118977629151,199.9792575903768,MISS,Trajectory,0.0
222.8,A1002,A0100,B0100,4063.7808414424335,-5024.443608120833,-4860.248482206687,199.79590488595122,MISS,Trajectory,0.0
222.8,A2001,A0200,B0100,3580.3803068710727,-4824.688078547749,-5844.037298743643,199.95503738817882,MISS,Trajectory,0.0
222.8,A2002,A0200,B0100,3571.341006994724,-4816.5598783519345,-5800.313023753738,199.94567413755746,MISS,Trajectory,0.0
223.0,A1001,A0100,B0100,4072.2440190629345,-4992.286207487327,-4783.118977629151,199.9792575903768,MISS,Trajectory,0.0
223.0,A1002,A0100,B0100,4063.7808414424335,-5024.443608120833,-4860.248482206687,199.79590488595122,MISS,Trajectory,0.0
223.0,A2001,A0200,B0100,3580.3803068710727,-4824.688078547749,-5844.037298743643,199.95503738817882,MISS,Trajectory,0.0
223.0,A2002,A0200,B0100,3571.341006994724,-4816.5598783519345,-5800.313023753738,199.94567413755746,MISS,Trajectory,0.0
223.20000000000002,A1001,A0100,B0100,4072.2440190629345,-4992.286207487327,-4783.118977629151,199.9792575903768,MISS,Trajectory,0.0
223.20000000000002,A1002,A0100,B0100,4063.7808414424335,-5024.443608120833,-4860.248482206687,199.79590488595122,MISS,Trajectory,0.0
223.20000000000002,A2001,A0200,B0100,3580.3803068710727,-4824.688078547749,-5844.037298743643,199.95503738817882,MISS,Trajectory,0.0
223.20000000000002,A2002,A0200,B0100,3571.341006994724,-4816.5598783519345,-5800.313023753738,199.94567413755746,MISS,Trajectory,0.0
223.4,A1001,A0100,B0100,4072.2440190629345,-4992.286207487327,-4783.118977629151,199.9792575903768,MISS,Trajectory,0.0
223.4,A1002,A0100,B0100,4063.7808414424335,-5024.443608120833,-4860.248482206687,199.79590488595122,MISS,Trajectory,0.0
223.4,A2001,A0200,B0100,3580.3803068710727,-4824.688078547749,-5844.037298743643,199.95503738817882,MISS,Trajectory,0.0
223.4,A2002,A0200,B0100,3571.341006994724,-4816.5598783519345,-5800.313023753738,199.94567413755746,MISS,Trajectory,0.0
223.60000000000002,A1001,A0100,B0100,4072.2440190629345,-4992.286207487327,-4783.118977629151,199.9792575903768,MISS,Trajectory,0.0
223.60000000000002,A1002,A0100,B0100,4063.7808414424335,-5024.443608120833,-4860.248482206687,199.79590488595122,MISS,Trajectory,0.0
223.60000000000002,A2001,A0200,B0100,3580.3803068710727,-4824.688078547749,-5844.037298743643,199.95503738817882,MISS,Trajectory,0.0
223.60000000000002,A2002,A0200,B0100,3571.341006994724,-4816.5598783519345,-5800.313023753738,199.94567413755746,MISS,Trajectory,0.0
223.8,A1001,A0100,B0100,4072.2440190629345,-4992.286207487327,-4783.118977629151,199.9792575903768,MISS,Trajectory,0.0
223.8,A1002,A0100,B0100,4063.7808414424335,-5024.443608120833,-4860.248482206687,199.79590488595122,MISS,Trajectory,0.0
223.8,A2001,A0200,B0100,3580.3803068710727,-4824.688078547749,-5844.037298743643,199.95503738817882,MISS,Trajectory,0.0
223.8,A2002,A0200,B0100,3571.341006994724,-4816.5598783519345,-5800.313023753738,199.94567413755746,MISS,Trajectory,0.0
224.0,A1001,A0100,B0100,4072.2440190629345,-4992.286207487327,-4783.118977629151,199.9792575903768,MISS,Trajectory,0.0
224.0,A1002,A0100,B0100,4063.7808414424335,-5024.443608120833,-4860.248482206687,199.79590488595122,MISS,Trajectory,0.0
224.0,A2001,A0200,B0100,3580.3803068710727,-4824.688078547749,-5844.037298743643,199.95503738817882,MISS,Trajectory,0.0
224.0,A2002,A0200,B0100,3571.341006994724,-4816.5598783519345,-5800.313023753738,199.94567413755746,MISS,Trajectory,0.0
224.20000000000002,A1001,A0100,B0100,4072.2440190629345,-4992.286207487327,-4783.118977629151,199.9792575903768,MISS,Trajectory,0.0
224.20000000000002,A1002,A0100,B0100,4063.7808414424335,-5024.443608120833,-4860.248482206687,199.79590488595122,MISS,Trajectory,0.0
224.20000000000002,A2001,A0200,B0100,3580.3803068710727,-4824.688078547749,-5844.037298743643,199.95503738817882,MISS,Trajectory,0.0
224.20000000000002,A2002,A0200,B0100,3571.341006994724,-4816.5598783519345,-5800.313023753738,199.94567413755746,MISS,Trajectory,0.0
224.4,A1001,A0100,B0100,4072.2440190629345,-4992.286207487327,-4783.118977629151,199.9792575903768,MISS,Trajectory,0.0
224.4,A1002,A0100,B0100,4063.7808414424335,-5024.443608120833,-4860.248482206687,199.79590488595122,MISS,Trajectory,0.0
224.4,A2001,A0200,B0100,3580.3803068710727,-4824.688078547749,-5844.037298743643,199.95503738817882,MISS,Trajectory,0.0
224.4,A2002,A0200,B0100,3571.341006994724,-4816.5598783519345,-5800.313023753738,199.94567413755746,MISS,Trajectory,0.0
224.60000000000002,A1001,A0100,B0100,4072.2440190629345,-4992.286207487327,-4783.118977629151,199.9792575903768,MISS,Trajectory,0.0
224.60000000000002,A1002,A0100,B0100,4063.7808414424335,-5024.443608120833,-4860.248482206687,199.79590488595122,MISS,Trajectory,0.0
224.60000000000002,A2001,A0200,B0100,3580.3803068710727,-4824.688078547749,-5844.037298743643,199.95503738817882,MISS,Trajectory,0.0
224.60000000000002,A2002,A0200,B0100,3571.341006994724,-4816.5598783519345,-5800.313023753738,199.94567413755746,MISS,Trajectory,0.0
224.8,A1001,A0100,B0100,4072.2440190629345,-4992.286207487327,-4783.118977629151,199.9792575903768,MISS,Trajectory,0.0
224.8,A1002,A0100,B0100,4063.7808414424335,-5024.443608120833,-4860.248482206687,199.79590488595122,MISS,Trajectory,0.0
224.8,A2001,A0200,B0100,3580.3803068710727,-4824.688078547749,-5844.037298743643,199.95503738817882,MISS,Trajectory,0.0
224.8,A2002,A0200,B0100,3571.341006994724,-4816.5598783519345,-5800.313023753738,199.94567413755746,MISS,Trajectory,0.0
225.0,A1001,A0100,B0100,4072.2440190629345,-4992.286207487327,-4783.118977629151,199.9792575903768,MISS,Trajectory,0.0
225.0,A1002,A0100,B0100,4063.7808414424335,-5024.443608120833,-4860.248482206687,199.79590488595122,MISS,Trajectory,0.0
225.0,A2001,A0200,B0100,3580.3803068710727,-4824.688078547749,-5844.037298743643,199.95503738817882,MISS,Trajectory,0.0
225.0,A2002,A0200,B0100,3571.341006994724,-4816.5598783519345,-5800.313023753738,199.94567413755746,MISS,Trajectory,0.0
225.20000000000002,A1001,A0100,B0100,4072.2440190629345,-4992.286207487327,-4783.118977629151,199.9792575903768,MISS,Trajectory,0.0
225.20000000000002,A1002,A0100,B0100,4063.7808414424335,-5024.443608120833,-4860.248482206687,199.79590488595122,MISS,Trajectory,0.0
225.20000000000002,A2001,A0200,B0100,3580.3803068710727,-4824.688078547749,-5844.037298743643,199.95503738817882,MISS,Trajectory,0.0
225.20000000000002,A2002,A0200,B0100,3571.341006994724,-4816.5598783519345,-5800.313023753738,199.94567413755746,MISS,Trajectory,0.0
225.4,A1001,A0100,B0100,4072.2440190629345,-4992.286207487327,-4783.118977629151,199.9792575903768,MISS,Trajectory,0.0
225.4,A1002,A0100,B0100,4063.7808414424335,-5024.443608120833,-4860.248482206687,199.79590488595122,MISS,Trajectory,0.0
225.4,A2001,A0200,B0100,3580.3803068710727,-4824.688078547749,-5844.037298743643,199.95503738817882,MISS,Trajectory,0.0
225.4,A2002,A0200,B0100,3571.341006994724,-4816.5598783519345,-5800.313023753738,199.94567413755746,MISS,Trajectory,0.0
225.60000000000002,A1001,A0100,B0100,4072.2440190629345,-4992.286207487327,-4783.118977629151,199.9792575903768,MISS,Trajectory,0.0
225.60000000000002,A1002,A0100,B0100,4063.7808414424335,-5024.443608120833,-4860.248482206687,199.79590488595122,MISS,Trajectory,0.0
225.60000000000002,A2001,A0200,B0100,3580.3803068710727,-4824.688078547749,-5844.037298743643,199.95503738817882,MISS,Trajectory,0.0
225.60000000000002,A2002,A0200,B0100,3571.341006994724,-4816.5598783519345,-5800.313023753738,199.94567413755746,MISS,Trajectory,0.0
225.8,A1001,A0100,B0100,4072.2440190629345,-4992.286207487327,-4783.118977629151,199.9792575903768,MISS,Trajectory,0.0
225.8,A1002,A0100,B0100,4063.7808414424335,-5024.443608120833,-4860.248482206687,199.79590488595122,MISS,Trajectory,0.0
225.8,A2001,A0200,B0100,3580.3803068710727,-4824.688078547749,-5844.037298743643,199.95503738817882,MISS,Trajectory,0.0
225.8,A2002,A0200,B0100,3571.341006994724,-4816.5598783519345,-5800.313023753738,199.94567413755746,MISS,Trajectory,0.0
226.0,A1001,A0100,B0100,4072.2440190629345,-4992.286207487327,-4783.118977629151,199.9792575903768,MISS,Trajectory,0.0
226.0,A1002,A0100,B0100,4063.7808414424335,-5024.443608120833,-4860.248482206687,199.79590488595122,MISS,Trajectory,0.0
226.0,A2001,A0200,B0100,3580.3803068710727,-4824.688078547749,-5844.037298743643,199.95503738817882,MISS,Trajectory,0.0
226.0,A2002,A0200,B0100,3571.341006994724,-4816.5598783519345,-5800.313023753738,199.94567413755746,MISS,Trajectory,0.0
226.20000000000002,A1001,A0100,B0100,4072.2440190629345,-4992.286207487327,-4783.118977629151,199.9792575903768,MISS,Trajectory,0.0
226.20000000000002,A1002,A0100,B0100,4063.7808414424335,-5024.443608120833,-4860.248482206687,199.79590488595122,MISS,Trajectory,0.0
226.20000000000002,A2001,A0200,B0100,3580.3803068710727,-4824.688078547749,-5844.037298743643,199.95503738817882,MISS,Trajectory,0.0
226.20000000000002,A2002,A0200,B0100,3571.341006994724,-4816.5598783519345,-5800.313023753738,199.94567413755746,MISS,Trajectory,0.0
226.4,A1001,A0100,B0100,4072.2440190629345,-4992.286207487327,-4783.118977629151,199.9792575903768,MISS,Trajectory,0.0
226.4,A1002,A0100,B0100,4063.7808414424335,-5024.443608120833,-4860.248482206687,199.79590488595122,MISS,Trajectory,0.0
226.4,A2001,A0200,B0100,3580.3803068710727,-4824.688078547749,-5844.037298743643,199.95503738817882,MISS,Trajectory,0.0
226.4,A2002,A0200,B0100,3571.341006994724,-4816.5598783519345,-5800.313023753738,199.94567413755746,MISS,Trajectory,0.0
226.60000000000002,A1001,A0100,B0100,4072.2440190629345,-4992.286207487327,-4783.118977629151,199.9792575903768,MISS,Trajectory,0.0
226.60000000000002,A1002,A0100,B0100,4063.7808414424335,-5024.443608120833,-4860.248482206687,199.79590488595122,MISS,Trajectory,0.0
226.60000000000002,A2001,A0200,B0100,3580.3803068710727,-4824.688078547749,-5844.037298743643,199.95503738817882,MISS,Trajectory,0.0
226.60000000000002,A2002,A0200,B0100,3571.341006994724,-4816.5598783519345,-5800.313023753738,199.94567413755746,MISS,Trajectory,0.0
226.8,A1001,A0100,B0100,4072.2440190629345,-4992.286207487327,-4783.118977629151,199.9792575903768,MISS,Trajectory,0.0
226.8,A1002,A0100,B0100,4063.7808414424335,-5024.443608120833,-4860.248482206687,199.79590488595122,MISS,Trajectory,0.0
226.8,A2001,A0200,B0100,3580.3803068710727,-4824.688078547749,-5844.037298743643,199.95503738817882,MISS,Trajectory,0.0
226.8,A2002,A0200,B0100,3571.341006994724,-4816.5598783519345,-5800.313023753738,199.94567413755746,MISS,Trajectory,0.0
227.0,A1001,A0100,B0100,4072.2440190629345,-4992.286207487327,-4783.118977629151,199.9792575903768,MISS,Trajectory,0.0
227.0,A1002,A0100,B0100,4063.7808414424335,-5024.443608120833,-4860.248482206687,199.79590488595122,MISS,Trajectory,0.0
227.0,A2001,A0200,B0100,3580.3803068710727,-4824.688078547749,-5844.037298743643,199.95503738817882,MISS,Trajectory,0.0
227.0,A2002,A0200,B0100,3571.341006994724,-4816.5598783519345,-5800.313023753738,199.94567413755746,MISS,Trajectory,0.0
227.20000000000002,A1001,A0100,B0100,4072.2440190629345,-4992.286207487327,-4783.118977629151,199.9792575903768,MISS,Trajectory,0.0
227.20000000000002,A1002,A0100,B0100,4063.7808414424335,-5024.443608120833,-4860.248482206687,199.79590488595122,MISS,Trajectory,0.0
227.20000000000002,A2001,A0200,B0100,3580.3803068710727,-4824.688078547749,-5844.037298743643,199.95503738817882,MISS,Trajectory,0.0
227.20000000000002,A2002,A0200,B0100,3571.341006994724,-4816.5598783519345,-5800.313023753738,199.94567413755746,MISS,Trajectory,0.0
227.4,A1001,A0100,B0100,4072.2440190629345,-4992.286207487327,-4783.118977629151,199.9792575903768,MISS,Trajectory,0.0
227.4,A1002,A0100,B0100,4063.7808414424335,-5024.443608120833,-4860.248482206687,199.79590488595122,MISS,Trajectory,0.0
227.4,A2001,A0200,B0100,3580.3803068710727,-4824.688078547749,-5844.037298743643,199.95503738817882,MISS,Trajectory,0.0
227.4,A2002,A0200,B0100,3571.341006994724,-4816.5598783519345,-5800.313023753738,199.94567413755746,MISS,Trajectory,0.0
227.60000000000002,A1001,A0100,B0100,4072.2440190629345,-4992.286207487327,-4783.118977629151,199.9792575903768,MISS,Trajectory,0.0
227.60000000000002,A1002,A0100,B0100,4063.7808414424335,-5024.443608120833,-4860.248482206687,199.79590488595122,MISS,Trajectory,0.0
227.60000000000002,A2001,A0200,B0100,3580.3803068710727,-4824.688078547749,-5844.037298743643,199.95503738817882,MISS,Trajectory,0.0
227.60000000000002,A2002,A0200,B0100,3571.341006994724,-4816.5598783519345,-5800.313023753738,199.94567413755746,MISS,Trajectory,0.0
227.8,A1001,A0100,B0100,4072.2440190629345,-4992.286207487327,-4783.118977629151,199.9792575903768,MISS,Trajectory,0.0
227.8,A1002,A0100,B0100,4063.7808414424335,-5024.443608120833,-4860.248482206687,199.79590488595122,MISS,Trajectory,0.0
227.8,A2001,A0200,B0100,3580.3803068710727,-4824.688078547749,-5844.037298743643,199.95503738817882,MISS,Trajectory,0.0
227.8,A2002,A0200,B0100,3571.341006994724,-4816.5598783519345,-5800.313023753738,199.94567413755746,MISS,Trajectory,0.0
228.0,A1001,A0100,B0100,4072.2440190629345,-4992.286207487327,-4783.118977629151,199.9792575903768,MISS,Trajectory,0.0
228.0,A1002,A0100,B0100,4063.7808414424335,-5024.443608120833,-4860.248482206687,199.79590488595122,MISS,Trajectory,0.0
228.0,A2001,A0200,B0100,3580.3803068710727,-4824.688078547749,-5844.037298743643,199.95503738817882,MISS,Trajectory,0.0
228.0,A2002,A0200,B0100,3571.341006994724,-4816.5598783519345,-5800.313023753738,199.94567413755746,MISS,Trajectory,0.0
228.20000000000002,A1001,A0100,B0100,4072.2440190629345,-4992.286207487327,-4783.118977629151,199.9792575903768,MISS,Trajectory,0.0
228.20000000000002,A1002,A0100,B0100,4063.7808414424335,-5024.443608120833,-4860.248482206687,199.79590488595122,MISS,Trajectory,0.0
228.20000000000002,A2001,A0200,B0100,3580.3803068710727,-4824.688078547749,-5844.037298743643,199.95503738817882,MISS,Trajectory,0.0
228.20000000000002,A2002,A0200,B0100,3571.341006994724,-4816.5598783519345,-5800.313023753738,199.94567413755746,MISS,Trajectory,0.0
228.4,A1001,A0100,B0100,4072.2440190629345,-4992.286207487327,-4783.118977629151,199.9792575903768,MISS,Trajectory,0.0
228.4,A1002,A0100,B0100,4063.7808414424335,-5024.443608120833,-4860.248482206687,199.79590488595122,MISS,Trajectory,0.0
228.4,A2001,A0200,B0100,3580.3803068710727,-4824.688078547749,-5844.037298743643,199.95503738817882,MISS,Trajectory,0.0
228.4,A2002,A0200,B0100,3571.341006994724,-4816.5598783519345,-5800.313023753738,199.94567413755746,MISS,Trajectory,0.0
228.60000000000002,A1001,A0100,B0100,4072.2440190629345,-4992.286207487327,-4783.118977629151,199.9792575903768,MISS,Trajectory,0.0
228.60000000000002,A1002,A0100,B0100,4063.7808414424335,-5024.443608120833,-4860.248482206687,199.79590488595122,MISS,Trajectory,0.0
228.60000000000002,A2001,A0200,B0100,3580.3803068710727,-4824.688078547749,-5844.037298743643,199.95503738817882,MISS,Trajectory,0.0
228.60000000000002,A2002,A0200,B0100,3571.341006994724,-4816.5598783519345,-5800.313023753738,199.94567413755746,MISS,Trajectory,0.0
228.8,A1001,A0100,B0100,4072.2440190629345,-4992.286207487327,-4783.118977629151,199.9792575903768,MISS,Trajectory,0.0
228.8,A1002,A0100,B0100,4063.7808414424335,-5024.443608120833,-4860.248482206687,199.79590488595122,MISS,Trajectory,0.0
228.8,A2001,A0200,B0100,3580.3803068710727,-4824.688078547749,-5844.037298743643,199.95503738817882,MISS,Trajectory,0.0
228.8,A2002,A0200,B0100,3571.341006994724,-4816.5598783519345,-5800.313023753738,199.94567413755746,MISS,Trajectory,0.0
229.0,A1001,A0100,B0100,4072.2440190629345,-4992.286207487327,-4783.118977629151,199.9792575903768,MISS,Trajectory,0.0
229.0,A1002,A0100,B0100,4063.7808414424335,-5024.443608120833,-4860.248482206687,199.79590488595122,MISS,Trajectory,0.0
229.0,A2001,A0200,B0100,3580.3803068710727,-4824.688078547749,-5844.037298743643,199.95503738817882,MISS,Trajectory,0.0
229.0,A2002,A0200,B0100,3571.341006994724,-4816.5598783519345,-5800.313023753738,199.94567413755746,MISS,Trajectory,0.0
229.20000000000002,A1001,A0100,B0100,4072.2440190629345,-4992.286207487327,-4783.118977629151,199.9792575903768,MISS,Trajectory,0.0
229.20000000000002,A1002,A0100,B0100,4063.7808414424335,-5024.443608120833,-4860.248482206687,199.79590488595122,MISS,Trajectory,0.0
229.20000000000002,A2001,A0200,B0100,3580.3803068710727,-4824.688078547749,-5844.037298743643,199.95503738817882,MISS,Trajectory,0.0
229.20000000000002,A2002,A0200,B0100,3571.341006994724,-4816.5598783519345,-5800.313023753738,199.94567413755746,MISS,Trajectory,0.0
229.4,A1001,A0100,B0100,4072.2440190629345,-4992.286207487327,-4783.118977629151,199.9792575903768,MISS,Trajectory,0.0
229.4,A1002,A0100,B0100,4063.7808414424335,-5024.443608120833,-4860.248482206687,199.79590488595122,MISS,Trajectory,0.0
229.4,A2001,A0200,B0100,3580.3803068710727,-4824.688078547749,-5844.037298743643,199.95503738817882,MISS,Trajectory,0.0
229.4,A2002,A0200,B0100,3571.341006994724,-4816.5598783519345,-5800.313023753738,199.94567413755746,MISS,Trajectory,0.0
229.60000000000002,A1001,A0100,B0100,4072.2440190629345,-4992.286207487327,-4783.118977629151,199.9792575903768,MISS,Trajectory,0.0
229.60000000000002,A1002,A0100,B0100,4063.7808414424335,-5024.443608120833,-4860.248482206687,199.79590488595122,MISS,Trajectory,0.0
229.60000000000002,A2001,A0200,B0100,3580.3803068710727,-4824.688078547749,-5844.037298743643,199.95503738817882,MISS,Trajectory,0.0
229.60000000000002,A2002,A0200,B0100,3571.341006994724,-4816.5598783519345,-5800.313023753738,199.94567413755746,MISS,Trajectory,0.0
229.8,A1001,A0100,B0100,4072.2440190629345,-4992.286207487327,-4783.118977629151,199.9792575903768,MISS,Trajectory,0.0
229.8,A1002,A0100,B0100,4063.7808414424335,-5024.443608120833,-4860.248482206687,199.79590488595122,MISS,Trajectory,0.0
229.8,A2001,A0200,B0100,3580.3803068710727,-4824.688078547749,-5844.037298743643,199.95503738817882,MISS,Trajectory,0.0
229.8,A2002,A0200,B0100,3571.341006994724,-4816.5598783519345,-5800.313023753738,199.94567413755746,MISS,Trajectory,0.0
230.0,A1001,A0100,B0100,4072.2440190629345,-4992.286207487327,-4783.118977629151,199.9792575903768,MISS,Trajectory,0.0
230.0,A1002,A0100,B0100,4063.7808414424335,-5024.443608120833,-4860.248482206687,199.79590488595122,MISS,Trajectory,0.0
230.0,A2001,A0200,B0100,3580.3803068710727,-4824.688078547749,-5844.037298743643,199.95503738817882,MISS,Trajectory,0.0
230.0,A2002,A0200,B0100,3571.341006994724,-4816.5598783519345,-5800.313023753738,199.94567413755746,MISS,Trajectory,0.0
230.20000000000002,A1001,A0100,B0100,4072.2440190629345,-4992.286207487327,-4783.118977629151,199.9792575903768,MISS,Trajectory,0.0
230.20000000000002,A1002,A0100,B0100,4063.7808414424335,-5024.443608120833,-4860.248482206687,199.79590488595122,MISS,Trajectory,0.0
230.20000000000002,A2001,A0200,B0100,3580.3803068710727,-4824.688078547749,-5844.037298743643,199.95503738817882,MISS,Trajectory,0.0
230.20000000000002,A2002,A0200,B0100,3571.341006994724,-4816.5598783519345,-5800.313023753738,199.94567413755746,MISS,Trajectory,0.0
230.4,A1001,A0100,B0100,4072.2440190629345,-4992.286207487327,-4783.118977629151,199.9792575903768,MISS,Trajectory,0.0
230.4,A1002,A0100,B0100,4063.7808414424335,-5024.443608120833,-4860.248482206687,199.79590488595122,MISS,Trajectory,0.0
230.4,A2001,A0200,B0100,3580.3803068710727,-4824.688078547749,-5844.037298743643,199.95503738817882,MISS,Trajectory,0.0
230.4,A2002,A0200,B0100,3571.341006994724,-4816.5598783519345,-5800.313023753738,199.94567413755746,MISS,Trajectory,0.0
230.60000000000002,A1001,A0100,B0100,4072.2440190629345,-4992.286207487327,-4783.118977629151,199.9792575903768,MISS,Trajectory,0.0
230.60000000000002,A1002,A0100,B0100,4063.7808414424335,-5024.443608120833,-4860.248482206687,199.79590488595122,MISS,Trajectory,0.0
230.60000000000002,A2001,A0200,B0100,3580.3803068710727,-4824.688078547749,-5844.037298743643,199.95503738817882,MISS,Trajectory,0.0
230.60000000000002,A2002,A0200,B0100,3571.341006994724,-4816.5598783519345,-5800.313023753738,199.94567413755746,MISS,Trajectory,0.0
230.8,A1001,A0100,B0100,4072.2440190629345,-4992.286207487327,-4783.118977629151,199.9792575903768,MISS,Trajectory,0.0
230.8,A1002,A0100,B0100,4063.7808414424335,-5024.443608120833,-4860.248482206687,199.79590488595122,MISS,Trajectory,0.0
230.8,A2001,A0200,B0100,3580.3803068710727,-4824.688078547749,-5844.037298743643,199.95503738817882,MISS,Trajectory,0.0
230.8,A2002,A0200,B0100,3571.341006994724,-4816.5598783519345,-5800.313023753738,199.94567413755746,MISS,Trajectory,0.0
231.0,A1001,A0100,B0100,4072.2440190629345,-4992.286207487327,-4783.118977629151,199.9792575903768,MISS,Trajectory,0.0
231.0,A1002,A0100,B0100,4063.7808414424335,-5024.443608120833,-4860.248482206687,199.79590488595122,MISS,Trajectory,0.0
231.0,A2001,A0200,B0100,3580.3803068710727,-4824.688078547749,-5844.037298743643,199.95503738817882,MISS,Trajectory,0.0
231.0,A2002,A0200,B0100,3571.341006994724,-4816.5598783519345,-5800.313023753738,199.94567413755746,MISS,Trajectory,0.0
231.20000000000002,A1001,A0100,B0100,4072.2440190629345,-4992.286207487327,-4783.118977629151,199.9792575903768,MISS,Trajectory,0.0
231.20000000000002,A1002,A0100,B0100,4063.7808414424335,-5024.443608120833,-4860.248482206687,199.79590488595122,MISS,Trajectory,0.0
231.20000000000002,A2001,A0200,B0100,3580.3803068710727,-4824.688078547749,-5844.037298743643,199.95503738817882,MISS,Trajectory,0.0
231.20000000000002,A2002,A0200,B0100,3571.341006994724,-4816.5598783519345,-5800.313023753738,199.94567413755746,MISS,Trajectory,0.0
231.4,A1001,A0100,B0100,4072.2440190629345,-4992.286207487327,-4783.118977629151,199.9792575903768,MISS,Trajectory,0.0
231.4,A1002,A0100,B0100,4063.7808414424335,-5024.443608120833,-4860.248482206687,199.79590488595122,MISS,Trajectory,0.0
231.4,A2001,A0200,B0100,3580.3803068710727,-4824.688078547749,-5844.037298743643,199.95503738817882,MISS,Trajectory,0.0
231.4,A2002,A0200,B0100,3571.341006994724,-4816.5598783519345,-5800.313023753738,199.94567413755746,MISS,Trajectory,0.0
231.60000000000002,A1001,A0100,B0100,4072.2440190629345,-4992.286207487327,-4783.118977629151,199.9792575903768,MISS,Trajectory,0.0
231.60000000000002,A1002,A0100,B0100,4063.7808414424335,-5024.443608120833,-4860.248482206687,199.79590488595122,MISS,Trajectory,0.0
231.60000000000002,A2001,A0200,B0100,3580.3803068710727,-4824.688078547749,-5844.037298743643,199.95503738817882,MISS,Trajectory,0.0
231.60000000000002,A2002,A0200,B0100,3571.341006994724,-4816.5598783519345,-5800.313023753738,199.94567413755746,MISS,Trajectory,0.0
231.8,A1001,A0100,B0100,4072.2440190629345,-4992.286207487327,-4783.118977629151,199.9792575903768,MISS,Trajectory,0.0
231.8,A1002,A0100,B0100,4063.7808414424335,-5024.443608120833,-4860.248482206687,199.79590488595122,MISS,Trajectory,0.0
231.8,A2001,A0200,B0100,3580.3803068710727,-4824.688078547749,-5844.037298743643,199.95503738817882,MISS,Trajectory,0.0
231.8,A2002,A0200,B0100,3571.341006994724,-4816.5598783519345,-5800.313023753738,199.94567413755746,MISS,Trajectory,0.0
232.0,A1001,A0100,B0100,4072.2440190629345,-4992.286207487327,-4783.118977629151,199.9792575903768,MISS,Trajectory,0.0
232.0,A1002,A0100,B0100,4063.7808414424335,-5024.443608120833,-4860.248482206687,199.79590488595122,MISS,Trajectory,0.0
232.0,A2001,A0200,B0100,3580.3803068710727,-4824.688078547749,-5844.037298743643,199.95503738817882,MISS,Trajectory,0.0
232.0,A2002,A0200,B0100,3571.341006994724,-4816.5598783519345,-5800.313023753738,199.94567413755746,MISS,Trajectory,0.0
232.20000000000002,A1001,A0100,B0100,4072.2440190629345,-4992.286207487327,-4783.118977629151,199.9792575903768,MISS,Trajectory,0.0
232.20000000000002,A1002,A0100,B0100,4063.7808414424335,-5024.443608120833,-4860.248482206687,199.79590488595122,MISS,Trajectory,0.0
232.20000000000002,A2001,A0200,B0100,3580.3803068710727,-4824.688078547749,-5844.037298743643,199.95503738817882,MISS,Trajectory,0.0
232.20000000000002,A2002,A0200,B0100,3571.341006994724,-4816.5598783519345,-5800.313023753738,199.94567413755746,MISS,Trajectory,0.0
232.4,A1001,A0100,B0100,4072.2440190629345,-4992.286207487327,-4783.118977629151,199.9792575903768,MISS,Trajectory,0.0
232.4,A1002,A0100,B0100,4063.7808414424335,-5024.443608120833,-4860.248482206687,199.79590488595122,MISS,Trajectory,0.0
232.4,A2001,A0200,B0100,3580.3803068710727,-4824.688078547749,-5844.037298743643,199.95503738817882,MISS,Trajectory,0.0
232.4,A2002,A0200,B0100,3571.341006994724,-4816.5598783519345,-5800.313023753738,199.94567413755746,MISS,Trajectory,0.0
232.60000000000002,A1001,A0100,B0100,4072.2440190629345,-4992.286207487327,-4783.118977629151,199.9792575903768,MISS,Trajectory,0.0
232.60000000000002,A1002,A0100,B0100,4063.7808414424335,-5024.443608120833,-4860.248482206687,199.79590488595122,MISS,Trajectory,0.0
232.60000000000002,A2001,A0200,B0100,3580.3803068710727,-4824.688078547749,-5844.037298743643,199.95503738817882,MISS,Trajectory,0.0
232.60000000000002,A2002,A0200,B0100,3571.341006994724,-4816.5598783519345,-5800.313023753738,199.94567413755746,MISS,Trajectory,0.0
232.8,A1001,A0100,B0100,4072.2440190629345,-4992.286207487327,-4783.118977629151,199.9792575903768,MISS,Trajectory,0.0
232.8,A1002,A0100,B0100,4063.7808414424335,-5024.443608120833,-4860.248482206687,199.79590488595122,MISS,Trajectory,0.0
232.8,A2001,A0200,B0100,3580.3803068710727,-4824.688078547749,-5844.037298743643,199.95503738817882,MISS,Trajectory,0.0
232.8,A2002,A0200,B0100,3571.341006994724,-4816.5598783519345,-5800.313023753738,199.94567413755746,MISS,Trajectory,0.0
233.0,A1001,A0100,B0100,4072.2440190629345,-4992.286207487327,-4783.118977629151,199.9792575903768,MISS,Trajectory,0.0
233.0,A1002,A0100,B0100,4063.7808414424335,-5024.443608120833,-4860.248482206687,199.79590488595122,MISS,Trajectory,0.0
233.0,A2001,A0200,B0100,3580.3803068710727,-4824.688078547749,-5844.037298743643,199.95503738817882,MISS,Trajectory,0.0
233.0,A2002,A0200,B0100,3571.341006994724,-4816.5598783519345,-5800.313023753738,199.94567413755746,MISS,Trajectory,0.0
233.20000000000002,A1001,A0100,B0100,4072.2440190629345,-4992.286207487327,-4783.118977629151,199.9792575903768,MISS,Trajectory,0.0
233.20000000000002,A1002,A0100,B0100,4063.7808414424335,-5024.443608120833,-4860.248482206687,199.79590488595122,MISS,Trajectory,0.0
233.20000000000002,A2001,A0200,B0100,3580.3803068710727,-4824.688078547749,-5844.037298743643,199.95503738817882,MISS,Trajectory,0.0
233.20000000000002,A2002,A0200,B0100,3571.341006994724,-4816.5598783519345,-5800.313023753738,199.94567413755746,MISS,Trajectory,0.0
233.4,A1001,A0100,B0100,4072.2440190629345,-4992.286207487327,-4783.118977629151,199.9792575903768,MISS,Trajectory,0.0
233.4,A1002,A0100,B0100,4063.7808414424335,-5024.443608120833,-4860.248482206687,199.79590488595122,MISS,Trajectory,0.0
233.4,A2001,A0200,B0100,3580.3803068710727,-4824.688078547749,-5844.037298743643,199.95503738817882,MISS,Trajectory,0.0
233.4,A2002,A0200,B0100,3571.341006994724,-4816.5598783519345,-5800.313023753738,199.94567413755746,MISS,Trajectory,0.0
233.60000000000002,A1001,A0100,B0100,4072.2440190629345,-4992.286207487327,-4783.118977629151,199.9792575903768,MISS,Trajectory,0.0
233.60000000000002,A1002,A0100,B0100,4063.7808414424335,-5024.443608120833,-4860.248482206687,199.79590488595122,MISS,Trajectory,0.0
233.60000000000002,A2001,A0200,B0100,3580.3803068710727,-4824.688078547749,-5844.037298743643,199.95503738817882,MISS,Trajectory,0.0
233.60000000000002,A2002,A0200,B0100,3571.341006994724,-4816.5598783519345,-5800.313023753738,199.94567413755746,MISS,Trajectory,0.0
233.8,A1001,A0100,B0100,4072.2440190629345,-4992.286207487327,-4783.118977629151,199.9792575903768,MISS,Trajectory,0.0
233.8,A1002,A0100,B0100,4063.7808414424335,-5024.443608120833,-4860.248482206687,199.79590488595122,MISS,Trajectory,0.0
233.8,A2001,A0200,B0100,3580.3803068710727,-4824.688078547749,-5844.037298743643,199.95503738817882,MISS,Trajectory,0.0
233.8,A2002,A0200,B0100,3571.341006994724,-4816.5598783519345,-5800.313023753738,199.94567413755746,MISS,Trajectory,0.0
234.0,A1001,A0100,B0100,4072.2440190629345,-4992.286207487327,-4783.118977629151,199.9792575903768,MISS,Trajectory,0.0
234.0,A1002,A0100,B0100,4063.7808414424335,-5024.443608120833,-4860.248482206687,199.79590488595122,MISS,Trajectory,0.0
234.0,A2001,A0200,B0100,3580.3803068710727,-4824.688078547749,-5844.037298743643,199.95503738817882,MISS,Trajectory,0.0
234.0,A2002,A0200,B0100,3571.341006994724,-4816.5598783519345,-5800.313023753738,199.94567413755746,MISS,Trajectory,0.0
234.20000000000002,A1001,A0100,B0100,4072.2440190629345,-4992.286207487327,-4783.118977629151,199.9792575903768,MISS,Trajectory,0.0
234.20000000000002,A1002,A0100,B0100,4063.7808414424335,-5024.443608120833,-4860.248482206687,199.79590488595122,MISS,Trajectory,0.0
234.20000000000002,A2001,A0200,B0100,3580.3803068710727,-4824.688078547749,-5844.037298743643,199.95503738817882,MISS,Trajectory,0.0
234.20000000000002,A2002,A0200,B0100,3571.341006994724,-4816.5598783519345,-5800.313023753738,199.94567413755746,MISS,Trajectory,0.0
234.4,A1001,A0100,B0100,4072.2440190629345,-4992.286207487327,-4783.118977629151,199.9792575903768,MISS,Trajectory,0.0
234.4,A1002,A0100,B0100,4063.7808414424335,-5024.443608120833,-4860.248482206687,199.79590488595122,MISS,Trajectory,0.0
234.4,A2001,A0200,B0100,3580.3803068710727,-4824.688078547749,-5844.037298743643,199.95503738817882,MISS,Trajectory,0.0
234.4,A2002,A0200,B0100,3571.341006994724,-4816.5598783519345,-5800.313023753738,199.94567413755746,MISS,Trajectory,0.0
234.60000000000002,A1001,A0100,B0100,4072.2440190629345,-4992.286207487327,-4783.118977629151,199.9792575903768,MISS,Trajectory,0.0
234.60000000000002,A1002,A0100,B0100,4063.7808414424335,-5024.443608120833,-4860.248482206687,199.79590488595122,MISS,Trajectory,0.0
234.60000000000002,A2001,A0200,B0100,3580.3803068710727,-4824.688078547749,-5844.037298743643,199.95503738817882,MISS,Trajectory,0.0
234.60000000000002,A2002,A0200,B0100,3571.341006994724,-4816.5598783519345,-5800.313023753738,199.94567413755746,MISS,Trajectory,0.0
234.8,A1001,A0100,B0100,4072.2440190629345,-4992.286207487327,-4783.118977629151,199.9792575903768,MISS,Trajectory,0.0
234.8,A1002,A0100,B0100,4063.7808414424335,-5024.443608120833,-4860.248482206687,199.79590488595122,MISS,Trajectory,0.0
234.8,A2001,A0200,B0100,3580.3803068710727,-4824.688078547749,-5844.037298743643,199.95503738817882,MISS,Trajectory,0.0
234.8,A2002,A0200,B0100,3571.341006994724,-4816.5598783519345,-5800.313023753738,199.94567413755746,MISS,Trajectory,0.0
235.0,A1001,A0100,B0100,4072.2440190629345,-4992.286207487327,-4783.118977629151,199.9792575903768,MISS,Trajectory,0.0
235.0,A1002,A0100,B0100,4063.7808414424335,-5024.443608120833,-4860.248482206687,199.79590488595122,MISS,Trajectory,0.0
235.0,A2001,A0200,B0100,3580.3803068710727,-4824.688078547749,-5844.037298743643,199.95503738817882,MISS,Trajectory,0.0
235.0,A2002,A0200,B0100,3571.341006994724,-4816.5598783519345,-5800.313023753738,199.94567413755746,MISS,Trajectory,0.0
235.20000000000002,A1001,A0100,B0100,4072.2440190629345,-4992.286207487327,-4783.118977629151,199.9792575903768,MISS,Trajectory,0.0
235.20000000000002,A1002,A0100,B0100,4063.7808414424335,-5024.443608120833,-4860.248482206687,199.79590488595122,MISS,Trajectory,0.0
235.20000000000002,A2001,A0200,B0100,3580.3803068710727,-4824.688078547749,-5844.037298743643,199.95503738817882,MISS,Trajectory,0.0
235.20000000000002,A2002,A0200,B0100,3571.341006994724,-4816.5598783519345,-5800.313023753738,199.94567413755746,MISS,Trajectory,0.0
235.4,A1001,A0100,B0100,4072.2440190629345,-4992.286207487327,-4783.118977629151,199.9792575903768,MISS,Trajectory,0.0
235.4,A1002,A0100,B0100,4063.7808414424335,-5024.443608120833,-4860.248482206687,199.79590488595122,MISS,Trajectory,0.0
235.4,A2001,A0200,B0100,3580.3803068710727,-4824.688078547749,-5844.037298743643,199.95503738817882,MISS,Trajectory,0.0
235.4,A2002,A0200,B0100,3571.341006994724,-4816.5598783519345,-5800.313023753738,199.94567413755746,MISS,Trajectory,0.0
235.60000000000002,A1001,A0100,B0100,4072.2440190629345,-4992.286207487327,-4783.118977629151,199.9792575903768,MISS,Trajectory,0.0
235.60000000000002,A1002,A0100,B0100,4063.7808414424335,-5024.443608120833,-4860.248482206687,199.79590488595122,MISS,Trajectory,0.0
235.60000000000002,A2001,A0200,B0100,3580.3803068710727,-4824.688078547749,-5844.037298743643,199.95503738817882,MISS,Trajectory,0.0
235.60000000000002,A2002,A0200,B0100,3571.341006994724,-4816.5598783519345,-5800.313023753738,199.94567413755746,MISS,Trajectory,0.0
235.8,A1001,A0100,B0100,4072.2440190629345,-4992.286207487327,-4783.118977629151,199.9792575903768,MISS,Trajectory,0.0
235.8,A1002,A0100,B0100,4063.7808414424335,-5024.443608120833,-4860.248482206687,199.79590488595122,MISS,Trajectory,0.0
235.8,A2001,A0200,B0100,3580.3803068710727,-4824.688078547749,-5844.037298743643,199.95503738817882,MISS,Trajectory,0.0
235.8,A2002,A0200,B0100,3571.341006994724,-4816.5598783519345,-5800.313023753738,199.94567413755746,MISS,Trajectory,0.0
236.0,A1001,A0100,B0100,4072.2440190629345,-4992.286207487327,-4783.118977629151,199.9792575903768,MISS,Trajectory,0.0
236.0,A1002,A0100,B0100,4063.7808414424335,-5024.443608120833,-4860.248482206687,199.79590488595122,MISS,Trajectory,0.0
236.0,A2001,A0200,B0100,3580.3803068710727,-4824.688078547749,-5844.037298743643,199.95503738817882,MISS,Trajectory,0.0
236.0,A2002,A0200,B0100,3571.341006994724,-4816.5598783519345,-5800.313023753738,199.94567413755746,MISS,Trajectory,0.0
236.20000000000002,A1001,A0100,B0100,4072.2440190629345,-4992.286207487327,-4783.118977629151,199.9792575903768,MISS,Trajectory,0.0
236.20000000000002,A1002,A0100,B0100,4063.7808414424335,-5024.443608120833,-4860.248482206687,199.79590488595122,MISS,Trajectory,0.0
236.20000000000002,A2001,A0200,B0100,3580.3803068710727,-4824.688078547749,-5844.037298743643,199.95503738817882,MISS,Trajectory,0.0
236.20000000000002,A2002,A0200,B0100,3571.341006994724,-4816.5598783519345,-5800.313023753738,199.94567413755746,MISS,Trajectory,0.0
236.4,A1001,A0100,B0100,4072.2440190629345,-4992.286207487327,-4783.118977629151,199.9792575903768,MISS,Trajectory,0.0
236.4,A1002,A0100,B0100,4063.7808414424335,-5024.443608120833,-4860.248482206687,199.79590488595122,MISS,Trajectory,0.0
236.4,A2001,A0200,B0100,3580.3803068710727,-4824.688078547749,-5844.037298743643,199.95503738817882,MISS,Trajectory,0.0
236.4,A2002,A0200,B0100,3571.341006994724,-4816.5598783519345,-5800.313023753738,199.94567413755746,MISS,Trajectory,0.0
236.60000000000002,A1001,A0100,B0100,4072.2440190629345,-4992.286207487327,-4783.118977629151,199.9792575903768,MISS,Trajectory,0.0
236.60000000000002,A1002,A0100,B0100,4063.7808414424335,-5024.443608120833,-4860.248482206687,199.79590488595122,MISS,Trajectory,0.0
236.60000000000002,A2001,A0200,B0100,3580.3803068710727,-4824.688078547749,-5844.037298743643,199.95503738817882,MISS,Trajectory,0.0
236.60000000000002,A2002,A0200,B0100,3571.341006994724,-4816.5598783519345,-5800.313023753738,199.94567413755746,MISS,Trajectory,0.0
236.8,A1001,A0100,B0100,4072.2440190629345,-4992.286207487327,-4783.118977629151,199.9792575903768,MISS,Trajectory,0.0
236.8,A1002,A0100,B0100,4063.7808414424335,-5024.443608120833,-4860.248482206687,199.79590488595122,MISS,Trajectory,0.0
236.8,A2001,A0200,B0100,3580.3803068710727,-4824.688078547749,-5844.037298743643,199.95503738817882,MISS,Trajectory,0.0
236.8,A2002,A0200,B0100,3571.341006994724,-4816.5598783519345,-5800.313023753738,199.94567413755746,MISS,Trajectory,0.0
237.0,A1001,A0100,B0100,4072.2440190629345,-4992.286207487327,-4783.118977629151,199.9792575903768,MISS,Trajectory,0.0
237.0,A1002,A0100,B0100,4063.7808414424335,-5024.443608120833,-4860.248482206687,199.79590488595122,MISS,Trajectory,0.0
237.0,A2001,A0200,B0100,3580.3803068710727,-4824.688078547749,-5844.037298743643,199.95503738817882,MISS,Trajectory,0.0
237.0,A2002,A0200,B0100,3571.341006994724,-4816.5598783519345,-5800.313023753738,199.94567413755746,MISS,Trajectory,0.0
237.20000000000002,A1001,A0100,B0100,4072.2440190629345,-4992.286207487327,-4783.118977629151,199.9792575903768,MISS,Trajectory,0.0
237.20000000000002,A1002,A0100,B0100,4063.7808414424335,-5024.443608120833,-4860.248482206687,199.79590488595122,MISS,Trajectory,0.0
237.20000000000002,A2001,A0200,B0100,3580.3803068710727,-4824.688078547749,-5844.037298743643,199.95503738817882,MISS,Trajectory,0.0
237.20000000000002,A2002,A0200,B0100,3571.341006994724,-4816.5598783519345,-5800.313023753738,199.94567413755746,MISS,Trajectory,0.0
237.4,A1001,A0100,B0100,4072.2440190629345,-4992.286207487327,-4783.118977629151,199.9792575903768,MISS,Trajectory,0.0
237.4,A1002,A0100,B0100,4063.7808414424335,-5024.443608120833,-4860.248482206687,199.79590488595122,MISS,Trajectory,0.0
237.4,A2001,A0200,B0100,3580.3803068710727,-4824.688078547749,-5844.037298743643,199.95503738817882,MISS,Trajectory,0.0
237.4,A2002,A0200,B0100,3571.341006994724,-4816.5598783519345,-5800.313023753738,199.94567413755746,MISS,Trajectory,0.0
237.60000000000002,A1001,A0100,B0100,4072.2440190629345,-4992.286207487327,-4783.118977629151,199.9792575903768,MISS,Trajectory,0.0
237.60000000000002,A1002,A0100,B0100,4063.7808414424335,-5024.443608120833,-4860.248482206687,199.79590488595122,MISS,Trajectory,0.0
237.60000000000002,A2001,A0200,B0100,3580.3803068710727,-4824.688078547749,-5844.037298743643,199.95503738817882,MISS,Trajectory,0.0
237.60000000000002,A2002,A0200,B0100,3571.341006994724,-4816.5598783519345,-5800.313023753738,199.94567413755746,MISS,Trajectory,0.0
237.8,A1001,A0100,B0100,4072.2440190629345,-4992.286207487327,-4783.118977629151,199.9792575903768,MISS,Trajectory,0.0
237.8,A1002,A0100,B0100,4063.7808414424335,-5024.443608120833,-4860.248482206687,199.79590488595122,MISS,Trajectory,0.0
237.8,A2001,A0200,B0100,3580.3803068710727,-4824.688078547749,-5844.037298743643,199.95503738817882,MISS,Trajectory,0.0
237.8,A2002,A0200,B0100,3571.341006994724,-4816.5598783519345,-5800.313023753738,199.94567413755746,MISS,Trajectory,0.0
238.0,A1001,A0100,B0100,4072.2440190629345,-4992.286207487327,-4783.118977629151,199.9792575903768,MISS,Trajectory,0.0
238.0,A1002,A0100,B0100,4063.7808414424335,-5024.443608120833,-4860.248482206687,199.79590488595122,MISS,Trajectory,0.0
238.0,A2001,A0200,B0100,3580.3803068710727,-4824.688078547749,-5844.037298743643,199.95503738817882,MISS,Trajectory,0.0
238.0,A2002,A0200,B0100,3571.341006994724,-4816.5598783519345,-5800.313023753738,199.94567413755746,MISS,Trajectory,0.0
238.20000000000002,A1001,A0100,B0100,4072.2440190629345,-4992.286207487327,-4783.118977629151,199.9792575903768,MISS,Trajectory,0.0
238.20000000000002,A1002,A0100,B0100,4063.7808414424335,-5024.443608120833,-4860.248482206687,199.79590488595122,MISS,Trajectory,0.0
238.20000000000002,A2001,A0200,B0100,3580.3803068710727,-4824.688078547749,-5844.037298743643,199.95503738817882,MISS,Trajectory,0.0
238.20000000000002,A2002,A0200,B0100,3571.341006994724,-4816.5598783519345,-5800.313023753738,199.94567413755746,MISS,Trajectory,0.0
238.4,A1001,A0100,B0100,4072.2440190629345,-4992.286207487327,-4783.118977629151,199.9792575903768,MISS,Trajectory,0.0
238.4,A1002,A0100,B0100,4063.7808414424335,-5024.443608120833,-4860.248482206687,199.79590488595122,MISS,Trajectory,0.0
238.4,A2001,A0200,B0100,3580.3803068710727,-4824.688078547749,-5844.037298743643,199.95503738817882,MISS,Trajectory,0.0
238.4,A2002,A0200,B0100,3571.341006994724,-4816.5598783519345,-5800.313023753738,199.94567413755746,MISS,Trajectory,0.0
238.60000000000002,A1001,A0100,B0100,4072.2440190629345,-4992.286207487327,-4783.118977629151,199.9792575903768,MISS,Trajectory,0.0
238.60000000000002,A1002,A0100,B0100,4063.7808414424335,-5024.443608120833,-4860.248482206687,199.79590488595122,MISS,Trajectory,0.0
238.60000000000002,A2001,A0200,B0100,3580.3803068710727,-4824.688078547749,-5844.037298743643,199.95503738817882,MISS,Trajectory,0.0
238.60000000000002,A2002,A0200,B0100,3571.341006994724,-4816.5598783519345,-5800.313023753738,199.94567413755746,MISS,Trajectory,0.0
238.8,A1001,A0100,B0100,4072.2440190629345,-4992.286207487327,-4783.118977629151,199.9792575903768,MISS,Trajectory,0.0
238.8,A1002,A0100,B0100,4063.7808414424335,-5024.443608120833,-4860.248482206687,199.79590488595122,MISS,Trajectory,0.0
238.8,A2001,A0200,B0100,3580.3803068710727,-4824.688078547749,-5844.037298743643,199.95503738817882,MISS,Trajectory,0.0
238.8,A2002,A0200,B0100,3571.341006994724,-4816.5598783519345,-5800.313023753738,199.94567413755746,MISS,Trajectory,0.0
239.0,A1001,A0100,B0100,4072.2440190629345,-4992.286207487327,-4783.118977629151,199.9792575903768,MISS,Trajectory,0.0
239.0,A1002,A0100,B0100,4063.7808414424335,-5024.443608120833,-4860.248482206687,199.79590488595122,MISS,Trajectory,0.0
239.0,A2001,A0200,B0100,3580.3803068710727,-4824.688078547749,-5844.037298743643,199.95503738817882,MISS,Trajectory,0.0
239.0,A2002,A0200,B0100,3571.341006994724,-4816.5598783519345,-5800.313023753738,199.94567413755746,MISS,Trajectory,0.0
239.20000000000002,A1001,A0100,B0100,4072.2440190629345,-4992.286207487327,-4783.118977629151,199.9792575903768,MISS,Trajectory,0.0
239.20000000000002,A1002,A0100,B0100,4063.7808414424335,-5024.443608120833,-4860.248482206687,199.79590488595122,MISS,Trajectory,0.0
239.20000000000002,A2001,A0200,B0100,3580.3803068710727,-4824.688078547749,-5844.037298743643,199.95503738817882,MISS,Trajectory,0.0
239.20000000000002,A2002,A0200,B0100,3571.341006994724,-4816.5598783519345,-5800.313023753738,199.94567413755746,MISS,Trajectory,0.0
239.4,A1001,A0100,B0100,4072.2440190629345,-4992.286207487327,-4783.118977629151,199.9792575903768,MISS,Trajectory,0.0
239.4,A1002,A0100,B0100,4063.7808414424335,-5024.443608120833,-4860.248482206687,199.79590488595122,MISS,Trajectory,0.0
239.4,A2001,A0200,B0100,3580.3803068710727,-4824.688078547749,-5844.037298743643,199.95503738817882,MISS,Trajectory,0.0
239.4,A2002,A0200,B0100,3571.341006994724,-4816.5598783519345,-5800.313023753738,199.94567413755746,MISS,Trajectory,0.0
239.60000000000002,A1001,A0100,B0100,4072.2440190629345,-4992.286207487327,-4783.118977629151,199.9792575903768,MISS,Trajectory,0.0
239.60000000000002,A1002,A0100,B0100,4063.7808414424335,-5024.443608120833,-4860.248482206687,199.79590488595122,MISS,Trajectory,0.0
239.60000000000002,A2001,A0200,B0100,3580.3803068710727,-4824.688078547749,-5844.037298743643,199.95503738817882,MISS,Trajectory,0.0
239.60000000000002,A2002,A0200,B0100,3571.341006994724,-4816.5598783519345,-5800.313023753738,199.94567413755746,MISS,Trajectory,0.0
239.8,A1001,A0100,B0100,4072.2440190629345,-4992.286207487327,-4783.118977629151,199.9792575903768,MISS,Trajectory,0.0
239.8,A1002,A0100,B0100,4063.7808414424335,-5024.443608120833,-4860.248482206687,199.79590488595122,MISS,Trajectory,0.0
239.8,A2001,A0200,B0100,3580.3803068710727,-4824.688078547749,-5844.037298743643,199.95503738817882,MISS,Trajectory,0.0
239.8,A2002,A0200,B0100,3571.341006994724,-4816.5598783519345,-5800.313023753738,199.94567413755746,MISS,Trajectory,0.0
240.0,A1001,A0100,B0100,4072.2440190629345,-4992.286207487327,-4783.118977629151,199.9792575903768,MISS,Trajectory,0.0
240.0,A1002,A0100,B0100,4063.7808414424335,-5024.443608120833,-4860.248482206687,199.79590488595122,MISS,Trajectory,0.0
240.0,A2001,A0200,B0100,3580.3803068710727,-4824.688078547749,-5844.037298743643,199.95503738817882,MISS,Trajectory,0.0
240.0,A2002,A0200,B0100,3571.341006994724,-4816.5598783519345,-5800.313023753738,199.94567413755746,MISS,Trajectory,0.0
240.20000000000002,A1001,A0100,B0100,4072.2440190629345,-4992.286207487327,-4783.118977629151,199.9792575903768,MISS,Trajectory,0.0
240.20000000000002,A1002,A0100,B0100,4063.7808414424335,-5024.443608120833,-4860.248482206687,199.79590488595122,MISS,Trajectory,0.0
240.20000000000002,A2001,A0200,B0100,3580.3803068710727,-4824.688078547749,-5844.037298743643,199.95503738817882,MISS,Trajectory,0.0
240.20000000000002,A2002,A0200,B0100,3571.341006994724,-4816.5598783519345,-5800.313023753738,199.94567413755746,MISS,Trajectory,0.0
240.4,A1001,A0100,B0100,4072.2440190629345,-4992.286207487327,-4783.118977629151,199.9792575903768,MISS,Trajectory,0.0
240.4,A1002,A0100,B0100,4063.7808414424335,-5024.443608120833,-4860.248482206687,199.79590488595122,MISS,Trajectory,0.0
240.4,A2001,A0200,B0100,3580.3803068710727,-4824.688078547749,-5844.037298743643,199.95503738817882,MISS,Trajectory,0.0
240.4,A2002,A0200,B0100,3571.341006994724,-4816.5598783519345,-5800.313023753738,199.94567413755746,MISS,Trajectory,0.0
240.60000000000002,A1001,A0100,B0100,4072.2440190629345,-4992.286207487327,-4783.118977629151,199.9792575903768,MISS,Trajectory,0.0
240.60000000000002,A1002,A0100,B0100,4063.7808414424335,-5024.443608120833,-4860.248482206687,199.79590488595122,MISS,Trajectory,0.0
240.60000000000002,A2001,A0200,B0100,3580.3803068710727,-4824.688078547749,-5844.037298743643,199.95503738817882,MISS,Trajectory,0.0
240.60000000000002,A2002,A0200,B0100,3571.341006994724,-4816.5598783519345,-5800.313023753738,199.94567413755746,MISS,Trajectory,0.0
240.8,A1001,A0100,B0100,4072.2440190629345,-4992.286207487327,-4783.118977629151,199.9792575903768,MISS,Trajectory,0.0
240.8,A1002,A0100,B0100,4063.7808414424335,-5024.443608120833,-4860.248482206687,199.79590488595122,MISS,Trajectory,0.0
240.8,A2001,A0200,B0100,3580.3803068710727,-4824.688078547749,-5844.037298743643,199.95503738817882,MISS,Trajectory,0.0
240.8,A2002,A0200,B0100,3571.341006994724,-4816.5598783519345,-5800.313023753738,199.94567413755746,MISS,Trajectory,0.0
241.0,A1001,A0100,B0100,4072.2440190629345,-4992.286207487327,-4783.118977629151,199.9792575903768,MISS,Trajectory,0.0
241.0,A1002,A0100,B0100,4063.7808414424335,-5024.443608120833,-4860.248482206687,199.79590488595122,MISS,Trajectory,0.0
241.0,A2001,A0200,B0100,3580.3803068710727,-4824.688078547749,-5844.037298743643,199.95503738817882,MISS,Trajectory,0.0
241.0,A2002,A0200,B0100,3571.341006994724,-4816.5598783519345,-5800.313023753738,199.94567413755746,MISS,Trajectory,0.0
241.20000000000002,A1001,A0100,B0100,4072.2440190629345,-4992.286207487327,-4783.118977629151,199.9792575903768,MISS,Trajectory,0.0
241.20000000000002,A1002,A0100,B0100,4063.7808414424335,-5024.443608120833,-4860.248482206687,199.79590488595122,MISS,Trajectory,0.0
241.20000000000002,A2001,A0200,B0100,3580.3803068710727,-4824.688078547749,-5844.037298743643,199.95503738817882,MISS,Trajectory,0.0
241.20000000000002,A2002,A0200,B0100,3571.341006994724,-4816.5598783519345,-5800.313023753738,199.94567413755746,MISS,Trajectory,0.0
241.4,A1001,A0100,B0100,4072.2440190629345,-4992.286207487327,-4783.118977629151,199.9792575903768,MISS,Trajectory,0.0
241.4,A1002,A0100,B0100,4063.7808414424335,-5024.443608120833,-4860.248482206687,199.79590488595122,MISS,Trajectory,0.0
241.4,A2001,A0200,B0100,3580.3803068710727,-4824.688078547749,-5844.037298743643,199.95503738817882,MISS,Trajectory,0.0
241.4,A2002,A0200,B0100,3571.341006994724,-4816.5598783519345,-5800.313023753738,199.94567413755746,MISS,Trajectory,0.0
241.60000000000002,A1001,A0100,B0100,4072.2440190629345,-4992.286207487327,-4783.118977629151,199.9792575903768,MISS,Trajectory,0.0
241.60000000000002,A1002,A0100,B0100,4063.7808414424335,-5024.443608120833,-4860.248482206687,199.79590488595122,MISS,Trajectory,0.0
241.60000000000002,A2001,A0200,B0100,3580.3803068710727,-4824.688078547749,-5844.037298743643,199.95503738817882,MISS,Trajectory,0.0
241.60000000000002,A2002,A0200,B0100,3571.341006994724,-4816.5598783519345,-5800.313023753738,199.94567413755746,MISS,Trajectory,0.0
241.8,A1001,A0100,B0100,4072.2440190629345,-4992.286207487327,-4783.118977629151,199.9792575903768,MISS,Trajectory,0.0
241.8,A1002,A0100,B0100,4063.7808414424335,-5024.443608120833,-4860.248482206687,199.79590488595122,MISS,Trajectory,0.0
241.8,A2001,A0200,B0100,3580.3803068710727,-4824.688078547749,-5844.037298743643,199.95503738817882,MISS,Trajectory,0.0
241.8,A2002,A0200,B0100,3571.341006994724,-4816.5598783519345,-5800.313023753738,199.94567413755746,MISS,Trajectory,0.0
242.0,A1001,A0100,B0100,4072.2440190629345,-4992.286207487327,-4783.118977629151,199.9792575903768,MISS,Trajectory,0.0
242.0,A1002,A0100,B0100,4063.7808414424335,-5024.443608120833,-4860.248482206687,199.79590488595122,MISS,Trajectory,0.0
242.0,A2001,A0200,B0100,3580.3803068710727,-4824.688078547749,-5844.037298743643,199.95503738817882,MISS,Trajectory,0.0
242.0,A2002,A0200,B0100,3571.341006994724,-4816.5598783519345,-5800.313023753738,199.94567413755746,MISS,Trajectory,0.0
242.20000000000002,A1001,A0100,B0100,4072.2440190629345,-4992.286207487327,-4783.118977629151,199.9792575903768,MISS,Trajectory,0.0
242.20000000000002,A1002,A0100,B0100,4063.7808414424335,-5024.443608120833,-4860.248482206687,199.79590488595122,MISS,Trajectory,0.0
242.20000000000002,A2001,A0200,B0100,3580.3803068710727,-4824.688078547749,-5844.037298743643,199.95503738817882,MISS,Trajectory,0.0
242.20000000000002,A2002,A0200,B0100,3571.341006994724,-4816.5598783519345,-5800.313023753738,199.94567413755746,MISS,Trajectory,0.0
242.4,A1001,A0100,B0100,4072.2440190629345,-4992.286207487327,-4783.118977629151,199.9792575903768,MISS,Trajectory,0.0
242.4,A1002,A0100,B0100,4063.7808414424335,-5024.443608120833,-4860.248482206687,199.79590488595122,MISS,Trajectory,0.0
242.4,A2001,A0200,B0100,3580.3803068710727,-4824.688078547749,-5844.037298743643,199.95503738817882,MISS,Trajectory,0.0
242.4,A2002,A0200,B0100,3571.341006994724,-4816.5598783519345,-5800.313023753738,199.94567413755746,MISS,Trajectory,0.0
242.60000000000002,A1001,A0100,B0100,4072.2440190629345,-4992.286207487327,-4783.118977629151,199.9792575903768,MISS,Trajectory,0.0
242.60000000000002,A1002,A0100,B0100,4063.7808414424335,-5024.443608120833,-4860.248482206687,199.79590488595122,MISS,Trajectory,0.0
242.60000000000002,A2001,A0200,B0100,3580.3803068710727,-4824.688078547749,-5844.037298743643,199.95503738817882,MISS,Trajectory,0.0
242.60000000000002,A2002,A0200,B0100,3571.341006994724,-4816.5598783519345,-5800.313023753738,199.94567413755746,MISS,Trajectory,0.0
242.8,A1001,A0100,B0100,4072.2440190629345,-4992.286207487327,-4783.118977629151,199.9792575903768,MISS,Trajectory,0.0
242.8,A1002,A0100,B0100,4063.7808414424335,-5024.443608120833,-4860.248482206687,199.79590488595122,MISS,Trajectory,0.0
242.8,A2001,A0200,B0100,3580.3803068710727,-4824.688078547749,-5844.037298743643,199.95503738817882,MISS,Trajectory,0.0
242.8,A2002,A0200,B0100,3571.341006994724,-4816.5598783519345,-5800.313023753738,199.94567413755746,MISS,Trajectory,0.0
243.0,A1001,A0100,B0100,4072.2440190629345,-4992.286207487327,-4783.118977629151,199.9792575903768,MISS,Trajectory,0.0
243.0,A1002,A0100,B0100,4063.7808414424335,-5024.443608120833,-4860.248482206687,199.79590488595122,MISS,Trajectory,0.0
243.0,A2001,A0200,B0100,3580.3803068710727,-4824.688078547749,-5844.037298743643,199.95503738817882,MISS,Trajectory,0.0
243.0,A2002,A0200,B0100,3571.341006994724,-4816.5598783519345,-5800.313023753738,199.94567413755746,MISS,Trajectory,0.0
243.20000000000002,A1001,A0100,B0100,4072.2440190629345,-4992.286207487327,-4783.118977629151,199.9792575903768,MISS,Trajectory,0.0
243.20000000000002,A1002,A0100,B0100,4063.7808414424335,-5024.443608120833,-4860.248482206687,199.79590488595122,MISS,Trajectory,0.0
243.20000000000002,A2001,A0200,B0100,3580.3803068710727,-4824.688078547749,-5844.037298743643,199.95503738817882,MISS,Trajectory,0.0
243.20000000000002,A2002,A0200,B0100,3571.341006994724,-4816.5598783519345,-5800.313023753738,199.94567413755746,MISS,Trajectory,0.0
243.4,A1001,A0100,B0100,4072.2440190629345,-4992.286207487327,-4783.118977629151,199.9792575903768,MISS,Trajectory,0.0
243.4,A1002,A0100,B0100,4063.7808414424335,-5024.443608120833,-4860.248482206687,199.79590488595122,MISS,Trajectory,0.0
243.4,A2001,A0200,B0100,3580.3803068710727,-4824.688078547749,-5844.037298743643,199.95503738817882,MISS,Trajectory,0.0
243.4,A2002,A0200,B0100,3571.341006994724,-4816.5598783519345,-5800.313023753738,199.94567413755746,MISS,Trajectory,0.0
243.60000000000002,A1001,A0100,B0100,4072.2440190629345,-4992.286207487327,-4783.118977629151,199.9792575903768,MISS,Trajectory,0.0
243.60000000000002,A1002,A0100,B0100,4063.7808414424335,-5024.443608120833,-4860.248482206687,199.79590488595122,MISS,Trajectory,0.0
243.60000000000002,A2001,A0200,B0100,3580.3803068710727,-4824.688078547749,-5844.037298743643,199.95503738817882,MISS,Trajectory,0.0
243.60000000000002,A2002,A0200,B0100,3571.341006994724,-4816.5598783519345,-5800.313023753738,199.94567413755746,MISS,Trajectory,0.0
243.8,A1001,A0100,B0100,4072.2440190629345,-4992.286207487327,-4783.118977629151,199.9792575903768,MISS,Trajectory,0.0
243.8,A1002,A0100,B0100,4063.7808414424335,-5024.443608120833,-4860.248482206687,199.79590488595122,MISS,Trajectory,0.0
243.8,A2001,A0200,B0100,3580.3803068710727,-4824.688078547749,-5844.037298743643,199.95503738817882,MISS,Trajectory,0.0
243.8,A2002,A0200,B0100,3571.341006994724,-4816.5598783519345,-5800.313023753738,199.94567413755746,MISS,Trajectory,0.0
244.0,A1001,A0100,B0100,4072.2440190629345,-4992.286207487327,-4783.118977629151,199.9792575903768,MISS,Trajectory,0.0
244.0,A1002,A0100,B0100,4063.7808414424335,-5024.443608120833,-4860.248482206687,199.79590488595122,MISS,Trajectory,0.0
244.0,A2001,A0200,B0100,3580.3803068710727,-4824.688078547749,-5844.037298743643,199.95503738817882,MISS,Trajectory,0.0
244.0,A2002,A0200,B0100,3571.341006994724,-4816.5598783519345,-5800.313023753738,199.94567413755746,MISS,Trajectory,0.0
244.20000000000002,A1001,A0100,B0100,4072.2440190629345,-4992.286207487327,-4783.118977629151,199.9792575903768,MISS,Trajectory,0.0
244.20000000000002,A1002,A0100,B0100,4063.7808414424335,-5024.443608120833,-4860.248482206687,199.79590488595122,MISS,Trajectory,0.0
244.20000000000002,A2001,A0200,B0100,3580.3803068710727,-4824.688078547749,-5844.037298743643,199.95503738817882,MISS,Trajectory,0.0
244.20000000000002,A2002,A0200,B0100,3571.341006994724,-4816.5598783519345,-5800.313023753738,199.94567413755746,MISS,Trajectory,0.0
244.4,A1001,A0100,B0100,4072.2440190629345,-4992.286207487327,-4783.118977629151,199.9792575903768,MISS,Trajectory,0.0
244.4,A1002,A0100,B0100,4063.7808414424335,-5024.443608120833,-4860.248482206687,199.79590488595122,MISS,Trajectory,0.0
244.4,A2001,A0200,B0100,3580.3803068710727,-4824.688078547749,-5844.037298743643,199.95503738817882,MISS,Trajectory,0.0
244.4,A2002,A0200,B0100,3571.341006994724,-4816.5598783519345,-5800.313023753738,199.94567413755746,MISS,Trajectory,0.0
244.60000000000002,A1001,A0100,B0100,4072.2440190629345,-4992.286207487327,-4783.118977629151,199.9792575903768,MISS,Trajectory,0.0
244.60000000000002,A1002,A0100,B0100,4063.7808414424335,-5024.443608120833,-4860.248482206687,199.79590488595122,MISS,Trajectory,0.0
244.60000000000002,A2001,A0200,B0100,3580.3803068710727,-4824.688078547749,-5844.037298743643,199.95503738817882,MISS,Trajectory,0.0
244.60000000000002,A2002,A0200,B0100,3571.341006994724,-4816.5598783519345,-5800.313023753738,199.94567413755746,MISS,Trajectory,0.0
244.8,A1001,A0100,B0100,4072.2440190629345,-4992.286207487327,-4783.118977629151,199.9792575903768,MISS,Trajectory,0.0
244.8,A1002,A0100,B0100,4063.7808414424335,-5024.443608120833,-4860.248482206687,199.79590488595122,MISS,Trajectory,0.0
244.8,A2001,A0200,B0100,3580.3803068710727,-4824.688078547749,-5844.037298743643,199.95503738817882,MISS,Trajectory,0.0
244.8,A2002,A0200,B0100,3571.341006994724,-4816.5598783519345,-5800.313023753738,199.94567413755746,MISS,Trajectory,0.0
245.0,A1001,A0100,B0100,4072.2440190629345,-4992.286207487327,-4783.118977629151,199.9792575903768,MISS,Trajectory,0.0
245.0,A1002,A0100,B0100,4063.7808414424335,-5024.443608120833,-4860.248482206687,199.79590488595122,MISS,Trajectory,0.0
245.0,A2001,A0200,B0100,3580.3803068710727,-4824.688078547749,-5844.037298743643,199.95503738817882,MISS,Trajectory,0.0
245.0,A2002,A0200,B0100,3571.341006994724,-4816.5598783519345,-5800.313023753738,199.94567413755746,MISS,Trajectory,0.0
245.20000000000002,A1001,A0100,B0100,4072.2440190629345,-4992.286207487327,-4783.118977629151,199.9792575903768,MISS,Trajectory,0.0
245.20000000000002,A1002,A0100,B0100,4063.7808414424335,-5024.443608120833,-4860.248482206687,199.79590488595122,MISS,Trajectory,0.0
245.20000000000002,A2001,A0200,B0100,3580.3803068710727,-4824.688078547749,-5844.037298743643,199.95503738817882,MISS,Trajectory,0.0
245.20000000000002,A2002,A0200,B0100,3571.341006994724,-4816.5598783519345,-5800.313023753738,199.94567413755746,MISS,Trajectory,0.0
245.4,A1001,A0100,B0100,4072.2440190629345,-4992.286207487327,-4783.118977629151,199.9792575903768,MISS,Trajectory,0.0
245.4,A1002,A0100,B0100,4063.7808414424335,-5024.443608120833,-4860.248482206687,199.79590488595122,MISS,Trajectory,0.0
245.4,A2001,A0200,B0100,3580.3803068710727,-4824.688078547749,-5844.037298743643,199.95503738817882,MISS,Trajectory,0.0
245.4,A2002,A0200,B0100,3571.341006994724,-4816.5598783519345,-5800.313023753738,199.94567413755746,MISS,Trajectory,0.0
245.60000000000002,A1001,A0100,B0100,4072.2440190629345,-4992.286207487327,-4783.118977629151,199.9792575903768,MISS,Trajectory,0.0
245.60000000000002,A1002,A0100,B0100,4063.7808414424335,-5024.443608120833,-4860.248482206687,199.79590488595122,MISS,Trajectory,0.0
245.60000000000002,A2001,A0200,B0100,3580.3803068710727,-4824.688078547749,-5844.037298743643,199.95503738817882,MISS,Trajectory,0.0
245.60000000000002,A2002,A0200,B0100,3571.341006994724,-4816.5598783519345,-5800.313023753738,199.94567413755746,MISS,Trajectory,0.0
245.8,A1001,A0100,B0100,4072.2440190629345,-4992.286207487327,-4783.118977629151,199.9792575903768,MISS,Trajectory,0.0
245.8,A1002,A0100,B0100,4063.7808414424335,-5024.443608120833,-4860.248482206687,199.79590488595122,MISS,Trajectory,0.0
245.8,A2001,A0200,B0100,3580.3803068710727,-4824.688078547749,-5844.037298743643,199.95503738817882,MISS,Trajectory,0.0
245.8,A2002,A0200,B0100,3571.341006994724,-4816.5598783519345,-5800.313023753738,199.94567413755746,MISS,Trajectory,0.0
246.0,A1001,A0100,B0100,4072.2440190629345,-4992.286207487327,-4783.118977629151,199.9792575903768,MISS,Trajectory,0.0
246.0,A1002,A0100,B0100,4063.7808414424335,-5024.443608120833,-4860.248482206687,199.79590488595122,MISS,Trajectory,0.0
246.0,A2001,A0200,B0100,3580.3803068710727,-4824.688078547749,-5844.037298743643,199.95503738817882,MISS,Trajectory,0.0
246.0,A2002,A0200,B0100,3571.341006994724,-4816.5598783519345,-5800.313023753738,199.94567413755746,MISS,Trajectory,0.0
246.20000000000002,A1001,A0100,B0100,4072.2440190629345,-4992.286207487327,-4783.118977629151,199.9792575903768,MISS,Trajectory,0.0
246.20000000000002,A1002,A0100,B0100,4063.7808414424335,-5024.443608120833,-4860.248482206687,199.79590488595122,MISS,Trajectory,0.0
246.20000000000002,A2001,A0200,B0100,3580.3803068710727,-4824.688078547749,-5844.037298743643,199.95503738817882,MISS,Trajectory,0.0
246.20000000000002,A2002,A0200,B0100,3571.341006994724,-4816.5598783519345,-5800.313023753738,199.94567413755746,MISS,Trajectory,0.0
246.4,A1001,A0100,B0100,4072.2440190629345,-4992.286207487327,-4783.118977629151,199.9792575903768,MISS,Trajectory,0.0
246.4,A1002,A0100,B0100,4063.7808414424335,-5024.443608120833,-4860.248482206687,199.79590488595122,MISS,Trajectory,0.0
246.4,A2001,A0200,B0100,3580.3803068710727,-4824.688078547749,-5844.037298743643,199.95503738817882,MISS,Trajectory,0.0
246.4,A2002,A0200,B0100,3571.341006994724,-4816.5598783519345,-5800.313023753738,199.94567413755746,MISS,Trajectory,0.0
246.60000000000002,A1001,A0100,B0100,4072.2440190629345,-4992.286207487327,-4783.118977629151,199.9792575903768,MISS,Trajectory,0.0
246.60000000000002,A1002,A0100,B0100,4063.7808414424335,-5024.443608120833,-4860.248482206687,199.79590488595122,MISS,Trajectory,0.0
246.60000000000002,A2001,A0200,B0100,3580.3803068710727,-4824.688078547749,-5844.037298743643,199.95503738817882,MISS,Trajectory,0.0
246.60000000000002,A2002,A0200,B0100,3571.341006994724,-4816.5598783519345,-5800.313023753738,199.94567413755746,MISS,Trajectory,0.0
246.8,A1001,A0100,B0100,4072.2440190629345,-4992.286207487327,-4783.118977629151,199.9792575903768,MISS,Trajectory,0.0
246.8,A1002,A0100,B0100,4063.7808414424335,-5024.443608120833,-4860.248482206687,199.79590488595122,MISS,Trajectory,0.0
246.8,A2001,A0200,B0100,3580.3803068710727,-4824.688078547749,-5844.037298743643,199.95503738817882,MISS,Trajectory,0.0
246.8,A2002,A0200,B0100,3571.341006994724,-4816.5598783519345,-5800.313023753738,199.94567413755746,MISS,Trajectory,0.0
247.0,A1001,A0100,B0100,4072.2440190629345,-4992.286207487327,-4783.118977629151,199.9792575903768,MISS,Trajectory,0.0
247.0,A1002,A0100,B0100,4063.7808414424335,-5024.443608120833,-4860.248482206687,199.79590488595122,MISS,Trajectory,0.0
247.0,A2001,A0200,B0100,3580.3803068710727,-4824.688078547749,-5844.037298743643,199.95503738817882,MISS,Trajectory,0.0
247.0,A2002,A0200,B0100,3571.341006994724,-4816.5598783519345,-5800.313023753738,199.94567413755746,MISS,Trajectory,0.0
247.20000000000002,A1001,A0100,B0100,4072.2440190629345,-4992.286207487327,-4783.118977629151,199.9792575903768,MISS,Trajectory,0.0
247.20000000000002,A1002,A0100,B0100,4063.7808414424335,-5024.443608120833,-4860.248482206687,199.79590488595122,MISS,Trajectory,0.0
247.20000000000002,A2001,A0200,B0100,3580.3803068710727,-4824.688078547749,-5844.037298743643,199.95503738817882,MISS,Trajectory,0.0
247.20000000000002,A2002,A0200,B0100,3571.341006994724,-4816.5598783519345,-5800.313023753738,199.94567413755746,MISS,Trajectory,0.0
247.4,A1001,A0100,B0100,4072.2440190629345,-4992.286207487327,-4783.118977629151,199.9792575903768,MISS,Trajectory,0.0
247.4,A1002,A0100,B0100,4063.7808414424335,-5024.443608120833,-4860.248482206687,199.79590488595122,MISS,Trajectory,0.0
247.4,A2001,A0200,B0100,3580.3803068710727,-4824.688078547749,-5844.037298743643,199.95503738817882,MISS,Trajectory,0.0
247.4,A2002,A0200,B0100,3571.341006994724,-4816.5598783519345,-5800.313023753738,199.94567413755746,MISS,Trajectory,0.0
247.60000000000002,A1001,A0100,B0100,4072.2440190629345,-4992.286207487327,-4783.118977629151,199.9792575903768,MISS,Trajectory,0.0
247.60000000000002,A1002,A0100,B0100,4063.7808414424335,-5024.443608120833,-4860.248482206687,199.79590488595122,MISS,Trajectory,0.0
247.60000000000002,A2001,A0200,B0100,3580.3803068710727,-4824.688078547749,-5844.037298743643,199.95503738817882,MISS,Trajectory,0.0
247.60000000000002,A2002,A0200,B0100,3571.341006994724,-4816.5598783519345,-5800.313023753738,199.94567413755746,MISS,Trajectory,0.0
247.8,A1001,A0100,B0100,4072.2440190629345,-4992.286207487327,-4783.118977629151,199.9792575903768,MISS,Trajectory,0.0
247.8,A1002,A0100,B0100,4063.7808414424335,-5024.443608120833,-4860.248482206687,199.79590488595122,MISS,Trajectory,0.0
247.8,A2001,A0200,B0100,3580.3803068710727,-4824.688078547749,-5844.037298743643,199.95503738817882,MISS,Trajectory,0.0
247.8,A2002,A0200,B0100,3571.341006994724,-4816.5598783519345,-5800.313023753738,199.94567413755746,MISS,Trajectory,0.0
248.0,A1001,A0100,B0100,4072.2440190629345,-4992.286207487327,-4783.118977629151,199.9792575903768,MISS,Trajectory,0.0
248.0,A1002,A0100,B0100,4063.7808414424335,-5024.443608120833,-4860.248482206687,199.79590488595122,MISS,Trajectory,0.0
248.0,A2001,A0200,B0100,3580.3803068710727,-4824.688078547749,-5844.037298743643,199.95503738817882,MISS,Trajectory,0.0
248.0,A2002,A0200,B0100,3571.341006994724,-4816.5598783519345,-5800.313023753738,199.94567413755746,MISS,Trajectory,0.0
248.20000000000002,A1001,A0100,B0100,4072.2440190629345,-4992.286207487327,-4783.118977629151,199.9792575903768,MISS,Trajectory,0.0
248.20000000000002,A1002,A0100,B0100,4063.7808414424335,-5024.443608120833,-4860.248482206687,199.79590488595122,MISS,Trajectory,0.0
248.20000000000002,A2001,A0200,B0100,3580.3803068710727,-4824.688078547749,-5844.037298743643,199.95503738817882,MISS,Trajectory,0.0
248.20000000000002,A2002,A0200,B0100,3571.341006994724,-4816.5598783519345,-5800.313023753738,199.94567413755746,MISS,Trajectory,0.0
248.4,A1001,A0100,B0100,4072.2440190629345,-4992.286207487327,-4783.118977629151,199.9792575903768,MISS,Trajectory,0.0
248.4,A1002,A0100,B0100,4063.7808414424335,-5024.443608120833,-4860.248482206687,199.79590488595122,MISS,Trajectory,0.0
248.4,A2001,A0200,B0100,3580.3803068710727,-4824.688078547749,-5844.037298743643,199.95503738817882,MISS,Trajectory,0.0
248.4,A2002,A0200,B0100,3571.341006994724,-4816.5598783519345,-5800.313023753738,199.94567413755746,MISS,Trajectory,0.0
248.60000000000002,A1001,A0100,B0100,4072.2440190629345,-4992.286207487327,-4783.118977629151,199.9792575903768,MISS,Trajectory,0.0
248.60000000000002,A1002,A0100,B0100,4063.7808414424335,-5024.443608120833,-4860.248482206687,199.79590488595122,MISS,Trajectory,0.0
248.60000000000002,A2001,A0200,B0100,3580.3803068710727,-4824.688078547749,-5844.037298743643,199.95503738817882,MISS,Trajectory,0.0
248.60000000000002,A2002,A0200,B0100,3571.341006994724,-4816.5598783519345,-5800.313023753738,199.94567413755746,MISS,Trajectory,0.0
248.8,A1001,A0100,B0100,4072.2440190629345,-4992.286207487327,-4783.118977629151,199.9792575903768,MISS,Trajectory,0.0
248.8,A1002,A0100,B0100,4063.7808414424335,-5024.443608120833,-4860.248482206687,199.79590488595122,MISS,Trajectory,0.0
248.8,A2001,A0200,B0100,3580.3803068710727,-4824.688078547749,-5844.037298743643,199.95503738817882,MISS,Trajectory,0.0
248.8,A2002,A0200,B0100,3571.341006994724,-4816.5598783519345,-5800.313023753738,199.94567413755746,MISS,Trajectory,0.0
249.0,A1001,A0100,B0100,4072.2440190629345,-4992.286207487327,-4783.118977629151,199.9792575903768,MISS,Trajectory,0.0
249.0,A1002,A0100,B0100,4063.7808414424335,-5024.443608120833,-4860.248482206687,199.79590488595122,MISS,Trajectory,0.0
249.0,A2001,A0200,B0100,3580.3803068710727,-4824.688078547749,-5844.037298743643,199.95503738817882,MISS,Trajectory,0.0
249.0,A2002,A0200,B0100,3571.341006994724,-4816.5598783519345,-5800.313023753738,199.94567413755746,MISS,Trajectory,0.0
249.20000000000002,A1001,A0100,B0100,4072.2440190629345,-4992.286207487327,-4783.118977629151,199.9792575903768,MISS,Trajectory,0.0
249.20000000000002,A1002,A0100,B0100,4063.7808414424335,-5024.443608120833,-4860.248482206687,199.79590488595122,MISS,Trajectory,0.0
249.20000000000002,A2001,A0200,B0100,3580.3803068710727,-4824.688078547749,-5844.037298743643,199.95503738817882,MISS,Trajectory,0.0
249.20000000000002,A2002,A0200,B0100,3571.341006994724,-4816.5598783519345,-5800.313023753738,199.94567413755746,MISS,Trajectory,0.0
249.4,A1001,A0100,B0100,4072.2440190629345,-4992.286207487327,-4783.118977629151,199.9792575903768,MISS,Trajectory,0.0
249.4,A1002,A0100,B0100,4063.7808414424335,-5024.443608120833,-4860.248482206687,199.79590488595122,MISS,Trajectory,0.0
249.4,A2001,A0200,B0100,3580.3803068710727,-4824.688078547749,-5844.037298743643,199.95503738817882,MISS,Trajectory,0.0
249.4,A2002,A0200,B0100,3571.341006994724,-4816.5598783519345,-5800.313023753738,199.94567413755746,MISS,Trajectory,0.0
249.60000000000002,A1001,A0100,B0100,4072.2440190629345,-4992.286207487327,-4783.118977629151,199.9792575903768,MISS,Trajectory,0.0
249.60000000000002,A1002,A0100,B0100,4063.7808414424335,-5024.443608120833,-4860.248482206687,199.79590488595122,MISS,Trajectory,0.0
249.60000000000002,A2001,A0200,B0100,3580.3803068710727,-4824.688078547749,-5844.037298743643,199.95503738817882,MISS,Trajectory,0.0
249.60000000000002,A2002,A0200,B0100,3571.341006994724,-4816.5598783519345,-5800.313023753738,199.94567413755746,MISS,Trajectory,0.0
249.8,A1001,A0100,B0100,4072.2440190629345,-4992.286207487327,-4783.118977629151,199.9792575903768,MISS,Trajectory,0.0
249.8,A1002,A0100,B0100,4063.7808414424335,-5024.443608120833,-4860.248482206687,199.79590488595122,MISS,Trajectory,0.0
249.8,A2001,A0200,B0100,3580.3803068710727,-4824.688078547749,-5844.037298743643,199.95503738817882,MISS,Trajectory,0.0
249.8,A2002,A0200,B0100,3571.341006994724,-4816.5598783519345,-5800.313023753738,199.94567413755746,MISS,Trajectory,0.0
250.0,A1001,A0100,B0100,4072.2440190629345,-4992.286207487327,-4783.118977629151,199.9792575903768,MISS,Trajectory,0.0
250.0,A1002,A0100,B0100,4063.7808414424335,-5024.443608120833,-4860.248482206687,199.79590488595122,MISS,Trajectory,0.0
250.0,A2001,A0200,B0100,3580.3803068710727,-4824.688078547749,-5844.037298743643,199.95503738817882,MISS,Trajectory,0.0
250.0,A2002,A0200,B0100,3571.341006994724,-4816.5598783519345,-5800.313023753738,199.94567413755746,MISS,Trajectory,0.0
250.20000000000002,A1001,A0100,B0100,4072.2440190629345,-4992.286207487327,-4783.118977629151,199.9792575903768,MISS,Trajectory,0.0
250.20000000000002,A1002,A0100,B0100,4063.7808414424335,-5024.443608120833,-4860.248482206687,199.79590488595122,MISS,Trajectory,0.0
250.20000000000002,A2001,A0200,B0100,3580.3803068710727,-4824.688078547749,-5844.037298743643,199.95503738817882,MISS,Trajectory,0.0
250.20000000000002,A2002,A0200,B0100,3571.341006994724,-4816.5598783519345,-5800.313023753738,199.94567413755746,MISS,Trajectory,0.0
250.4,A1001,A0100,B0100,4072.2440190629345,-4992.286207487327,-4783.118977629151,199.9792575903768,MISS,Trajectory,0.0
250.4,A1002,A0100,B0100,4063.7808414424335,-5024.443608120833,-4860.248482206687,199.79590488595122,MISS,Trajectory,0.0
250.4,A2001,A0200,B0100,3580.3803068710727,-4824.688078547749,-5844.037298743643,199.95503738817882,MISS,Trajectory,0.0
250.4,A2002,A0200,B0100,3571.341006994724,-4816.5598783519345,-5800.313023753738,199.94567413755746,MISS,Trajectory,0.0
250.60000000000002,A1001,A0100,B0100,4072.2440190629345,-4992.286207487327,-4783.118977629151,199.9792575903768,MISS,Trajectory,0.0
250.60000000000002,A1002,A0100,B0100,4063.7808414424335,-5024.443608120833,-4860.248482206687,199.79590488595122,MISS,Trajectory,0.0
250.60000000000002,A2001,A0200,B0100,3580.3803068710727,-4824.688078547749,-5844.037298743643,199.95503738817882,MISS,Trajectory,0.0
250.60000000000002,A2002,A0200,B0100,3571.341006994724,-4816.5598783519345,-5800.313023753738,199.94567413755746,MISS,Trajectory,0.0
250.8,A1001,A0100,B0100,4072.2440190629345,-4992.286207487327,-4783.118977629151,199.9792575903768,MISS,Trajectory,0.0
250.8,A1002,A0100,B0100,4063.7808414424335,-5024.443608120833,-4860.248482206687,199.79590488595122,MISS,Trajectory,0.0
250.8,A2001,A0200,B0100,3580.3803068710727,-4824.688078547749,-5844.037298743643,199.95503738817882,MISS,Trajectory,0.0
250.8,A2002,A0200,B0100,3571.341006994724,-4816.5598783519345,-5800.313023753738,199.94567413755746,MISS,Trajectory,0.0
251.0,A1001,A0100,B0100,4072.2440190629345,-4992.286207487327,-4783.118977629151,199.9792575903768,MISS,Trajectory,0.0
251.0,A1002,A0100,B0100,4063.7808414424335,-5024.443608120833,-4860.248482206687,199.79590488595122,MISS,Trajectory,0.0
251.0,A2001,A0200,B0100,3580.3803068710727,-4824.688078547749,-5844.037298743643,199.95503738817882,MISS,Trajectory,0.0
251.0,A2002,A0200,B0100,3571.341006994724,-4816.5598783519345,-5800.313023753738,199.94567413755746,MISS,Trajectory,0.0
251.20000000000002,A1001,A0100,B0100,4072.2440190629345,-4992.286207487327,-4783.118977629151,199.9792575903768,MISS,Trajectory,0.0
251.20000000000002,A1002,A0100,B0100,4063.7808414424335,-5024.443608120833,-4860.248482206687,199.79590488595122,MISS,Trajectory,0.0
251.20000000000002,A2001,A0200,B0100,3580.3803068710727,-4824.688078547749,-5844.037298743643,199.95503738817882,MISS,Trajectory,0.0
251.20000000000002,A2002,A0200,B0100,3571.341006994724,-4816.5598783519345,-5800.313023753738,199.94567413755746,MISS,Trajectory,0.0
251.4,A1001,A0100,B0100,4072.2440190629345,-4992.286207487327,-4783.118977629151,199.9792575903768,MISS,Trajectory,0.0
251.4,A1002,A0100,B0100,4063.7808414424335,-5024.443608120833,-4860.248482206687,199.79590488595122,MISS,Trajectory,0.0
251.4,A2001,A0200,B0100,3580.3803068710727,-4824.688078547749,-5844.037298743643,199.95503738817882,MISS,Trajectory,0.0
251.4,A2002,A0200,B0100,3571.341006994724,-4816.5598783519345,-5800.313023753738,199.94567413755746,MISS,Trajectory,0.0
251.60000000000002,A1001,A0100,B0100,4072.2440190629345,-4992.286207487327,-4783.118977629151,199.9792575903768,MISS,Trajectory,0.0
251.60000000000002,A1002,A0100,B0100,4063.7808414424335,-5024.443608120833,-4860.248482206687,199.79590488595122,MISS,Trajectory,0.0
251.60000000000002,A2001,A0200,B0100,3580.3803068710727,-4824.688078547749,-5844.037298743643,199.95503738817882,MISS,Trajectory,0.0
251.60000000000002,A2002,A0200,B0100,3571.341006994724,-4816.5598783519345,-5800.313023753738,199.94567413755746,MISS,Trajectory,0.0
251.8,A1001,A0100,B0100,4072.2440190629345,-4992.286207487327,-4783.118977629151,199.9792575903768,MISS,Trajectory,0.0
251.8,A1002,A0100,B0100,4063.7808414424335,-5024.443608120833,-4860.248482206687,199.79590488595122,MISS,Trajectory,0.0
251.8,A2001,A0200,B0100,3580.3803068710727,-4824.688078547749,-5844.037298743643,199.95503738817882,MISS,Trajectory,0.0
251.8,A2002,A0200,B0100,3571.341006994724,-4816.5598783519345,-5800.313023753738,199.94567413755746,MISS,Trajectory,0.0
252.0,A1001,A0100,B0100,4072.2440190629345,-4992.286207487327,-4783.118977629151,199.9792575903768,MISS,Trajectory,0.0
252.0,A1002,A0100,B0100,4063.7808414424335,-5024.443608120833,-4860.248482206687,199.79590488595122,MISS,Trajectory,0.0
252.0,A2001,A0200,B0100,3580.3803068710727,-4824.688078547749,-5844.037298743643,199.95503738817882,MISS,Trajectory,0.0
252.0,A2002,A0200,B0100,3571.341006994724,-4816.5598783519345,-5800.313023753738,199.94567413755746,MISS,Trajectory,0.0
252.20000000000002,A1001,A0100,B0100,4072.2440190629345,-4992.286207487327,-4783.118977629151,199.9792575903768,MISS,Trajectory,0.0
252.20000000000002,A1002,A0100,B0100,4063.7808414424335,-5024.443608120833,-4860.248482206687,199.79590488595122,MISS,Trajectory,0.0
252.20000000000002,A2001,A0200,B0100,3580.3803068710727,-4824.688078547749,-5844.037298743643,199.95503738817882,MISS,Trajectory,0.0
252.20000000000002,A2002,A0200,B0100,3571.341006994724,-4816.5598783519345,-5800.313023753738,199.94567413755746,MISS,Trajectory,0.0
252.4,A1001,A0100,B0100,4072.2440190629345,-4992.286207487327,-4783.118977629151,199.9792575903768,MISS,Trajectory,0.0
252.4,A1002,A0100,B0100,4063.7808414424335,-5024.443608120833,-4860.248482206687,199.79590488595122,MISS,Trajectory,0.0
252.4,A2001,A0200,B0100,3580.3803068710727,-4824.688078547749,-5844.037298743643,199.95503738817882,MISS,Trajectory,0.0
252.4,A2002,A0200,B0100,3571.341006994724,-4816.5598783519345,-5800.313023753738,199.94567413755746,MISS,Trajectory,0.0
252.60000000000002,A1001,A0100,B0100,4072.2440190629345,-4992.286207487327,-4783.118977629151,199.9792575903768,MISS,Trajectory,0.0
252.60000000000002,A1002,A0100,B0100,4063.7808414424335,-5024.443608120833,-4860.248482206687,199.79590488595122,MISS,Trajectory,0.0
252.60000000000002,A2001,A0200,B0100,3580.3803068710727,-4824.688078547749,-5844.037298743643,199.95503738817882,MISS,Trajectory,0.0
252.60000000000002,A2002,A0200,B0100,3571.341006994724,-4816.5598783519345,-5800.313023753738,199.94567413755746,MISS,Trajectory,0.0
252.8,A1001,A0100,B0100,4072.2440190629345,-4992.286207487327,-4783.118977629151,199.9792575903768,MISS,Trajectory,0.0
252.8,A1002,A0100,B0100,4063.7808414424335,-5024.443608120833,-4860.248482206687,199.79590488595122,MISS,Trajectory,0.0
252.8,A2001,A0200,B0100,3580.3803068710727,-4824.688078547749,-5844.037298743643,199.95503738817882,MISS,Trajectory,0.0
252.8,A2002,A0200,B0100,3571.341006994724,-4816.5598783519345,-5800.313023753738,199.94567413755746,MISS,Trajectory,0.0
253.0,A1001,A0100,B0100,4072.2440190629345,-4992.286207487327,-4783.118977629151,199.9792575903768,MISS,Trajectory,0.0
253.0,A1002,A0100,B0100,4063.7808414424335,-5024.443608120833,-4860.248482206687,199.79590488595122,MISS,Trajectory,0.0
253.0,A2001,A0200,B0100,3580.3803068710727,-4824.688078547749,-5844.037298743643,199.95503738817882,MISS,Trajectory,0.0
253.0,A2002,A0200,B0100,3571.341006994724,-4816.5598783519345,-5800.313023753738,199.94567413755746,MISS,Trajectory,0.0
253.20000000000002,A1001,A0100,B0100,4072.2440190629345,-4992.286207487327,-4783.118977629151,199.9792575903768,MISS,Trajectory,0.0
253.20000000000002,A1002,A0100,B0100,4063.7808414424335,-5024.443608120833,-4860.248482206687,199.79590488595122,MISS,Trajectory,0.0
253.20000000000002,A2001,A0200,B0100,3580.3803068710727,-4824.688078547749,-5844.037298743643,199.95503738817882,MISS,Trajectory,0.0
253.20000000000002,A2002,A0200,B0100,3571.341006994724,-4816.5598783519345,-5800.313023753738,199.94567413755746,MISS,Trajectory,0.0
253.4,A1001,A0100,B0100,4072.2440190629345,-4992.286207487327,-4783.118977629151,199.9792575903768,MISS,Trajectory,0.0
253.4,A1002,A0100,B0100,4063.7808414424335,-5024.443608120833,-4860.248482206687,199.79590488595122,MISS,Trajectory,0.0
253.4,A2001,A0200,B0100,3580.3803068710727,-4824.688078547749,-5844.037298743643,199.95503738817882,MISS,Trajectory,0.0
253.4,A2002,A0200,B0100,3571.341006994724,-4816.5598783519345,-5800.313023753738,199.94567413755746,MISS,Trajectory,0.0
253.60000000000002,A1001,A0100,B0100,4072.2440190629345,-4992.286207487327,-4783.118977629151,199.9792575903768,MISS,Trajectory,0.0
253.60000000000002,A1002,A0100,B0100,4063.7808414424335,-5024.443608120833,-4860.248482206687,199.79590488595122,MISS,Trajectory,0.0
253.60000000000002,A2001,A0200,B0100,3580.3803068710727,-4824.688078547749,-5844.037298743643,199.95503738817882,MISS,Trajectory,0.0
253.60000000000002,A2002,A0200,B0100,3571.341006994724,-4816.5598783519345,-5800.313023753738,199.94567413755746,MISS,Trajectory,0.0
253.8,A1001,A0100,B0100,4072.2440190629345,-4992.286207487327,-4783.118977629151,199.9792575903768,MISS,Trajectory,0.0
253.8,A1002,A0100,B0100,4063.7808414424335,-5024.443608120833,-4860.248482206687,199.79590488595122,MISS,Trajectory,0.0
253.8,A2001,A0200,B0100,3580.3803068710727,-4824.688078547749,-5844.037298743643,199.95503738817882,MISS,Trajectory,0.0
253.8,A2002,A0200,B0100,3571.341006994724,-4816.5598783519345,-5800.313023753738,199.94567413755746,MISS,Trajectory,0.0
254.0,A1001,A0100,B0100,4072.2440190629345,-4992.286207487327,-4783.118977629151,199.9792575903768,MISS,Trajectory,0.0
254.0,A1002,A0100,B0100,4063.7808414424335,-5024.443608120833,-4860.248482206687,199.79590488595122,MISS,Trajectory,0.0
254.0,A2001,A0200,B0100,3580.3803068710727,-4824.688078547749,-5844.037298743643,199.95503738817882,MISS,Trajectory,0.0
254.0,A2002,A0200,B0100,3571.341006994724,-4816.5598783519345,-5800.313023753738,199.94567413755746,MISS,Trajectory,0.0
254.20000000000002,A1001,A0100,B0100,4072.2440190629345,-4992.286207487327,-4783.118977629151,199.9792575903768,MISS,Trajectory,0.0
254.20000000000002,A1002,A0100,B0100,4063.7808414424335,-5024.443608120833,-4860.248482206687,199.79590488595122,MISS,Trajectory,0.0
254.20000000000002,A2001,A0200,B0100,3580.3803068710727,-4824.688078547749,-5844.037298743643,199.95503738817882,MISS,Trajectory,0.0
254.20000000000002,A2002,A0200,B0100,3571.341006994724,-4816.5598783519345,-5800.313023753738,199.94567413755746,MISS,Trajectory,0.0
254.4,A1001,A0100,B0100,4072.2440190629345,-4992.286207487327,-4783.118977629151,199.9792575903768,MISS,Trajectory,0.0
254.4,A1002,A0100,B0100,4063.7808414424335,-5024.443608120833,-4860.248482206687,199.79590488595122,MISS,Trajectory,0.0
254.4,A2001,A0200,B0100,3580.3803068710727,-4824.688078547749,-5844.037298743643,199.95503738817882,MISS,Trajectory,0.0
254.4,A2002,A0200,B0100,3571.341006994724,-4816.5598783519345,-5800.313023753738,199.94567413755746,MISS,Trajectory,0.0
254.60000000000002,A1001,A0100,B0100,4072.2440190629345,-4992.286207487327,-4783.118977629151,199.9792575903768,MISS,Trajectory,0.0
254.60000000000002,A1002,A0100,B0100,4063.7808414424335,-5024.443608120833,-4860.248482206687,199.79590488595122,MISS,Trajectory,0.0
254.60000000000002,A2001,A0200,B0100,3580.3803068710727,-4824.688078547749,-5844.037298743643,199.95503738817882,MISS,Trajectory,0.0
254.60000000000002,A2002,A0200,B0100,3571.341006994724,-4816.5598783519345,-5800.313023753738,199.94567413755746,MISS,Trajectory,0.0
254.8,A1001,A0100,B0100,4072.2440190629345,-4992.286207487327,-4783.118977629151,199.9792575903768,MISS,Trajectory,0.0
254.8,A1002,A0100,B0100,4063.7808414424335,-5024.443608120833,-4860.248482206687,199.79590488595122,MISS,Trajectory,0.0
254.8,A2001,A0200,B0100,3580.3803068710727,-4824.688078547749,-5844.037298743643,199.95503738817882,MISS,Trajectory,0.0
254.8,A2002,A0200,B0100,3571.341006994724,-4816.5598783519345,-5800.313023753738,199.94567413755746,MISS,Trajectory,0.0
255.0,A1001,A0100,B0100,4072.2440190629345,-4992.286207487327,-4783.118977629151,199.9792575903768,MISS,Trajectory,0.0
255.0,A1002,A0100,B0100,4063.7808414424335,-5024.443608120833,-4860.248482206687,199.79590488595122,MISS,Trajectory,0.0
255.0,A2001,A0200,B0100,3580.3803068710727,-4824.688078547749,-5844.037298743643,199.95503738817882,MISS,Trajectory,0.0
255.0,A2002,A0200,B0100,3571.341006994724,-4816.5598783519345,-5800.313023753738,199.94567413755746,MISS,Trajectory,0.0
255.20000000000002,A1001,A0100,B0100,4072.2440190629345,-4992.286207487327,-4783.118977629151,199.9792575903768,MISS,Trajectory,0.0
255.20000000000002,A1002,A0100,B0100,4063.7808414424335,-5024.443608120833,-4860.248482206687,199.79590488595122,MISS,Trajectory,0.0
255.20000000000002,A2001,A0200,B0100,3580.3803068710727,-4824.688078547749,-5844.037298743643,199.95503738817882,MISS,Trajectory,0.0
255.20000000000002,A2002,A0200,B0100,3571.341006994724,-4816.5598783519345,-5800.313023753738,199.94567413755746,MISS,Trajectory,0.0
255.4,A1001,A0100,B0100,4072.2440190629345,-4992.286207487327,-4783.118977629151,199.9792575903768,MISS,Trajectory,0.0
255.4,A1002,A0100,B0100,4063.7808414424335,-5024.443608120833,-4860.248482206687,199.79590488595122,MISS,Trajectory,0.0
255.4,A2001,A0200,B0100,3580.3803068710727,-4824.688078547749,-5844.037298743643,199.95503738817882,MISS,Trajectory,0.0
255.4,A2002,A0200,B0100,3571.341006994724,-4816.5598783519345,-5800.313023753738,199.94567413755746,MISS,Trajectory,0.0
255.60000000000002,A1001,A0100,B0100,4072.2440190629345,-4992.286207487327,-4783.118977629151,199.9792575903768,MISS,Trajectory,0.0
255.60000000000002,A1002,A0100,B0100,4063.7808414424335,-5024.443608120833,-4860.248482206687,199.79590488595122,MISS,Trajectory,0.0
255.60000000000002,A2001,A0200,B0100,3580.3803068710727,-4824.688078547749,-5844.037298743643,199.95503738817882,MISS,Trajectory,0.0
255.60000000000002,A2002,A0200,B0100,3571.341006994724,-4816.5598783519345,-5800.313023753738,199.94567413755746,MISS,Trajectory,0.0
255.8,A1001,A0100,B0100,4072.2440190629345,-4992.286207487327,-4783.118977629151,199.9792575903768,MISS,Trajectory,0.0
255.8,A1002,A0100,B0100,4063.7808414424335,-5024.443608120833,-4860.248482206687,199.79590488595122,MISS,Trajectory,0.0
255.8,A2001,A0200,B0100,3580.3803068710727,-4824.688078547749,-5844.037298743643,199.95503738817882,MISS,Trajectory,0.0
255.8,A2002,A0200,B0100,3571.341006994724,-4816.5598783519345,-5800.313023753738,199.94567413755746,MISS,Trajectory,0.0
256.0,A1001,A0100,B0100,4072.2440190629345,-4992.286207487327,-4783.118977629151,199.9792575903768,MISS,Trajectory,0.0
256.0,A1002,A0100,B0100,4063.7808414424335,-5024.443608120833,-4860.248482206687,199.79590488595122,MISS,Trajectory,0.0
256.0,A2001,A0200,B0100,3580.3803068710727,-4824.688078547749,-5844.037298743643,199.95503738817882,MISS,Trajectory,0.0
256.0,A2002,A0200,B0100,3571.341006994724,-4816.5598783519345,-5800.313023753738,199.94567413755746,MISS,Trajectory,0.0
256.2,A1001,A0100,B0100,4072.2440190629345,-4992.286207487327,-4783.118977629151,199.9792575903768,MISS,Trajectory,0.0
256.2,A1002,A0100,B0100,4063.7808414424335,-5024.443608120833,-4860.248482206687,199.79590488595122,MISS,Trajectory,0.0
256.2,A2001,A0200,B0100,3580.3803068710727,-4824.688078547749,-5844.037298743643,199.95503738817882,MISS,Trajectory,0.0
256.2,A2002,A0200,B0100,3571.341006994724,-4816.5598783519345,-5800.313023753738,199.94567413755746,MISS,Trajectory,0.0
256.40000000000003,A1001,A0100,B0100,4072.2440190629345,-4992.286207487327,-4783.118977629151,199.9792575903768,MISS,Trajectory,0.0
256.40000000000003,A1002,A0100,B0100,4063.7808414424335,-5024.443608120833,-4860.248482206687,199.79590488595122,MISS,Trajectory,0.0
256.40000000000003,A2001,A0200,B0100,3580.3803068710727,-4824.688078547749,-5844.037298743643,199.95503738817882,MISS,Trajectory,0.0
256.40000000000003,A2002,A0200,B0100,3571.341006994724,-4816.5598783519345,-5800.313023753738,199.94567413755746,MISS,Trajectory,0.0
256.6,A1001,A0100,B0100,4072.2440190629345,-4992.286207487327,-4783.118977629151,199.9792575903768,MISS,Trajectory,0.0
256.6,A1002,A0100,B0100,4063.7808414424335,-5024.443608120833,-4860.248482206687,199.79590488595122,MISS,Trajectory,0.0
256.6,A2001,A0200,B0100,3580.3803068710727,-4824.688078547749,-5844.037298743643,199.95503738817882,MISS,Trajectory,0.0
256.6,A2002,A0200,B0100,3571.341006994724,-4816.5598783519345,-5800.313023753738,199.94567413755746,MISS,Trajectory,0.0
256.8,A1001,A0100,B0100,4072.2440190629345,-4992.286207487327,-4783.118977629151,199.9792575903768,MISS,Trajectory,0.0
256.8,A1002,A0100,B0100,4063.7808414424335,-5024.443608120833,-4860.248482206687,199.79590488595122,MISS,Trajectory,0.0
256.8,A2001,A0200,B0100,3580.3803068710727,-4824.688078547749,-5844.037298743643,199.95503738817882,MISS,Trajectory,0.0
256.8,A2002,A0200,B0100,3571.341006994724,-4816.5598783519345,-5800.313023753738,199.94567413755746,MISS,Trajectory,0.0
257.0,A1001,A0100,B0100,4072.2440190629345,-4992.286207487327,-4783.118977629151,199.9792575903768,MISS,Trajectory,0.0
257.0,A1002,A0100,B0100,4063.7808414424335,-5024.443608120833,-4860.248482206687,199.79590488595122,MISS,Trajectory,0.0
257.0,A2001,A0200,B0100,3580.3803068710727,-4824.688078547749,-5844.037298743643,199.95503738817882,MISS,Trajectory,0.0
257.0,A2002,A0200,B0100,3571.341006994724,-4816.5598783519345,-5800.313023753738,199.94567413755746,MISS,Trajectory,0.0
257.2,A1001,A0100,B0100,4072.2440190629345,-4992.286207487327,-4783.118977629151,199.9792575903768,MISS,Trajectory,0.0
257.2,A1002,A0100,B0100,4063.7808414424335,-5024.443608120833,-4860.248482206687,199.79590488595122,MISS,Trajectory,0.0
257.2,A2001,A0200,B0100,3580.3803068710727,-4824.688078547749,-5844.037298743643,199.95503738817882,MISS,Trajectory,0.0
257.2,A2002,A0200,B0100,3571.341006994724,-4816.5598783519345,-5800.313023753738,199.94567413755746,MISS,Trajectory,0.0
257.40000000000003,A1001,A0100,B0100,4072.2440190629345,-4992.286207487327,-4783.118977629151,199.9792575903768,MISS,Trajectory,0.0
257.40000000000003,A1002,A0100,B0100,4063.7808414424335,-5024.443608120833,-4860.248482206687,199.79590488595122,MISS,Trajectory,0.0
257.40000000000003,A2001,A0200,B0100,3580.3803068710727,-4824.688078547749,-5844.037298743643,199.95503738817882,MISS,Trajectory,0.0
257.40000000000003,A2002,A0200,B0100,3571.341006994724,-4816.5598783519345,-5800.313023753738,199.94567413755746,MISS,Trajectory,0.0
257.6,A1001,A0100,B0100,4072.2440190629345,-4992.286207487327,-4783.118977629151,199.9792575903768,MISS,Trajectory,0.0
257.6,A1002,A0100,B0100,4063.7808414424335,-5024.443608120833,-4860.248482206687,199.79590488595122,MISS,Trajectory,0.0
257.6,A2001,A0200,B0100,3580.3803068710727,-4824.688078547749,-5844.037298743643,199.95503738817882,MISS,Trajectory,0.0
257.6,A2002,A0200,B0100,3571.341006994724,-4816.5598783519345,-5800.313023753738,199.94567413755746,MISS,Trajectory,0.0
257.8,A1001,A0100,B0100,4072.2440190629345,-4992.286207487327,-4783.118977629151,199.9792575903768,MISS,Trajectory,0.0
257.8,A1002,A0100,B0100,4063.7808414424335,-5024.443608120833,-4860.248482206687,199.79590488595122,MISS,Trajectory,0.0
257.8,A2001,A0200,B0100,3580.3803068710727,-4824.688078547749,-5844.037298743643,199.95503738817882,MISS,Trajectory,0.0
257.8,A2002,A0200,B0100,3571.341006994724,-4816.5598783519345,-5800.313023753738,199.94567413755746,MISS,Trajectory,0.0
258.0,A1001,A0100,B0100,4072.2440190629345,-4992.286207487327,-4783.118977629151,199.9792575903768,MISS,Trajectory,0.0
258.0,A1002,A0100,B0100,4063.7808414424335,-5024.443608120833,-4860.248482206687,199.79590488595122,MISS,Trajectory,0.0
258.0,A2001,A0200,B0100,3580.3803068710727,-4824.688078547749,-5844.037298743643,199.95503738817882,MISS,Trajectory,0.0
258.0,A2002,A0200,B0100,3571.341006994724,-4816.5598783519345,-5800.313023753738,199.94567413755746,MISS,Trajectory,0.0
258.2,A1001,A0100,B0100,4072.2440190629345,-4992.286207487327,-4783.118977629151,199.9792575903768,MISS,Trajectory,0.0
258.2,A1002,A0100,B0100,4063.7808414424335,-5024.443608120833,-4860.248482206687,199.79590488595122,MISS,Trajectory,0.0
258.2,A2001,A0200,B0100,3580.3803068710727,-4824.688078547749,-5844.037298743643,199.95503738817882,MISS,Trajectory,0.0
258.2,A2002,A0200,B0100,3571.341006994724,-4816.5598783519345,-5800.313023753738,199.94567413755746,MISS,Trajectory,0.0
258.40000000000003,A1001,A0100,B0100,4072.2440190629345,-4992.286207487327,-4783.118977629151,199.9792575903768,MISS,Trajectory,0.0
258.40000000000003,A1002,A0100,B0100,4063.7808414424335,-5024.443608120833,-4860.248482206687,199.79590488595122,MISS,Trajectory,0.0
258.40000000000003,A2001,A0200,B0100,3580.3803068710727,-4824.688078547749,-5844.037298743643,199.95503738817882,MISS,Trajectory,0.0
258.40000000000003,A2002,A0200,B0100,3571.341006994724,-4816.5598783519345,-5800.313023753738,199.94567413755746,MISS,Trajectory,0.0
258.6,A1001,A0100,B0100,4072.2440190629345,-4992.286207487327,-4783.118977629151,199.9792575903768,MISS,Trajectory,0.0
258.6,A1002,A0100,B0100,4063.7808414424335,-5024.443608120833,-4860.248482206687,199.79590488595122,MISS,Trajectory,0.0
258.6,A2001,A0200,B0100,3580.3803068710727,-4824.688078547749,-5844.037298743643,199.95503738817882,MISS,Trajectory,0.0
258.6,A2002,A0200,B0100,3571.341006994724,-4816.5598783519345,-5800.313023753738,199.94567413755746,MISS,Trajectory,0.0
258.8,A1001,A0100,B0100,4072.2440190629345,-4992.286207487327,-4783.118977629151,199.9792575903768,MISS,Trajectory,0.0
258.8,A1002,A0100,B0100,4063.7808414424335,-5024.443608120833,-4860.248482206687,199.79590488595122,MISS,Trajectory,0.0
258.8,A2001,A0200,B0100,3580.3803068710727,-4824.688078547749,-5844.037298743643,199.95503738817882,MISS,Trajectory,0.0
258.8,A2002,A0200,B0100,3571.341006994724,-4816.5598783519345,-5800.313023753738,199.94567413755746,MISS,Trajectory,0.0
259.0,A1001,A0100,B0100,4072.2440190629345,-4992.286207487327,-4783.118977629151,199.9792575903768,MISS,Trajectory,0.0
259.0,A1002,A0100,B0100,4063.7808414424335,-5024.443608120833,-4860.248482206687,199.79590488595122,MISS,Trajectory,0.0
259.0,A2001,A0200,B0100,3580.3803068710727,-4824.688078547749,-5844.037298743643,199.95503738817882,MISS,Trajectory,0.0
259.0,A2002,A0200,B0100,3571.341006994724,-4816.5598783519345,-5800.313023753738,199.94567413755746,MISS,Trajectory,0.0
259.2,A1001,A0100,B0100,4072.2440190629345,-4992.286207487327,-4783.118977629151,199.9792575903768,MISS,Trajectory,0.0
259.2,A1002,A0100,B0100,4063.7808414424335,-5024.443608120833,-4860.248482206687,199.79590488595122,MISS,Trajectory,0.0
259.2,A2001,A0200,B0100,3580.3803068710727,-4824.688078547749,-5844.037298743643,199.95503738817882,MISS,Trajectory,0.0
259.2,A2002,A0200,B0100,3571.341006994724,-4816.5598783519345,-5800.313023753738,199.94567413755746,MISS,Trajectory,0.0
259.40000000000003,A1001,A0100,B0100,4072.2440190629345,-4992.286207487327,-4783.118977629151,199.9792575903768,MISS,Trajectory,0.0
259.40000000000003,A1002,A0100,B0100,4063.7808414424335,-5024.443608120833,-4860.248482206687,199.79590488595122,MISS,Trajectory,0.0
259.40000000000003,A2001,A0200,B0100,3580.3803068710727,-4824.688078547749,-5844.037298743643,199.95503738817882,MISS,Trajectory,0.0
259.40000000000003,A2002,A0200,B0100,3571.341006994724,-4816.5598783519345,-5800.313023753738,199.94567413755746,MISS,Trajectory,0.0
259.6,A1001,A0100,B0100,4072.2440190629345,-4992.286207487327,-4783.118977629151,199.9792575903768,MISS,Trajectory,0.0
259.6,A1002,A0100,B0100,4063.7808414424335,-5024.443608120833,-4860.248482206687,199.79590488595122,MISS,Trajectory,0.0
259.6,A2001,A0200,B0100,3580.3803068710727,-4824.688078547749,-5844.037298743643,199.95503738817882,MISS,Trajectory,0.0
259.6,A2002,A0200,B0100,3571.341006994724,-4816.5598783519345,-5800.313023753738,199.94567413755746,MISS,Trajectory,0.0
259.8,A1001,A0100,B0100,4072.2440190629345,-4992.286207487327,-4783.118977629151,199.9792575903768,MISS,Trajectory,0.0
259.8,A1002,A0100,B0100,4063.7808414424335,-5024.443608120833,-4860.248482206687,199.79590488595122,MISS,Trajectory,0.0
259.8,A2001,A0200,B0100,3580.3803068710727,-4824.688078547749,-5844.037298743643,199.95503738817882,MISS,Trajectory,0.0
259.8,A2002,A0200,B0100,3571.341006994724,-4816.5598783519345,-5800.313023753738,199.94567413755746,MISS,Trajectory,0.0
260.0,A1001,A0100,B0100,4072.2440190629345,-4992.286207487327,-4783.118977629151,199.9792575903768,MISS,Trajectory,0.0
260.0,A1002,A0100,B0100,4063.7808414424335,-5024.443608120833,-4860.248482206687,199.79590488595122,MISS,Trajectory,0.0
260.0,A2001,A0200,B0100,3580.3803068710727,-4824.688078547749,-5844.037298743643,199.95503738817882,MISS,Trajectory,0.0
260.0,A2002,A0200,B0100,3571.341006994724,-4816.5598783519345,-5800.313023753738,199.94567413755746,MISS,Trajectory,0.0
260.2,A1001,A0100,B0100,4072.2440190629345,-4992.286207487327,-4783.118977629151,199.9792575903768,MISS,Trajectory,0.0
260.2,A1002,A0100,B0100,4063.7808414424335,-5024.443608120833,-4860.248482206687,199.79590488595122,MISS,Trajectory,0.0
260.2,A2001,A0200,B0100,3580.3803068710727,-4824.688078547749,-5844.037298743643,199.95503738817882,MISS,Trajectory,0.0
260.2,A2002,A0200,B0100,3571.341006994724,-4816.5598783519345,-5800.313023753738,199.94567413755746,MISS,Trajectory,0.0
260.40000000000003,A1001,A0100,B0100,4072.2440190629345,-4992.286207487327,-4783.118977629151,199.9792575903768,MISS,Trajectory,0.0
260.40000000000003,A1002,A0100,B0100,4063.7808414424335,-5024.443608120833,-4860.248482206687,199.79590488595122,MISS,Trajectory,0.0
260.40000000000003,A2001,A0200,B0100,3580.3803068710727,-4824.688078547749,-5844.037298743643,199.95503738817882,MISS,Trajectory,0.0
260.40000000000003,A2002,A0200,B0100,3571.341006994724,-4816.5598783519345,-5800.313023753738,199.94567413755746,MISS,Trajectory,0.0
260.6,A1001,A0100,B0100,4072.2440190629345,-4992.286207487327,-4783.118977629151,199.9792575903768,MISS,Trajectory,0.0
260.6,A1002,A0100,B0100,4063.7808414424335,-5024.443608120833,-4860.248482206687,199.79590488595122,MISS,Trajectory,0.0
260.6,A2001,A0200,B0100,3580.3803068710727,-4824.688078547749,-5844.037298743643,199.95503738817882,MISS,Trajectory,0.0
260.6,A2002,A0200,B0100,3571.341006994724,-4816.5598783519345,-5800.313023753738,199.94567413755746,MISS,Trajectory,0.0
260.8,A1001,A0100,B0100,4072.2440190629345,-4992.286207487327,-4783.118977629151,199.9792575903768,MISS,Trajectory,0.0
260.8,A1002,A0100,B0100,4063.7808414424335,-5024.443608120833,-4860.248482206687,199.79590488595122,MISS,Trajectory,0.0
260.8,A2001,A0200,B0100,3580.3803068710727,-4824.688078547749,-5844.037298743643,199.95503738817882,MISS,Trajectory,0.0
260.8,A2002,A0200,B0100,3571.341006994724,-4816.5598783519345,-5800.313023753738,199.94567413755746,MISS,Trajectory,0.0
261.0,A1001,A0100,B0100,4072.2440190629345,-4992.286207487327,-4783.118977629151,199.9792575903768,MISS,Trajectory,0.0
261.0,A1002,A0100,B0100,4063.7808414424335,-5024.443608120833,-4860.248482206687,199.79590488595122,MISS,Trajectory,0.0
261.0,A2001,A0200,B0100,3580.3803068710727,-4824.688078547749,-5844.037298743643,199.95503738817882,MISS,Trajectory,0.0
261.0,A2002,A0200,B0100,3571.341006994724,-4816.5598783519345,-5800.313023753738,199.94567413755746,MISS,Trajectory,0.0
261.2,A1001,A0100,B0100,4072.2440190629345,-4992.286207487327,-4783.118977629151,199.9792575903768,MISS,Trajectory,0.0
261.2,A1002,A0100,B0100,4063.7808414424335,-5024.443608120833,-4860.248482206687,199.79590488595122,MISS,Trajectory,0.0
261.2,A2001,A0200,B0100,3580.3803068710727,-4824.688078547749,-5844.037298743643,199.95503738817882,MISS,Trajectory,0.0
261.2,A2002,A0200,B0100,3571.341006994724,-4816.5598783519345,-5800.313023753738,199.94567413755746,MISS,Trajectory,0.0
261.40000000000003,A1001,A0100,B0100,4072.2440190629345,-4992.286207487327,-4783.118977629151,199.9792575903768,MISS,Trajectory,0.0
261.40000000000003,A1002,A0100,B0100,4063.7808414424335,-5024.443608120833,-4860.248482206687,199.79590488595122,MISS,Trajectory,0.0
261.40000000000003,A2001,A0200,B0100,3580.3803068710727,-4824.688078547749,-5844.037298743643,199.95503738817882,MISS,Trajectory,0.0
261.40000000000003,A2002,A0200,B0100,3571.341006994724,-4816.5598783519345,-5800.313023753738,199.94567413755746,MISS,Trajectory,0.0
261.6,A1001,A0100,B0100,4072.2440190629345,-4992.286207487327,-4783.118977629151,199.9792575903768,MISS,Trajectory,0.0
261.6,A1002,A0100,B0100,4063.7808414424335,-5024.443608120833,-4860.248482206687,199.79590488595122,MISS,Trajectory,0.0
261.6,A2001,A0200,B0100,3580.3803068710727,-4824.688078547749,-5844.037298743643,199.95503738817882,MISS,Trajectory,0.0
261.6,A2002,A0200,B0100,3571.341006994724,-4816.5598783519345,-5800.313023753738,199.94567413755746,MISS,Trajectory,0.0
261.8,A1001,A0100,B0100,4072.2440190629345,-4992.286207487327,-4783.118977629151,199.9792575903768,MISS,Trajectory,0.0
261.8,A1002,A0100,B0100,4063.7808414424335,-5024.443608120833,-4860.248482206687,199.79590488595122,MISS,Trajectory,0.0
261.8,A2001,A0200,B0100,3580.3803068710727,-4824.688078547749,-5844.037298743643,199.95503738817882,MISS,Trajectory,0.0
261.8,A2002,A0200,B0100,3571.341006994724,-4816.5598783519345,-5800.313023753738,199.94567413755746,MISS,Trajectory,0.0
262.0,A1001,A0100,B0100,4072.2440190629345,-4992.286207487327,-4783.118977629151,199.9792575903768,MISS,Trajectory,0.0
262.0,A1002,A0100,B0100,4063.7808414424335,-5024.443608120833,-4860.248482206687,199.79590488595122,MISS,Trajectory,0.0
262.0,A2001,A0200,B0100,3580.3803068710727,-4824.688078547749,-5844.037298743643,199.95503738817882,MISS,Trajectory,0.0
262.0,A2002,A0200,B0100,3571.341006994724,-4816.5598783519345,-5800.313023753738,199.94567413755746,MISS,Trajectory,0.0
262.2,A1001,A0100,B0100,4072.2440190629345,-4992.286207487327,-4783.118977629151,199.9792575903768,MISS,Trajectory,0.0
262.2,A1002,A0100,B0100,4063.7808414424335,-5024.443608120833,-4860.248482206687,199.79590488595122,MISS,Trajectory,0.0
262.2,A2001,A0200,B0100,3580.3803068710727,-4824.688078547749,-5844.037298743643,199.95503738817882,MISS,Trajectory,0.0
262.2,A2002,A0200,B0100,3571.341006994724,-4816.5598783519345,-5800.313023753738,199.94567413755746,MISS,Trajectory,0.0
262.40000000000003,A1001,A0100,B0100,4072.2440190629345,-4992.286207487327,-4783.118977629151,199.9792575903768,MISS,Trajectory,0.0
262.40000000000003,A1002,A0100,B0100,4063.7808414424335,-5024.443608120833,-4860.248482206687,199.79590488595122,MISS,Trajectory,0.0
262.40000000000003,A2001,A0200,B0100,3580.3803068710727,-4824.688078547749,-5844.037298743643,199.95503738817882,MISS,Trajectory,0.0
262.40000000000003,A2002,A0200,B0100,3571.341006994724,-4816.5598783519345,-5800.313023753738,199.94567413755746,MISS,Trajectory,0.0
262.6,A1001,A0100,B0100,4072.2440190629345,-4992.286207487327,-4783.118977629151,199.9792575903768,MISS,Trajectory,0.0
262.6,A1002,A0100,B0100,4063.7808414424335,-5024.443608120833,-4860.248482206687,199.79590488595122,MISS,Trajectory,0.0
262.6,A2001,A0200,B0100,3580.3803068710727,-4824.688078547749,-5844.037298743643,199.95503738817882,MISS,Trajectory,0.0
262.6,A2002,A0200,B0100,3571.341006994724,-4816.5598783519345,-5800.313023753738,199.94567413755746,MISS,Trajectory,0.0
262.8,A1001,A0100,B0100,4072.2440190629345,-4992.286207487327,-4783.118977629151,199.9792575903768,MISS,Trajectory,0.0
262.8,A1002,A0100,B0100,4063.7808414424335,-5024.443608120833,-4860.248482206687,199.79590488595122,MISS,Trajectory,0.0
262.8,A2001,A0200,B0100,3580.3803068710727,-4824.688078547749,-5844.037298743643,199.95503738817882,MISS,Trajectory,0.0
262.8,A2002,A0200,B0100,3571.341006994724,-4816.5598783519345,-5800.313023753738,199.94567413755746,MISS,Trajectory,0.0
263.0,A1001,A0100,B0100,4072.2440190629345,-4992.286207487327,-4783.118977629151,199.9792575903768,MISS,Trajectory,0.0
263.0,A1002,A0100,B0100,4063.7808414424335,-5024.443608120833,-4860.248482206687,199.79590488595122,MISS,Trajectory,0.0
263.0,A2001,A0200,B0100,3580.3803068710727,-4824.688078547749,-5844.037298743643,199.95503738817882,MISS,Trajectory,0.0
263.0,A2002,A0200,B0100,3571.341006994724,-4816.5598783519345,-5800.313023753738,199.94567413755746,MISS,Trajectory,0.0
263.2,A1001,A0100,B0100,4072.2440190629345,-4992.286207487327,-4783.118977629151,199.9792575903768,MISS,Trajectory,0.0
263.2,A1002,A0100,B0100,4063.7808414424335,-5024.443608120833,-4860.248482206687,199.79590488595122,MISS,Trajectory,0.0
263.2,A2001,A0200,B0100,3580.3803068710727,-4824.688078547749,-5844.037298743643,199.95503738817882,MISS,Trajectory,0.0
263.2,A2002,A0200,B0100,3571.341006994724,-4816.5598783519345,-5800.313023753738,199.94567413755746,MISS,Trajectory,0.0
263.40000000000003,A1001,A0100,B0100,4072.2440190629345,-4992.286207487327,-4783.118977629151,199.9792575903768,MISS,Trajectory,0.0
263.40000000000003,A1002,A0100,B0100,4063.7808414424335,-5024.443608120833,-4860.248482206687,199.79590488595122,MISS,Trajectory,0.0
263.40000000000003,A2001,A0200,B0100,3580.3803068710727,-4824.688078547749,-5844.037298743643,199.95503738817882,MISS,Trajectory,0.0
263.40000000000003,A2002,A0200,B0100,3571.341006994724,-4816.5598783519345,-5800.313023753738,199.94567413755746,MISS,Trajectory,0.0
263.6,A1001,A0100,B0100,4072.2440190629345,-4992.286207487327,-4783.118977629151,199.9792575903768,MISS,Trajectory,0.0
263.6,A1002,A0100,B0100,4063.7808414424335,-5024.443608120833,-4860.248482206687,199.79590488595122,MISS,Trajectory,0.0
263.6,A2001,A0200,B0100,3580.3803068710727,-4824.688078547749,-5844.037298743643,199.95503738817882,MISS,Trajectory,0.0
263.6,A2002,A0200,B0100,3571.341006994724,-4816.5598783519345,-5800.313023753738,199.94567413755746,MISS,Trajectory,0.0
263.8,A1001,A0100,B0100,4072.2440190629345,-4992.286207487327,-4783.118977629151,199.9792575903768,MISS,Trajectory,0.0
263.8,A1002,A0100,B0100,4063.7808414424335,-5024.443608120833,-4860.248482206687,199.79590488595122,MISS,Trajectory,0.0
263.8,A2001,A0200,B0100,3580.3803068710727,-4824.688078547749,-5844.037298743643,199.95503738817882,MISS,Trajectory,0.0
263.8,A2002,A0200,B0100,3571.341006994724,-4816.5598783519345,-5800.313023753738,199.94567413755746,MISS,Trajectory,0.0
264.0,A1001,A0100,B0100,4072.2440190629345,-4992.286207487327,-4783.118977629151,199.9792575903768,MISS,Trajectory,0.0
264.0,A1002,A0100,B0100,4063.7808414424335,-5024.443608120833,-4860.248482206687,199.79590488595122,MISS,Trajectory,0.0
264.0,A2001,A0200,B0100,3580.3803068710727,-4824.688078547749,-5844.037298743643,199.95503738817882,MISS,Trajectory,0.0
264.0,A2002,A0200,B0100,3571.341006994724,-4816.5598783519345,-5800.313023753738,199.94567413755746,MISS,Trajectory,0.0
264.2,A1001,A0100,B0100,4072.2440190629345,-4992.286207487327,-4783.118977629151,199.9792575903768,MISS,Trajectory,0.0
264.2,A1002,A0100,B0100,4063.7808414424335,-5024.443608120833,-4860.248482206687,199.79590488595122,MISS,Trajectory,0.0
264.2,A2001,A0200,B0100,3580.3803068710727,-4824.688078547749,-5844.037298743643,199.95503738817882,MISS,Trajectory,0.0
264.2,A2002,A0200,B0100,3571.341006994724,-4816.5598783519345,-5800.313023753738,199.94567413755746,MISS,Trajectory,0.0
264.40000000000003,A1001,A0100,B0100,4072.2440190629345,-4992.286207487327,-4783.118977629151,199.9792575903768,MISS,Trajectory,0.0
264.40000000000003,A1002,A0100,B0100,4063.7808414424335,-5024.443608120833,-4860.248482206687,199.79590488595122,MISS,Trajectory,0.0
264.40000000000003,A2001,A0200,B0100,3580.3803068710727,-4824.688078547749,-5844.037298743643,199.95503738817882,MISS,Trajectory,0.0
264.40000000000003,A2002,A0200,B0100,3571.341006994724,-4816.5598783519345,-5800.313023753738,199.94567413755746,MISS,Trajectory,0.0
264.6,A1001,A0100,B0100,4072.2440190629345,-4992.286207487327,-4783.118977629151,199.9792575903768,MISS,Trajectory,0.0
264.6,A1002,A0100,B0100,4063.7808414424335,-5024.443608120833,-4860.248482206687,199.79590488595122,MISS,Trajectory,0.0
264.6,A2001,A0200,B0100,3580.3803068710727,-4824.688078547749,-5844.037298743643,199.95503738817882,MISS,Trajectory,0.0
264.6,A2002,A0200,B0100,3571.341006994724,-4816.5598783519345,-5800.313023753738,199.94567413755746,MISS,Trajectory,0.0
264.8,A1001,A0100,B0100,4072.2440190629345,-4992.286207487327,-4783.118977629151,199.9792575903768,MISS,Trajectory,0.0
264.8,A1002,A0100,B0100,4063.7808414424335,-5024.443608120833,-4860.248482206687,199.79590488595122,MISS,Trajectory,0.0
264.8,A2001,A0200,B0100,3580.3803068710727,-4824.688078547749,-5844.037298743643,199.95503738817882,MISS,Trajectory,0.0
264.8,A2002,A0200,B0100,3571.341006994724,-4816.5598783519345,-5800.313023753738,199.94567413755746,MISS,Trajectory,0.0
265.0,A1001,A0100,B0100,4072.2440190629345,-4992.286207487327,-4783.118977629151,199.9792575903768,MISS,Trajectory,0.0
265.0,A1002,A0100,B0100,4063.7808414424335,-5024.443608120833,-4860.248482206687,199.79590488595122,MISS,Trajectory,0.0
265.0,A2001,A0200,B0100,3580.3803068710727,-4824.688078547749,-5844.037298743643,199.95503738817882,MISS,Trajectory,0.0
265.0,A2002,A0200,B0100,3571.341006994724,-4816.5598783519345,-5800.313023753738,199.94567413755746,MISS,Trajectory,0.0
265.2,A1001,A0100,B0100,4072.2440190629345,-4992.286207487327,-4783.118977629151,199.9792575903768,MISS,Trajectory,0.0
265.2,A1002,A0100,B0100,4063.7808414424335,-5024.443608120833,-4860.248482206687,199.79590488595122,MISS,Trajectory,0.0
265.2,A2001,A0200,B0100,3580.3803068710727,-4824.688078547749,-5844.037298743643,199.95503738817882,MISS,Trajectory,0.0
265.2,A2002,A0200,B0100,3571.341006994724,-4816.5598783519345,-5800.313023753738,199.94567413755746,MISS,Trajectory,0.0
265.40000000000003,A1001,A0100,B0100,4072.2440190629345,-4992.286207487327,-4783.118977629151,199.9792575903768,MISS,Trajectory,0.0
265.40000000000003,A1002,A0100,B0100,4063.7808414424335,-5024.443608120833,-4860.248482206687,199.79590488595122,MISS,Trajectory,0.0
265.40000000000003,A2001,A0200,B0100,3580.3803068710727,-4824.688078547749,-5844.037298743643,199.95503738817882,MISS,Trajectory,0.0
265.40000000000003,A2002,A0200,B0100,3571.341006994724,-4816.5598783519345,-5800.313023753738,199.94567413755746,MISS,Trajectory,0.0
265.6,A1001,A0100,B0100,4072.2440190629345,-4992.286207487327,-4783.118977629151,199.9792575903768,MISS,Trajectory,0.0
265.6,A1002,A0100,B0100,4063.7808414424335,-5024.443608120833,-4860.248482206687,199.79590488595122,MISS,Trajectory,0.0
265.6,A2001,A0200,B0100,3580.3803068710727,-4824.688078547749,-5844.037298743643,199.95503738817882,MISS,Trajectory,0.0
265.6,A2002,A0200,B0100,3571.341006994724,-4816.5598783519345,-5800.313023753738,199.94567413755746,MISS,Trajectory,0.0
265.8,A1001,A0100,B0100,4072.2440190629345,-4992.286207487327,-4783.118977629151,199.9792575903768,MISS,Trajectory,0.0
265.8,A1002,A0100,B0100,4063.7808414424335,-5024.443608120833,-4860.248482206687,199.79590488595122,MISS,Trajectory,0.0
265.8,A2001,A0200,B0100,3580.3803068710727,-4824.688078547749,-5844.037298743643,199.95503738817882,MISS,Trajectory,0.0
265.8,A2002,A0200,B0100,3571.341006994724,-4816.5598783519345,-5800.313023753738,199.94567413755746,MISS,Trajectory,0.0
266.0,A1001,A0100,B0100,4072.2440190629345,-4992.286207487327,-4783.118977629151,199.9792575903768,MISS,Trajectory,0.0
266.0,A1002,A0100,B0100,4063.7808414424335,-5024.443608120833,-4860.248482206687,199.79590488595122,MISS,Trajectory,0.0
266.0,A2001,A0200,B0100,3580.3803068710727,-4824.688078547749,-5844.037298743643,199.95503738817882,MISS,Trajectory,0.0
266.0,A2002,A0200,B0100,3571.341006994724,-4816.5598783519345,-5800.313023753738,199.94567413755746,MISS,Trajectory,0.0
266.2,A1001,A0100,B0100,4072.2440190629345,-4992.286207487327,-4783.118977629151,199.9792575903768,MISS,Trajectory,0.0
266.2,A1002,A0100,B0100,4063.7808414424335,-5024.443608120833,-4860.248482206687,199.79590488595122,MISS,Trajectory,0.0
266.2,A2001,A0200,B0100,3580.3803068710727,-4824.688078547749,-5844.037298743643,199.95503738817882,MISS,Trajectory,0.0
266.2,A2002,A0200,B0100,3571.341006994724,-4816.5598783519345,-5800.313023753738,199.94567413755746,MISS,Trajectory,0.0
266.40000000000003,A1001,A0100,B0100,4072.2440190629345,-4992.286207487327,-4783.118977629151,199.9792575903768,MISS,Trajectory,0.0
266.40000000000003,A1002,A0100,B0100,4063.7808414424335,-5024.443608120833,-4860.248482206687,199.79590488595122,MISS,Trajectory,0.0
266.40000000000003,A2001,A0200,B0100,3580.3803068710727,-4824.688078547749,-5844.037298743643,199.95503738817882,MISS,Trajectory,0.0
266.40000000000003,A2002,A0200,B0100,3571.341006994724,-4816.5598783519345,-5800.313023753738,199.94567413755746,MISS,Trajectory,0.0
266.6,A1001,A0100,B0100,4072.2440190629345,-4992.286207487327,-4783.118977629151,199.9792575903768,MISS,Trajectory,0.0
266.6,A1002,A0100,B0100,4063.7808414424335,-5024.443608120833,-4860.248482206687,199.79590488595122,MISS,Trajectory,0.0
266.6,A2001,A0200,B0100,3580.3803068710727,-4824.688078547749,-5844.037298743643,199.95503738817882,MISS,Trajectory,0.0
266.6,A2002,A0200,B0100,3571.341006994724,-4816.5598783519345,-5800.313023753738,199.94567413755746,MISS,Trajectory,0.0
266.8,A1001,A0100,B0100,4072.2440190629345,-4992.286207487327,-4783.118977629151,199.9792575903768,MISS,Trajectory,0.0
266.8,A1002,A0100,B0100,4063.7808414424335,-5024.443608120833,-4860.248482206687,199.79590488595122,MISS,Trajectory,0.0
266.8,A2001,A0200,B0100,3580.3803068710727,-4824.688078547749,-5844.037298743643,199.95503738817882,MISS,Trajectory,0.0
266.8,A2002,A0200,B0100,3571.341006994724,-4816.5598783519345,-5800.313023753738,199.94567413755746,MISS,Trajectory,0.0
267.0,A1001,A0100,B0100,4072.2440190629345,-4992.286207487327,-4783.118977629151,199.9792575903768,MISS,Trajectory,0.0
267.0,A1002,A0100,B0100,4063.7808414424335,-5024.443608120833,-4860.248482206687,199.79590488595122,MISS,Trajectory,0.0
267.0,A2001,A0200,B0100,3580.3803068710727,-4824.688078547749,-5844.037298743643,199.95503738817882,MISS,Trajectory,0.0
267.0,A2002,A0200,B0100,3571.341006994724,-4816.5598783519345,-5800.313023753738,199.94567413755746,MISS,Trajectory,0.0
267.2,A1001,A0100,B0100,4072.2440190629345,-4992.286207487327,-4783.118977629151,199.9792575903768,MISS,Trajectory,0.0
267.2,A1002,A0100,B0100,4063.7808414424335,-5024.443608120833,-4860.248482206687,199.79590488595122,MISS,Trajectory,0.0
267.2,A2001,A0200,B0100,3580.3803068710727,-4824.688078547749,-5844.037298743643,199.95503738817882,MISS,Trajectory,0.0
267.2,A2002,A0200,B0100,3571.341006994724,-4816.5598783519345,-5800.313023753738,199.94567413755746,MISS,Trajectory,0.0
267.40000000000003,A1001,A0100,B0100,4072.2440190629345,-4992.286207487327,-4783.118977629151,199.9792575903768,MISS,Trajectory,0.0
267.40000000000003,A1002,A0100,B0100,4063.7808414424335,-5024.443608120833,-4860.248482206687,199.79590488595122,MISS,Trajectory,0.0
267.40000000000003,A2001,A0200,B0100,3580.3803068710727,-4824.688078547749,-5844.037298743643,199.95503738817882,MISS,Trajectory,0.0
267.40000000000003,A2002,A0200,B0100,3571.341006994724,-4816.5598783519345,-5800.313023753738,199.94567413755746,MISS,Trajectory,0.0
267.6,A1001,A0100,B0100,4072.2440190629345,-4992.286207487327,-4783.118977629151,199.9792575903768,MISS,Trajectory,0.0
267.6,A1002,A0100,B0100,4063.7808414424335,-5024.443608120833,-4860.248482206687,199.79590488595122,MISS,Trajectory,0.0
267.6,A2001,A0200,B0100,3580.3803068710727,-4824.688078547749,-5844.037298743643,199.95503738817882,MISS,Trajectory,0.0
267.6,A2002,A0200,B0100,3571.341006994724,-4816.5598783519345,-5800.313023753738,199.94567413755746,MISS,Trajectory,0.0
267.8,A1001,A0100,B0100,4072.2440190629345,-4992.286207487327,-4783.118977629151,199.9792575903768,MISS,Trajectory,0.0
267.8,A1002,A0100,B0100,4063.7808414424335,-5024.443608120833,-4860.248482206687,199.79590488595122,MISS,Trajectory,0.0
267.8,A2001,A0200,B0100,3580.3803068710727,-4824.688078547749,-5844.037298743643,199.95503738817882,MISS,Trajectory,0.0
267.8,A2002,A0200,B0100,3571.341006994724,-4816.5598783519345,-5800.313023753738,199.94567413755746,MISS,Trajectory,0.0
268.0,A1001,A0100,B0100,4072.2440190629345,-4992.286207487327,-4783.118977629151,199.9792575903768,MISS,Trajectory,0.0
268.0,A1002,A0100,B0100,4063.7808414424335,-5024.443608120833,-4860.248482206687,199.79590488595122,MISS,Trajectory,0.0
268.0,A2001,A0200,B0100,3580.3803068710727,-4824.688078547749,-5844.037298743643,199.95503738817882,MISS,Trajectory,0.0
268.0,A2002,A0200,B0100,3571.341006994724,-4816.5598783519345,-5800.313023753738,199.94567413755746,MISS,Trajectory,0.0
268.2,A1001,A0100,B0100,4072.2440190629345,-4992.286207487327,-4783.118977629151,199.9792575903768,MISS,Trajectory,0.0
268.2,A1002,A0100,B0100,4063.7808414424335,-5024.443608120833,-4860.248482206687,199.79590488595122,MISS,Trajectory,0.0
268.2,A2001,A0200,B0100,3580.3803068710727,-4824.688078547749,-5844.037298743643,199.95503738817882,MISS,Trajectory,0.0
268.2,A2002,A0200,B0100,3571.341006994724,-4816.5598783519345,-5800.313023753738,199.94567413755746,MISS,Trajectory,0.0
268.40000000000003,A1001,A0100,B0100,4072.2440190629345,-4992.286207487327,-4783.118977629151,199.9792575903768,MISS,Trajectory,0.0
268.40000000000003,A1002,A0100,B0100,4063.7808414424335,-5024.443608120833,-4860.248482206687,199.79590488595122,MISS,Trajectory,0.0
268.40000000000003,A2001,A0200,B0100,3580.3803068710727,-4824.688078547749,-5844.037298743643,199.95503738817882,MISS,Trajectory,0.0
268.40000000000003,A2002,A0200,B0100,3571.341006994724,-4816.5598783519345,-5800.313023753738,199.94567413755746,MISS,Trajectory,0.0
268.6,A1001,A0100,B0100,4072.2440190629345,-4992.286207487327,-4783.118977629151,199.9792575903768,MISS,Trajectory,0.0
268.6,A1002,A0100,B0100,4063.7808414424335,-5024.443608120833,-4860.248482206687,199.79590488595122,MISS,Trajectory,0.0
268.6,A2001,A0200,B0100,3580.3803068710727,-4824.688078547749,-5844.037298743643,199.95503738817882,MISS,Trajectory,0.0
268.6,A2002,A0200,B0100,3571.341006994724,-4816.5598783519345,-5800.313023753738,199.94567413755746,MISS,Trajectory,0.0
268.8,A1001,A0100,B0100,4072.2440190629345,-4992.286207487327,-4783.118977629151,199.9792575903768,MISS,Trajectory,0.0
268.8,A1002,A0100,B0100,4063.7808414424335,-5024.443608120833,-4860.248482206687,199.79590488595122,MISS,Trajectory,0.0
268.8,A2001,A0200,B0100,3580.3803068710727,-4824.688078547749,-5844.037298743643,199.95503738817882,MISS,Trajectory,0.0
268.8,A2002,A0200,B0100,3571.341006994724,-4816.5598783519345,-5800.313023753738,199.94567413755746,MISS,Trajectory,0.0
269.0,A1001,A0100,B0100,4072.2440190629345,-4992.286207487327,-4783.118977629151,199.9792575903768,MISS,Trajectory,0.0
269.0,A1002,A0100,B0100,4063.7808414424335,-5024.443608120833,-4860.248482206687,199.79590488595122,MISS,Trajectory,0.0
269.0,A2001,A0200,B0100,3580.3803068710727,-4824.688078547749,-5844.037298743643,199.95503738817882,MISS,Trajectory,0.0
269.0,A2002,A0200,B0100,3571.341006994724,-4816.5598783519345,-5800.313023753738,199.94567413755746,MISS,Trajectory,0.0
269.2,A1001,A0100,B0100,4072.2440190629345,-4992.286207487327,-4783.118977629151,199.9792575903768,MISS,Trajectory,0.0
269.2,A1002,A0100,B0100,4063.7808414424335,-5024.443608120833,-4860.248482206687,199.79590488595122,MISS,Trajectory,0.0
269.2,A2001,A0200,B0100,3580.3803068710727,-4824.688078547749,-5844.037298743643,199.95503738817882,MISS,Trajectory,0.0
269.2,A2002,A0200,B0100,3571.341006994724,-4816.5598783519345,-5800.313023753738,199.94567413755746,MISS,Trajectory,0.0
269.40000000000003,A1001,A0100,B0100,4072.2440190629345,-4992.286207487327,-4783.118977629151,199.9792575903768,MISS,Trajectory,0.0
269.40000000000003,A1002,A0100,B0100,4063.7808414424335,-5024.443608120833,-4860.248482206687,199.79590488595122,MISS,Trajectory,0.0
269.40000000000003,A2001,A0200,B0100,3580.3803068710727,-4824.688078547749,-5844.037298743643,199.95503738817882,MISS,Trajectory,0.0
269.40000000000003,A2002,A0200,B0100,3571.341006994724,-4816.5598783519345,-5800.313023753738,199.94567413755746,MISS,Trajectory,0.0
269.6,A1001,A0100,B0100,4072.2440190629345,-4992.286207487327,-4783.118977629151,199.9792575903768,MISS,Trajectory,0.0
269.6,A1002,A0100,B0100,4063.7808414424335,-5024.443608120833,-4860.248482206687,199.79590488595122,MISS,Trajectory,0.0
269.6,A2001,A0200,B0100,3580.3803068710727,-4824.688078547749,-5844.037298743643,199.95503738817882,MISS,Trajectory,0.0
269.6,A2002,A0200,B0100,3571.341006994724,-4816.5598783519345,-5800.313023753738,199.94567413755746,MISS,Trajectory,0.0
269.8,A1001,A0100,B0100,4072.2440190629345,-4992.286207487327,-4783.118977629151,199.9792575903768,MISS,Trajectory,0.0
269.8,A1002,A0100,B0100,4063.7808414424335,-5024.443608120833,-4860.248482206687,199.79590488595122,MISS,Trajectory,0.0
269.8,A2001,A0200,B0100,3580.3803068710727,-4824.688078547749,-5844.037298743643,199.95503738817882,MISS,Trajectory,0.0
269.8,A2002,A0200,B0100,3571.341006994724,-4816.5598783519345,-5800.313023753738,199.94567413755746,MISS,Trajectory,0.0
270.0,A1001,A0100,B0100,4072.2440190629345,-4992.286207487327,-4783.118977629151,199.9792575903768,MISS,Trajectory,0.0
270.0,A1002,A0100,B0100,4063.7808414424335,-5024.443608120833,-4860.248482206687,199.79590488595122,MISS,Trajectory,0.0
270.0,A2001,A0200,B0100,3580.3803068710727,-4824.688078547749,-5844.037298743643,199.95503738817882,MISS,Trajectory,0.0
270.0,A2002,A0200,B0100,3571.341006994724,-4816.5598783519345,-5800.313023753738,199.94567413755746,MISS,Trajectory,0.0
270.2,A1001,A0100,B0100,4072.2440190629345,-4992.286207487327,-4783.118977629151,199.9792575903768,MISS,Trajectory,0.0
270.2,A1002,A0100,B0100,4063.7808414424335,-5024.443608120833,-4860.248482206687,199.79590488595122,MISS,Trajectory,0.0
270.2,A2001,A0200,B0100,3580.3803068710727,-4824.688078547749,-5844.037298743643,199.95503738817882,MISS,Trajectory,0.0
270.2,A2002,A0200,B0100,3571.341006994724,-4816.5598783519345,-5800.313023753738,199.94567413755746,MISS,Trajectory,0.0
270.40000000000003,A1001,A0100,B0100,4072.2440190629345,-4992.286207487327,-4783.118977629151,199.9792575903768,MISS,Trajectory,0.0
270.40000000000003,A1002,A0100,B0100,4063.7808414424335,-5024.443608120833,-4860.248482206687,199.79590488595122,MISS,Trajectory,0.0
270.40000000000003,A2001,A0200,B0100,3580.3803068710727,-4824.688078547749,-5844.037298743643,199.95503738817882,MISS,Trajectory,0.0
270.40000000000003,A2002,A0200,B0100,3571.341006994724,-4816.5598783519345,-5800.313023753738,199.94567413755746,MISS,Trajectory,0.0
270.6,A1001,A0100,B0100,4072.2440190629345,-4992.286207487327,-4783.118977629151,199.9792575903768,MISS,Trajectory,0.0
270.6,A1002,A0100,B0100,4063.7808414424335,-5024.443608120833,-4860.248482206687,199.79590488595122,MISS,Trajectory,0.0
270.6,A2001,A0200,B0100,3580.3803068710727,-4824.688078547749,-5844.037298743643,199.95503738817882,MISS,Trajectory,0.0
270.6,A2002,A0200,B0100,3571.341006994724,-4816.5598783519345,-5800.313023753738,199.94567413755746,MISS,Trajectory,0.0
270.8,A1001,A0100,B0100,4072.2440190629345,-4992.286207487327,-4783.118977629151,199.9792575903768,MISS,Trajectory,0.0
270.8,A1002,A0100,B0100,4063.7808414424335,-5024.443608120833,-4860.248482206687,199.79590488595122,MISS,Trajectory,0.0
270.8,A2001,A0200,B0100,3580.3803068710727,-4824.688078547749,-5844.037298743643,199.95503738817882,MISS,Trajectory,0.0
270.8,A2002,A0200,B0100,3571.341006994724,-4816.5598783519345,-5800.313023753738,199.94567413755746,MISS,Trajectory,0.0
271.0,A1001,A0100,B0100,4072.2440190629345,-4992.286207487327,-4783.118977629151,199.9792575903768,MISS,Trajectory,0.0
271.0,A1002,A0100,B0100,4063.7808414424335,-5024.443608120833,-4860.248482206687,199.79590488595122,MISS,Trajectory,0.0
271.0,A2001,A0200,B0100,3580.3803068710727,-4824.688078547749,-5844.037298743643,199.95503738817882,MISS,Trajectory,0.0
271.0,A2002,A0200,B0100,3571.341006994724,-4816.5598783519345,-5800.313023753738,199.94567413755746,MISS,Trajectory,0.0
271.2,A1001,A0100,B0100,4072.2440190629345,-4992.286207487327,-4783.118977629151,199.9792575903768,MISS,Trajectory,0.0
271.2,A1002,A0100,B0100,4063.7808414424335,-5024.443608120833,-4860.248482206687,199.79590488595122,MISS,Trajectory,0.0
271.2,A2001,A0200,B0100,3580.3803068710727,-4824.688078547749,-5844.037298743643,199.95503738817882,MISS,Trajectory,0.0
271.2,A2002,A0200,B0100,3571.341006994724,-4816.5598783519345,-5800.313023753738,199.94567413755746,MISS,Trajectory,0.0
271.40000000000003,A1001,A0100,B0100,4072.2440190629345,-4992.286207487327,-4783.118977629151,199.9792575903768,MISS,Trajectory,0.0
271.40000000000003,A1002,A0100,B0100,4063.7808414424335,-5024.443608120833,-4860.248482206687,199.79590488595122,MISS,Trajectory,0.0
271.40000000000003,A2001,A0200,B0100,3580.3803068710727,-4824.688078547749,-5844.037298743643,199.95503738817882,MISS,Trajectory,0.0
271.40000000000003,A2002,A0200,B0100,3571.341006994724,-4816.5598783519345,-5800.313023753738,199.94567413755746,MISS,Trajectory,0.0
271.6,A1001,A0100,B0100,4072.2440190629345,-4992.286207487327,-4783.118977629151,199.9792575903768,MISS,Trajectory,0.0
271.6,A1002,A0100,B0100,4063.7808414424335,-5024.443608120833,-4860.248482206687,199.79590488595122,MISS,Trajectory,0.0
271.6,A2001,A0200,B0100,3580.3803068710727,-4824.688078547749,-5844.037298743643,199.95503738817882,MISS,Trajectory,0.0
271.6,A2002,A0200,B0100,3571.341006994724,-4816.5598783519345,-5800.313023753738,199.94567413755746,MISS,Trajectory,0.0
271.8,A1001,A0100,B0100,4072.2440190629345,-4992.286207487327,-4783.118977629151,199.9792575903768,MISS,Trajectory,0.0
271.8,A1002,A0100,B0100,4063.7808414424335,-5024.443608120833,-4860.248482206687,199.79590488595122,MISS,Trajectory,0.0
271.8,A2001,A0200,B0100,3580.3803068710727,-4824.688078547749,-5844.037298743643,199.95503738817882,MISS,Trajectory,0.0
271.8,A2002,A0200,B0100,3571.341006994724,-4816.5598783519345,-5800.313023753738,199.94567413755746,MISS,Trajectory,0.0
272.0,A1001,A0100,B0100,4072.2440190629345,-4992.286207487327,-4783.118977629151,199.9792575903768,MISS,Trajectory,0.0
272.0,A1002,A0100,B0100,4063.7808414424335,-5024.443608120833,-4860.248482206687,199.79590488595122,MISS,Trajectory,0.0
272.0,A2001,A0200,B0100,3580.3803068710727,-4824.688078547749,-5844.037298743643,199.95503738817882,MISS,Trajectory,0.0
272.0,A2002,A0200,B0100,3571.341006994724,-4816.5598783519345,-5800.313023753738,199.94567413755746,MISS,Trajectory,0.0
272.2,A1001,A0100,B0100,4072.2440190629345,-4992.286207487327,-4783.118977629151,199.9792575903768,MISS,Trajectory,0.0
272.2,A1002,A0100,B0100,4063.7808414424335,-5024.443608120833,-4860.248482206687,199.79590488595122,MISS,Trajectory,0.0
272.2,A2001,A0200,B0100,3580.3803068710727,-4824.688078547749,-5844.037298743643,199.95503738817882,MISS,Trajectory,0.0
272.2,A2002,A0200,B0100,3571.341006994724,-4816.5598783519345,-5800.313023753738,199.94567413755746,MISS,Trajectory,0.0
272.40000000000003,A1001,A0100,B0100,4072.2440190629345,-4992.286207487327,-4783.118977629151,199.9792575903768,MISS,Trajectory,0.0
272.40000000000003,A1002,A0100,B0100,4063.7808414424335,-5024.443608120833,-4860.248482206687,199.79590488595122,MISS,Trajectory,0.0
272.40000000000003,A2001,A0200,B0100,3580.3803068710727,-4824.688078547749,-5844.037298743643,199.95503738817882,MISS,Trajectory,0.0
272.40000000000003,A2002,A0200,B0100,3571.341006994724,-4816.5598783519345,-5800.313023753738,199.94567413755746,MISS,Trajectory,0.0
272.6,A1001,A0100,B0100,4072.2440190629345,-4992.286207487327,-4783.118977629151,199.9792575903768,MISS,Trajectory,0.0
272.6,A1002,A0100,B0100,4063.7808414424335,-5024.443608120833,-4860.248482206687,199.79590488595122,MISS,Trajectory,0.0
272.6,A2001,A0200,B0100,3580.3803068710727,-4824.688078547749,-5844.037298743643,199.95503738817882,MISS,Trajectory,0.0
272.6,A2002,A0200,B0100,3571.341006994724,-4816.5598783519345,-5800.313023753738,199.94567413755746,MISS,Trajectory,0.0
272.8,A1001,A0100,B0100,4072.2440190629345,-4992.286207487327,-4783.118977629151,199.9792575903768,MISS,Trajectory,0.0
272.8,A1002,A0100,B0100,4063.7808414424335,-5024.443608120833,-4860.248482206687,199.79590488595122,MISS,Trajectory,0.0
272.8,A2001,A0200,B0100,3580.3803068710727,-4824.688078547749,-5844.037298743643,199.95503738817882,MISS,Trajectory,0.0
272.8,A2002,A0200,B0100,3571.341006994724,-4816.5598783519345,-5800.313023753738,199.94567413755746,MISS,Trajectory,0.0
273.0,A1001,A0100,B0100,4072.2440190629345,-4992.286207487327,-4783.118977629151,199.9792575903768,MISS,Trajectory,0.0
273.0,A1002,A0100,B0100,4063.7808414424335,-5024.443608120833,-4860.248482206687,199.79590488595122,MISS,Trajectory,0.0
273.0,A2001,A0200,B0100,3580.3803068710727,-4824.688078547749,-5844.037298743643,199.95503738817882,MISS,Trajectory,0.0
273.0,A2002,A0200,B0100,3571.341006994724,-4816.5598783519345,-5800.313023753738,199.94567413755746,MISS,Trajectory,0.0
273.2,A1001,A0100,B0100,4072.2440190629345,-4992.286207487327,-4783.118977629151,199.9792575903768,MISS,Trajectory,0.0
273.2,A1002,A0100,B0100,4063.7808414424335,-5024.443608120833,-4860.248482206687,199.79590488595122,MISS,Trajectory,0.0
273.2,A2001,A0200,B0100,3580.3803068710727,-4824.688078547749,-5844.037298743643,199.95503738817882,MISS,Trajectory,0.0
273.2,A2002,A0200,B0100,3571.341006994724,-4816.5598783519345,-5800.313023753738,199.94567413755746,MISS,Trajectory,0.0
273.40000000000003,A1001,A0100,B0100,4072.2440190629345,-4992.286207487327,-4783.118977629151,199.9792575903768,MISS,Trajectory,0.0
273.40000000000003,A1002,A0100,B0100,4063.7808414424335,-5024.443608120833,-4860.248482206687,199.79590488595122,MISS,Trajectory,0.0
273.40000000000003,A2001,A0200,B0100,3580.3803068710727,-4824.688078547749,-5844.037298743643,199.95503738817882,MISS,Trajectory,0.0
273.40000000000003,A2002,A0200,B0100,3571.341006994724,-4816.5598783519345,-5800.313023753738,199.94567413755746,MISS,Trajectory,0.0
273.6,A1001,A0100,B0100,4072.2440190629345,-4992.286207487327,-4783.118977629151,199.9792575903768,MISS,Trajectory,0.0
273.6,A1002,A0100,B0100,4063.7808414424335,-5024.443608120833,-4860.248482206687,199.79590488595122,MISS,Trajectory,0.0
273.6,A2001,A0200,B0100,3580.3803068710727,-4824.688078547749,-5844.037298743643,199.95503738817882,MISS,Trajectory,0.0
273.6,A2002,A0200,B0100,3571.341006994724,-4816.5598783519345,-5800.313023753738,199.94567413755746,MISS,Trajectory,0.0
273.8,A1001,A0100,B0100,4072.2440190629345,-4992.286207487327,-4783.118977629151,199.9792575903768,MISS,Trajectory,0.0
273.8,A1002,A0100,B0100,4063.7808414424335,-5024.443608120833,-4860.248482206687,199.79590488595122,MISS,Trajectory,0.0
273.8,A2001,A0200,B0100,3580.3803068710727,-4824.688078547749,-5844.037298743643,199.95503738817882,MISS,Trajectory,0.0
273.8,A2002,A0200,B0100,3571.341006994724,-4816.5598783519345,-5800.313023753738,199.94567413755746,MISS,Trajectory,0.0
274.0,A1001,A0100,B0100,4072.2440190629345,-4992.286207487327,-4783.118977629151,199.9792575903768,MISS,Trajectory,0.0
274.0,A1002,A0100,B0100,4063.7808414424335,-5024.443608120833,-4860.248482206687,199.79590488595122,MISS,Trajectory,0.0
274.0,A2001,A0200,B0100,3580.3803068710727,-4824.688078547749,-5844.037298743643,199.95503738817882,MISS,Trajectory,0.0
274.0,A2002,A0200,B0100,3571.341006994724,-4816.5598783519345,-5800.313023753738,199.94567413755746,MISS,Trajectory,0.0
274.2,A1001,A0100,B0100,4072.2440190629345,-4992.286207487327,-4783.118977629151,199.9792575903768,MISS,Trajectory,0.0
274.2,A1002,A0100,B0100,4063.7808414424335,-5024.443608120833,-4860.248482206687,199.79590488595122,MISS,Trajectory,0.0
274.2,A2001,A0200,B0100,3580.3803068710727,-4824.688078547749,-5844.037298743643,199.95503738817882,MISS,Trajectory,0.0
274.2,A2002,A0200,B0100,3571.341006994724,-4816.5598783519345,-5800.313023753738,199.94567413755746,MISS,Trajectory,0.0
274.40000000000003,A1001,A0100,B0100,4072.2440190629345,-4992.286207487327,-4783.118977629151,199.9792575903768,MISS,Trajectory,0.0
274.40000000000003,A1002,A0100,B0100,4063.7808414424335,-5024.443608120833,-4860.248482206687,199.79590488595122,MISS,Trajectory,0.0
274.40000000000003,A2001,A0200,B0100,3580.3803068710727,-4824.688078547749,-5844.037298743643,199.95503738817882,MISS,Trajectory,0.0
274.40000000000003,A2002,A0200,B0100,3571.341006994724,-4816.5598783519345,-5800.313023753738,199.94567413755746,MISS,Trajectory,0.0
274.6,A1001,A0100,B0100,4072.2440190629345,-4992.286207487327,-4783.118977629151,199.9792575903768,MISS,Trajectory,0.0
274.6,A1002,A0100,B0100,4063.7808414424335,-5024.443608120833,-4860.248482206687,199.79590488595122,MISS,Trajectory,0.0
274.6,A2001,A0200,B0100,3580.3803068710727,-4824.688078547749,-5844.037298743643,199.95503738817882,MISS,Trajectory,0.0
274.6,A2002,A0200,B0100,3571.341006994724,-4816.5598783519345,-5800.313023753738,199.94567413755746,MISS,Trajectory,0.0
274.8,A1001,A0100,B0100,4072.2440190629345,-4992.286207487327,-4783.118977629151,199.9792575903768,MISS,Trajectory,0.0
274.8,A1002,A0100,B0100,4063.7808414424335,-5024.443608120833,-4860.248482206687,199.79590488595122,MISS,Trajectory,0.0
274.8,A2001,A0200,B0100,3580.3803068710727,-4824.688078547749,-5844.037298743643,199.95503738817882,MISS,Trajectory,0.0
274.8,A2002,A0200,B0100,3571.341006994724,-4816.5598783519345,-5800.313023753738,199.94567413755746,MISS,Trajectory,0.0
275.0,A1001,A0100,B0100,4072.2440190629345,-4992.286207487327,-4783.118977629151,199.9792575903768,MISS,Trajectory,0.0
275.0,A1002,A0100,B0100,4063.7808414424335,-5024.443608120833,-4860.248482206687,199.79590488595122,MISS,Trajectory,0.0
275.0,A2001,A0200,B0100,3580.3803068710727,-4824.688078547749,-5844.037298743643,199.95503738817882,MISS,Trajectory,0.0
275.0,A2002,A0200,B0100,3571.341006994724,-4816.5598783519345,-5800.313023753738,199.94567413755746,MISS,Trajectory,0.0
275.2,A1001,A0100,B0100,4072.2440190629345,-4992.286207487327,-4783.118977629151,199.9792575903768,MISS,Trajectory,0.0
275.2,A1002,A0100,B0100,4063.7808414424335,-5024.443608120833,-4860.248482206687,199.79590488595122,MISS,Trajectory,0.0
275.2,A2001,A0200,B0100,3580.3803068710727,-4824.688078547749,-5844.037298743643,199.95503738817882,MISS,Trajectory,0.0
275.2,A2002,A0200,B0100,3571.341006994724,-4816.5598783519345,-5800.313023753738,199.94567413755746,MISS,Trajectory,0.0
275.40000000000003,A1001,A0100,B0100,4072.2440190629345,-4992.286207487327,-4783.118977629151,199.9792575903768,MISS,Trajectory,0.0
275.40000000000003,A1002,A0100,B0100,4063.7808414424335,-5024.443608120833,-4860.248482206687,199.79590488595122,MISS,Trajectory,0.0
275.40000000000003,A2001,A0200,B0100,3580.3803068710727,-4824.688078547749,-5844.037298743643,199.95503738817882,MISS,Trajectory,0.0
275.40000000000003,A2002,A0200,B0100,3571.341006994724,-4816.5598783519345,-5800.313023753738,199.94567413755746,MISS,Trajectory,0.0
275.6,A1001,A0100,B0100,4072.2440190629345,-4992.286207487327,-4783.118977629151,199.9792575903768,MISS,Trajectory,0.0
275.6,A1002,A0100,B0100,4063.7808414424335,-5024.443608120833,-4860.248482206687,199.79590488595122,MISS,Trajectory,0.0
275.6,A2001,A0200,B0100,3580.3803068710727,-4824.688078547749,-5844.037298743643,199.95503738817882,MISS,Trajectory,0.0
275.6,A2002,A0200,B0100,3571.341006994724,-4816.5598783519345,-5800.313023753738,199.94567413755746,MISS,Trajectory,0.0
275.8,A1001,A0100,B0100,4072.2440190629345,-4992.286207487327,-4783.118977629151,199.9792575903768,MISS,Trajectory,0.0
275.8,A1002,A0100,B0100,4063.7808414424335,-5024.443608120833,-4860.248482206687,199.79590488595122,MISS,Trajectory,0.0
275.8,A2001,A0200,B0100,3580.3803068710727,-4824.688078547749,-5844.037298743643,199.95503738817882,MISS,Trajectory,0.0
275.8,A2002,A0200,B0100,3571.341006994724,-4816.5598783519345,-5800.313023753738,199.94567413755746,MISS,Trajectory,0.0
276.0,A1001,A0100,B0100,4072.2440190629345,-4992.286207487327,-4783.118977629151,199.9792575903768,MISS,Trajectory,0.0
276.0,A1002,A0100,B0100,4063.7808414424335,-5024.443608120833,-4860.248482206687,199.79590488595122,MISS,Trajectory,0.0
276.0,A2001,A0200,B0100,3580.3803068710727,-4824.688078547749,-5844.037298743643,199.95503738817882,MISS,Trajectory,0.0
276.0,A2002,A0200,B0100,3571.341006994724,-4816.5598783519345,-5800.313023753738,199.94567413755746,MISS,Trajectory,0.0
276.2,A1001,A0100,B0100,4072.2440190629345,-4992.286207487327,-4783.118977629151,199.9792575903768,MISS,Trajectory,0.0
276.2,A1002,A0100,B0100,4063.7808414424335,-5024.443608120833,-4860.248482206687,199.79590488595122,MISS,Trajectory,0.0
276.2,A2001,A0200,B0100,3580.3803068710727,-4824.688078547749,-5844.037298743643,199.95503738817882,MISS,Trajectory,0.0
276.2,A2002,A0200,B0100,3571.341006994724,-4816.5598783519345,-5800.313023753738,199.94567413755746,MISS,Trajectory,0.0
276.40000000000003,A1001,A0100,B0100,4072.2440190629345,-4992.286207487327,-4783.118977629151,199.9792575903768,MISS,Trajectory,0.0
276.40000000000003,A1002,A0100,B0100,4063.7808414424335,-5024.443608120833,-4860.248482206687,199.79590488595122,MISS,Trajectory,0.0
276.40000000000003,A2001,A0200,B0100,3580.3803068710727,-4824.688078547749,-5844.037298743643,199.95503738817882,MISS,Trajectory,0.0
276.40000000000003,A2002,A0200,B0100,3571.341006994724,-4816.5598783519345,-5800.313023753738,199.94567413755746,MISS,Trajectory,0.0
276.6,A1001,A0100,B0100,4072.2440190629345,-4992.286207487327,-4783.118977629151,199.9792575903768,MISS,Trajectory,0.0
276.6,A1002,A0100,B0100,4063.7808414424335,-5024.443608120833,-4860.248482206687,199.79590488595122,MISS,Trajectory,0.0
276.6,A2001,A0200,B0100,3580.3803068710727,-4824.688078547749,-5844.037298743643,199.95503738817882,MISS,Trajectory,0.0
276.6,A2002,A0200,B0100,3571.341006994724,-4816.5598783519345,-5800.313023753738,199.94567413755746,MISS,Trajectory,0.0
276.8,A1001,A0100,B0100,4072.2440190629345,-4992.286207487327,-4783.118977629151,199.9792575903768,MISS,Trajectory,0.0
276.8,A1002,A0100,B0100,4063.7808414424335,-5024.443608120833,-4860.248482206687,199.79590488595122,MISS,Trajectory,0.0
276.8,A2001,A0200,B0100,3580.3803068710727,-4824.688078547749,-5844.037298743643,199.95503738817882,MISS,Trajectory,0.0
276.8,A2002,A0200,B0100,3571.341006994724,-4816.5598783519345,-5800.313023753738,199.94567413755746,MISS,Trajectory,0.0
277.0,A1001,A0100,B0100,4072.2440190629345,-4992.286207487327,-4783.118977629151,199.9792575903768,MISS,Trajectory,0.0
277.0,A1002,A0100,B0100,4063.7808414424335,-5024.443608120833,-4860.248482206687,199.79590488595122,MISS,Trajectory,0.0
277.0,A2001,A0200,B0100,3580.3803068710727,-4824.688078547749,-5844.037298743643,199.95503738817882,MISS,Trajectory,0.0
277.0,A2002,A0200,B0100,3571.341006994724,-4816.5598783519345,-5800.313023753738,199.94567413755746,MISS,Trajectory,0.0
277.2,A1001,A0100,B0100,4072.2440190629345,-4992.286207487327,-4783.118977629151,199.9792575903768,MISS,Trajectory,0.0
277.2,A1002,A0100,B0100,4063.7808414424335,-5024.443608120833,-4860.248482206687,199.79590488595122,MISS,Trajectory,0.0
277.2,A2001,A0200,B0100,3580.3803068710727,-4824.688078547749,-5844.037298743643,199.95503738817882,MISS,Trajectory,0.0
277.2,A2002,A0200,B0100,3571.341006994724,-4816.5598783519345,-5800.313023753738,199.94567413755746,MISS,Trajectory,0.0
277.40000000000003,A1001,A0100,B0100,4072.2440190629345,-4992.286207487327,-4783.118977629151,199.9792575903768,MISS,Trajectory,0.0
277.40000000000003,A1002,A0100,B0100,4063.7808414424335,-5024.443608120833,-4860.248482206687,199.79590488595122,MISS,Trajectory,0.0
277.40000000000003,A2001,A0200,B0100,3580.3803068710727,-4824.688078547749,-5844.037298743643,199.95503738817882,MISS,Trajectory,0.0
277.40000000000003,A2002,A0200,B0100,3571.341006994724,-4816.5598783519345,-5800.313023753738,199.94567413755746,MISS,Trajectory,0.0
277.6,A1001,A0100,B0100,4072.2440190629345,-4992.286207487327,-4783.118977629151,199.9792575903768,MISS,Trajectory,0.0
277.6,A1002,A0100,B0100,4063.7808414424335,-5024.443608120833,-4860.248482206687,199.79590488595122,MISS,Trajectory,0.0
277.6,A2001,A0200,B0100,3580.3803068710727,-4824.688078547749,-5844.037298743643,199.95503738817882,MISS,Trajectory,0.0
277.6,A2002,A0200,B0100,3571.341006994724,-4816.5598783519345,-5800.313023753738,199.94567413755746,MISS,Trajectory,0.0
277.8,A1001,A0100,B0100,4072.2440190629345,-4992.286207487327,-4783.118977629151,199.9792575903768,MISS,Trajectory,0.0
277.8,A1002,A0100,B0100,4063.7808414424335,-5024.443608120833,-4860.248482206687,199.79590488595122,MISS,Trajectory,0.0
277.8,A2001,A0200,B0100,3580.3803068710727,-4824.688078547749,-5844.037298743643,199.95503738817882,MISS,Trajectory,0.0
277.8,A2002,A0200,B0100,3571.341006994724,-4816.5598783519345,-5800.313023753738,199.94567413755746,MISS,Trajectory,0.0
278.0,A1001,A0100,B0100,4072.2440190629345,-4992.286207487327,-4783.118977629151,199.9792575903768,MISS,Trajectory,0.0
278.0,A1002,A0100,B0100,4063.7808414424335,-5024.443608120833,-4860.248482206687,199.79590488595122,MISS,Trajectory,0.0
278.0,A2001,A0200,B0100,3580.3803068710727,-4824.688078547749,-5844.037298743643,199.95503738817882,MISS,Trajectory,0.0
278.0,A2002,A0200,B0100,3571.341006994724,-4816.5598783519345,-5800.313023753738,199.94567413755746,MISS,Trajectory,0.0
278.2,A1001,A0100,B0100,4072.2440190629345,-4992.286207487327,-4783.118977629151,199.9792575903768,MISS,Trajectory,0.0
278.2,A1002,A0100,B0100,4063.7808414424335,-5024.443608120833,-4860.248482206687,199.79590488595122,MISS,Trajectory,0.0
278.2,A2001,A0200,B0100,3580.3803068710727,-4824.688078547749,-5844.037298743643,199.95503738817882,MISS,Trajectory,0.0
278.2,A2002,A0200,B0100,3571.341006994724,-4816.5598783519345,-5800.313023753738,199.94567413755746,MISS,Trajectory,0.0
278.40000000000003,A1001,A0100,B0100,4072.2440190629345,-4992.286207487327,-4783.118977629151,199.9792575903768,MISS,Trajectory,0.0
278.40000000000003,A1002,A0100,B0100,4063.7808414424335,-5024.443608120833,-4860.248482206687,199.79590488595122,MISS,Trajectory,0.0
278.40000000000003,A2001,A0200,B0100,3580.3803068710727,-4824.688078547749,-5844.037298743643,199.95503738817882,MISS,Trajectory,0.0
278.40000000000003,A2002,A0200,B0100,3571.341006994724,-4816.5598783519345,-5800.313023753738,199.94567413755746,MISS,Trajectory,0.0
278.6,A1001,A0100,B0100,4072.2440190629345,-4992.286207487327,-4783.118977629151,199.9792575903768,MISS,Trajectory,0.0
278.6,A1002,A0100,B0100,4063.7808414424335,-5024.443608120833,-4860.248482206687,199.79590488595122,MISS,Trajectory,0.0
278.6,A2001,A0200,B0100,3580.3803068710727,-4824.688078547749,-5844.037298743643,199.95503738817882,MISS,Trajectory,0.0
278.6,A2002,A0200,B0100,3571.341006994724,-4816.5598783519345,-5800.313023753738,199.94567413755746,MISS,Trajectory,0.0
278.8,A1001,A0100,B0100,4072.2440190629345,-4992.286207487327,-4783.118977629151,199.9792575903768,MISS,Trajectory,0.0
278.8,A1002,A0100,B0100,4063.7808414424335,-5024.443608120833,-4860.248482206687,199.79590488595122,MISS,Trajectory,0.0
278.8,A2001,A0200,B0100,3580.3803068710727,-4824.688078547749,-5844.037298743643,199.95503738817882,MISS,Trajectory,0.0
278.8,A2002,A0200,B0100,3571.341006994724,-4816.5598783519345,-5800.313023753738,199.94567413755746,MISS,Trajectory,0.0
279.0,A1001,A0100,B0100,4072.2440190629345,-4992.286207487327,-4783.118977629151,199.9792575903768,MISS,Trajectory,0.0
279.0,A1002,A0100,B0100,4063.7808414424335,-5024.443608120833,-4860.248482206687,199.79590488595122,MISS,Trajectory,0.0
279.0,A2001,A0200,B0100,3580.3803068710727,-4824.688078547749,-5844.037298743643,199.95503738817882,MISS,Trajectory,0.0
279.0,A2002,A0200,B0100,3571.341006994724,-4816.5598783519345,-5800.313023753738,199.94567413755746,MISS,Trajectory,0.0
279.2,A1001,A0100,B0100,4072.2440190629345,-4992.286207487327,-4783.118977629151,199.9792575903768,MISS,Trajectory,0.0
279.2,A1002,A0100,B0100,4063.7808414424335,-5024.443608120833,-4860.248482206687,199.79590488595122,MISS,Trajectory,0.0
279.2,A2001,A0200,B0100,3580.3803068710727,-4824.688078547749,-5844.037298743643,199.95503738817882,MISS,Trajectory,0.0
279.2,A2002,A0200,B0100,3571.341006994724,-4816.5598783519345,-5800.313023753738,199.94567413755746,MISS,Trajectory,0.0
279.40000000000003,A1001,A0100,B0100,4072.2440190629345,-4992.286207487327,-4783.118977629151,199.9792575903768,MISS,Trajectory,0.0
279.40000000000003,A1002,A0100,B0100,4063.7808414424335,-5024.443608120833,-4860.248482206687,199.79590488595122,MISS,Trajectory,0.0
279.40000000000003,A2001,A0200,B0100,3580.3803068710727,-4824.688078547749,-5844.037298743643,199.95503738817882,MISS,Trajectory,0.0
279.40000000000003,A2002,A0200,B0100,3571.341006994724,-4816.5598783519345,-5800.313023753738,199.94567413755746,MISS,Trajectory,0.0
279.6,A1001,A0100,B0100,4072.2440190629345,-4992.286207487327,-4783.118977629151,199.9792575903768,MISS,Trajectory,0.0
279.6,A1002,A0100,B0100,4063.7808414424335,-5024.443608120833,-4860.248482206687,199.79590488595122,MISS,Trajectory,0.0
279.6,A2001,A0200,B0100,3580.3803068710727,-4824.688078547749,-5844.037298743643,199.95503738817882,MISS,Trajectory,0.0
279.6,A2002,A0200,B0100,3571.341006994724,-4816.5598783519345,-5800.313023753738,199.94567413755746,MISS,Trajectory,0.0
279.8,A1001,A0100,B0100,4072.2440190629345,-4992.286207487327,-4783.118977629151,199.9792575903768,MISS,Trajectory,0.0
279.8,A1002,A0100,B0100,4063.7808414424335,-5024.443608120833,-4860.248482206687,199.79590488595122,MISS,Trajectory,0.0
279.8,A2001,A0200,B0100,3580.3803068710727,-4824.688078547749,-5844.037298743643,199.95503738817882,MISS,Trajectory,0.0
279.8,A2002,A0200,B0100,3571.341006994724,-4816.5598783519345,-5800.313023753738,199.94567413755746,MISS,Trajectory,0.0
280.0,A1001,A0100,B0100,4072.2440190629345,-4992.286207487327,-4783.118977629151,199.9792575903768,MISS,Trajectory,0.0
280.0,A1002,A0100,B0100,4063.7808414424335,-5024.443608120833,-4860.248482206687,199.79590488595122,MISS,Trajectory,0.0
280.0,A2001,A0200,B0100,3580.3803068710727,-4824.688078547749,-5844.037298743643,199.95503738817882,MISS,Trajectory,0.0
280.0,A2002,A0200,B0100,3571.341006994724,-4816.5598783519345,-5800.313023753738,199.94567413755746,MISS,Trajectory,0.0
280.2,A1001,A0100,B0100,4072.2440190629345,-4992.286207487327,-4783.118977629151,199.9792575903768,MISS,Trajectory,0.0
280.2,A1002,A0100,B0100,4063.7808414424335,-5024.443608120833,-4860.248482206687,199.79590488595122,MISS,Trajectory,0.0
280.2,A2001,A0200,B0100,3580.3803068710727,-4824.688078547749,-5844.037298743643,199.95503738817882,MISS,Trajectory,0.0
280.2,A2002,A0200,B0100,3571.341006994724,-4816.5598783519345,-5800.313023753738,199.94567413755746,MISS,Trajectory,0.0
280.40000000000003,A1001,A0100,B0100,4072.2440190629345,-4992.286207487327,-4783.118977629151,199.9792575903768,MISS,Trajectory,0.0
280.40000000000003,A1002,A0100,B0100,4063.7808414424335,-5024.443608120833,-4860.248482206687,199.79590488595122,MISS,Trajectory,0.0
280.40000000000003,A2001,A0200,B0100,3580.3803068710727,-4824.688078547749,-5844.037298743643,199.95503738817882,MISS,Trajectory,0.0
280.40000000000003,A2002,A0200,B0100,3571.341006994724,-4816.5598783519345,-5800.313023753738,199.94567413755746,MISS,Trajectory,0.0
280.6,A1001,A0100,B0100,4072.2440190629345,-4992.286207487327,-4783.118977629151,199.9792575903768,MISS,Trajectory,0.0
280.6,A1002,A0100,B0100,4063.7808414424335,-5024.443608120833,-4860.248482206687,199.79590488595122,MISS,Trajectory,0.0
280.6,A2001,A0200,B0100,3580.3803068710727,-4824.688078547749,-5844.037298743643,199.95503738817882,MISS,Trajectory,0.0
280.6,A2002,A0200,B0100,3571.341006994724,-4816.5598783519345,-5800.313023753738,199.94567413755746,MISS,Trajectory,0.0
280.8,A1001,A0100,B0100,4072.2440190629345,-4992.286207487327,-4783.118977629151,199.9792575903768,MISS,Trajectory,0.0
280.8,A1002,A0100,B0100,4063.7808414424335,-5024.443608120833,-4860.248482206687,199.79590488595122,MISS,Trajectory,0.0
280.8,A2001,A0200,B0100,3580.3803068710727,-4824.688078547749,-5844.037298743643,199.95503738817882,MISS,Trajectory,0.0
280.8,A2002,A0200,B0100,3571.341006994724,-4816.5598783519345,-5800.313023753738,199.94567413755746,MISS,Trajectory,0.0
281.0,A1001,A0100,B0100,4072.2440190629345,-4992.286207487327,-4783.118977629151,199.9792575903768,MISS,Trajectory,0.0
281.0,A1002,A0100,B0100,4063.7808414424335,-5024.443608120833,-4860.248482206687,199.79590488595122,MISS,Trajectory,0.0
281.0,A2001,A0200,B0100,3580.3803068710727,-4824.688078547749,-5844.037298743643,199.95503738817882,MISS,Trajectory,0.0
281.0,A2002,A0200,B0100,3571.341006994724,-4816.5598783519345,-5800.313023753738,199.94567413755746,MISS,Trajectory,0.0
281.2,A1001,A0100,B0100,4072.2440190629345,-4992.286207487327,-4783.118977629151,199.9792575903768,MISS,Trajectory,0.0
281.2,A1002,A0100,B0100,4063.7808414424335,-5024.443608120833,-4860.248482206687,199.79590488595122,MISS,Trajectory,0.0
281.2,A2001,A0200,B0100,3580.3803068710727,-4824.688078547749,-5844.037298743643,199.95503738817882,MISS,Trajectory,0.0
281.2,A2002,A0200,B0100,3571.341006994724,-4816.5598783519345,-5800.313023753738,199.94567413755746,MISS,Trajectory,0.0
281.40000000000003,A1001,A0100,B0100,4072.2440190629345,-4992.286207487327,-4783.118977629151,199.9792575903768,MISS,Trajectory,0.0
281.40000000000003,A1002,A0100,B0100,4063.7808414424335,-5024.443608120833,-4860.248482206687,199.79590488595122,MISS,Trajectory,0.0
281.40000000000003,A2001,A0200,B0100,3580.3803068710727,-4824.688078547749,-5844.037298743643,199.95503738817882,MISS,Trajectory,0.0
281.40000000000003,A2002,A0200,B0100,3571.341006994724,-4816.5598783519345,-5800.313023753738,199.94567413755746,MISS,Trajectory,0.0
281.6,A1001,A0100,B0100,4072.2440190629345,-4992.286207487327,-4783.118977629151,199.9792575903768,MISS,Trajectory,0.0
281.6,A1002,A0100,B0100,4063.7808414424335,-5024.443608120833,-4860.248482206687,199.79590488595122,MISS,Trajectory,0.0
281.6,A2001,A0200,B0100,3580.3803068710727,-4824.688078547749,-5844.037298743643,199.95503738817882,MISS,Trajectory,0.0
281.6,A2002,A0200,B0100,3571.341006994724,-4816.5598783519345,-5800.313023753738,199.94567413755746,MISS,Trajectory,0.0
281.8,A1001,A0100,B0100,4072.2440190629345,-4992.286207487327,-4783.118977629151,199.9792575903768,MISS,Trajectory,0.0
281.8,A1002,A0100,B0100,4063.7808414424335,-5024.443608120833,-4860.248482206687,199.79590488595122,MISS,Trajectory,0.0
281.8,A2001,A0200,B0100,3580.3803068710727,-4824.688078547749,-5844.037298743643,199.95503738817882,MISS,Trajectory,0.0
281.8,A2002,A0200,B0100,3571.341006994724,-4816.5598783519345,-5800.313023753738,199.94567413755746,MISS,Trajectory,0.0
282.0,A1001,A0100,B0100,4072.2440190629345,-4992.286207487327,-4783.118977629151,199.9792575903768,MISS,Trajectory,0.0
282.0,A1002,A0100,B0100,4063.7808414424335,-5024.443608120833,-4860.248482206687,199.79590488595122,MISS,Trajectory,0.0
282.0,A2001,A0200,B0100,3580.3803068710727,-4824.688078547749,-5844.037298743643,199.95503738817882,MISS,Trajectory,0.0
282.0,A2002,A0200,B0100,3571.341006994724,-4816.5598783519345,-5800.313023753738,199.94567413755746,MISS,Trajectory,0.0
282.2,A1001,A0100,B0100,4072.2440190629345,-4992.286207487327,-4783.118977629151,199.9792575903768,MISS,Trajectory,0.0
282.2,A1002,A0100,B0100,4063.7808414424335,-5024.443608120833,-4860.248482206687,199.79590488595122,MISS,Trajectory,0.0
282.2,A2001,A0200,B0100,3580.3803068710727,-4824.688078547749,-5844.037298743643,199.95503738817882,MISS,Trajectory,0.0
282.2,A2002,A0200,B0100,3571.341006994724,-4816.5598783519345,-5800.313023753738,199.94567413755746,MISS,Trajectory,0.0
282.40000000000003,A1001,A0100,B0100,4072.2440190629345,-4992.286207487327,-4783.118977629151,199.9792575903768,MISS,Trajectory,0.0
282.40000000000003,A1002,A0100,B0100,4063.7808414424335,-5024.443608120833,-4860.248482206687,199.79590488595122,MISS,Trajectory,0.0
282.40000000000003,A2001,A0200,B0100,3580.3803068710727,-4824.688078547749,-5844.037298743643,199.95503738817882,MISS,Trajectory,0.0
282.40000000000003,A2002,A0200,B0100,3571.341006994724,-4816.5598783519345,-5800.313023753738,199.94567413755746,MISS,Trajectory,0.0
282.6,A1001,A0100,B0100,4072.2440190629345,-4992.286207487327,-4783.118977629151,199.9792575903768,MISS,Trajectory,0.0
282.6,A1002,A0100,B0100,4063.7808414424335,-5024.443608120833,-4860.248482206687,199.79590488595122,MISS,Trajectory,0.0
282.6,A2001,A0200,B0100,3580.3803068710727,-4824.688078547749,-5844.037298743643,199.95503738817882,MISS,Trajectory,0.0
282.6,A2002,A0200,B0100,3571.341006994724,-4816.5598783519345,-5800.313023753738,199.94567413755746,MISS,Trajectory,0.0
282.8,A1001,A0100,B0100,4072.2440190629345,-4992.286207487327,-4783.118977629151,199.9792575903768,MISS,Trajectory,0.0
282.8,A1002,A0100,B0100,4063.7808414424335,-5024.443608120833,-4860.248482206687,199.79590488595122,MISS,Trajectory,0.0
282.8,A2001,A0200,B0100,3580.3803068710727,-4824.688078547749,-5844.037298743643,199.95503738817882,MISS,Trajectory,0.0
282.8,A2002,A0200,B0100,3571.341006994724,-4816.5598783519345,-5800.313023753738,199.94567413755746,MISS,Trajectory,0.0
283.0,A1001,A0100,B0100,4072.2440190629345,-4992.286207487327,-4783.118977629151,199.9792575903768,MISS,Trajectory,0.0
283.0,A1002,A0100,B0100,4063.7808414424335,-5024.443608120833,-4860.248482206687,199.79590488595122,MISS,Trajectory,0.0
283.0,A2001,A0200,B0100,3580.3803068710727,-4824.688078547749,-5844.037298743643,199.95503738817882,MISS,Trajectory,0.0
283.0,A2002,A0200,B0100,3571.341006994724,-4816.5598783519345,-5800.313023753738,199.94567413755746,MISS,Trajectory,0.0
283.2,A1001,A0100,B0100,4072.2440190629345,-4992.286207487327,-4783.118977629151,199.9792575903768,MISS,Trajectory,0.0
283.2,A1002,A0100,B0100,4063.7808414424335,-5024.443608120833,-4860.248482206687,199.79590488595122,MISS,Trajectory,0.0
283.2,A2001,A0200,B0100,3580.3803068710727,-4824.688078547749,-5844.037298743643,199.95503738817882,MISS,Trajectory,0.0
283.2,A2002,A0200,B0100,3571.341006994724,-4816.5598783519345,-5800.313023753738,199.94567413755746,MISS,Trajectory,0.0
283.40000000000003,A1001,A0100,B0100,4072.2440190629345,-4992.286207487327,-4783.118977629151,199.9792575903768,MISS,Trajectory,0.0
283.40000000000003,A1002,A0100,B0100,4063.7808414424335,-5024.443608120833,-4860.248482206687,199.79590488595122,MISS,Trajectory,0.0
283.40000000000003,A2001,A0200,B0100,3580.3803068710727,-4824.688078547749,-5844.037298743643,199.95503738817882,MISS,Trajectory,0.0
283.40000000000003,A2002,A0200,B0100,3571.341006994724,-4816.5598783519345,-5800.313023753738,199.94567413755746,MISS,Trajectory,0.0
283.6,A1001,A0100,B0100,4072.2440190629345,-4992.286207487327,-4783.118977629151,199.9792575903768,MISS,Trajectory,0.0
283.6,A1002,A0100,B0100,4063.7808414424335,-5024.443608120833,-4860.248482206687,199.79590488595122,MISS,Trajectory,0.0
283.6,A2001,A0200,B0100,3580.3803068710727,-4824.688078547749,-5844.037298743643,199.95503738817882,MISS,Trajectory,0.0
283.6,A2002,A0200,B0100,3571.341006994724,-4816.5598783519345,-5800.313023753738,199.94567413755746,MISS,Trajectory,0.0
283.8,A1001,A0100,B0100,4072.2440190629345,-4992.286207487327,-4783.118977629151,199.9792575903768,MISS,Trajectory,0.0
283.8,A1002,A0100,B0100,4063.7808414424335,-5024.443608120833,-4860.248482206687,199.79590488595122,MISS,Trajectory,0.0
283.8,A2001,A0200,B0100,3580.3803068710727,-4824.688078547749,-5844.037298743643,199.95503738817882,MISS,Trajectory,0.0
283.8,A2002,A0200,B0100,3571.341006994724,-4816.5598783519345,-5800.313023753738,199.94567413755746,MISS,Trajectory,0.0
284.0,A1001,A0100,B0100,4072.2440190629345,-4992.286207487327,-4783.118977629151,199.9792575903768,MISS,Trajectory,0.0
284.0,A1002,A0100,B0100,4063.7808414424335,-5024.443608120833,-4860.248482206687,199.79590488595122,MISS,Trajectory,0.0
284.0,A2001,A0200,B0100,3580.3803068710727,-4824.688078547749,-5844.037298743643,199.95503738817882,MISS,Trajectory,0.0
284.0,A2002,A0200,B0100,3571.341006994724,-4816.5598783519345,-5800.313023753738,199.94567413755746,MISS,Trajectory,0.0
284.2,A1001,A0100,B0100,4072.2440190629345,-4992.286207487327,-4783.118977629151,199.9792575903768,MISS,Trajectory,0.0
284.2,A1002,A0100,B0100,4063.7808414424335,-5024.443608120833,-4860.248482206687,199.79590488595122,MISS,Trajectory,0.0
284.2,A2001,A0200,B0100,3580.3803068710727,-4824.688078547749,-5844.037298743643,199.95503738817882,MISS,Trajectory,0.0
284.2,A2002,A0200,B0100,3571.341006994724,-4816.5598783519345,-5800.313023753738,199.94567413755746,MISS,Trajectory,0.0
284.40000000000003,A1001,A0100,B0100,4072.2440190629345,-4992.286207487327,-4783.118977629151,199.9792575903768,MISS,Trajectory,0.0
284.40000000000003,A1002,A0100,B0100,4063.7808414424335,-5024.443608120833,-4860.248482206687,199.79590488595122,MISS,Trajectory,0.0
284.40000000000003,A2001,A0200,B0100,3580.3803068710727,-4824.688078547749,-5844.037298743643,199.95503738817882,MISS,Trajectory,0.0
284.40000000000003,A2002,A0200,B0100,3571.341006994724,-4816.5598783519345,-5800.313023753738,199.94567413755746,MISS,Trajectory,0.0
284.6,A1001,A0100,B0100,4072.2440190629345,-4992.286207487327,-4783.118977629151,199.9792575903768,MISS,Trajectory,0.0
284.6,A1002,A0100,B0100,4063.7808414424335,-5024.443608120833,-4860.248482206687,199.79590488595122,MISS,Trajectory,0.0
284.6,A2001,A0200,B0100,3580.3803068710727,-4824.688078547749,-5844.037298743643,199.95503738817882,MISS,Trajectory,0.0
284.6,A2002,A0200,B0100,3571.341006994724,-4816.5598783519345,-5800.313023753738,199.94567413755746,MISS,Trajectory,0.0
284.8,A1001,A0100,B0100,4072.2440190629345,-4992.286207487327,-4783.118977629151,199.9792575903768,MISS,Trajectory,0.0
284.8,A1002,A0100,B0100,4063.7808414424335,-5024.443608120833,-4860.248482206687,199.79590488595122,MISS,Trajectory,0.0
284.8,A2001,A0200,B0100,3580.3803068710727,-4824.688078547749,-5844.037298743643,199.95503738817882,MISS,Trajectory,0.0
284.8,A2002,A0200,B0100,3571.341006994724,-4816.5598783519345,-5800.313023753738,199.94567413755746,MISS,Trajectory,0.0
285.0,A1001,A0100,B0100,4072.2440190629345,-4992.286207487327,-4783.118977629151,199.9792575903768,MISS,Trajectory,0.0
285.0,A1002,A0100,B0100,4063.7808414424335,-5024.443608120833,-4860.248482206687,199.79590488595122,MISS,Trajectory,0.0
285.0,A2001,A0200,B0100,3580.3803068710727,-4824.688078547749,-5844.037298743643,199.95503738817882,MISS,Trajectory,0.0
285.0,A2002,A0200,B0100,3571.341006994724,-4816.5598783519345,-5800.313023753738,199.94567413755746,MISS,Trajectory,0.0
285.2,A1001,A0100,B0100,4072.2440190629345,-4992.286207487327,-4783.118977629151,199.9792575903768,MISS,Trajectory,0.0
285.2,A1002,A0100,B0100,4063.7808414424335,-5024.443608120833,-4860.248482206687,199.79590488595122,MISS,Trajectory,0.0
285.2,A2001,A0200,B0100,3580.3803068710727,-4824.688078547749,-5844.037298743643,199.95503738817882,MISS,Trajectory,0.0
285.2,A2002,A0200,B0100,3571.341006994724,-4816.5598783519345,-5800.313023753738,199.94567413755746,MISS,Trajectory,0.0
285.40000000000003,A1001,A0100,B0100,4072.2440190629345,-4992.286207487327,-4783.118977629151,199.9792575903768,MISS,Trajectory,0.0
285.40000000000003,A1002,A0100,B0100,4063.7808414424335,-5024.443608120833,-4860.248482206687,199.79590488595122,MISS,Trajectory,0.0
285.40000000000003,A2001,A0200,B0100,3580.3803068710727,-4824.688078547749,-5844.037298743643,199.95503738817882,MISS,Trajectory,0.0
285.40000000000003,A2002,A0200,B0100,3571.341006994724,-4816.5598783519345,-5800.313023753738,199.94567413755746,MISS,Trajectory,0.0
285.6,A1001,A0100,B0100,4072.2440190629345,-4992.286207487327,-4783.118977629151,199.9792575903768,MISS,Trajectory,0.0
285.6,A1002,A0100,B0100,4063.7808414424335,-5024.443608120833,-4860.248482206687,199.79590488595122,MISS,Trajectory,0.0
285.6,A2001,A0200,B0100,3580.3803068710727,-4824.688078547749,-5844.037298743643,199.95503738817882,MISS,Trajectory,0.0
285.6,A2002,A0200,B0100,3571.341006994724,-4816.5598783519345,-5800.313023753738,199.94567413755746,MISS,Trajectory,0.0
285.8,A1001,A0100,B0100,4072.2440190629345,-4992.286207487327,-4783.118977629151,199.9792575903768,MISS,Trajectory,0.0
285.8,A1002,A0100,B0100,4063.7808414424335,-5024.443608120833,-4860.248482206687,199.79590488595122,MISS,Trajectory,0.0
285.8,A2001,A0200,B0100,3580.3803068710727,-4824.688078547749,-5844.037298743643,199.95503738817882,MISS,Trajectory,0.0
285.8,A2002,A0200,B0100,3571.341006994724,-4816.5598783519345,-5800.313023753738,199.94567413755746,MISS,Trajectory,0.0
286.0,A1001,A0100,B0100,4072.2440190629345,-4992.286207487327,-4783.118977629151,199.9792575903768,MISS,Trajectory,0.0
286.0,A1002,A0100,B0100,4063.7808414424335,-5024.443608120833,-4860.248482206687,199.79590488595122,MISS,Trajectory,0.0
286.0,A2001,A0200,B0100,3580.3803068710727,-4824.688078547749,-5844.037298743643,199.95503738817882,MISS,Trajectory,0.0
286.0,A2002,A0200,B0100,3571.341006994724,-4816.5598783519345,-5800.313023753738,199.94567413755746,MISS,Trajectory,0.0
286.2,A1001,A0100,B0100,4072.2440190629345,-4992.286207487327,-4783.118977629151,199.9792575903768,MISS,Trajectory,0.0
286.2,A1002,A0100,B0100,4063.7808414424335,-5024.443608120833,-4860.248482206687,199.79590488595122,MISS,Trajectory,0.0
286.2,A2001,A0200,B0100,3580.3803068710727,-4824.688078547749,-5844.037298743643,199.95503738817882,MISS,Trajectory,0.0
286.2,A2002,A0200,B0100,3571.341006994724,-4816.5598783519345,-5800.313023753738,199.94567413755746,MISS,Trajectory,0.0
286.40000000000003,A1001,A0100,B0100,4072.2440190629345,-4992.286207487327,-4783.118977629151,199.9792575903768,MISS,Trajectory,0.0
286.40000000000003,A1002,A0100,B0100,4063.7808414424335,-5024.443608120833,-4860.248482206687,199.79590488595122,MISS,Trajectory,0.0
286.40000000000003,A2001,A0200,B0100,3580.3803068710727,-4824.688078547749,-5844.037298743643,199.95503738817882,MISS,Trajectory,0.0
286.40000000000003,A2002,A0200,B0100,3571.341006994724,-4816.5598783519345,-5800.313023753738,199.94567413755746,MISS,Trajectory,0.0
286.6,A1001,A0100,B0100,4072.2440190629345,-4992.286207487327,-4783.118977629151,199.9792575903768,MISS,Trajectory,0.0
286.6,A1002,A0100,B0100,4063.7808414424335,-5024.443608120833,-4860.248482206687,199.79590488595122,MISS,Trajectory,0.0
286.6,A2001,A0200,B0100,3580.3803068710727,-4824.688078547749,-5844.037298743643,199.95503738817882,MISS,Trajectory,0.0
286.6,A2002,A0200,B0100,3571.341006994724,-4816.5598783519345,-5800.313023753738,199.94567413755746,MISS,Trajectory,0.0
286.8,A1001,A0100,B0100,4072.2440190629345,-4992.286207487327,-4783.118977629151,199.9792575903768,MISS,Trajectory,0.0
286.8,A1002,A0100,B0100,4063.7808414424335,-5024.443608120833,-4860.248482206687,199.79590488595122,MISS,Trajectory,0.0
286.8,A2001,A0200,B0100,3580.3803068710727,-4824.688078547749,-5844.037298743643,199.95503738817882,MISS,Trajectory,0.0
286.8,A2002,A0200,B0100,3571.341006994724,-4816.5598783519345,-5800.313023753738,199.94567413755746,MISS,Trajectory,0.0
287.0,A1001,A0100,B0100,4072.2440190629345,-4992.286207487327,-4783.118977629151,199.9792575903768,MISS,Trajectory,0.0
287.0,A1002,A0100,B0100,4063.7808414424335,-5024.443608120833,-4860.248482206687,199.79590488595122,MISS,Trajectory,0.0
287.0,A2001,A0200,B0100,3580.3803068710727,-4824.688078547749,-5844.037298743643,199.95503738817882,MISS,Trajectory,0.0
287.0,A2002,A0200,B0100,3571.341006994724,-4816.5598783519345,-5800.313023753738,199.94567413755746,MISS,Trajectory,0.0
287.2,A1001,A0100,B0100,4072.2440190629345,-4992.286207487327,-4783.118977629151,199.9792575903768,MISS,Trajectory,0.0
287.2,A1002,A0100,B0100,4063.7808414424335,-5024.443608120833,-4860.248482206687,199.79590488595122,MISS,Trajectory,0.0
287.2,A2001,A0200,B0100,3580.3803068710727,-4824.688078547749,-5844.037298743643,199.95503738817882,MISS,Trajectory,0.0
287.2,A2002,A0200,B0100,3571.341006994724,-4816.5598783519345,-5800.313023753738,199.94567413755746,MISS,Trajectory,0.0
287.40000000000003,A1001,A0100,B0100,4072.2440190629345,-4992.286207487327,-4783.118977629151,199.9792575903768,MISS,Trajectory,0.0
287.40000000000003,A1002,A0100,B0100,4063.7808414424335,-5024.443608120833,-4860.248482206687,199.79590488595122,MISS,Trajectory,0.0
287.40000000000003,A2001,A0200,B0100,3580.3803068710727,-4824.688078547749,-5844.037298743643,199.95503738817882,MISS,Trajectory,0.0
287.40000000000003,A2002,A0200,B0100,3571.341006994724,-4816.5598783519345,-5800.313023753738,199.94567413755746,MISS,Trajectory,0.0
287.6,A1001,A0100,B0100,4072.2440190629345,-4992.286207487327,-4783.118977629151,199.9792575903768,MISS,Trajectory,0.0
287.6,A1002,A0100,B0100,4063.7808414424335,-5024.443608120833,-4860.248482206687,199.79590488595122,MISS,Trajectory,0.0
287.6,A2001,A0200,B0100,3580.3803068710727,-4824.688078547749,-5844.037298743643,199.95503738817882,MISS,Trajectory,0.0
287.6,A2002,A0200,B0100,3571.341006994724,-4816.5598783519345,-5800.313023753738,199.94567413755746,MISS,Trajectory,0.0
287.8,A1001,A0100,B0100,4072.2440190629345,-4992.286207487327,-4783.118977629151,199.9792575903768,MISS,Trajectory,0.0
287.8,A1002,A0100,B0100,4063.7808414424335,-5024.443608120833,-4860.248482206687,199.79590488595122,MISS,Trajectory,0.0
287.8,A2001,A0200,B0100,3580.3803068710727,-4824.688078547749,-5844.037298743643,199.95503738817882,MISS,Trajectory,0.0
287.8,A2002,A0200,B0100,3571.341006994724,-4816.5598783519345,-5800.313023753738,199.94567413755746,MISS,Trajectory,0.0
288.0,A1001,A0100,B0100,4072.2440190629345,-4992.286207487327,-4783.118977629151,199.9792575903768,MISS,Trajectory,0.0
288.0,A1002,A0100,B0100,4063.7808414424335,-5024.443608120833,-4860.248482206687,199.79590488595122,MISS,Trajectory,0.0
288.0,A2001,A0200,B0100,3580.3803068710727,-4824.688078547749,-5844.037298743643,199.95503738817882,MISS,Trajectory,0.0
288.0,A2002,A0200,B0100,3571.341006994724,-4816.5598783519345,-5800.313023753738,199.94567413755746,MISS,Trajectory,0.0
288.2,A1001,A0100,B0100,4072.2440190629345,-4992.286207487327,-4783.118977629151,199.9792575903768,MISS,Trajectory,0.0
288.2,A1002,A0100,B0100,4063.7808414424335,-5024.443608120833,-4860.248482206687,199.79590488595122,MISS,Trajectory,0.0
288.2,A2001,A0200,B0100,3580.3803068710727,-4824.688078547749,-5844.037298743643,199.95503738817882,MISS,Trajectory,0.0
288.2,A2002,A0200,B0100,3571.341006994724,-4816.5598783519345,-5800.313023753738,199.94567413755746,MISS,Trajectory,0.0
288.40000000000003,A1001,A0100,B0100,4072.2440190629345,-4992.286207487327,-4783.118977629151,199.9792575903768,MISS,Trajectory,0.0
288.40000000000003,A1002,A0100,B0100,4063.7808414424335,-5024.443608120833,-4860.248482206687,199.79590488595122,MISS,Trajectory,0.0
288.40000000000003,A2001,A0200,B0100,3580.3803068710727,-4824.688078547749,-5844.037298743643,199.95503738817882,MISS,Trajectory,0.0
288.40000000000003,A2002,A0200,B0100,3571.341006994724,-4816.5598783519345,-5800.313023753738,199.94567413755746,MISS,Trajectory,0.0
288.6,A1001,A0100,B0100,4072.2440190629345,-4992.286207487327,-4783.118977629151,199.9792575903768,MISS,Trajectory,0.0
288.6,A1002,A0100,B0100,4063.7808414424335,-5024.443608120833,-4860.248482206687,199.79590488595122,MISS,Trajectory,0.0
288.6,A2001,A0200,B0100,3580.3803068710727,-4824.688078547749,-5844.037298743643,199.95503738817882,MISS,Trajectory,0.0
288.6,A2002,A0200,B0100,3571.341006994724,-4816.5598783519345,-5800.313023753738,199.94567413755746,MISS,Trajectory,0.0
288.8,A1001,A0100,B0100,4072.2440190629345,-4992.286207487327,-4783.118977629151,199.9792575903768,MISS,Trajectory,0.0
288.8,A1002,A0100,B0100,4063.7808414424335,-5024.443608120833,-4860.248482206687,199.79590488595122,MISS,Trajectory,0.0
288.8,A2001,A0200,B0100,3580.3803068710727,-4824.688078547749,-5844.037298743643,199.95503738817882,MISS,Trajectory,0.0
288.8,A2002,A0200,B0100,3571.341006994724,-4816.5598783519345,-5800.313023753738,199.94567413755746,MISS,Trajectory,0.0
289.0,A1001,A0100,B0100,4072.2440190629345,-4992.286207487327,-4783.118977629151,199.9792575903768,MISS,Trajectory,0.0
289.0,A1002,A0100,B0100,4063.7808414424335,-5024.443608120833,-4860.248482206687,199.79590488595122,MISS,Trajectory,0.0
289.0,A2001,A0200,B0100,3580.3803068710727,-4824.688078547749,-5844.037298743643,199.95503738817882,MISS,Trajectory,0.0
289.0,A2002,A0200,B0100,3571.341006994724,-4816.5598783519345,-5800.313023753738,199.94567413755746,MISS,Trajectory,0.0
289.2,A1001,A0100,B0100,4072.2440190629345,-4992.286207487327,-4783.118977629151,199.9792575903768,MISS,Trajectory,0.0
289.2,A1002,A0100,B0100,4063.7808414424335,-5024.443608120833,-4860.248482206687,199.79590488595122,MISS,Trajectory,0.0
289.2,A2001,A0200,B0100,3580.3803068710727,-4824.688078547749,-5844.037298743643,199.95503738817882,MISS,Trajectory,0.0
289.2,A2002,A0200,B0100,3571.341006994724,-4816.5598783519345,-5800.313023753738,199.94567413755746,MISS,Trajectory,0.0
289.40000000000003,A1001,A0100,B0100,4072.2440190629345,-4992.286207487327,-4783.118977629151,199.9792575903768,MISS,Trajectory,0.0
289.40000000000003,A1002,A0100,B0100,4063.7808414424335,-5024.443608120833,-4860.248482206687,199.79590488595122,MISS,Trajectory,0.0
289.40000000000003,A2001,A0200,B0100,3580.3803068710727,-4824.688078547749,-5844.037298743643,199.95503738817882,MISS,Trajectory,0.0
289.40000000000003,A2002,A0200,B0100,3571.341006994724,-4816.5598783519345,-5800.313023753738,199.94567413755746,MISS,Trajectory,0.0
289.6,A1001,A0100,B0100,4072.2440190629345,-4992.286207487327,-4783.118977629151,199.9792575903768,MISS,Trajectory,0.0
289.6,A1002,A0100,B0100,4063.7808414424335,-5024.443608120833,-4860.248482206687,199.79590488595122,MISS,Trajectory,0.0
289.6,A2001,A0200,B0100,3580.3803068710727,-4824.688078547749,-5844.037298743643,199.95503738817882,MISS,Trajectory,0.0
289.6,A2002,A0200,B0100,3571.341006994724,-4816.5598783519345,-5800.313023753738,199.94567413755746,MISS,Trajectory,0.0
289.8,A1001,A0100,B0100,4072.2440190629345,-4992.286207487327,-4783.118977629151,199.9792575903768,MISS,Trajectory,0.0
289.8,A1002,A0100,B0100,4063.7808414424335,-5024.443608120833,-4860.248482206687,199.79590488595122,MISS,Trajectory,0.0
289.8,A2001,A0200,B0100,3580.3803068710727,-4824.688078547749,-5844.037298743643,199.95503738817882,MISS,Trajectory,0.0
289.8,A2002,A0200,B0100,3571.341006994724,-4816.5598783519345,-5800.313023753738,199.94567413755746,MISS,Trajectory,0.0
290.0,A1001,A0100,B0100,4072.2440190629345,-4992.286207487327,-4783.118977629151,199.9792575903768,MISS,Trajectory,0.0
290.0,A1002,A0100,B0100,4063.7808414424335,-5024.443608120833,-4860.248482206687,199.79590488595122,MISS,Trajectory,0.0
290.0,A2001,A0200,B0100,3580.3803068710727,-4824.688078547749,-5844.037298743643,199.95503738817882,MISS,Trajectory,0.0
290.0,A2002,A0200,B0100,3571.341006994724,-4816.5598783519345,-5800.313023753738,199.94567413755746,MISS,Trajectory,0.0
290.2,A1001,A0100,B0100,4072.2440190629345,-4992.286207487327,-4783.118977629151,199.9792575903768,MISS,Trajectory,0.0
290.2,A1002,A0100,B0100,4063.7808414424335,-5024.443608120833,-4860.248482206687,199.79590488595122,MISS,Trajectory,0.0
290.2,A2001,A0200,B0100,3580.3803068710727,-4824.688078547749,-5844.037298743643,199.95503738817882,MISS,Trajectory,0.0
290.2,A2002,A0200,B0100,3571.341006994724,-4816.5598783519345,-5800.313023753738,199.94567413755746,MISS,Trajectory,0.0
290.40000000000003,A1001,A0100,B0100,4072.2440190629345,-4992.286207487327,-4783.118977629151,199.9792575903768,MISS,Trajectory,0.0
290.40000000000003,A1002,A0100,B0100,4063.7808414424335,-5024.443608120833,-4860.248482206687,199.79590488595122,MISS,Trajectory,0.0
290.40000000000003,A2001,A0200,B0100,3580.3803068710727,-4824.688078547749,-5844.037298743643,199.95503738817882,MISS,Trajectory,0.0
290.40000000000003,A2002,A0200,B0100,3571.341006994724,-4816.5598783519345,-5800.313023753738,199.94567413755746,MISS,Trajectory,0.0
290.6,A1001,A0100,B0100,4072.2440190629345,-4992.286207487327,-4783.118977629151,199.9792575903768,MISS,Trajectory,0.0
290.6,A1002,A0100,B0100,4063.7808414424335,-5024.443608120833,-4860.248482206687,199.79590488595122,MISS,Trajectory,0.0
290.6,A2001,A0200,B0100,3580.3803068710727,-4824.688078547749,-5844.037298743643,199.95503738817882,MISS,Trajectory,0.0
290.6,A2002,A0200,B0100,3571.341006994724,-4816.5598783519345,-5800.313023753738,199.94567413755746,MISS,Trajectory,0.0
290.8,A1001,A0100,B0100,4072.2440190629345,-4992.286207487327,-4783.118977629151,199.9792575903768,MISS,Trajectory,0.0
290.8,A1002,A0100,B0100,4063.7808414424335,-5024.443608120833,-4860.248482206687,199.79590488595122,MISS,Trajectory,0.0
290.8,A2001,A0200,B0100,3580.3803068710727,-4824.688078547749,-5844.037298743643,199.95503738817882,MISS,Trajectory,0.0
290.8,A2002,A0200,B0100,3571.341006994724,-4816.5598783519345,-5800.313023753738,199.94567413755746,MISS,Trajectory,0.0
291.0,A1001,A0100,B0100,4072.2440190629345,-4992.286207487327,-4783.118977629151,199.9792575903768,MISS,Trajectory,0.0
291.0,A1002,A0100,B0100,4063.7808414424335,-5024.443608120833,-4860.248482206687,199.79590488595122,MISS,Trajectory,0.0
291.0,A2001,A0200,B0100,3580.3803068710727,-4824.688078547749,-5844.037298743643,199.95503738817882,MISS,Trajectory,0.0
291.0,A2002,A0200,B0100,3571.341006994724,-4816.5598783519345,-5800.313023753738,199.94567413755746,MISS,Trajectory,0.0
291.2,A1001,A0100,B0100,4072.2440190629345,-4992.286207487327,-4783.118977629151,199.9792575903768,MISS,Trajectory,0.0
291.2,A1002,A0100,B0100,4063.7808414424335,-5024.443608120833,-4860.248482206687,199.79590488595122,MISS,Trajectory,0.0
291.2,A2001,A0200,B0100,3580.3803068710727,-4824.688078547749,-5844.037298743643,199.95503738817882,MISS,Trajectory,0.0
291.2,A2002,A0200,B0100,3571.341006994724,-4816.5598783519345,-5800.313023753738,199.94567413755746,MISS,Trajectory,0.0
291.40000000000003,A1001,A0100,B0100,4072.2440190629345,-4992.286207487327,-4783.118977629151,199.9792575903768,MISS,Trajectory,0.0
291.40000000000003,A1002,A0100,B0100,4063.7808414424335,-5024.443608120833,-4860.248482206687,199.79590488595122,MISS,Trajectory,0.0
291.40000000000003,A2001,A0200,B0100,3580.3803068710727,-4824.688078547749,-5844.037298743643,199.95503738817882,MISS,Trajectory,0.0
291.40000000000003,A2002,A0200,B0100,3571.341006994724,-4816.5598783519345,-5800.313023753738,199.94567413755746,MISS,Trajectory,0.0
291.6,A1001,A0100,B0100,4072.2440190629345,-4992.286207487327,-4783.118977629151,199.9792575903768,MISS,Trajectory,0.0
291.6,A1002,A0100,B0100,4063.7808414424335,-5024.443608120833,-4860.248482206687,199.79590488595122,MISS,Trajectory,0.0
291.6,A2001,A0200,B0100,3580.3803068710727,-4824.688078547749,-5844.037298743643,199.95503738817882,MISS,Trajectory,0.0
291.6,A2002,A0200,B0100,3571.341006994724,-4816.5598783519345,-5800.313023753738,199.94567413755746,MISS,Trajectory,0.0
291.8,A1001,A0100,B0100,4072.2440190629345,-4992.286207487327,-4783.118977629151,199.9792575903768,MISS,Trajectory,0.0
291.8,A1002,A0100,B0100,4063.7808414424335,-5024.443608120833,-4860.248482206687,199.79590488595122,MISS,Trajectory,0.0
291.8,A2001,A0200,B0100,3580.3803068710727,-4824.688078547749,-5844.037298743643,199.95503738817882,MISS,Trajectory,0.0
291.8,A2002,A0200,B0100,3571.341006994724,-4816.5598783519345,-5800.313023753738,199.94567413755746,MISS,Trajectory,0.0
292.0,A1001,A0100,B0100,4072.2440190629345,-4992.286207487327,-4783.118977629151,199.9792575903768,MISS,Trajectory,0.0
292.0,A1002,A0100,B0100,4063.7808414424335,-5024.443608120833,-4860.248482206687,199.79590488595122,MISS,Trajectory,0.0
292.0,A2001,A0200,B0100,3580.3803068710727,-4824.688078547749,-5844.037298743643,199.95503738817882,MISS,Trajectory,0.0
292.0,A2002,A0200,B0100,3571.341006994724,-4816.5598783519345,-5800.313023753738,199.94567413755746,MISS,Trajectory,0.0
292.2,A1001,A0100,B0100,4072.2440190629345,-4992.286207487327,-4783.118977629151,199.9792575903768,MISS,Trajectory,0.0
292.2,A1002,A0100,B0100,4063.7808414424335,-5024.443608120833,-4860.248482206687,199.79590488595122,MISS,Trajectory,0.0
292.2,A2001,A0200,B0100,3580.3803068710727,-4824.688078547749,-5844.037298743643,199.95503738817882,MISS,Trajectory,0.0
292.2,A2002,A0200,B0100,3571.341006994724,-4816.5598783519345,-5800.313023753738,199.94567413755746,MISS,Trajectory,0.0
292.40000000000003,A1001,A0100,B0100,4072.2440190629345,-4992.286207487327,-4783.118977629151,199.9792575903768,MISS,Trajectory,0.0
292.40000000000003,A1002,A0100,B0100,4063.7808414424335,-5024.443608120833,-4860.248482206687,199.79590488595122,MISS,Trajectory,0.0
292.40000000000003,A2001,A0200,B0100,3580.3803068710727,-4824.688078547749,-5844.037298743643,199.95503738817882,MISS,Trajectory,0.0
292.40000000000003,A2002,A0200,B0100,3571.341006994724,-4816.5598783519345,-5800.313023753738,199.94567413755746,MISS,Trajectory,0.0
292.6,A1001,A0100,B0100,4072.2440190629345,-4992.286207487327,-4783.118977629151,199.9792575903768,MISS,Trajectory,0.0
292.6,A1002,A0100,B0100,4063.7808414424335,-5024.443608120833,-4860.248482206687,199.79590488595122,MISS,Trajectory,0.0
292.6,A2001,A0200,B0100,3580.3803068710727,-4824.688078547749,-5844.037298743643,199.95503738817882,MISS,Trajectory,0.0
292.6,A2002,A0200,B0100,3571.341006994724,-4816.5598783519345,-5800.313023753738,199.94567413755746,MISS,Trajectory,0.0
292.8,A1001,A0100,B0100,4072.2440190629345,-4992.286207487327,-4783.118977629151,199.9792575903768,MISS,Trajectory,0.0
292.8,A1002,A0100,B0100,4063.7808414424335,-5024.443608120833,-4860.248482206687,199.79590488595122,MISS,Trajectory,0.0
292.8,A2001,A0200,B0100,3580.3803068710727,-4824.688078547749,-5844.037298743643,199.95503738817882,MISS,Trajectory,0.0
292.8,A2002,A0200,B0100,3571.341006994724,-4816.5598783519345,-5800.313023753738,199.94567413755746,MISS,Trajectory,0.0
293.0,A1001,A0100,B0100,4072.2440190629345,-4992.286207487327,-4783.118977629151,199.9792575903768,MISS,Trajectory,0.0
293.0,A1002,A0100,B0100,4063.7808414424335,-5024.443608120833,-4860.248482206687,199.79590488595122,MISS,Trajectory,0.0
293.0,A2001,A0200,B0100,3580.3803068710727,-4824.688078547749,-5844.037298743643,199.95503738817882,MISS,Trajectory,0.0
293.0,A2002,A0200,B0100,3571.341006994724,-4816.5598783519345,-5800.313023753738,199.94567413755746,MISS,Trajectory,0.0
293.2,A1001,A0100,B0100,4072.2440190629345,-4992.286207487327,-4783.118977629151,199.9792575903768,MISS,Trajectory,0.0
293.2,A1002,A0100,B0100,4063.7808414424335,-5024.443608120833,-4860.248482206687,199.79590488595122,MISS,Trajectory,0.0
293.2,A2001,A0200,B0100,3580.3803068710727,-4824.688078547749,-5844.037298743643,199.95503738817882,MISS,Trajectory,0.0
293.2,A2002,A0200,B0100,3571.341006994724,-4816.5598783519345,-5800.313023753738,199.94567413755746,MISS,Trajectory,0.0
293.40000000000003,A1001,A0100,B0100,4072.2440190629345,-4992.286207487327,-4783.118977629151,199.9792575903768,MISS,Trajectory,0.0
293.40000000000003,A1002,A0100,B0100,4063.7808414424335,-5024.443608120833,-4860.248482206687,199.79590488595122,MISS,Trajectory,0.0
293.40000000000003,A2001,A0200,B0100,3580.3803068710727,-4824.688078547749,-5844.037298743643,199.95503738817882,MISS,Trajectory,0.0
293.40000000000003,A2002,A0200,B0100,3571.341006994724,-4816.5598783519345,-5800.313023753738,199.94567413755746,MISS,Trajectory,0.0
293.6,A1001,A0100,B0100,4072.2440190629345,-4992.286207487327,-4783.118977629151,199.9792575903768,MISS,Trajectory,0.0
293.6,A1002,A0100,B0100,4063.7808414424335,-5024.443608120833,-4860.248482206687,199.79590488595122,MISS,Trajectory,0.0
293.6,A2001,A0200,B0100,3580.3803068710727,-4824.688078547749,-5844.037298743643,199.95503738817882,MISS,Trajectory,0.0
293.6,A2002,A0200,B0100,3571.341006994724,-4816.5598783519345,-5800.313023753738,199.94567413755746,MISS,Trajectory,0.0
293.8,A1001,A0100,B0100,4072.2440190629345,-4992.286207487327,-4783.118977629151,199.9792575903768,MISS,Trajectory,0.0
293.8,A1002,A0100,B0100,4063.7808414424335,-5024.443608120833,-4860.248482206687,199.79590488595122,MISS,Trajectory,0.0
293.8,A2001,A0200,B0100,3580.3803068710727,-4824.688078547749,-5844.037298743643,199.95503738817882,MISS,Trajectory,0.0
293.8,A2002,A0200,B0100,3571.341006994724,-4816.5598783519345,-5800.313023753738,199.94567413755746,MISS,Trajectory,0.0
294.0,A1001,A0100,B0100,4072.2440190629345,-4992.286207487327,-4783.118977629151,199.9792575903768,MISS,Trajectory,0.0
294.0,A1002,A0100,B0100,4063.7808414424335,-5024.443608120833,-4860.248482206687,199.79590488595122,MISS,Trajectory,0.0
294.0,A2001,A0200,B0100,3580.3803068710727,-4824.688078547749,-5844.037298743643,199.95503738817882,MISS,Trajectory,0.0
294.0,A2002,A0200,B0100,3571.341006994724,-4816.5598783519345,-5800.313023753738,199.94567413755746,MISS,Trajectory,0.0
294.2,A1001,A0100,B0100,4072.2440190629345,-4992.286207487327,-4783.118977629151,199.9792575903768,MISS,Trajectory,0.0
294.2,A1002,A0100,B0100,4063.7808414424335,-5024.443608120833,-4860.248482206687,199.79590488595122,MISS,Trajectory,0.0
294.2,A2001,A0200,B0100,3580.3803068710727,-4824.688078547749,-5844.037298743643,199.95503738817882,MISS,Trajectory,0.0
294.2,A2002,A0200,B0100,3571.341006994724,-4816.5598783519345,-5800.313023753738,199.94567413755746,MISS,Trajectory,0.0
294.40000000000003,A1001,A0100,B0100,4072.2440190629345,-4992.286207487327,-4783.118977629151,199.9792575903768,MISS,Trajectory,0.0
294.40000000000003,A1002,A0100,B0100,4063.7808414424335,-5024.443608120833,-4860.248482206687,199.79590488595122,MISS,Trajectory,0.0
294.40000000000003,A2001,A0200,B0100,3580.3803068710727,-4824.688078547749,-5844.037298743643,199.95503738817882,MISS,Trajectory,0.0
294.40000000000003,A2002,A0200,B0100,3571.341006994724,-4816.5598783519345,-5800.313023753738,199.94567413755746,MISS,Trajectory,0.0
294.6,A1001,A0100,B0100,4072.2440190629345,-4992.286207487327,-4783.118977629151,199.9792575903768,MISS,Trajectory,0.0
294.6,A1002,A0100,B0100,4063.7808414424335,-5024.443608120833,-4860.248482206687,199.79590488595122,MISS,Trajectory,0.0
294.6,A2001,A0200,B0100,3580.3803068710727,-4824.688078547749,-5844.037298743643,199.95503738817882,MISS,Trajectory,0.0
294.6,A2002,A0200,B0100,3571.341006994724,-4816.5598783519345,-5800.313023753738,199.94567413755746,MISS,Trajectory,0.0
294.8,A1001,A0100,B0100,4072.2440190629345,-4992.286207487327,-4783.118977629151,199.9792575903768,MISS,Trajectory,0.0
294.8,A1002,A0100,B0100,4063.7808414424335,-5024.443608120833,-4860.248482206687,199.79590488595122,MISS,Trajectory,0.0
294.8,A2001,A0200,B0100,3580.3803068710727,-4824.688078547749,-5844.037298743643,199.95503738817882,MISS,Trajectory,0.0
294.8,A2002,A0200,B0100,3571.341006994724,-4816.5598783519345,-5800.313023753738,199.94567413755746,MISS,Trajectory,0.0
295.0,A1001,A0100,B0100,4072.2440190629345,-4992.286207487327,-4783.118977629151,199.9792575903768,MISS,Trajectory,0.0
295.0,A1002,A0100,B0100,4063.7808414424335,-5024.443608120833,-4860.248482206687,199.79590488595122,MISS,Trajectory,0.0
295.0,A2001,A0200,B0100,3580.3803068710727,-4824.688078547749,-5844.037298743643,199.95503738817882,MISS,Trajectory,0.0
295.0,A2002,A0200,B0100,3571.341006994724,-4816.5598783519345,-5800.313023753738,199.94567413755746,MISS,Trajectory,0.0
295.2,A1001,A0100,B0100,4072.2440190629345,-4992.286207487327,-4783.118977629151,199.9792575903768,MISS,Trajectory,0.0
295.2,A1002,A0100,B0100,4063.7808414424335,-5024.443608120833,-4860.248482206687,199.79590488595122,MISS,Trajectory,0.0
295.2,A2001,A0200,B0100,3580.3803068710727,-4824.688078547749,-5844.037298743643,199.95503738817882,MISS,Trajectory,0.0
295.2,A2002,A0200,B0100,3571.341006994724,-4816.5598783519345,-5800.313023753738,199.94567413755746,MISS,Trajectory,0.0
295.40000000000003,A1001,A0100,B0100,4072.2440190629345,-4992.286207487327,-4783.118977629151,199.9792575903768,MISS,Trajectory,0.0
295.40000000000003,A1002,A0100,B0100,4063.7808414424335,-5024.443608120833,-4860.248482206687,199.79590488595122,MISS,Trajectory,0.0
295.40000000000003,A2001,A0200,B0100,3580.3803068710727,-4824.688078547749,-5844.037298743643,199.95503738817882,MISS,Trajectory,0.0
295.40000000000003,A2002,A0200,B0100,3571.341006994724,-4816.5598783519345,-5800.313023753738,199.94567413755746,MISS,Trajectory,0.0
295.6,A1001,A0100,B0100,4072.2440190629345,-4992.286207487327,-4783.118977629151,199.9792575903768,MISS,Trajectory,0.0
295.6,A1002,A0100,B0100,4063.7808414424335,-5024.443608120833,-4860.248482206687,199.79590488595122,MISS,Trajectory,0.0
295.6,A2001,A0200,B0100,3580.3803068710727,-4824.688078547749,-5844.037298743643,199.95503738817882,MISS,Trajectory,0.0
295.6,A2002,A0200,B0100,3571.341006994724,-4816.5598783519345,-5800.313023753738,199.94567413755746,MISS,Trajectory,0.0
295.8,A1001,A0100,B0100,4072.2440190629345,-4992.286207487327,-4783.118977629151,199.9792575903768,MISS,Trajectory,0.0
295.8,A1002,A0100,B0100,4063.7808414424335,-5024.443608120833,-4860.248482206687,199.79590488595122,MISS,Trajectory,0.0
295.8,A2001,A0200,B0100,3580.3803068710727,-4824.688078547749,-5844.037298743643,199.95503738817882,MISS,Trajectory,0.0
295.8,A2002,A0200,B0100,3571.341006994724,-4816.5598783519345,-5800.313023753738,199.94567413755746,MISS,Trajectory,0.0
296.0,A1001,A0100,B0100,4072.2440190629345,-4992.286207487327,-4783.118977629151,199.9792575903768,MISS,Trajectory,0.0
296.0,A1002,A0100,B0100,4063.7808414424335,-5024.443608120833,-4860.248482206687,199.79590488595122,MISS,Trajectory,0.0
296.0,A2001,A0200,B0100,3580.3803068710727,-4824.688078547749,-5844.037298743643,199.95503738817882,MISS,Trajectory,0.0
296.0,A2002,A0200,B0100,3571.341006994724,-4816.5598783519345,-5800.313023753738,199.94567413755746,MISS,Trajectory,0.0
296.2,A1001,A0100,B0100,4072.2440190629345,-4992.286207487327,-4783.118977629151,199.9792575903768,MISS,Trajectory,0.0
296.2,A1002,A0100,B0100,4063.7808414424335,-5024.443608120833,-4860.248482206687,199.79590488595122,MISS,Trajectory,0.0
296.2,A2001,A0200,B0100,3580.3803068710727,-4824.688078547749,-5844.037298743643,199.95503738817882,MISS,Trajectory,0.0
296.2,A2002,A0200,B0100,3571.341006994724,-4816.5598783519345,-5800.313023753738,199.94567413755746,MISS,Trajectory,0.0
296.40000000000003,A1001,A0100,B0100,4072.2440190629345,-4992.286207487327,-4783.118977629151,199.9792575903768,MISS,Trajectory,0.0
296.40000000000003,A1002,A0100,B0100,4063.7808414424335,-5024.443608120833,-4860.248482206687,199.79590488595122,MISS,Trajectory,0.0
296.40000000000003,A2001,A0200,B0100,3580.3803068710727,-4824.688078547749,-5844.037298743643,199.95503738817882,MISS,Trajectory,0.0
296.40000000000003,A2002,A0200,B0100,3571.341006994724,-4816.5598783519345,-5800.313023753738,199.94567413755746,MISS,Trajectory,0.0
296.6,A1001,A0100,B0100,4072.2440190629345,-4992.286207487327,-4783.118977629151,199.9792575903768,MISS,Trajectory,0.0
296.6,A1002,A0100,B0100,4063.7808414424335,-5024.443608120833,-4860.248482206687,199.79590488595122,MISS,Trajectory,0.0
296.6,A2001,A0200,B0100,3580.3803068710727,-4824.688078547749,-5844.037298743643,199.95503738817882,MISS,Trajectory,0.0
296.6,A2002,A0200,B0100,3571.341006994724,-4816.5598783519345,-5800.313023753738,199.94567413755746,MISS,Trajectory,0.0
296.8,A1001,A0100,B0100,4072.2440190629345,-4992.286207487327,-4783.118977629151,199.9792575903768,MISS,Trajectory,0.0
296.8,A1002,A0100,B0100,4063.7808414424335,-5024.443608120833,-4860.248482206687,199.79590488595122,MISS,Trajectory,0.0
296.8,A2001,A0200,B0100,3580.3803068710727,-4824.688078547749,-5844.037298743643,199.95503738817882,MISS,Trajectory,0.0
296.8,A2002,A0200,B0100,3571.341006994724,-4816.5598783519345,-5800.313023753738,199.94567413755746,MISS,Trajectory,0.0
297.0,A1001,A0100,B0100,4072.2440190629345,-4992.286207487327,-4783.118977629151,199.9792575903768,MISS,Trajectory,0.0
297.0,A1002,A0100,B0100,4063.7808414424335,-5024.443608120833,-4860.248482206687,199.79590488595122,MISS,Trajectory,0.0
297.0,A2001,A0200,B0100,3580.3803068710727,-4824.688078547749,-5844.037298743643,199.95503738817882,MISS,Trajectory,0.0
297.0,A2002,A0200,B0100,3571.341006994724,-4816.5598783519345,-5800.313023753738,199.94567413755746,MISS,Trajectory,0.0
297.2,A1001,A0100,B0100,4072.2440190629345,-4992.286207487327,-4783.118977629151,199.9792575903768,MISS,Trajectory,0.0
297.2,A1002,A0100,B0100,4063.7808414424335,-5024.443608120833,-4860.248482206687,199.79590488595122,MISS,Trajectory,0.0
297.2,A2001,A0200,B0100,3580.3803068710727,-4824.688078547749,-5844.037298743643,199.95503738817882,MISS,Trajectory,0.0
297.2,A2002,A0200,B0100,3571.341006994724,-4816.5598783519345,-5800.313023753738,199.94567413755746,MISS,Trajectory,0.0
297.40000000000003,A1001,A0100,B0100,4072.2440190629345,-4992.286207487327,-4783.118977629151,199.9792575903768,MISS,Trajectory,0.0
297.40000000000003,A1002,A0100,B0100,4063.7808414424335,-5024.443608120833,-4860.248482206687,199.79590488595122,MISS,Trajectory,0.0
297.40000000000003,A2001,A0200,B0100,3580.3803068710727,-4824.688078547749,-5844.037298743643,199.95503738817882,MISS,Trajectory,0.0
297.40000000000003,A2002,A0200,B0100,3571.341006994724,-4816.5598783519345,-5800.313023753738,199.94567413755746,MISS,Trajectory,0.0
297.6,A1001,A0100,B0100,4072.2440190629345,-4992.286207487327,-4783.118977629151,199.9792575903768,MISS,Trajectory,0.0
297.6,A1002,A0100,B0100,4063.7808414424335,-5024.443608120833,-4860.248482206687,199.79590488595122,MISS,Trajectory,0.0
297.6,A2001,A0200,B0100,3580.3803068710727,-4824.688078547749,-5844.037298743643,199.95503738817882,MISS,Trajectory,0.0
297.6,A2002,A0200,B0100,3571.341006994724,-4816.5598783519345,-5800.313023753738,199.94567413755746,MISS,Trajectory,0.0
297.8,A1001,A0100,B0100,4072.2440190629345,-4992.286207487327,-4783.118977629151,199.9792575903768,MISS,Trajectory,0.0
297.8,A1002,A0100,B0100,4063.7808414424335,-5024.443608120833,-4860.248482206687,199.79590488595122,MISS,Trajectory,0.0
297.8,A2001,A0200,B0100,3580.3803068710727,-4824.688078547749,-5844.037298743643,199.95503738817882,MISS,Trajectory,0.0
297.8,A2002,A0200,B0100,3571.341006994724,-4816.5598783519345,-5800.313023753738,199.94567413755746,MISS,Trajectory,0.0
298.0,A1001,A0100,B0100,4072.2440190629345,-4992.286207487327,-4783.118977629151,199.9792575903768,MISS,Trajectory,0.0
298.0,A1002,A0100,B0100,4063.7808414424335,-5024.443608120833,-4860.248482206687,199.79590488595122,MISS,Trajectory,0.0
298.0,A2001,A0200,B0100,3580.3803068710727,-4824.688078547749,-5844.037298743643,199.95503738817882,MISS,Trajectory,0.0
298.0,A2002,A0200,B0100,3571.341006994724,-4816.5598783519345,-5800.313023753738,199.94567413755746,MISS,Trajectory,0.0
298.2,A1001,A0100,B0100,4072.2440190629345,-4992.286207487327,-4783.118977629151,199.9792575903768,MISS,Trajectory,0.0
298.2,A1002,A0100,B0100,4063.7808414424335,-5024.443608120833,-4860.248482206687,199.79590488595122,MISS,Trajectory,0.0
298.2,A2001,A0200,B0100,3580.3803068710727,-4824.688078547749,-5844.037298743643,199.95503738817882,MISS,Trajectory,0.0
298.2,A2002,A0200,B0100,3571.341006994724,-4816.5598783519345,-5800.313023753738,199.94567413755746,MISS,Trajectory,0.0
298.40000000000003,A1001,A0100,B0100,4072.2440190629345,-4992.286207487327,-4783.118977629151,199.9792575903768,MISS,Trajectory,0.0
298.40000000000003,A1002,A0100,B0100,4063.7808414424335,-5024.443608120833,-4860.248482206687,199.79590488595122,MISS,Trajectory,0.0
298.40000000000003,A2001,A0200,B0100,3580.3803068710727,-4824.688078547749,-5844.037298743643,199.95503738817882,MISS,Trajectory,0.0
298.40000000000003,A2002,A0200,B0100,3571.341006994724,-4816.5598783519345,-5800.313023753738,199.94567413755746,MISS,Trajectory,0.0
298.6,A1001,A0100,B0100,4072.2440190629345,-4992.286207487327,-4783.118977629151,199.9792575903768,MISS,Trajectory,0.0
298.6,A1002,A0100,B0100,4063.7808414424335,-5024.443608120833,-4860.248482206687,199.79590488595122,MISS,Trajectory,0.0
298.6,A2001,A0200,B0100,3580.3803068710727,-4824.688078547749,-5844.037298743643,199.95503738817882,MISS,Trajectory,0.0
298.6,A2002,A0200,B0100,3571.341006994724,-4816.5598783519345,-5800.313023753738,199.94567413755746,MISS,Trajectory,0.0
298.8,A1001,A0100,B0100,4072.2440190629345,-4992.286207487327,-4783.118977629151,199.9792575903768,MISS,Trajectory,0.0
298.8,A1002,A0100,B0100,4063.7808414424335,-5024.443608120833,-4860.248482206687,199.79590488595122,MISS,Trajectory,0.0
298.8,A2001,A0200,B0100,3580.3803068710727,-4824.688078547749,-5844.037298743643,199.95503738817882,MISS,Trajectory,0.0
298.8,A2002,A0200,B0100,3571.341006994724,-4816.5598783519345,-5800.313023753738,199.94567413755746,MISS,Trajectory,0.0
299.0,A1001,A0100,B0100,4072.2440190629345,-4992.286207487327,-4783.118977629151,199.9792575903768,MISS,Trajectory,0.0
299.0,A1002,A0100,B0100,4063.7808414424335,-5024.443608120833,-4860.248482206687,199.79590488595122,MISS,Trajectory,0.0
299.0,A2001,A0200,B0100,3580.3803068710727,-4824.688078547749,-5844.037298743643,199.95503738817882,MISS,Trajectory,0.0
299.0,A2002,A0200,B0100,3571.341006994724,-4816.5598783519345,-5800.313023753738,199.94567413755746,MISS,Trajectory,0.0
299.2,A1001,A0100,B0100,4072.2440190629345,-4992.286207487327,-4783.118977629151,199.9792575903768,MISS,Trajectory,0.0
299.2,A1002,A0100,B0100,4063.7808414424335,-5024.443608120833,-4860.248482206687,199.79590488595122,MISS,Trajectory,0.0
299.2,A2001,A0200,B0100,3580.3803068710727,-4824.688078547749,-5844.037298743643,199.95503738817882,MISS,Trajectory,0.0
299.2,A2002,A0200,B0100,3571.341006994724,-4816.5598783519345,-5800.313023753738,199.94567413755746,MISS,Trajectory,0.0
299.40000000000003,A1001,A0100,B0100,4072.2440190629345,-4992.286207487327,-4783.118977629151,199.9792575903768,MISS,Trajectory,0.0
299.40000000000003,A1002,A0100,B0100,4063.7808414424335,-5024.443608120833,-4860.248482206687,199.79590488595122,MISS,Trajectory,0.0
299.40000000000003,A2001,A0200,B0100,3580.3803068710727,-4824.688078547749,-5844.037298743643,199.95503738817882,MISS,Trajectory,0.0
299.40000000000003,A2002,A0200,B0100,3571.341006994724,-4816.5598783519345,-5800.313023753738,199.94567413755746,MISS,Trajectory,0.0
299.6,A1001,A0100,B0100,4072.2440190629345,-4992.286207487327,-4783.118977629151,199.9792575903768,MISS,Trajectory,0.0
299.6,A1002,A0100,B0100,4063.7808414424335,-5024.443608120833,-4860.248482206687,199.79590488595122,MISS,Trajectory,0.0
299.6,A2001,A0200,B0100,3580.3803068710727,-4824.688078547749,-5844.037298743643,199.95503738817882,MISS,Trajectory,0.0
299.6,A2002,A0200,B0100,3571.341006994724,-4816.5598783519345,-5800.313023753738,199.94567413755746,MISS,Trajectory,0.0
299.8,A1001,A0100,B0100,4072.2440190629345,-4992.286207487327,-4783.118977629151,199.9792575903768,MISS,Trajectory,0.0
299.8,A1002,A0100,B0100,4063.7808414424335,-5024.443608120833,-4860.248482206687,199.79590488595122,MISS,Trajectory,0.0
299.8,A2001,A0200,B0100,3580.3803068710727,-4824.688078547749,-5844.037298743643,199.95503738817882,MISS,Trajectory,0.0
299.8,A2002,A0200,B0100,3571.341006994724,-4816.5598783519345,-5800.313023753738,199.94567413755746,MISS,Trajectory,0.0
300.0,A1001,A0100,B0100,4072.2440190629345,-4992.286207487327,-4783.118977629151,199.9792575903768,MISS,Trajectory,0.0
300.0,A1002,A0100,B0100,4063.7808414424335,-5024.443608120833,-4860.248482206687,199.79590488595122,MISS,Trajectory,0.0
300.0,A2001,A0200,B0100,3580.3803068710727,-4824.688078547749,-5844.037298743643,199.95503738817882,MISS,Trajectory,0.0
300.0,A2002,A0200,B0100,3571.341006994724,-4816.5598783519345,-5800.313023753738,199.94567413755746,MISS,Trajectory,0.0
